id,sku,name,slug,collection,short_description,description,dimensions,specs,price,msrp,sale_price,category_id,is_active,available_online,created_at,updated_at
4105,SPL33112,Riser Set Only,12-riser-set-only-in-pool-series-homecrest,Series,"12"" Riser Set Only — Homecrest In-Pool Series collection.","12"" Riser Set Only — Homecrest In-Pool Series collection.

<p>All In-Pool products are available in a variety of colors and are suitable for use in both chlorinated and saltwater pools, as well as on all pool materials like concrete, vinyl liners, and gunite. They can be easily removed from the pool to be used on the pool deck. Each product has a recommended maximum water depth for best performance. • Maximum water depth of 17"" • Average thickness of material to be .20” or greater • Waterproof, rustproof, and 100% recyclable • Suitable for both indoor and year-round outdoor use • Products tested to support up to 750 lbs • Fully compounded color (not dry blended) with UV light stabilizer to increase longevity of color retention in direct sunlight applications Available in Desert Sandstone*, Gray Granite*, Light Blue*, River Rock*, Surf Blue*, White*, White Granite, and Yellow* color options. *This color incurs a longer lead time of six weeks.</p>",,{'Material': 'Polyethylene'},,,,43,True,True,2026-06-01 06:36:56.899275+00:00,2026-06-08 21:38:24.165000+00:00
4082,361235,End Table,12-x-35-end-table-infiniti-homecrest,Infiniti,"12"" x 35"" End Table — Homecrest Infiniti collection.","12"" x 35"" End Table — Homecrest Infiniti collection.

<p>Infiniti is designed for ease of use in any space: at work or at play. Its flowing silhouette maximizes the surface area of our premium sling fabric while still maintaining sleek visuals. In addition, because of our double layer sling technology, Infiniti provides an exceptionally comfortable sit without any of the maintenance that is required by traditional cushions. This beautiful collection is sure to transform any outdoor space to become more attractive and inviting. Paired with its intelligently designed side, coffee, and corner table companion pieces, our armless Infiniti chat chairs are ideal for energizing homeowners’ existing outdoor setups, as well as otherwise standard waiting rooms.</p>","12"" W x 35"" L x 21"" H",{'Material': 'All-Weather Poly | Aluminum'},,,,43,True,True,2026-06-01 06:36:53.742815+00:00,2026-06-08 21:38:23.993000+00:00
4100,SPLSIDETABLE,Side Table,15-5-side-table-in-pool-series-homecrest,Series,"15.5"" Side Table — Homecrest In-Pool Series collection.","15.5"" Side Table — Homecrest In-Pool Series collection.

<p>Adaptive and stylish, our In-Pool Series side table brings modern flexibility to your outdoor living space. Designed with ingenuity and practicality in mind, this sturdy, multifunctional side table doubles as a trendy seat or ottoman when you need extra seating for your gathering. This side table works in up to 10” of water without additional weight, or add optional coated diving weights to increase that depth to 15”. Available in Desert Sandstone*, Gray Granite*, Light Blue*, River Rock*, Surf Blue*, White*, White Granite, and Yellow* color options. *This color incurs a longer lead time of six weeks.</p>",,{'Material': 'Polyethylene'},,,,43,True,True,2026-06-01 06:36:56.248592+00:00,2026-06-08 21:38:24.056000+00:00
4249,262348,Balcony Bench,15-5-x-48-balcony-bench-eden-homecrest,Eden,"15.5"" x 48"" Balcony Bench — Homecrest Eden collection.","15.5"" x 48"" Balcony Bench — Homecrest Eden collection.

<p>Eden's warmly functional design is sparked by Swedish simplicity, clean lines, and flawless craftsmanship. Constructed with HDPE materials, Eden is a slatted, teak-inspired top with an aluminum base that is available in all of Homecrest's textured powder-coated finishes. Available in dining, balcony, and bar heights, the modern appearance of the Eden collection bears the essence of cool sophistication and the welcoming warmth of comfort you expect from your Homecrest outdoor furniture. Eden gives discerning homeowners and designers a lot of creative control with its DuoTone style, meaning they can mix and match seat top colors to complement or contrast the frame finishes on the legs.</p>","15.5"" W x 48"" L x 23"" H","{'Notes': 'no hole', 'Material': 'All-Weather Poly | Aluminum'}",,,,52,True,True,2026-06-01 06:37:20.686162+00:00,2026-06-23 18:14:57.428150+00:00
4250,262948,Bar Bench/Sofa Table,15-5-x-48-bar-bench-sofa-table-eden-homecrest,Eden,"15.5"" x 48"" Bar Bench/Sofa Table — Homecrest Eden collection.","15.5"" x 48"" Bar Bench/Sofa Table — Homecrest Eden collection.

<p>Eden's warmly functional design is sparked by Swedish simplicity, clean lines, and flawless craftsmanship. Constructed with HDPE materials, Eden is a slatted, teak-inspired top with an aluminum base that is available in all of Homecrest's textured powder-coated finishes. Available in dining, balcony, and bar heights, the modern appearance of the Eden collection bears the essence of cool sophistication and the welcoming warmth of comfort you expect from your Homecrest outdoor furniture. Eden gives discerning homeowners and designers a lot of creative control with its DuoTone style, meaning they can mix and match seat top colors to complement or contrast the frame finishes on the legs.</p>","15.5"" W x 48"" L x 29"" H","{'Notes': 'no hole', 'Material': 'All-Weather Poly | Aluminum'}",,,,52,True,True,2026-06-01 06:37:20.928750+00:00,2026-06-23 18:14:57.428150+00:00
4248,261948,Dining Bench,15-5-x-48-dining-bench-eden-homecrest,Eden,"15.5"" x 48"" Dining Bench — Homecrest Eden collection.","15.5"" x 48"" Dining Bench — Homecrest Eden collection.

<p>Eden's warmly functional design is sparked by Swedish simplicity, clean lines, and flawless craftsmanship. Constructed with HDPE materials, Eden is a slatted, teak-inspired top with an aluminum base that is available in all of Homecrest's textured powder-coated finishes. Available in dining, balcony, and bar heights, the modern appearance of the Eden collection bears the essence of cool sophistication and the welcoming warmth of comfort you expect from your Homecrest outdoor furniture. Eden gives discerning homeowners and designers a lot of creative control with its DuoTone style, meaning they can mix and match seat top colors to complement or contrast the frame finishes on the legs.</p>","15.5"" W x 48"" L x 19"" H","{'Notes': 'no hole', 'Material': 'All-Weather Poly | Aluminum'}",,,,52,True,True,2026-06-01 06:37:20.539937+00:00,2026-06-23 18:14:57.428150+00:00
4267,501948,Dining Bench,16-x-48-dining-bench-latitude-homecrest,Latitude,"16"" x 48"" Dining Bench — Homecrest Latitude collection.","16"" x 48"" Dining Bench — Homecrest Latitude collection.

<p>Enjoy the beauty of the outdoors with Homecrest’s stunning Latitude collection. The attractive and functional Latitude tables feature an all-aluminum construction and are well-suited for both dining and deep seating applications. Whether for residential or commercial, Latitude combines style and function to create a fresh look in any outdoor space.</p>","19"" H","{'Notes': 'Post base', 'Material': 'Aluminum'}",,,,52,True,True,2026-06-01 06:37:23.848456+00:00,2026-06-23 18:14:57.428150+00:00
4099,SPL11601UM,Coffee Table/Bench,18-x-47-coffee-table-bench-in-pool-series-homecrest,Series,"18"" x 47"" Coffee Table/Bench — Homecrest In-Pool Series collection.","18"" x 47"" Coffee Table/Bench — Homecrest In-Pool Series collection.

<p>With impressive dimensions of 47"" long, 18"" wide, and a comfortable seat height of 16.5"", our In-Pool Series coffee table/bench offers ample space for relaxation. It features handy cupholders for convenience, as well as an umbrella hole to ensure easy relief from the sun’s rays. This coffee table/bench is an excellent addition to all poolside applications, and it works in water depths up to 10"". Available in Desert Sandstone*, Gray Granite*, Light Blue*, River Rock*, Surf Blue*, White*, White Granite, and Yellow* color options. *This color incurs a longer lead time of six weeks.</p>",,{'Material': 'Polyethylene'},,,,43,True,True,2026-06-01 06:36:56.122442+00:00,2026-06-08 21:38:24.053000+00:00
4164,24352,18° Inside Radius Chat Chair,18-inside-radius-chat-chair-surf-homecrest,Surf,18° Inside Radius Chat Chair — Homecrest Surf collection.,"18° Inside Radius Chat Chair — Homecrest Surf collection.

<p>With an emphasis on contemporary design and practical style, the nature-inspired Surf collection is an excellent option for heavy-use areas such as gardens, parks, college or corporate campuses, and more. Surf’s powder-coated aluminum frame and curving HDPE seat offer unmatched durability, ensuring this modular collection will stand the test of time against the elements.</p>","38"" W x 35.7"" D x 35"" H","{'Notes': 'Arm Ht: N/A', 'Material': 'All-Weather Poly | Aluminum'}",,,,43,True,True,2026-06-01 06:37:05.582365+00:00,2026-06-08 21:38:24.376000+00:00
4163,24351,18° Outside Radius Chat Chair,18-outside-radius-chat-chair-surf-homecrest,Surf,18° Outside Radius Chat Chair — Homecrest Surf collection.,"18° Outside Radius Chat Chair — Homecrest Surf collection.

<p>With an emphasis on contemporary design and practical style, the nature-inspired Surf collection is an excellent option for heavy-use areas such as gardens, parks, college or corporate campuses, and more. Surf’s powder-coated aluminum frame and curving HDPE seat offer unmatched durability, ensuring this modular collection will stand the test of time against the elements.</p>","38"" W x 35.7"" D x 35"" H","{'Notes': 'Arm Ht: N/A', 'Material': 'All-Weather Poly | Aluminum'}",,,,43,True,True,2026-06-01 06:37:05.448950+00:00,2026-06-08 21:38:24.373000+00:00
4223,23UMBP,18” Umbrella Base Plate,18-umbrella-base-plate-table-bases-homecrest,Bases,18” Umbrella Base Plate — Homecrest Table Bases collection.,"18” Umbrella Base Plate — Homecrest Table Bases collection.

<p>Homecrest has revamped the universal table base to an “easier to assemble” table base. This sleek new table base is composed of aluminum and is designed for the utmost in durability, convenience and maneuverability. No matter the size and/or shape of the table top you choose, Homecrest’s universal base is sure to please.</p>",,"{'Notes': 'Required with Umbrella; use with bases 2330B, 2334B, 2340B; 18"" umbrella base plate', 'Material': 'Zinc-Plated Solid Steel'}",,,,52,True,True,2026-06-01 06:37:16.412489+00:00,2026-06-23 18:14:57.428150+00:00
4095,SPL41007MX,Hex Bench (Stackable),19-25-x-21-85-hex-bench-stackable-in-pool-series-homecrest,Series,"19.25"" x 21.85"" Hex Bench (Stackable) — Homecrest In-Pool Series collection.","19.25"" x 21.85"" Hex Bench (Stackable) — Homecrest In-Pool Series collection.

<p>You’ll never run out of seating options with our In-Pool Series 15.5” hex lounge bench. Whether you need extra seats on your pool ledge or a few more settings for a backyard barbecue, this portable, cushioned seat offers a modern geometric style that is perfect for your space. The hex lounge bench is lightweight with an open bottom and dual handles for effortless placement. It sits still in up to 8” of water and is stackable for convenient storage. Available in Desert Sandstone*, Gray Granite*, Light Blue*, River Rock*, Surf Blue*, White*, White Granite, and Yellow* color options. *This color incurs a longer lead time of six weeks.</p>",,{'Material': 'Polyethylene'},,,,43,True,True,2026-06-01 06:36:55.581445+00:00,2026-06-08 21:38:24.040000+00:00
4094,SPL41007AX,Hex Lounge Bench (Stackable),19-25-x-21-85-hex-lounge-bench-stackable-in-pool-series-homecrest,Series,"19.25"" x 21.85"" Hex Lounge Bench (Stackable) — Homecrest In-Pool Series collection.","19.25"" x 21.85"" Hex Lounge Bench (Stackable) — Homecrest In-Pool Series collection.

<p>You’ll never run out of seating options with our In-Pool Series 13” hex lounge bench. Whether you need extra seats on your pool ledge or a few more settings for a backyard barbecue, this portable, cushioned seat offers a modern geometric style that is perfect for your space. The hex lounge bench is lightweight with an open bottom and dual handles for effortless placement. It sits still in up to 7” of water and is stackable for convenient storage. Available in Desert Sandstone*, Gray Granite*, Light Blue*, River Rock*, Surf Blue*, White*, White Granite, and Yellow* color options. *This color incurs a longer lead time of six weeks.</p>",,{'Material': 'Polyethylene'},,,,43,True,True,2026-06-01 06:36:55.449605+00:00,2026-06-08 21:38:24.036000+00:00
4096,SPL41007BX,Hex Tall Bench (Stackable),19-25-x-21-85-hex-tall-bench-stackable-in-pool-series-homecrest,Series,"19.25"" x 21.85"" Hex Tall Bench (Stackable) — Homecrest In-Pool Series collection.","19.25"" x 21.85"" Hex Tall Bench (Stackable) — Homecrest In-Pool Series collection.

<p>You’ll never run out of seating options with our In-Pool Series 18” hex lounge bench. Whether you need extra seats on your pool ledge or a few more settings for a backyard barbecue, this portable, cushioned seat offers a modern geometric style that is perfect for your space. The hex lounge bench is lightweight with an open bottom and dual handles for effortless placement. It sits still in up to 10” of water and is stackable for convenient storage. Available in Desert Sandstone*, Gray Granite*, Light Blue*, River Rock*, Surf Blue*, White*, White Granite, and Yellow* color options. *This color incurs a longer lead time of six weeks.</p>",,{'Material': 'Polyethylene'},,,,43,True,True,2026-06-01 06:36:55.716499+00:00,2026-06-08 21:38:24.044000+00:00
4194,13220,End Table,22-end-table-mode-homecrest,Mode,"22"" End Table — Homecrest Mode collection.","22"" End Table — Homecrest Mode collection.

<p>Add an element of sophistication to your outdoor space with Homecrest's Mode collection. With clean lines and contemporary inspiration, Mode sets the standard in casual chic. Mode features floating aluminum rectangular panels and a sleek appearance that brings an elegant style to your outdoor space. The aluminum top panels that float over the base frame are available in all finishes. DuoTone your Mode table or fire table by selecting one color for the top panels and a coordinating color for the base.</p>","22"" W x 22"" D x 20"" H","{'Notes': 'no Hole', 'Material': 'Aluminum'}",,,,52,True,True,2026-06-01 06:37:09.861904+00:00,2026-06-23 18:14:57.428150+00:00
4098,SPL22101T1,Side Table/Bench,22-x-17-side-table-bench-in-pool-series-homecrest,Series,"22"" x 17"" Side Table/Bench — Homecrest In-Pool Series collection.","22"" x 17"" Side Table/Bench — Homecrest In-Pool Series collection.

<p>Our In-Pool Series side table/bench is the ultimate pool accent, designed to combine functionality, versatility, and visual charm. Whether you use it as a seat, side table, or ottoman, this piece is a must-have for poolside relaxation. It features two built in cupholders for easy drink access, and it works in up to 10” of water without additional weights. Coated diving weights can be added through the cupholder opening to increase water depth to 13”. Available in Desert Sandstone*, Gray Granite*, Light Blue*, River Rock*, Surf Blue*, White*, White Granite, and Yellow* color options. *This color incurs a longer lead time of six weeks.</p>","22"" W x 17"" D x 16.25"" H","{'Notes': 'SPL22101T1ST - with Soft Touch; Maximum water depth of 10""'}",,,,43,True,True,2026-06-01 06:36:55.970547+00:00,2026-06-08 21:38:24.050000+00:00
4195,132244,Coffee Table,22-x-44-coffee-table-mode-homecrest,Mode,"22"" x 44"" Coffee Table — Homecrest Mode collection.","22"" x 44"" Coffee Table — Homecrest Mode collection.

<p>Add an element of sophistication to your outdoor space with Homecrest's Mode collection. With clean lines and contemporary inspiration, Mode sets the standard in casual chic. Mode features floating aluminum rectangular panels and a sleek appearance that brings an elegant style to your outdoor space. The aluminum top panels that float over the base frame are available in all finishes. DuoTone your Mode table or fire table by selecting one color for the top panels and a coordinating color for the base.</p>","22"" W x 44"" D x 15"" H","{'Notes': 'no Hole', 'Material': 'Aluminum'}",,,,52,True,True,2026-06-01 06:37:10.102896+00:00,2026-06-23 18:14:57.428150+00:00
4101,SPLWIDETABLE,End Table,22-5-end-table-in-pool-series-homecrest,Series,"22.5"" End Table — Homecrest In-Pool Series collection.","22.5"" End Table — Homecrest In-Pool Series collection.

<p>Featuring an intelligent two-piece design and an umbrella hole, our In-Pool Series end table offers a convenient place for your refreshments in the shade. This end table boasts a unique rippled design that mimics the gentle flow of water, creating a visually captivating accent piece. Consisting of a sturdy base unit and removable top tray, this table works in water depths up to 10”. Available in Desert Sandstone*, Gray Granite*, Light Blue*, River Rock*, Surf Blue*, White*, White Granite, and Yellow* color options. *This color incurs a longer lead time of six weeks.</p>","22.5"" W x 22.5"" D x 19"" H","{'Notes': 'SPLWIDETABLEST - with Soft Touch; Maximum water depth of 10""'}",,,,43,True,True,2026-06-01 06:36:56.379361+00:00,2026-06-08 21:38:24.148000+00:00
4252,2624S,End Table,23-5-end-table-eden-homecrest,Eden,"23.5"" End Table — Homecrest Eden collection.","23.5"" End Table — Homecrest Eden collection.

<p>Eden's warmly functional design is sparked by Swedish simplicity, clean lines, and flawless craftsmanship. Constructed with HDPE materials, Eden is a slatted, teak-inspired top with an aluminum base that is available in all of Homecrest's textured powder-coated finishes. Available in dining, balcony, and bar heights, the modern appearance of the Eden collection bears the essence of cool sophistication and the welcoming warmth of comfort you expect from your Homecrest outdoor furniture. Eden gives discerning homeowners and designers a lot of creative control with its DuoTone style, meaning they can mix and match seat top colors to complement or contrast the frame finishes on the legs.</p>","23.5"" W x 23.5"" D x 22"" H","{'Notes': 'no hole', 'Material': 'All-Weather Poly | Aluminum'}",,,,52,True,True,2026-06-01 06:37:21.250617+00:00,2026-06-23 18:14:57.428150+00:00
4251,2621S,Side Table,23-5-side-table-eden-homecrest,Eden,"23.5"" Side Table — Homecrest Eden collection.","23.5"" Side Table — Homecrest Eden collection.

<p>Eden's warmly functional design is sparked by Swedish simplicity, clean lines, and flawless craftsmanship. Constructed with HDPE materials, Eden is a slatted, teak-inspired top with an aluminum base that is available in all of Homecrest's textured powder-coated finishes. Available in dining, balcony, and bar heights, the modern appearance of the Eden collection bears the essence of cool sophistication and the welcoming warmth of comfort you expect from your Homecrest outdoor furniture. Eden gives discerning homeowners and designers a lot of creative control with its DuoTone style, meaning they can mix and match seat top colors to complement or contrast the frame finishes on the legs.</p>","23.5"" W x 23.5"" D x 16.75"" H","{'Notes': 'no hole', 'Material': 'All-Weather Poly | Aluminum'}",,,,52,True,True,2026-06-01 06:37:21.126443+00:00,2026-06-23 18:14:57.428150+00:00
4226,3723RCT,End Table,24-end-table-concrete-homecrest,Concrete,"24"" End Table — Homecrest Concrete collection.","24"" End Table — Homecrest Concrete collection.

<p>Offering a simple yet sophisticated style to your outdoor space design has never been easier than with Homecrest’s Concrete table tops. A member of our Natural Series collection, our Concrete tables are crafted using the latest in composite technology, giving you a contemporary, industrial-chic piece that is as durable as it is beautiful. This collection is sure to please those with an eye for innovative aesthetics.</p>","19.5"" H","{'Notes': '3-legged base', 'Material': 'Aluminum'}",,,,52,True,True,2026-06-01 06:37:16.851411+00:00,2026-06-23 18:14:57.428150+00:00
4260,3722SWZ,End Table,24-end-table-integrity-homecrest,Integrity,"24"" End Table — Homecrest Integrity collection.","24"" End Table — Homecrest Integrity collection.

<p>Integrity table tops achieve a commercial trifecta, uniting extreme durability, excellent utility, and pleasing aesthetics in a single unit. These tables are impervious to chemical and thermal effects; meet rigorous standards for UV resistance, impact testing, and hygiene; and are a breeze to maintain in any outdoor application. Available in multiple sizes and finish options, Integrity tops can be paired with a variety of Homecrest bases to meet the height, functional, and aesthetic requirements of your project.</p>","24"" W x 24"" D x 19.5"" H","{'Notes': 'No Hole; Universal Base - End Complete', 'Material': 'Composite Melamine | Aluminum'}",,,,52,True,True,2026-06-01 06:37:22.861104+00:00,2026-06-23 18:14:57.428150+00:00
4268,6224R,End Table,24-end-table-latitude-homecrest,Latitude,"24"" End Table — Homecrest Latitude collection.","24"" End Table — Homecrest Latitude collection.

<p>Enjoy the beauty of the outdoors with Homecrest’s stunning Latitude collection. The attractive and functional Latitude tables feature an all-aluminum construction and are well-suited for both dining and deep seating applications. Whether for residential or commercial, Latitude combines style and function to create a fresh look in any outdoor space.</p>","19"" H","{'Notes': 'no Hole', 'Material': 'Aluminum'}",,,,52,True,True,2026-06-01 06:37:24.090244+00:00,2026-06-23 18:14:57.428150+00:00
4290,2722SHD,End Table,24-end-table-medley-homecrest,Medley,"24"" End Table — Homecrest Medley collection.","24"" End Table — Homecrest Medley collection.

<p>Elevate your outdoor dining experience with the Medley collection. Constructed with a powder-coated aluminum frame and durable all-weather poly (HDPE) top, Medley visually resembles natural wood but eliminates the upkeep and maintenance that comes with it. Transform your outdoor space with this sturdy table that combines robust design and practical elegance.</p>","25"" W x 25"" D x 21"" H",{'Notes': 'no Hole'},,,,52,True,True,2026-06-01 06:37:28.019358+00:00,2026-06-23 18:14:57.428150+00:00
4300,3723RSH,End Table,24-end-table-shadow-rock-homecrest,Shadow Rock,"24"" End Table — Homecrest Shadow Rock collection.","24"" End Table — Homecrest Shadow Rock collection.

<p>Homecrest’s elegant Shadow Rock tops provide an attractive look and are the perfect complement to any outdoor furniture set. With its beautiful, distinct texture and natural colors, the Shadow Rock top creates a stunning centerpiece for your outdoor area and provides a laid-back atmosphere of relaxation and conversation. Available in several heights, top sizes, and finishes, Shadow Rock features top-quality, American-made components that will withstand weather and can be used season after season.</p>","19.5"" H","{'Notes': '3-legged base', 'Material': 'Aluminum'}",,,,52,True,True,2026-06-01 06:37:29.560811+00:00,2026-06-23 18:14:57.428150+00:00
4328,3723RSL,End Table,24-end-table-slate-homecrest,Slate,"24"" End Table — Homecrest Slate collection.","24"" End Table — Homecrest Slate collection.

<p>A welcome addition to any outdoor space, Homecrest’s Slate tops feature a rustic elegance that could only be inspired by nature. Cast from the pattern and subtle texture of natural slate and produced using industry-leading technology, Homecrest Slate tops are as beautifully authentic in appearance as they are tough and durable. These smooth-surface tops are a favorite in outdoor spaces across the country and mix seamlessly with pieces from our seating collections.</p>","19.5"" H","{'Notes': '3-legged base', 'Material': 'Aluminum'}",,,,52,True,True,2026-06-01 06:37:34.371073+00:00,2026-06-23 18:14:57.428150+00:00
4356,3723RSG,End Table,24-end-table-stonegate-homecrest,Stonegate,"24"" End Table — Homecrest Stonegate collection.","24"" End Table — Homecrest Stonegate collection.

<p>Featuring the dramatic beauty of natural rock, our Stonegate tops combine natural elements with modern finishes for style and durability. Stonegate is designed to withstand the elements and is available in many shapes and heights. Its clean simplicity and straight-edge finish give Stonegate an on-trend appearance that allows it to adapt to a wide range of design applications, whether residential or commercial.</p>","19.5"" H","{'Notes': '3-legged base', 'Material': 'Aluminum'}",,,,52,True,True,2026-06-01 06:37:40.343698+00:00,2026-06-23 18:14:57.428150+00:00
4381,3722STM,End Table,24-end-table-timber-homecrest,Timber,"24"" End Table — Homecrest Timber collection.","24"" End Table — Homecrest Timber collection.

<p>Cast from beautiful reclaimed wood tables, our popular Timber collection is on trend and timeless. Using the same technology we use in all Natural Series tops, we are able to achieve a look that is marvelously realistic while retaining the outstanding outdoor performance characteristics you expect from Homecrest. Timber is available in a variety of authentic colors to coordinate with unique color themes.</p>","24"" W x 24"" D x 19.5"" H","{'Notes': '4-legged base', 'Material': 'Aluminum'}",,,,52,True,True,2026-06-01 06:37:45.727973+00:00,2026-06-23 18:14:57.428150+00:00
4225,3724RCT,Side Table,24-side-table-concrete-homecrest,Concrete,"24"" Side Table — Homecrest Concrete collection.","24"" Side Table — Homecrest Concrete collection.

<p>Offering a simple yet sophisticated style to your outdoor space design has never been easier than with Homecrest’s Concrete table tops. A member of our Natural Series collection, our Concrete tables are crafted using the latest in composite technology, giving you a contemporary, industrial-chic piece that is as durable as it is beautiful. This collection is sure to please those with an eye for innovative aesthetics.</p>","15.5"" H",{'Material': 'Aluminum'},,,,52,True,True,2026-06-01 06:37:16.720459+00:00,2026-06-23 18:14:57.428150+00:00
4289,2721SHD,Side Table,24-side-table-medley-homecrest,Medley,"24"" Side Table — Homecrest Medley collection.","24"" Side Table — Homecrest Medley collection.

<p>Elevate your outdoor dining experience with the Medley collection. Constructed with a powder-coated aluminum frame and durable all-weather poly (HDPE) top, Medley visually resembles natural wood but eliminates the upkeep and maintenance that comes with it. Transform your outdoor space with this sturdy table that combines robust design and practical elegance.</p>","25"" W x 25"" D x 16"" H",{'Notes': 'no Hole'},,,,52,True,True,2026-06-01 06:37:27.902076+00:00,2026-06-23 18:14:57.428150+00:00
4299,3724RSH,Side Table,24-side-table-shadow-rock-homecrest,Shadow Rock,"24"" Side Table — Homecrest Shadow Rock collection.","24"" Side Table — Homecrest Shadow Rock collection.

<p>Homecrest’s elegant Shadow Rock tops provide an attractive look and are the perfect complement to any outdoor furniture set. With its beautiful, distinct texture and natural colors, the Shadow Rock top creates a stunning centerpiece for your outdoor area and provides a laid-back atmosphere of relaxation and conversation. Available in several heights, top sizes, and finishes, Shadow Rock features top-quality, American-made components that will withstand weather and can be used season after season.</p>","15.5"" H","{'Notes': '3-legged base', 'Material': 'Aluminum'}",,,,52,True,True,2026-06-01 06:37:29.257099+00:00,2026-06-23 18:14:57.428150+00:00
4327,3724RSL,Side Table,24-side-table-slate-homecrest,Slate,"24"" Side Table — Homecrest Slate collection.","24"" Side Table — Homecrest Slate collection.

<p>A welcome addition to any outdoor space, Homecrest’s Slate tops feature a rustic elegance that could only be inspired by nature. Cast from the pattern and subtle texture of natural slate and produced using industry-leading technology, Homecrest Slate tops are as beautifully authentic in appearance as they are tough and durable. These smooth-surface tops are a favorite in outdoor spaces across the country and mix seamlessly with pieces from our seating collections.</p>","15.5"" H","{'Notes': '3-legged base', 'Material': 'Aluminum'}",,,,52,True,True,2026-06-01 06:37:34.177878+00:00,2026-06-23 18:14:57.428150+00:00
4355,3724RSG,Side Table,24-side-table-stonegate-homecrest,Stonegate,"24"" Side Table — Homecrest Stonegate collection.","24"" Side Table — Homecrest Stonegate collection.

<p>Featuring the dramatic beauty of natural rock, our Stonegate tops combine natural elements with modern finishes for style and durability. Stonegate is designed to withstand the elements and is available in many shapes and heights. Its clean simplicity and straight-edge finish give Stonegate an on-trend appearance that allows it to adapt to a wide range of design applications, whether residential or commercial.</p>","15.5"" H","{'Notes': '3-legged base', 'Material': 'Aluminum'}",,,,52,True,True,2026-06-01 06:37:40.205943+00:00,2026-06-23 18:14:57.428150+00:00
4380,3721STM,Side Table,24-side-table-timber-homecrest,Timber,"24"" Side Table — Homecrest Timber collection.","24"" Side Table — Homecrest Timber collection.

<p>Cast from beautiful reclaimed wood tables, our popular Timber collection is on trend and timeless. Using the same technology we use in all Natural Series tops, we are able to achieve a look that is marvelously realistic while retaining the outstanding outdoor performance characteristics you expect from Homecrest. Timber is available in a variety of authentic colors to coordinate with unique color themes.</p>","24"" W x 24"" D x 15.5"" H","{'Notes': '4-legged base', 'Material': 'Aluminum'}",,,,52,True,True,2026-06-01 06:37:45.605938+00:00,2026-06-23 18:14:57.428150+00:00
4261,C2424SWZNU,Square Top Only,24-square-top-only-integrity-homecrest,Integrity,"24"" Square Top Only — Homecrest Integrity collection.","24"" Square Top Only — Homecrest Integrity collection.

<p>Integrity table tops achieve a commercial trifecta, uniting extreme durability, excellent utility, and pleasing aesthetics in a single unit. These tables are impervious to chemical and thermal effects; meet rigorous standards for UV resistance, impact testing, and hygiene; and are a breeze to maintain in any outdoor application. Available in multiple sizes and finish options, Integrity tops can be paired with a variety of Homecrest bases to meet the height, functional, and aesthetic requirements of your project.</p>",,"{'Weight': '0 lbs', 'Material': 'Composite Melamine | Aluminum'}",,,,52,True,True,2026-06-01 06:37:23.004347+00:00,2026-06-23 18:14:57.428150+00:00
4240,C2424SCT,Table Top Only,24-table-top-only-concrete-homecrest,Concrete,"24"" Table Top Only — Homecrest Concrete collection.","24"" Table Top Only — Homecrest Concrete collection.

<p>Offering a simple yet sophisticated style to your outdoor space design has never been easier than with Homecrest’s Concrete table tops. A member of our Natural Series collection, our Concrete tables are crafted using the latest in composite technology, giving you a contemporary, industrial-chic piece that is as durable as it is beautiful. This collection is sure to please those with an eye for innovative aesthetics.</p>",,"{'Weight': '0 lbs', 'Material': 'Natural Series'}",,,,52,True,True,2026-06-01 06:37:19.144369+00:00,2026-06-23 18:14:57.428150+00:00
4318,C2424SSH,Table Top Only,24-table-top-only-shadow-rock-homecrest,Shadow Rock,"24"" Table Top Only — Homecrest Shadow Rock collection.","24"" Table Top Only — Homecrest Shadow Rock collection.

<p>Homecrest’s elegant Shadow Rock tops provide an attractive look and are the perfect complement to any outdoor furniture set. With its beautiful, distinct texture and natural colors, the Shadow Rock top creates a stunning centerpiece for your outdoor area and provides a laid-back atmosphere of relaxation and conversation. Available in several heights, top sizes, and finishes, Shadow Rock features top-quality, American-made components that will withstand weather and can be used season after season.</p>",,"{'Weight': '0 lbs', 'Material': 'Natural Series'}",,,,52,True,True,2026-06-01 06:37:32.655469+00:00,2026-06-23 18:14:57.428150+00:00
4346,C2424SSL,Table Top Only,24-table-top-only-slate-homecrest,Slate,"24"" Table Top Only — Homecrest Slate collection.","24"" Table Top Only — Homecrest Slate collection.

<p>A welcome addition to any outdoor space, Homecrest’s Slate tops feature a rustic elegance that could only be inspired by nature. Cast from the pattern and subtle texture of natural slate and produced using industry-leading technology, Homecrest Slate tops are as beautifully authentic in appearance as they are tough and durable. These smooth-surface tops are a favorite in outdoor spaces across the country and mix seamlessly with pieces from our seating collections.</p>",,"{'Weight': '34 lbs', 'Material': 'Natural Series'}",,,,52,True,True,2026-06-01 06:37:38.293481+00:00,2026-06-23 18:14:57.428150+00:00
4370,C2424SSG,Table Top Only,24-table-top-only-stonegate-homecrest,Stonegate,"24"" Table Top Only — Homecrest Stonegate collection.","24"" Table Top Only — Homecrest Stonegate collection.

<p>Featuring the dramatic beauty of natural rock, our Stonegate tops combine natural elements with modern finishes for style and durability. Stonegate is designed to withstand the elements and is available in many shapes and heights. Its clean simplicity and straight-edge finish give Stonegate an on-trend appearance that allows it to adapt to a wide range of design applications, whether residential or commercial.</p>",,"{'Weight': '34.5 lbs', 'Material': 'Natural Series'}",,,,52,True,True,2026-06-01 06:37:43.388219+00:00,2026-06-23 18:14:57.428150+00:00
4393,C2424STM,Table Top Only,24-table-top-only-timber-homecrest,Timber,"24"" Table Top Only — Homecrest Timber collection.","24"" Table Top Only — Homecrest Timber collection.

<p>Cast from beautiful reclaimed wood tables, our popular Timber collection is on trend and timeless. Using the same technology we use in all Natural Series tops, we are able to achieve a look that is marvelously realistic while retaining the outstanding outdoor performance characteristics you expect from Homecrest. Timber is available in a variety of authentic colors to coordinate with unique color themes.</p>",,"{'Weight': '34 lbs', 'Material': 'Natural Series'}",,,,52,True,True,2026-06-01 06:37:48.411692+00:00,2026-06-23 18:14:57.428150+00:00
4212,132430X,Table Top Only,24-x-30-table-top-only-mode-club-homecrest,Club,"24"" x 30"" Table Top Only — Homecrest Mode Club collection.","24"" x 30"" Table Top Only — Homecrest Mode Club collection.

<p>Building on our popular Mode collection, Homecrest's Mode Club is a complementary series of contemporary table tops that are uniquely designed for hospitality applications. Mode Club tables feature clean lines and smooth contours in a variety of shapes and sizes that are specifically selected for outdoor spaces in public places. Like its sister collection, Mode Club tops are available in DuoTone color options. Pair these sophisticated tops with the Homecrest base that appropriately meets the height, functional, and aesthetic requirements of your project.</p>",,"{'Weight': '0 lbs', 'Material': 'Aluminum'}",,,,52,True,True,2026-06-01 06:37:14.266606+00:00,2026-06-23 18:14:57.428150+00:00
4371,C2430XSGWH,Table Top Only,24-x-30-table-top-only-stonegate-homecrest,Stonegate,"24"" x 30"" Table Top Only — Homecrest Stonegate collection.","24"" x 30"" Table Top Only — Homecrest Stonegate collection.

<p>Featuring the dramatic beauty of natural rock, our Stonegate tops combine natural elements with modern finishes for style and durability. Stonegate is designed to withstand the elements and is available in many shapes and heights. Its clean simplicity and straight-edge finish give Stonegate an on-trend appearance that allows it to adapt to a wide range of design applications, whether residential or commercial.</p>",,"{'Weight': '38 lbs', 'Material': 'Natural Series'}",,,,52,True,True,2026-06-01 06:37:43.615156+00:00,2026-06-23 18:14:57.428150+00:00
4372,C2436XSGWH,Table Top Only,24-x-36-table-top-only-stonegate-homecrest,Stonegate,"24"" x 36"" Table Top Only — Homecrest Stonegate collection.","24"" x 36"" Table Top Only — Homecrest Stonegate collection.

<p>Featuring the dramatic beauty of natural rock, our Stonegate tops combine natural elements with modern finishes for style and durability. Stonegate is designed to withstand the elements and is available in many shapes and heights. Its clean simplicity and straight-edge finish give Stonegate an on-trend appearance that allows it to adapt to a wide range of design applications, whether residential or commercial.</p>",,"{'Weight': '0 lbs', 'Material': 'Natural Series'}",,,,52,True,True,2026-06-01 06:37:43.848631+00:00,2026-06-23 18:14:57.428150+00:00
4224,33UMBP,24” Umbrella Base Plate,24-umbrella-base-plate-table-bases-homecrest,Bases,24” Umbrella Base Plate — Homecrest Table Bases collection.,"24” Umbrella Base Plate — Homecrest Table Bases collection.

<p>Homecrest has revamped the universal table base to an “easier to assemble” table base. This sleek new table base is composed of aluminum and is designed for the utmost in durability, convenience and maneuverability. No matter the size and/or shape of the table top you choose, Homecrest’s universal base is sure to please.</p>",,"{'Notes': 'Required with Umbrella; use with bases 3330B, 3334B, 3340B; 24"" umbrella base plate', 'Material': 'Zinc-Plated Solid Steel'}",,,,52,True,True,2026-06-01 06:37:16.588204+00:00,2026-06-23 18:14:57.428150+00:00
4269,622644,Coffee Table,26-x-43-5-coffee-table-latitude-homecrest,Latitude,"26"" x 43.5"" Coffee Table — Homecrest Latitude collection.","26"" x 43.5"" Coffee Table — Homecrest Latitude collection.

<p>Enjoy the beauty of the outdoors with Homecrest’s stunning Latitude collection. The attractive and functional Latitude tables feature an all-aluminum construction and are well-suited for both dining and deep seating applications. Whether for residential or commercial, Latitude combines style and function to create a fresh look in any outdoor space.</p>","18"" H","{'Notes': 'Post base', 'Material': 'Aluminum'}",,,,52,True,True,2026-06-01 06:37:24.332429+00:00,2026-06-23 18:14:57.428150+00:00
4241,C2644XCT,Table Top Only,26-x-44-table-top-only-concrete-homecrest,Concrete,"26"" x 44"" Table Top Only — Homecrest Concrete collection.","26"" x 44"" Table Top Only — Homecrest Concrete collection.

<p>Offering a simple yet sophisticated style to your outdoor space design has never been easier than with Homecrest’s Concrete table tops. A member of our Natural Series collection, our Concrete tables are crafted using the latest in composite technology, giving you a contemporary, industrial-chic piece that is as durable as it is beautiful. This collection is sure to please those with an eye for innovative aesthetics.</p>",,"{'Weight': '0 lbs', 'Material': 'Natural Series'}",,,,52,True,True,2026-06-01 06:37:19.268818+00:00,2026-06-23 18:14:57.428150+00:00
4295,C2644XHD,Table Top Only,26-x-44-table-top-only-medley-homecrest,Medley,"26"" x 44"" Table Top Only — Homecrest Medley collection.","26"" x 44"" Table Top Only — Homecrest Medley collection.

<p>Elevate your outdoor dining experience with the Medley collection. Constructed with a powder-coated aluminum frame and durable all-weather poly (HDPE) top, Medley visually resembles natural wood but eliminates the upkeep and maintenance that comes with it. Transform your outdoor space with this sturdy table that combines robust design and practical elegance.</p>",,"{'Weight': '25 lbs', 'Material': 'All-Weather Poly'}",,,,52,True,True,2026-06-01 06:37:28.685765+00:00,2026-06-23 18:14:57.428150+00:00
4319,C2644XSH,Table Top Only,26-x-44-table-top-only-shadow-rock-homecrest,Shadow Rock,"26"" x 44"" Table Top Only — Homecrest Shadow Rock collection.","26"" x 44"" Table Top Only — Homecrest Shadow Rock collection.

<p>Homecrest’s elegant Shadow Rock tops provide an attractive look and are the perfect complement to any outdoor furniture set. With its beautiful, distinct texture and natural colors, the Shadow Rock top creates a stunning centerpiece for your outdoor area and provides a laid-back atmosphere of relaxation and conversation. Available in several heights, top sizes, and finishes, Shadow Rock features top-quality, American-made components that will withstand weather and can be used season after season.</p>",,"{'Weight': '0 lbs', 'Material': 'Natural Series'}",,,,52,True,True,2026-06-01 06:37:32.826639+00:00,2026-06-23 18:14:57.428150+00:00
4347,C2644XSL,Table Top Only,26-x-44-table-top-only-slate-homecrest,Slate,"26"" x 44"" Table Top Only — Homecrest Slate collection.","26"" x 44"" Table Top Only — Homecrest Slate collection.

<p>A welcome addition to any outdoor space, Homecrest’s Slate tops feature a rustic elegance that could only be inspired by nature. Cast from the pattern and subtle texture of natural slate and produced using industry-leading technology, Homecrest Slate tops are as beautifully authentic in appearance as they are tough and durable. These smooth-surface tops are a favorite in outdoor spaces across the country and mix seamlessly with pieces from our seating collections.</p>",,"{'Weight': '84 lbs', 'Material': 'Natural Series'}",,,,52,True,True,2026-06-01 06:37:38.542583+00:00,2026-06-23 18:14:57.428150+00:00
4373,C2644XSG,Table Top Only,26-x-44-table-top-only-stonegate-homecrest,Stonegate,"26"" x 44"" Table Top Only — Homecrest Stonegate collection.","26"" x 44"" Table Top Only — Homecrest Stonegate collection.

<p>Featuring the dramatic beauty of natural rock, our Stonegate tops combine natural elements with modern finishes for style and durability. Stonegate is designed to withstand the elements and is available in many shapes and heights. Its clean simplicity and straight-edge finish give Stonegate an on-trend appearance that allows it to adapt to a wide range of design applications, whether residential or commercial.</p>",,"{'Weight': '72 lbs', 'Material': 'Natural Series'}",,,,52,True,True,2026-06-01 06:37:44.092256+00:00,2026-06-23 18:14:57.428150+00:00
4394,C2644XTM,Table Top Only,26-x-44-table-top-only-timber-homecrest,Timber,"26"" x 44"" Table Top Only — Homecrest Timber collection.","26"" x 44"" Table Top Only — Homecrest Timber collection.

<p>Cast from beautiful reclaimed wood tables, our popular Timber collection is on trend and timeless. Using the same technology we use in all Natural Series tops, we are able to achieve a look that is marvelously realistic while retaining the outstanding outdoor performance characteristics you expect from Homecrest. Timber is available in a variety of authentic colors to coordinate with unique color themes.</p>",,"{'Weight': '72 lbs', 'Material': 'Natural Series'}",,,,52,True,True,2026-06-01 06:37:48.632384+00:00,2026-06-23 18:14:57.428150+00:00
4185,8328S,End Table,28-end-table-urban-cushion-homecrest,Cushion,"28"" End Table — Homecrest Urban Cushion collection.","28"" End Table — Homecrest Urban Cushion collection.

<p>Featuring a modular design and clean, soft lines, Homecrest’s Urban collection has a contemporary appeal that is equally suited for backyards, apartment amenity decks, and everything in between. This collection is crafted with powder-coated aluminum and High Resilient, furniture-grade foam cushions. The built-in side tables are available in an HDPE woodgrain pattern or an all-aluminum panel.</p>","28"" W x 28"" D x 8.375"" H",{'Material': 'Aluminum'},,,,43,True,True,2026-06-01 06:37:08.454977+00:00,2026-06-08 21:38:24.422000+00:00
4083,362844,Coffee Table,28-x-44-coffee-table-infiniti-homecrest,Infiniti,"28"" x 44"" Coffee Table — Homecrest Infiniti collection.","28"" x 44"" Coffee Table — Homecrest Infiniti collection.

<p>Infiniti is designed for ease of use in any space: at work or at play. Its flowing silhouette maximizes the surface area of our premium sling fabric while still maintaining sleek visuals. In addition, because of our double layer sling technology, Infiniti provides an exceptionally comfortable sit without any of the maintenance that is required by traditional cushions. This beautiful collection is sure to transform any outdoor space to become more attractive and inviting. Paired with its intelligently designed side, coffee, and corner table companion pieces, our armless Infiniti chat chairs are ideal for energizing homeowners’ existing outdoor setups, as well as otherwise standard waiting rooms.</p>","28"" W x 44"" L x 18"" H",{'Material': 'All-Weather Poly | Aluminum'},,,,43,True,True,2026-06-01 06:36:53.878653+00:00,2026-06-08 21:38:23.996000+00:00
3998,952972X,Dining (with Hole),29-x-72-dining-with-hole-bridger-homecrest,Bridger,"29"" x 72"" Dining (with Hole) — Homecrest Bridger collection.","29"" x 72"" Dining (with Hole) — Homecrest Bridger collection.

<p>Elevate your outdoor dining experience with the Bridger collection. Constructed with a powder-coated aluminum frame and durable HDPE top and seats, Bridger visually resembles natural wood but eliminates the upkeep and maintenance that comes with it. Transform your outdoor space with this sturdy picnic table that combines robust design and practical elegance. (Seats: 6)</p>","72"" W x 67.5"" D x 30"" H",{'Notes': 'Seats: 6'},,,,43,True,True,2026-06-01 06:36:41.021808+00:00,2026-06-08 21:38:23.667000+00:00
3999,952994X,Dining (with Hole),29-x-94-dining-with-hole-bridger-homecrest,Bridger,"29"" x 94"" Dining (with Hole) — Homecrest Bridger collection.","29"" x 94"" Dining (with Hole) — Homecrest Bridger collection.

<p>Elevate your outdoor dining experience with the Bridger collection. Constructed with a powder-coated aluminum frame and durable HDPE top and seats, Bridger visually resembles natural wood but eliminates the upkeep and maintenance that comes with it. Transform your outdoor space with this sturdy picnic table that combines robust design and practical elegance. (Seats: 8)</p>","94"" W x 67.5"" D x 30"" H",{'Notes': 'Seats: 8'},,,,43,True,True,2026-06-01 06:36:41.152793+00:00,2026-06-08 21:38:23.670000+00:00
4227,1330RCT,Adjustable Table,30-adjustable-table-concrete-homecrest,Concrete,"30"" Adjustable Table — Homecrest Concrete collection.","30"" Adjustable Table — Homecrest Concrete collection.

<p>Offering a simple yet sophisticated style to your outdoor space design has never been easier than with Homecrest’s Concrete table tops. A member of our Natural Series collection, our Concrete tables are crafted using the latest in composite technology, giving you a contemporary, industrial-chic piece that is as durable as it is beautiful. This collection is sure to please those with an eye for innovative aesthetics.</p>","18.25-30.75"" H",{'Material': 'Aluminum'},,,,52,True,True,2026-06-01 06:37:17.056674+00:00,2026-06-23 18:14:57.428150+00:00
4270,1330RLT,Adjustable Table,30-adjustable-table-latitude-homecrest,Latitude,"30"" Adjustable Table — Homecrest Latitude collection.","30"" Adjustable Table — Homecrest Latitude collection.

<p>Enjoy the beauty of the outdoors with Homecrest’s stunning Latitude collection. The attractive and functional Latitude tables feature an all-aluminum construction and are well-suited for both dining and deep seating applications. Whether for residential or commercial, Latitude combines style and function to create a fresh look in any outdoor space.</p>","18.25-30.75"" H","{'Notes': 'no Hole', 'Material': 'Aluminum'}",,,,52,True,True,2026-06-01 06:37:24.544168+00:00,2026-06-23 18:14:57.428150+00:00
4211,1330RMD,Adjustable Table,30-adjustable-table-mode-club-homecrest,Club,"30"" Adjustable Table — Homecrest Mode Club collection.","30"" Adjustable Table — Homecrest Mode Club collection.

<p>Building on our popular Mode collection, Homecrest's Mode Club is a complementary series of contemporary table tops that are uniquely designed for hospitality applications. Mode Club tables feature clean lines and smooth contours in a variety of shapes and sizes that are specifically selected for outdoor spaces in public places. Like its sister collection, Mode Club tops are available in DuoTone color options. Pair these sophisticated tops with the Homecrest base that appropriately meets the height, functional, and aesthetic requirements of your project.</p>","18.25-30.75"" H",{'Material': 'Aluminum'},,,,52,True,True,2026-06-01 06:37:14.042130+00:00,2026-06-23 18:14:57.428150+00:00
4301,1330RSH,Adjustable Table,30-adjustable-table-shadow-rock-homecrest,Shadow Rock,"30"" Adjustable Table — Homecrest Shadow Rock collection.","30"" Adjustable Table — Homecrest Shadow Rock collection.

<p>Homecrest’s elegant Shadow Rock tops provide an attractive look and are the perfect complement to any outdoor furniture set. With its beautiful, distinct texture and natural colors, the Shadow Rock top creates a stunning centerpiece for your outdoor area and provides a laid-back atmosphere of relaxation and conversation. Available in several heights, top sizes, and finishes, Shadow Rock features top-quality, American-made components that will withstand weather and can be used season after season.</p>","18.25-30.75"" H",{'Material': 'Aluminum'},,,,52,True,True,2026-06-01 06:37:29.775767+00:00,2026-06-23 18:14:57.428150+00:00
4329,1330RSL,Adjustable Table,30-adjustable-table-slate-homecrest,Slate,"30"" Adjustable Table — Homecrest Slate collection.","30"" Adjustable Table — Homecrest Slate collection.

<p>A welcome addition to any outdoor space, Homecrest’s Slate tops feature a rustic elegance that could only be inspired by nature. Cast from the pattern and subtle texture of natural slate and produced using industry-leading technology, Homecrest Slate tops are as beautifully authentic in appearance as they are tough and durable. These smooth-surface tops are a favorite in outdoor spaces across the country and mix seamlessly with pieces from our seating collections.</p>","18.25-30.75"" H",{'Material': 'Aluminum'},,,,52,True,True,2026-06-01 06:37:34.600649+00:00,2026-06-23 18:14:57.428150+00:00
4357,1330RSG,Adjustable Table,30-adjustable-table-stonegate-homecrest,Stonegate,"30"" Adjustable Table — Homecrest Stonegate collection.","30"" Adjustable Table — Homecrest Stonegate collection.

<p>Featuring the dramatic beauty of natural rock, our Stonegate tops combine natural elements with modern finishes for style and durability. Stonegate is designed to withstand the elements and is available in many shapes and heights. Its clean simplicity and straight-edge finish give Stonegate an on-trend appearance that allows it to adapt to a wide range of design applications, whether residential or commercial.</p>",,"{'Notes': 'Adjustable Complete H: 18.25""-30.75""', 'Material': 'Aluminum'}",,,,52,True,True,2026-06-01 06:37:40.542522+00:00,2026-06-23 18:14:57.428150+00:00
4382,1330RTM,Adjustable Table,30-adjustable-table-timber-homecrest,Timber,"30"" Adjustable Table — Homecrest Timber collection.","30"" Adjustable Table — Homecrest Timber collection.

<p>Cast from beautiful reclaimed wood tables, our popular Timber collection is on trend and timeless. Using the same technology we use in all Natural Series tops, we are able to achieve a look that is marvelously realistic while retaining the outstanding outdoor performance characteristics you expect from Homecrest. Timber is available in a variety of authentic colors to coordinate with unique color themes.</p>","30"" W x 30"" D x 18.25-30.75"" H","{'Notes': 'no Hole', 'Material': 'Aluminum'}",,,,52,True,True,2026-06-01 06:37:45.861743+00:00,2026-06-23 18:14:57.428150+00:00
4196,13300,End Table,30-end-table-mode-homecrest,Mode,"30"" End Table — Homecrest Mode collection.","30"" End Table — Homecrest Mode collection.

<p>Add an element of sophistication to your outdoor space with Homecrest's Mode collection. With clean lines and contemporary inspiration, Mode sets the standard in casual chic. Mode features floating aluminum rectangular panels and a sleek appearance that brings an elegant style to your outdoor space. The aluminum top panels that float over the base frame are available in all finishes. DuoTone your Mode table or fire table by selecting one color for the top panels and a coordinating color for the base.</p>","30"" W x 30"" D x 20"" H","{'Notes': 'no Hole', 'Material': 'Aluminum'}",,,,52,True,True,2026-06-01 06:37:10.307956+00:00,2026-06-23 18:14:57.428150+00:00
4282,5030R,Round Top Only,30-round-top-only-latitude-homecrest,Latitude,"30"" Round Top Only — Homecrest Latitude collection.","30"" Round Top Only — Homecrest Latitude collection.

<p>Enjoy the beauty of the outdoors with Homecrest’s stunning Latitude collection. The attractive and functional Latitude tables feature an all-aluminum construction and are well-suited for both dining and deep seating applications. Whether for residential or commercial, Latitude combines style and function to create a fresh look in any outdoor space.</p>",,"{'Weight': '0 lbs', 'Material': 'Aluminum'}",,,,52,True,True,2026-06-01 06:37:26.958587+00:00,2026-06-23 18:14:57.428150+00:00
4283,5030S,Square Top Only,30-square-top-only-latitude-homecrest,Latitude,"30"" Square Top Only — Homecrest Latitude collection.","30"" Square Top Only — Homecrest Latitude collection.

<p>Enjoy the beauty of the outdoors with Homecrest’s stunning Latitude collection. The attractive and functional Latitude tables feature an all-aluminum construction and are well-suited for both dining and deep seating applications. Whether for residential or commercial, Latitude combines style and function to create a fresh look in any outdoor space.</p>",,"{'Weight': '0 lbs', 'Material': 'Aluminum'}",,,,52,True,True,2026-06-01 06:37:27.083391+00:00,2026-06-23 18:14:57.428150+00:00
4242,C0030RCTWH,Table Top Only,30-table-top-only-concrete-homecrest,Concrete,"30"" Table Top Only — Homecrest Concrete collection.","30"" Table Top Only — Homecrest Concrete collection.

<p>Offering a simple yet sophisticated style to your outdoor space design has never been easier than with Homecrest’s Concrete table tops. A member of our Natural Series collection, our Concrete tables are crafted using the latest in composite technology, giving you a contemporary, industrial-chic piece that is as durable as it is beautiful. This collection is sure to please those with an eye for innovative aesthetics.</p>",,"{'Weight': '0 lbs', 'Material': 'Natural Series'}",,,,52,True,True,2026-06-01 06:37:19.401780+00:00,2026-06-23 18:14:57.428150+00:00
4192,1930R,Table Top Only,30-table-top-only-mesh-homecrest,Mesh,"30"" Table Top Only — Homecrest Mesh collection.","30"" Table Top Only — Homecrest Mesh collection.

<p>The mesh outdoor table by Homecrest brings low-maintenance style to your outdoor space. An aluminum mesh top allows water to drain so your table is always ready to enjoy. The aluminum, pedestal-inspired base design allows for maximum leg room. Our mesh tables feature a durable powder-coated finish.</p>",,"{'Weight': '0 lbs', 'Material': 'Aluminum'}",,,,52,True,True,2026-06-01 06:37:09.515551+00:00,2026-06-23 18:14:57.428150+00:00
4213,1330R,Table Top Only,30-table-top-only-mode-club-homecrest,Club,"30"" Table Top Only — Homecrest Mode Club collection.","30"" Table Top Only — Homecrest Mode Club collection.

<p>Building on our popular Mode collection, Homecrest's Mode Club is a complementary series of contemporary table tops that are uniquely designed for hospitality applications. Mode Club tables feature clean lines and smooth contours in a variety of shapes and sizes that are specifically selected for outdoor spaces in public places. Like its sister collection, Mode Club tops are available in DuoTone color options. Pair these sophisticated tops with the Homecrest base that appropriately meets the height, functional, and aesthetic requirements of your project.</p>",,"{'Weight': '0 lbs', 'Material': 'Aluminum'}",,,,52,True,True,2026-06-01 06:37:14.465062+00:00,2026-06-23 18:14:57.428150+00:00
4320,C0030RSHWH,Table Top Only,30-table-top-only-shadow-rock-homecrest,Shadow Rock,"30"" Table Top Only — Homecrest Shadow Rock collection.","30"" Table Top Only — Homecrest Shadow Rock collection.

<p>Homecrest’s elegant Shadow Rock tops provide an attractive look and are the perfect complement to any outdoor furniture set. With its beautiful, distinct texture and natural colors, the Shadow Rock top creates a stunning centerpiece for your outdoor area and provides a laid-back atmosphere of relaxation and conversation. Available in several heights, top sizes, and finishes, Shadow Rock features top-quality, American-made components that will withstand weather and can be used season after season.</p>",,"{'Weight': '0 lbs', 'Material': 'Natural Series'}",,,,52,True,True,2026-06-01 06:37:32.956128+00:00,2026-06-23 18:14:57.428150+00:00
4348,C0030RSLWH,Table Top Only,30-table-top-only-slate-homecrest,Slate,"30"" Table Top Only — Homecrest Slate collection.","30"" Table Top Only — Homecrest Slate collection.

<p>A welcome addition to any outdoor space, Homecrest’s Slate tops feature a rustic elegance that could only be inspired by nature. Cast from the pattern and subtle texture of natural slate and produced using industry-leading technology, Homecrest Slate tops are as beautifully authentic in appearance as they are tough and durable. These smooth-surface tops are a favorite in outdoor spaces across the country and mix seamlessly with pieces from our seating collections.</p>",,"{'Weight': '0 lbs', 'Material': 'Natural Series'}",,,,52,True,True,2026-06-01 06:37:38.785264+00:00,2026-06-23 18:14:57.428150+00:00
4374,C0030RSGWH,Table Top Only,30-table-top-only-stonegate-homecrest,Stonegate,"30"" Table Top Only — Homecrest Stonegate collection.","30"" Table Top Only — Homecrest Stonegate collection.

<p>Featuring the dramatic beauty of natural rock, our Stonegate tops combine natural elements with modern finishes for style and durability. Stonegate is designed to withstand the elements and is available in many shapes and heights. Its clean simplicity and straight-edge finish give Stonegate an on-trend appearance that allows it to adapt to a wide range of design applications, whether residential or commercial.</p>",,"{'Weight': '0 lbs', 'Material': 'Natural Series'}",,,,52,True,True,2026-06-01 06:37:44.336645+00:00,2026-06-23 18:14:57.428150+00:00
4395,C0030RTMWH,Table Top Only,30-table-top-only-timber-homecrest,Timber,"30"" Table Top Only — Homecrest Timber collection.","30"" Table Top Only — Homecrest Timber collection.

<p>Cast from beautiful reclaimed wood tables, our popular Timber collection is on trend and timeless. Using the same technology we use in all Natural Series tops, we are able to achieve a look that is marvelously realistic while retaining the outstanding outdoor performance characteristics you expect from Homecrest. Timber is available in a variety of authentic colors to coordinate with unique color themes.</p>",,"{'Weight': '0 lbs', 'Material': 'Natural Series'}",,,,52,True,True,2026-06-01 06:37:48.829104+00:00,2026-06-23 18:14:57.428150+00:00
4321,C3048XSH,Table Top Only,30-x-48-table-top-only-shadow-rock-homecrest,Shadow Rock,"30"" x 48"" Table Top Only — Homecrest Shadow Rock collection.","30"" x 48"" Table Top Only — Homecrest Shadow Rock collection.

<p>Homecrest’s elegant Shadow Rock tops provide an attractive look and are the perfect complement to any outdoor furniture set. With its beautiful, distinct texture and natural colors, the Shadow Rock top creates a stunning centerpiece for your outdoor area and provides a laid-back atmosphere of relaxation and conversation. Available in several heights, top sizes, and finishes, Shadow Rock features top-quality, American-made components that will withstand weather and can be used season after season.</p>",,"{'Weight': '0 lbs', 'Material': 'Natural Series'}",,,,52,True,True,2026-06-01 06:37:33.138446+00:00,2026-06-23 18:14:57.428150+00:00
4349,C3048XSL,Table Top Only,30-x-48-table-top-only-slate-homecrest,Slate,"30"" x 48"" Table Top Only — Homecrest Slate collection.","30"" x 48"" Table Top Only — Homecrest Slate collection.

<p>A welcome addition to any outdoor space, Homecrest’s Slate tops feature a rustic elegance that could only be inspired by nature. Cast from the pattern and subtle texture of natural slate and produced using industry-leading technology, Homecrest Slate tops are as beautifully authentic in appearance as they are tough and durable. These smooth-surface tops are a favorite in outdoor spaces across the country and mix seamlessly with pieces from our seating collections.</p>",,"{'Weight': '80 lbs', 'Material': 'Natural Series'}",,,,52,True,True,2026-06-01 06:37:38.991948+00:00,2026-06-23 18:14:57.428150+00:00
4375,C3048XSG,Table Top Only,30-x-48-table-top-only-stonegate-homecrest,Stonegate,"30"" x 48"" Table Top Only — Homecrest Stonegate collection.","30"" x 48"" Table Top Only — Homecrest Stonegate collection.

<p>Featuring the dramatic beauty of natural rock, our Stonegate tops combine natural elements with modern finishes for style and durability. Stonegate is designed to withstand the elements and is available in many shapes and heights. Its clean simplicity and straight-edge finish give Stonegate an on-trend appearance that allows it to adapt to a wide range of design applications, whether residential or commercial.</p>",,"{'Weight': '84 lbs', 'Material': 'Natural Series'}",,,,52,True,True,2026-06-01 06:37:44.600031+00:00,2026-06-23 18:14:57.428150+00:00
4253,261660,Coffee Table,30-5-x-60-coffee-table-eden-homecrest,Eden,"30.5"" x 60"" Coffee Table — Homecrest Eden collection.","30.5"" x 60"" Coffee Table — Homecrest Eden collection.

<p>Eden's warmly functional design is sparked by Swedish simplicity, clean lines, and flawless craftsmanship. Constructed with HDPE materials, Eden is a slatted, teak-inspired top with an aluminum base that is available in all of Homecrest's textured powder-coated finishes. Available in dining, balcony, and bar heights, the modern appearance of the Eden collection bears the essence of cool sophistication and the welcoming warmth of comfort you expect from your Homecrest outdoor furniture. Eden gives discerning homeowners and designers a lot of creative control with its DuoTone style, meaning they can mix and match seat top colors to complement or contrast the frame finishes on the legs.</p>","30.5"" W x 60"" L x 16"" H","{'Notes': 'no hole', 'Material': 'All-Weather Poly | Aluminum'}",,,,52,True,True,2026-06-01 06:37:21.381417+00:00,2026-06-23 18:14:57.428150+00:00
4262,C3232SWZNU,Square Top Only,32-square-top-only-integrity-homecrest,Integrity,"32"" Square Top Only — Homecrest Integrity collection.","32"" Square Top Only — Homecrest Integrity collection.

<p>Integrity table tops achieve a commercial trifecta, uniting extreme durability, excellent utility, and pleasing aesthetics in a single unit. These tables are impervious to chemical and thermal effects; meet rigorous standards for UV resistance, impact testing, and hygiene; and are a breeze to maintain in any outdoor application. Available in multiple sizes and finish options, Integrity tops can be paired with a variety of Homecrest bases to meet the height, functional, and aesthetic requirements of your project.</p>",,"{'Weight': '0 lbs', 'Material': 'Composite Melamine | Aluminum'}",,,,52,True,True,2026-06-01 06:37:23.136774+00:00,2026-06-23 18:14:57.428150+00:00
4263,C3248XWZNU,Rectangle Top Only,32-x-48-rectangle-top-only-integrity-homecrest,Integrity,"32"" x 48"" Rectangle Top Only — Homecrest Integrity collection.","32"" x 48"" Rectangle Top Only — Homecrest Integrity collection.

<p>Integrity table tops achieve a commercial trifecta, uniting extreme durability, excellent utility, and pleasing aesthetics in a single unit. These tables are impervious to chemical and thermal effects; meet rigorous standards for UV resistance, impact testing, and hygiene; and are a breeze to maintain in any outdoor application. Available in multiple sizes and finish options, Integrity tops can be paired with a variety of Homecrest bases to meet the height, functional, and aesthetic requirements of your project.</p>",,"{'Weight': '0 lbs', 'Material': 'Composite Melamine | Aluminum'}",,,,52,True,True,2026-06-01 06:37:23.282785+00:00,2026-06-23 18:14:57.428150+00:00
4405,893250XLTTT,Lounge Fire Table,32-x-50-lounge-fire-table-latitude-fire-tables-homecrest,Tables,"32"" x 50"" Lounge Fire Table — Homecrest Latitude Fire Tables collection.","32"" x 50"" Lounge Fire Table — Homecrest Latitude Fire Tables collection.

<p>Much like our Latitude table collection, our Latitude fire table is a chameleon for different outdoor space styles. Its clean, slatted aluminum tops can on one hand play as boardwalk inspired for a more beachside look, or on the other hand play as more rustic cabin-inspired for the feel of a luxury ski resort. No matter what style an outdoor space is trying to achieve, Latitude fire tables can fit and elevate the aesthetic. Our Latitude fire tables extend the comfortability of outdoor spaces by several months in the late Fall and early Spring. Homecrest fire tables feature powerful burners delivering up to 65,000 BTUs and are compatible with both natural gas and liquid propane. Each table includes a concealed fuel tank and comes standard with your choice of fire jewelry, a secure key, and a black 3/4"" aluminum fire burner riser.</p>","32"" W x 50"" D x 21.5"" H","{'Notes': 'Top: 893250XLTTT, Base: 89XNC (-JLP or -JNG), Use fire table cover 006139', 'Material': 'Aluminum'}",,,,45,True,True,2026-06-01 06:37:50.474538+00:00,2026-06-08 21:38:25.196000+00:00
4401,893252XCTTT,Lounge Fire Table,32-x-52-lounge-fire-table-concrete-fire-tables-homecrest,Tables,"32"" x 52"" Lounge Fire Table — Homecrest Concrete Fire Tables collection.","32"" x 52"" Lounge Fire Table — Homecrest Concrete Fire Tables collection.

<p>This is the perfect top for achieving a modern, industrial look. Our Concrete tops are a part of our Natural Series collection, which brings a sophisticated organic design element to outdoor spaces utilizing the latest in composite technology. Homecrest fire tables feature powerful burners delivering up to 65,000 BTUs and are compatible with both natural gas and liquid propane. Each table includes a concealed fuel tank and comes standard with your choice of fire jewelry, a secure key, and a black 3/4"" aluminum fire burner riser.</p>","21.5"" H",{'Notes': 'Top: 893252XCTTT; Base: 89XNC (-JLP or -JNG); Use fire table cover 006139'},,,,45,True,True,2026-06-01 06:37:49.846873+00:00,2026-06-08 21:38:25.184000+00:00
4407,133252TT,Lounge Fire Table,32-x-52-lounge-fire-table-mode-fire-pits-homecrest,Pits,"32"" x 52"" Lounge Fire Table — Homecrest Mode Fire Pits collection.","32"" x 52"" Lounge Fire Table — Homecrest Mode Fire Pits collection.

<p>Add an element of sophistication to your outdoor space with Homecrest's Mode collection. With clean lines and contemporary inspiration, Mode sets the standard in casual chic. Mode features floating aluminum rectangular panels and a sleek appearance that brings an elegant style to your outdoor space. The aluminum top panels that float over the base frame are available in all finishes. DuoTone your Mode table or fire table by selecting one color for the top panels and a coordinating color for the base. Homecrest fire tables feature powerful burners delivering up to 65,000 BTUs and are compatible with both natural gas and liquid propane. Each table includes a concealed fuel tank and comes standard with your choice of fire jewelry, a secure key, and a black 3/4"" aluminum fire burner riser.</p>","32"" W x 52"" D x 21.5"" H","{'Notes': 'Top: 133252TT, Base: 89XNC (-JLP or -JNG), Use fire table cover 006139'}",,,,45,True,True,2026-06-01 06:37:50.776206+00:00,2026-06-08 21:38:25.203000+00:00
4410,893252XSHTT,Lounge Fire Table,32-x-52-lounge-fire-table-shadow-rock-fire-tables-homecrest,Tables,"32"" x 52"" Lounge Fire Table — Homecrest Shadow Rock Fire Tables collection.","32"" x 52"" Lounge Fire Table — Homecrest Shadow Rock Fire Tables collection.

<p>The distinct texture and natural colors of Homecrest’s Shadow Rock fire tables complement any outdoor furniture set beautifully. These handcrafted fire table tops feature subtle texture with a natural edge and are able to withstand the test of time and weather, season after season. Homecrest fire tables feature powerful burners delivering up to 65,000 BTUs and are compatible with both natural gas and liquid propane. Each table includes a concealed fuel tank and comes standard with your choice of fire jewelry, a secure key, and a black 3/4"" aluminum fire burner riser.</p>","21.5"" H","{'Notes': 'Top: 893252XSHTT, Base: 89XNC (-JLP or -JNG), Use fire table cover 006139'}",,,,45,True,True,2026-06-01 06:37:51.224457+00:00,2026-06-08 21:38:25.212000+00:00
4415,893252XSLTT,Lounge Fire Table,32-x-52-lounge-fire-table-slate-fire-tables-homecrest,Tables,"32"" x 52"" Lounge Fire Table — Homecrest Slate Fire Tables collection.","32"" x 52"" Lounge Fire Table — Homecrest Slate Fire Tables collection.

<p>Rustic yet elegant, Homecrest’s handcrafted Slate fire tables are a refreshing addition to any outdoor space. Featuring authentic patterns and subtle textures, these smooth-surface fire tables are cast from natural slate and are available in a variety of colors. Our Slate fire tables are as beautiful as they are durable. Homecrest fire tables feature powerful burners delivering up to 65,000 BTUs and are compatible with both natural gas and liquid propane. Each table includes a concealed fuel tank and comes standard with your choice of fire jewelry, a secure key, and a black 3/4"" aluminum fire burner riser.</p>","52"" W x 32"" D x 21.5"" H","{'Notes': 'Top: 893252XSLTT, Base: 89XNC (-JLP or -JNG), Use fire table cover 006139'}",,,,45,True,True,2026-06-01 06:37:51.983223+00:00,2026-06-08 21:38:25.228000+00:00
4420,893252XSGTT,Lounge Fire Table,32-x-52-lounge-fire-table-stonegate-fire-tables-homecrest,Tables,"32"" x 52"" Lounge Fire Table — Homecrest Stonegate Fire Tables collection.","32"" x 52"" Lounge Fire Table — Homecrest Stonegate Fire Tables collection.

<p>Stonegate fire tables feature the dramatic beauty of natural rock and a clean, straight-edge finish to create a versatile design. Combining traditional elements with modern finishes, Stonegate is made for style and durability. These fire tables are on-trend yet timeless and perfect for both residential and commercial applications. Homecrest fire tables feature powerful burners delivering up to 65,000 BTUs and are compatible with both natural gas and liquid propane. Each table includes a concealed fuel tank and comes standard with your choice of fire jewelry, a secure key, and a black 3/4"" aluminum fire burner riser.</p>","32"" W x 52"" D x 21.5"" H","{'Notes': 'Top: 893252XSGTT, Base: 89XNC (-JLP or -JNG), Use fire table cover 006139'}",,,,45,True,True,2026-06-01 06:37:53.101352+00:00,2026-06-08 21:38:25.254000+00:00
4425,893252XTMTT,Lounge Fire Table,32-x-52-lounge-fire-table-timber-fire-tables-homecrest,Tables,"32"" x 52"" Lounge Fire Table — Homecrest Timber Fire Tables collection.","32"" x 52"" Lounge Fire Table — Homecrest Timber Fire Tables collection.

<p>Individually handcrafted and cast from beautiful reclaimed wood tables, our Timber fire tables look incredibly realistic. Our Timber tops are made with extremely durable materials, allowing them to withstand even the toughest weather conditions. Homecrest fire tables feature powerful burners delivering up to 65,000 BTUs and are compatible with both natural gas and liquid propane. Each table includes a concealed fuel tank and comes standard with your choice of fire jewelry, a secure key, and a black 3/4"" aluminum fire burner riser.</p>","52"" W x 32"" D x 21.5"" H","{'Notes': 'Top: 893252XTMTT, Base: 89XNC (-JLP or -JNG), Use fire table cover 006139'}",,,,45,True,True,2026-06-01 06:37:54.012000+00:00,2026-06-08 21:38:25.238000+00:00
4243,C3252XCT,Rectangular Table Top Only,32-x-52-rectangular-table-top-only-concrete-homecrest,Concrete,"32"" x 52"" Rectangular Table Top Only — Homecrest Concrete collection.","32"" x 52"" Rectangular Table Top Only — Homecrest Concrete collection.

<p>Offering a simple yet sophisticated style to your outdoor space design has never been easier than with Homecrest’s Concrete table tops. A member of our Natural Series collection, our Concrete tables are crafted using the latest in composite technology, giving you a contemporary, industrial-chic piece that is as durable as it is beautiful. This collection is sure to please those with an eye for innovative aesthetics.</p>",,"{'Weight': '75.5 lbs', 'Material': 'Natural Series'}",,,,52,True,True,2026-06-01 06:37:19.625020+00:00,2026-06-23 18:14:57.428150+00:00
4296,C3252XHD,Table Top Only,32-x-52-table-top-only-medley-homecrest,Medley,"32"" x 52"" Table Top Only — Homecrest Medley collection.","32"" x 52"" Table Top Only — Homecrest Medley collection.

<p>Elevate your outdoor dining experience with the Medley collection. Constructed with a powder-coated aluminum frame and durable all-weather poly (HDPE) top, Medley visually resembles natural wood but eliminates the upkeep and maintenance that comes with it. Transform your outdoor space with this sturdy table that combines robust design and practical elegance.</p>",,"{'Weight': '33 lbs', 'Material': 'All-Weather Poly'}",,,,52,True,True,2026-06-01 06:37:28.858391+00:00,2026-06-23 18:14:57.428150+00:00
4322,C3252XSH,Table Top Only,32-x-52-table-top-only-shadow-rock-homecrest,Shadow Rock,"32"" x 52"" Table Top Only — Homecrest Shadow Rock collection.","32"" x 52"" Table Top Only — Homecrest Shadow Rock collection.

<p>Homecrest’s elegant Shadow Rock tops provide an attractive look and are the perfect complement to any outdoor furniture set. With its beautiful, distinct texture and natural colors, the Shadow Rock top creates a stunning centerpiece for your outdoor area and provides a laid-back atmosphere of relaxation and conversation. Available in several heights, top sizes, and finishes, Shadow Rock features top-quality, American-made components that will withstand weather and can be used season after season.</p>",,"{'Weight': '0 lbs', 'Material': 'Natural Series'}",,,,52,True,True,2026-06-01 06:37:33.314333+00:00,2026-06-23 18:14:57.428150+00:00
4350,C3252XSL,Table Top Only,32-x-52-table-top-only-slate-homecrest,Slate,"32"" x 52"" Table Top Only — Homecrest Slate collection.","32"" x 52"" Table Top Only — Homecrest Slate collection.

<p>A welcome addition to any outdoor space, Homecrest’s Slate tops feature a rustic elegance that could only be inspired by nature. Cast from the pattern and subtle texture of natural slate and produced using industry-leading technology, Homecrest Slate tops are as beautifully authentic in appearance as they are tough and durable. These smooth-surface tops are a favorite in outdoor spaces across the country and mix seamlessly with pieces from our seating collections.</p>",,"{'Weight': '78 lbs', 'Material': 'Natural Series'}",,,,52,True,True,2026-06-01 06:37:39.126091+00:00,2026-06-23 18:14:57.428150+00:00
4376,C3252XSG,Table Top Only,32-x-52-table-top-only-stonegate-homecrest,Stonegate,"32"" x 52"" Table Top Only — Homecrest Stonegate collection.","32"" x 52"" Table Top Only — Homecrest Stonegate collection.

<p>Featuring the dramatic beauty of natural rock, our Stonegate tops combine natural elements with modern finishes for style and durability. Stonegate is designed to withstand the elements and is available in many shapes and heights. Its clean simplicity and straight-edge finish give Stonegate an on-trend appearance that allows it to adapt to a wide range of design applications, whether residential or commercial.</p>",,"{'Weight': '77 lbs', 'Material': 'Natural Series'}",,,,52,True,True,2026-06-01 06:37:44.774313+00:00,2026-06-23 18:14:57.428150+00:00
4396,C3252XTM,Table Top Only,32-x-52-table-top-only-timber-homecrest,Timber,"32"" x 52"" Table Top Only — Homecrest Timber collection.","32"" x 52"" Table Top Only — Homecrest Timber collection.

<p>Cast from beautiful reclaimed wood tables, our popular Timber collection is on trend and timeless. Using the same technology we use in all Natural Series tops, we are able to achieve a look that is marvelously realistic while retaining the outstanding outdoor performance characteristics you expect from Homecrest. Timber is available in a variety of authentic colors to coordinate with unique color themes.</p>",,"{'Weight': '70.5 lbs', 'Material': 'Natural Series'}",,,,52,True,True,2026-06-01 06:37:48.956961+00:00,2026-06-23 18:14:57.428150+00:00
4081,3610021,End Table/Corner Unit,34-x-23-5-end-table-corner-unit-infiniti-homecrest,Infiniti,"34"" x 23.5"" End Table/Corner Unit — Homecrest Infiniti collection.","34"" x 23.5"" End Table/Corner Unit — Homecrest Infiniti collection.

<p>Infiniti is designed for ease of use in any space: at work or at play. Its flowing silhouette maximizes the surface area of our premium sling fabric while still maintaining sleek visuals. In addition, because of our double layer sling technology, Infiniti provides an exceptionally comfortable sit without any of the maintenance that is required by traditional cushions. This beautiful collection is sure to transform any outdoor space to become more attractive and inviting. Paired with its intelligently designed side, coffee, and corner table companion pieces, our armless Infiniti chat chairs are ideal for energizing homeowners’ existing outdoor setups, as well as otherwise standard waiting rooms.</p>","34"" W x 23.5"" D x 21"" H",{'Material': 'All-Weather Poly | Aluminum'},,,,43,True,True,2026-06-01 06:36:53.606962+00:00,2026-06-08 21:38:23.990000+00:00
4258,2634110,Balcony Table,35-5-x-110-balcony-table-eden-homecrest,Eden,"35.5"" x 110"" Balcony Table — Homecrest Eden collection.","35.5"" x 110"" Balcony Table — Homecrest Eden collection.

<p>Eden's warmly functional design is sparked by Swedish simplicity, clean lines, and flawless craftsmanship. Constructed with HDPE materials, Eden is a slatted, teak-inspired top with an aluminum base that is available in all of Homecrest's textured powder-coated finishes. Available in dining, balcony, and bar heights, the modern appearance of the Eden collection bears the essence of cool sophistication and the welcoming warmth of comfort you expect from your Homecrest outdoor furniture. Eden gives discerning homeowners and designers a lot of creative control with its DuoTone style, meaning they can mix and match seat top colors to complement or contrast the frame finishes on the legs.</p>","35.5"" W x 110"" L x 34"" H","{'Notes': 'No Hole; 3.5"" edge profile; complete table unit', 'Material': 'HDPE Polymer Lumber'}",,,,47,True,True,2026-06-01 06:37:22.256383+00:00,2026-06-08 21:38:24.633000+00:00
4259,2640110,Bar Table,35-5-x-110-bar-table-eden-homecrest,Eden,"35.5"" x 110"" Bar Table — Homecrest Eden collection.","35.5"" x 110"" Bar Table — Homecrest Eden collection.

<p>Eden's warmly functional design is sparked by Swedish simplicity, clean lines, and flawless craftsmanship. Constructed with HDPE materials, Eden is a slatted, teak-inspired top with an aluminum base that is available in all of Homecrest's textured powder-coated finishes. Available in dining, balcony, and bar heights, the modern appearance of the Eden collection bears the essence of cool sophistication and the welcoming warmth of comfort you expect from your Homecrest outdoor furniture. Eden gives discerning homeowners and designers a lot of creative control with its DuoTone style, meaning they can mix and match seat top colors to complement or contrast the frame finishes on the legs.</p>","35.5"" W x 110"" L x 40"" H","{'Notes': 'No Hole; 3.5"" edge profile; complete table unit', 'Material': 'HDPE Polymer Lumber'}",,,,47,True,True,2026-06-01 06:37:22.494524+00:00,2026-06-08 21:38:24.636000+00:00
4257,2630110,Dining Table,35-5-x-110-dining-table-eden-homecrest,Eden,"35.5"" x 110"" Dining Table — Homecrest Eden collection.","35.5"" x 110"" Dining Table — Homecrest Eden collection.

<p>Eden's warmly functional design is sparked by Swedish simplicity, clean lines, and flawless craftsmanship. Constructed with HDPE materials, Eden is a slatted, teak-inspired top with an aluminum base that is available in all of Homecrest's textured powder-coated finishes. Available in dining, balcony, and bar heights, the modern appearance of the Eden collection bears the essence of cool sophistication and the welcoming warmth of comfort you expect from your Homecrest outdoor furniture. Eden gives discerning homeowners and designers a lot of creative control with its DuoTone style, meaning they can mix and match seat top colors to complement or contrast the frame finishes on the legs.</p>","35.5"" W x 110"" L x 30"" H","{'Notes': 'No Hole; 3.5"" edge profile; complete table unit', 'Material': 'HDPE Polymer Lumber'}",,,,44,True,True,2026-06-01 06:37:22.108500+00:00,2026-06-08 21:38:24.629000+00:00
3967,1310020,"35.5 "" x 23"" End Table/Corner Unit",35-5-x-23-mode-end-table-corner-unit-blair-air-homecrest,Blair Air,"35.5"" x 23"" Mode End Table/Corner Unit — Homecrest Blair Air collection.","35.5"" x 23"" Mode End Table/Corner Unit — Homecrest Blair Air collection.

<p>Add an element of sophistication to your outdoor space with Homecrest's Mode collection. With clean lines and contemporary inspiration, Mode sets the standard in casual chic. Mode features floating aluminum rectangular panels and a sleek appearance that brings an elegant style to your outdoor space. The aluminum top panels that float over the base frame are available in all finishes. DuoTone your Mode table or fire table by selecting one color for the top panels and a coordinating color for the base.</p>","35.5"" W x 23"" D x 20"" H",{'Material': 'Aluminum'},,,,43,True,True,2026-06-01 06:36:35.998026+00:00,2026-06-08 21:38:23.716000+00:00
4255,263460,Balcony Table,35-5-x-60-balcony-table-eden-homecrest,Eden,"35.5"" x 60"" Balcony Table — Homecrest Eden collection.","35.5"" x 60"" Balcony Table — Homecrest Eden collection.

<p>Eden's warmly functional design is sparked by Swedish simplicity, clean lines, and flawless craftsmanship. Constructed with HDPE materials, Eden is a slatted, teak-inspired top with an aluminum base that is available in all of Homecrest's textured powder-coated finishes. Available in dining, balcony, and bar heights, the modern appearance of the Eden collection bears the essence of cool sophistication and the welcoming warmth of comfort you expect from your Homecrest outdoor furniture. Eden gives discerning homeowners and designers a lot of creative control with its DuoTone style, meaning they can mix and match seat top colors to complement or contrast the frame finishes on the legs.</p>","35.5"" W x 60"" L x 34"" H","{'Notes': 'No Hole; 3.5"" edge profile; complete table unit', 'Material': 'HDPE Polymer Lumber'}",,,,47,True,True,2026-06-01 06:37:21.744597+00:00,2026-06-08 21:38:24.623000+00:00
4256,264060,Bar Table,35-5-x-60-bar-table-eden-homecrest,Eden,"35.5"" x 60"" Bar Table — Homecrest Eden collection.","35.5"" x 60"" Bar Table — Homecrest Eden collection.

<p>Eden's warmly functional design is sparked by Swedish simplicity, clean lines, and flawless craftsmanship. Constructed with HDPE materials, Eden is a slatted, teak-inspired top with an aluminum base that is available in all of Homecrest's textured powder-coated finishes. Available in dining, balcony, and bar heights, the modern appearance of the Eden collection bears the essence of cool sophistication and the welcoming warmth of comfort you expect from your Homecrest outdoor furniture. Eden gives discerning homeowners and designers a lot of creative control with its DuoTone style, meaning they can mix and match seat top colors to complement or contrast the frame finishes on the legs.</p>","35.5"" W x 60"" L x 40"" H","{'Notes': 'No Hole; 3.5"" edge profile; complete table unit', 'Material': 'HDPE Polymer Lumber'}",,,,47,True,True,2026-06-01 06:37:21.879483+00:00,2026-06-08 21:38:24.626000+00:00
4254,263060,Dining Table,35-5-x-60-dining-table-eden-homecrest,Eden,"35.5"" x 60"" Dining Table — Homecrest Eden collection.","35.5"" x 60"" Dining Table — Homecrest Eden collection.

<p>Eden's warmly functional design is sparked by Swedish simplicity, clean lines, and flawless craftsmanship. Constructed with HDPE materials, Eden is a slatted, teak-inspired top with an aluminum base that is available in all of Homecrest's textured powder-coated finishes. Available in dining, balcony, and bar heights, the modern appearance of the Eden collection bears the essence of cool sophistication and the welcoming warmth of comfort you expect from your Homecrest outdoor furniture. Eden gives discerning homeowners and designers a lot of creative control with its DuoTone style, meaning they can mix and match seat top colors to complement or contrast the frame finishes on the legs.</p>","35.5"" W x 60"" L x 30"" H","{'Notes': 'No Hole; 3.5"" edge profile; complete table unit', 'Material': 'HDPE Polymer Lumber'}",,,,44,True,True,2026-06-01 06:37:21.515189+00:00,2026-06-08 21:38:24.619000+00:00
4264,C0036RWZNU,Round Top Only,36-round-top-only-integrity-homecrest,Integrity,"36"" Round Top Only — Homecrest Integrity collection.","36"" Round Top Only — Homecrest Integrity collection.

<p>Integrity table tops achieve a commercial trifecta, uniting extreme durability, excellent utility, and pleasing aesthetics in a single unit. These tables are impervious to chemical and thermal effects; meet rigorous standards for UV resistance, impact testing, and hygiene; and are a breeze to maintain in any outdoor application. Available in multiple sizes and finish options, Integrity tops can be paired with a variety of Homecrest bases to meet the height, functional, and aesthetic requirements of your project.</p>",,"{'Weight': '0 lbs', 'Material': 'Composite Melamine | Aluminum'}",,,,52,True,True,2026-06-01 06:37:23.415097+00:00,2026-06-23 18:14:57.428150+00:00
4284,5036R,Round Top Only,36-round-top-only-latitude-homecrest,Latitude,"36"" Round Top Only — Homecrest Latitude collection.","36"" Round Top Only — Homecrest Latitude collection.

<p>Enjoy the beauty of the outdoors with Homecrest’s stunning Latitude collection. The attractive and functional Latitude tables feature an all-aluminum construction and are well-suited for both dining and deep seating applications. Whether for residential or commercial, Latitude combines style and function to create a fresh look in any outdoor space.</p>",,"{'Weight': '0 lbs', 'Material': 'Aluminum'}",,,,52,True,True,2026-06-01 06:37:27.218107+00:00,2026-06-23 18:14:57.428150+00:00
4265,C3636SWZNU,Square Top Only,36-square-top-only-integrity-homecrest,Integrity,"36"" Square Top Only — Homecrest Integrity collection.","36"" Square Top Only — Homecrest Integrity collection.

<p>Integrity table tops achieve a commercial trifecta, uniting extreme durability, excellent utility, and pleasing aesthetics in a single unit. These tables are impervious to chemical and thermal effects; meet rigorous standards for UV resistance, impact testing, and hygiene; and are a breeze to maintain in any outdoor application. Available in multiple sizes and finish options, Integrity tops can be paired with a variety of Homecrest bases to meet the height, functional, and aesthetic requirements of your project.</p>",,"{'Weight': '0 lbs', 'Material': 'Composite Melamine | Aluminum'}",,,,52,True,True,2026-06-01 06:37:23.561122+00:00,2026-06-23 18:14:57.428150+00:00
4285,5036S,Square Top Only,36-square-top-only-latitude-homecrest,Latitude,"36"" Square Top Only — Homecrest Latitude collection.","36"" Square Top Only — Homecrest Latitude collection.

<p>Enjoy the beauty of the outdoors with Homecrest’s stunning Latitude collection. The attractive and functional Latitude tables feature an all-aluminum construction and are well-suited for both dining and deep seating applications. Whether for residential or commercial, Latitude combines style and function to create a fresh look in any outdoor space.</p>",,"{'Weight': '0 lbs', 'Material': 'Aluminum'}",,,,52,True,True,2026-06-01 06:37:27.357766+00:00,2026-06-23 18:14:57.428150+00:00
4244,C0036RCT,Table Top Only,36-table-top-only-concrete-homecrest,Concrete,"36"" Table Top Only — Homecrest Concrete collection.","36"" Table Top Only — Homecrest Concrete collection.

<p>Offering a simple yet sophisticated style to your outdoor space design has never been easier than with Homecrest’s Concrete table tops. A member of our Natural Series collection, our Concrete tables are crafted using the latest in composite technology, giving you a contemporary, industrial-chic piece that is as durable as it is beautiful. This collection is sure to please those with an eye for innovative aesthetics.</p>",,"{'Weight': '0 lbs', 'Material': 'Natural Series'}",,,,52,True,True,2026-06-01 06:37:19.768063+00:00,2026-06-23 18:14:57.428150+00:00
4193,1936R,Table Top Only,36-table-top-only-mesh-homecrest,Mesh,"36"" Table Top Only — Homecrest Mesh collection.","36"" Table Top Only — Homecrest Mesh collection.

<p>The mesh outdoor table by Homecrest brings low-maintenance style to your outdoor space. An aluminum mesh top allows water to drain so your table is always ready to enjoy. The aluminum, pedestal-inspired base design allows for maximum leg room. Our mesh tables feature a durable powder-coated finish.</p>",,"{'Weight': '0 lbs', 'Material': 'Aluminum'}",,,,52,True,True,2026-06-01 06:37:09.664003+00:00,2026-06-23 18:14:57.428150+00:00
4214,1336R,Table Top Only,36-table-top-only-mode-club-homecrest,Club,"36"" Table Top Only — Homecrest Mode Club collection.","36"" Table Top Only — Homecrest Mode Club collection.

<p>Building on our popular Mode collection, Homecrest's Mode Club is a complementary series of contemporary table tops that are uniquely designed for hospitality applications. Mode Club tables feature clean lines and smooth contours in a variety of shapes and sizes that are specifically selected for outdoor spaces in public places. Like its sister collection, Mode Club tops are available in DuoTone color options. Pair these sophisticated tops with the Homecrest base that appropriately meets the height, functional, and aesthetic requirements of your project.</p>",,"{'Weight': '0 lbs', 'Material': 'Aluminum'}",,,,52,True,True,2026-06-01 06:37:14.669888+00:00,2026-06-23 18:14:57.428150+00:00
4323,C0036RSH,Table Top Only,36-table-top-only-shadow-rock-homecrest,Shadow Rock,"36"" Table Top Only — Homecrest Shadow Rock collection.","36"" Table Top Only — Homecrest Shadow Rock collection.

<p>Homecrest’s elegant Shadow Rock tops provide an attractive look and are the perfect complement to any outdoor furniture set. With its beautiful, distinct texture and natural colors, the Shadow Rock top creates a stunning centerpiece for your outdoor area and provides a laid-back atmosphere of relaxation and conversation. Available in several heights, top sizes, and finishes, Shadow Rock features top-quality, American-made components that will withstand weather and can be used season after season.</p>",,"{'Weight': '0 lbs', 'Material': 'Natural Series'}",,,,52,True,True,2026-06-01 06:37:33.476680+00:00,2026-06-23 18:14:57.428150+00:00
4351,C0036RSL,Table Top Only,36-table-top-only-slate-homecrest,Slate,"36"" Table Top Only — Homecrest Slate collection.","36"" Table Top Only — Homecrest Slate collection.

<p>A welcome addition to any outdoor space, Homecrest’s Slate tops feature a rustic elegance that could only be inspired by nature. Cast from the pattern and subtle texture of natural slate and produced using industry-leading technology, Homecrest Slate tops are as beautifully authentic in appearance as they are tough and durable. These smooth-surface tops are a favorite in outdoor spaces across the country and mix seamlessly with pieces from our seating collections.</p>",,"{'Weight': '0 lbs', 'Material': 'Natural Series'}",,,,52,True,True,2026-06-01 06:37:39.388379+00:00,2026-06-23 18:14:57.428150+00:00
4377,C3636SSG,Table Top Only,36-table-top-only-stonegate-homecrest,Stonegate,"36"" Table Top Only — Homecrest Stonegate collection.","36"" Table Top Only — Homecrest Stonegate collection.

<p>Featuring the dramatic beauty of natural rock, our Stonegate tops combine natural elements with modern finishes for style and durability. Stonegate is designed to withstand the elements and is available in many shapes and heights. Its clean simplicity and straight-edge finish give Stonegate an on-trend appearance that allows it to adapt to a wide range of design applications, whether residential or commercial.</p>",,"{'Weight': '0 lbs', 'Material': 'Natural Series'}",,,,52,True,True,2026-06-01 06:37:45.022363+00:00,2026-06-23 18:14:57.428150+00:00
4397,C0036RTM,Table Top Only,36-table-top-only-timber-homecrest,Timber,"36"" Table Top Only — Homecrest Timber collection.","36"" Table Top Only — Homecrest Timber collection.

<p>Cast from beautiful reclaimed wood tables, our popular Timber collection is on trend and timeless. Using the same technology we use in all Natural Series tops, we are able to achieve a look that is marvelously realistic while retaining the outstanding outdoor performance characteristics you expect from Homecrest. Timber is available in a variety of authentic colors to coordinate with unique color themes.</p>",,"{'Weight': '0 lbs', 'Material': 'Natural Series'}",,,,52,True,True,2026-06-01 06:37:49.175717+00:00,2026-06-23 18:14:57.428150+00:00
4402,893660XCTTT,Lounge Fire Pit,36-x-60-lounge-fire-pit-concrete-fire-tables-homecrest,Tables,"36"" x 60"" Lounge Fire Pit — Homecrest Concrete Fire Tables collection.","36"" x 60"" Lounge Fire Pit — Homecrest Concrete Fire Tables collection.

<p>This is the perfect top for achieving a modern, industrial look. Our Concrete tops are a part of our Natural Series collection, which brings a sophisticated organic design element to outdoor spaces utilizing the latest in composite technology. Homecrest fire tables feature powerful burners delivering up to 65,000 BTUs and are compatible with both natural gas and liquid propane. Each table includes a concealed fuel tank and comes standard with your choice of fire jewelry, a secure key, and a black 3/4"" aluminum fire burner riser.</p>","21.5"" H",{'Notes': 'Top: 893660XCTTT; Base: 89XNC (-JLP or -JNG); Use fire table cover 006138'},,,,45,True,True,2026-06-01 06:37:50.000461+00:00,2026-06-08 21:38:25.187000+00:00
4408,133660TT,Lounge Fire Pit,36-x-60-lounge-fire-pit-mode-fire-pits-homecrest,Pits,"36"" x 60"" Lounge Fire Pit — Homecrest Mode Fire Pits collection.","36"" x 60"" Lounge Fire Pit — Homecrest Mode Fire Pits collection.

<p>Add an element of sophistication to your outdoor space with Homecrest's Mode collection. With clean lines and contemporary inspiration, Mode sets the standard in casual chic. Mode features floating aluminum rectangular panels and a sleek appearance that brings an elegant style to your outdoor space. The aluminum top panels that float over the base frame are available in all finishes. DuoTone your Mode table or fire table by selecting one color for the top panels and a coordinating color for the base. Homecrest fire tables feature powerful burners delivering up to 65,000 BTUs and are compatible with both natural gas and liquid propane. Each table includes a concealed fuel tank and comes standard with your choice of fire jewelry, a secure key, and a black 3/4"" aluminum fire burner riser.</p>","36"" W x 60"" D x 21.5"" H","{'Notes': 'Top: 133660TT, Base: 89XNC (-JLP or -JNG), Use fire table cover 006138'}",,,,45,True,True,2026-06-01 06:37:50.925058+00:00,2026-06-08 21:38:25.205000+00:00
4411,893660XSHTT,Lounge Fire Pit,36-x-60-lounge-fire-pit-shadow-rock-fire-tables-homecrest,Tables,"36"" x 60"" Lounge Fire Pit — Homecrest Shadow Rock Fire Tables collection.","36"" x 60"" Lounge Fire Pit — Homecrest Shadow Rock Fire Tables collection.

<p>The distinct texture and natural colors of Homecrest’s Shadow Rock fire tables complement any outdoor furniture set beautifully. These handcrafted fire table tops feature subtle texture with a natural edge and are able to withstand the test of time and weather, season after season. Homecrest fire tables feature powerful burners delivering up to 65,000 BTUs and are compatible with both natural gas and liquid propane. Each table includes a concealed fuel tank and comes standard with your choice of fire jewelry, a secure key, and a black 3/4"" aluminum fire burner riser.</p>","21.5"" H","{'Notes': 'Top: 893660XSHTT, Base: 89XNC (-JLP or -JNG), Use fire table cover 006138'}",,,,45,True,True,2026-06-01 06:37:51.382741+00:00,2026-06-08 21:38:25.215000+00:00
4416,893660XSLTT,Lounge Fire Pit,36-x-60-lounge-fire-pit-slate-fire-tables-homecrest,Tables,"36"" x 60"" Lounge Fire Pit — Homecrest Slate Fire Tables collection.","36"" x 60"" Lounge Fire Pit — Homecrest Slate Fire Tables collection.

<p>Rustic yet elegant, Homecrest’s handcrafted Slate fire tables are a refreshing addition to any outdoor space. Featuring authentic patterns and subtle textures, these smooth-surface fire tables are cast from natural slate and are available in a variety of colors. Our Slate fire tables are as beautiful as they are durable. Homecrest fire tables feature powerful burners delivering up to 65,000 BTUs and are compatible with both natural gas and liquid propane. Each table includes a concealed fuel tank and comes standard with your choice of fire jewelry, a secure key, and a black 3/4"" aluminum fire burner riser.</p>","60"" W x 36"" D x 21.5"" H","{'Notes': 'Top: 893660XSLTT, Base: 89XNC (-JLP or -JNG), Use fire table cover 006138'}",,,,45,True,True,2026-06-01 06:37:52.146925+00:00,2026-06-08 21:38:25.231000+00:00
4426,893660XTMTT,Lounge Fire Pit,36-x-60-lounge-fire-pit-timber-fire-tables-homecrest,Tables,"36"" x 60"" Lounge Fire Pit — Homecrest Timber Fire Tables collection.","36"" x 60"" Lounge Fire Pit — Homecrest Timber Fire Tables collection.

<p>Individually handcrafted and cast from beautiful reclaimed wood tables, our Timber fire tables look incredibly realistic. Our Timber tops are made with extremely durable materials, allowing them to withstand even the toughest weather conditions. Homecrest fire tables feature powerful burners delivering up to 65,000 BTUs and are compatible with both natural gas and liquid propane. Each table includes a concealed fuel tank and comes standard with your choice of fire jewelry, a secure key, and a black 3/4"" aluminum fire burner riser.</p>","60"" W x 36"" D x 21.5"" H","{'Notes': 'Top: 893660XTMTT, Base: 89XNC (-JLP or -JNG), Use fire table cover 006138'}",,,,45,True,True,2026-06-01 06:37:54.255116+00:00,2026-06-08 21:38:25.241000+00:00
4421,893660XSGTT,Lounge Fire Table,36-x-60-lounge-fire-table-stonegate-fire-tables-homecrest,Tables,"36"" x 60"" Lounge Fire Table — Homecrest Stonegate Fire Tables collection.","36"" x 60"" Lounge Fire Table — Homecrest Stonegate Fire Tables collection.

<p>Stonegate fire tables feature the dramatic beauty of natural rock and a clean, straight-edge finish to create a versatile design. Combining traditional elements with modern finishes, Stonegate is made for style and durability. These fire tables are on-trend yet timeless and perfect for both residential and commercial applications. Homecrest fire tables feature powerful burners delivering up to 65,000 BTUs and are compatible with both natural gas and liquid propane. Each table includes a concealed fuel tank and comes standard with your choice of fire jewelry, a secure key, and a black 3/4"" aluminum fire burner riser.</p>","36"" W x 60"" D x 21.5"" H","{'Notes': 'Top: 893660XSGTT, Base: 89XNC (-JLP or -JNG), Use fire table cover 006138'}",,,,45,True,True,2026-06-01 06:37:53.256084+00:00,2026-06-08 21:38:25.257000+00:00
4245,C3660XCT,Rectangular Table Top Only,36-x-60-rectangular-table-top-only-concrete-homecrest,Concrete,"36"" x 60"" Rectangular Table Top Only — Homecrest Concrete collection.","36"" x 60"" Rectangular Table Top Only — Homecrest Concrete collection.

<p>Offering a simple yet sophisticated style to your outdoor space design has never been easier than with Homecrest’s Concrete table tops. A member of our Natural Series collection, our Concrete tables are crafted using the latest in composite technology, giving you a contemporary, industrial-chic piece that is as durable as it is beautiful. This collection is sure to please those with an eye for innovative aesthetics.</p>",,"{'Weight': '116.5 lbs', 'Material': 'Natural Series'}",,,,52,True,True,2026-06-01 06:37:20.060486+00:00,2026-06-23 18:14:57.428150+00:00
4297,C3660XHD,Table Top Only,36-x-60-table-top-only-medley-homecrest,Medley,"36"" x 60"" Table Top Only — Homecrest Medley collection.","36"" x 60"" Table Top Only — Homecrest Medley collection.

<p>Elevate your outdoor dining experience with the Medley collection. Constructed with a powder-coated aluminum frame and durable all-weather poly (HDPE) top, Medley visually resembles natural wood but eliminates the upkeep and maintenance that comes with it. Transform your outdoor space with this sturdy table that combines robust design and practical elegance.</p>",,"{'Weight': '43 lbs', 'Material': 'All-Weather Poly'}",,,,52,True,True,2026-06-01 06:37:28.990391+00:00,2026-06-23 18:14:57.428150+00:00
4324,C3660XSH,Table Top Only,36-x-60-table-top-only-shadow-rock-homecrest,Shadow Rock,"36"" x 60"" Table Top Only — Homecrest Shadow Rock collection.","36"" x 60"" Table Top Only — Homecrest Shadow Rock collection.

<p>Homecrest’s elegant Shadow Rock tops provide an attractive look and are the perfect complement to any outdoor furniture set. With its beautiful, distinct texture and natural colors, the Shadow Rock top creates a stunning centerpiece for your outdoor area and provides a laid-back atmosphere of relaxation and conversation. Available in several heights, top sizes, and finishes, Shadow Rock features top-quality, American-made components that will withstand weather and can be used season after season.</p>",,"{'Weight': '0 lbs', 'Material': 'Natural Series'}",,,,52,True,True,2026-06-01 06:37:33.643301+00:00,2026-06-23 18:14:57.428150+00:00
4352,C3660XSL,Table Top Only,36-x-60-table-top-only-slate-homecrest,Slate,"36"" x 60"" Table Top Only — Homecrest Slate collection.","36"" x 60"" Table Top Only — Homecrest Slate collection.

<p>A welcome addition to any outdoor space, Homecrest’s Slate tops feature a rustic elegance that could only be inspired by nature. Cast from the pattern and subtle texture of natural slate and produced using industry-leading technology, Homecrest Slate tops are as beautifully authentic in appearance as they are tough and durable. These smooth-surface tops are a favorite in outdoor spaces across the country and mix seamlessly with pieces from our seating collections.</p>",,"{'Weight': '110 lbs', 'Material': 'Natural Series'}",,,,52,True,True,2026-06-01 06:37:39.531993+00:00,2026-06-23 18:14:57.428150+00:00
4378,C3660XSG,Table Top Only,36-x-60-table-top-only-stonegate-homecrest,Stonegate,"36"" x 60"" Table Top Only — Homecrest Stonegate collection.","36"" x 60"" Table Top Only — Homecrest Stonegate collection.

<p>Featuring the dramatic beauty of natural rock, our Stonegate tops combine natural elements with modern finishes for style and durability. Stonegate is designed to withstand the elements and is available in many shapes and heights. Its clean simplicity and straight-edge finish give Stonegate an on-trend appearance that allows it to adapt to a wide range of design applications, whether residential or commercial.</p>",,"{'Weight': '116.5 lbs', 'Material': 'Natural Series'}",,,,52,True,True,2026-06-01 06:37:45.205526+00:00,2026-06-23 18:14:57.428150+00:00
4398,C3660XTM,Table Top Only,36-x-60-table-top-only-timber-homecrest,Timber,"36"" x 60"" Table Top Only — Homecrest Timber collection.","36"" x 60"" Table Top Only — Homecrest Timber collection.

<p>Cast from beautiful reclaimed wood tables, our popular Timber collection is on trend and timeless. Using the same technology we use in all Natural Series tops, we are able to achieve a look that is marvelously realistic while retaining the outstanding outdoor performance characteristics you expect from Homecrest. Timber is available in a variety of authentic colors to coordinate with unique color themes.</p>",,"{'Weight': '101 lbs', 'Material': 'Natural Series'}",,,,52,True,True,2026-06-01 06:37:49.309402+00:00,2026-06-23 18:14:57.428150+00:00
4406,893663XLTTT,Lounge Fire Pit,36-x-63-lounge-fire-pit-latitude-fire-tables-homecrest,Tables,"36"" x 63"" Lounge Fire Pit — Homecrest Latitude Fire Tables collection.","36"" x 63"" Lounge Fire Pit — Homecrest Latitude Fire Tables collection.

<p>Much like our Latitude table collection, our Latitude fire table is a chameleon for different outdoor space styles. Its clean, slatted aluminum tops can on one hand play as boardwalk inspired for a more beachside look, or on the other hand play as more rustic cabin-inspired for the feel of a luxury ski resort. No matter what style an outdoor space is trying to achieve, Latitude fire tables can fit and elevate the aesthetic. Our Latitude fire tables extend the comfortability of outdoor spaces by several months in the late Fall and early Spring. Homecrest fire tables feature powerful burners delivering up to 65,000 BTUs and are compatible with both natural gas and liquid propane. Each table includes a concealed fuel tank and comes standard with your choice of fire jewelry, a secure key, and a black 3/4"" aluminum fire burner riser.</p>","36"" W x 63"" D x 21.5"" H","{'Notes': 'Top: 893663XLTTT, Base: 89XNC (-JLP or -JNG), Fire table cover not available', 'Material': 'Aluminum'}",,,,45,True,True,2026-06-01 06:37:50.623716+00:00,2026-06-08 21:38:25.199000+00:00
3996,9538S,Dining (with Hole),38-dining-with-hole-bridger-homecrest,Bridger,"38"" Dining (with Hole) — Homecrest Bridger collection.","38"" Dining (with Hole) — Homecrest Bridger collection.

<p>Elevate your outdoor dining experience with the Bridger collection. Constructed with a powder-coated aluminum frame and durable HDPE top and seats, Bridger visually resembles natural wood but eliminates the upkeep and maintenance that comes with it. Transform your outdoor space with this sturdy picnic table that combines robust design and practical elegance. (Seats: 4)</p>","76"" W x 76"" D x 30"" H",{'Notes': 'Seats: 4'},,,,43,True,True,2026-06-01 06:36:40.747472+00:00,2026-06-08 21:38:23.660000+00:00
4103,SPL33104,Riser Set Only,4-riser-set-only-in-pool-series-homecrest,Series,"4"" Riser Set Only — Homecrest In-Pool Series collection.","4"" Riser Set Only — Homecrest In-Pool Series collection.

<p>All In-Pool products are available in a variety of colors and are suitable for use in both chlorinated and saltwater pools, as well as on all pool materials like concrete, vinyl liners, and gunite. They can be easily removed from the pool to be used on the pool deck. Each product has a recommended maximum water depth for best performance. • Maximum water depth of 9"" • Average thickness of material to be .20” or greater • Waterproof, rustproof, and 100% recyclable • Suitable for both indoor and year-round outdoor use • Products tested to support up to 750 lbs • Fully compounded color (not dry blended) with UV light stabilizer to increase longevity of color retention in direct sunlight applications Available in Desert Sandstone*, Gray Granite*, Light Blue*, River Rock*, Surf Blue*, White*, White Granite, and Yellow* color options. *This color incurs a longer lead time of six weeks.</p>",,{'Material': 'Polyethylene'},,,,43,True,True,2026-06-01 06:36:56.629642+00:00,2026-06-08 21:38:24.154000+00:00
4404,42RCTFPTT,Balcony Fire Table,42-balcony-fire-table-concrete-fire-tables-homecrest,Tables,"42"" Balcony Fire Table — Homecrest Concrete Fire Tables collection.","42"" Balcony Fire Table — Homecrest Concrete Fire Tables collection.

<p>This is the perfect top for achieving a modern, industrial look. Our Concrete tops are a part of our Natural Series collection, which brings a sophisticated organic design element to outdoor spaces utilizing the latest in composite technology. Homecrest fire tables feature powerful burners delivering up to 65,000 BTUs and are compatible with both natural gas and liquid propane. Each table includes a concealed fuel tank and comes standard with your choice of fire jewelry, a secure key, and a black 3/4"" aluminum fire burner riser.</p>","21.5"" H",{'Notes': 'Top: 42RCTFPTT; Base: 89RNC (-JLP or -JNG); Use fire table cover 005369'},,,,45,True,True,2026-06-01 06:37:50.316124+00:00,2026-06-08 21:38:25.193000+00:00
4413,42RSHFPTT,Balcony Fire Table,42-balcony-fire-table-shadow-rock-fire-tables-homecrest,Tables,"42"" Balcony Fire Table — Homecrest Shadow Rock Fire Tables collection.","42"" Balcony Fire Table — Homecrest Shadow Rock Fire Tables collection.

<p>The distinct texture and natural colors of Homecrest’s Shadow Rock fire tables complement any outdoor furniture set beautifully. These handcrafted fire table tops feature subtle texture with a natural edge and are able to withstand the test of time and weather, season after season. Homecrest fire tables feature powerful burners delivering up to 65,000 BTUs and are compatible with both natural gas and liquid propane. Each table includes a concealed fuel tank and comes standard with your choice of fire jewelry, a secure key, and a black 3/4"" aluminum fire burner riser.</p>","21.5"" H","{'Notes': 'Top: 42RSHFPTT, Base: 89RNC (-JLP or -JNG), Use fire table cover 005369'}",,,,45,True,True,2026-06-01 06:37:51.675175+00:00,2026-06-08 21:38:25.222000+00:00
4418,42RSLFPTT,Balcony Fire Table,42-balcony-fire-table-slate-fire-tables-homecrest,Tables,"42"" Balcony Fire Table — Homecrest Slate Fire Tables collection.","42"" Balcony Fire Table — Homecrest Slate Fire Tables collection.

<p>Rustic yet elegant, Homecrest’s handcrafted Slate fire tables are a refreshing addition to any outdoor space. Featuring authentic patterns and subtle textures, these smooth-surface fire tables are cast from natural slate and are available in a variety of colors. Our Slate fire tables are as beautiful as they are durable. Homecrest fire tables feature powerful burners delivering up to 65,000 BTUs and are compatible with both natural gas and liquid propane. Each table includes a concealed fuel tank and comes standard with your choice of fire jewelry, a secure key, and a black 3/4"" aluminum fire burner riser.</p>","21.5"" H","{'Notes': 'Top: 42RSLFPTT, Base: 89RNC (-JLP or -JNG), Use fire table cover 005369'}",,,,45,True,True,2026-06-01 06:37:52.696015+00:00,2026-06-08 21:38:25.244000+00:00
4423,42RSGFPTT,Balcony Fire Table,42-balcony-fire-table-stonegate-fire-tables-homecrest,Tables,"42"" Balcony Fire Table — Homecrest Stonegate Fire Tables collection.","42"" Balcony Fire Table — Homecrest Stonegate Fire Tables collection.

<p>Stonegate fire tables feature the dramatic beauty of natural rock and a clean, straight-edge finish to create a versatile design. Combining traditional elements with modern finishes, Stonegate is made for style and durability. These fire tables are on-trend yet timeless and perfect for both residential and commercial applications. Homecrest fire tables feature powerful burners delivering up to 65,000 BTUs and are compatible with both natural gas and liquid propane. Each table includes a concealed fuel tank and comes standard with your choice of fire jewelry, a secure key, and a black 3/4"" aluminum fire burner riser.</p>","21.5"" H","{'Notes': 'Top: 42RSGFPTT, Base: 89RNC (-JLP or -JNG), Use fire table cover 005369'}",,,,45,True,True,2026-06-01 06:37:53.590803+00:00,2026-06-08 21:38:25.263000+00:00
4428,42RTMFPTT,Balcony Fire Table,42-balcony-fire-table-timber-fire-tables-homecrest,Tables,"42"" Balcony Fire Table — Homecrest Timber Fire Tables collection.","42"" Balcony Fire Table — Homecrest Timber Fire Tables collection.

<p>Individually handcrafted and cast from beautiful reclaimed wood tables, our Timber fire tables look incredibly realistic. Our Timber tops are made with extremely durable materials, allowing them to withstand even the toughest weather conditions. Homecrest fire tables feature powerful burners delivering up to 65,000 BTUs and are compatible with both natural gas and liquid propane. Each table includes a concealed fuel tank and comes standard with your choice of fire jewelry, a secure key, and a black 3/4"" aluminum fire burner riser.</p>","42"" W x 42"" D x 21.5"" H","{'Notes': 'Top: 42RTMFPTT, Base: 89RNC (-JLP or -JNG), Use fire table cover 005369'}",,,,45,True,True,2026-06-01 06:37:54.650715+00:00,2026-06-08 21:38:25.270000+00:00
4230,3742RBCT,Balcony Table,42-balcony-table-concrete-homecrest,Concrete,"42"" Balcony Table — Homecrest Concrete collection.","42"" Balcony Table — Homecrest Concrete collection.

<p>Offering a simple yet sophisticated style to your outdoor space design has never been easier than with Homecrest’s Concrete table tops. A member of our Natural Series collection, our Concrete tables are crafted using the latest in composite technology, giving you a contemporary, industrial-chic piece that is as durable as it is beautiful. This collection is sure to please those with an eye for innovative aesthetics.</p>","34.25"" H",{'Material': 'Aluminum'},,,,47,True,True,2026-06-01 06:37:17.549085+00:00,2026-06-08 21:38:23.356000+00:00
4273,3742RBLT,Balcony Table,42-balcony-table-latitude-homecrest,Latitude,"42"" Balcony Table — Homecrest Latitude collection.","42"" Balcony Table — Homecrest Latitude collection.

<p>Enjoy the beauty of the outdoors with Homecrest’s stunning Latitude collection. The attractive and functional Latitude tables feature an all-aluminum construction and are well-suited for both dining and deep seating applications. Whether for residential or commercial, Latitude combines style and function to create a fresh look in any outdoor space.</p>","34"" H","{'Notes': 'with Hole', 'Material': 'Aluminum'}",,,,47,True,True,2026-06-01 06:37:25.131962+00:00,2026-06-08 21:38:23.916000+00:00
4292,2542SBHD,Balcony Table,42-balcony-table-medley-homecrest,Medley,"42"" Balcony Table — Homecrest Medley collection.","42"" Balcony Table — Homecrest Medley collection.

<p>Elevate your outdoor dining experience with the Medley collection. Constructed with a powder-coated aluminum frame and durable all-weather poly (HDPE) top, Medley visually resembles natural wood but eliminates the upkeep and maintenance that comes with it. Transform your outdoor space with this sturdy table that combines robust design and practical elegance.</p>",,{'Material': 'All-Weather Poly'},,,,47,True,True,2026-06-01 06:37:28.294055+00:00,2026-06-08 21:38:24.727000+00:00
4304,3742RBSH,Balcony Table,42-balcony-table-shadow-rock-homecrest,Shadow Rock,"42"" Balcony Table — Homecrest Shadow Rock collection.","42"" Balcony Table — Homecrest Shadow Rock collection.

<p>Homecrest’s elegant Shadow Rock tops provide an attractive look and are the perfect complement to any outdoor furniture set. With its beautiful, distinct texture and natural colors, the Shadow Rock top creates a stunning centerpiece for your outdoor area and provides a laid-back atmosphere of relaxation and conversation. Available in several heights, top sizes, and finishes, Shadow Rock features top-quality, American-made components that will withstand weather and can be used season after season.</p>","34.25"" H",{'Material': 'Aluminum'},,,,47,True,True,2026-06-01 06:37:30.261799+00:00,2026-06-08 21:38:24.768000+00:00
4332,3742RBSL,Balcony Table,42-balcony-table-slate-homecrest,Slate,"42"" Balcony Table — Homecrest Slate collection.","42"" Balcony Table — Homecrest Slate collection.

<p>A welcome addition to any outdoor space, Homecrest’s Slate tops feature a rustic elegance that could only be inspired by nature. Cast from the pattern and subtle texture of natural slate and produced using industry-leading technology, Homecrest Slate tops are as beautifully authentic in appearance as they are tough and durable. These smooth-surface tops are a favorite in outdoor spaces across the country and mix seamlessly with pieces from our seating collections.</p>","34.25"" H",{'Material': 'Aluminum'},,,,47,True,True,2026-06-01 06:37:35.145620+00:00,2026-06-08 21:38:24.958000+00:00
4360,3742RBSG,Balcony Table,42-balcony-table-stonegate-homecrest,Stonegate,"42"" Balcony Table — Homecrest Stonegate collection.","42"" Balcony Table — Homecrest Stonegate collection.

<p>Featuring the dramatic beauty of natural rock, our Stonegate tops combine natural elements with modern finishes for style and durability. Stonegate is designed to withstand the elements and is available in many shapes and heights. Its clean simplicity and straight-edge finish give Stonegate an on-trend appearance that allows it to adapt to a wide range of design applications, whether residential or commercial.</p>","34.25"" H",{'Material': 'Aluminum'},,,,47,True,True,2026-06-01 06:37:41.213060+00:00,2026-06-08 21:38:25.050000+00:00
4385,3742RBTM,Balcony Table,42-balcony-table-timber-homecrest,Timber,"42"" Balcony Table — Homecrest Timber collection.","42"" Balcony Table — Homecrest Timber collection.

<p>Cast from beautiful reclaimed wood tables, our popular Timber collection is on trend and timeless. Using the same technology we use in all Natural Series tops, we are able to achieve a look that is marvelously realistic while retaining the outstanding outdoor performance characteristics you expect from Homecrest. Timber is available in a variety of authentic colors to coordinate with unique color themes.</p>","42"" W x 42"" D x 34.25"" H","{'Notes': 'with Hole', 'Material': 'Aluminum'}",,,,47,True,True,2026-06-01 06:37:46.490689+00:00,2026-06-08 21:38:25.131000+00:00
4228,3742RCCTNU,Chat Table,42-chat-table-concrete-homecrest,Concrete,"42"" Chat Table — Homecrest Concrete collection.","42"" Chat Table — Homecrest Concrete collection.

<p>Offering a simple yet sophisticated style to your outdoor space design has never been easier than with Homecrest’s Concrete table tops. A member of our Natural Series collection, our Concrete tables are crafted using the latest in composite technology, giving you a contemporary, industrial-chic piece that is as durable as it is beautiful. This collection is sure to please those with an eye for innovative aesthetics.</p>","21.5"" H",{'Material': 'Aluminum'},,,,52,True,True,2026-06-01 06:37:17.182209+00:00,2026-06-23 18:14:57.428150+00:00
4271,3742RCLTNU,Chat Table,42-chat-table-latitude-homecrest,Latitude,"42"" Chat Table — Homecrest Latitude collection.","42"" Chat Table — Homecrest Latitude collection.

<p>Enjoy the beauty of the outdoors with Homecrest’s stunning Latitude collection. The attractive and functional Latitude tables feature an all-aluminum construction and are well-suited for both dining and deep seating applications. Whether for residential or commercial, Latitude combines style and function to create a fresh look in any outdoor space.</p>","21.25"" H","{'Notes': 'no Hole', 'Material': 'Aluminum'}",,,,52,True,True,2026-06-01 06:37:24.768979+00:00,2026-06-23 18:14:57.428150+00:00
4302,3742RCSHNU,Chat Table,42-chat-table-shadow-rock-homecrest,Shadow Rock,"42"" Chat Table — Homecrest Shadow Rock collection.","42"" Chat Table — Homecrest Shadow Rock collection.

<p>Homecrest’s elegant Shadow Rock tops provide an attractive look and are the perfect complement to any outdoor furniture set. With its beautiful, distinct texture and natural colors, the Shadow Rock top creates a stunning centerpiece for your outdoor area and provides a laid-back atmosphere of relaxation and conversation. Available in several heights, top sizes, and finishes, Shadow Rock features top-quality, American-made components that will withstand weather and can be used season after season.</p>","21.5"" H",{'Material': 'Aluminum'},,,,52,True,True,2026-06-01 06:37:29.906178+00:00,2026-06-23 18:14:57.428150+00:00
4330,3742RCSLNU,Chat Table,42-chat-table-slate-homecrest,Slate,"42"" Chat Table — Homecrest Slate collection.","42"" Chat Table — Homecrest Slate collection.

<p>A welcome addition to any outdoor space, Homecrest’s Slate tops feature a rustic elegance that could only be inspired by nature. Cast from the pattern and subtle texture of natural slate and produced using industry-leading technology, Homecrest Slate tops are as beautifully authentic in appearance as they are tough and durable. These smooth-surface tops are a favorite in outdoor spaces across the country and mix seamlessly with pieces from our seating collections.</p>","21.5"" H",{'Material': 'Aluminum'},,,,52,True,True,2026-06-01 06:37:34.737073+00:00,2026-06-23 18:14:57.428150+00:00
4358,3742RCSGNU,Chat Table,42-chat-table-stonegate-homecrest,Stonegate,"42"" Chat Table — Homecrest Stonegate collection.","42"" Chat Table — Homecrest Stonegate collection.

<p>Featuring the dramatic beauty of natural rock, our Stonegate tops combine natural elements with modern finishes for style and durability. Stonegate is designed to withstand the elements and is available in many shapes and heights. Its clean simplicity and straight-edge finish give Stonegate an on-trend appearance that allows it to adapt to a wide range of design applications, whether residential or commercial.</p>","21.5"" H",{'Material': 'Aluminum'},,,,52,True,True,2026-06-01 06:37:40.670670+00:00,2026-06-23 18:14:57.428150+00:00
4383,3742RCTMNU,Chat Table,42-chat-table-timber-homecrest,Timber,"42"" Chat Table — Homecrest Timber collection.","42"" Chat Table — Homecrest Timber collection.

<p>Cast from beautiful reclaimed wood tables, our popular Timber collection is on trend and timeless. Using the same technology we use in all Natural Series tops, we are able to achieve a look that is marvelously realistic while retaining the outstanding outdoor performance characteristics you expect from Homecrest. Timber is available in a variety of authentic colors to coordinate with unique color themes.</p>","42"" W x 42"" D x 21.25"" H","{'Notes': 'no Hole', 'Material': 'Aluminum'}",,,,52,True,True,2026-06-01 06:37:46.091835+00:00,2026-06-23 18:14:57.428150+00:00
4229,3742RFCT,Dining Table,42-dining-table-concrete-homecrest,Concrete,"42"" Dining Table — Homecrest Concrete collection.","42"" Dining Table — Homecrest Concrete collection.

<p>Offering a simple yet sophisticated style to your outdoor space design has never been easier than with Homecrest’s Concrete table tops. A member of our Natural Series collection, our Concrete tables are crafted using the latest in composite technology, giving you a contemporary, industrial-chic piece that is as durable as it is beautiful. This collection is sure to please those with an eye for innovative aesthetics.</p>","29.25"" H",{'Material': 'Aluminum'},,,,44,True,True,2026-06-01 06:37:17.421675+00:00,2026-06-08 21:38:23.346000+00:00
4272,3742RFLT,Dining Table,42-dining-table-latitude-homecrest,Latitude,"42"" Dining Table — Homecrest Latitude collection.","42"" Dining Table — Homecrest Latitude collection.

<p>Enjoy the beauty of the outdoors with Homecrest’s stunning Latitude collection. The attractive and functional Latitude tables feature an all-aluminum construction and are well-suited for both dining and deep seating applications. Whether for residential or commercial, Latitude combines style and function to create a fresh look in any outdoor space.</p>","29.25"" H","{'Notes': 'with Hole', 'Material': 'Aluminum'}",,,,44,True,True,2026-06-01 06:37:25.005679+00:00,2026-06-08 21:38:24.684000+00:00
4291,2742SFHD,Dining Table,42-dining-table-medley-homecrest,Medley,"42"" Dining Table — Homecrest Medley collection.","42"" Dining Table — Homecrest Medley collection.

<p>Elevate your outdoor dining experience with the Medley collection. Constructed with a powder-coated aluminum frame and durable all-weather poly (HDPE) top, Medley visually resembles natural wood but eliminates the upkeep and maintenance that comes with it. Transform your outdoor space with this sturdy table that combines robust design and practical elegance.</p>","42"" W x 42"" D x 30"" H",{'Notes': 'with Hole'},,,,44,True,True,2026-06-01 06:37:28.163745+00:00,2026-06-08 21:38:24.724000+00:00
4303,3742RFSH,Dining Table,42-dining-table-shadow-rock-homecrest,Shadow Rock,"42"" Dining Table — Homecrest Shadow Rock collection.","42"" Dining Table — Homecrest Shadow Rock collection.

<p>Homecrest’s elegant Shadow Rock tops provide an attractive look and are the perfect complement to any outdoor furniture set. With its beautiful, distinct texture and natural colors, the Shadow Rock top creates a stunning centerpiece for your outdoor area and provides a laid-back atmosphere of relaxation and conversation. Available in several heights, top sizes, and finishes, Shadow Rock features top-quality, American-made components that will withstand weather and can be used season after season.</p>","29.25"" H",{'Material': 'Aluminum'},,,,44,True,True,2026-06-01 06:37:30.037387+00:00,2026-06-08 21:38:24.765000+00:00
4331,3742RFSL,Dining Table,42-dining-table-slate-homecrest,Slate,"42"" Dining Table — Homecrest Slate collection.","42"" Dining Table — Homecrest Slate collection.

<p>A welcome addition to any outdoor space, Homecrest’s Slate tops feature a rustic elegance that could only be inspired by nature. Cast from the pattern and subtle texture of natural slate and produced using industry-leading technology, Homecrest Slate tops are as beautifully authentic in appearance as they are tough and durable. These smooth-surface tops are a favorite in outdoor spaces across the country and mix seamlessly with pieces from our seating collections.</p>","29.25"" H",{'Material': 'Aluminum'},,,,44,True,True,2026-06-01 06:37:34.946407+00:00,2026-06-08 21:38:24.955000+00:00
4359,3742RFSG,Dining Table,42-dining-table-stonegate-homecrest,Stonegate,"42"" Dining Table — Homecrest Stonegate collection.","42"" Dining Table — Homecrest Stonegate collection.

<p>Featuring the dramatic beauty of natural rock, our Stonegate tops combine natural elements with modern finishes for style and durability. Stonegate is designed to withstand the elements and is available in many shapes and heights. Its clean simplicity and straight-edge finish give Stonegate an on-trend appearance that allows it to adapt to a wide range of design applications, whether residential or commercial.</p>","29.25"" H",{'Material': 'Aluminum'},,,,44,True,True,2026-06-01 06:37:40.882214+00:00,2026-06-08 21:38:25.047000+00:00
4384,3742RFTM,Dining Table,42-dining-table-timber-homecrest,Timber,"42"" Dining Table — Homecrest Timber collection.","42"" Dining Table — Homecrest Timber collection.

<p>Cast from beautiful reclaimed wood tables, our popular Timber collection is on trend and timeless. Using the same technology we use in all Natural Series tops, we are able to achieve a look that is marvelously realistic while retaining the outstanding outdoor performance characteristics you expect from Homecrest. Timber is available in a variety of authentic colors to coordinate with unique color themes.</p>","42"" W x 42"" D x 29.25"" H","{'Notes': 'with Hole', 'Material': 'Aluminum'}",,,,44,True,True,2026-06-01 06:37:46.294772+00:00,2026-06-08 21:38:25.127000+00:00
4400,42SQCTTT,Lounge Fire Table,42-lounge-fire-table-concrete-fire-tables-homecrest,Tables,"42"" Lounge Fire Table — Homecrest Concrete Fire Tables collection.","42"" Lounge Fire Table — Homecrest Concrete Fire Tables collection.

<p>This is the perfect top for achieving a modern, industrial look. Our Concrete tops are a part of our Natural Series collection, which brings a sophisticated organic design element to outdoor spaces utilizing the latest in composite technology. Homecrest fire tables feature powerful burners delivering up to 65,000 BTUs and are compatible with both natural gas and liquid propane. Each table includes a concealed fuel tank and comes standard with your choice of fire jewelry, a secure key, and a black 3/4"" aluminum fire burner riser.</p>","21.5"" H",{'Notes': 'Top: 42SQCTTT; Base: 89SNC (-JLP or -JNG); Use fire table cover 005106'},,,,45,True,True,2026-06-01 06:37:49.696427+00:00,2026-06-08 21:38:25.180000+00:00
4409,42SQSHTT,Lounge Fire Table,42-lounge-fire-table-shadow-rock-fire-tables-homecrest,Tables,"42"" Lounge Fire Table — Homecrest Shadow Rock Fire Tables collection.","42"" Lounge Fire Table — Homecrest Shadow Rock Fire Tables collection.

<p>The distinct texture and natural colors of Homecrest’s Shadow Rock fire tables complement any outdoor furniture set beautifully. These handcrafted fire table tops feature subtle texture with a natural edge and are able to withstand the test of time and weather, season after season. Homecrest fire tables feature powerful burners delivering up to 65,000 BTUs and are compatible with both natural gas and liquid propane. Each table includes a concealed fuel tank and comes standard with your choice of fire jewelry, a secure key, and a black 3/4"" aluminum fire burner riser.</p>","21.5"" H","{'Notes': 'Top: 42SQSHTT, Base: 89SNC (-JLP or -JNG), Use fire table cover 005106'}",,,,45,True,True,2026-06-01 06:37:51.069750+00:00,2026-06-08 21:38:25.209000+00:00
4414,42SQSLTT,Lounge Fire Table,42-lounge-fire-table-slate-fire-tables-homecrest,Tables,"42"" Lounge Fire Table — Homecrest Slate Fire Tables collection.","42"" Lounge Fire Table — Homecrest Slate Fire Tables collection.

<p>Rustic yet elegant, Homecrest’s handcrafted Slate fire tables are a refreshing addition to any outdoor space. Featuring authentic patterns and subtle textures, these smooth-surface fire tables are cast from natural slate and are available in a variety of colors. Our Slate fire tables are as beautiful as they are durable. Homecrest fire tables feature powerful burners delivering up to 65,000 BTUs and are compatible with both natural gas and liquid propane. Each table includes a concealed fuel tank and comes standard with your choice of fire jewelry, a secure key, and a black 3/4"" aluminum fire burner riser.</p>","21.5"" H","{'Notes': 'Top: 42SQSLTT, Base: 89SNC (-JLP or -JNG), Use fire table cover 005106'}",,,,45,True,True,2026-06-01 06:37:51.832358+00:00,2026-06-08 21:38:25.225000+00:00
4419,42SQSGTT,Lounge Fire Table,42-lounge-fire-table-stonegate-fire-tables-homecrest,Tables,"42"" Lounge Fire Table — Homecrest Stonegate Fire Tables collection.","42"" Lounge Fire Table — Homecrest Stonegate Fire Tables collection.

<p>Stonegate fire tables feature the dramatic beauty of natural rock and a clean, straight-edge finish to create a versatile design. Combining traditional elements with modern finishes, Stonegate is made for style and durability. These fire tables are on-trend yet timeless and perfect for both residential and commercial applications. Homecrest fire tables feature powerful burners delivering up to 65,000 BTUs and are compatible with both natural gas and liquid propane. Each table includes a concealed fuel tank and comes standard with your choice of fire jewelry, a secure key, and a black 3/4"" aluminum fire burner riser.</p>","21.5"" H","{'Notes': 'Top: 42SQSGTT, Base: 89SNC (-JLP or -JNG), Use fire table cover 005106'}",,,,45,True,True,2026-06-01 06:37:52.953609+00:00,2026-06-08 21:38:25.251000+00:00
4424,42SQTMTT,Lounge Fire Table,42-lounge-fire-table-timber-fire-tables-homecrest,Tables,"42"" Lounge Fire Table — Homecrest Timber Fire Tables collection.","42"" Lounge Fire Table — Homecrest Timber Fire Tables collection.

<p>Individually handcrafted and cast from beautiful reclaimed wood tables, our Timber fire tables look incredibly realistic. Our Timber tops are made with extremely durable materials, allowing them to withstand even the toughest weather conditions. Homecrest fire tables feature powerful burners delivering up to 65,000 BTUs and are compatible with both natural gas and liquid propane. Each table includes a concealed fuel tank and comes standard with your choice of fire jewelry, a secure key, and a black 3/4"" aluminum fire burner riser.</p>","42"" W x 42"" D x 21.5"" H","{'Notes': 'Top: 42SQTMTT, Base: 89SNC (-JLP or -JNG), Use fire table cover 005106'}",,,,45,True,True,2026-06-01 06:37:53.864268+00:00,2026-06-08 21:38:25.235000+00:00
4266,C0042RWZNU,Round Top Only,42-round-top-only-integrity-homecrest,Integrity,"42"" Round Top Only — Homecrest Integrity collection.","42"" Round Top Only — Homecrest Integrity collection.

<p>Integrity table tops achieve a commercial trifecta, uniting extreme durability, excellent utility, and pleasing aesthetics in a single unit. These tables are impervious to chemical and thermal effects; meet rigorous standards for UV resistance, impact testing, and hygiene; and are a breeze to maintain in any outdoor application. Available in multiple sizes and finish options, Integrity tops can be paired with a variety of Homecrest bases to meet the height, functional, and aesthetic requirements of your project.</p>",,"{'Weight': '0 lbs', 'Material': 'Composite Melamine | Aluminum'}",,,,52,True,True,2026-06-01 06:37:23.712994+00:00,2026-06-23 18:14:57.428150+00:00
4286,5042R,Round Top Only,42-round-top-only-latitude-homecrest,Latitude,"42"" Round Top Only — Homecrest Latitude collection.","42"" Round Top Only — Homecrest Latitude collection.

<p>Enjoy the beauty of the outdoors with Homecrest’s stunning Latitude collection. The attractive and functional Latitude tables feature an all-aluminum construction and are well-suited for both dining and deep seating applications. Whether for residential or commercial, Latitude combines style and function to create a fresh look in any outdoor space.</p>",,"{'Weight': '0 lbs', 'Material': 'Aluminum'}",,,,52,True,True,2026-06-01 06:37:27.488223+00:00,2026-06-23 18:14:57.428150+00:00
4287,5042S,Square Top Only,42-square-top-only-latitude-homecrest,Latitude,"42"" Square Top Only — Homecrest Latitude collection.","42"" Square Top Only — Homecrest Latitude collection.

<p>Enjoy the beauty of the outdoors with Homecrest’s stunning Latitude collection. The attractive and functional Latitude tables feature an all-aluminum construction and are well-suited for both dining and deep seating applications. Whether for residential or commercial, Latitude combines style and function to create a fresh look in any outdoor space.</p>",,"{'Weight': '0 lbs', 'Material': 'Aluminum'}",,,,52,True,True,2026-06-01 06:37:27.626339+00:00,2026-06-23 18:14:57.428150+00:00
4246,C0042RCT,Table Top Only,42-table-top-only-concrete-homecrest,Concrete,"42"" Table Top Only — Homecrest Concrete collection.","42"" Table Top Only — Homecrest Concrete collection.

<p>Offering a simple yet sophisticated style to your outdoor space design has never been easier than with Homecrest’s Concrete table tops. A member of our Natural Series collection, our Concrete tables are crafted using the latest in composite technology, giving you a contemporary, industrial-chic piece that is as durable as it is beautiful. This collection is sure to please those with an eye for innovative aesthetics.</p>",,"{'Weight': '0 lbs', 'Material': 'Natural Series'}",,,,52,True,True,2026-06-01 06:37:20.215352+00:00,2026-06-23 18:14:57.428150+00:00
4298,C4242SHD,Table Top Only,42-table-top-only-medley-homecrest,Medley,"42"" Table Top Only — Homecrest Medley collection.","42"" Table Top Only — Homecrest Medley collection.

<p>Elevate your outdoor dining experience with the Medley collection. Constructed with a powder-coated aluminum frame and durable all-weather poly (HDPE) top, Medley visually resembles natural wood but eliminates the upkeep and maintenance that comes with it. Transform your outdoor space with this sturdy table that combines robust design and practical elegance.</p>",,"{'Weight': '36 lbs', 'Material': 'All-Weather Poly'}",,,,52,True,True,2026-06-01 06:37:29.131428+00:00,2026-06-23 18:14:57.428150+00:00
4215,1342R,Table Top Only,42-table-top-only-mode-club-homecrest,Club,"42"" Table Top Only — Homecrest Mode Club collection.","42"" Table Top Only — Homecrest Mode Club collection.

<p>Building on our popular Mode collection, Homecrest's Mode Club is a complementary series of contemporary table tops that are uniquely designed for hospitality applications. Mode Club tables feature clean lines and smooth contours in a variety of shapes and sizes that are specifically selected for outdoor spaces in public places. Like its sister collection, Mode Club tops are available in DuoTone color options. Pair these sophisticated tops with the Homecrest base that appropriately meets the height, functional, and aesthetic requirements of your project.</p>",,"{'Weight': '0 lbs', 'Material': 'Aluminum'}",,,,52,True,True,2026-06-01 06:37:14.868675+00:00,2026-06-23 18:14:57.428150+00:00
4325,C0042RSH,Table Top Only,42-table-top-only-shadow-rock-homecrest,Shadow Rock,"42"" Table Top Only — Homecrest Shadow Rock collection.","42"" Table Top Only — Homecrest Shadow Rock collection.

<p>Homecrest’s elegant Shadow Rock tops provide an attractive look and are the perfect complement to any outdoor furniture set. With its beautiful, distinct texture and natural colors, the Shadow Rock top creates a stunning centerpiece for your outdoor area and provides a laid-back atmosphere of relaxation and conversation. Available in several heights, top sizes, and finishes, Shadow Rock features top-quality, American-made components that will withstand weather and can be used season after season.</p>",,"{'Weight': '0 lbs', 'Material': 'Natural Series'}",,,,52,True,True,2026-06-01 06:37:33.809852+00:00,2026-06-23 18:14:57.428150+00:00
4353,C0042RSL,Table Top Only,42-table-top-only-slate-homecrest,Slate,"42"" Table Top Only — Homecrest Slate collection.","42"" Table Top Only — Homecrest Slate collection.

<p>A welcome addition to any outdoor space, Homecrest’s Slate tops feature a rustic elegance that could only be inspired by nature. Cast from the pattern and subtle texture of natural slate and produced using industry-leading technology, Homecrest Slate tops are as beautifully authentic in appearance as they are tough and durable. These smooth-surface tops are a favorite in outdoor spaces across the country and mix seamlessly with pieces from our seating collections.</p>",,"{'Weight': '0 lbs', 'Material': 'Natural Series'}",,,,52,True,True,2026-06-01 06:37:39.805269+00:00,2026-06-23 18:14:57.428150+00:00
4379,C0042RSG,Table Top Only,42-table-top-only-stonegate-homecrest,Stonegate,"42"" Table Top Only — Homecrest Stonegate collection.","42"" Table Top Only — Homecrest Stonegate collection.

<p>Featuring the dramatic beauty of natural rock, our Stonegate tops combine natural elements with modern finishes for style and durability. Stonegate is designed to withstand the elements and is available in many shapes and heights. Its clean simplicity and straight-edge finish give Stonegate an on-trend appearance that allows it to adapt to a wide range of design applications, whether residential or commercial.</p>",,"{'Weight': '0 lbs', 'Material': 'Natural Series'}",,,,52,True,True,2026-06-01 06:37:45.481547+00:00,2026-06-23 18:14:57.428150+00:00
4399,C0042RTM,Table Top Only,42-table-top-only-timber-homecrest,Timber,"42"" Table Top Only — Homecrest Timber collection.","42"" Table Top Only — Homecrest Timber collection.

<p>Cast from beautiful reclaimed wood tables, our popular Timber collection is on trend and timeless. Using the same technology we use in all Natural Series tops, we are able to achieve a look that is marvelously realistic while retaining the outstanding outdoor performance characteristics you expect from Homecrest. Timber is available in a variety of authentic colors to coordinate with unique color themes.</p>",,"{'Weight': '0 lbs', 'Material': 'Natural Series'}",,,,52,True,True,2026-06-01 06:37:49.542283+00:00,2026-06-23 18:14:57.428150+00:00
4232,374262BCT,Balcony Table,42-x-62-balcony-table-concrete-homecrest,Concrete,"42"" x 62"" Balcony Table — Homecrest Concrete collection.","42"" x 62"" Balcony Table — Homecrest Concrete collection.

<p>Offering a simple yet sophisticated style to your outdoor space design has never been easier than with Homecrest’s Concrete table tops. A member of our Natural Series collection, our Concrete tables are crafted using the latest in composite technology, giving you a contemporary, industrial-chic piece that is as durable as it is beautiful. This collection is sure to please those with an eye for innovative aesthetics.</p>","34.25"" H",{'Material': 'Aluminum'},,,,47,True,True,2026-06-01 06:37:17.892554+00:00,2026-06-21 02:25:08.663619+00:00
4362,374262BSG,Balcony Table,42-x-62-balcony-table-stonegate-homecrest,Stonegate,"42"" x 62"" Balcony Table — Homecrest Stonegate collection.","42"" x 62"" Balcony Table — Homecrest Stonegate collection.

<p>Featuring the dramatic beauty of natural rock, our Stonegate tops combine natural elements with modern finishes for style and durability. Stonegate is designed to withstand the elements and is available in many shapes and heights. Its clean simplicity and straight-edge finish give Stonegate an on-trend appearance that allows it to adapt to a wide range of design applications, whether residential or commercial.</p>","34.25"" H",{'Material': 'Aluminum'},,,,47,True,True,2026-06-01 06:37:41.654407+00:00,2026-06-21 02:25:08.663619+00:00
4231,374262FCT,Dining Table,42-x-62-dining-table-concrete-homecrest,Concrete,"42"" x 62"" Dining Table — Homecrest Concrete collection.","42"" x 62"" Dining Table — Homecrest Concrete collection.

<p>Offering a simple yet sophisticated style to your outdoor space design has never been easier than with Homecrest’s Concrete table tops. A member of our Natural Series collection, our Concrete tables are crafted using the latest in composite technology, giving you a contemporary, industrial-chic piece that is as durable as it is beautiful. This collection is sure to please those with an eye for innovative aesthetics.</p>","29.25"" H",{'Material': 'Aluminum'},,,,44,True,True,2026-06-01 06:37:17.761219+00:00,2026-06-21 02:25:08.663619+00:00
4361,374262FSG,Dining Table,42-x-62-dining-table-stonegate-homecrest,Stonegate,"42"" x 62"" Dining Table — Homecrest Stonegate collection.","42"" x 62"" Dining Table — Homecrest Stonegate collection.

<p>Featuring the dramatic beauty of natural rock, our Stonegate tops combine natural elements with modern finishes for style and durability. Stonegate is designed to withstand the elements and is available in many shapes and heights. Its clean simplicity and straight-edge finish give Stonegate an on-trend appearance that allows it to adapt to a wide range of design applications, whether residential or commercial.</p>","29.25"" H",{'Material': 'Aluminum'},,,,44,True,True,2026-06-01 06:37:41.414863+00:00,2026-06-21 02:25:08.663619+00:00
4306,374272BSH,Balcony Table,42-x-72-balcony-table-shadow-rock-homecrest,Shadow Rock,"42"" x 72"" Balcony Table — Homecrest Shadow Rock collection.","42"" x 72"" Balcony Table — Homecrest Shadow Rock collection.

<p>Homecrest’s elegant Shadow Rock tops provide an attractive look and are the perfect complement to any outdoor furniture set. With its beautiful, distinct texture and natural colors, the Shadow Rock top creates a stunning centerpiece for your outdoor area and provides a laid-back atmosphere of relaxation and conversation. Available in several heights, top sizes, and finishes, Shadow Rock features top-quality, American-made components that will withstand weather and can be used season after season.</p>","34.25"" H",{'Material': 'Aluminum'},,,,47,True,True,2026-06-01 06:37:30.626118+00:00,2026-06-08 21:38:24.775000+00:00
4336,374272BSL,Balcony Table,42-x-72-balcony-table-slate-homecrest,Slate,"42"" x 72"" Balcony Table — Homecrest Slate collection.","42"" x 72"" Balcony Table — Homecrest Slate collection.

<p>A welcome addition to any outdoor space, Homecrest’s Slate tops feature a rustic elegance that could only be inspired by nature. Cast from the pattern and subtle texture of natural slate and produced using industry-leading technology, Homecrest Slate tops are as beautifully authentic in appearance as they are tough and durable. These smooth-surface tops are a favorite in outdoor spaces across the country and mix seamlessly with pieces from our seating collections.</p>","34.25"" H",{'Material': 'Aluminum'},,,,47,True,True,2026-06-01 06:37:36.117141+00:00,2026-06-08 21:38:24.970000+00:00
4308,374272FSH,Dining Table,42-x-72-dining-table-shadow-rock-homecrest,Shadow Rock,"42"" x 72"" Dining Table — Homecrest Shadow Rock collection.","42"" x 72"" Dining Table — Homecrest Shadow Rock collection.

<p>Homecrest’s elegant Shadow Rock tops provide an attractive look and are the perfect complement to any outdoor furniture set. With its beautiful, distinct texture and natural colors, the Shadow Rock top creates a stunning centerpiece for your outdoor area and provides a laid-back atmosphere of relaxation and conversation. Available in several heights, top sizes, and finishes, Shadow Rock features top-quality, American-made components that will withstand weather and can be used season after season.</p>","29.25"" H",{'Material': 'Aluminum'},,,,44,True,True,2026-06-01 06:37:30.896901+00:00,2026-06-08 21:38:24.781000+00:00
4335,374272FSL,Dining Table,42-x-72-dining-table-slate-homecrest,Slate,"42"" x 72"" Dining Table — Homecrest Slate collection.","42"" x 72"" Dining Table — Homecrest Slate collection.

<p>A welcome addition to any outdoor space, Homecrest’s Slate tops feature a rustic elegance that could only be inspired by nature. Cast from the pattern and subtle texture of natural slate and produced using industry-leading technology, Homecrest Slate tops are as beautifully authentic in appearance as they are tough and durable. These smooth-surface tops are a favorite in outdoor spaces across the country and mix seamlessly with pieces from our seating collections.</p>","29.25"" H",{'Material': 'Aluminum'},,,,44,True,True,2026-06-01 06:37:35.862781+00:00,2026-06-08 21:38:24.968000+00:00
4275,374274XBLT,Balcony Table,42-x-74-balcony-table-latitude-homecrest,Latitude,"42"" x 74"" Balcony Table — Homecrest Latitude collection.","42"" x 74"" Balcony Table — Homecrest Latitude collection.

<p>Enjoy the beauty of the outdoors with Homecrest’s stunning Latitude collection. The attractive and functional Latitude tables feature an all-aluminum construction and are well-suited for both dining and deep seating applications. Whether for residential or commercial, Latitude combines style and function to create a fresh look in any outdoor space.</p>","42"" W x 74"" L x 34"" H","{'Notes': 'with Hole', 'Material': 'Aluminum'}",,,,47,True,True,2026-06-01 06:37:25.569371+00:00,2026-06-08 21:38:24.646000+00:00
4274,374274XFLT,Dining Table,42-x-74-dining-table-latitude-homecrest,Latitude,"42"" x 74"" Dining Table — Homecrest Latitude collection.","42"" x 74"" Dining Table — Homecrest Latitude collection.

<p>Enjoy the beauty of the outdoors with Homecrest’s stunning Latitude collection. The attractive and functional Latitude tables feature an all-aluminum construction and are well-suited for both dining and deep seating applications. Whether for residential or commercial, Latitude combines style and function to create a fresh look in any outdoor space.</p>","42"" W x 74"" L x 29.25"" H","{'Notes': 'with Hole', 'Material': 'Aluminum'}",,,,44,True,True,2026-06-01 06:37:25.356431+00:00,2026-06-08 21:38:23.923000+00:00
4310,374282BSH,Balcony Table,42-x-82-balcony-table-shadow-rock-homecrest,Shadow Rock,"42"" x 82"" Balcony Table — Homecrest Shadow Rock collection.","42"" x 82"" Balcony Table — Homecrest Shadow Rock collection.

<p>Homecrest’s elegant Shadow Rock tops provide an attractive look and are the perfect complement to any outdoor furniture set. With its beautiful, distinct texture and natural colors, the Shadow Rock top creates a stunning centerpiece for your outdoor area and provides a laid-back atmosphere of relaxation and conversation. Available in several heights, top sizes, and finishes, Shadow Rock features top-quality, American-made components that will withstand weather and can be used season after season.</p>","34.25"" H",{'Material': 'Aluminum'},,,,47,True,True,2026-06-01 06:37:31.281712+00:00,2026-06-21 02:25:08.663619+00:00
4339,374282BSL,Balcony Table,42-x-82-balcony-table-slate-homecrest,Slate,"42"" x 82"" Balcony Table — Homecrest Slate collection.","42"" x 82"" Balcony Table — Homecrest Slate collection.

<p>A welcome addition to any outdoor space, Homecrest’s Slate tops feature a rustic elegance that could only be inspired by nature. Cast from the pattern and subtle texture of natural slate and produced using industry-leading technology, Homecrest Slate tops are as beautifully authentic in appearance as they are tough and durable. These smooth-surface tops are a favorite in outdoor spaces across the country and mix seamlessly with pieces from our seating collections.</p>","34.25"" H",{'Material': 'Aluminum'},,,,47,True,True,2026-06-01 06:37:36.813356+00:00,2026-06-21 02:25:08.663619+00:00
4309,374282FSH,Dining Table,42-x-82-dining-table-shadow-rock-homecrest,Shadow Rock,"42"" x 82"" Dining Table — Homecrest Shadow Rock collection.","42"" x 82"" Dining Table — Homecrest Shadow Rock collection.

<p>Homecrest’s elegant Shadow Rock tops provide an attractive look and are the perfect complement to any outdoor furniture set. With its beautiful, distinct texture and natural colors, the Shadow Rock top creates a stunning centerpiece for your outdoor area and provides a laid-back atmosphere of relaxation and conversation. Available in several heights, top sizes, and finishes, Shadow Rock features top-quality, American-made components that will withstand weather and can be used season after season.</p>","29.25"" H",{'Material': 'Aluminum'},,,,44,True,True,2026-06-01 06:37:31.047971+00:00,2026-06-21 02:25:08.663619+00:00
4337,374282FSL,Dining Table,42-x-82-dining-table-slate-homecrest,Slate,"42"" x 82"" Dining Table — Homecrest Slate collection.","42"" x 82"" Dining Table — Homecrest Slate collection.

<p>A welcome addition to any outdoor space, Homecrest’s Slate tops feature a rustic elegance that could only be inspired by nature. Cast from the pattern and subtle texture of natural slate and produced using industry-leading technology, Homecrest Slate tops are as beautifully authentic in appearance as they are tough and durable. These smooth-surface tops are a favorite in outdoor spaces across the country and mix seamlessly with pieces from our seating collections.</p>","29.25"" H",{'Material': 'Aluminum'},,,,44,True,True,2026-06-01 06:37:36.340887+00:00,2026-06-21 02:25:08.663619+00:00
4234,374284BCT,Balcony Table,42-x-84-balcony-table-concrete-homecrest,Concrete,"42"" x 84"" Balcony Table — Homecrest Concrete collection.","42"" x 84"" Balcony Table — Homecrest Concrete collection.

<p>Offering a simple yet sophisticated style to your outdoor space design has never been easier than with Homecrest’s Concrete table tops. A member of our Natural Series collection, our Concrete tables are crafted using the latest in composite technology, giving you a contemporary, industrial-chic piece that is as durable as it is beautiful. This collection is sure to please those with an eye for innovative aesthetics.</p>","34.25"" H",{'Material': 'Aluminum'},,,,47,True,True,2026-06-01 06:37:18.219723+00:00,2026-06-08 21:38:24.552000+00:00
4294,254284BHD,Balcony Table,42-x-84-balcony-table-medley-homecrest,Medley,"42"" x 84"" Balcony Table — Homecrest Medley collection.","42"" x 84"" Balcony Table — Homecrest Medley collection.

<p>Elevate your outdoor dining experience with the Medley collection. Constructed with a powder-coated aluminum frame and durable all-weather poly (HDPE) top, Medley visually resembles natural wood but eliminates the upkeep and maintenance that comes with it. Transform your outdoor space with this sturdy table that combines robust design and practical elegance.</p>","42"" W x 84"" L x 35"" H",{'Notes': 'with Hole'},,,,47,True,True,2026-06-01 06:37:28.565341+00:00,2026-06-08 21:38:24.734000+00:00
4365,374284BSG,Balcony Table,42-x-84-balcony-table-stonegate-homecrest,Stonegate,"42"" x 84"" Balcony Table — Homecrest Stonegate collection.","42"" x 84"" Balcony Table — Homecrest Stonegate collection.

<p>Featuring the dramatic beauty of natural rock, our Stonegate tops combine natural elements with modern finishes for style and durability. Stonegate is designed to withstand the elements and is available in many shapes and heights. Its clean simplicity and straight-edge finish give Stonegate an on-trend appearance that allows it to adapt to a wide range of design applications, whether residential or commercial.</p>","34.25"" H",{'Material': 'Aluminum'},,,,47,True,True,2026-06-01 06:37:42.325855+00:00,2026-06-21 02:25:08.663619+00:00
4387,254284BTM,Balcony Table,42-x-84-balcony-table-timber-homecrest,Timber,"42"" x 84"" Balcony Table — Homecrest Timber collection.","42"" x 84"" Balcony Table — Homecrest Timber collection.

<p>Cast from beautiful reclaimed wood tables, our popular Timber collection is on trend and timeless. Using the same technology we use in all Natural Series tops, we are able to achieve a look that is marvelously realistic while retaining the outstanding outdoor performance characteristics you expect from Homecrest. Timber is available in a variety of authentic colors to coordinate with unique color themes.</p>",,{'Material': 'Natural Series'},,,,47,True,True,2026-06-01 06:37:46.984768+00:00,2026-06-08 21:38:25.138000+00:00
4233,374284FCT,Dining Table,42-x-84-dining-table-concrete-homecrest,Concrete,"42"" x 84"" Dining Table — Homecrest Concrete collection.","42"" x 84"" Dining Table — Homecrest Concrete collection.

<p>Offering a simple yet sophisticated style to your outdoor space design has never been easier than with Homecrest’s Concrete table tops. A member of our Natural Series collection, our Concrete tables are crafted using the latest in composite technology, giving you a contemporary, industrial-chic piece that is as durable as it is beautiful. This collection is sure to please those with an eye for innovative aesthetics.</p>","29.25"" H",{'Material': 'Aluminum'},,,,44,True,True,2026-06-01 06:37:18.018443+00:00,2026-06-08 21:38:23.811000+00:00
4293,274284FHD,Dining Table,42-x-84-dining-table-medley-homecrest,Medley,"42"" x 84"" Dining Table — Homecrest Medley collection.","42"" x 84"" Dining Table — Homecrest Medley collection.

<p>Elevate your outdoor dining experience with the Medley collection. Constructed with a powder-coated aluminum frame and durable all-weather poly (HDPE) top, Medley visually resembles natural wood but eliminates the upkeep and maintenance that comes with it. Transform your outdoor space with this sturdy table that combines robust design and practical elegance.</p>","42"" W x 84"" L x 30"" H",{'Notes': 'with Hole'},,,,44,True,True,2026-06-01 06:37:28.424332+00:00,2026-06-08 21:38:24.730000+00:00
4363,374284FSG,Dining Table,42-x-84-dining-table-stonegate-homecrest,Stonegate,"42"" x 84"" Dining Table — Homecrest Stonegate collection.","42"" x 84"" Dining Table — Homecrest Stonegate collection.

<p>Featuring the dramatic beauty of natural rock, our Stonegate tops combine natural elements with modern finishes for style and durability. Stonegate is designed to withstand the elements and is available in many shapes and heights. Its clean simplicity and straight-edge finish give Stonegate an on-trend appearance that allows it to adapt to a wide range of design applications, whether residential or commercial.</p>","29.25"" H",{'Material': 'Aluminum'},,,,44,True,True,2026-06-01 06:37:41.866731+00:00,2026-06-21 02:25:08.663619+00:00
4386,274284FTM,Dining Table,42-x-84-dining-table-timber-homecrest,Timber,"42"" x 84"" Dining Table — Homecrest Timber collection.","42"" x 84"" Dining Table — Homecrest Timber collection.

<p>Cast from beautiful reclaimed wood tables, our popular Timber collection is on trend and timeless. Using the same technology we use in all Natural Series tops, we are able to achieve a look that is marvelously realistic while retaining the outstanding outdoor performance characteristics you expect from Homecrest. Timber is available in a variety of authentic colors to coordinate with unique color themes.</p>",,{'Material': 'Natural Series'},,,,44,True,True,2026-06-01 06:37:46.617621+00:00,2026-06-08 21:38:25.134000+00:00
4307,374262BSH,42” x 62” Balcony Table,42-x-62-balcony-table-shadow-rock-homecrest,Shadow Rock,42” x 62” Balcony Table — Homecrest Shadow Rock collection.,"42” x 62” Balcony Table — Homecrest Shadow Rock collection.

<p>Homecrest’s elegant Shadow Rock tops provide an attractive look and are the perfect complement to any outdoor furniture set. With its beautiful, distinct texture and natural colors, the Shadow Rock top creates a stunning centerpiece for your outdoor area and provides a laid-back atmosphere of relaxation and conversation. Available in several heights, top sizes, and finishes, Shadow Rock features top-quality, American-made components that will withstand weather and can be used season after season.</p>","34.25"" H",{'Material': 'Aluminum'},,,,47,True,True,2026-06-01 06:37:30.763711+00:00,2026-06-08 21:38:24.778000+00:00
4334,374262BSL,42” x 62” Balcony Table,42-x-62-balcony-table-slate-homecrest,Slate,42” x 62” Balcony Table — Homecrest Slate collection.,"42” x 62” Balcony Table — Homecrest Slate collection.

<p>A welcome addition to any outdoor space, Homecrest’s Slate tops feature a rustic elegance that could only be inspired by nature. Cast from the pattern and subtle texture of natural slate and produced using industry-leading technology, Homecrest Slate tops are as beautifully authentic in appearance as they are tough and durable. These smooth-surface tops are a favorite in outdoor spaces across the country and mix seamlessly with pieces from our seating collections.</p>","34.25"" H",{'Material': 'Aluminum'},,,,47,True,True,2026-06-01 06:37:35.634524+00:00,2026-06-08 21:38:24.964000+00:00
4305,374262FSH,42” x 62” Dining Table,42-x-62-dining-table-shadow-rock-homecrest,Shadow Rock,42” x 62” Dining Table — Homecrest Shadow Rock collection.,"42” x 62” Dining Table — Homecrest Shadow Rock collection.

<p>Homecrest’s elegant Shadow Rock tops provide an attractive look and are the perfect complement to any outdoor furniture set. With its beautiful, distinct texture and natural colors, the Shadow Rock top creates a stunning centerpiece for your outdoor area and provides a laid-back atmosphere of relaxation and conversation. Available in several heights, top sizes, and finishes, Shadow Rock features top-quality, American-made components that will withstand weather and can be used season after season.</p>","29.25"" H",{'Material': 'Aluminum'},,,,44,True,True,2026-06-01 06:37:30.392689+00:00,2026-06-08 21:38:24.771000+00:00
4333,374262FSL,42” x 62” Dining Table,42-x-62-dining-table-slate-homecrest,Slate,42” x 62” Dining Table — Homecrest Slate collection.,"42” x 62” Dining Table — Homecrest Slate collection.

<p>A welcome addition to any outdoor space, Homecrest’s Slate tops feature a rustic elegance that could only be inspired by nature. Cast from the pattern and subtle texture of natural slate and produced using industry-leading technology, Homecrest Slate tops are as beautifully authentic in appearance as they are tough and durable. These smooth-surface tops are a favorite in outdoor spaces across the country and mix seamlessly with pieces from our seating collections.</p>","29.25"" H",{'Material': 'Aluminum'},,,,44,True,True,2026-06-01 06:37:35.395089+00:00,2026-06-08 21:38:24.961000+00:00
4312,254282BSH,42” x 82” Balcony Table,42-x-82-balcony-table-shadow-rock-homecrest-2,,42” x 82” Balcony Table — Homecrest Shadow Rock collection.,"42” x 82” Balcony Table — Homecrest Shadow Rock collection.

<p>Homecrest’s elegant Shadow Rock tops provide an attractive look and are the perfect complement to any outdoor furniture set. With its beautiful, distinct texture and natural colors, the Shadow Rock top creates a stunning centerpiece for your outdoor area and provides a laid-back atmosphere of relaxation and conversation. Available in several heights, top sizes, and finishes, Shadow Rock features top-quality, American-made components that will withstand weather and can be used season after season.</p>",,{'Material': 'Natural Series'},,,,47,True,True,2026-06-01 06:37:31.727206+00:00,2026-06-08 21:38:24.795000+00:00
4340,254282BSL,42” x 82” Balcony Table,42-x-82-balcony-table-slate-homecrest-2,,42” x 82” Balcony Table — Homecrest Slate collection.,"42” x 82” Balcony Table — Homecrest Slate collection.

<p>A welcome addition to any outdoor space, Homecrest’s Slate tops feature a rustic elegance that could only be inspired by nature. Cast from the pattern and subtle texture of natural slate and produced using industry-leading technology, Homecrest Slate tops are as beautifully authentic in appearance as they are tough and durable. These smooth-surface tops are a favorite in outdoor spaces across the country and mix seamlessly with pieces from our seating collections.</p>",,{'Material': 'Natural Series'},,,,47,True,True,2026-06-01 06:37:37.044161+00:00,2026-06-08 21:38:24.984000+00:00
4311,254282FSH,42” x 82” Dining Table,42-x-82-dining-table-shadow-rock-homecrest-2,,42” x 82” Dining Table — Homecrest Shadow Rock collection.,"42” x 82” Dining Table — Homecrest Shadow Rock collection.

<p>Homecrest’s elegant Shadow Rock tops provide an attractive look and are the perfect complement to any outdoor furniture set. With its beautiful, distinct texture and natural colors, the Shadow Rock top creates a stunning centerpiece for your outdoor area and provides a laid-back atmosphere of relaxation and conversation. Available in several heights, top sizes, and finishes, Shadow Rock features top-quality, American-made components that will withstand weather and can be used season after season.</p>",,{'Material': 'Natural Series'},,,,44,True,True,2026-06-01 06:37:31.486830+00:00,2026-06-08 21:38:24.791000+00:00
4338,254282FSL,42” x 82” Dining Table,42-x-82-dining-table-slate-homecrest-2,,42” x 82” Dining Table — Homecrest Slate collection.,"42” x 82” Dining Table — Homecrest Slate collection.

<p>A welcome addition to any outdoor space, Homecrest’s Slate tops feature a rustic elegance that could only be inspired by nature. Cast from the pattern and subtle texture of natural slate and produced using industry-leading technology, Homecrest Slate tops are as beautifully authentic in appearance as they are tough and durable. These smooth-surface tops are a favorite in outdoor spaces across the country and mix seamlessly with pieces from our seating collections.</p>",,{'Material': 'Natural Series'},,,,44,True,True,2026-06-01 06:37:36.567333+00:00,2026-06-08 21:38:24.977000+00:00
4366,254284BSG,42” x 84” Balcony Table,42-x-84-balcony-table-stonegate-homecrest-2,,42” x 84” Balcony Table — Homecrest Stonegate collection.,"42” x 84” Balcony Table — Homecrest Stonegate collection.

<p>Featuring the dramatic beauty of natural rock, our Stonegate tops combine natural elements with modern finishes for style and durability. Stonegate is designed to withstand the elements and is available in many shapes and heights. Its clean simplicity and straight-edge finish give Stonegate an on-trend appearance that allows it to adapt to a wide range of design applications, whether residential or commercial.</p>",,{'Material': 'Natural Series'},,,,47,True,True,2026-06-01 06:37:42.566806+00:00,2026-06-08 21:38:25.070000+00:00
4364,254284FSG,42” x 84” Dining Table,42-x-84-dining-table-stonegate-homecrest-2,,42” x 84” Dining Table — Homecrest Stonegate collection.,"42” x 84” Dining Table — Homecrest Stonegate collection.

<p>Featuring the dramatic beauty of natural rock, our Stonegate tops combine natural elements with modern finishes for style and durability. Stonegate is designed to withstand the elements and is available in many shapes and heights. Its clean simplicity and straight-edge finish give Stonegate an on-trend appearance that allows it to adapt to a wide range of design applications, whether residential or commercial.</p>",,{'Material': 'Natural Series'},,,,44,True,True,2026-06-01 06:37:42.093724+00:00,2026-06-08 21:38:25.064000+00:00
4200,134444BWH,Balcony Table,44-balcony-table-mode-homecrest,Mode,"44"" Balcony Table — Homecrest Mode collection.","44"" Balcony Table — Homecrest Mode collection.

<p>Add an element of sophistication to your outdoor space with Homecrest's Mode collection. With clean lines and contemporary inspiration, Mode sets the standard in casual chic. Mode features floating aluminum rectangular panels and a sleek appearance that brings an elegant style to your outdoor space. The aluminum top panels that float over the base frame are available in all finishes. DuoTone your Mode table or fire table by selecting one color for the top panels and a coordinating color for the base.</p>","44"" W x 44"" D x 34"" H",{'Notes': 'with Hole'},,,,47,True,True,2026-06-01 06:37:11.204005+00:00,2026-06-08 21:38:24.473000+00:00
4201,134444BRWH,Bar Table,44-bar-table-mode-homecrest,Mode,"44"" Bar Table — Homecrest Mode collection.","44"" Bar Table — Homecrest Mode collection.

<p>Add an element of sophistication to your outdoor space with Homecrest's Mode collection. With clean lines and contemporary inspiration, Mode sets the standard in casual chic. Mode features floating aluminum rectangular panels and a sleek appearance that brings an elegant style to your outdoor space. The aluminum top panels that float over the base frame are available in all finishes. DuoTone your Mode table or fire table by selecting one color for the top panels and a coordinating color for the base.</p>","44"" W x 44"" D x 40"" H",{'Notes': 'with Hole'},,,,47,True,True,2026-06-01 06:37:11.453243+00:00,2026-06-08 21:38:24.477000+00:00
4198,134444C,Chat Table,44-chat-table-mode-homecrest,Mode,"44"" Chat Table — Homecrest Mode collection.","44"" Chat Table — Homecrest Mode collection.

<p>Add an element of sophistication to your outdoor space with Homecrest's Mode collection. With clean lines and contemporary inspiration, Mode sets the standard in casual chic. Mode features floating aluminum rectangular panels and a sleek appearance that brings an elegant style to your outdoor space. The aluminum top panels that float over the base frame are available in all finishes. DuoTone your Mode table or fire table by selecting one color for the top panels and a coordinating color for the base.</p>","44"" W x 44"" D x 21"" H","{'Notes': 'no Hole', 'Material': 'Aluminum'}",,,,52,True,True,2026-06-01 06:37:10.723611+00:00,2026-06-23 18:14:57.428150+00:00
4197,134444L,Coffee Table,44-coffee-table-mode-homecrest,Mode,"44"" Coffee Table — Homecrest Mode collection.","44"" Coffee Table — Homecrest Mode collection.

<p>Add an element of sophistication to your outdoor space with Homecrest's Mode collection. With clean lines and contemporary inspiration, Mode sets the standard in casual chic. Mode features floating aluminum rectangular panels and a sleek appearance that brings an elegant style to your outdoor space. The aluminum top panels that float over the base frame are available in all finishes. DuoTone your Mode table or fire table by selecting one color for the top panels and a coordinating color for the base.</p>","44"" W x 44"" D x 15"" H","{'Notes': 'no Hole', 'Material': 'Aluminum'}",,,,52,True,True,2026-06-01 06:37:10.514990+00:00,2026-06-23 18:14:57.428150+00:00
4199,134444FWH,Dining Table,44-dining-table-mode-homecrest,Mode,"44"" Dining Table — Homecrest Mode collection.","44"" Dining Table — Homecrest Mode collection.

<p>Add an element of sophistication to your outdoor space with Homecrest's Mode collection. With clean lines and contemporary inspiration, Mode sets the standard in casual chic. Mode features floating aluminum rectangular panels and a sleek appearance that brings an elegant style to your outdoor space. The aluminum top panels that float over the base frame are available in all finishes. DuoTone your Mode table or fire table by selecting one color for the top panels and a coordinating color for the base.</p>","44"" W x 44"" D x 30"" H",{'Notes': 'with Hole'},,,,44,True,True,2026-06-01 06:37:10.963560+00:00,2026-06-08 21:38:24.469000+00:00
4209,1344110BWH,Balcony Table,44-x-110-balcony-table-mode-homecrest,Mode,"44"" x 110"" Balcony Table — Homecrest Mode collection.","44"" x 110"" Balcony Table — Homecrest Mode collection.

<p>Add an element of sophistication to your outdoor space with Homecrest's Mode collection. With clean lines and contemporary inspiration, Mode sets the standard in casual chic. Mode features floating aluminum rectangular panels and a sleek appearance that brings an elegant style to your outdoor space. The aluminum top panels that float over the base frame are available in all finishes. DuoTone your Mode table or fire table by selecting one color for the top panels and a coordinating color for the base.</p>","44"" W x 110"" L x 34"" H",{'Notes': 'with Hole'},,,,47,True,True,2026-06-01 06:37:13.653571+00:00,2026-06-08 21:38:24.504000+00:00
4210,1344110BRWH,Bar Table,44-x-110-bar-table-mode-homecrest,Mode,"44"" x 110"" Bar Table — Homecrest Mode collection.","44"" x 110"" Bar Table — Homecrest Mode collection.

<p>Add an element of sophistication to your outdoor space with Homecrest's Mode collection. With clean lines and contemporary inspiration, Mode sets the standard in casual chic. Mode features floating aluminum rectangular panels and a sleek appearance that brings an elegant style to your outdoor space. The aluminum top panels that float over the base frame are available in all finishes. DuoTone your Mode table or fire table by selecting one color for the top panels and a coordinating color for the base.</p>","44"" W x 110"" L x 40"" H",{'Notes': 'with Hole'},,,,47,True,True,2026-06-01 06:37:13.887687+00:00,2026-06-08 21:38:24.508000+00:00
4208,1344110FWH,Dining Table,44-x-110-dining-table-mode-homecrest,Mode,"44"" x 110"" Dining Table — Homecrest Mode collection.","44"" x 110"" Dining Table — Homecrest Mode collection.

<p>Add an element of sophistication to your outdoor space with Homecrest's Mode collection. With clean lines and contemporary inspiration, Mode sets the standard in casual chic. Mode features floating aluminum rectangular panels and a sleek appearance that brings an elegant style to your outdoor space. The aluminum top panels that float over the base frame are available in all finishes. DuoTone your Mode table or fire table by selecting one color for the top panels and a coordinating color for the base.</p>","44"" W x 110"" L x 30"" H",{'Notes': 'with Hole'},,,,44,True,True,2026-06-01 06:37:13.418042+00:00,2026-06-08 21:38:24.501000+00:00
4203,134466BWH,Balcony Table,44-x-66-balcony-table-mode-homecrest,Mode,"44"" x 66"" Balcony Table — Homecrest Mode collection.","44"" x 66"" Balcony Table — Homecrest Mode collection.

<p>Add an element of sophistication to your outdoor space with Homecrest's Mode collection. With clean lines and contemporary inspiration, Mode sets the standard in casual chic. Mode features floating aluminum rectangular panels and a sleek appearance that brings an elegant style to your outdoor space. The aluminum top panels that float over the base frame are available in all finishes. DuoTone your Mode table or fire table by selecting one color for the top panels and a coordinating color for the base.</p>","44"" W x 66"" L x 34"" H",{'Notes': 'with Hole'},,,,47,True,True,2026-06-01 06:37:11.931063+00:00,2026-06-08 21:38:24.484000+00:00
4204,134466BRWH,Bar Table,44-x-66-bar-table-mode-homecrest,Mode,"44"" x 66"" Bar Table — Homecrest Mode collection.","44"" x 66"" Bar Table — Homecrest Mode collection.

<p>Add an element of sophistication to your outdoor space with Homecrest's Mode collection. With clean lines and contemporary inspiration, Mode sets the standard in casual chic. Mode features floating aluminum rectangular panels and a sleek appearance that brings an elegant style to your outdoor space. The aluminum top panels that float over the base frame are available in all finishes. DuoTone your Mode table or fire table by selecting one color for the top panels and a coordinating color for the base.</p>","44"" W x 66"" L x 40"" H",{'Notes': 'with Hole'},,,,47,True,True,2026-06-01 06:37:12.170042+00:00,2026-06-08 21:38:24.488000+00:00
4202,134466FWH,Dining Table,44-x-66-dining-table-mode-homecrest,Mode,"44"" x 66"" Dining Table — Homecrest Mode collection.","44"" x 66"" Dining Table — Homecrest Mode collection.

<p>Add an element of sophistication to your outdoor space with Homecrest's Mode collection. With clean lines and contemporary inspiration, Mode sets the standard in casual chic. Mode features floating aluminum rectangular panels and a sleek appearance that brings an elegant style to your outdoor space. The aluminum top panels that float over the base frame are available in all finishes. DuoTone your Mode table or fire table by selecting one color for the top panels and a coordinating color for the base.</p>","44"" W x 66"" L x 30"" H",{'Notes': 'with Hole'},,,,44,True,True,2026-06-01 06:37:11.678776+00:00,2026-06-08 21:38:24.481000+00:00
4314,374484BSH,Balcony Table,44-x-84-balcony-table-shadow-rock-homecrest,Shadow Rock,"44"" x 84"" Balcony Table — Homecrest Shadow Rock collection.","44"" x 84"" Balcony Table — Homecrest Shadow Rock collection.

<p>Homecrest’s elegant Shadow Rock tops provide an attractive look and are the perfect complement to any outdoor furniture set. With its beautiful, distinct texture and natural colors, the Shadow Rock top creates a stunning centerpiece for your outdoor area and provides a laid-back atmosphere of relaxation and conversation. Available in several heights, top sizes, and finishes, Shadow Rock features top-quality, American-made components that will withstand weather and can be used season after season.</p>","34.25"" H",{'Material': 'Aluminum'},,,,47,True,True,2026-06-01 06:37:31.999828+00:00,2026-06-08 21:38:24.803000+00:00
4342,374484BSL,Balcony Table,44-x-84-balcony-table-slate-homecrest,Slate,"44"" x 84"" Balcony Table — Homecrest Slate collection.","44"" x 84"" Balcony Table — Homecrest Slate collection.

<p>A welcome addition to any outdoor space, Homecrest’s Slate tops feature a rustic elegance that could only be inspired by nature. Cast from the pattern and subtle texture of natural slate and produced using industry-leading technology, Homecrest Slate tops are as beautifully authentic in appearance as they are tough and durable. These smooth-surface tops are a favorite in outdoor spaces across the country and mix seamlessly with pieces from our seating collections.</p>","34.25"" H",{'Material': 'Aluminum'},,,,47,True,True,2026-06-01 06:37:37.494842+00:00,2026-06-08 21:38:24.991000+00:00
4313,374484FSH,Dining Table,44-x-84-dining-table-shadow-rock-homecrest,Shadow Rock,"44"" x 84"" Dining Table — Homecrest Shadow Rock collection.","44"" x 84"" Dining Table — Homecrest Shadow Rock collection.

<p>Homecrest’s elegant Shadow Rock tops provide an attractive look and are the perfect complement to any outdoor furniture set. With its beautiful, distinct texture and natural colors, the Shadow Rock top creates a stunning centerpiece for your outdoor area and provides a laid-back atmosphere of relaxation and conversation. Available in several heights, top sizes, and finishes, Shadow Rock features top-quality, American-made components that will withstand weather and can be used season after season.</p>","29.25"" H",{'Material': 'Aluminum'},,,,44,True,True,2026-06-01 06:37:31.861293+00:00,2026-06-08 21:38:24.799000+00:00
4341,374484FSL,Dining Table,44-x-84-dining-table-slate-homecrest,Slate,"44"" x 84"" Dining Table — Homecrest Slate collection.","44"" x 84"" Dining Table — Homecrest Slate collection.

<p>A welcome addition to any outdoor space, Homecrest’s Slate tops feature a rustic elegance that could only be inspired by nature. Cast from the pattern and subtle texture of natural slate and produced using industry-leading technology, Homecrest Slate tops are as beautifully authentic in appearance as they are tough and durable. These smooth-surface tops are a favorite in outdoor spaces across the country and mix seamlessly with pieces from our seating collections.</p>","29.25"" H",{'Material': 'Aluminum'},,,,44,True,True,2026-06-01 06:37:37.276576+00:00,2026-06-08 21:38:24.988000+00:00
4206,134488BWH,Balcony Table,44-x-88-balcony-table-mode-homecrest,Mode,"44"" x 88"" Balcony Table — Homecrest Mode collection.","44"" x 88"" Balcony Table — Homecrest Mode collection.

<p>Add an element of sophistication to your outdoor space with Homecrest's Mode collection. With clean lines and contemporary inspiration, Mode sets the standard in casual chic. Mode features floating aluminum rectangular panels and a sleek appearance that brings an elegant style to your outdoor space. The aluminum top panels that float over the base frame are available in all finishes. DuoTone your Mode table or fire table by selecting one color for the top panels and a coordinating color for the base.</p>","44"" W x 88"" L x 34"" H",{'Notes': 'with Hole'},,,,47,True,True,2026-06-01 06:37:12.669695+00:00,2026-06-08 21:38:24.494000+00:00
4207,134488BRWH,Bar Table,44-x-88-bar-table-mode-homecrest,Mode,"44"" x 88"" Bar Table — Homecrest Mode collection.","44"" x 88"" Bar Table — Homecrest Mode collection.

<p>Add an element of sophistication to your outdoor space with Homecrest's Mode collection. With clean lines and contemporary inspiration, Mode sets the standard in casual chic. Mode features floating aluminum rectangular panels and a sleek appearance that brings an elegant style to your outdoor space. The aluminum top panels that float over the base frame are available in all finishes. DuoTone your Mode table or fire table by selecting one color for the top panels and a coordinating color for the base.</p>","44"" W x 88"" L x 40"" H",{'Notes': 'with Hole'},,,,47,True,True,2026-06-01 06:37:13.172537+00:00,2026-06-08 21:38:24.498000+00:00
4205,134488FWH,Dining Table,44-x-88-dining-table-mode-homecrest,Mode,"44"" x 88"" Dining Table — Homecrest Mode collection.","44"" x 88"" Dining Table — Homecrest Mode collection.

<p>Add an element of sophistication to your outdoor space with Homecrest's Mode collection. With clean lines and contemporary inspiration, Mode sets the standard in casual chic. Mode features floating aluminum rectangular panels and a sleek appearance that brings an elegant style to your outdoor space. The aluminum top panels that float over the base frame are available in all finishes. DuoTone your Mode table or fire table by selecting one color for the top panels and a coordinating color for the base.</p>","44"" W x 88"" L x 30"" H",{'Notes': 'with Hole'},,,,44,True,True,2026-06-01 06:37:12.417198+00:00,2026-06-08 21:38:24.492000+00:00
3997,9546S,Dining (with Hole),45-5-dining-with-hole-bridger-homecrest,Bridger,"45.5"" Dining (with Hole) — Homecrest Bridger collection.","45.5"" Dining (with Hole) — Homecrest Bridger collection.

<p>Elevate your outdoor dining experience with the Bridger collection. Constructed with a powder-coated aluminum frame and durable HDPE top and seats, Bridger visually resembles natural wood but eliminates the upkeep and maintenance that comes with it. Transform your outdoor space with this sturdy picnic table that combines robust design and practical elegance. (Seats: 8)</p>","84.25"" W x 84.25"" D x 30"" H",{'Notes': 'Seats: 8'},,,,43,True,True,2026-06-01 06:36:40.881962+00:00,2026-06-08 21:38:23.663000+00:00
4236,3748RBCT,Balcony Table,48-balcony-table-concrete-homecrest,Concrete,"48"" Balcony Table — Homecrest Concrete collection.","48"" Balcony Table — Homecrest Concrete collection.

<p>Offering a simple yet sophisticated style to your outdoor space design has never been easier than with Homecrest’s Concrete table tops. A member of our Natural Series collection, our Concrete tables are crafted using the latest in composite technology, giving you a contemporary, industrial-chic piece that is as durable as it is beautiful. This collection is sure to please those with an eye for innovative aesthetics.</p>","34.25"" H",{'Material': 'Aluminum'},,,,47,True,True,2026-06-01 06:37:18.533584+00:00,2026-06-08 21:38:24.559000+00:00
4278,3748RBLT,Balcony Table,48-balcony-table-latitude-homecrest,Latitude,"48"" Balcony Table — Homecrest Latitude collection.","48"" Balcony Table — Homecrest Latitude collection.

<p>Enjoy the beauty of the outdoors with Homecrest’s stunning Latitude collection. The attractive and functional Latitude tables feature an all-aluminum construction and are well-suited for both dining and deep seating applications. Whether for residential or commercial, Latitude combines style and function to create a fresh look in any outdoor space.</p>","34"" H","{'Notes': 'with Hole', 'Material': 'Aluminum'}",,,,47,True,True,2026-06-01 06:37:26.189385+00:00,2026-06-08 21:38:23.527000+00:00
4317,3748RBSH,Balcony Table,48-balcony-table-shadow-rock-homecrest,Shadow Rock,"48"" Balcony Table — Homecrest Shadow Rock collection.","48"" Balcony Table — Homecrest Shadow Rock collection.

<p>Homecrest’s elegant Shadow Rock tops provide an attractive look and are the perfect complement to any outdoor furniture set. With its beautiful, distinct texture and natural colors, the Shadow Rock top creates a stunning centerpiece for your outdoor area and provides a laid-back atmosphere of relaxation and conversation. Available in several heights, top sizes, and finishes, Shadow Rock features top-quality, American-made components that will withstand weather and can be used season after season.</p>","34.25"" H",{'Material': 'Aluminum'},,,,47,True,True,2026-06-01 06:37:32.527229+00:00,2026-06-08 21:38:24.814000+00:00
4345,3748RBSL,Balcony Table,48-balcony-table-slate-homecrest,Slate,"48"" Balcony Table — Homecrest Slate collection.","48"" Balcony Table — Homecrest Slate collection.

<p>A welcome addition to any outdoor space, Homecrest’s Slate tops feature a rustic elegance that could only be inspired by nature. Cast from the pattern and subtle texture of natural slate and produced using industry-leading technology, Homecrest Slate tops are as beautifully authentic in appearance as they are tough and durable. These smooth-surface tops are a favorite in outdoor spaces across the country and mix seamlessly with pieces from our seating collections.</p>","34.25"" H",{'Material': 'Aluminum'},,,,47,True,True,2026-06-01 06:37:38.044610+00:00,2026-06-08 21:38:25+00:00
4389,2548SBTM,Balcony Table,48-balcony-table-timber-homecrest,Timber,"48"" Balcony Table — Homecrest Timber collection.","48"" Balcony Table — Homecrest Timber collection.

<p>Cast from beautiful reclaimed wood tables, our popular Timber collection is on trend and timeless. Using the same technology we use in all Natural Series tops, we are able to achieve a look that is marvelously realistic while retaining the outstanding outdoor performance characteristics you expect from Homecrest. Timber is available in a variety of authentic colors to coordinate with unique color themes.</p>",,{'Material': 'Natural Series'},,,,47,True,True,2026-06-01 06:37:47.542982+00:00,2026-06-08 21:38:25.144000+00:00
4276,3748RCLTNU,Chat Table,48-chat-table-latitude-homecrest,Latitude,"48"" Chat Table — Homecrest Latitude collection.","48"" Chat Table — Homecrest Latitude collection.

<p>Enjoy the beauty of the outdoors with Homecrest’s stunning Latitude collection. The attractive and functional Latitude tables feature an all-aluminum construction and are well-suited for both dining and deep seating applications. Whether for residential or commercial, Latitude combines style and function to create a fresh look in any outdoor space.</p>","21.25"" H","{'Notes': 'no Hole', 'Material': 'Aluminum'}",,,,52,True,True,2026-06-01 06:37:25.799749+00:00,2026-06-23 18:14:57.428150+00:00
4315,3748RCSHNU,Chat Table,48-chat-table-shadow-rock-homecrest,Shadow Rock,"48"" Chat Table — Homecrest Shadow Rock collection.","48"" Chat Table — Homecrest Shadow Rock collection.

<p>Homecrest’s elegant Shadow Rock tops provide an attractive look and are the perfect complement to any outdoor furniture set. With its beautiful, distinct texture and natural colors, the Shadow Rock top creates a stunning centerpiece for your outdoor area and provides a laid-back atmosphere of relaxation and conversation. Available in several heights, top sizes, and finishes, Shadow Rock features top-quality, American-made components that will withstand weather and can be used season after season.</p>","21.5"" H",{'Material': 'Aluminum'},,,,52,True,True,2026-06-01 06:37:32.143485+00:00,2026-06-23 18:14:57.428150+00:00
4343,3748RCSLNU,Chat Table,48-chat-table-slate-homecrest,Slate,"48"" Chat Table — Homecrest Slate collection.","48"" Chat Table — Homecrest Slate collection.

<p>A welcome addition to any outdoor space, Homecrest’s Slate tops feature a rustic elegance that could only be inspired by nature. Cast from the pattern and subtle texture of natural slate and produced using industry-leading technology, Homecrest Slate tops are as beautifully authentic in appearance as they are tough and durable. These smooth-surface tops are a favorite in outdoor spaces across the country and mix seamlessly with pieces from our seating collections.</p>","21.5"" H",{'Material': 'Aluminum'},,,,52,True,True,2026-06-01 06:37:37.633683+00:00,2026-06-23 18:14:57.428150+00:00
4235,3748RFCT,Dining Table,48-dining-table-concrete-homecrest,Concrete,"48"" Dining Table — Homecrest Concrete collection.","48"" Dining Table — Homecrest Concrete collection.

<p>Offering a simple yet sophisticated style to your outdoor space design has never been easier than with Homecrest’s Concrete table tops. A member of our Natural Series collection, our Concrete tables are crafted using the latest in composite technology, giving you a contemporary, industrial-chic piece that is as durable as it is beautiful. This collection is sure to please those with an eye for innovative aesthetics.</p>","29.25"" H",{'Material': 'Aluminum'},,,,44,True,True,2026-06-01 06:37:18.401587+00:00,2026-06-08 21:38:24.555000+00:00
4277,3748RFLT,Dining Table,48-dining-table-latitude-homecrest,Latitude,"48"" Dining Table — Homecrest Latitude collection.","48"" Dining Table — Homecrest Latitude collection.

<p>Enjoy the beauty of the outdoors with Homecrest’s stunning Latitude collection. The attractive and functional Latitude tables feature an all-aluminum construction and are well-suited for both dining and deep seating applications. Whether for residential or commercial, Latitude combines style and function to create a fresh look in any outdoor space.</p>","29.25"" H","{'Notes': 'with Hole', 'Material': 'Aluminum'}",,,,44,True,True,2026-06-01 06:37:26.043174+00:00,2026-06-08 21:38:23.393000+00:00
4316,3748RFSH,Dining Table,48-dining-table-shadow-rock-homecrest,Shadow Rock,"48"" Dining Table — Homecrest Shadow Rock collection.","48"" Dining Table — Homecrest Shadow Rock collection.

<p>Homecrest’s elegant Shadow Rock tops provide an attractive look and are the perfect complement to any outdoor furniture set. With its beautiful, distinct texture and natural colors, the Shadow Rock top creates a stunning centerpiece for your outdoor area and provides a laid-back atmosphere of relaxation and conversation. Available in several heights, top sizes, and finishes, Shadow Rock features top-quality, American-made components that will withstand weather and can be used season after season.</p>","29.25"" H",{'Material': 'Aluminum'},,,,44,True,True,2026-06-01 06:37:32.290052+00:00,2026-06-08 21:38:24.810000+00:00
4344,3748RFSL,Dining Table,48-dining-table-slate-homecrest,Slate,"48"" Dining Table — Homecrest Slate collection.","48"" Dining Table — Homecrest Slate collection.

<p>A welcome addition to any outdoor space, Homecrest’s Slate tops feature a rustic elegance that could only be inspired by nature. Cast from the pattern and subtle texture of natural slate and produced using industry-leading technology, Homecrest Slate tops are as beautifully authentic in appearance as they are tough and durable. These smooth-surface tops are a favorite in outdoor spaces across the country and mix seamlessly with pieces from our seating collections.</p>","29.25"" H",{'Material': 'Aluminum'},,,,44,True,True,2026-06-01 06:37:37.833422+00:00,2026-06-08 21:38:24.997000+00:00
4388,2548SFTM,Dining Table,48-dining-table-timber-homecrest,Timber,"48"" Dining Table — Homecrest Timber collection.","48"" Dining Table — Homecrest Timber collection.

<p>Cast from beautiful reclaimed wood tables, our popular Timber collection is on trend and timeless. Using the same technology we use in all Natural Series tops, we are able to achieve a look that is marvelously realistic while retaining the outstanding outdoor performance characteristics you expect from Homecrest. Timber is available in a variety of authentic colors to coordinate with unique color themes.</p>",,{'Material': 'Natural Series'},,,,44,True,True,2026-06-01 06:37:47.270777+00:00,2026-06-08 21:38:25.141000+00:00
4412,48RSHFPTT,Balcony Fire Table,48-lounge-fire-table-shadow-rock-fire-tables-homecrest,Tables,"48"" Lounge Fire Table — Homecrest Shadow Rock Fire Tables collection.","48"" Lounge Fire Table — Homecrest Shadow Rock Fire Tables collection.

<p>The distinct texture and natural colors of Homecrest’s Shadow Rock fire tables complement any outdoor furniture set beautifully. These handcrafted fire table tops feature subtle texture with a natural edge and are able to withstand the test of time and weather, season after season. Homecrest fire tables feature powerful burners delivering up to 65,000 BTUs and are compatible with both natural gas and liquid propane. Each table includes a concealed fuel tank and comes standard with your choice of fire jewelry, a secure key, and a black 3/4"" aluminum fire burner riser.</p>","21.5"" H","{'Notes': 'Top: 48RSHFPTT, Base: 89RNC (-JLP or -JNG), Use fire table cover 005108'}",,,,45,True,True,2026-06-01 06:37:51.533685+00:00,2026-06-08 21:38:25.219000+00:00
4417,48RSLFPTT,Balcony Fire Table,48-lounge-fire-table-slate-fire-tables-homecrest,Tables,"48"" Lounge Fire Table — Homecrest Slate Fire Tables collection.","48"" Lounge Fire Table — Homecrest Slate Fire Tables collection.

<p>Rustic yet elegant, Homecrest’s handcrafted Slate fire tables are a refreshing addition to any outdoor space. Featuring authentic patterns and subtle textures, these smooth-surface fire tables are cast from natural slate and are available in a variety of colors. Our Slate fire tables are as beautiful as they are durable. Homecrest fire tables feature powerful burners delivering up to 65,000 BTUs and are compatible with both natural gas and liquid propane. Each table includes a concealed fuel tank and comes standard with your choice of fire jewelry, a secure key, and a black 3/4"" aluminum fire burner riser.</p>","21.5"" H","{'Notes': 'Top: 48RSLFPTT, Base: 89RNC (-JLP or -JNG), Use fire table cover 005108'}",,,,45,True,True,2026-06-01 06:37:52.391741+00:00,2026-06-08 21:38:25.248000+00:00
4288,5048R,Round Top Only,48-round-top-only-latitude-homecrest,Latitude,"48"" Round Top Only — Homecrest Latitude collection.","48"" Round Top Only — Homecrest Latitude collection.

<p>Enjoy the beauty of the outdoors with Homecrest’s stunning Latitude collection. The attractive and functional Latitude tables feature an all-aluminum construction and are well-suited for both dining and deep seating applications. Whether for residential or commercial, Latitude combines style and function to create a fresh look in any outdoor space.</p>",,"{'Weight': '0 lbs', 'Material': 'Aluminum'}",,,,52,True,True,2026-06-01 06:37:27.763297+00:00,2026-06-23 18:14:57.428150+00:00
4247,C0048RCT,Table Top Only,48-table-top-only-concrete-homecrest,Concrete,"48"" Table Top Only — Homecrest Concrete collection.","48"" Table Top Only — Homecrest Concrete collection.

<p>Offering a simple yet sophisticated style to your outdoor space design has never been easier than with Homecrest’s Concrete table tops. A member of our Natural Series collection, our Concrete tables are crafted using the latest in composite technology, giving you a contemporary, industrial-chic piece that is as durable as it is beautiful. This collection is sure to please those with an eye for innovative aesthetics.</p>",,"{'Weight': '0 lbs', 'Material': 'Natural Series'}",,,,52,True,True,2026-06-01 06:37:20.403352+00:00,2026-06-23 18:14:57.428150+00:00
4216,1348R,Table Top Only,48-table-top-only-mode-club-homecrest,Club,"48"" Table Top Only — Homecrest Mode Club collection.","48"" Table Top Only — Homecrest Mode Club collection.

<p>Building on our popular Mode collection, Homecrest's Mode Club is a complementary series of contemporary table tops that are uniquely designed for hospitality applications. Mode Club tables feature clean lines and smooth contours in a variety of shapes and sizes that are specifically selected for outdoor spaces in public places. Like its sister collection, Mode Club tops are available in DuoTone color options. Pair these sophisticated tops with the Homecrest base that appropriately meets the height, functional, and aesthetic requirements of your project.</p>",,"{'Weight': '0 lbs', 'Material': 'Aluminum'}",,,,52,True,True,2026-06-01 06:37:15.072685+00:00,2026-06-23 18:14:57.428150+00:00
4326,C0048RSH,Table Top Only,48-table-top-only-shadow-rock-homecrest,Shadow Rock,"48"" Table Top Only — Homecrest Shadow Rock collection.","48"" Table Top Only — Homecrest Shadow Rock collection.

<p>Homecrest’s elegant Shadow Rock tops provide an attractive look and are the perfect complement to any outdoor furniture set. With its beautiful, distinct texture and natural colors, the Shadow Rock top creates a stunning centerpiece for your outdoor area and provides a laid-back atmosphere of relaxation and conversation. Available in several heights, top sizes, and finishes, Shadow Rock features top-quality, American-made components that will withstand weather and can be used season after season.</p>",,"{'Weight': '0 lbs', 'Material': 'Natural Series'}",,,,52,True,True,2026-06-01 06:37:33.984207+00:00,2026-06-23 18:14:57.428150+00:00
4354,C0048RSL,Table Top Only,48-table-top-only-slate-homecrest,Slate,"48"" Table Top Only — Homecrest Slate collection.","48"" Table Top Only — Homecrest Slate collection.

<p>A welcome addition to any outdoor space, Homecrest’s Slate tops feature a rustic elegance that could only be inspired by nature. Cast from the pattern and subtle texture of natural slate and produced using industry-leading technology, Homecrest Slate tops are as beautifully authentic in appearance as they are tough and durable. These smooth-surface tops are a favorite in outdoor spaces across the country and mix seamlessly with pieces from our seating collections.</p>",,"{'Weight': '0 lbs', 'Material': 'Natural Series'}",,,,52,True,True,2026-06-01 06:37:40.072430+00:00,2026-06-23 18:14:57.428150+00:00
4239,3754RBCT,Balcony Table,54-balcony-table-concrete-homecrest,Concrete,"54"" Balcony Table — Homecrest Concrete collection.","54"" Balcony Table — Homecrest Concrete collection.

<p>Offering a simple yet sophisticated style to your outdoor space design has never been easier than with Homecrest’s Concrete table tops. A member of our Natural Series collection, our Concrete tables are crafted using the latest in composite technology, giving you a contemporary, industrial-chic piece that is as durable as it is beautiful. This collection is sure to please those with an eye for innovative aesthetics.</p>","34.25"" H",{'Material': 'Aluminum'},,,,47,True,True,2026-06-01 06:37:18.936318+00:00,2026-06-08 21:38:24.569000+00:00
4280,3754RBLT,Balcony Table,54-balcony-table-latitude-homecrest,Latitude,"54"" Balcony Table — Homecrest Latitude collection.","54"" Balcony Table — Homecrest Latitude collection.

<p>Enjoy the beauty of the outdoors with Homecrest’s stunning Latitude collection. The attractive and functional Latitude tables feature an all-aluminum construction and are well-suited for both dining and deep seating applications. Whether for residential or commercial, Latitude combines style and function to create a fresh look in any outdoor space.</p>","34"" H","{'Notes': 'with Hole', 'Material': 'Aluminum'}",,,,47,True,True,2026-06-01 06:37:26.665719+00:00,2026-06-08 21:38:23.919000+00:00
4369,3754RBSG,Balcony Table,54-balcony-table-stonegate-homecrest,Stonegate,"54"" Balcony Table — Homecrest Stonegate collection.","54"" Balcony Table — Homecrest Stonegate collection.

<p>Featuring the dramatic beauty of natural rock, our Stonegate tops combine natural elements with modern finishes for style and durability. Stonegate is designed to withstand the elements and is available in many shapes and heights. Its clean simplicity and straight-edge finish give Stonegate an on-trend appearance that allows it to adapt to a wide range of design applications, whether residential or commercial.</p>","34.25"" H",{'Material': 'Aluminum'},,,,47,True,True,2026-06-01 06:37:43.139320+00:00,2026-06-08 21:38:25.080000+00:00
4392,3754RBTM,Balcony Table,54-balcony-table-timber-homecrest,Timber,"54"" Balcony Table — Homecrest Timber collection.","54"" Balcony Table — Homecrest Timber collection.

<p>Cast from beautiful reclaimed wood tables, our popular Timber collection is on trend and timeless. Using the same technology we use in all Natural Series tops, we are able to achieve a look that is marvelously realistic while retaining the outstanding outdoor performance characteristics you expect from Homecrest. Timber is available in a variety of authentic colors to coordinate with unique color themes.</p>","54"" W x 54"" D x 34.25"" H","{'Notes': 'with Hole', 'Material': 'Aluminum'}",,,,47,True,True,2026-06-01 06:37:48.206122+00:00,2026-06-08 21:38:25.153000+00:00
4237,3754RCCTNU,Chat Table,54-chat-table-concrete-homecrest,Concrete,"54"" Chat Table — Homecrest Concrete collection.","54"" Chat Table — Homecrest Concrete collection.

<p>Offering a simple yet sophisticated style to your outdoor space design has never been easier than with Homecrest’s Concrete table tops. A member of our Natural Series collection, our Concrete tables are crafted using the latest in composite technology, giving you a contemporary, industrial-chic piece that is as durable as it is beautiful. This collection is sure to please those with an eye for innovative aesthetics.</p>","21.5"" H",{'Material': 'Aluminum'},,,,52,True,True,2026-06-01 06:37:18.659615+00:00,2026-06-23 18:14:57.428150+00:00
4367,3754RCSGNU,Chat Table,54-chat-table-stonegate-homecrest,Stonegate,"54"" Chat Table — Homecrest Stonegate collection.","54"" Chat Table — Homecrest Stonegate collection.

<p>Featuring the dramatic beauty of natural rock, our Stonegate tops combine natural elements with modern finishes for style and durability. Stonegate is designed to withstand the elements and is available in many shapes and heights. Its clean simplicity and straight-edge finish give Stonegate an on-trend appearance that allows it to adapt to a wide range of design applications, whether residential or commercial.</p>","21.5"" H",{'Material': 'Aluminum'},,,,52,True,True,2026-06-01 06:37:42.698232+00:00,2026-06-23 18:14:57.428150+00:00
4390,3754RCTMNU,Chat Table,54-chat-table-timber-homecrest,Timber,"54"" Chat Table — Homecrest Timber collection.","54"" Chat Table — Homecrest Timber collection.

<p>Cast from beautiful reclaimed wood tables, our popular Timber collection is on trend and timeless. Using the same technology we use in all Natural Series tops, we are able to achieve a look that is marvelously realistic while retaining the outstanding outdoor performance characteristics you expect from Homecrest. Timber is available in a variety of authentic colors to coordinate with unique color themes.</p>","54"" W x 54"" D x 21.25"" H","{'Notes': 'no Hole', 'Material': 'Aluminum'}",,,,52,True,True,2026-06-01 06:37:47.751965+00:00,2026-06-23 18:14:57.428150+00:00
4238,3754RFCT,Dining Table,54-dining-table-concrete-homecrest,Concrete,"54"" Dining Table — Homecrest Concrete collection.","54"" Dining Table — Homecrest Concrete collection.

<p>Offering a simple yet sophisticated style to your outdoor space design has never been easier than with Homecrest’s Concrete table tops. A member of our Natural Series collection, our Concrete tables are crafted using the latest in composite technology, giving you a contemporary, industrial-chic piece that is as durable as it is beautiful. This collection is sure to please those with an eye for innovative aesthetics.</p>","29.25"" H",{'Material': 'Aluminum'},,,,44,True,True,2026-06-01 06:37:18.807360+00:00,2026-06-08 21:38:24.566000+00:00
4279,3754RFLT,Dining Table,54-dining-table-latitude-homecrest,Latitude,"54"" Dining Table — Homecrest Latitude collection.","54"" Dining Table — Homecrest Latitude collection.

<p>Enjoy the beauty of the outdoors with Homecrest’s stunning Latitude collection. The attractive and functional Latitude tables feature an all-aluminum construction and are well-suited for both dining and deep seating applications. Whether for residential or commercial, Latitude combines style and function to create a fresh look in any outdoor space.</p>","29.25"" H","{'Notes': 'with Hole', 'Material': 'Aluminum'}",,,,44,True,True,2026-06-01 06:37:26.433101+00:00,2026-06-08 21:38:23.730000+00:00
4281,6254RFLT,Dining Table,54-dining-table-latitude-homecrest-2,Eden,"54"" Dining Table — Homecrest Latitude collection.","54"" Dining Table — Homecrest Latitude collection.

<p>Enjoy the beauty of the outdoors with Homecrest’s stunning Latitude collection. The attractive and functional Latitude tables feature an all-aluminum construction and are well-suited for both dining and deep seating applications. Whether for residential or commercial, Latitude combines style and function to create a fresh look in any outdoor space.</p>","30"" H","{'Notes': 'Post base', 'Material': 'Aluminum'}",,,,44,True,True,2026-06-01 06:37:26.835176+00:00,2026-06-08 21:38:24.688000+00:00
4368,3754RFSG,Dining Table,54-dining-table-stonegate-homecrest,Stonegate,"54"" Dining Table — Homecrest Stonegate collection.","54"" Dining Table — Homecrest Stonegate collection.

<p>Featuring the dramatic beauty of natural rock, our Stonegate tops combine natural elements with modern finishes for style and durability. Stonegate is designed to withstand the elements and is available in many shapes and heights. Its clean simplicity and straight-edge finish give Stonegate an on-trend appearance that allows it to adapt to a wide range of design applications, whether residential or commercial.</p>","29.25"" H",{'Material': 'Aluminum'},,,,44,True,True,2026-06-01 06:37:42.919067+00:00,2026-06-08 21:38:25.077000+00:00
4391,3754RFTM,Dining Table,54-dining-table-timber-homecrest,Timber,"54"" Dining Table — Homecrest Timber collection.","54"" Dining Table — Homecrest Timber collection.

<p>Cast from beautiful reclaimed wood tables, our popular Timber collection is on trend and timeless. Using the same technology we use in all Natural Series tops, we are able to achieve a look that is marvelously realistic while retaining the outstanding outdoor performance characteristics you expect from Homecrest. Timber is available in a variety of authentic colors to coordinate with unique color themes.</p>","54"" W x 54"" D x 29.25"" H","{'Notes': 'with Hole', 'Material': 'Aluminum'}",,,,44,True,True,2026-06-01 06:37:47.977685+00:00,2026-06-08 21:38:25.150000+00:00
4403,54RCTFPTT,Balcony Fire Table,54-lounge-fire-table-concrete-fire-tables-homecrest,Tables,"54"" Lounge Fire Table — Homecrest Concrete Fire Tables collection.","54"" Lounge Fire Table — Homecrest Concrete Fire Tables collection.

<p>This is the perfect top for achieving a modern, industrial look. Our Concrete tops are a part of our Natural Series collection, which brings a sophisticated organic design element to outdoor spaces utilizing the latest in composite technology. Homecrest fire tables feature powerful burners delivering up to 65,000 BTUs and are compatible with both natural gas and liquid propane. Each table includes a concealed fuel tank and comes standard with your choice of fire jewelry, a secure key, and a black 3/4"" aluminum fire burner riser.</p>","21.5"" H",{'Notes': 'Top: 54RCTFPTT; Base: 89RNC (-JLP or -JNG); Use fire table cover 005108'},,,,45,True,True,2026-06-01 06:37:50.159007+00:00,2026-06-08 21:38:25.190000+00:00
4422,54RSGFPTT,Balcony Fire Table,54-lounge-fire-table-stonegate-fire-tables-homecrest,Tables,"54"" Lounge Fire Table — Homecrest Stonegate Fire Tables collection.","54"" Lounge Fire Table — Homecrest Stonegate Fire Tables collection.

<p>Stonegate fire tables feature the dramatic beauty of natural rock and a clean, straight-edge finish to create a versatile design. Combining traditional elements with modern finishes, Stonegate is made for style and durability. These fire tables are on-trend yet timeless and perfect for both residential and commercial applications. Homecrest fire tables feature powerful burners delivering up to 65,000 BTUs and are compatible with both natural gas and liquid propane. Each table includes a concealed fuel tank and comes standard with your choice of fire jewelry, a secure key, and a black 3/4"" aluminum fire burner riser.</p>","21.5"" H","{'Notes': 'Top: 54RSGFPTT, Base: 89RNC (-JLP or -JNG), Use fire table cover 005108'}",,,,45,True,True,2026-06-01 06:37:53.418049+00:00,2026-06-08 21:38:25.260000+00:00
4427,54RTMFPTT,Balcony Fire Table,54-lounge-fire-table-timber-fire-tables-homecrest,Tables,"54"" Lounge Fire Table — Homecrest Timber Fire Tables collection.","54"" Lounge Fire Table — Homecrest Timber Fire Tables collection.

<p>Individually handcrafted and cast from beautiful reclaimed wood tables, our Timber fire tables look incredibly realistic. Our Timber tops are made with extremely durable materials, allowing them to withstand even the toughest weather conditions. Homecrest fire tables feature powerful burners delivering up to 65,000 BTUs and are compatible with both natural gas and liquid propane. Each table includes a concealed fuel tank and comes standard with your choice of fire jewelry, a secure key, and a black 3/4"" aluminum fire burner riser.</p>","54"" W x 54"" D x 21.5"" H","{'Notes': 'Top: 54RTMFPTT, Base: 89RNC (-JLP or -JNG), Use fire table cover 005108'}",,,,45,True,True,2026-06-01 06:37:54.509044+00:00,2026-06-08 21:38:25.266000+00:00
4104,SPL33108,Riser Set Only,8-riser-set-only-in-pool-series-homecrest,Series,"8"" Riser Set Only — Homecrest In-Pool Series collection.","8"" Riser Set Only — Homecrest In-Pool Series collection.

<p>All In-Pool products are available in a variety of colors and are suitable for use in both chlorinated and saltwater pools, as well as on all pool materials like concrete, vinyl liners, and gunite. They can be easily removed from the pool to be used on the pool deck. Each product has a recommended maximum water depth for best performance. • Maximum water depth of 13"" • Average thickness of material to be .20” or greater • Waterproof, rustproof, and 100% recyclable • Suitable for both indoor and year-round outdoor use • Products tested to support up to 750 lbs • Fully compounded color (not dry blended) with UV light stabilizer to increase longevity of color retention in direct sunlight applications Available in Desert Sandstone*, Gray Granite*, Light Blue*, River Rock*, Surf Blue*, White*, White Granite, and Yellow* color options. *This color incurs a longer lead time of six weeks.</p>","20"" W x 8"" D x 8"" H","{'Notes': 'Maximum water depth of 13""'}",,,,43,True,True,2026-06-01 06:36:56.768564+00:00,2026-06-08 21:38:24.161000+00:00
4079,21320,Adjustable Chaise (Stackable),adjustable-chaise-stackable-infiniti-homecrest,Infiniti,Adjustable Chaise (Stackable) — Homecrest Infiniti collection.,"Adjustable Chaise (Stackable) — Homecrest Infiniti collection.

<p>Infiniti is designed for ease of use in any space: at work or at play. Its flowing silhouette maximizes the surface area of our premium sling fabric while still maintaining sleek visuals. In addition, because of our double layer sling technology, Infiniti provides an exceptionally comfortable sit without any of the maintenance that is required by traditional cushions. This beautiful collection is sure to transform any outdoor space to become more attractive and inviting. Paired with its intelligently designed side, coffee, and corner table companion pieces, our armless Infiniti chat chairs are ideal for energizing homeowners’ existing outdoor setups, as well as otherwise standard waiting rooms.</p>","25"" W x 79"" L x 43.5"" H","{'Notes': 'Stackable: 2-6', 'Material': 'Sling | Aluminum'}",,,,42,True,True,2026-06-01 06:36:53.348333+00:00,2026-06-08 21:38:23.983000+00:00
3950,10302,Adjustable Chaise,adjustable-chaise-blair-homecrest,Blair,Adjustable Chaise — Homecrest Blair collection.,"Adjustable Chaise — Homecrest Blair collection.

<p>Blair sling offers clean lines and an open design, making it endlessly adaptable across all environments and design preferences. Its gentle minimalism allows it to stay current and fresh, even as trends evolve over time. Solid aluminum and Homecrest's signature comfort make Blair a collection that is equally at home in commercial spaces and residential environments. When looking to furnish multiple areas at work or at play, complement Blair sling with air collections. Blair comes in two primary seating styles: dining and chaise. This makes Blair a prime option for homeowners who value versatility, as well as for fine dining and lounge environments.</p>","27"" W x 82.5"" L x 43.5"" H","{'Notes': 'Sling variant', 'Material': 'Sling | Aluminum'}",,,,42,True,True,2026-06-01 06:36:33.320111+00:00,2026-06-08 21:38:23.486000+00:00
3937,1131M,Armless Adjustable Chaise (Stackable),armless-adjustable-chaise-stackable-allure-metal-homecrest,Metal,Armless Adjustable Chaise (Stackable) — Homecrest Allure Metal collection.,"Armless Adjustable Chaise (Stackable) — Homecrest Allure Metal collection.

<p>Homecrest’s Allure mesh line is durable and functional. Ideal for patio or poolside, this collection is built for superior weather resistance in all climates, from coastal to arid and anywhere in between. With several options for finishes, this sleek collection will transform commercial and residential locations. Allure mesh is well suited for homeowners with a discerning eye for design, as well as applications that have a high level of use, such as public spaces, dining locations, and poolside environments.</p>","28"" W x 77"" L x 35"" H","{'Notes': 'Stackable: 2-6', 'Material': 'Expanded Mesh | Aluminum'}",,,,42,True,True,2026-06-01 06:36:31.120892+00:00,2026-06-08 21:38:23.445000+00:00
3925,11310,Armless Adjustable Chaise (Stackable),armless-adjustable-chaise-stackable-allure-homecrest,Allure,Armless Adjustable Chaise (Stackable) — Homecrest Allure collection.,"Armless Adjustable Chaise (Stackable) — Homecrest Allure collection.

<p>The clean lines of the Allure collection, met with the strength and durability of powder-coated aluminum, provide premium comfort. Allure features a field-replaceable double layer sling with no welting and carries an unprecedented sling warranty. The quick-drying dining, balcony, and bar units are available with or without arms. This collection is well suited for homeowners with a discerning eye for design, as well as poolside, rooftop, café and bar environments, and more.</p>","28"" W x 77"" L x 35"" H","{'Notes': 'Stackable: 2-6', 'Material': 'Sling | Aluminum'}",,,,42,True,True,2026-06-01 06:36:29.134420+00:00,2026-06-08 21:38:23.400000+00:00
3936,1130M,Armless Adjustable Chaise (with Wheels) (Stackable),armless-adjustable-chaise-with-wheels-stackable-allure-metal-homecrest,Metal,Armless Adjustable Chaise (with Wheels) (Stackable) — Homecrest Allure Metal collection.,"Armless Adjustable Chaise (with Wheels) (Stackable) — Homecrest Allure Metal collection.

<p>Homecrest’s Allure mesh line is durable and functional. Ideal for patio or poolside, this collection is built for superior weather resistance in all climates, from coastal to arid and anywhere in between. With several options for finishes, this sleek collection will transform commercial and residential locations. Allure mesh is well suited for homeowners with a discerning eye for design, as well as applications that have a high level of use, such as public spaces, dining locations, and poolside environments.</p>","28"" W x 77"" L x 35"" H","{'Notes': 'Stackable: 2-6', 'Material': 'Expanded Mesh | Aluminum'}",,,,42,True,True,2026-06-01 06:36:30.986236+00:00,2026-06-08 21:38:23.442000+00:00
3926,11300,Armless Adjustable Chaise (with Wheels),armless-adjustable-chaise-with-wheels-allure-homecrest,Allure,Armless Adjustable Chaise (with Wheels) — Homecrest Allure collection.,"Armless Adjustable Chaise (with Wheels) — Homecrest Allure collection.

<p>The clean lines of the Allure collection, met with the strength and durability of powder-coated aluminum, provide premium comfort. Allure features a field-replaceable double layer sling with no welting and carries an unprecedented sling warranty. The quick-drying dining, balcony, and bar units are available with or without arms. This collection is well suited for homeowners with a discerning eye for design, as well as poolside, rooftop, café and bar environments, and more.</p>","28"" W x 77"" L x 35"" H","{'Notes': 'Stackable: 2-6', 'Material': 'Sling | Aluminum'}",,,,42,True,True,2026-06-01 06:36:29.314464+00:00,2026-06-08 21:38:23.404000+00:00
3949,10301,Armless Adjustable Chaise,armless-adjustable-chaise-blair-homecrest,Blair,Armless Adjustable Chaise — Homecrest Blair collection.,"Armless Adjustable Chaise — Homecrest Blair collection.

<p>Uniquely transitional and highly functional, Homecrest’s Elements sling collection is an industry favorite. Subtle curves and clean angles combine to create a collection that can be artfully classic or freshly modern, depending on your design sensibilities and your outdoor space. Available in low back, high back, and balcony seating, Elements has the added versatility of complementing a wide range of deep seating styles with ease. Elements comes in low back, high back, balcony options, and more. This, in combination with its adaptable style, makes it highly suitable for homeowners who value versatility, as well as commercial environments such as hotel lounges, rooftop bars, and beyond.</p>","24"" W x 82.5"" L x 43.5"" H","{'Notes': 'Padded Sling SKU: 10201; Arm Ht: N/A', 'Material': 'Sling | Aluminum'}",,,,42,True,True,2026-06-01 06:36:33.164271+00:00,2026-06-08 21:38:23.740000+00:00
4114,1K300,Armless Adjustable Chaise,armless-adjustable-chaise-kashton-homecrest,Kashton,Armless Adjustable Chaise — Homecrest Kashton collection.,"Armless Adjustable Chaise — Homecrest Kashton collection.

<p>Our Kashton collection is a treat for the eyes with its sleek, nearly aerodynamic frame design. Its full aluminum frame features arms that round at the front and trail at the back like a slipstream, evoking a sense of motion. In this way, Kashton is the perfect collection to add vibrant flair to any outdoor environment. This stationary, but dynamic, collection comes in dining, balcony, swivel rocker, and chaise seating styles. Because of this, Kashton lends itself to homeowners who value versatility, as well as a wide variety of design applications including fine dining, luxury resorts, poolside, and more.</p>","26"" W x 76"" L x 43.5"" H","{'Notes': 'Available in Sling (1K300) and Padded Sling (1K200); Arm Ht: N/A', 'Material': 'Sling | Aluminum'}",,,,42,True,True,2026-06-01 06:36:58.074087+00:00,2026-06-08 21:38:24.200000+00:00
3932,1155M,Armless Balcony Stool,armless-balcony-stool-allure-metal-homecrest,Metal,Armless Balcony Stool — Homecrest Allure Metal collection.,"Armless Balcony Stool — Homecrest Allure Metal collection.

<p>Homecrest’s Allure mesh line is durable and functional. Ideal for patio or poolside, this collection is built for superior weather resistance in all climates, from coastal to arid and anywhere in between. With several options for finishes, this sleek collection will transform commercial and residential locations. Allure mesh is well suited for homeowners with a discerning eye for design, as well as applications that have a high level of use, such as public spaces, dining locations, and poolside environments.</p>","20"" W x 21"" D x 40"" H",{'Material': 'Expanded Mesh | Aluminum'},,,,47,True,True,2026-06-01 06:36:30.335296+00:00,2026-06-08 21:38:23.424000+00:00
3920,11550,Armless Balcony Stool,armless-balcony-stool-allure-homecrest,Allure,Armless Balcony Stool — Homecrest Allure collection.,"Armless Balcony Stool — Homecrest Allure collection.

<p>The clean lines of the Allure collection, met with the strength and durability of powder-coated aluminum, provide premium comfort. Allure features a field-replaceable double layer sling with no welting and carries an unprecedented sling warranty. The quick-drying dining, balcony, and bar units are available with or without arms. This collection is well suited for homeowners with a discerning eye for design, as well as poolside, rooftop, café and bar environments, and more.</p>","20"" W x 21"" D x 38.5"" H",{'Material': 'Sling | Aluminum'},,,,47,True,True,2026-06-01 06:36:28.337116+00:00,2026-06-08 21:38:23.380000+00:00
4005,95250,Armless Balcony Stool,armless-balcony-stool-casper-homecrest,Casper,Armless Balcony Stool — Homecrest Casper collection.,"Armless Balcony Stool — Homecrest Casper collection.

<p>Sleek design meets functional elegance in the Casper collection. Constructed with a durable steel frame and high-quality woven rope and resin, this collection provides a comfortable seat and excellent weather resistance. Whether it’s a patio, outdoor dining area, or poolside setting, Casper’s versatile design will beautifully complement your space with ease.</p>","20.3"" W x 22.3"" D x 38"" H",{'Material': 'Woven | Steel'},,,,47,True,True,2026-06-01 06:36:41.977609+00:00,2026-06-08 21:38:23.690000+00:00
4009,94580,Armless Balcony Stool,armless-balcony-stool-echo-homecrest,Echo,Armless Balcony Stool — Homecrest Echo collection.,"Armless Balcony Stool — Homecrest Echo collection.

<p>Inspired by the organic shapes found in nature, Echo is an expansion of our popular Manhattan line. Make any outdoor setting more inviting with the addition of this beautiful and unique collection. Echo is available in dining, balcony, and bar heights with a metal seat, padded seat, or removable seat pad option. With its modern design and high-quality construction, this collection is a hospitality favorite. Our Echo collection’s visual style is well-suited to homeowners looking for a refined visual style, as well as urbane environments such as fine dining, cafés, bars, or luxury rooftop experiences.</p>","18.5"" W x 21"" D x 40.5"" H","{'Notes': 'Metal Seat', 'Material': 'Steel'}",,,,47,True,True,2026-06-01 06:36:42.534930+00:00,2026-06-08 21:38:23.703000+00:00
4055,5655M,Armless Balcony Stool,armless-balcony-stool-elevate-metal-homecrest,Metal,Armless Balcony Stool — Homecrest Elevate Metal collection.,"Armless Balcony Stool — Homecrest Elevate Metal collection.

<p>Our Elevate mesh collection puts a twist on our classic visual designs, while adding features that make it the ideal choice for hospitality, workplace, rooftop, and balcony environments. Crafted with solid aluminum frames for added weight and resistance against strong winds, these pieces have a unique shape that makes both the armed and armless units fully stackable. In addition, this collection is resistant to salt, sun, snow, and anything else nature can throw at it. This collection is constructed from solid aluminum for exceptional wind resistance and quick drying. In addition, all seating styles are stackable. These features allow the Elevate mesh collection to adapt to a wide variety of homeowner needs, as well as commercial contexts and climates.</p>","25"" W x 21"" D x 40"" H",{'Material': 'Expanded Mesh | Aluminum'},,,,47,True,True,2026-06-01 06:36:50.042553+00:00,2026-06-08 21:38:23.896000+00:00
4049,56550,Armless Balcony Stool,armless-balcony-stool-elevate-homecrest,Elevate,Armless Balcony Stool — Homecrest Elevate collection.,"Armless Balcony Stool — Homecrest Elevate collection.

<p>The Elevate sling collection shows that elegance and strength can go hand in hand. Elevate features defined lines with added weight for resistance against strong winds. Created from custom, solid aluminum, these pieces offer tremendous resistance to wind, salt, sun, and snow. All these features combine to make Elevate sling ideal for hospitality, workplace, rooftop, and balcony environments. With its smart minimalist visual design, both armed and armless seating styles are stackable. This makes the Elevate collection ideal for homeowners who value smart design, as well as hospitality environments, workplaces, and more.</p>","25"" W x 21"" D x 38.5"" H",{'Material': 'Sling | Aluminum'},,,,47,True,True,2026-06-01 06:36:49.193156+00:00,2026-06-08 21:38:23.875000+00:00
4122,CH250-CH,Armless Balcony Stool,armless-balcony-stool-manhattan-homecrest,Manhattan,Armless Balcony Stool — Homecrest Manhattan collection.,"Armless Balcony Stool — Homecrest Manhattan collection.

<p>Our Manhattan collection is urbane. It’s practical. It’s cosmopolitan. It is sure to make any outdoor space feel both refined and bold. This collection features a full steel construction, ensuring its sturdy frame and bold grid detailing will outlast typical outdoor furniture by years. Manhattan is perfect for homeowners and designers who want to capture the aesthetic of sophisticated metropolitan environments. This collection is also especially well-suited to environments with limited space; we offer this collection in multiple stackable seating styles, with removable seat pad options.</p>","18.5"" W x 21"" D x 40.5"" H","{'Notes': 'Metal Seat variant', 'Material': 'Metal + Padded Seat | Steel'}",,,,47,True,True,2026-06-01 06:36:59.178805+00:00,2026-06-08 21:38:24.235000+00:00
4126,1G250,Armless Balcony Stool,armless-balcony-stool-olive-homecrest,Olive,Armless Balcony Stool — Homecrest Olive collection.,"Armless Balcony Stool — Homecrest Olive collection.

<p>The Olive collection brings modern comfort and commercial-grade durability together in one clean, refined design. Its sleek, tubular aluminum frame is powder-coated for long-lasting performance, while the field-replaceable double layer sling seat and back make it a smart choice for high-use outdoor spaces. Available in dining, balcony, and bar heights, Olive makes it easy to create a polished, coordinated look across patios, pool decks, resorts, cafés, and other commercial settings.</p>",,"{'Depth': '24.2""', 'Width': '20.6""', 'Height': '35.9""', 'Weight': '16 lbs', 'Material': 'Aluminum', 'Seat Height': '23.9""'}",,,,47,True,True,2026-06-01 06:36:59.842742+00:00,2026-06-08 21:38:24.222000+00:00
3934,1145M,Armless Bar Stool,armless-bar-stool-allure-metal-homecrest,Metal,Armless Bar Stool — Homecrest Allure Metal collection.,"Armless Bar Stool — Homecrest Allure Metal collection.

<p>Homecrest’s Allure mesh line is durable and functional. Ideal for patio or poolside, this collection is built for superior weather resistance in all climates, from coastal to arid and anywhere in between. With several options for finishes, this sleek collection will transform commercial and residential locations. Allure mesh is well suited for homeowners with a discerning eye for design, as well as applications that have a high level of use, such as public spaces, dining locations, and poolside environments.</p>","20"" W x 21"" D x 43.5"" H",{'Material': 'Expanded Mesh | Aluminum'},,,,47,True,True,2026-06-01 06:36:30.666323+00:00,2026-06-08 21:38:23.431000+00:00
3922,11450,Armless Bar Stool,armless-bar-stool-allure-homecrest,Allure,Armless Bar Stool — Homecrest Allure collection.,"Armless Bar Stool — Homecrest Allure collection.

<p>The clean lines of the Allure collection, met with the strength and durability of powder-coated aluminum, provide premium comfort. Allure features a field-replaceable double layer sling with no welting and carries an unprecedented sling warranty. The quick-drying dining, balcony, and bar units are available with or without arms. This collection is well suited for homeowners with a discerning eye for design, as well as poolside, rooftop, café and bar environments, and more.</p>","20"" W x 21"" D x 43.5"" H",{'Material': 'Sling | Aluminum'},,,,47,True,True,2026-06-01 06:36:28.678983+00:00,2026-06-08 21:38:23.386000+00:00
4006,95480,Armless Bar Stool,armless-bar-stool-casper-homecrest,Casper,Armless Bar Stool — Homecrest Casper collection.,"Armless Bar Stool — Homecrest Casper collection.

<p>Sleek design meets functional elegance in the Casper collection. Constructed with a durable steel frame and high-quality woven rope and resin, this collection provides a comfortable seat and excellent weather resistance. Whether it’s a patio, outdoor dining area, or poolside setting, Casper’s versatile design will beautifully complement your space with ease.</p>","20.3"" W x 22.3"" D x 41.9"" H",{'Material': 'Woven | Steel'},,,,47,True,True,2026-06-01 06:36:42.120567+00:00,2026-06-08 21:38:23.694000+00:00
4010,94480,Armless Bar Stool,armless-bar-stool-echo-homecrest,Echo,Armless Bar Stool — Homecrest Echo collection.,"Armless Bar Stool — Homecrest Echo collection.

<p>Inspired by the organic shapes found in nature, Echo is an expansion of our popular Manhattan line. Make any outdoor setting more inviting with the addition of this beautiful and unique collection. Echo is available in dining, balcony, and bar heights with a metal seat, padded seat, or removable seat pad option. With its modern design and high-quality construction, this collection is a hospitality favorite. Our Echo collection’s visual style is well-suited to homeowners looking for a refined visual style, as well as urbane environments such as fine dining, cafés, bars, or luxury rooftop experiences.</p>","18.5"" W x 21"" D x 45.5"" H","{'Notes': 'Metal Seat', 'Material': 'Steel'}",,,,47,True,True,2026-06-01 06:36:42.668273+00:00,2026-06-08 21:38:23.706000+00:00
4057,5645M,Armless Bar Stool,armless-bar-stool-elevate-metal-homecrest,Metal,Armless Bar Stool — Homecrest Elevate Metal collection.,"Armless Bar Stool — Homecrest Elevate Metal collection.

<p>Our Elevate mesh collection puts a twist on our classic visual designs, while adding features that make it the ideal choice for hospitality, workplace, rooftop, and balcony environments. Crafted with solid aluminum frames for added weight and resistance against strong winds, these pieces have a unique shape that makes both the armed and armless units fully stackable. In addition, this collection is resistant to salt, sun, snow, and anything else nature can throw at it. This collection is constructed from solid aluminum for exceptional wind resistance and quick drying. In addition, all seating styles are stackable. These features allow the Elevate mesh collection to adapt to a wide variety of homeowner needs, as well as commercial contexts and climates.</p>","25"" W x 21"" D x 46"" H",{'Material': 'Expanded Mesh | Aluminum'},,,,47,True,True,2026-06-01 06:36:50.301188+00:00,2026-06-08 21:38:23.906000+00:00
4051,56450,Armless Bar Stool,armless-bar-stool-elevate-homecrest,Elevate,Armless Bar Stool — Homecrest Elevate collection.,"Armless Bar Stool — Homecrest Elevate collection.

<p>The Elevate sling collection shows that elegance and strength can go hand in hand. Elevate features defined lines with added weight for resistance against strong winds. Created from custom, solid aluminum, these pieces offer tremendous resistance to wind, salt, sun, and snow. All these features combine to make Elevate sling ideal for hospitality, workplace, rooftop, and balcony environments. With its smart minimalist visual design, both armed and armless seating styles are stackable. This makes the Elevate collection ideal for homeowners who value smart design, as well as hospitality environments, workplaces, and more.</p>","25"" W x 21"" D x 44.5"" H",{'Material': 'Sling | Aluminum'},,,,47,True,True,2026-06-01 06:36:49.461479+00:00,2026-06-08 21:38:23.882000+00:00
4123,CH240-CH,Armless Bar Stool,armless-bar-stool-manhattan-homecrest,Manhattan,Armless Bar Stool — Homecrest Manhattan collection.,"Armless Bar Stool — Homecrest Manhattan collection.

<p>Our Manhattan collection is urbane. It’s practical. It’s cosmopolitan. It is sure to make any outdoor space feel both refined and bold. This collection features a full steel construction, ensuring its sturdy frame and bold grid detailing will outlast typical outdoor furniture by years. Manhattan is perfect for homeowners and designers who want to capture the aesthetic of sophisticated metropolitan environments. This collection is also especially well-suited to environments with limited space; we offer this collection in multiple stackable seating styles, with removable seat pad options.</p>","18.5"" W x 21"" D x 45.5"" H","{'Notes': 'Metal Seat variant', 'Material': 'Metal + Padded Seat | Steel'}",,,,47,True,True,2026-06-01 06:36:59.309683+00:00,2026-06-08 21:38:24.239000+00:00
4127,1G240,Armless Bar Stool,armless-bar-stool-olive-homecrest,Olive,Armless Bar Stool — Homecrest Olive collection.,"Armless Bar Stool — Homecrest Olive collection.

<p>The Olive collection brings modern comfort and commercial-grade durability together in one clean, refined design. Its sleek, tubular aluminum frame is powder-coated for long-lasting performance, while the field-replaceable double layer sling seat and back make it a smart choice for high-use outdoor spaces. Available in dining, balcony, and bar heights, Olive makes it easy to create a polished, coordinated look across patios, pool decks, resorts, cafés, and other commercial settings.</p>",,"{'Depth': '24.2""', 'Width': '20.6""', 'Height': '40.9""', 'Weight': '17 lbs', 'Material': 'Aluminum', 'Seat Height': '29""'}",,,,47,True,True,2026-06-01 06:36:59.967229+00:00,2026-06-08 21:38:23.511000+00:00
3968,8439N-DC,Armless Center Chat Chair,armless-center-chat-chair-blair-cushion-homecrest,Blair Cushion,Armless Center Chat Chair — Homecrest Blair Cushion collection.,"Armless Center Chat Chair — Homecrest Blair Cushion collection.

<p>Elevate your outdoor seating experience with our Blair collection. Blair redefines relaxation with its plush cushions and sleek metal back design features. The 8” cushions featuring DreamCore technology mean you can sink into a soft seat, enveloped in comfort. Crafted with precision and durability in mind, Blair's all-aluminum frame ensures longevity and stability for years to come. Designed for versatility, Blair offers a variety of modular pieces that allow for unlimited configurations, creating arrangements tailored to your unique needs. Note: This is not a standalone piece.</p>",,"{'Depth': '33""', 'Width': '24""', 'Height': '35""', 'Weight': '0 lbs', 'Material': 'Aluminum', 'Seat Height': '18""'}",,,,43,True,True,2026-06-01 06:36:36.143924+00:00,2026-06-08 21:38:23.550000+00:00
3981,8539N-DC,Armless Center Chat Chair,armless-center-chat-chair-blair-slip-cover-homecrest,Cover,Armless Center Chat Chair — Homecrest Blair Slip Cover collection.,"Armless Center Chat Chair — Homecrest Blair Slip Cover collection.

<p>Create the ultimate retreat with the refreshing style of our Blair collection. This deep seating series combines sophistication and comfort with fully upholstered backs and supremely comfortable DreamCore cushion technology. Outdoor elegance is effortless with this robust collection of modular and freestanding pieces, perfect for creating versatile seating arrangements. Whether you are selecting furniture for a home patio or a lively commercial space, Blair's pieces can be configured into anything from cozy conversation sets to plush, sprawling sectionals. Best of all, each frame, cover, and cushion is crafted by our skilled team in the USA. Note: This is not a standalone piece.</p>",,"{'Depth': '33""', 'Width': '24""', 'Height': '35""', 'Weight': '0 lbs', 'Material': 'Aluminum', 'Seat Height': '18""'}",,,,43,True,True,2026-06-01 06:36:38.211091+00:00,2026-06-08 21:38:23.598000+00:00
4037,5139N-DC,Armless Center Chat Chair,armless-center-chat-chair-elements-modular-homecrest,Modular,Armless Center Chat Chair — Homecrest Elements Modular collection.,"Armless Center Chat Chair — Homecrest Elements Modular collection.

<p>Elements modular takes the seating experience of our Elements cushion collection and pushes its visual appeal and design possibilities to the next level. Like all our modular seating styles, Elements modular (which its ultra-comfortable DreamCore™ cushion technology) can be arranged in nearly endless configurations. With this collection, aesthetic, function, and spatial design are fully in the hands of the homeowner or designer. This means Elements modular is sure to make an attractive addition to any outdoor space. Note: This is not a standalone piece.</p>",,"{'Depth': '33""', 'Width': '24.75""', 'Height': '35""', 'Weight': '0 lbs', 'Material': 'Aluminum', 'Seat Height': '18""'}",,,,43,True,True,2026-06-01 06:36:47.275224+00:00,2026-06-08 21:38:23.832000+00:00
4145,6139N-DC,Armless Center Chat Chair,armless-center-chat-chair-revive-modular-homecrest,Modular,Armless Center Chat Chair — Homecrest Revive Modular collection.,"Armless Center Chat Chair — Homecrest Revive Modular collection.

<p>Homecrest's Revive collection celebrates mid-century modern design and the artists who shaped a generation. Featuring our signature DreamCore cushion technology, Revive offers supreme comfort and a striking design aesthetic, plus all of the industry-leading quality specifications that are built into every piece of Homecrest furniture. Sit back, relax, and enjoy the sunshine knowing that this gorgeous furniture that celebrates a dynamic era will be enjoyed by generations to come. Note: This is not a standalone piece.</p>",,"{'Depth': '34""', 'Width': '25""', 'Height': '35""', 'Weight': '0 lbs', 'Material': 'Aluminum', 'Seat Height': '18""'}",,,,43,True,True,2026-06-01 06:37:02.686902+00:00,2026-06-08 21:38:24.316000+00:00
4187,1H35A-DC,Armless Center Chat Chair,armless-center-chat-chair-willow-cushion-homecrest,Cushion,Armless Center Chat Chair — Homecrest Willow Cushion collection.,"Armless Center Chat Chair — Homecrest Willow Cushion collection.

<p>Designed to endure the demands of outdoor living, our Willow collection boasts sleek lines, durable HDPE construction, and exceptionally comfortable all-weather cushions. The wood-look HDPE frame adds warmth and natural beauty, enhancing aesthetic appeal while ensuring resistance to the elements. Our High Resilient, furniture-grade foam cushions provide unparalleled comfort, creating the ultimate retreat. Versatile and customizable, Willow offers a range of modular pieces that allow for unlimited configurations, making it the perfect choice for any outdoor space.</p>",,"{'Depth': '31.5""', 'Width': '30""', 'Height': '31""', 'Weight': '0 lbs', 'Material': 'HDPE', 'Seat Height': '18""'}",,,,43,True,True,2026-06-01 06:37:08.728585+00:00,2026-06-08 21:38:24.429000+00:00
4078,21300,Armless Chaise,armless-chaise-infiniti-homecrest,Infiniti,Armless Chaise — Homecrest Infiniti collection.,"Armless Chaise — Homecrest Infiniti collection.

<p>Infiniti is designed for ease of use in any space: at work or at play. Its flowing silhouette maximizes the surface area of our premium sling fabric while still maintaining sleek visuals. In addition, because of our double layer sling technology, Infiniti provides an exceptionally comfortable sit without any of the maintenance that is required by traditional cushions. This beautiful collection is sure to transform any outdoor space to become more attractive and inviting. Paired with its intelligently designed side, coffee, and corner table companion pieces, our armless Infiniti chat chairs are ideal for energizing homeowners’ existing outdoor setups, as well as otherwise standard waiting rooms.</p>","26.5"" W x 52.5"" L x 34.5"" H",{'Material': 'Sling | Aluminum'},,,,42,True,True,2026-06-01 06:36:53.210693+00:00,2026-06-08 21:38:23.977000+00:00
3954,51AR352,Armless Chat Chair,armless-chat-chair-blair-air-homecrest,Blair Air,Armless Chat Chair — Homecrest Blair Air collection.,"Armless Chat Chair — Homecrest Blair Air collection.

<p>The Elements air collection features the appearance and comfort of deep seating in a foam-free, cushionless construction. Luxurious Sensation sling fabric is used for the ultimate in low-maintenance comfort and also features benefits such as exceptional shape retention and surface memory. Homecrest's double layer sling design is extremely comfortable and field replaceable. Elements offers a versatile, stylish, and low-maintenance solution for your outdoor seating needs. Elements air is the perfect collection for climates that experience high levels of rainfall. And, it achieves this practicality without sacrificing style: Elements air is a beautiful seating style that can make an outdoor space feel special. The comfortable double layer sling seating also secures Elements air as a prime option for environments where relaxation is the ultimate goal, such as lake cabin, poolside, fireside, or general lounge areas.</p>","26.5"" W x 33"" D x 36"" H","{'Notes': 'Arm Ht: N/A', 'Material': 'Sling | Aluminum'}",,,,43,True,True,2026-06-01 06:36:33.923031+00:00,2026-06-08 21:38:23.743000+00:00
4004,95380,Armless Chat Chair,armless-chat-chair-casper-homecrest,Casper,Armless Chat Chair — Homecrest Casper collection.,"Armless Chat Chair — Homecrest Casper collection.

<p>Sleek design meets functional elegance in the Casper collection. Constructed with a durable steel frame and high-quality woven rope and resin, this collection provides a comfortable seat and excellent weather resistance. Whether it’s a patio, outdoor dining area, or poolside setting, Casper’s versatile design will beautifully complement your space with ease.</p>","23.6"" W x 32.1"" D x 32.5"" H",{'Material': 'Woven | Steel'},,,,43,True,True,2026-06-01 06:36:41.848906+00:00,2026-06-08 21:38:23.687000+00:00
4077,21350,Armless Chat Chair,armless-chat-chair-infiniti-homecrest,Infiniti,Armless Chat Chair — Homecrest Infiniti collection.,"Armless Chat Chair — Homecrest Infiniti collection.

<p>Infiniti is designed for ease of use in any space: at work or at play. Its flowing silhouette maximizes the surface area of our premium sling fabric while still maintaining sleek visuals. In addition, because of our double layer sling technology, Infiniti provides an exceptionally comfortable sit without any of the maintenance that is required by traditional cushions. This beautiful collection is sure to transform any outdoor space to become more attractive and inviting. Paired with its intelligently designed side, coffee, and corner table companion pieces, our armless Infiniti chat chairs are ideal for energizing homeowners’ existing outdoor setups, as well as otherwise standard waiting rooms.</p>","26.5"" W x 34"" D x 34.5"" H",{'Material': 'Sling | Aluminum'},,,,43,True,True,2026-06-01 06:36:53.069413+00:00,2026-06-08 21:38:23.973000+00:00
4128,61AR350,Armless Chat Chair,armless-chat-chair-revive-air-homecrest,Air,Armless Chat Chair — Homecrest Revive Air collection.,"Armless Chat Chair — Homecrest Revive Air collection.

<p>The mid-century was a great time for furniture design, with many styles setting the standard for which all subsequent designs are measured against. Decades later, Homecrest is helping the iconic “mid-century modern” style experience a renaissance with the benefits of modern technology. Enter: the Revive air collection. This collection uses our unique Sensation sling material—which offers incredible stretch, memory, and UV resistance—to provide the look and feel of a classic cushion, but with none of the restricting maintenance. The Revive air collection is a refreshing style on the eyes, offering a high-quality visual design that hasn’t been seen for many years. This gives the collection potential for homeowners with a refined sense of styles, as well as for designers of corporate environments where innovation and creativity are valued.</p>","26.5"" W x 32.5"" D x 35"" H","{'Notes': 'Arm Ht: N/A', 'Material': 'Sensation Sling | Aluminum'}",,,,43,True,True,2026-06-01 06:37:00.126826+00:00,2026-06-08 21:38:24.252000+00:00
4176,83390,Armless Chat Chair,armless-chat-chair-urban-cushion-homecrest,Cushion,Armless Chat Chair — Homecrest Urban Cushion collection.,"Armless Chat Chair — Homecrest Urban Cushion collection.

<p>Featuring a modular design and clean, soft lines, Homecrest’s Urban collection has a contemporary appeal that is equally suited for backyards, apartment amenity decks, and everything in between. This collection is crafted with powder-coated aluminum, a built-in side table on end units, and High Resilient, furniture-grade foam cushions. Add a taste of the city to any outdoor space with Urban.</p>",,{'Notes': 'Canvas Coal (Sunbrella) | Storm Finish'},,,,43,True,True,2026-06-01 06:37:07.246746+00:00,2026-06-08 21:38:24.406000+00:00
3929,1235M,Armless Dining Chair (Stackable),armless-dining-chair-stackable-allure-metal-homecrest,Metal,Armless Dining Chair (Stackable) — Homecrest Allure Metal collection.,"Armless Dining Chair (Stackable) — Homecrest Allure Metal collection.

<p>Homecrest’s Allure mesh line is durable and functional. Ideal for patio or poolside, this collection is built for superior weather resistance in all climates, from coastal to arid and anywhere in between. With several options for finishes, this sleek collection will transform commercial and residential locations. Allure mesh is well suited for homeowners with a discerning eye for design, as well as applications that have a high level of use, such as public spaces, dining locations, and poolside environments.</p>",,{'Notes': 'Shown in Carbon Finish'},,,,44,True,True,2026-06-01 06:36:29.793864+00:00,2026-06-08 21:38:23.414000+00:00
3916,12350,Armless Dining Chair (Stackable),armless-dining-chair-stackable-allure-homecrest,Allure,Armless Dining Chair (Stackable) — Homecrest Allure collection.,"Armless Dining Chair (Stackable) — Homecrest Allure collection.

<p>The clean lines of the Allure collection, met with the strength and durability of powder-coated aluminum, provide premium comfort. Allure features a field-replaceable double layer sling with no welting and carries an unprecedented sling warranty. The quick-drying dining, balcony, and bar units are available with or without arms. This collection is well suited for homeowners with a discerning eye for design, as well as poolside, rooftop, café and bar environments, and more.</p>","21.5"" W x 21"" D x 32.5"" H","{'Notes': 'Stackable: 2-6', 'Material': 'Sling | Aluminum'}",,,,44,True,True,2026-06-01 06:36:27.594659+00:00,2026-06-08 21:38:23.363000+00:00
4007,94350,Armless Dining Chair (Stackable),armless-dining-chair-stackable-echo-homecrest,Echo,Armless Dining Chair (Stackable) — Homecrest Echo collection.,"Armless Dining Chair (Stackable) — Homecrest Echo collection.

<p>Inspired by the organic shapes found in nature, Echo is an expansion of our popular Manhattan line. Make any outdoor setting more inviting with the addition of this beautiful and unique collection. Echo is available in dining, balcony, and bar heights with a metal seat, padded seat, or removable seat pad option. With its modern design and high-quality construction, this collection is a hospitality favorite. Our Echo collection’s visual style is well-suited to homeowners looking for a refined visual style, as well as urbane environments such as fine dining, cafés, bars, or luxury rooftop experiences.</p>","18.5"" W x 21"" D x 35"" H","{'Notes': 'Stackable: 2-6; Metal Seat', 'Material': 'Steel'}",,,,44,True,True,2026-06-01 06:36:42.254386+00:00,2026-06-08 21:38:23.697000+00:00
4053,5635M,Armless Dining Chair (Stackable),armless-dining-chair-stackable-elevate-metal-homecrest,Metal,Armless Dining Chair (Stackable) — Homecrest Elevate Metal collection.,"Armless Dining Chair (Stackable) — Homecrest Elevate Metal collection.

<p>Our Elevate mesh collection puts a twist on our classic visual designs, while adding features that make it the ideal choice for hospitality, workplace, rooftop, and balcony environments. Crafted with solid aluminum frames for added weight and resistance against strong winds, these pieces have a unique shape that makes both the armed and armless units fully stackable. In addition, this collection is resistant to salt, sun, snow, and anything else nature can throw at it. This collection is constructed from solid aluminum for exceptional wind resistance and quick drying. In addition, all seating styles are stackable. These features allow the Elevate mesh collection to adapt to a wide variety of homeowner needs, as well as commercial contexts and climates.</p>","25"" W x 21"" D x 34"" H","{'Notes': 'Stackable: 2-6', 'Material': 'Expanded Mesh | Aluminum'}",,,,44,True,True,2026-06-01 06:36:49.718407+00:00,2026-06-08 21:38:23.889000+00:00
4047,56350,Armless Dining Chair (Stackable),armless-dining-chair-stackable-elevate-homecrest,Elevate,Armless Dining Chair (Stackable) — Homecrest Elevate collection.,"Armless Dining Chair (Stackable) — Homecrest Elevate collection.

<p>The Elevate sling collection shows that elegance and strength can go hand in hand. Elevate features defined lines with added weight for resistance against strong winds. Created from custom, solid aluminum, these pieces offer tremendous resistance to wind, salt, sun, and snow. All these features combine to make Elevate sling ideal for hospitality, workplace, rooftop, and balcony environments. With its smart minimalist visual design, both armed and armless seating styles are stackable. This makes the Elevate collection ideal for homeowners who value smart design, as well as hospitality environments, workplaces, and more.</p>","25"" W x 21"" D x 32.5"" H","{'Notes': 'Stackable: 2-6', 'Material': 'Sling | Aluminum'}",,,,44,True,True,2026-06-01 06:36:48.919849+00:00,2026-06-08 21:38:23.865000+00:00
4120,CH590-CH,Armless Dining Chair (Stackable),armless-dining-chair-stackable-manhattan-homecrest,Manhattan,Armless Dining Chair (Stackable) — Homecrest Manhattan collection.,"Armless Dining Chair (Stackable) — Homecrest Manhattan collection.

<p>Our Manhattan collection is urbane. It’s practical. It’s cosmopolitan. It is sure to make any outdoor space feel both refined and bold. This collection features a full steel construction, ensuring its sturdy frame and bold grid detailing will outlast typical outdoor furniture by years. Manhattan is perfect for homeowners and designers who want to capture the aesthetic of sophisticated metropolitan environments. This collection is also especially well-suited to environments with limited space; we offer this collection in multiple stackable seating styles, with removable seat pad options.</p>","18.5"" W x 21"" D x 35"" H","{'Notes': 'Metal Seat variant. Stackable: 2-6', 'Material': 'Metal + Padded Seat | Steel'}",,,,44,True,True,2026-06-01 06:36:58.920129+00:00,2026-06-08 21:38:24.228000+00:00
3928,1135M,Armless Dining Chair,armless-dining-chair-allure-metal-homecrest,Metal,Armless Dining Chair — Homecrest Allure Metal collection.,"Armless Dining Chair — Homecrest Allure Metal collection.

<p>Homecrest’s Allure mesh line is durable and functional. Ideal for patio or poolside, this collection is built for superior weather resistance in all climates, from coastal to arid and anywhere in between. With several options for finishes, this sleek collection will transform commercial and residential locations. Allure mesh is well suited for homeowners with a discerning eye for design, as well as applications that have a high level of use, such as public spaces, dining locations, and poolside environments.</p>","20"" W x 21"" D x 34"" H",{'Material': 'Expanded Mesh | Aluminum'},,,,44,True,True,2026-06-01 06:36:29.636706+00:00,2026-06-08 21:38:23.411000+00:00
3915,11350,Armless Dining Chair,armless-dining-chair-allure-homecrest,Allure,Armless Dining Chair — Homecrest Allure collection.,"Armless Dining Chair — Homecrest Allure collection.

<p>The clean lines of the Allure collection, met with the strength and durability of powder-coated aluminum, provide premium comfort. Allure features a field-replaceable double layer sling with no welting and carries an unprecedented sling warranty. The quick-drying dining, balcony, and bar units are available with or without arms. This collection is well suited for homeowners with a discerning eye for design, as well as poolside, rooftop, café and bar environments, and more.</p>","20"" W x 21"" D x 32.5"" H",{'Material': 'Sling | Aluminum'},,,,44,True,True,2026-06-01 06:36:27.286022+00:00,2026-06-08 21:38:23.359000+00:00
4000,97350,Armless Dining Chair,armless-dining-chair-capri-homecrest,Capri,Armless Dining Chair — Homecrest Capri collection.,"Armless Dining Chair — Homecrest Capri collection.

<p>Featuring a powder-coated aluminum frame and smooth woven material, the Capri collection offers long-lasting style and comfort. This breezy collection is designed to enhance your space and brings a touch of coastal warmth and grace no matter where you are. Available in dining and chat chairs, Capri is the perfect addition to your outdoor setting.</p>","22"" W x 23.2"" D x 30.3"" H","{'Notes': 'Arm Ht: N/A', 'Material': 'Woven | Aluminum'}",,,,44,True,True,2026-06-01 06:36:41.294164+00:00,2026-06-08 21:38:23.673000+00:00
4003,95350,Armless Dining Chair,armless-dining-chair-casper-homecrest,Casper,Armless Dining Chair — Homecrest Casper collection.,"Armless Dining Chair — Homecrest Casper collection.

<p>Sleek design meets functional elegance in the Casper collection. Constructed with a durable steel frame and high-quality woven rope and resin, this collection provides a comfortable seat and excellent weather resistance. Whether it’s a patio, outdoor dining area, or poolside setting, Casper’s versatile design will beautifully complement your space with ease.</p>","21.5"" W x 23"" D x 33.7"" H",{'Material': 'Woven | Steel'},,,,44,True,True,2026-06-01 06:36:41.718350+00:00,2026-06-08 21:38:23.683000+00:00
4124,1G350,Armless Dining Chair,armless-dining-chair-olive-homecrest,Olive,Armless Dining Chair — Homecrest Olive collection.,"Armless Dining Chair — Homecrest Olive collection.

<p>The Olive collection brings modern comfort and commercial-grade durability together in one clean, refined design. Its sleek, tubular aluminum frame is powder-coated for long-lasting performance, while the field-replaceable double layer sling seat and back make it a smart choice for high-use outdoor spaces. Available in dining, balcony, and bar heights, Olive makes it easy to create a polished, coordinated look across patios, pool decks, resorts, cafés, and other commercial settings.</p>",,"{'Depth': '22.6""', 'Width': '20.6""', 'Height': '30""', 'Weight': '12 lbs', 'Material': 'Aluminum', 'Seat Height': '18""'}",,,,44,True,True,2026-06-01 06:36:59.459489+00:00,2026-06-08 21:38:24.245000+00:00
4084,SPL22104,Armless Lounge Chair,armless-lounge-chair-in-pool-series-homecrest,Series,Armless Lounge Chair — Homecrest In-Pool Series collection.,"Armless Lounge Chair — Homecrest In-Pool Series collection.

<p>From children to adults, our In-Pool Series armless lounge chair comfortably seats people of any age and size. Designed with a smaller footprint so you can maximize your space, the armless lounge chair stays in place in up to 11” of water. It features a hole at the bottom of each leg so water can enter and exit the core with ease. Alternatively, an optional pump can be purchased for the convenience of a pump-fill system. Available in Desert Sandstone*, Gray Granite*, Light Blue*, River Rock*, Surf Blue*, White*, White Granite, and Yellow* color options. *This color incurs a longer lead time of six weeks.</p>","19.25"" W x 32.25"" D x 27.5"" H","{'Notes': 'Maximum water depth of 11""'}",,,,43,True,True,2026-06-01 06:36:54.023966+00:00,2026-06-08 21:38:24+00:00
4089,SPL44100W4R,"Armless Lounger with 4"" Riser",armless-lounger-with-4-riser-in-pool-series-homecrest,Series,"Armless Lounger with 4"" Riser — Homecrest In-Pool Series collection.","Armless Lounger with 4"" Riser — Homecrest In-Pool Series collection.

<p>All In-Pool products are available in a variety of colors and are suitable for use in both chlorinated and saltwater pools, as well as on all pool materials like concrete, vinyl liners, and gunite. They can be easily removed from the pool to be used on the pool deck. Each product has a recommended maximum water depth for best performance.</p>",,{'Material': 'Polyethylene'},,,,43,True,True,2026-06-01 06:36:54.771244+00:00,2026-06-08 21:38:24.017000+00:00
4088,SPL44100NR,Armless Lounger,armless-lounger-in-pool-series-homecrest,Series,Armless Lounger — Homecrest In-Pool Series collection.,"Armless Lounger — Homecrest In-Pool Series collection.

<p>All In-Pool products are available in a variety of colors and are suitable for use in both chlorinated and saltwater pools, as well as on all pool materials like concrete, vinyl liners, and gunite. They can be easily removed from the pool to be used on the pool deck. Each product has a recommended maximum water depth for best performance.</p>","22.75"" W x 66.5"" L x 33.75"" H","{'Notes': 'Maximum water depth of 14""'}",,,,43,True,True,2026-06-01 06:36:54.542195+00:00,2026-06-08 21:38:24.013000+00:00
3959,51AR422N,Armless Loveseat,armless-loveseat-blair-air-homecrest,Blair Air,Armless Loveseat — Homecrest Blair Air collection.,"Armless Loveseat — Homecrest Blair Air collection.

<p>The Elements air collection features the appearance and comfort of deep seating in a foam-free, cushionless construction. Luxurious Sensation sling fabric is used for the ultimate in low-maintenance comfort and also features benefits such as exceptional shape retention and surface memory. Homecrest's double layer sling design is extremely comfortable and field replaceable. Elements offers a versatile, stylish, and low-maintenance solution for your outdoor seating needs. Elements air is the perfect collection for climates that experience high levels of rainfall. And, it achieves this practicality without sacrificing style: Elements air is a beautiful seating style that can make an outdoor space feel special. The comfortable double layer sling seating also secures Elements air as a prime option for environments where relaxation is the ultimate goal, such as lake cabin, poolside, fireside, or general lounge areas.</p>","52.5"" W x 33"" D x 36"" H","{'Notes': 'Arm Ht: N/A', 'Material': 'Sling | Aluminum'}",,,,43,True,True,2026-06-01 06:36:34.721611+00:00,2026-06-08 21:38:23.760000+00:00
4040,5142N-DC,Armless Loveseat,armless-loveseat-elements-modular-homecrest,Modular,Armless Loveseat — Homecrest Elements Modular collection.,"Armless Loveseat — Homecrest Elements Modular collection.

<p>Elements modular takes the seating experience of our Elements cushion collection and pushes its visual appeal and design possibilities to the next level. Like all our modular seating styles, Elements modular (which its ultra-comfortable DreamCore™ cushion technology) can be arranged in nearly endless configurations. With this collection, aesthetic, function, and spatial design are fully in the hands of the homeowner or designer. This means Elements modular is sure to make an attractive addition to any outdoor space. Note: This is not a standalone piece.</p>",,"{'Depth': '33""', 'Width': '48.75""', 'Height': '35""', 'Weight': '0 lbs', 'Material': 'Aluminum', 'Seat Height': '18""'}",,,,43,True,True,2026-06-01 06:36:47.782526+00:00,2026-06-08 21:38:23.841000+00:00
4133,61AR42N,Armless Loveseat,armless-loveseat-revive-air-homecrest,Air,Armless Loveseat — Homecrest Revive Air collection.,"Armless Loveseat — Homecrest Revive Air collection.

<p>The mid-century was a great time for furniture design, with many styles setting the standard for which all subsequent designs are measured against. Decades later, Homecrest is helping the iconic “mid-century modern” style experience a renaissance with the benefits of modern technology. Enter: the Revive air collection. This collection uses our unique Sensation sling material—which offers incredible stretch, memory, and UV resistance—to provide the look and feel of a classic cushion, but with none of the restricting maintenance. The Revive air collection is a refreshing style on the eyes, offering a high-quality visual design that hasn’t been seen for many years. This gives the collection potential for homeowners with a refined sense of styles, as well as for designers of corporate environments where innovation and creativity are valued.</p>","53"" W x 32.5"" D x 35"" H","{'Notes': 'Arm Ht: N/A', 'Material': 'Sensation Sling | Aluminum'}",,,,43,True,True,2026-06-01 06:37:00.841819+00:00,2026-06-08 21:38:24.269000+00:00
4148,6142N-DC,Armless Loveseat,armless-loveseat-revive-modular-homecrest,Modular,Armless Loveseat — Homecrest Revive Modular collection.,"Armless Loveseat — Homecrest Revive Modular collection.

<p>Homecrest's Revive collection celebrates mid-century modern design and the artists who shaped a generation. Featuring our signature DreamCore cushion technology, Revive offers supreme comfort and a striking design aesthetic, plus all of the industry-leading quality specifications that are built into every piece of Homecrest furniture. Sit back, relax, and enjoy the sunshine knowing that this gorgeous furniture that celebrates a dynamic era will be enjoyed by generations to come. Note: This is not a standalone piece.</p>",,"{'Depth': '34""', 'Width': '49""', 'Height': '35""', 'Weight': '0 lbs', 'Material': 'Aluminum', 'Seat Height': '18""'}",,,,43,True,True,2026-06-01 06:37:03.143370+00:00,2026-06-08 21:38:23.766000+00:00
4179,83420,Armless Loveseat,armless-loveseat-urban-cushion-homecrest,Cushion,Armless Loveseat — Homecrest Urban Cushion collection.,"Armless Loveseat — Homecrest Urban Cushion collection.

<p>Featuring a modular design and clean, soft lines, Homecrest’s Urban collection has a contemporary appeal that is equally suited for backyards, apartment amenity decks, and everything in between. This collection is crafted with powder-coated aluminum, a built-in side table on end units, and High Resilient, furniture-grade foam cushions. Add a taste of the city to any outdoor space with Urban.</p>",,{'Notes': 'Canvas Coal (Sunbrella) | Storm Finish'},,,,43,True,True,2026-06-01 06:37:07.638626+00:00,2026-06-08 21:38:23.652000+00:00
3963,51AR432N,Armless Sofa,armless-sofa-blair-air-homecrest,Blair Air,Armless Sofa — Homecrest Blair Air collection.,"Armless Sofa — Homecrest Blair Air collection.

<p>The Elements air collection features the appearance and comfort of deep seating in a foam-free, cushionless construction. Luxurious Sensation sling fabric is used for the ultimate in low-maintenance comfort and also features benefits such as exceptional shape retention and surface memory. Homecrest's double layer sling design is extremely comfortable and field replaceable. Elements offers a versatile, stylish, and low-maintenance solution for your outdoor seating needs. Elements air is the perfect collection for climates that experience high levels of rainfall. And, it achieves this practicality without sacrificing style: Elements air is a beautiful seating style that can make an outdoor space feel special. The comfortable double layer sling seating also secures Elements air as a prime option for environments where relaxation is the ultimate goal, such as lake cabin, poolside, fireside, or general lounge areas.</p>","79"" W x 33"" D x 36"" H","{'Notes': 'Arm Ht: N/A', 'Material': 'Sling | Aluminum'}",,,,43,True,True,2026-06-01 06:36:35.371525+00:00,2026-06-08 21:38:23.781000+00:00
4043,5143N-DC,Armless Sofa,armless-sofa-elements-modular-homecrest,Modular,Armless Sofa — Homecrest Elements Modular collection.,"Armless Sofa — Homecrest Elements Modular collection.

<p>Elements modular takes the seating experience of our Elements cushion collection and pushes its visual appeal and design possibilities to the next level. Like all our modular seating styles, Elements modular (which its ultra-comfortable DreamCore™ cushion technology) can be arranged in nearly endless configurations. With this collection, aesthetic, function, and spatial design are fully in the hands of the homeowner or designer. This means Elements modular is sure to make an attractive addition to any outdoor space. Note: This is not a standalone piece.</p>",,"{'Depth': '33""', 'Width': '72.75""', 'Height': '35""', 'Weight': '0 lbs', 'Material': 'Aluminum', 'Seat Height': '18""'}",,,,43,True,True,2026-06-01 06:36:48.270944+00:00,2026-06-08 21:38:23.852000+00:00
4137,61AR43N,Armless Sofa,armless-sofa-revive-air-homecrest,Air,Armless Sofa — Homecrest Revive Air collection.,"Armless Sofa — Homecrest Revive Air collection.

<p>The mid-century was a great time for furniture design, with many styles setting the standard for which all subsequent designs are measured against. Decades later, Homecrest is helping the iconic “mid-century modern” style experience a renaissance with the benefits of modern technology. Enter: the Revive air collection. This collection uses our unique Sensation sling material—which offers incredible stretch, memory, and UV resistance—to provide the look and feel of a classic cushion, but with none of the restricting maintenance. The Revive air collection is a refreshing style on the eyes, offering a high-quality visual design that hasn’t been seen for many years. This gives the collection potential for homeowners with a refined sense of styles, as well as for designers of corporate environments where innovation and creativity are valued.</p>","79"" W x 32.5"" D x 35"" H","{'Notes': 'Arm Ht: N/A', 'Material': 'Sensation Sling | Aluminum'}",,,,43,True,True,2026-06-01 06:37:01.415237+00:00,2026-06-08 21:38:24.286000+00:00
4151,6143N-DC,Armless Sofa,armless-sofa-revive-modular-homecrest,Modular,Armless Sofa — Homecrest Revive Modular collection.,"Armless Sofa — Homecrest Revive Modular collection.

<p>Homecrest's Revive collection celebrates mid-century modern design and the artists who shaped a generation. Featuring our signature DreamCore cushion technology, Revive offers supreme comfort and a striking design aesthetic, plus all of the industry-leading quality specifications that are built into every piece of Homecrest furniture. Sit back, relax, and enjoy the sunshine knowing that this gorgeous furniture that celebrates a dynamic era will be enjoyed by generations to come. Note: This is not a standalone piece.</p>",,"{'Depth': '34""', 'Width': '73""', 'Height': '35""', 'Weight': '0 lbs', 'Material': 'Aluminum', 'Seat Height': '18""'}",,,,43,True,True,2026-06-01 06:37:03.611160+00:00,2026-06-08 21:38:24.334000+00:00
4182,83430,Armless Sofa,armless-sofa-urban-cushion-homecrest,Cushion,Armless Sofa — Homecrest Urban Cushion collection.,"Armless Sofa — Homecrest Urban Cushion collection.

<p>Featuring a modular design and clean, soft lines, Homecrest’s Urban collection has a contemporary appeal that is equally suited for backyards, apartment amenity decks, and everything in between. This collection is crafted with powder-coated aluminum, a built-in side table on end units, and High Resilient, furniture-grade foam cushions. Add a taste of the city to any outdoor space with Urban.</p>","84"" W x 32"" D x 28"" H",{'Material': 'Cushion | Aluminum'},,,,43,True,True,2026-06-01 06:37:08.058882+00:00,2026-06-08 21:38:24.412000+00:00
4013,51AR902N,Armless Swivel Chat Chair,armless-swivel-chat-chair-edge-air-homecrest,Air,Armless Swivel Chat Chair — Homecrest Edge Air collection.,"Armless Swivel Chat Chair — Homecrest Edge Air collection.

<p>Edge air provides the luxurious comfort of deep seating with a modern, foam-free innovation. Air technology's cushionless construction allows for low-maintenance, quick-drying convenience, even in climates with the most intense rainfall. These armless pieces exhibit sleek, contemporary appeal, making them suitable for a wide range of design aesthetics.</p>","26.5"" W x 33"" D x 36"" H","{'Notes': 'Arm Ht: N/A', 'Material': 'Sensation Sling | Aluminum'}",,,,43,True,True,2026-06-01 06:36:43.098938+00:00,2026-06-08 21:38:23.713000+00:00
4221,2334B,Balcony Pedestal Table Base,balcony-pedestal-table-base-table-bases-homecrest,Bases,Balcony Pedestal Table Base — Homecrest Table Bases collection.,"Balcony Pedestal Table Base — Homecrest Table Bases collection.

<p>Homecrest has revamped the universal table base to an “easier to assemble” table base. This sleek new table base is composed of aluminum and is designed for the utmost in durability, convenience and maneuverability. No matter the size and/or shape of the table top you choose, Homecrest’s universal base is sure to please.</p>",,{'Material': 'Aluminum'},,,,52,True,True,2026-06-01 06:37:16.081747+00:00,2026-06-23 18:14:57.428150+00:00
3933,1158M,Balcony Stool,balcony-stool-allure-metal-homecrest,Metal,Balcony Stool — Homecrest Allure Metal collection.,"Balcony Stool — Homecrest Allure Metal collection.

<p>Homecrest’s Allure mesh line is durable and functional. Ideal for patio or poolside, this collection is built for superior weather resistance in all climates, from coastal to arid and anywhere in between. With several options for finishes, this sleek collection will transform commercial and residential locations. Allure mesh is well suited for homeowners with a discerning eye for design, as well as applications that have a high level of use, such as public spaces, dining locations, and poolside environments.</p>","24.5"" W x 21"" D x 40"" H",{'Material': 'Expanded Mesh | Aluminum'},,,,47,True,True,2026-06-01 06:36:30.463934+00:00,2026-06-08 21:38:23.428000+00:00
3921,11580,Balcony Stool,balcony-stool-allure-homecrest,Allure,Balcony Stool — Homecrest Allure collection.,"Balcony Stool — Homecrest Allure collection.

<p>The clean lines of the Allure collection, met with the strength and durability of powder-coated aluminum, provide premium comfort. Allure features a field-replaceable double layer sling with no welting and carries an unprecedented sling warranty. The quick-drying dining, balcony, and bar units are available with or without arms. This collection is well suited for homeowners with a discerning eye for design, as well as poolside, rooftop, café and bar environments, and more.</p>","24.5"" W x 21"" D x 38.5"" H",{'Material': 'Sling | Aluminum'},,,,47,True,True,2026-06-01 06:36:28.530744+00:00,2026-06-08 21:38:23.383000+00:00
4056,5657M,Balcony Stool,balcony-stool-elevate-metal-homecrest,Metal,Balcony Stool — Homecrest Elevate Metal collection.,"Balcony Stool — Homecrest Elevate Metal collection.

<p>Our Elevate mesh collection puts a twist on our classic visual designs, while adding features that make it the ideal choice for hospitality, workplace, rooftop, and balcony environments. Crafted with solid aluminum frames for added weight and resistance against strong winds, these pieces have a unique shape that makes both the armed and armless units fully stackable. In addition, this collection is resistant to salt, sun, snow, and anything else nature can throw at it. This collection is constructed from solid aluminum for exceptional wind resistance and quick drying. In addition, all seating styles are stackable. These features allow the Elevate mesh collection to adapt to a wide variety of homeowner needs, as well as commercial contexts and climates.</p>","25"" W x 21"" D x 40"" H",{'Material': 'Expanded Mesh | Aluminum'},,,,47,True,True,2026-06-01 06:36:50.169219+00:00,2026-06-08 21:38:23.902000+00:00
4050,56570,Balcony Stool,balcony-stool-elevate-homecrest,Elevate,Balcony Stool — Homecrest Elevate collection.,"Balcony Stool — Homecrest Elevate collection.

<p>The Elevate sling collection shows that elegance and strength can go hand in hand. Elevate features defined lines with added weight for resistance against strong winds. Created from custom, solid aluminum, these pieces offer tremendous resistance to wind, salt, sun, and snow. All these features combine to make Elevate sling ideal for hospitality, workplace, rooftop, and balcony environments. With its smart minimalist visual design, both armed and armless seating styles are stackable. This makes the Elevate collection ideal for homeowners who value smart design, as well as hospitality environments, workplaces, and more.</p>","25"" W x 21"" D x 38.5"" H",{'Material': 'Sling | Aluminum'},,,,47,True,True,2026-06-01 06:36:49.322185+00:00,2026-06-08 21:38:23.879000+00:00
4222,2340B,Bar Pedestal Table Base,bar-pedestal-table-base-table-bases-homecrest,Bases,Bar Pedestal Table Base — Homecrest Table Bases collection.,"Bar Pedestal Table Base — Homecrest Table Bases collection.

<p>Homecrest has revamped the universal table base to an “easier to assemble” table base. This sleek new table base is composed of aluminum and is designed for the utmost in durability, convenience and maneuverability. No matter the size and/or shape of the table top you choose, Homecrest’s universal base is sure to please.</p>",,{'Material': 'Aluminum'},,,,52,True,True,2026-06-01 06:37:16.246559+00:00,2026-06-23 18:14:57.428150+00:00
3935,1148M,Bar Stool,bar-stool-allure-metal-homecrest,Metal,Bar Stool — Homecrest Allure Metal collection.,"Bar Stool — Homecrest Allure Metal collection.

<p>Homecrest’s Allure mesh line is durable and functional. Ideal for patio or poolside, this collection is built for superior weather resistance in all climates, from coastal to arid and anywhere in between. With several options for finishes, this sleek collection will transform commercial and residential locations. Allure mesh is well suited for homeowners with a discerning eye for design, as well as applications that have a high level of use, such as public spaces, dining locations, and poolside environments.</p>","24.5"" W x 21"" D x 43.5"" H",{'Material': 'Expanded Mesh | Aluminum'},,,,47,True,True,2026-06-01 06:36:30.799332+00:00,2026-06-08 21:38:23.434000+00:00
3923,11480,Bar Stool,bar-stool-allure-homecrest,Allure,Bar Stool — Homecrest Allure collection.,"Bar Stool — Homecrest Allure collection.

<p>The clean lines of the Allure collection, met with the strength and durability of powder-coated aluminum, provide premium comfort. Allure features a field-replaceable double layer sling with no welting and carries an unprecedented sling warranty. The quick-drying dining, balcony, and bar units are available with or without arms. This collection is well suited for homeowners with a discerning eye for design, as well as poolside, rooftop, café and bar environments, and more.</p>","24.5"" W x 21"" D x 43.5"" H",{'Material': 'Sling | Aluminum'},,,,47,True,True,2026-06-01 06:36:28.836763+00:00,2026-06-08 21:38:23.390000+00:00
4058,5647M,Bar Stool,bar-stool-elevate-metal-homecrest,Metal,Bar Stool — Homecrest Elevate Metal collection.,"Bar Stool — Homecrest Elevate Metal collection.

<p>Our Elevate mesh collection builds upon the superb functionality of our Elevate collection, without sacrificing the visual appeal of its original frame design. Still and always, this collection is elegant, light, and graceful. Elevate mesh truly elevates the standard expected for outdoor furniture. This collection is constructed from solid aluminum for exceptional wind resistance and quick drying. In addition, all seating styles are stackable. These features allow the Elevate mesh collection to adapt to a wide variety of homeowner needs, as well as commercial contexts and climates.</p>","25"" W x 21"" D x 46"" H",{'Material': 'Expanded Mesh | Aluminum'},,,,47,True,True,2026-06-01 06:36:50.428785+00:00,2026-06-08 21:38:23.909000+00:00
4052,56470,Bar Stool,bar-stool-elevate-homecrest,Elevate,Bar Stool — Homecrest Elevate collection.,"Bar Stool — Homecrest Elevate collection.

<p>The Elevate sling collection shows that elegance and strength can go hand in hand. Elevate features defined lines with added weight for resistance against strong winds. Created from custom, solid aluminum, these pieces offer tremendous resistance to wind, salt, sun, and snow. All these features combine to make Elevate sling ideal for hospitality, workplace, rooftop, and balcony environments. With its smart minimalist visual design, both armed and armless seating styles are stackable. This makes the Elevate collection ideal for homeowners who value smart design, as well as hospitality environments, workplaces, and more.</p>","25"" W x 21"" D x 44.5"" H",{'Material': 'Sling | Aluminum'},,,,47,True,True,2026-06-01 06:36:49.590848+00:00,2026-06-08 21:38:23.886000+00:00
4060,2F240,Bar Stool,bar-stool-florida-metal-homecrest,Metal,Bar Stool — Homecrest Florida Metal collection.,"Bar Stool — Homecrest Florida Metal collection.

<p>The Florida collection is a long-standing commercial and hospitality favorite. The design is achieved by combining modern materials and original techniques to build a durable, maintenance-free collection with all the comfort and support expected from Homecrest. The quick-drying mesh design and seating options in stackable and chaise styles make Florida mesh well-suited to lake and poolside environments especially.</p>","23"" W x 26"" D x 45"" H",{'Material': 'Expanded Mesh | Aluminum'},,,,47,True,True,2026-06-01 06:36:50.699685+00:00,2026-06-08 21:38:23.930000+00:00
4162,24350,Center Chat Chair,center-chat-chair-surf-homecrest,Surf,Center Chat Chair — Homecrest Surf collection.,"Center Chat Chair — Homecrest Surf collection.

<p>With an emphasis on contemporary design and practical style, the nature-inspired Surf collection is an excellent option for heavy-use areas such as gardens, parks, college or corporate campuses, and more. Surf’s powder-coated aluminum frame and curving HDPE seat offer unmatched durability, ensuring this modular collection will stand the test of time against the elements.</p>","23.3"" W x 34.5"" D x 35"" H","{'Notes': 'Arm Ht: N/A', 'Material': 'All-Weather Poly | Aluminum'}",,,,43,True,True,2026-06-01 06:37:05.313413+00:00,2026-06-08 21:38:24.370000+00:00
3919,11380,Chat Chair,chat-chair-allure-homecrest,Allure,Chat Chair — Homecrest Allure collection.,"Chat Chair — Homecrest Allure collection.

<p>The clean lines of the Allure collection, met with the strength and durability of powder-coated aluminum, provide premium comfort. Allure features a field-replaceable double layer sling with no welting and carries an unprecedented sling warranty. The quick-drying dining, balcony, and bar units are available with or without arms. This collection is well suited for homeowners with a discerning eye for design, as well as poolside, rooftop, café and bar environments, and more.</p>","28"" W x 24.5"" D x 31"" H",{'Material': 'Sling | Aluminum'},,,,43,True,True,2026-06-01 06:36:28.070827+00:00,2026-06-08 21:38:23.376000+00:00
3938,7237A-DC,Chat Chair,chat-chair-anthem-cushion-homecrest,Cushion,Chat Chair — Homecrest Anthem Cushion collection.,"Chat Chair — Homecrest Anthem Cushion collection.

<p>Homecrest's Anthem cushion collection showcases bent aluminum extrusions and minimal welded joints, offering both aesthetic appeal and robust durability. The design features gentle curves and cushions with DreamCore technology, reflecting Homecrest's heritage of metal bending and uniquely comfortable seating. Anthem exemplifies the American-made craftsmanship for which our company is renowned.</p>",,"{'Depth': '32""', 'Width': '28.5""', 'Height': '35""', 'Weight': '0 lbs', 'Material': 'Aluminum', 'Arm Height': '23""', 'Seat Height': '18""'}",,,,43,True,True,2026-06-01 06:36:31.381103+00:00,2026-06-08 21:38:23.449000+00:00
3942,2H37A-DC,Chat Chair,chat-chair-ava-cushion-homecrest,Cushion,Chat Chair — Homecrest Ava Cushion collection.,"Chat Chair — Homecrest Ava Cushion collection.

<p>Our Ava collection seamlessly blends modern sophistication with the beauty of nature. Ava’s architectural A-frame profile boasts a rustic charm while offering the unmatched durability of HDPE. Visually resembling natural wood, this sturdy HDPE frame will stand the test of time against the elements without compromising on style. Sumptuous cushions featuring DreamCore technology beckon you to unwind in your outdoor sanctuary.</p>",,"{'Depth': '34""', 'Width': '28.25""', 'Height': '35""', 'Weight': '0 lbs', 'Material': 'HDPE', 'Arm Height': '23.5""', 'Seat Height': '18""'}",,,,43,True,True,2026-06-01 06:36:32.051820+00:00,2026-06-08 21:38:23.463000+00:00
3955,10AR392,Chat Chair,chat-chair-blair-air-homecrest,Blair Air,Chat Chair — Homecrest Blair Air collection.,"Chat Chair — Homecrest Blair Air collection.

<p>The Blair air collection features the look and feel of a deep seating piece in a foam-free, cushionless construction. Luxurious Sensation sling fabric is used for the ultimate in low-maintenance comfort and also features benefits such as exceptional shape retention and surface memory. Blair air offers a versatile, stylish, and durable solution for your outdoor seating needs and coordinates with all Blair cushion sling pieces. Like Blair before it, Blair air’s light and fresh visual style lends itself to a wide variety of design aesthetics. But, because of its seating design, it performs especially well in climates with even the most intense rainfall.</p>","34.5"" W x 33"" D x 36"" H",{'Material': 'Sling | Aluminum'},,,,43,True,True,2026-06-01 06:36:34.077729+00:00,2026-06-08 21:38:23.500000+00:00
3969,8439A-DC,Chat Chair,chat-chair-blair-cushion-homecrest,Blair Cushion,Chat Chair — Homecrest Blair Cushion collection.,"Chat Chair — Homecrest Blair Cushion collection.

<p>Elevate your outdoor seating experience with our Blair collection. Blair redefines relaxation with its plush cushions and sleek metal back design features. The 8” cushions featuring DreamCore technology mean you can sink into a soft seat, enveloped in comfort. Crafted with precision and durability in mind, Blair's all-aluminum frame ensures longevity and stability for years to come. Designed for versatility, Blair offers a variety of modular pieces that allow for unlimited configurations, creating arrangements tailored to your unique needs.</p>",,"{'Depth': '33""', 'Width': '32""', 'Height': '35""', 'Weight': '0 lbs', 'Material': 'Aluminum', 'Arm Height': '24""', 'Seat Height': '18""'}",,,,43,True,True,2026-06-01 06:36:36.302024+00:00,2026-06-08 21:38:23.553000+00:00
3982,8539A-DC,Chat Chair,chat-chair-blair-slip-cover-homecrest,Cover,Chat Chair — Homecrest Blair Slip Cover collection.,"Chat Chair — Homecrest Blair Slip Cover collection.

<p>Create the ultimate retreat with the refreshing style of our Blair collection. This deep seating series combines sophistication and comfort with fully upholstered backs and supremely comfortable DreamCore cushion technology. Outdoor elegance is effortless with this robust collection of modular and freestanding pieces, perfect for creating versatile seating arrangements. Whether you are selecting furniture for a home patio or a lively commercial space, Blair's pieces can be configured into anything from cozy conversation sets to plush, sprawling sectionals. Best of all, each frame, cover, and cushion is crafted by our skilled team in the USA.</p>",,"{'Depth': '33""', 'Width': '32""', 'Height': '35""', 'Weight': '0 lbs', 'Material': 'Aluminum', 'Arm Height': '24""', 'Seat Height': '18""'}",,,,43,True,True,2026-06-01 06:36:38.368786+00:00,2026-06-08 21:38:23.602000+00:00
3993,4239A,Chat Chair,chat-chair-boden-cushion-homecrest,Cushion,Chat Chair — Homecrest Boden Cushion collection.,"Chat Chair — Homecrest Boden Cushion collection.

<p>The Boden collection’s clean, architectural lines and tubular frame offer a bold, modern silhouette. Its seamless curves and integrated armrests create a sense of flow, while the plush, High Resilient cushions invite you to sit back and breathe deep. Boden’s sleek lines and contemporary appeal are matched by exceptional durability and weather resistance. Crafted with powder-coated aluminum and all-weather cushions, Boden is made to withstand the elements while offering luxurious comfort season after season.</p>","32.5"" W x 35.8"" D x 33.4"" H","{'Arm Height': '24.4""', 'Seat Height': '19""'}",,,,43,True,True,2026-06-01 06:36:40.148492+00:00,2026-06-08 21:38:23.643000+00:00
4002,97380,Chat Chair,chat-chair-capri-homecrest,Capri,Chat Chair — Homecrest Capri collection.,"Chat Chair — Homecrest Capri collection.

<p>Featuring a powder-coated aluminum frame and smooth woven material, the Capri collection offers long-lasting style and comfort. This breezycollection is designed to enhance your space and brings a touch of coastal warmth and grace no matter where you are. Available in dining and chat chairs, Capri is the perfect addition to your outdoor setting.</p>","25.8"" W x 28.9"" D x 28.9"" H","{'Notes': 'Available in: Cushion, Woven', 'Material': 'Cushion | Aluminum'}",,,,43,True,True,2026-06-01 06:36:41.569192+00:00,2026-06-08 21:38:23.680000+00:00
4019,51AR392,Chat Chair,chat-chair-elements-air-homecrest,Air,Chat Chair — Homecrest Elements Air collection.,"Chat Chair — Homecrest Elements Air collection.

<p>The Elements air collection features the appearance and comfort of deep seating in a foam-free, cushionless construction. Luxurious Sensation sling fabric is used for the ultimate in low-maintenance comfort and also features benefits such as exceptional shape retention and surface memory. Homecrest's double layer sling design is extremely comfortable and field replaceable. Elements offers a versatile, stylish, and low-maintenance solution for your outdoor seating needs. Elements air is the perfect collection for climates that experience high levels of rainfall. And, it achieves this practicality without sacrificing style: Elements air is a beautiful seating style that can make an outdoor space feel special. The comfortable double layer sling seating also secures Elements air as a prime option for environments where relaxation is the ultimate goal, such as lake cabin, poolside, fireside, or general lounge areas.</p>","32.5"" W x 33"" D x 36"" H",{'Material': 'Sling | Aluminum'},,,,43,True,True,2026-06-01 06:36:44.069792+00:00,2026-06-08 21:38:23.747000+00:00
4029,5139A-DC,Chat Chair,chat-chair-elements-cushion-homecrest,Cushion,Chat Chair — Homecrest Elements Cushion collection.,"Chat Chair — Homecrest Elements Cushion collection.

<p>With Homecrest’s Elements cushion collection, you no longer have to choose between style and comfort. This bold deep seating series merges the fresh, transitional design of Homecrest’s popular Elements collection with the supreme comfort of DreamCore™ technology. The luxurious seats and backrests feature High Resilient foam, ensuring durability, longevity, and unmatched comfort. Unlike conventional foam, Homecrest’s cushions offer exceptional elasticity, providing a superior seating experience. This makes it well suited for homeowners who value relaxation, as well as lounge environments such as hotels, resorts, and some public spaces.</p>",,"{'Depth': '33""', 'Width': '30""', 'Height': '35""', 'Weight': '0 lbs', 'Material': 'Aluminum', 'Arm Height': '23.5""', 'Seat Height': '18""'}",,,,43,True,True,2026-06-01 06:36:45.721094+00:00,2026-06-08 21:38:23.794000+00:00
4086,SPL22103,Chat Chair,chat-chair-in-pool-series-homecrest,Series,Chat Chair — Homecrest In-Pool Series collection.,"Chat Chair — Homecrest In-Pool Series collection.

<p>Our In-Pool Series chat chair combines a playful design and vibrant colors to make it the perfect addition to gatherings, adding a modern touch to your everyday outdoor relaxation. It is a popular option for hotels and larger pools, and it is specifically engineered to withstand the rigors of poolside environments. The chat chair typically works in water up to 12”, but with the addition of optional weights, this depth can increase up to 16”. Available in Desert Sandstone*, Gray Granite*, Light Blue*, River Rock*, Surf Blue*, White*, White Granite, and Yellow* color options. *This color incurs a longer lead time of six weeks.</p>",,{'Material': 'Polyethylene'},,,,43,True,True,2026-06-01 06:36:54.287316+00:00,2026-06-08 21:38:24.006000+00:00
4115,1639A,Chat Chair,chat-chair-liberty-cushion-homecrest,Cushion,Chat Chair — Homecrest Liberty Cushion collection.,"Chat Chair — Homecrest Liberty Cushion collection.

<p>Liberty’s timeless design and unparalleled comfort from DreamCore™ cushions will enhance outdoor spaces for generations to come. Create an environment of relaxation and serenity with a full complement of deep seating pieces, all made in the USA. The crisp tailoring and clean lines will create an engaging ambiance that celebrates the past and the future. This collection is sure to make any outdoor space stylish and inviting. Liberty lends itself to environments where relaxation and connection are priorities. Its chat chair, swivel rockers, and more make it perfect for homeowners who crave comfort, as well as lounges in anywhere from luxury resort to multi-family living environments.</p>","28"" W x 35"" D x 42"" H",{'Material': 'Aluminum'},,,,43,True,True,2026-06-01 06:36:58.233137+00:00,2026-06-08 21:38:24.204000+00:00
4129,61AR390,Chat Chair,chat-chair-revive-air-homecrest,Air,Chat Chair — Homecrest Revive Air collection.,"Chat Chair — Homecrest Revive Air collection.

<p>The mid-century was a great time for furniture design, with many styles setting the standard for which all subsequent designs are measured against. Decades later, Homecrest is helping the iconic “mid-century modern” style experience a renaissance with the benefits of modern technology. Enter: the Revive air collection. This collection uses our unique Sensation sling material—which offers incredible stretch, memory, and UV resistance—to provide the look and feel of a classic cushion, but with none of the restricting maintenance. The Revive air collection is a refreshing style on the eyes, offering a high-quality visual design that hasn’t been seen for many years. This gives the collection potential for homeowners with a refined sense of styles, as well as for designers of corporate environments where innovation and creativity are valued.</p>","33"" W x 33"" D x 35"" H",{'Material': 'Sensation Sling | Aluminum'},,,,43,True,True,2026-06-01 06:37:00.250311+00:00,2026-06-08 21:38:24.255000+00:00
4141,6139A-DC,Chat Chair,chat-chair-revive-cushion-homecrest,Cushion,Chat Chair — Homecrest Revive Cushion collection.,"Chat Chair — Homecrest Revive Cushion collection.

<p>Homecrest’s Revive cushion collection celebrates mid-century modern design, and the artists of all kinds who shaped a generation. It is sure to bring a subtle sophistication to any outdoor space through its curated design inspiration. Featuring our signature DreamCore™ cushion technology, Revive cushion offers supreme comfort to complement its bold visual aesthetic. With all of the industry-leading, quality specifications that Homecrest consistently delivers, Revive cushion celebrates a dynamic era with the promise that it will be enjoyed by generations to come. This collection comes in chat, swivel rocker, loveseat, and sofa seating styles, making it ideal for environments where relaxation is at the forefront.</p>",,"{'Depth': '34""', 'Width': '30.5""', 'Height': '35""', 'Weight': '0 lbs', 'Material': 'Aluminum', 'Arm Height': '25""', 'Seat Height': '18""'}",,,,43,True,True,2026-06-01 06:37:02.098167+00:00,2026-06-08 21:38:24.303000+00:00
4170,4537A,Chat Chair,chat-chair-sutton-cushion-homecrest,Cushion,Chat Chair — Homecrest Sutton Cushion collection.,"Chat Chair — Homecrest Sutton Cushion collection.

<p>Plush, all-weather cushions, plus strong frame lines created by durable aluminum are just the beginning of what makes Homecrest’s Sutton cushion collection a prime choice for discerning homeowners and designers. Creating an outdoor space with a sophisticated aesthetic is easy with Sutton cushion’s bold shapes; its gently sloping backs promote and exclusive Luxe Outdoor™ cushions promote restful lounging, while striking a modern pose with its visual style. This collection is sure to make any outdoor space feel inviting. We offer Sutton cushion in multiple chat chair seating styles, in addition to loveseats and sofas. This collection is well suited for homeowners looking create a relaxing setting, as well as for casual commercial contexts, such as fireside lounges, resorts, or relaxation areas in corporate settings.</p>","30.5"" W x 34"" D x 36"" H",{'Material': 'Cushion | Aluminum'},,,,43,True,True,2026-06-01 06:37:06.424231+00:00,2026-06-08 21:38:24.386000+00:00
4188,1H37A-DC,Chat Chair,chat-chair-willow-cushion-homecrest,Cushion,Chat Chair — Homecrest Willow Cushion collection.,"Chat Chair — Homecrest Willow Cushion collection.

<p>Designed to endure the demands of outdoor living, our Willow collection boasts sleek lines, durable HDPE construction, and exceptionally comfortable all-weather cushions. The wood-look HDPE frame adds warmth and natural beauty, enhancing aesthetic appeal while ensuring resistance to the elements. Our High Resilient, furniture-grade foam cushions provide unparalleled comfort, creating the ultimate retreat. Versatile and customizable, Willow offers a range of modular pieces that allow for unlimited configurations, making it the perfect choice for any outdoor space.</p>",,"{'Depth': '31.5""', 'Width': '33.5""', 'Height': '31""', 'Weight': '0 lbs', 'Material': 'HDPE', 'Arm Height': '28.5""', 'Seat Height': '18""'}",,,,43,True,True,2026-06-01 06:37:08.879720+00:00,2026-06-08 21:38:24.432000+00:00
4155,96380,Club Chair,club-chair-rowan-cushion-homecrest,Cushion,Club Chair — Homecrest Rowan Cushion collection.,"Club Chair — Homecrest Rowan Cushion collection.

<p>The Rowan collection combines a sleek, powder-coated aluminum frame with woven, weather-resistant rope to create a modern and sophisticated aesthetic. Crafted with quick-dry foam cushions and premium outdoor fabric, Rowan is designed for ultimate convenience, comfort, and resilience. From corporate spaces to apartment amenity decks, Rowan’s design suits any setting.</p>","40.2"" W x 32.7"" D x 30"" H",{'Material': 'Cushion | Aluminum'},,,,43,True,True,2026-06-01 06:37:04.254646+00:00,2026-06-08 21:38:24.348000+00:00
4218,5744B,Coffee Post Table Base,coffee-post-table-base-table-bases-homecrest,Bases,Coffee Post Table Base — Homecrest Table Bases collection.,"Coffee Post Table Base — Homecrest Table Bases collection.

<p>Homecrest has revamped the universal table base to an “easier to assemble” table base. This sleek new table base is composed of aluminum and is designed for the utmost in durability, convenience and maneuverability. No matter the size and/or shape of the table top you choose, Homecrest’s universal base is sure to please.</p>",,{'Material': 'Aluminum'},,,,52,True,True,2026-06-01 06:37:15.449948+00:00,2026-06-23 18:14:57.428150+00:00
4219,272644B,Coffee Trestle Table Base,coffee-trestle-table-base-table-bases-homecrest,Bases,Coffee Trestle Table Base — Homecrest Table Bases collection.,"Coffee Trestle Table Base — Homecrest Table Bases collection.

<p>Homecrest has revamped the universal table base to an “easier to assemble” table base. This sleek new table base is composed of aluminum and is designed for the utmost in durability, convenience and maneuverability. No matter the size and/or shape of the table top you choose, Homecrest’s universal base is sure to please.</p>",,{'Material': 'Aluminum'},,,,52,True,True,2026-06-01 06:37:15.707849+00:00,2026-06-23 18:14:57.428150+00:00
3979,8410A-DC,Corner,corner-blair-cushion-homecrest,Blair Cushion,Corner — Homecrest Blair Cushion collection.,"Corner — Homecrest Blair Cushion collection.

<p>Elevate your outdoor seating experience with our Blair collection. Blair redefines relaxation with its plush cushions and sleek metal back design features. The 8” cushions featuring DreamCore technology mean you can sink into a soft seat, enveloped in comfort. Crafted with precision and durability in mind, Blair's all-aluminum frame ensures longevity and stability for years to come. Designed for versatility, Blair offers a variety of modular pieces that allow for unlimited configurations, creating arrangements tailored to your unique needs. Note: This is not a standalone piece.</p>",,"{'Depth': '33""', 'Width': '33""', 'Height': '35""', 'Weight': '0 lbs', 'Material': 'Aluminum', 'Seat Height': '18""'}",,,,43,True,True,2026-06-01 06:36:37.901230+00:00,2026-06-08 21:38:23.595000+00:00
3992,8510A-DC,Corner,corner-blair-slip-cover-homecrest,Cover,Corner — Homecrest Blair Slip Cover collection.,"Corner — Homecrest Blair Slip Cover collection.

<p>Create the ultimate retreat with the refreshing style of our Blair collection. This deep seating series combines sophistication and comfort with fully upholstered backs and supremely comfortable DreamCore cushion technology. Outdoor elegance is effortless with this robust collection of modular and freestanding pieces, perfect for creating versatile seating arrangements. Whether you are selecting furniture for a home patio or a lively commercial space, Blair's pieces can be configured into anything from cozy conversation sets to plush, sprawling sectionals. Best of all, each frame, cover, and cushion is crafted by our skilled team in the USA. Note: This is not a standalone piece.</p>",,"{'Depth': '33""', 'Width': '33""', 'Height': '35""', 'Weight': '0 lbs', 'Material': 'Aluminum', 'Seat Height': '18""'}",,,,43,True,True,2026-06-01 06:36:39.925825+00:00,2026-06-08 21:38:23.640000+00:00
4046,5110A-DC,Corner,corner-elements-modular-homecrest,Modular,Corner — Homecrest Elements Modular collection.,"Corner — Homecrest Elements Modular collection.

<p>Elements modular takes the seating experience of our Elements cushion collection and pushes its visual appeal and design possibilities to the next level. Like all our modular seating styles, Elements modular (which its ultra-comfortable DreamCore™ cushion technology) can be arranged in nearly endless configurations. With this collection, aesthetic, function, and spatial design are fully in the hands of the homeowner or designer. This means Elements modular is sure to make an attractive addition to any outdoor space. Note: This is not a standalone piece.</p>",,"{'Notes': 'DreamCore Cushion; shown in Canvas White (Sunbrella) | Carbon Finish', 'Material': 'Aluminum'}",,,,43,True,True,2026-06-01 06:36:48.765199+00:00,2026-06-08 21:38:23.862000+00:00
4154,6110A-DC,Corner,corner-revive-modular-homecrest,Modular,Corner — Homecrest Revive Modular collection.,"Corner — Homecrest Revive Modular collection.

<p>Homecrest's Revive collection celebrates mid-century modern design and the artists who shaped a generation. Featuring our signature DreamCore cushion technology, Revive offers supreme comfort and a striking design aesthetic, plus all of the industry-leading quality specifications that are built into every piece of Homecrest furniture. Sit back, relax, and enjoy the sunshine knowing that this gorgeous furniture that celebrates a dynamic era will be enjoyed by generations to come. Note: This is not a standalone piece.</p>",,"{'Depth': '34""', 'Width': '34""', 'Height': '35""', 'Weight': '0 lbs', 'Material': 'Aluminum', 'Seat Height': '18""'}",,,,43,True,True,2026-06-01 06:37:04.107162+00:00,2026-06-08 21:38:24.344000+00:00
4183,83110,Corner,corner-urban-cushion-homecrest,Cushion,Corner — Homecrest Urban Cushion collection.,"Corner — Homecrest Urban Cushion collection.

<p>Featuring a modular design and clean, soft lines, Homecrest’s Urban collection has a contemporary appeal that is equally suited for backyards, apartment amenity decks, and everything in between. This collection is crafted with powder-coated aluminum, a built-in side table on end units, and High Resilient, furniture-grade foam cushions. Add a taste of the city to any outdoor space with Urban.</p>",,{'Notes': 'Canvas Coal (Sunbrella) | Storm Finish'},,,,43,True,True,2026-06-01 06:37:08.196145+00:00,2026-06-08 21:38:24.416000+00:00
4190,1H10A-DC,Corner,corner-willow-cushion-homecrest,Cushion,Corner — Homecrest Willow Cushion collection.,"Corner — Homecrest Willow Cushion collection.

<p>Designed to endure the demands of outdoor living, our Willow collection boasts sleek lines, durable HDPE construction, and exceptionally comfortable all-weather cushions. The wood-look HDPE frame adds warmth and natural beauty, enhancing aesthetic appeal while ensuring resistance to the elements. Our High Resilient, furniture-grade foam cushions provide unparalleled comfort, creating the ultimate retreat. Versatile and customizable, Willow offers a range of modular pieces that allow for unlimited configurations, making it the perfect choice for any outdoor space.</p>",,"{'Depth': '31.5""', 'Width': '31.5""', 'Height': '31""', 'Weight': '0 lbs', 'Material': 'HDPE', 'Arm Height': '28.5""', 'Seat Height': '18""'}",,,,43,True,True,2026-06-01 06:37:09.203258+00:00,2026-06-08 21:38:24.439000+00:00
3931,1237M,Dining Chair (Stackable),dining-chair-stackable-allure-metal-homecrest,Metal,Dining Chair (Stackable) — Homecrest Allure Metal collection.,"Dining Chair (Stackable) — Homecrest Allure Metal collection.

<p>Homecrest’s Allure mesh line is durable and functional. Ideal for patio or poolside, this collection is built for superior weather resistance in all climates, from coastal to arid and anywhere in between. With several options for finishes, this sleek collection will transform commercial and residential locations. Allure mesh is well suited for homeowners with a discerning eye for design, as well as applications that have a high level of use, such as public spaces, dining locations, and poolside environments.</p>","24.5"" W x 21"" D x 34"" H","{'Notes': 'Stackable: 2-6', 'Material': 'Expanded Mesh | Aluminum'}",,,,44,True,True,2026-06-01 06:36:30.109362+00:00,2026-06-08 21:38:23.421000+00:00
3918,12370,Dining Chair (Stackable),dining-chair-stackable-allure-homecrest,Allure,Dining Chair (Stackable) — Homecrest Allure collection.,"Dining Chair (Stackable) — Homecrest Allure collection.

<p>The clean lines of the Allure collection, met with the strength and durability of powder-coated aluminum, provide premium comfort. Allure features a field-replaceable double layer sling with no welting and carries an unprecedented sling warranty. The quick-drying dining, balcony, and bar units are available with or without arms. This collection is well suited for homeowners with a discerning eye for design, as well as poolside, rooftop, café and bar environments, and more.</p>","24.5"" W x 21"" D x 32.5"" H","{'Notes': 'Stackable: 2-6', 'Material': 'Sling | Aluminum'}",,,,44,True,True,2026-06-01 06:36:27.925062+00:00,2026-06-08 21:38:23.373000+00:00
4008,94370,Dining Chair (Stackable),dining-chair-stackable-echo-homecrest,Echo,Dining Chair (Stackable) — Homecrest Echo collection.,"Dining Chair (Stackable) — Homecrest Echo collection.

<p>Inspired by the organic shapes found in nature, Echo is an expansion of our popular Manhattan line. Make any outdoor setting more inviting with the addition of this beautiful and unique collection. Echo is available in dining, balcony, and bar heights with a metal seat, padded seat, or removable seat pad option. With its modern design and high-quality construction, this collection is a hospitality favorite. Our Echo collection’s visual style is well-suited to homeowners looking for a refined visual style, as well as urbane environments such as fine dining, cafés, bars, or luxury rooftop experiences.</p>","20"" W x 21"" D x 35"" H","{'Notes': 'Stackable: 2-6; Metal Seat', 'Material': 'Steel'}",,,,44,True,True,2026-06-01 06:36:42.394021+00:00,2026-06-08 21:38:23.700000+00:00
4054,5637M,Dining Chair (Stackable),dining-chair-stackable-elevate-metal-homecrest,Metal,Dining Chair (Stackable) — Homecrest Elevate Metal collection.,"Dining Chair (Stackable) — Homecrest Elevate Metal collection.

<p>Our Elevate mesh collection puts a twist on our classic visual designs, while adding features that make it the ideal choice for hospitality, workplace, rooftop, and balcony environments. Crafted with solid aluminum frames for added weight and resistance against strong winds, these pieces have a unique shape that makes both the armed and armless units fully stackable. In addition, this collection is resistant to salt, sun, snow, and anything else nature can throw at it. This collection is constructed from solid aluminum for exceptional wind resistance and quick drying. In addition, all seating styles are stackable. These features allow the Elevate mesh collection to adapt to a wide variety of homeowner needs, as well as commercial contexts and climates.</p>","25"" W x 21"" D x 34"" H","{'Notes': 'Stackable: 2-6', 'Material': 'Expanded Mesh | Aluminum'}",,,,44,True,True,2026-06-01 06:36:49.905580+00:00,2026-06-08 21:38:23.892000+00:00
4048,56370,Dining Chair (Stackable),dining-chair-stackable-elevate-homecrest,Elevate,Dining Chair (Stackable) — Homecrest Elevate collection.,"Dining Chair (Stackable) — Homecrest Elevate collection.

<p>The Elevate sling collection shows that elegance and strength can go hand in hand. Elevate features defined lines with added weight for resistance against strong winds. Created from custom, solid aluminum, these pieces offer tremendous resistance to wind, salt, sun, and snow. All these features combine to make Elevate sling ideal for hospitality, workplace, rooftop, and balcony environments. With its smart minimalist visual design, both armed and armless seating styles are stackable. This makes the Elevate collection ideal for homeowners who value smart design, as well as hospitality environments, workplaces, and more.</p>","25"" W x 21"" D x 32.5"" H","{'Notes': 'Stackable: 2-6', 'Material': 'Sling | Aluminum'}",,,,44,True,True,2026-06-01 06:36:49.059681+00:00,2026-06-08 21:38:23.868000+00:00
4121,CH320-CH,Dining Chair (Stackable),dining-chair-stackable-manhattan-homecrest,Manhattan,Dining Chair (Stackable) — Homecrest Manhattan collection.,"Dining Chair (Stackable) — Homecrest Manhattan collection.

<p>Our Manhattan collection is urbane. It’s practical. It’s cosmopolitan. It is sure to make any outdoor space feel both refined and bold. This collection features a full steel construction, ensuring its sturdy frame and bold grid detailing will outlast typical outdoor furniture by years. Manhattan is perfect for homeowners and designers who want to capture the aesthetic of sophisticated metropolitan environments. This collection is also especially well-suited to environments with limited space; we offer this collection in multiple stackable seating styles, with removable seat pad options.</p>","20"" W x 21"" D x 35"" H","{'Notes': 'Metal Seat variant. Stackable: 2-6', 'Material': 'Metal + Padded Seat | Steel'}",,,,44,True,True,2026-06-01 06:36:59.050676+00:00,2026-06-08 21:38:24.231000+00:00
3952,KIT91,Dining Chair Wind Kit,dining-chair-wind-kit-blair-homecrest,Blair,Dining Chair Wind Kit — Homecrest Blair collection.,"Dining Chair Wind Kit — Homecrest Blair collection.

<p>Need additional weight for windy conditions? Homecrest's patent-pending Wind Kit (KIT91), consists of zinc-plated steel parts, add an additional 10 lbs, and easily attaches to the chair’s frame. Available in all finishes.</p>",,"{'Notes': 'Adds additional 10 lbs; available in all finishes', 'Material': 'Zinc-plated steel'}",,,,44,True,True,2026-06-01 06:36:33.611869+00:00,2026-06-08 21:38:23.493000+00:00
3930,1137M,Dining Chair,dining-chair-allure-metal-homecrest,Metal,Dining Chair — Homecrest Allure Metal collection.,"Dining Chair — Homecrest Allure Metal collection.

<p>Homecrest’s Allure mesh line is durable and functional. Ideal for patio or poolside, this collection is built for superior weather resistance in all climates, from coastal to arid and anywhere in between. With several options for finishes, this sleek collection will transform commercial and residential locations. Allure mesh is well suited for homeowners with a discerning eye for design, as well as applications that have a high level of use, such as public spaces, dining locations, and poolside environments.</p>","22.5"" W x 21"" D x 34"" H",{'Material': 'Expanded Mesh | Aluminum'},,,,44,True,True,2026-06-01 06:36:29.965474+00:00,2026-06-08 21:38:23.417000+00:00
3917,11370,Dining Chair,dining-chair-allure-homecrest,Allure,Dining Chair — Homecrest Allure collection.,"Dining Chair — Homecrest Allure collection.

<p>The clean lines of the Allure collection, met with the strength and durability of powder-coated aluminum, provide premium comfort. Allure features a field-replaceable double layer sling with no welting and carries an unprecedented sling warranty. The quick-drying dining, balcony, and bar units are available with or without arms. This collection is well suited for homeowners with a discerning eye for design, as well as poolside, rooftop, café and bar environments, and more.</p>","22.5"" W x 21"" D x 32.5"" H",{'Material': 'Sling | Aluminum'},,,,44,True,True,2026-06-01 06:36:27.733106+00:00,2026-06-08 21:38:23.369000+00:00
4001,97370,Dining Chair,dining-chair-capri-homecrest,Capri,Dining Chair — Homecrest Capri collection.,"Dining Chair — Homecrest Capri collection.

<p>Featuring a powder-coated aluminum frame and smooth woven material, the Capri collection offers long-lasting style and comfort. This breezy collection is designed to enhance your space and brings a touch of coastal warmth and grace no matter where you are. Available in dining and chat chairs, Capri is the perfect addition to your outdoor setting.</p>","22"" W x 23.8"" D x 30.3"" H",{'Material': 'Woven | Aluminum'},,,,44,True,True,2026-06-01 06:36:41.430335+00:00,2026-06-08 21:38:23.677000+00:00
4125,1G320,Dining Chair,dining-chair-olive-homecrest,Olive,Dining Chair — Homecrest Olive collection.,"Dining Chair — Homecrest Olive collection.

<p>The Olive collection brings modern comfort and commercial-grade durability together in one clean, refined design. Its sleek, tubular aluminum frame is powder-coated for long-lasting performance, while the field-replaceable double layer sling seat and back make it a smart choice for high-use outdoor spaces. Available in dining, balcony, and bar heights, Olive makes it easy to create a polished, coordinated look across patios, pool decks, resorts, cafés, and other commercial settings.</p>",,"{'Depth': '22.7""', 'Width': '23""', 'Height': '30""', 'Weight': '15 lbs', 'Material': 'Aluminum', 'Arm Height': '27.5""', 'Seat Height': '18""'}",,,,44,True,True,2026-06-01 06:36:59.598286+00:00,2026-06-08 21:38:24.248000+00:00
4220,2330B,Dining Pedestal Table Base,dining-pedestal-table-base-table-bases-homecrest,Bases,Dining Pedestal Table Base — Homecrest Table Bases collection.,"Dining Pedestal Table Base — Homecrest Table Bases collection.

<p>Homecrest has revamped the universal table base to an “easier to assemble” table base. This sleek new table base is composed of aluminum and is designed for the utmost in durability, convenience and maneuverability. No matter the size and/or shape of the table top you choose, Homecrest’s universal base is sure to please.</p>",,{'Material': 'Aluminum'},,,,52,True,True,2026-06-01 06:37:15.892773+00:00,2026-06-23 18:14:57.428150+00:00
4217,5723B,End Post Table Base,end-post-table-base-table-bases-homecrest,Bases,End Post Table Base — Homecrest Table Bases collection.,"End Post Table Base — Homecrest Table Bases collection.

<p>Homecrest has revamped the universal table base to an “easier to assemble” table base. This sleek new table base is composed of aluminum and is designed for the utmost in durability, convenience and maneuverability. No matter the size and/or shape of the table top you choose, Homecrest’s universal base is sure to please.</p>",,{'Material': 'Aluminum'},,,,52,True,True,2026-06-01 06:37:15.272204+00:00,2026-06-23 18:14:57.428150+00:00
4033,5137A-DC,High Back Chat Chair,high-back-chat-chair-elements-cushion-homecrest,Cushion,High Back Chat Chair — Homecrest Elements Cushion collection.,"High Back Chat Chair — Homecrest Elements Cushion collection.

<p>With Homecrest’s Elements cushion collection, you no longer have to choose between style and comfort. This bold deep seating series merges the fresh, transitional design of Homecrest’s popular Elements collection with the supreme comfort of DreamCore™ technology. The luxurious seats and backrests feature High Resilient foam, ensuring durability, longevity, and unmatched comfort. Unlike conventional foam, Homecrest’s cushions offer exceptional elasticity, providing a superior seating experience. This makes it well suited for homeowners who value relaxation, as well as lounge environments such as hotels, resorts, and some public spaces.</p>",,"{'Depth': '33""', 'Width': '30""', 'Height': '41""', 'Weight': '0 lbs', 'Material': 'Aluminum', 'Arm Height': '23.5""', 'Seat Height': '18""'}",,,,43,True,True,2026-06-01 06:36:46.364160+00:00,2026-06-08 21:38:23.808000+00:00
4172,4539A,High Back Chat Chair,high-back-chat-chair-sutton-cushion-homecrest,Cushion,High Back Chat Chair — Homecrest Sutton Cushion collection.,"High Back Chat Chair — Homecrest Sutton Cushion collection.

<p>Plush, all-weather cushions, plus strong frame lines created by durable aluminum are just the beginning of what makes Homecrest’s Sutton cushion collection a prime choice for discerning homeowners and designers. Creating an outdoor space with a sophisticated aesthetic is easy with Sutton cushion’s bold shapes; its gently sloping backs promote and exclusive Luxe Outdoor™ cushions promote restful lounging, while striking a modern pose with its visual style. This collection is sure to make any outdoor space feel inviting. We offer Sutton cushion in multiple chat chair seating styles, in addition to loveseats and sofas. This collection is well suited for homeowners looking create a relaxing setting, as well as for casual commercial contexts, such as fireside lounges, resorts, or relaxation areas in corporate settings.</p>","30.5"" W x 34"" D x 43"" H",{'Material': 'Cushion | Aluminum'},,,,43,True,True,2026-06-01 06:37:06.689004+00:00,2026-06-08 21:38:24.392000+00:00
3947,10180,High Back Dining Chair,high-back-dining-chair-blair-homecrest,Blair,High Back Dining Chair — Homecrest Blair collection.,"High Back Dining Chair — Homecrest Blair collection.

<p>Blair sling offers clean lines and an open design, making it endlessly adaptable across all environments and design preferences. Its gentle minimalism allows it to stay current and fresh, even as trends evolve over time. Solid aluminum and Homecrest's signature comfort make Blair a collection that is equally at home in commercial spaces and residential environments. When looking to furnish multiple areas at work or at play, complement Blair sling with air collections. Blair comes in two primary seating styles: dining and chaise. This makes Blair a prime option for homeowners who value versatility, as well as for fine dining and lounge environments.</p>","26.75"" W x 28"" D x 45.5"" H","{'Notes': 'Sling variant', 'Material': 'Sling | Aluminum'}",,,,44,True,True,2026-06-01 06:36:32.871664+00:00,2026-06-08 21:38:23.480000+00:00
4016,51180,High Back Dining Chair,high-back-dining-chair-elements-homecrest,Elements,High Back Dining Chair — Homecrest Elements collection.,"High Back Dining Chair — Homecrest Elements collection.

<p>Uniquely transitional and highly functional, Homecrest’s Elements sling collection is an industry favorite. Subtle curves and clean angles combine to create a collection that can be artfully classic or freshly modern, depending on your design sensibilities and your outdoor space. Available in low back, high back, and balcony seating, Elements has the added versatility of complementing a wide range of deep seating styles with ease. Elements comes in low back, high back, balcony options, and more. This, in combination with its adaptable style, makes it highly suitable for homeowners who value versatility, as well as commercial environments such as hotel lounges, rooftop bars, and beyond.</p>","26"" W x 28.5"" D x 45.5"" H","{'Notes': 'Padded Sling SKU: 51190', 'Material': 'Sling | Aluminum'}",,,,44,True,True,2026-06-01 06:36:43.608691+00:00,2026-06-08 21:38:23.726000+00:00
4065,32180,High Back Dining Chair,high-back-dining-chair-harbor-homecrest,Harbor,High Back Dining Chair — Homecrest Harbor collection.,"High Back Dining Chair — Homecrest Harbor collection.

<p>Our Harbor sling collection captures a classic maritime-inspired design, infused with Homecrest's signature style and quality. The all-aluminum frame ensures a low-maintenance and corrosion-free finish, while the custom-extruded arms are rounded into a graceful ellipse for comfort and style. Paired with our ultra-comfortable double-layer sling, Harbor offers the experience of a weekend getaway to a luxury resort.</p>","24.5"" W x 30"" D x 45.5"" H","{'Notes': 'Sling SKU: 32180, Padded Sling SKU: 32190', 'Material': 'Sling | Aluminum'}",,,,44,True,True,2026-06-01 06:36:51.411310+00:00,2026-06-08 21:38:23.221000+00:00
4070,2A180,High Back Dining Chair,high-back-dining-chair-holly-hill-homecrest,Hill,High Back Dining Chair — Homecrest Holly Hill collection.,"High Back Dining Chair — Homecrest Holly Hill collection.

<p>A popular choice, our Holly Hill collection is made of aluminum and comes in a wide variety of styles, frames, and seating options. With a simple design and broad appeal, this classic Homecrest collection lends itself to any environment. Holly Hill is available in sling and padded sling. Be sure to view the Holly Hill cushion collection for complementary pieces. This collection is well suited to homeowners who enjoy a visual style that exudes luxury, as well as luxury environments such as fine dining establishments, high-end bars, and balcony lounges.</p>","24.5"" W x 30"" D x 45.5"" H","{'Notes': 'Sling SKU: 2A180, Padded Sling SKU: 2A190', 'Material': 'Sling | Aluminum'}",,,,44,True,True,2026-06-01 06:36:52.098604+00:00,2026-06-08 21:38:23.353000+00:00
4111,1K180,High Back Dining Chair,high-back-dining-chair-kashton-homecrest,Kashton,High Back Dining Chair — Homecrest Kashton collection.,"High Back Dining Chair — Homecrest Kashton collection.

<p>Our Kashton collection is a treat for the eyes with its sleek, nearly aerodynamic frame design. Its full aluminum frame features arms that round at the front and trail at the back like a slipstream, evoking a sense of motion. In this way, Kashton is the perfect collection to add vibrant flair to any outdoor environment. This stationary, but dynamic, collection comes in dining, balcony, swivel rocker, and chaise seating styles. Because of this, Kashton lends itself to homeowners who value versatility, as well as a wide variety of design applications including fine dining, luxury resorts, poolside, and more.</p>","25"" W x 30"" D x 45.5"" H","{'Notes': 'Available in Sling (1K180) and Padded Sling (1K190)', 'Material': 'Sling | Aluminum'}",,,,44,True,True,2026-06-01 06:36:57.677341+00:00,2026-06-08 21:38:24.186000+00:00
4159,7A180,High Back Dining Chair,high-back-dining-chair-stella-homecrest,Stella,High Back Dining Chair — Homecrest Stella collection.,"High Back Dining Chair — Homecrest Stella collection.

<p>Stella features elegantly sloped arms and our signature double-layer sling, providing a clean visual style and exceptional comfort. Whether gathered around a lively dining table or paired with an ottoman for quiet relaxation, Stella's craftsmanship and versatility are sure to be appreciated. With the Stella collection, style and function go hand in hand. These design choices make Stella an ideal choice for environments with even the most unpredictable climate. At Homecrest, we believe that style and function should go hand in hand. We make our products work for homeowners and designers alike.</p>","24.5"" W x 30"" D x 45.5"" H","{'Notes': 'Sling version', 'Material': 'Sling | Aluminum'}",,,,44,True,True,2026-06-01 06:37:04.813446+00:00,2026-06-08 21:38:24.361000+00:00
4167,45180,High Back Dining Chair,high-back-dining-chair-sutton-homecrest,Sutton,High Back Dining Chair — Homecrest Sutton collection.,"High Back Dining Chair — Homecrest Sutton collection.

<p>The Sutton sling collection offers the refined comfort of Homecrest's signature double layer sling, perfect for al fresco dining or lounging. Sutton's geometric frame design contrasts with the gently curving sling seat to give outdoor spaces a refined, but energizing, aesthetic. The durable all-aluminum frame can be augmented with an add-on Wind Kit to add weight for windy environments.</p>","24.75"" W x 30"" D x 45.5"" H",{'Material': 'Sling | Aluminum'},,,,44,True,True,2026-06-01 06:37:05.995787+00:00,2026-06-08 21:38:24.272000+00:00
4087,SPLWOOSAH,High Back Lounge Chair,high-back-lounge-chair-in-pool-series-homecrest,Series,High Back Lounge Chair — Homecrest In-Pool Series collection.,"High Back Lounge Chair — Homecrest In-Pool Series collection.

<p>Take a deep breath, sit back, and relax as you feel your tension wash away in our In-Pool Series high back lounge chair. It has a standard “Adirondack” seat height for optimal comfort in the pool or on the patio. This chair will resist movement from light waves and wind in up to 13” of water. For use in deeper water, you may add coated diving weights to the base. Two 4-pound weights will allow the high back lounge chair to stay put in up to 18” of water. Note: We’ve tested this chair up to 18"" water depths when using two 4 lb coated weights (8 lbs total). Available in Desert Sandstone*, Gray Granite*, Light Blue*, River Rock*, Surf Blue*, White*, White Granite, and Yellow* color options. *This color incurs a longer lead time of six weeks.</p>",,{'Material': 'Polyethylene'},,,,43,True,True,2026-06-01 06:36:54.417731+00:00,2026-06-08 21:38:24.009000+00:00
4074,2A449,High Back Loveseat Glider,high-back-loveseat-glider-holly-hill-homecrest,Hill,High Back Loveseat Glider — Homecrest Holly Hill collection.,"High Back Loveseat Glider — Homecrest Holly Hill collection.

<p>A popular choice, our Holly Hill collection is made of aluminum and comes in a wide variety of styles, frames, and seating options. With a simple design and broad appeal, this classic Homecrest collection lends itself to any environment. Holly Hill is available in sling and padded sling. Be sure to view the Holly Hill cushion collection for complementary pieces. This collection is well suited to homeowners who enjoy a visual style that exudes luxury, as well as luxury environments such as fine dining establishments, high-end bars, and balcony lounges.</p>","46"" W x 30"" D x 42"" H","{'Notes': 'Sling SKU: 2A449, Padded Sling SKU: 2A459', 'Material': 'Sling | Aluminum'}",,,,43,True,True,2026-06-01 06:36:52.633419+00:00,2026-06-08 21:38:23.963000+00:00
4035,5144A-DC,High Back Loveseat,high-back-loveseat-elements-cushion-homecrest,Cushion,High Back Loveseat — Homecrest Elements Cushion collection.,"High Back Loveseat — Homecrest Elements Cushion collection.

<p>With Homecrest’s Elements cushion collection, you no longer have to choose between style and comfort. This bold deep seating series merges the fresh, transitional design of Homecrest’s popular Elements collection with the supreme comfort of DreamCore™ technology. The luxurious seats and backrests feature High Resilient foam, ensuring durability, longevity, and unmatched comfort. Unlike conventional foam, Homecrest’s cushions offer exceptional elasticity, providing a superior seating experience. This makes it well suited for homeowners who value relaxation, as well as lounge environments such as hotels, resorts, and some public spaces.</p>",,"{'Depth': '33""', 'Width': '54""', 'Height': '41""', 'Weight': '0 lbs', 'Material': 'Aluminum', 'Arm Height': '23.5""', 'Seat Height': '18""'}",,,,43,True,True,2026-06-01 06:36:46.871067+00:00,2026-06-08 21:38:23.818000+00:00
4036,5145A-DC,High Back Sofa,high-back-sofa-elements-cushion-homecrest,Cushion,High Back Sofa — Homecrest Elements Cushion collection.,"High Back Sofa — Homecrest Elements Cushion collection.

<p>With Homecrest’s Elements cushion collection, you no longer have to choose between style and comfort. This bold deep seating series merges the fresh, transitional design of Homecrest’s popular Elements collection with the supreme comfort of DreamCore™ technology. The luxurious seats and backrests feature High Resilient foam, ensuring durability, longevity, and unmatched comfort. Unlike conventional foam, Homecrest’s cushions offer exceptional elasticity, providing a superior seating experience. This makes it well suited for homeowners who value relaxation, as well as lounge environments such as hotels, resorts, and some public spaces.</p>",,"{'Depth': '33""', 'Width': '78""', 'Height': '41""', 'Weight': '0 lbs', 'Material': 'Aluminum', 'Arm Height': '23.5""', 'Seat Height': '18""'}",,,,43,True,True,2026-06-01 06:36:47.076266+00:00,2026-06-08 21:38:23.821000+00:00
4034,5192A-DC,High Back Swivel Rocker Chat Chair,high-back-swivel-rocker-chat-chair-elements-cushion-homecrest,Cushion,High Back Swivel Rocker Chat Chair — Homecrest Elements Cushion collection.,"High Back Swivel Rocker Chat Chair — Homecrest Elements Cushion collection.

<p>With Homecrest’s Elements cushion collection, you no longer have to choose between style and comfort. This bold deep seating series merges the fresh, transitional design of Homecrest’s popular Elements collection with the supreme comfort of DreamCore™ technology. The luxurious seats and backrests feature High Resilient foam, ensuring durability, longevity, and unmatched comfort. Unlike conventional foam, Homecrest’s cushions offer exceptional elasticity, providing a superior seating experience. This makes it well suited for homeowners who value relaxation, as well as lounge environments such as hotels, resorts, and some public spaces.</p>",,"{'Depth': '33""', 'Width': '30""', 'Height': '41""', 'Weight': '0 lbs', 'Material': 'Aluminum', 'Arm Height': '23.5""', 'Seat Height': '18""'}",,,,43,True,True,2026-06-01 06:36:46.579120+00:00,2026-06-08 21:38:23.815000+00:00
4173,4592A,High Back Swivel Rocker Chat Chair,high-back-swivel-rocker-chat-chair-sutton-cushion-homecrest,Cushion,High Back Swivel Rocker Chat Chair — Homecrest Sutton Cushion collection.,"High Back Swivel Rocker Chat Chair — Homecrest Sutton Cushion collection.

<p>Plush, all-weather cushions, plus strong frame lines created by durable aluminum are just the beginning of what makes Homecrest’s Sutton cushion collection a prime choice for discerning homeowners and designers. Creating an outdoor space with a sophisticated aesthetic is easy with Sutton cushion’s bold shapes; its gently sloping backs promote and exclusive Luxe Outdoor™ cushions promote restful lounging, while striking a modern pose with its visual style. This collection is sure to make any outdoor space feel inviting. We offer Sutton cushion in multiple chat chair seating styles, in addition to loveseats and sofas. This collection is well suited for homeowners looking create a relaxing setting, as well as for casual commercial contexts, such as fireside lounges, resorts, or relaxation areas in corporate settings.</p>","30.5"" W x 34"" D x 43"" H",{'Material': 'Cushion | Aluminum'},,,,43,True,True,2026-06-01 06:37:06.830203+00:00,2026-06-08 21:38:24.396000+00:00
3948,10980,High Back Swivel Rocker,high-back-swivel-rocker-blair-homecrest,Blair,High Back Swivel Rocker — Homecrest Blair collection.,"High Back Swivel Rocker — Homecrest Blair collection.

<p>Blair sling offers clean lines and an open design, making it endlessly adaptable across all environments and design preferences. Its gentle minimalism allows it to stay current and fresh, even as trends evolve over time. Solid aluminum and Homecrest's signature comfort make Blair a collection that is equally at home in commercial spaces and residential environments. When looking to furnish multiple areas at work or at play, complement Blair sling with air collections. Blair comes in two primary seating styles: dining and chaise. This makes Blair a prime option for homeowners who value versatility, as well as for fine dining and lounge environments.</p>","26.75"" W x 28"" D x 45.5"" H","{'Notes': 'Sling variant', 'Material': 'Sling | Aluminum'}",,,,43,True,True,2026-06-01 06:36:33.012233+00:00,2026-06-08 21:38:23.482000+00:00
4017,51980,High Back Swivel Rocker,high-back-swivel-rocker-elements-homecrest,Elements,High Back Swivel Rocker — Homecrest Elements collection.,"High Back Swivel Rocker — Homecrest Elements collection.

<p>Uniquely transitional and highly functional, Homecrest’s Elements sling collection is an industry favorite. Subtle curves and clean angles combine to create a collection that can be artfully classic or freshly modern, depending on your design sensibilities and your outdoor space. Available in low back, high back, and balcony seating, Elements has the added versatility of complementing a wide range of deep seating styles with ease. Elements comes in low back, high back, balcony options, and more. This, in combination with its adaptable style, makes it highly suitable for homeowners who value versatility, as well as commercial environments such as hotel lounges, rooftop bars, and beyond.</p>","26"" W x 28.5"" D x 45.5"" H","{'Notes': 'Padded Sling SKU: 51990', 'Material': 'Sling | Aluminum'}",,,,43,True,True,2026-06-01 06:36:43.758279+00:00,2026-06-08 21:38:23.733000+00:00
4066,32980,High Back Swivel Rocker,high-back-swivel-rocker-harbor-homecrest,Harbor,High Back Swivel Rocker — Homecrest Harbor collection.,"High Back Swivel Rocker — Homecrest Harbor collection.

<p>Our Harbor sling collection captures a classic maritime-inspired design, infused with Homecrest's signature style and quality. The all-aluminum frame ensures a low-maintenance and corrosion-free finish, while the custom-extruded arms are rounded into a graceful ellipse for comfort and style. Paired with our ultra-comfortable double-layer sling, Harbor offers the experience of a weekend getaway to a luxury resort.</p>","24.5"" W x 30"" D x 45.5"" H","{'Notes': 'Sling SKU: 32980, Padded Sling SKU: 32990', 'Material': 'Sling | Aluminum'}",,,,43,True,True,2026-06-01 06:36:51.545603+00:00,2026-06-08 21:38:23.224000+00:00
4075,2299F,High Back Swivel Rocker,high-back-swivel-rocker-holly-hill-cushion-homecrest,Cushion,High Back Swivel Rocker — Homecrest Holly Hill Cushion collection.,"High Back Swivel Rocker — Homecrest Holly Hill Cushion collection.

<p>Holly Hill cushion dining follows the design cues of our classic Holly Hill collection, evoking a sort of East Coast opulence with its high-backed, maritime-inspired design. It’s no wonder that Holly Hill cushion dining is a favorite amongst homeowners and designers; It blends comfort and style effortlessly, making it perfect for homeowners who love to entertain guests, as well as fine dining environments.</p>","24.5"" W x 30"" D x 44"" H","{'Arm Height': '25.5""', 'Seat Height': '20""'}",,,,43,True,True,2026-06-01 06:36:52.807011+00:00,2026-06-08 21:38:23.967000+00:00
4071,2A980,High Back Swivel Rocker,high-back-swivel-rocker-holly-hill-homecrest,Hill,High Back Swivel Rocker — Homecrest Holly Hill collection.,"High Back Swivel Rocker — Homecrest Holly Hill collection.

<p>A popular choice, our Holly Hill collection is made of aluminum and comes in a wide variety of styles, frames, and seating options. With a simple design and broad appeal, this classic Homecrest collection lends itself to any environment. Holly Hill is available in sling and padded sling. Be sure to view the Holly Hill cushion collection for complementary pieces. This collection is well suited to homeowners who enjoy a visual style that exudes luxury, as well as luxury environments such as fine dining establishments, high-end bars, and balcony lounges.</p>","24.5"" W x 30"" D x 45.5"" H","{'Notes': 'Sling SKU: 2A980, Padded Sling SKU: 2A990', 'Material': 'Sling | Aluminum'}",,,,43,True,True,2026-06-01 06:36:52.227426+00:00,2026-06-08 21:38:23.947000+00:00
4112,1K980,High Back Swivel Rocker,high-back-swivel-rocker-kashton-homecrest,Kashton,High Back Swivel Rocker — Homecrest Kashton collection.,"High Back Swivel Rocker — Homecrest Kashton collection.

<p>Our Kashton collection is a treat for the eyes with its sleek, nearly aerodynamic frame design. Its full aluminum frame features arms that round at the front and trail at the back like a slipstream, evoking a sense of motion. In this way, Kashton is the perfect collection to add vibrant flair to any outdoor environment. This stationary, but dynamic, collection comes in dining, balcony, swivel rocker, and chaise seating styles. Because of this, Kashton lends itself to homeowners who value versatility, as well as a wide variety of design applications including fine dining, luxury resorts, poolside, and more.</p>","25"" W x 30"" D x 45.5"" H","{'Notes': 'Available in Sling (1K980) and Padded Sling (1K990)', 'Material': 'Sling | Aluminum'}",,,,43,True,True,2026-06-01 06:36:57.807235+00:00,2026-06-08 21:38:24.189000+00:00
4160,7A980,High Back Swivel Rocker,high-back-swivel-rocker-stella-homecrest,Stella,High Back Swivel Rocker — Homecrest Stella collection.,"High Back Swivel Rocker — Homecrest Stella collection.

<p>Stella features elegantly sloped arms and our signature double-layer sling, providing a clean visual style and exceptional comfort. Whether gathered around a lively dining table or paired with an ottoman for quiet relaxation, Stella's craftsmanship and versatility are sure to be appreciated. With the Stella collection, style and function go hand in hand. These design choices make Stella an ideal choice for environments with even the most unpredictable climate. At Homecrest, we believe that style and function should go hand in hand. We make our products work for homeowners and designers alike.</p>","24.5"" W x 30"" D x 45.5"" H","{'Notes': 'Sling version', 'Material': 'Sling | Aluminum'}",,,,43,True,True,2026-06-01 06:37:04.951741+00:00,2026-06-08 21:38:24.364000+00:00
4168,45980,High Back Swivel Rocker,high-back-swivel-rocker-sutton-homecrest,Sutton,High Back Swivel Rocker — Homecrest Sutton collection.,"High Back Swivel Rocker — Homecrest Sutton collection.

<p>The Sutton sling collection offers the refined comfort of Homecrest's signature double layer sling, perfect for al fresco dining or lounging. Sutton's geometric frame design contrasts with the gently curving sling seat to give outdoor spaces a refined, but energizing, aesthetic. The durable all-aluminum frame can be augmented with an add-on Wind Kit to add weight for windy environments.</p>","24.75"" W x 30"" D x 45.5"" H",{'Material': 'Sling | Aluminum'},,,,43,True,True,2026-06-01 06:37:06.131241+00:00,2026-06-08 21:38:24.296000+00:00
3957,10AR392L,Left Arm Chat Chair,left-arm-chat-chair-blair-air-homecrest,Blair Air,Left Arm Chat Chair — Homecrest Blair Air collection.,"Left Arm Chat Chair — Homecrest Blair Air collection.

<p>The Blair air collection features the look and feel of a deep seating piece in a foam-free, cushionless construction. Luxurious Sensation sling fabric is used for the ultimate in low-maintenance comfort and also features benefits such as exceptional shape retention and surface memory. Blair air offers a versatile, stylish, and durable solution for your outdoor seating needs and coordinates with all Blair cushion sling pieces. Like Blair before it, Blair air’s light and fresh visual style lends itself to a wide variety of design aesthetics. But, because of its seating design, it performs especially well in climates with even the most intense rainfall.</p>","30.5"" W x 33"" D x 36"" H",{'Material': 'Aluminum'},,,,43,True,True,2026-06-01 06:36:34.400395+00:00,2026-06-08 21:38:23.520000+00:00
3971,8439L-DC,Left Arm Chat Chair,left-arm-chat-chair-blair-cushion-homecrest,Blair Cushion,Left Arm Chat Chair — Homecrest Blair Cushion collection.,"Left Arm Chat Chair — Homecrest Blair Cushion collection.

<p>Elevate your outdoor seating experience with our Blair collection. Blair redefines relaxation with its plush cushions and sleek metal back design features. The 8” cushions featuring DreamCore technology mean you can sink into a soft seat, enveloped in comfort. Crafted with precision and durability in mind, Blair's all-aluminum frame ensures longevity and stability for years to come. Designed for versatility, Blair offers a variety of modular pieces that allow for unlimited configurations, creating arrangements tailored to your unique needs. Note: This is not a standalone piece.</p>",,"{'Depth': '33""', 'Width': '28""', 'Height': '35""', 'Weight': '0 lbs', 'Material': 'Aluminum', 'Arm Height': '24""', 'Seat Height': '18""'}",,,,43,True,True,2026-06-01 06:36:36.601674+00:00,2026-06-08 21:38:23.560000+00:00
3984,8539L-DC,Left Arm Chat Chair,left-arm-chat-chair-blair-slip-cover-homecrest,Cover,Left Arm Chat Chair — Homecrest Blair Slip Cover collection.,"Left Arm Chat Chair — Homecrest Blair Slip Cover collection.

<p>Create the ultimate retreat with the refreshing style of our Blair collection. This deep seating series combines sophistication and comfort with fully upholstered backs and supremely comfortable DreamCore cushion technology. Outdoor elegance is effortless with this robust collection of modular and freestanding pieces, perfect for creating versatile seating arrangements. Whether you are selecting furniture for a home patio or a lively commercial space, Blair's pieces can be configured into anything from cozy conversation sets to plush, sprawling sectionals. Best of all, each frame, cover, and cushion is crafted by our skilled team in the USA. Note: This is not a standalone piece.</p>",,"{'Depth': '33""', 'Width': '28""', 'Height': '35""', 'Weight': '0 lbs', 'Material': 'Aluminum', 'Arm Height': '24""', 'Seat Height': '18""'}",,,,43,True,True,2026-06-01 06:36:38.680785+00:00,2026-06-08 21:38:23.608000+00:00
4021,51AR392L,Left Arm Chat Chair,left-arm-chat-chair-elements-air-homecrest,Air,Left Arm Chat Chair — Homecrest Elements Air collection.,"Left Arm Chat Chair — Homecrest Elements Air collection.

<p>The Elements air collection features the appearance and comfort of deep seating in a foam-free, cushionless construction. Luxurious Sensation sling fabric is used for the ultimate in low-maintenance comfort and also features benefits such as exceptional shape retention and surface memory. Homecrest's double layer sling design is extremely comfortable and field replaceable. Elements offers a versatile, stylish, and low-maintenance solution for your outdoor seating needs. Elements air is the perfect collection for climates that experience high levels of rainfall. And, it achieves this practicality without sacrificing style: Elements air is a beautiful seating style that can make an outdoor space feel special. The comfortable double layer sling seating also secures Elements air as a prime option for environments where relaxation is the ultimate goal, such as lake cabin, poolside, fireside, or general lounge areas.</p>","29.5"" W x 33"" D x 36"" H",{'Material': 'Sling | Aluminum'},,,,43,True,True,2026-06-01 06:36:44.361547+00:00,2026-06-08 21:38:23.753000+00:00
4038,5139L-DC,Left Arm Chat Chair,left-arm-chat-chair-elements-modular-homecrest,Modular,Left Arm Chat Chair — Homecrest Elements Modular collection.,"Left Arm Chat Chair — Homecrest Elements Modular collection.

<p>Elements modular takes the seating experience of our Elements cushion collection and pushes its visual appeal and design possibilities to the next level. Like all our modular seating styles, Elements modular (which its ultra-comfortable DreamCore™ cushion technology) can be arranged in nearly endless configurations. With this collection, aesthetic, function, and spatial design are fully in the hands of the homeowner or designer. This means Elements modular is sure to make an attractive addition to any outdoor space. Note: This is not a standalone piece.</p>",,"{'Depth': '33""', 'Width': '27.5""', 'Height': '35""', 'Weight': '0 lbs', 'Material': 'Aluminum', 'Arm Height': '23.5""', 'Seat Height': '18""'}",,,,43,True,True,2026-06-01 06:36:47.434302+00:00,2026-06-08 21:38:23.835000+00:00
4131,61AR39L,Left Arm Chat Chair,left-arm-chat-chair-revive-air-homecrest,Air,Left Arm Chat Chair — Homecrest Revive Air collection.,"Left Arm Chat Chair — Homecrest Revive Air collection.

<p>The mid-century was a great time for furniture design, with many styles setting the standard for which all subsequent designs are measured against. Decades later, Homecrest is helping the iconic “mid-century modern” style experience a renaissance with the benefits of modern technology. Enter: the Revive air collection. This collection uses our unique Sensation sling material—which offers incredible stretch, memory, and UV resistance—to provide the look and feel of a classic cushion, but with none of the restricting maintenance. The Revive air collection is a refreshing style on the eyes, offering a high-quality visual design that hasn’t been seen for many years. This gives the collection potential for homeowners with a refined sense of styles, as well as for designers of corporate environments where innovation and creativity are valued.</p>","30"" W x 33"" D x 35"" H",{'Material': 'Sensation Sling | Aluminum'},,,,43,True,True,2026-06-01 06:37:00.539148+00:00,2026-06-08 21:38:24.262000+00:00
4146,6139L-DC,Left Arm Chat Chair,left-arm-chat-chair-revive-modular-homecrest,Modular,Left Arm Chat Chair — Homecrest Revive Modular collection.,"Left Arm Chat Chair — Homecrest Revive Modular collection.

<p>Homecrest's Revive collection celebrates mid-century modern design and the artists who shaped a generation. Featuring our signature DreamCore cushion technology, Revive offers supreme comfort and a striking design aesthetic, plus all of the industry-leading quality specifications that are built into every piece of Homecrest furniture. Sit back, relax, and enjoy the sunshine knowing that this gorgeous furniture that celebrates a dynamic era will be enjoyed by generations to come. Note: This is not a standalone piece.</p>",,"{'Depth': '34""', 'Width': '28""', 'Height': '35""', 'Weight': '0 lbs', 'Material': 'Aluminum', 'Arm Height': '25""', 'Seat Height': '18""'}",,,,43,True,True,2026-06-01 06:37:02.833422+00:00,2026-06-08 21:38:24.320000+00:00
3961,10AR422L,Left Arm Loveseat,left-arm-loveseat-blair-air-homecrest,Blair Air,Left Arm Loveseat — Homecrest Blair Air collection.,"Left Arm Loveseat — Homecrest Blair Air collection.

<p>The Blair air collection features the look and feel of a deep seating piece in a foam-free, cushionless construction. Luxurious Sensation sling fabric is used for the ultimate in low-maintenance comfort and also features benefits such as exceptional shape retention and surface memory. Blair air offers a versatile, stylish, and durable solution for your outdoor seating needs and coordinates with all Blair cushion sling pieces. Like Blair before it, Blair air’s light and fresh visual style lends itself to a wide variety of design aesthetics. But, because of its seating design, it performs especially well in climates with even the most intense rainfall.</p>","56.5"" W x 33"" D x 36"" H",{'Material': 'Aluminum'},,,,43,True,True,2026-06-01 06:36:35.068571+00:00,2026-06-08 21:38:23.533000+00:00
3974,8442L-DC,Left Arm Loveseat,left-arm-loveseat-blair-cushion-homecrest,Blair Cushion,Left Arm Loveseat — Homecrest Blair Cushion collection.,"Left Arm Loveseat — Homecrest Blair Cushion collection.

<p>Elevate your outdoor seating experience with our Blair collection. Blair redefines relaxation with its plush cushions and sleek metal back design features. The 8” cushions featuring DreamCore technology mean you can sink into a soft seat, enveloped in comfort. Crafted with precision and durability in mind, Blair's all-aluminum frame ensures longevity and stability for years to come. Designed for versatility, Blair offers a variety of modular pieces that allow for unlimited configurations, creating arrangements tailored to your unique needs. Note: This is not a standalone piece.</p>",,"{'Depth': '33""', 'Width': '52""', 'Height': '35""', 'Weight': '0 lbs', 'Material': 'Aluminum', 'Arm Height': '24""', 'Seat Height': '18""'}",,,,43,True,True,2026-06-01 06:36:37.079352+00:00,2026-06-08 21:38:23.573000+00:00
3987,8542L-DC,Left Arm Loveseat,left-arm-loveseat-blair-slip-cover-homecrest,Cover,Left Arm Loveseat — Homecrest Blair Slip Cover collection.,"Left Arm Loveseat — Homecrest Blair Slip Cover collection.

<p>Create the ultimate retreat with the refreshing style of our Blair collection. This deep seating series combines sophistication and comfort with fully upholstered backs and supremely comfortable DreamCore cushion technology. Outdoor elegance is effortless with this robust collection of modular and freestanding pieces, perfect for creating versatile seating arrangements. Whether you are selecting furniture for a home patio or a lively commercial space, Blair's pieces can be configured into anything from cozy conversation sets to plush, sprawling sectionals. Best of all, each frame, cover, and cushion is crafted by our skilled team in the USA. Note: This is not a standalone piece.</p>",,"{'Depth': '33""', 'Width': '52""', 'Height': '35""', 'Weight': '0 lbs', 'Material': 'Aluminum', 'Arm Height': '24""', 'Seat Height': '18""'}",,,,43,True,True,2026-06-01 06:36:39.154772+00:00,2026-06-08 21:38:23.621000+00:00
4024,51AR422L,Left Arm Loveseat,left-arm-loveseat-elements-air-homecrest,Air,Left Arm Loveseat — Homecrest Elements Air collection.,"Left Arm Loveseat — Homecrest Elements Air collection.

<p>The Elements air collection features the appearance and comfort of deep seating in a foam-free, cushionless construction. Luxurious Sensation sling fabric is used for the ultimate in low-maintenance comfort and also features benefits such as exceptional shape retention and surface memory. Homecrest's double layer sling design is extremely comfortable and field replaceable. Elements offers a versatile, stylish, and low-maintenance solution for your outdoor seating needs. Elements air is the perfect collection for climates that experience high levels of rainfall. And, it achieves this practicality without sacrificing style: Elements air is a beautiful seating style that can make an outdoor space feel special. The comfortable double layer sling seating also secures Elements air as a prime option for environments where relaxation is the ultimate goal, such as lake cabin, poolside, fireside, or general lounge areas.</p>","55.5"" W x 33"" D x 36"" H",{'Material': 'Sling | Aluminum'},,,,43,True,True,2026-06-01 06:36:44.821703+00:00,2026-06-08 21:38:23.774000+00:00
4041,5142L-DC,Left Arm Loveseat,left-arm-loveseat-elements-modular-homecrest,Modular,Left Arm Loveseat — Homecrest Elements Modular collection.,"Left Arm Loveseat — Homecrest Elements Modular collection.

<p>Elements modular takes the seating experience of our Elements cushion collection and pushes its visual appeal and design possibilities to the next level. Like all our modular seating styles, Elements modular (which its ultra-comfortable DreamCore™ cushion technology) can be arranged in nearly endless configurations. With this collection, aesthetic, function, and spatial design are fully in the hands of the homeowner or designer. This means Elements modular is sure to make an attractive addition to any outdoor space. Note: This is not a standalone piece.</p>",,"{'Depth': '33""', 'Width': '51.5""', 'Height': '35""', 'Weight': '0 lbs', 'Material': 'Aluminum', 'Arm Height': '23.5""', 'Seat Height': '18""'}",,,,43,True,True,2026-06-01 06:36:47.936235+00:00,2026-06-08 21:38:23.844000+00:00
4135,61AR42L,Left Arm Loveseat,left-arm-loveseat-revive-air-homecrest,Air,Left Arm Loveseat — Homecrest Revive Air collection.,"Left Arm Loveseat — Homecrest Revive Air collection.

<p>The mid-century was a great time for furniture design, with many styles setting the standard for which all subsequent designs are measured against. Decades later, Homecrest is helping the iconic “mid-century modern” style experience a renaissance with the benefits of modern technology. Enter: the Revive air collection. This collection uses our unique Sensation sling material—which offers incredible stretch, memory, and UV resistance—to provide the look and feel of a classic cushion, but with none of the restricting maintenance. The Revive air collection is a refreshing style on the eyes, offering a high-quality visual design that hasn’t been seen for many years. This gives the collection potential for homeowners with a refined sense of styles, as well as for designers of corporate environments where innovation and creativity are valued.</p>","56.5"" W x 33"" D x 35"" H",{'Material': 'Sensation Sling | Aluminum'},,,,43,True,True,2026-06-01 06:37:01.134430+00:00,2026-06-08 21:38:24.280000+00:00
4149,6142L-DC,Left Arm Loveseat,left-arm-loveseat-revive-modular-homecrest,Modular,Left Arm Loveseat — Homecrest Revive Modular collection.,"Left Arm Loveseat — Homecrest Revive Modular collection.

<p>Homecrest's Revive collection celebrates mid-century modern design and the artists who shaped a generation. Featuring our signature DreamCore cushion technology, Revive offers supreme comfort and a striking design aesthetic, plus all of the industry-leading quality specifications that are built into every piece of Homecrest furniture. Sit back, relax, and enjoy the sunshine knowing that this gorgeous furniture that celebrates a dynamic era will be enjoyed by generations to come. Note: This is not a standalone piece.</p>",,"{'Depth': '34""', 'Width': '52""', 'Height': '35""', 'Weight': '0 lbs', 'Material': 'Aluminum', 'Arm Height': '25""', 'Seat Height': '18""'}",,,,43,True,True,2026-06-01 06:37:03.307572+00:00,2026-06-08 21:38:24.327000+00:00
3965,10AR432L,Left Arm Sofa,left-arm-sofa-blair-air-homecrest,Blair Air,Left Arm Sofa — Homecrest Blair Air collection.,"Left Arm Sofa — Homecrest Blair Air collection.

<p>The Blair air collection features the look and feel of a deep seating piece in a foam-free, cushionless construction. Luxurious Sensation sling fabric is used for the ultimate in low-maintenance comfort and also features benefits such as exceptional shape retention and surface memory. Blair air offers a versatile, stylish, and durable solution for your outdoor seating needs and coordinates with all Blair cushion sling pieces. Like Blair before it, Blair air’s light and fresh visual style lends itself to a wide variety of design aesthetics. But, because of its seating design, it performs especially well in climates with even the most intense rainfall.</p>","83"" W x 33"" D x 36"" H",{'Material': 'Aluminum'},,,,43,True,True,2026-06-01 06:36:35.690287+00:00,2026-06-08 21:38:23.543000+00:00
3977,8443L-DC,Left Arm Sofa,left-arm-sofa-blair-cushion-homecrest,Blair Cushion,Left Arm Sofa — Homecrest Blair Cushion collection.,"Left Arm Sofa — Homecrest Blair Cushion collection.

<p>Elevate your outdoor seating experience with our Blair collection. Blair redefines relaxation with its plush cushions and sleek metal back design features. The 8” cushions featuring DreamCore technology mean you can sink into a soft seat, enveloped in comfort. Crafted with precision and durability in mind, Blair's all-aluminum frame ensures longevity and stability for years to come. Designed for versatility, Blair offers a variety of modular pieces that allow for unlimited configurations, creating arrangements tailored to your unique needs. Note: This is not a standalone piece.</p>",,"{'Depth': '33""', 'Width': '75""', 'Height': '35""', 'Weight': '0 lbs', 'Material': 'Aluminum', 'Arm Height': '24""', 'Seat Height': '18""'}",,,,43,True,True,2026-06-01 06:36:37.555839+00:00,2026-06-08 21:38:23.588000+00:00
3990,8543L-DC,Left Arm Sofa,left-arm-sofa-blair-slip-cover-homecrest,Cover,Left Arm Sofa — Homecrest Blair Slip Cover collection.,"Left Arm Sofa — Homecrest Blair Slip Cover collection.

<p>Create the ultimate retreat with the refreshing style of our Blair collection. This deep seating series combines sophistication and comfort with fully upholstered backs and supremely comfortable DreamCore cushion technology. Outdoor elegance is effortless with this robust collection of modular and freestanding pieces, perfect for creating versatile seating arrangements. Whether you are selecting furniture for a home patio or a lively commercial space, Blair's pieces can be configured into anything from cozy conversation sets to plush, sprawling sectionals. Best of all, each frame, cover, and cushion is crafted by our skilled team in the USA. Note: This is not a standalone piece.</p>",,"{'Depth': '33""', 'Width': '75""', 'Height': '35""', 'Weight': '0 lbs', 'Material': 'Aluminum', 'Arm Height': '24""', 'Seat Height': '18""'}",,,,43,True,True,2026-06-01 06:36:39.618105+00:00,2026-06-08 21:38:23.634000+00:00
4027,51AR432L,Left Arm Sofa,left-arm-sofa-elements-air-homecrest,Air,Left Arm Sofa — Homecrest Elements Air collection.,"Left Arm Sofa — Homecrest Elements Air collection.

<p>The Elements air collection features the appearance and comfort of deep seating in a foam-free, cushionless construction. Luxurious Sensation sling fabric is used for the ultimate in low-maintenance comfort and also features benefits such as exceptional shape retention and surface memory. Homecrest's double layer sling design is extremely comfortable and field replaceable. Elements offers a versatile, stylish, and low-maintenance solution for your outdoor seating needs. Elements air is the perfect collection for climates that experience high levels of rainfall. And, it achieves this practicality without sacrificing style: Elements air is a beautiful seating style that can make an outdoor space feel special. The comfortable double layer sling seating also secures Elements air as a prime option for environments where relaxation is the ultimate goal, such as lake cabin, poolside, fireside, or general lounge areas.</p>","82"" W x 33"" D x 36"" H",{'Material': 'Sling | Aluminum'},,,,43,True,True,2026-06-01 06:36:45.358688+00:00,2026-06-08 21:38:23.787000+00:00
4044,5143L-DC,Left Arm Sofa,left-arm-sofa-elements-modular-homecrest,Modular,Left Arm Sofa — Homecrest Elements Modular collection.,"Left Arm Sofa — Homecrest Elements Modular collection.

<p>Elements modular takes the seating experience of our Elements cushion collection and pushes its visual appeal and design possibilities to the next level. Like all our modular seating styles, Elements modular (which its ultra-comfortable DreamCore™ cushion technology) can be arranged in nearly endless configurations. With this collection, aesthetic, function, and spatial design are fully in the hands of the homeowner or designer. This means Elements modular is sure to make an attractive addition to any outdoor space. Note: This is not a standalone piece.</p>",,"{'Notes': 'DreamCore Cushion; shown in Canvas White (Sunbrella) | Carbon Finish', 'Material': 'Aluminum'}",,,,43,True,True,2026-06-01 06:36:48.428091+00:00,2026-06-08 21:38:23.855000+00:00
4139,61AR43L,Left Arm Sofa,left-arm-sofa-revive-air-homecrest,Air,Left Arm Sofa — Homecrest Revive Air collection.,"Left Arm Sofa — Homecrest Revive Air collection.

<p>The mid-century was a great time for furniture design, with many styles setting the standard for which all subsequent designs are measured against. Decades later, Homecrest is helping the iconic “mid-century modern” style experience a renaissance with the benefits of modern technology. Enter: the Revive air collection. This collection uses our unique Sensation sling material—which offers incredible stretch, memory, and UV resistance—to provide the look and feel of a classic cushion, but with none of the restricting maintenance. The Revive air collection is a refreshing style on the eyes, offering a high-quality visual design that hasn’t been seen for many years. This gives the collection potential for homeowners with a refined sense of styles, as well as for designers of corporate environments where innovation and creativity are valued.</p>","82.5"" W x 33"" D x 35"" H",{'Material': 'Sensation Sling | Aluminum'},,,,43,True,True,2026-06-01 06:37:01.716710+00:00,2026-06-08 21:38:24.294000+00:00
4152,6143L-DC,Left Arm Sofa,left-arm-sofa-revive-modular-homecrest,Modular,Left Arm Sofa — Homecrest Revive Modular collection.,"Left Arm Sofa — Homecrest Revive Modular collection.

<p>Homecrest's Revive collection celebrates mid-century modern design and the artists who shaped a generation. Featuring our signature DreamCore cushion technology, Revive offers supreme comfort and a striking design aesthetic, plus all of the industry-leading quality specifications that are built into every piece of Homecrest furniture. Sit back, relax, and enjoy the sunshine knowing that this gorgeous furniture that celebrates a dynamic era will be enjoyed by generations to come. Note: This is not a standalone piece.</p>",,"{'Depth': '34""', 'Width': '76""', 'Height': '35""', 'Weight': '0 lbs', 'Material': 'Aluminum', 'Arm Height': '25""', 'Seat Height': '18""'}",,,,43,True,True,2026-06-01 06:37:03.795499+00:00,2026-06-08 21:38:24.338000+00:00
4177,8339L,Left Table Chat Chair,left-table-chat-chair-urban-cushion-homecrest,Cushion,Left Table Chat Chair — Homecrest Urban Cushion collection.,"Left Table Chat Chair — Homecrest Urban Cushion collection.

<p>Featuring a modular design and clean, soft lines, Homecrest’s Urban collection has a contemporary appeal that is equally suited for backyards, apartment amenity decks, and everything in between. This collection is crafted with powder-coated aluminum, a built-in side table on end units, and High Resilient, furniture-grade foam cushions. Add a taste of the city to any outdoor space with Urban.</p>","40"" W x 32"" D x 28"" H","{'Notes': 'Table Ht: 8.375""', 'Material': 'Cushion | Aluminum'}",,,,43,True,True,2026-06-01 06:37:07.379144+00:00,2026-06-08 21:38:23.630000+00:00
4180,8342L,Left Table Loveseat,left-table-loveseat-urban-cushion-homecrest,Cushion,Left Table Loveseat — Homecrest Urban Cushion collection.,"Left Table Loveseat — Homecrest Urban Cushion collection.

<p>Featuring a modular design and clean, soft lines, Homecrest’s Urban collection has a contemporary appeal that is equally suited for backyards, apartment amenity decks, and everything in between. This collection is crafted with powder-coated aluminum, a built-in side table on end units, and High Resilient, furniture-grade foam cushions. Add a taste of the city to any outdoor space with Urban.</p>",,{'Notes': 'Canvas Coal (Sunbrella) | Storm Finish'},,,,43,True,True,2026-06-01 06:37:07.794983+00:00,2026-06-08 21:38:23.828000+00:00
4189,1H37LR-DC,Left or Right Arm Chat Chair,left-or-right-arm-chat-chair-willow-cushion-homecrest,Cushion,Left or Right Arm Chat Chair — Homecrest Willow Cushion collection.,"Left or Right Arm Chat Chair — Homecrest Willow Cushion collection.

<p>Designed to endure the demands of outdoor living, our Willow collection boasts sleek lines, durable HDPE construction, and exceptionally comfortable all-weather cushions. The wood-look HDPE frame adds warmth and natural beauty, enhancing aesthetic appeal while ensuring resistance to the elements. Our High Resilient, furniture-grade foam cushions provide unparalleled comfort, creating the ultimate retreat. Versatile and customizable, Willow offers a range of modular pieces that allow for unlimited configurations, making it the perfect choice for any outdoor space.</p>",,"{'Depth': '31.5""', 'Width': '31.5""', 'Height': '31""', 'Weight': '0 lbs', 'Material': 'HDPE', 'Arm Height': '28.5""', 'Seat Height': '18""'}",,,,43,True,True,2026-06-01 06:37:09.042107+00:00,2026-06-08 21:38:24.436000+00:00
4085,SPL22102,Lounge Chair,lounge-chair-in-pool-series-homecrest,Series,Lounge Chair — Homecrest In-Pool Series collection.,"Lounge Chair — Homecrest In-Pool Series collection.

<p>Indulge in our captivating In-Pool Series lounge chair, a simple yet bold fusion of art and comfort. Crafted to provide refined leisure, this chair sits low and relaxed. The lounge chair features fluid, curved lines that give it an artistic appeal, allowing it to complement a range of exterior styles from modern to eclectic. With a maximum water depth of 12”, the lounge chair features an open bottom for effortless arrangements in or out of the pool. Available in Desert Sandstone*, Gray Granite*, Light Blue*, River Rock*, Surf Blue*, White*, White Granite, and Yellow* color options. *This color incurs a longer lead time of six weeks.</p>",,{'Material': 'Polyethylene'},,,,43,True,True,2026-06-01 06:36:54.160326+00:00,2026-06-08 21:38:24.003000+00:00
4090,SPL33100,Lounger (2 Pack),lounger-2-pack-in-pool-series-homecrest,Series,Lounger (2 Pack) — Homecrest In-Pool Series collection.,"Lounger (2 Pack) — Homecrest In-Pool Series collection.

<p>Experience the ultimate in modern style, comfort, and luxury with our In-Pool Series lounger. This innovative lounger works in up to 5” of water and will transform your poolside relaxation time. It features an ergonomic design for all to enjoy and comes with an optional head pillow for added comfort. This lounger is designed to be compatible with various types of pools, and its smooth surface and rounded edges prevent harm to delicate surfaces. Available in Desert Sandstone*, Gray Granite*, Light Blue*, River Rock*, Surf Blue*, White*, White Granite, and Yellow* color options. *This color incurs a longer lead time of six weeks.</p>","33.25"" W x 66"" L x 29.5"" H","{'Notes': '2 Pack; Stackable: 2-4; Maximum water depth of 5""'}",,,,43,True,True,2026-06-01 06:36:54.913123+00:00,2026-06-08 21:38:24.022000+00:00
4106,SPL3300PLW,Lounger Head Pillow,lounger-head-pillow-in-pool-series-homecrest,Series,Lounger Head Pillow — Homecrest In-Pool Series collection.,"Lounger Head Pillow — Homecrest In-Pool Series collection.

<p>Boden   Collection The Boden cushion collection blends bold, modern design with seamless curves and plush comfort, offering durable, weather-resistant luxury for outdoor living. Fog Finish The Fog frame finish blends the soothing neutrality of gray with warm taupe undertones, creating a versatile shade that complements both modern and classic styles. Surf Collection The Surf collection combines nature-inspired design with durable all-weather poly and aluminum materials, making it a stylish and practical choice for high-traffic outdoor spaces. Medley Collection The Medley collection offers the look of natural wood with the durability of powder-coated aluminum and all-weather poly creating a stylish, low-maintenance solution for outdoor dining.</p>",,{'Notes': '2 Pack'},,,,43,True,True,2026-06-01 06:36:57.026241+00:00,2026-06-08 21:38:24.168000+00:00
4108,SPL3300SCMP,Lounger Pump,lounger-pump-in-pool-series-homecrest,Series,Lounger Pump — Homecrest In-Pool Series collection.,"Lounger Pump — Homecrest In-Pool Series collection.

<p>All In-Pool products are available in a variety of colors and are suitable for use in both chlorinated and saltwater pools, as well as on all pool materials like concrete, vinyl liners, and gunite. They can be easily removed from the pool to be used on the pool deck. Each product has a recommended maximum water depth for best performance. *This color incurs a longer lead time of six weeks.</p>",,{'Material': 'Polyethylene'},,,,43,True,True,2026-06-01 06:36:57.287870+00:00,2026-06-08 21:38:24.175000+00:00
4093,SPL33100W12R,"Lounger with 12"" Riser (2 Pack)",lounger-with-12-riser-2-pack-in-pool-series-homecrest,Series,"Lounger with 12"" Riser (2 Pack) — Homecrest In-Pool Series collection.","Lounger with 12"" Riser (2 Pack) — Homecrest In-Pool Series collection.

<p>Experience the ultimate in modern style, comfort, and luxury with our In-Pool Series lounger with 12” risers. This innovative lounger works in up to 17” of water and will transform your poolside relaxation time. It features an ergonomic design for all to enjoy and comes with an optional head pillow for added comfort. This lounger is designed to be compatible with various types of pools, and its smooth surface and rounded edges prevent harm to delicate surfaces. Available in Desert Sandstone*, Gray Granite*, Light Blue*, River Rock*, Surf Blue*, White*, White Granite, and Yellow* color options. *This color incurs a longer lead time of six weeks.</p>",,{'Material': 'Polyethylene'},,,,43,True,True,2026-06-01 06:36:55.318853+00:00,2026-06-08 21:38:24.033000+00:00
4091,SPL33100W4R,"Lounger with 4"" Riser (2 Pack)",lounger-with-4-riser-2-pack-in-pool-series-homecrest,Series,"Lounger with 4"" Riser (2 Pack) — Homecrest In-Pool Series collection.","Lounger with 4"" Riser (2 Pack) — Homecrest In-Pool Series collection.

<p>Experience the ultimate in modern style, comfort, and luxury with our In-Pool Series lounger with 4” risers. This innovative lounger works in up to 9” of water and will transform your poolside relaxation time. It features an ergonomic design for all to enjoy and comes with an optional head pillow for added comfort. This lounger is designed to be compatible with various types of pools, and its smooth surface and rounded edges prevent harm to delicate surfaces. Available in Desert Sandstone*, Gray Granite*, Light Blue*, River Rock*, Surf Blue*, White*, White Granite, and Yellow* color options. *This color incurs a longer lead time of six weeks.</p>",,{'Material': 'Polyethylene'},,,,43,True,True,2026-06-01 06:36:55.051401+00:00,2026-06-08 21:38:24.026000+00:00
4092,SPL33100W8R,"Lounger with 8"" Riser (2 Pack)",lounger-with-8-riser-2-pack-in-pool-series-homecrest,Series,"Lounger with 8"" Riser (2 Pack) — Homecrest In-Pool Series collection.","Lounger with 8"" Riser (2 Pack) — Homecrest In-Pool Series collection.

<p>Experience the ultimate in modern style, comfort, and luxury with our In-Pool Series lounger with 8” risers. This innovative lounger works in up to 13” of water and will transform your poolside relaxation time. It features an ergonomic design for all to enjoy and comes with an optional head pillow for added comfort. This lounger is designed to be compatible with various types of pools, and its smooth surface and rounded edges prevent harm to delicate surfaces. Available in Desert Sandstone*, Gray Granite*, Light Blue*, River Rock*, Surf Blue*, White*, White Granite, and Yellow* color options. *This color incurs a longer lead time of six weeks.</p>",,{'Material': 'Polyethylene'},,,,43,True,True,2026-06-01 06:36:55.179590+00:00,2026-06-08 21:38:24.030000+00:00
3940,7242A-DC,Loveseat,loveseat-anthem-cushion-homecrest,Cushion,Loveseat — Homecrest Anthem Cushion collection.,"Loveseat — Homecrest Anthem Cushion collection.

<p>Homecrest's Anthem cushion collection showcases bent aluminum extrusions and minimal welded joints, offering both aesthetic appeal and robust durability. The design features gentle curves and cushions with DreamCore technology, reflecting Homecrest's heritage of metal bending and uniquely comfortable seating. Anthem exemplifies the American-made craftsmanship for which our company is renowned.</p>",,"{'Depth': '32""', 'Width': '52.5""', 'Height': '35""', 'Weight': '0 lbs', 'Material': 'Aluminum', 'Arm Height': '23""', 'Seat Height': '18""'}",,,,43,True,True,2026-06-01 06:36:31.729167+00:00,2026-06-08 21:38:23.456000+00:00
3943,2H42A-DC,Loveseat,loveseat-ava-cushion-homecrest,Cushion,Loveseat — Homecrest Ava Cushion collection.,"Loveseat — Homecrest Ava Cushion collection.

<p>Our Ava collection seamlessly blends modern sophistication with the beauty of nature. Ava’s architectural A-frame profile boasts a rustic charm while offering the unmatched durability of HDPE. Visually resembling natural wood, this sturdy HDPE frame will stand the test of time against the elements without compromising on style. Sumptuous cushions featuring DreamCore technology beckon you to unwind in your outdoor sanctuary.</p>",,"{'Depth': '34""', 'Width': '52.25""', 'Height': '35""', 'Weight': '0 lbs', 'Material': 'HDPE', 'Arm Height': '23.5""', 'Seat Height': '18""'}",,,,43,True,True,2026-06-01 06:36:32.221268+00:00,2026-06-08 21:38:23.466000+00:00
3960,10AR422,Loveseat,loveseat-blair-air-homecrest,Blair Air,Loveseat — Homecrest Blair Air collection.,"Loveseat — Homecrest Blair Air collection.

<p>The Blair air collection features the look and feel of a deep seating piece in a foam-free, cushionless construction. Luxurious Sensation sling fabric is used for the ultimate in low-maintenance comfort and also features benefits such as exceptional shape retention and surface memory. Blair air offers a versatile, stylish, and durable solution for your outdoor seating needs and coordinates with all Blair cushion sling pieces. Like Blair before it, Blair air’s light and fresh visual style lends itself to a wide variety of design aesthetics. But, because of its seating design, it performs especially well in climates with even the most intense rainfall.</p>","60.5"" W x 33"" D x 36"" H",{'Material': 'Sling | Aluminum'},,,,43,True,True,2026-06-01 06:36:34.893649+00:00,2026-06-08 21:38:23.530000+00:00
3973,8442A-DC,Loveseat,loveseat-blair-cushion-homecrest,Blair Cushion,Loveseat — Homecrest Blair Cushion collection.,"Loveseat — Homecrest Blair Cushion collection.

<p>Elevate your outdoor seating experience with our Blair collection. Blair redefines relaxation with its plush cushions and sleek metal back design features. The 8” cushions featuring DreamCore technology mean you can sink into a soft seat, enveloped in comfort. Crafted with precision and durability in mind, Blair's all-aluminum frame ensures longevity and stability for years to come. Designed for versatility, Blair offers a variety of modular pieces that allow for unlimited configurations, creating arrangements tailored to your unique needs.</p>",,"{'Depth': '33""', 'Width': '56""', 'Height': '35""', 'Weight': '0 lbs', 'Material': 'Aluminum', 'Arm Height': '24""', 'Seat Height': '18""'}",,,,43,True,True,2026-06-01 06:36:36.902629+00:00,2026-06-08 21:38:23.570000+00:00
3986,8542A-DC,Loveseat,loveseat-blair-slip-cover-homecrest,Cover,Loveseat — Homecrest Blair Slip Cover collection.,"Loveseat — Homecrest Blair Slip Cover collection.

<p>Create the ultimate retreat with the refreshing style of our Blair collection. This deep seating series combines sophistication and comfort with fully upholstered backs and supremely comfortable DreamCore cushion technology. Outdoor elegance is effortless with this robust collection of modular and freestanding pieces, perfect for creating versatile seating arrangements. Whether you are selecting furniture for a home patio or a lively commercial space, Blair's pieces can be configured into anything from cozy conversation sets to plush, sprawling sectionals. Best of all, each frame, cover, and cushion is crafted by our skilled team in the USA.</p>",,"{'Depth': '33""', 'Width': '56""', 'Height': '35""', 'Weight': '0 lbs', 'Material': 'Aluminum', 'Arm Height': '24""', 'Seat Height': '18""'}",,,,43,True,True,2026-06-01 06:36:38.990993+00:00,2026-06-08 21:38:23.615000+00:00
3994,4242A,Loveseat,loveseat-boden-cushion-homecrest,Cushion,Loveseat — Homecrest Boden Cushion collection.,"Loveseat — Homecrest Boden Cushion collection.

<p>The Boden collection’s clean, architectural lines and tubular frame offer a bold, modern silhouette. Its seamless curves and integrated armrests create a sense of flow, while the plush, High Resilient cushions invite you to sit back and breathe deep. Boden’s sleek lines and contemporary appeal are matched by exceptional durability and weather resistance. Crafted with powder-coated aluminum and all-weather cushions, Boden is made to withstand the elements while offering luxurious comfort season after season.</p>","59.5"" W x 35.8"" D x 33.4"" H","{'Arm Height': '24.4""', 'Seat Height': '19""'}",,,,43,True,True,2026-06-01 06:36:40.376579+00:00,2026-06-08 21:38:23.646000+00:00
4023,51AR422,Loveseat,loveseat-elements-air-homecrest,Air,Loveseat — Homecrest Elements Air collection.,"Loveseat — Homecrest Elements Air collection.

<p>The Elements air collection features the appearance and comfort of deep seating in a foam-free, cushionless construction. Luxurious Sensation sling fabric is used for the ultimate in low-maintenance comfort and also features benefits such as exceptional shape retention and surface memory. Homecrest's double layer sling design is extremely comfortable and field replaceable. Elements offers a versatile, stylish, and low-maintenance solution for your outdoor seating needs. Elements air is the perfect collection for climates that experience high levels of rainfall. And, it achieves this practicality without sacrificing style: Elements air is a beautiful seating style that can make an outdoor space feel special. The comfortable double layer sling seating also secures Elements air as a prime option for environments where relaxation is the ultimate goal, such as lake cabin, poolside, fireside, or general lounge areas.</p>","58.5"" W x 33"" D x 36"" H",{'Material': 'Sling | Aluminum'},,,,43,True,True,2026-06-01 06:36:44.669871+00:00,2026-06-08 21:38:23.771000+00:00
4031,5142A-DC,Loveseat,loveseat-elements-cushion-homecrest,Cushion,Loveseat — Homecrest Elements Cushion collection.,"Loveseat — Homecrest Elements Cushion collection.

<p>With Homecrest’s Elements cushion collection, you no longer have to choose between style and comfort. This bold deep seating series merges the fresh, transitional design of Homecrest’s popular Elements collection with the supreme comfort of DreamCore™ technology. The luxurious seats and backrests feature High Resilient foam, ensuring durability, longevity, and unmatched comfort. Unlike conventional foam, Homecrest’s cushions offer exceptional elasticity, providing a superior seating experience. This makes it well suited for homeowners who value relaxation, as well as lounge environments such as hotels, resorts, and some public spaces.</p>",,"{'Notes': 'DreamCore Cushion; shown in Canvas White (Sunbrella) | Carbon Finish', 'Material': 'Aluminum'}",,,,43,True,True,2026-06-01 06:36:46.049942+00:00,2026-06-08 21:38:23.801000+00:00
4117,1642A,Loveseat,loveseat-liberty-cushion-homecrest,Cushion,Loveseat — Homecrest Liberty Cushion collection.,"Loveseat — Homecrest Liberty Cushion collection.

<p>Liberty’s timeless design and unparalleled comfort from DreamCore™ cushions will enhance outdoor spaces for generations to come. Create an environment of relaxation and serenity with a full complement of deep seating pieces, all made in the USA. The crisp tailoring and clean lines will create an engaging ambiance that celebrates the past and the future. This collection is sure to make any outdoor space stylish and inviting. Liberty lends itself to environments where relaxation and connection are priorities. Its chat chair, swivel rockers, and more make it perfect for homeowners who crave comfort, as well as lounges in anywhere from luxury resort to multi-family living environments.</p>","52.5"" W x 35"" D x 42"" H",{'Material': 'Aluminum'},,,,43,True,True,2026-06-01 06:36:58.520318+00:00,2026-06-08 21:38:24.215000+00:00
4134,61AR420,Loveseat,loveseat-revive-air-homecrest,Air,Loveseat — Homecrest Revive Air collection.,"Loveseat — Homecrest Revive Air collection.

<p>The mid-century was a great time for furniture design, with many styles setting the standard for which all subsequent designs are measured against. Decades later, Homecrest is helping the iconic “mid-century modern” style experience a renaissance with the benefits of modern technology. Enter: the Revive air collection. This collection uses our unique Sensation sling material—which offers incredible stretch, memory, and UV resistance—to provide the look and feel of a classic cushion, but with none of the restricting maintenance. The Revive air collection is a refreshing style on the eyes, offering a high-quality visual design that hasn’t been seen for many years. This gives the collection potential for homeowners with a refined sense of styles, as well as for designers of corporate environments where innovation and creativity are valued.</p>","59.5"" W x 33"" D x 35"" H",{'Material': 'Sensation Sling | Aluminum'},,,,43,True,True,2026-06-01 06:37:00.992092+00:00,2026-06-08 21:38:24.277000+00:00
4143,6142A-DC,Loveseat,loveseat-revive-cushion-homecrest,Cushion,Loveseat — Homecrest Revive Cushion collection.,"Loveseat — Homecrest Revive Cushion collection.

<p>Homecrest’s Revive cushion collection celebrates mid-century modern design, and the artists of all kinds who shaped a generation. It is sure to bring a subtle sophistication to any outdoor space through its curated design inspiration. Featuring our signature DreamCore™ cushion technology, Revive cushion offers supreme comfort to complement its bold visual aesthetic. With all of the industry-leading, quality specifications that Homecrest consistently delivers, Revive cushion celebrates a dynamic era with the promise that it will be enjoyed by generations to come. This collection comes in chat, swivel rocker, loveseat, and sofa seating styles, making it ideal for environments where relaxation is at the forefront.</p>",,"{'Depth': '34""', 'Width': '54.5""', 'Height': '35""', 'Weight': '0 lbs', 'Material': 'Aluminum', 'Arm Height': '25""', 'Seat Height': '18""'}",,,,43,True,True,2026-06-01 06:37:02.388080+00:00,2026-06-08 21:38:24.309000+00:00
4174,4542A,Loveseat,loveseat-sutton-cushion-homecrest,Cushion,Loveseat — Homecrest Sutton Cushion collection.,"Loveseat — Homecrest Sutton Cushion collection.

<p>Plush, all-weather cushions, plus strong frame lines created by durable aluminum are just the beginning of what makes Homecrest’s Sutton cushion collection a prime choice for discerning homeowners and designers. Creating an outdoor space with a sophisticated aesthetic is easy with Sutton cushion’s bold shapes; its gently sloping backs promote and exclusive Luxe Outdoor™ cushions promote restful lounging, while striking a modern pose with its visual style. This collection is sure to make any outdoor space feel inviting. We offer Sutton cushion in multiple chat chair seating styles, in addition to loveseats and sofas. This collection is well suited for homeowners looking create a relaxing setting, as well as for casual commercial contexts, such as fireside lounges, resorts, or relaxation areas in corporate settings.</p>","55.5"" W x 34"" D x 36"" H",{'Material': 'Cushion | Aluminum'},,,,43,True,True,2026-06-01 06:37:06.968380+00:00,2026-06-08 21:38:24.399000+00:00
4059,2F320,Low Back Dining Chair (Stackable),low-back-dining-chair-stackable-florida-metal-homecrest,Metal,Low Back Dining Chair (Stackable) — Homecrest Florida Metal collection.,"Low Back Dining Chair (Stackable) — Homecrest Florida Metal collection.

<p>The Florida collection is a long-standing commercial and hospitality favorite. The design is achieved by combining modern materials and original techniques to build a durable, maintenance-free collection with all the comfort and support expected from Homecrest. The quick-drying mesh design and seating options in stackable and chaise styles make Florida mesh well-suited to lake and poolside environments especially.</p>","23"" W x 24.5"" D x 33"" H","{'Notes': 'Stackable: 2-6; 2F320-4 is a 4 Pack', 'Material': 'Expanded Mesh | Aluminum'}",,,,44,True,True,2026-06-01 06:36:50.564225+00:00,2026-06-08 21:38:23.927000+00:00
3945,10680,Low Back Dining Chair,low-back-dining-chair-blair-homecrest,Blair,Low Back Dining Chair — Homecrest Blair collection.,"Low Back Dining Chair — Homecrest Blair collection.

<p>Blair sling offers clean lines and an open design, making it endlessly adaptable across all environments and design preferences. Its gentle minimalism allows it to stay current and fresh, even as trends evolve over time. Solid aluminum and Homecrest's signature comfort make Blair a collection that is equally at home in commercial spaces and residential environments. When looking to furnish multiple areas at work or at play, complement Blair sling with air collections. Blair comes in two primary seating styles: dining and chaise. This makes Blair a prime option for homeowners who value versatility, as well as for fine dining and lounge environments.</p>","26.75"" W x 28"" D x 37"" H","{'Notes': 'Sling variant', 'Material': 'Sling | Aluminum'}",,,,44,True,True,2026-06-01 06:36:32.558795+00:00,2026-06-08 21:38:23.472000+00:00
4014,51680,Low Back Dining Chair,low-back-dining-chair-elements-homecrest,Elements,Low Back Dining Chair — Homecrest Elements collection.,"Low Back Dining Chair — Homecrest Elements collection.

<p>Uniquely transitional and highly functional, Homecrest’s Elements sling collection is an industry favorite. Subtle curves and clean angles combine to create a collection that can be artfully classic or freshly modern, depending on your design sensibilities and your outdoor space. Available in low back, high back, and balcony seating, Elements has the added versatility of complementing a wide range of deep seating styles with ease. Elements comes in low back, high back, balcony options, and more. This, in combination with its adaptable style, makes it highly suitable for homeowners who value versatility, as well as commercial environments such as hotel lounges, rooftop bars, and beyond.</p>","26"" W x 28.5"" D x 37"" H","{'Notes': 'Padded Sling SKU: 51690', 'Material': 'Sling | Aluminum'}",,,,44,True,True,2026-06-01 06:36:43.281261+00:00,2026-06-08 21:38:23.719000+00:00
4063,32681,Low Back Dining Chair,low-back-dining-chair-harbor-homecrest,Harbor,Low Back Dining Chair — Homecrest Harbor collection.,"Low Back Dining Chair — Homecrest Harbor collection.

<p>Our Harbor sling collection captures a classic maritime-inspired design, infused with Homecrest's signature style and quality. The all-aluminum frame ensures a low-maintenance and corrosion-free finish, while the custom-extruded arms are rounded into a graceful ellipse for comfort and style. Paired with our ultra-comfortable double-layer sling, Harbor offers the experience of a weekend getaway to a luxury resort.</p>","24.5"" W x 30"" D x 37"" H","{'Notes': 'Sling SKU: 32681, Padded Sling SKU: 32691', 'Material': 'Sling | Aluminum'}",,,,44,True,True,2026-06-01 06:36:51.135407+00:00,2026-06-08 21:38:23.940000+00:00
4068,2A680,Low Back Dining Chair,low-back-dining-chair-holly-hill-homecrest,Hill,Low Back Dining Chair — Homecrest Holly Hill collection.,"Low Back Dining Chair — Homecrest Holly Hill collection.

<p>A popular choice, our Holly Hill collection is made of aluminum and comes in a wide variety of styles, frames, and seating options. With a simple design and broad appeal, this classic Homecrest collection lends itself to any environment. Holly Hill is available in sling and padded sling. Be sure to view the Holly Hill cushion collection for complementary pieces. This collection is well suited to homeowners who enjoy a visual style that exudes luxury, as well as luxury environments such as fine dining establishments, high-end bars, and balcony lounges.</p>","24.5"" W x 30"" D x 37"" H","{'Notes': 'Sling SKU: 2A680, Padded Sling SKU: 2A690', 'Material': 'Sling | Aluminum'}",,,,44,True,True,2026-06-01 06:36:51.826204+00:00,2026-06-08 21:38:23.234000+00:00
4109,1K680,Low Back Dining Chair,low-back-dining-chair-kashton-homecrest,Kashton,Low Back Dining Chair — Homecrest Kashton collection.,"Low Back Dining Chair — Homecrest Kashton collection.

<p>Our Kashton collection is a treat for the eyes with its sleek, nearly aerodynamic frame design. Its full aluminum frame features arms that round at the front and trail at the back like a slipstream, evoking a sense of motion. In this way, Kashton is the perfect collection to add vibrant flair to any outdoor environment. This stationary, but dynamic, collection comes in dining, balcony, swivel rocker, and chaise seating styles. Because of this, Kashton lends itself to homeowners who value versatility, as well as a wide variety of design applications including fine dining, luxury resorts, poolside, and more.</p>","25"" W x 30"" D x 37"" H","{'Notes': 'Available in Sling (1K680) and Padded Sling (1K690)', 'Material': 'Sling | Aluminum'}",,,,44,True,True,2026-06-01 06:36:57.418058+00:00,2026-06-08 21:38:24.178000+00:00
4157,7A681,Low Back Dining Chair,low-back-dining-chair-stella-homecrest,Stella,Low Back Dining Chair — Homecrest Stella collection.,"Low Back Dining Chair — Homecrest Stella collection.

<p>Stella features elegantly sloped arms and our signature double-layer sling, providing a clean visual style and exceptional comfort. Whether gathered around a lively dining table or paired with an ottoman for quiet relaxation, Stella's craftsmanship and versatility are sure to be appreciated. With the Stella collection, style and function go hand in hand. These design choices make Stella an ideal choice for environments with even the most unpredictable climate. At Homecrest, we believe that style and function should go hand in hand. We make our products work for homeowners and designers alike.</p>","24.5"" W x 30"" D x 37"" H","{'Notes': 'Sling version', 'Material': 'Sling | Aluminum'}",,,,44,True,True,2026-06-01 06:37:04.535176+00:00,2026-06-08 21:38:24.354000+00:00
4165,45680,Low Back Dining Chair,low-back-dining-chair-sutton-homecrest,Sutton,Low Back Dining Chair — Homecrest Sutton collection.,"Low Back Dining Chair — Homecrest Sutton collection.

<p>The Sutton sling collection offers the refined comfort of Homecrest's signature double layer sling, perfect for al fresco dining or lounging. Sutton's geometric frame design contrasts with the gently curving sling seat to give outdoor spaces a refined, but energizing, aesthetic. The durable all-aluminum frame can be augmented with an add-on Wind Kit to add weight for windy environments.</p>","24.75"" W x 30"" D x 37"" H",{'Material': 'Sling | Aluminum'},,,,44,True,True,2026-06-01 06:37:05.715321+00:00,2026-06-08 21:38:24.380000+00:00
3946,10880,Low Back Swivel Rocker,low-back-swivel-rocker-blair-homecrest,Blair,Low Back Swivel Rocker — Homecrest Blair collection.,"Low Back Swivel Rocker — Homecrest Blair collection.

<p>Blair sling offers clean lines and an open design, making it endlessly adaptable across all environments and design preferences. Its gentle minimalism allows it to stay current and fresh, even as trends evolve over time. Solid aluminum and Homecrest's signature comfort make Blair a collection that is equally at home in commercial spaces and residential environments. When looking to furnish multiple areas at work or at play, complement Blair sling with air collections. Blair comes in two primary seating styles: dining and chaise. This makes Blair a prime option for homeowners who value versatility, as well as for fine dining and lounge environments.</p>","26.75"" W x 28"" D x 37"" H","{'Notes': 'Sling variant', 'Material': 'Sling | Aluminum'}",,,,43,True,True,2026-06-01 06:36:32.698557+00:00,2026-06-08 21:38:23.476000+00:00
4015,51880,Low Back Swivel Rocker,low-back-swivel-rocker-elements-homecrest,Elements,Low Back Swivel Rocker — Homecrest Elements collection.,"Low Back Swivel Rocker — Homecrest Elements collection.

<p>Uniquely transitional and highly functional, Homecrest’s Elements sling collection is an industry favorite. Subtle curves and clean angles combine to create a collection that can be artfully classic or freshly modern, depending on your design sensibilities and your outdoor space. Available in low back, high back, and balcony seating, Elements has the added versatility of complementing a wide range of deep seating styles with ease. Elements comes in low back, high back, balcony options, and more. This, in combination with its adaptable style, makes it highly suitable for homeowners who value versatility, as well as commercial environments such as hotel lounges, rooftop bars, and beyond.</p>","26"" W x 28.5"" D x 37"" H","{'Notes': 'Padded Sling SKU: 51890', 'Material': 'Sling | Aluminum'}",,,,43,True,True,2026-06-01 06:36:43.455248+00:00,2026-06-08 21:38:23.723000+00:00
4064,32880,Low Back Swivel Rocker,low-back-swivel-rocker-harbor-homecrest,Harbor,Low Back Swivel Rocker — Homecrest Harbor collection.,"Low Back Swivel Rocker — Homecrest Harbor collection.

<p>Our Harbor sling collection captures a classic maritime-inspired design, infused with Homecrest's signature style and quality. The all-aluminum frame ensures a low-maintenance and corrosion-free finish, while the custom-extruded arms are rounded into a graceful ellipse for comfort and style. Paired with our ultra-comfortable double-layer sling, Harbor offers the experience of a weekend getaway to a luxury resort.</p>","24.5"" W x 30"" D x 37"" H","{'Notes': 'Sling SKU: 32880, Padded Sling SKU: 32890', 'Material': 'Sling | Aluminum'}",,,,43,True,True,2026-06-01 06:36:51.268789+00:00,2026-06-08 21:38:23.944000+00:00
4069,2A880,Low Back Swivel Rocker,low-back-swivel-rocker-holly-hill-homecrest,Hill,Low Back Swivel Rocker — Homecrest Holly Hill collection.,"Low Back Swivel Rocker — Homecrest Holly Hill collection.

<p>A popular choice, our Holly Hill collection is made of aluminum and comes in a wide variety of styles, frames, and seating options. With a simple design and broad appeal, this classic Homecrest collection lends itself to any environment. Holly Hill is available in sling and padded sling. Be sure to view the Holly Hill cushion collection for complementary pieces. This collection is well suited to homeowners who enjoy a visual style that exudes luxury, as well as luxury environments such as fine dining establishments, high-end bars, and balcony lounges.</p>","24.5"" W x 30"" D x 37"" H","{'Notes': 'Sling SKU: 2A880, Padded Sling SKU: 2A890', 'Material': 'Sling | Aluminum'}",,,,43,True,True,2026-06-01 06:36:51.957066+00:00,2026-06-08 21:38:23.343000+00:00
4110,1K880,Low Back Swivel Rocker,low-back-swivel-rocker-kashton-homecrest,Kashton,Low Back Swivel Rocker — Homecrest Kashton collection.,"Low Back Swivel Rocker — Homecrest Kashton collection.

<p>Our Kashton collection is a treat for the eyes with its sleek, nearly aerodynamic frame design. Its full aluminum frame features arms that round at the front and trail at the back like a slipstream, evoking a sense of motion. In this way, Kashton is the perfect collection to add vibrant flair to any outdoor environment. This stationary, but dynamic, collection comes in dining, balcony, swivel rocker, and chaise seating styles. Because of this, Kashton lends itself to homeowners who value versatility, as well as a wide variety of design applications including fine dining, luxury resorts, poolside, and more.</p>","25"" W x 30"" D x 37"" H","{'Notes': 'Available in Sling (1K880) and Padded Sling (1K890)', 'Material': 'Sling | Aluminum'}",,,,43,True,True,2026-06-01 06:36:57.551359+00:00,2026-06-08 21:38:24.182000+00:00
4158,7A880,Low Back Swivel Rocker,low-back-swivel-rocker-stella-homecrest,Stella,Low Back Swivel Rocker — Homecrest Stella collection.,"Low Back Swivel Rocker — Homecrest Stella collection.

<p>Stella features elegantly sloped arms and our signature double-layer sling, providing a clean visual style and exceptional comfort. Whether gathered around a lively dining table or paired with an ottoman for quiet relaxation, Stella's craftsmanship and versatility are sure to be appreciated. With the Stella collection, style and function go hand in hand. These design choices make Stella an ideal choice for environments with even the most unpredictable climate. At Homecrest, we believe that style and function should go hand in hand. We make our products work for homeowners and designers alike.</p>","24.5"" W x 30"" D x 37"" H","{'Notes': 'Sling version', 'Material': 'Sling | Aluminum'}",,,,43,True,True,2026-06-01 06:37:04.670985+00:00,2026-06-08 21:38:24.358000+00:00
4166,45880,Low Back Swivel Rocker,low-back-swivel-rocker-sutton-homecrest,Sutton,Low Back Swivel Rocker — Homecrest Sutton collection.,"Low Back Swivel Rocker — Homecrest Sutton collection.

<p>The Sutton sling collection offers the refined comfort of Homecrest's signature double layer sling, perfect for al fresco dining or lounging. Sutton's geometric frame design contrasts with the gently curving sling seat to give outdoor spaces a refined, but energizing, aesthetic. The durable all-aluminum frame can be augmented with an add-on Wind Kit to add weight for windy environments.</p>","24.75"" W x 30"" D x 37"" H",{'Material': 'Sling | Aluminum'},,,,43,True,True,2026-06-01 06:37:05.854494+00:00,2026-06-08 21:38:24.383000+00:00
4186,91008,Ottoman Tray,ottoman-tray-urban-cushion-homecrest,Cushion,Ottoman Tray — Homecrest Urban Cushion collection.,"Ottoman Tray — Homecrest Urban Cushion collection.

<p>Featuring a modular design and clean, soft lines, Homecrest’s Urban collection has a contemporary appeal that is equally suited for backyards, apartment amenity decks, and everything in between. This collection is crafted with powder-coated aluminum and High Resilient, furniture-grade foam cushions. The built-in side tables are available in an HDPE woodgrain pattern or an all-aluminum panel.</p>",,{'Notes': 'Storm Finish'},,,,43,True,True,2026-06-01 06:37:08.581147+00:00,2026-06-08 21:38:24.426000+00:00
3980,9914A-DC,Ottoman,ottoman-blair-cushion-homecrest,Blair Cushion,Ottoman — Homecrest Blair Cushion collection.,"Ottoman — Homecrest Blair Cushion collection.

<p>With Homecrest’s Elements cushion collection, you no longer have to choose between style and comfort. This bold deep seating series merges the fresh, transitional design of Homecrest’s popular Elements collection with the supreme comfort of DreamCore™ technology. The luxurious seats and backrests feature High Resilient foam, ensuring durability, longevity, and unmatched comfort. Unlike conventional foam, Homecrest’s cushions offer exceptional elasticity, providing a superior seating experience. This makes it well suited for homeowners who value relaxation, as well as lounge environments such as hotels, resorts, and some public spaces.</p>",,"{'Depth': '27""', 'Width': '24""', 'Height': '16.5""', 'Weight': '0 lbs', 'Material': 'Aluminum', 'Seat Height': '16.5""'}",,,,43,True,True,2026-06-01 06:36:38.060257+00:00,2026-06-08 21:38:23.825000+00:00
3951,99120,Ottoman,ottoman-blair-homecrest,Blair,Ottoman — Homecrest Blair collection.,"Ottoman — Homecrest Blair collection.

<p>The Sutton sling collection offers the refined comfort of Homecrest's signature double layer sling, perfect for al fresco dining or lounging. Sutton's geometric frame design contrasts with the gently curving sling seat to give outdoor spaces a refined, but energizing, aesthetic. The durable all-aluminum frame can be augmented with an add-on Wind Kit to add weight for windy environments.</p>","20.5"" W x 20"" D x 16.5"" H","{'Notes': 'Arm Ht: N/A', 'Material': 'Sling | Aluminum'}",,,,43,True,True,2026-06-01 06:36:33.453494+00:00,2026-06-08 21:38:23.490000+00:00
4076,2212B,Ottoman,ottoman-holly-hill-cushion-homecrest,Cushion,Ottoman — Homecrest Holly Hill Cushion collection.,"Ottoman — Homecrest Holly Hill Cushion collection.

<p>Holly Hill cushion dining follows the design cues of our classic Holly Hill collection, evoking a sort of East Coast opulence with its high-backed, maritime-inspired design. It’s no wonder that Holly Hill cushion dining is a favorite amongst homeowners and designers; It blends comfort and style effortlessly, making it perfect for homeowners who love to entertain guests, as well as fine dining environments.</p>","20"" W x 17"" D x 17.5"" H",{'Notes': 'Arm Ht: N/A'},,,,43,True,True,2026-06-01 06:36:52.930290+00:00,2026-06-08 21:38:23.970000+00:00
4080,21120,Ottoman,ottoman-infiniti-homecrest,Infiniti,Ottoman — Homecrest Infiniti collection.,"Ottoman — Homecrest Infiniti collection.

<p>Infiniti is designed for ease of use in any space: at work or at play. Its flowing silhouette maximizes the surface area of our premium sling fabric while still maintaining sleek visuals. In addition, because of our double layer sling technology, Infiniti provides an exceptionally comfortable sit without any of the maintenance that is required by traditional cushions. This beautiful collection is sure to transform any outdoor space to become more attractive and inviting. Paired with its intelligently designed side, coffee, and corner table companion pieces, our armless Infiniti chat chairs are ideal for energizing homeowners’ existing outdoor setups, as well as otherwise standard waiting rooms.</p>","26.5"" W x 25.5"" D x 18"" H",{'Material': 'Sling | Aluminum'},,,,43,True,True,2026-06-01 06:36:53.476439+00:00,2026-06-08 21:38:23.987000+00:00
4119,1612A,Ottoman,ottoman-liberty-cushion-homecrest,Cushion,Ottoman — Homecrest Liberty Cushion collection.,"Ottoman — Homecrest Liberty Cushion collection.

<p>Liberty’s timeless design and unparalleled comfort from DreamCore™ cushions will enhance outdoor spaces for generations to come. Create an environment of relaxation and serenity with a full complement of deep seating pieces, all made in the USA. The crisp tailoring and clean lines will create an engaging ambiance that celebrates the past and the future. This collection is sure to make any outdoor space stylish and inviting. Liberty lends itself to environments where relaxation and connection are priorities. Its chat chair, swivel rockers, and more make it perfect for homeowners who crave comfort, as well as lounges in anywhere from luxury resort to multi-family living environments.</p>","27"" W x 27.5"" D x 16"" H","{'Notes': 'Arm Ht: N/A', 'Material': 'Aluminum'}",,,,43,True,True,2026-06-01 06:36:58.782216+00:00,2026-06-08 21:38:24.225000+00:00
4184,83120,Ottoman,ottoman-urban-cushion-homecrest,Cushion,Ottoman — Homecrest Urban Cushion collection.,"Ottoman — Homecrest Urban Cushion collection.

<p>Featuring a modular design and clean, soft lines, Homecrest’s Urban collection has a contemporary appeal that is equally suited for backyards, apartment amenity decks, and everything in between. This collection is crafted with powder-coated aluminum, a built-in side table on end units, and High Resilient, furniture-grade foam cushions. Add a taste of the city to any outdoor space with Urban.</p>",,{'Notes': 'Canvas Coal (Sunbrella) | Storm Finish'},,,,43,True,True,2026-06-01 06:37:08.325866+00:00,2026-06-08 21:38:24.419000+00:00
4191,1H12A-DC,Ottoman,ottoman-willow-cushion-homecrest,Cushion,Ottoman — Homecrest Willow Cushion collection.,"Ottoman — Homecrest Willow Cushion collection.

<p>Designed to endure the demands of outdoor living, our Willow collection boasts sleek lines, durable HDPE construction, and exceptionally comfortable all-weather cushions. The wood-look HDPE frame adds warmth and natural beauty, enhancing aesthetic appeal while ensuring resistance to the elements. Our High Resilient, furniture-grade foam cushions provide unparalleled comfort, creating the ultimate retreat. Versatile and customizable, Willow offers a range of modular pieces that allow for unlimited configurations, making it the perfect choice for any outdoor space.</p>",,"{'Depth': '30""', 'Width': '30""', 'Height': '18""', 'Weight': '0 lbs', 'Material': 'HDPE', 'Seat Height': '18""'}",,,,43,True,True,2026-06-01 06:37:09.372731+00:00,2026-06-08 21:38:24.442000+00:00
4062,2F120,Ottoman/Side Table (Stackable),ottoman-side-table-stackable-florida-metal-homecrest,Metal,Ottoman/Side Table (Stackable) — Homecrest Florida Metal collection.,"Ottoman/Side Table (Stackable) — Homecrest Florida Metal collection.

<p>The Florida collection is a long-standing commercial and hospitality favorite. The design is achieved by combining modern materials and original techniques to build a durable, maintenance-free collection with all the comfort and support expected from Homecrest. The quick-drying mesh design and seating options in stackable and chaise styles make Florida mesh well-suited to lake and poolside environments especially.</p>","23"" W x 23"" D x 16.5"" H","{'Notes': 'Arm Ht: N/A', 'Material': 'Expanded Mesh | Aluminum'}",,,,43,True,True,2026-06-01 06:36:51.005496+00:00,2026-06-08 21:38:23.937000+00:00
4107,SPLRPCADDY,Portable Seat Pad Caddy,portable-seat-pad-caddy-in-pool-series-homecrest,Series,Portable Seat Pad Caddy — Homecrest In-Pool Series collection.,"Portable Seat Pad Caddy — Homecrest In-Pool Series collection.

<p>Need to store or transport your In-Pool Series portable seat pads? Designed to make your life easier, the portable seat pad caddy can hold up to 10 portable seat pads, making it the perfect storage and transport solution. Finished in a sleek powder coated matte black, featuring a gently curved top handle, you can effortlessly carry your portable seat pads from one location to the next.</p>",,{'Material': 'Polyethylene'},,,,43,True,True,2026-06-01 06:36:57.151362+00:00,2026-06-08 21:38:24.171000+00:00
4102,SPLRP1UNIT,Portable Seat Pad,portable-seat-pad-in-pool-series-homecrest,Series,Portable Seat Pad — Homecrest In-Pool Series collection.,"Portable Seat Pad — Homecrest In-Pool Series collection.

<p>Our In-Pool Series portable seat pad is a waterproof, weatherproof cushion that provides much-needed, versatile poolside comfort. Available in Anthracite Grey, Light Blue, and Violet color options, the portable seat pad is made of the same high-quality material found in the cushioned soles of athletic shoes. It is durable, easy to clean, and remarkably soft, acting as a protective barrier that insulates you from hot, cold, or dirty seating surfaces. Available in Anthracite Grey, Light Blue, and Violet color options.</p>",,{'Material': 'Polyethylene'},,,,43,True,True,2026-06-01 06:36:56.501428+00:00,2026-06-08 21:38:24.151000+00:00
4011,CH-PAD,Removable Seat Pad (with Ties),removable-seat-pad-with-ties-echo-homecrest,Echo,Removable Seat Pad (with Ties) — Homecrest Echo collection.,"Removable Seat Pad (with Ties) — Homecrest Echo collection.

<p>Boden   Collection The Boden cushion collection blends bold, modern design with seamless curves and plush comfort, offering durable, weather-resistant luxury for outdoor living. Fog Finish The Fog frame finish blends the soothing neutrality of gray with warm taupe undertones, creating a versatile shade that complements both modern and classic styles. Surf Collection The Surf collection combines nature-inspired design with durable all-weather poly and aluminum materials, making it a stylish and practical choice for high-traffic outdoor spaces. Medley Collection The Medley collection offers the look of natural wood with the durability of powder-coated aluminum and all-weather poly creating a stylish, low-maintenance solution for outdoor dining.</p>","16"" W x 17"" D x 1"" H","{'Notes': 'Removable seat pad with ties', 'Material': 'Metal + Padded Seat | Steel'}",,,,43,True,True,2026-06-01 06:36:42.811415+00:00,2026-06-08 21:38:24.242000+00:00
4012,CH-PADNT,Removable Seat Pad (without Ties),removable-seat-pad-without-ties-echo-homecrest,Echo,Removable Seat Pad (without Ties) — Homecrest Echo collection.,"Removable Seat Pad (without Ties) — Homecrest Echo collection.

<p>Boden   Collection The Boden cushion collection blends bold, modern design with seamless curves and plush comfort, offering durable, weather-resistant luxury for outdoor living. Fog Finish The Fog frame finish blends the soothing neutrality of gray with warm taupe undertones, creating a versatile shade that complements both modern and classic styles. Surf Collection The Surf collection combines nature-inspired design with durable all-weather poly and aluminum materials, making it a stylish and practical choice for high-traffic outdoor spaces. Medley Collection The Medley collection offers the look of natural wood with the durability of powder-coated aluminum and all-weather poly creating a stylish, low-maintenance solution for outdoor dining.</p>","16"" W x 17"" D x 1"" H","{'Notes': 'Removable seat pad without ties', 'Material': 'Metal + Padded Seat | Steel'}",,,,43,True,True,2026-06-01 06:36:42.954406+00:00,2026-06-08 21:38:23.710000+00:00
3958,10AR392R,Right Arm Chat Chair,right-arm-chat-chair-blair-air-homecrest,Blair Air,Right Arm Chat Chair — Homecrest Blair Air collection.,"Right Arm Chat Chair — Homecrest Blair Air collection.

<p>The Blair air collection features the look and feel of a deep seating piece in a foam-free, cushionless construction. Luxurious Sensation sling fabric is used for the ultimate in low-maintenance comfort and also features benefits such as exceptional shape retention and surface memory. Blair air offers a versatile, stylish, and durable solution for your outdoor seating needs and coordinates with all Blair cushion sling pieces. Like Blair before it, Blair air’s light and fresh visual style lends itself to a wide variety of design aesthetics. But, because of its seating design, it performs especially well in climates with even the most intense rainfall.</p>","30.5"" W x 33"" D x 36"" H",{'Material': 'Aluminum'},,,,43,True,True,2026-06-01 06:36:34.550541+00:00,2026-06-08 21:38:23.524000+00:00
3972,8439R-DC,Right Arm Chat Chair,right-arm-chat-chair-blair-cushion-homecrest,Blair Cushion,Right Arm Chat Chair — Homecrest Blair Cushion collection.,"Right Arm Chat Chair — Homecrest Blair Cushion collection.

<p>Elevate your outdoor seating experience with our Blair collection. Blair redefines relaxation with its plush cushions and sleek metal back design features. The 8” cushions featuring DreamCore technology mean you can sink into a soft seat, enveloped in comfort. Crafted with precision and durability in mind, Blair's all-aluminum frame ensures longevity and stability for years to come. Designed for versatility, Blair offers a variety of modular pieces that allow for unlimited configurations, creating arrangements tailored to your unique needs. Note: This is not a standalone piece.</p>",,"{'Depth': '33""', 'Width': '28""', 'Height': '35""', 'Weight': '0 lbs', 'Material': 'Aluminum', 'Arm Height': '24""', 'Seat Height': '18""'}",,,,43,True,True,2026-06-01 06:36:36.746951+00:00,2026-06-08 21:38:23.567000+00:00
3985,8539R-DC,Right Arm Chat Chair,right-arm-chat-chair-blair-slip-cover-homecrest,Cover,Right Arm Chat Chair — Homecrest Blair Slip Cover collection.,"Right Arm Chat Chair — Homecrest Blair Slip Cover collection.

<p>Create the ultimate retreat with the refreshing style of our Blair collection. This deep seating series combines sophistication and comfort with fully upholstered backs and supremely comfortable DreamCore cushion technology. Outdoor elegance is effortless with this robust collection of modular and freestanding pieces, perfect for creating versatile seating arrangements. Whether you are selecting furniture for a home patio or a lively commercial space, Blair's pieces can be configured into anything from cozy conversation sets to plush, sprawling sectionals. Best of all, each frame, cover, and cushion is crafted by our skilled team in the USA. Note: This is not a standalone piece.</p>",,"{'Depth': '33""', 'Width': '28""', 'Height': '35""', 'Weight': '0 lbs', 'Material': 'Aluminum', 'Arm Height': '24""', 'Seat Height': '18""'}",,,,43,True,True,2026-06-01 06:36:38.837408+00:00,2026-06-08 21:38:23.612000+00:00
4022,51AR392R,Right Arm Chat Chair,right-arm-chat-chair-elements-air-homecrest,Air,Right Arm Chat Chair — Homecrest Elements Air collection.,"Right Arm Chat Chair — Homecrest Elements Air collection.

<p>The Elements air collection features the appearance and comfort of deep seating in a foam-free, cushionless construction. Luxurious Sensation sling fabric is used for the ultimate in low-maintenance comfort and also features benefits such as exceptional shape retention and surface memory. Homecrest's double layer sling design is extremely comfortable and field replaceable. Elements offers a versatile, stylish, and low-maintenance solution for your outdoor seating needs. Elements air is the perfect collection for climates that experience high levels of rainfall. And, it achieves this practicality without sacrificing style: Elements air is a beautiful seating style that can make an outdoor space feel special. The comfortable double layer sling seating also secures Elements air as a prime option for environments where relaxation is the ultimate goal, such as lake cabin, poolside, fireside, or general lounge areas.</p>","29.5"" W x 33"" D x 36"" H",{'Material': 'Sling | Aluminum'},,,,43,True,True,2026-06-01 06:36:44.493975+00:00,2026-06-08 21:38:23.757000+00:00
4039,5139R-DC,Right Arm Chat Chair,right-arm-chat-chair-elements-modular-homecrest,Modular,Right Arm Chat Chair — Homecrest Elements Modular collection.,"Right Arm Chat Chair — Homecrest Elements Modular collection.

<p>Elements modular takes the seating experience of our Elements cushion collection and pushes its visual appeal and design possibilities to the next level. Like all our modular seating styles, Elements modular (which its ultra-comfortable DreamCore™ cushion technology) can be arranged in nearly endless configurations. With this collection, aesthetic, function, and spatial design are fully in the hands of the homeowner or designer. This means Elements modular is sure to make an attractive addition to any outdoor space. Note: This is not a standalone piece.</p>",,"{'Depth': '33""', 'Width': '27.5""', 'Height': '35""', 'Weight': '0 lbs', 'Material': 'Aluminum', 'Arm Height': '23.5""', 'Seat Height': '18""'}",,,,43,True,True,2026-06-01 06:36:47.596767+00:00,2026-06-08 21:38:23.838000+00:00
4132,61AR39R,Right Arm Chat Chair,right-arm-chat-chair-revive-air-homecrest,Air,Right Arm Chat Chair — Homecrest Revive Air collection.,"Right Arm Chat Chair — Homecrest Revive Air collection.

<p>The mid-century was a great time for furniture design, with many styles setting the standard for which all subsequent designs are measured against. Decades later, Homecrest is helping the iconic “mid-century modern” style experience a renaissance with the benefits of modern technology. Enter: the Revive air collection. This collection uses our unique Sensation sling material—which offers incredible stretch, memory, and UV resistance—to provide the look and feel of a classic cushion, but with none of the restricting maintenance. The Revive air collection is a refreshing style on the eyes, offering a high-quality visual design that hasn’t been seen for many years. This gives the collection potential for homeowners with a refined sense of styles, as well as for designers of corporate environments where innovation and creativity are valued.</p>","30"" W x 33"" D x 35"" H",{'Material': 'Sensation Sling | Aluminum'},,,,43,True,True,2026-06-01 06:37:00.666108+00:00,2026-06-08 21:38:24.265000+00:00
4147,6139R-DC,Right Arm Chat Chair,right-arm-chat-chair-revive-modular-homecrest,Modular,Right Arm Chat Chair — Homecrest Revive Modular collection.,"Right Arm Chat Chair — Homecrest Revive Modular collection.

<p>Homecrest's Revive collection celebrates mid-century modern design and the artists who shaped a generation. Featuring our signature DreamCore cushion technology, Revive offers supreme comfort and a striking design aesthetic, plus all of the industry-leading quality specifications that are built into every piece of Homecrest furniture. Sit back, relax, and enjoy the sunshine knowing that this gorgeous furniture that celebrates a dynamic era will be enjoyed by generations to come. Note: This is not a standalone piece.</p>",,"{'Depth': '34""', 'Width': '28""', 'Height': '35""', 'Weight': '0 lbs', 'Material': 'Aluminum', 'Arm Height': '25""', 'Seat Height': '18""'}",,,,43,True,True,2026-06-01 06:37:02.978193+00:00,2026-06-08 21:38:23.518000+00:00
3962,10AR422R,Right Arm Loveseat,right-arm-loveseat-blair-air-homecrest,Blair Air,Right Arm Loveseat — Homecrest Blair Air collection.,"Right Arm Loveseat — Homecrest Blair Air collection.

<p>The Blair air collection features the look and feel of a deep seating piece in a foam-free, cushionless construction. Luxurious Sensation sling fabric is used for the ultimate in low-maintenance comfort and also features benefits such as exceptional shape retention and surface memory. Blair air offers a versatile, stylish, and durable solution for your outdoor seating needs and coordinates with all Blair cushion sling pieces. Like Blair before it, Blair air’s light and fresh visual style lends itself to a wide variety of design aesthetics. But, because of its seating design, it performs especially well in climates with even the most intense rainfall.</p>","56.5"" W x 33"" D x 36"" H",{'Material': 'Aluminum'},,,,43,True,True,2026-06-01 06:36:35.234817+00:00,2026-06-08 21:38:23.536000+00:00
3975,8442R-DC,Right Arm Loveseat,right-arm-loveseat-blair-cushion-homecrest,Blair Cushion,Right Arm Loveseat — Homecrest Blair Cushion collection.,"Right Arm Loveseat — Homecrest Blair Cushion collection.

<p>Elevate your outdoor seating experience with our Blair collection. Blair redefines relaxation with its plush cushions and sleek metal back design features. The 8” cushions featuring DreamCore technology mean you can sink into a soft seat, enveloped in comfort. Crafted with precision and durability in mind, Blair's all-aluminum frame ensures longevity and stability for years to come. Designed for versatility, Blair offers a variety of modular pieces that allow for unlimited configurations, creating arrangements tailored to your unique needs. Note: This is not a standalone piece.</p>",,"{'Depth': '33""', 'Width': '52""', 'Height': '35""', 'Weight': '0 lbs', 'Material': 'Aluminum', 'Arm Height': '24""', 'Seat Height': '18""'}",,,,43,True,True,2026-06-01 06:36:37.235248+00:00,2026-06-08 21:38:23.577000+00:00
3988,8542R-DC,Right Arm Loveseat,right-arm-loveseat-blair-slip-cover-homecrest,Cover,Right Arm Loveseat — Homecrest Blair Slip Cover collection.,"Right Arm Loveseat — Homecrest Blair Slip Cover collection.

<p>Create the ultimate retreat with the refreshing style of our Blair collection. This deep seating series combines sophistication and comfort with fully upholstered backs and supremely comfortable DreamCore cushion technology. Outdoor elegance is effortless with this robust collection of modular and freestanding pieces, perfect for creating versatile seating arrangements. Whether you are selecting furniture for a home patio or a lively commercial space, Blair's pieces can be configured into anything from cozy conversation sets to plush, sprawling sectionals. Best of all, each frame, cover, and cushion is crafted by our skilled team in the USA. Note: This is not a standalone piece.</p>",,"{'Depth': '33""', 'Width': '52""', 'Height': '35""', 'Weight': '0 lbs', 'Material': 'Aluminum', 'Arm Height': '24""', 'Seat Height': '18""'}",,,,43,True,True,2026-06-01 06:36:39.305638+00:00,2026-06-08 21:38:23.624000+00:00
4025,51AR422R,Right Arm Loveseat,right-arm-loveseat-elements-air-homecrest,Air,Right Arm Loveseat — Homecrest Elements Air collection.,"Right Arm Loveseat — Homecrest Elements Air collection.

<p>The Elements air collection features the appearance and comfort of deep seating in a foam-free, cushionless construction. Luxurious Sensation sling fabric is used for the ultimate in low-maintenance comfort and also features benefits such as exceptional shape retention and surface memory. Homecrest's double layer sling design is extremely comfortable and field replaceable. Elements offers a versatile, stylish, and low-maintenance solution for your outdoor seating needs. Elements air is the perfect collection for climates that experience high levels of rainfall. And, it achieves this practicality without sacrificing style: Elements air is a beautiful seating style that can make an outdoor space feel special. The comfortable double layer sling seating also secures Elements air as a prime option for environments where relaxation is the ultimate goal, such as lake cabin, poolside, fireside, or general lounge areas.</p>","55.5"" W x 33"" D x 36"" H",{'Material': 'Sling | Aluminum'},,,,43,True,True,2026-06-01 06:36:45.017573+00:00,2026-06-08 21:38:23.778000+00:00
4042,5142R-DC,Right Arm Loveseat,right-arm-loveseat-elements-modular-homecrest,Modular,Right Arm Loveseat — Homecrest Elements Modular collection.,"Right Arm Loveseat — Homecrest Elements Modular collection.

<p>Elements modular takes the seating experience of our Elements cushion collection and pushes its visual appeal and design possibilities to the next level. Like all our modular seating styles, Elements modular (which its ultra-comfortable DreamCore™ cushion technology) can be arranged in nearly endless configurations. With this collection, aesthetic, function, and spatial design are fully in the hands of the homeowner or designer. This means Elements modular is sure to make an attractive addition to any outdoor space. Note: This is not a standalone piece.</p>",,"{'Depth': '33""', 'Width': '51.5""', 'Height': '35""', 'Weight': '0 lbs', 'Material': 'Aluminum', 'Arm Height': '23.5""', 'Seat Height': '18""'}",,,,43,True,True,2026-06-01 06:36:48.088212+00:00,2026-06-08 21:38:23.848000+00:00
4136,61AR42R,Right Arm Loveseat,right-arm-loveseat-revive-air-homecrest,Air,Right Arm Loveseat — Homecrest Revive Air collection.,"Right Arm Loveseat — Homecrest Revive Air collection.

<p>The mid-century was a great time for furniture design, with many styles setting the standard for which all subsequent designs are measured against. Decades later, Homecrest is helping the iconic “mid-century modern” style experience a renaissance with the benefits of modern technology. Enter: the Revive air collection. This collection uses our unique Sensation sling material—which offers incredible stretch, memory, and UV resistance—to provide the look and feel of a classic cushion, but with none of the restricting maintenance. The Revive air collection is a refreshing style on the eyes, offering a high-quality visual design that hasn’t been seen for many years. This gives the collection potential for homeowners with a refined sense of styles, as well as for designers of corporate environments where innovation and creativity are valued.</p>","56.5"" W x 33"" D x 35"" H",{'Material': 'Sensation Sling | Aluminum'},,,,43,True,True,2026-06-01 06:37:01.274815+00:00,2026-06-08 21:38:24.283000+00:00
4150,6142R-DC,Right Arm Loveseat,right-arm-loveseat-revive-modular-homecrest,Modular,Right Arm Loveseat — Homecrest Revive Modular collection.,"Right Arm Loveseat — Homecrest Revive Modular collection.

<p>Homecrest's Revive collection celebrates mid-century modern design and the artists who shaped a generation. Featuring our signature DreamCore cushion technology, Revive offers supreme comfort and a striking design aesthetic, plus all of the industry-leading quality specifications that are built into every piece of Homecrest furniture. Sit back, relax, and enjoy the sunshine knowing that this gorgeous furniture that celebrates a dynamic era will be enjoyed by generations to come. Note: This is not a standalone piece.</p>",,"{'Depth': '34""', 'Width': '52""', 'Height': '35""', 'Weight': '0 lbs', 'Material': 'Aluminum', 'Arm Height': '25""', 'Seat Height': '18""'}",,,,43,True,True,2026-06-01 06:37:03.460274+00:00,2026-06-08 21:38:24.331000+00:00
3966,10AR432R,Right Arm Sofa,right-arm-sofa-blair-air-homecrest,Blair Air,Right Arm Sofa — Homecrest Blair Air collection.,"Right Arm Sofa — Homecrest Blair Air collection.

<p>The Blair air collection features the look and feel of a deep seating piece in a foam-free, cushionless construction. Luxurious Sensation sling fabric is used for the ultimate in low-maintenance comfort and also features benefits such as exceptional shape retention and surface memory. Blair air offers a versatile, stylish, and durable solution for your outdoor seating needs and coordinates with all Blair cushion sling pieces. Like Blair before it, Blair air’s light and fresh visual style lends itself to a wide variety of design aesthetics. But, because of its seating design, it performs especially well in climates with even the most intense rainfall.</p>","83"" W x 33"" D x 36"" H",{'Material': 'Aluminum'},,,,43,True,True,2026-06-01 06:36:35.876724+00:00,2026-06-08 21:38:23.547000+00:00
3978,8443R-DC,Right Arm Sofa,right-arm-sofa-blair-cushion-homecrest,Blair Cushion,Right Arm Sofa — Homecrest Blair Cushion collection.,"Right Arm Sofa — Homecrest Blair Cushion collection.

<p>Elevate your outdoor seating experience with our Blair collection. Blair redefines relaxation with its plush cushions and sleek metal back design features. The 8” cushions featuring DreamCore technology mean you can sink into a soft seat, enveloped in comfort. Crafted with precision and durability in mind, Blair's all-aluminum frame ensures longevity and stability for years to come. Designed for versatility, Blair offers a variety of modular pieces that allow for unlimited configurations, creating arrangements tailored to your unique needs. Note: This is not a standalone piece.</p>",,"{'Depth': '33""', 'Width': '75""', 'Height': '35""', 'Weight': '0 lbs', 'Material': 'Aluminum', 'Arm Height': '24""', 'Seat Height': '18""'}",,,,43,True,True,2026-06-01 06:36:37.731287+00:00,2026-06-08 21:38:23.592000+00:00
3991,8543R-DC,Right Arm Sofa,right-arm-sofa-blair-slip-cover-homecrest,Cover,Right Arm Sofa — Homecrest Blair Slip Cover collection.,"Right Arm Sofa — Homecrest Blair Slip Cover collection.

<p>Create the ultimate retreat with the refreshing style of our Blair collection. This deep seating series combines sophistication and comfort with fully upholstered backs and supremely comfortable DreamCore cushion technology. Outdoor elegance is effortless with this robust collection of modular and freestanding pieces, perfect for creating versatile seating arrangements. Whether you are selecting furniture for a home patio or a lively commercial space, Blair's pieces can be configured into anything from cozy conversation sets to plush, sprawling sectionals. Best of all, each frame, cover, and cushion is crafted by our skilled team in the USA. Note: This is not a standalone piece.</p>",,"{'Depth': '33""', 'Width': '75""', 'Height': '35""', 'Weight': '0 lbs', 'Material': 'Aluminum', 'Arm Height': '24""', 'Seat Height': '18""'}",,,,43,True,True,2026-06-01 06:36:39.773347+00:00,2026-06-08 21:38:23.637000+00:00
4028,51AR432R,Right Arm Sofa,right-arm-sofa-elements-air-homecrest,Air,Right Arm Sofa — Homecrest Elements Air collection.,"Right Arm Sofa — Homecrest Elements Air collection.

<p>The Elements air collection features the appearance and comfort of deep seating in a foam-free, cushionless construction. Luxurious Sensation sling fabric is used for the ultimate in low-maintenance comfort and also features benefits such as exceptional shape retention and surface memory. Homecrest's double layer sling design is extremely comfortable and field replaceable. Elements offers a versatile, stylish, and low-maintenance solution for your outdoor seating needs. Elements air is the perfect collection for climates that experience high levels of rainfall. And, it achieves this practicality without sacrificing style: Elements air is a beautiful seating style that can make an outdoor space feel special. The comfortable double layer sling seating also secures Elements air as a prime option for environments where relaxation is the ultimate goal, such as lake cabin, poolside, fireside, or general lounge areas.</p>","82"" W x 33"" D x 36"" H",{'Material': 'Sling | Aluminum'},,,,43,True,True,2026-06-01 06:36:45.502349+00:00,2026-06-08 21:38:23.791000+00:00
4045,5143R-DC,Right Arm Sofa,right-arm-sofa-elements-modular-homecrest,Modular,Right Arm Sofa — Homecrest Elements Modular collection.,"Right Arm Sofa — Homecrest Elements Modular collection.

<p>Elements modular takes the seating experience of our Elements cushion collection and pushes its visual appeal and design possibilities to the next level. Like all our modular seating styles, Elements modular (which its ultra-comfortable DreamCore™ cushion technology) can be arranged in nearly endless configurations. With this collection, aesthetic, function, and spatial design are fully in the hands of the homeowner or designer. This means Elements modular is sure to make an attractive addition to any outdoor space. Note: This is not a standalone piece. Note: This is not a standalone piece.</p>",,"{'Depth': '33""', 'Width': '75.5""', 'Height': '35""', 'Weight': '0 lbs', 'Material': 'Aluminum', 'Arm Height': '23.5""', 'Seat Height': '18""'}",,,,43,True,True,2026-06-01 06:36:48.605304+00:00,2026-06-08 21:38:23.859000+00:00
4140,61AR43R,Right Arm Sofa,right-arm-sofa-revive-air-homecrest,Air,Right Arm Sofa — Homecrest Revive Air collection.,"Right Arm Sofa — Homecrest Revive Air collection.

<p>The mid-century was a great time for furniture design, with many styles setting the standard for which all subsequent designs are measured against. Decades later, Homecrest is helping the iconic “mid-century modern” style experience a renaissance with the benefits of modern technology. Enter: the Revive air collection. This collection uses our unique Sensation sling material—which offers incredible stretch, memory, and UV resistance—to provide the look and feel of a classic cushion, but with none of the restricting maintenance. The Revive air collection is a refreshing style on the eyes, offering a high-quality visual design that hasn’t been seen for many years. This gives the collection potential for homeowners with a refined sense of styles, as well as for designers of corporate environments where innovation and creativity are valued.</p>","82.5"" W x 33"" D x 35"" H",{'Material': 'Sensation Sling | Aluminum'},,,,43,True,True,2026-06-01 06:37:01.857618+00:00,2026-06-08 21:38:24.300000+00:00
4153,6143R-DC,Right Arm Sofa,right-arm-sofa-revive-modular-homecrest,Modular,Right Arm Sofa — Homecrest Revive Modular collection.,"Right Arm Sofa — Homecrest Revive Modular collection.

<p>Homecrest's Revive collection celebrates mid-century modern design and the artists who shaped a generation. Featuring our signature DreamCore cushion technology, Revive offers supreme comfort and a striking design aesthetic, plus all of the industry-leading quality specifications that are built into every piece of Homecrest furniture. Sit back, relax, and enjoy the sunshine knowing that this gorgeous furniture that celebrates a dynamic era will be enjoyed by generations to come. Note: This is not a standalone piece.</p>",,"{'Depth': '34""', 'Width': '76""', 'Height': '35""', 'Weight': '0 lbs', 'Material': 'Aluminum', 'Arm Height': '25""', 'Seat Height': '18""'}",,,,43,True,True,2026-06-01 06:37:03.954031+00:00,2026-06-08 21:38:24.341000+00:00
4178,8339R,Right Table Chat Chair,right-table-chat-chair-urban-cushion-homecrest,Cushion,Right Table Chat Chair — Homecrest Urban Cushion collection.,"Right Table Chat Chair — Homecrest Urban Cushion collection.

<p>Featuring a modular design and clean, soft lines, Homecrest’s Urban collection has a contemporary appeal that is equally suited for backyards, apartment amenity decks, and everything in between. This collection is crafted with powder-coated aluminum, a built-in side table on end units, and High Resilient, furniture-grade foam cushions. Add a taste of the city to any outdoor space with Urban.</p>",,{'Notes': 'Canvas Coal (Sunbrella) | Storm Finish'},,,,43,True,True,2026-06-01 06:37:07.507481+00:00,2026-06-08 21:38:23.649000+00:00
4181,8342R,Right Table Loveseat,right-table-loveseat-urban-cushion-homecrest,Cushion,Right Table Loveseat — Homecrest Urban Cushion collection.,"Right Table Loveseat — Homecrest Urban Cushion collection.

<p>Featuring a modular design and clean, soft lines, Homecrest’s Urban collection has a contemporary appeal that is equally suited for backyards, apartment amenity decks, and everything in between. This collection is crafted with powder-coated aluminum, a built-in side table on end units, and High Resilient, furniture-grade foam cushions. Add a taste of the city to any outdoor space with Urban.</p>",,{'Notes': 'Canvas Coal (Sunbrella) | Storm Finish'},,,,43,True,True,2026-06-01 06:37:07.929299+00:00,2026-06-08 21:38:24.409000+00:00
3924,11430,Sofa,sofa-allure-homecrest,Allure,Sofa — Homecrest Allure collection.,"Sofa — Homecrest Allure collection.

<p>The clean lines of the Allure collection, met with the strength and durability of powder-coated aluminum, provide premium comfort. Allure features a field-replaceable double layer sling with no welting and carries an unprecedented sling warranty. The quick-drying dining, balcony, and bar units are available with or without arms. This collection is well suited for homeowners with a discerning eye for design, as well as poolside, rooftop, café and bar environments, and more.</p>","78"" W x 24.5"" D x 31"" H",{'Material': 'Sling | Aluminum'},,,,43,True,True,2026-06-01 06:36:28.994801+00:00,2026-06-08 21:38:23.397000+00:00
3941,7243A-DC,Sofa,sofa-anthem-cushion-homecrest,Cushion,Sofa — Homecrest Anthem Cushion collection.,"Sofa — Homecrest Anthem Cushion collection.

<p>Homecrest's Anthem cushion collection showcases bent aluminum extrusions and minimal welded joints, offering both aesthetic appeal and robust durability. The design features gentle curves and cushions with DreamCore technology, reflecting Homecrest's heritage of metal bending and uniquely comfortable seating. Anthem exemplifies the American-made craftsmanship for which our company is renowned.</p>",,"{'Depth': '32""', 'Width': '76.5""', 'Height': '35""', 'Weight': '0 lbs', 'Material': 'Aluminum', 'Arm Height': '23""', 'Seat Height': '18""'}",,,,43,True,True,2026-06-01 06:36:31.887433+00:00,2026-06-08 21:38:23.460000+00:00
3944,2H43A-DC,Sofa,sofa-ava-cushion-homecrest,Cushion,Sofa — Homecrest Ava Cushion collection.,"Sofa — Homecrest Ava Cushion collection.

<p>Our Ava collection seamlessly blends modern sophistication with the beauty of nature. Ava’s architectural A-frame profile boasts a rustic charm while offering the unmatched durability of HDPE. Visually resembling natural wood, this sturdy HDPE frame will stand the test of time against the elements without compromising on style. Sumptuous cushions featuring DreamCore technology beckon you to unwind in your outdoor sanctuary.</p>",,"{'Depth': '34""', 'Width': '76.25""', 'Height': '35""', 'Weight': '0 lbs', 'Material': 'HDPE', 'Arm Height': '23.5""', 'Seat Height': '18""'}",,,,43,True,True,2026-06-01 06:36:32.403407+00:00,2026-06-08 21:38:23.469000+00:00
3964,10AR432,Sofa,sofa-blair-air-homecrest,Blair Air,Sofa — Homecrest Blair Air collection.,"Sofa — Homecrest Blair Air collection.

<p>The Blair air collection features the look and feel of a deep seating piece in a foam-free, cushionless construction. Luxurious Sensation sling fabric is used for the ultimate in low-maintenance comfort and also features benefits such as exceptional shape retention and surface memory. Blair air offers a versatile, stylish, and durable solution for your outdoor seating needs and coordinates with all Blair cushion sling pieces. Like Blair before it, Blair air’s light and fresh visual style lends itself to a wide variety of design aesthetics. But, because of its seating design, it performs especially well in climates with even the most intense rainfall.</p>","87"" W x 33"" D x 36"" H",{'Material': 'Sling | Aluminum'},,,,43,True,True,2026-06-01 06:36:35.559625+00:00,2026-06-08 21:38:23.540000+00:00
3976,8443A-DC,Sofa,sofa-blair-cushion-homecrest,Blair Cushion,Sofa — Homecrest Blair Cushion collection.,"Sofa — Homecrest Blair Cushion collection.

<p>Elevate your outdoor seating experience with our Blair collection. Blair redefines relaxation with its plush cushions and sleek metal back design features. The 8” cushions featuring DreamCore technology mean you can sink into a soft seat, enveloped in comfort. Crafted with precision and durability in mind, Blair's all-aluminum frame ensures longevity and stability for years to come. Designed for versatility, Blair offers a variety of modular pieces that allow for unlimited configurations, creating arrangements tailored to your unique needs.</p>",,"{'Depth': '33""', 'Width': '80""', 'Height': '35""', 'Weight': '0 lbs', 'Material': 'Aluminum', 'Arm Height': '24""', 'Seat Height': '18""'}",,,,43,True,True,2026-06-01 06:36:37.387550+00:00,2026-06-08 21:38:23.585000+00:00
3989,8543A-DC,Sofa,sofa-blair-slip-cover-homecrest,Cover,Sofa — Homecrest Blair Slip Cover collection.,"Sofa — Homecrest Blair Slip Cover collection.

<p>Create the ultimate retreat with the refreshing style of our Blair collection. This deep seating series combines sophistication and comfort with fully upholstered backs and supremely comfortable DreamCore cushion technology. Outdoor elegance is effortless with this robust collection of modular and freestanding pieces, perfect for creating versatile seating arrangements. Whether you are selecting furniture for a home patio or a lively commercial space, Blair's pieces can be configured into anything from cozy conversation sets to plush, sprawling sectionals. Best of all, each frame, cover, and cushion is crafted by our skilled team in the USA.</p>",,"{'Depth': '33""', 'Width': '80""', 'Height': '35""', 'Weight': '0 lbs', 'Material': 'Aluminum', 'Arm Height': '24""', 'Seat Height': '18""'}",,,,43,True,True,2026-06-01 06:36:39.474014+00:00,2026-06-08 21:38:23.627000+00:00
3995,4243A,Sofa,sofa-boden-cushion-homecrest,Cushion,Sofa — Homecrest Boden Cushion collection.,"Sofa — Homecrest Boden Cushion collection.

<p>The Boden collection’s clean, architectural lines and tubular frame offer a bold, modern silhouette. Its seamless curves and integrated armrests create a sense of flow, while the plush, High Resilient cushions invite you to sit back and breathe deep. Boden’s sleek lines and contemporary appeal are matched by exceptional durability and weather resistance. Crafted with powder-coated aluminum and all-weather cushions, Boden is made to withstand the elements while offering luxurious comfort season after season.</p>","86.5"" W x 35.8"" D x 33.4"" H","{'Arm Height': '24.4""', 'Seat Height': '19""'}",,,,43,True,True,2026-06-01 06:36:40.607788+00:00,2026-06-08 21:38:23.656000+00:00
4026,51AR432,Sofa,sofa-elements-air-homecrest,Air,Sofa — Homecrest Elements Air collection.,"Sofa — Homecrest Elements Air collection.

<p>The Elements air collection features the appearance and comfort of deep seating in a foam-free, cushionless construction. Luxurious Sensation sling fabric is used for the ultimate in low-maintenance comfort and also features benefits such as exceptional shape retention and surface memory. Homecrest's double layer sling design is extremely comfortable and field replaceable. Elements offers a versatile, stylish, and low-maintenance solution for your outdoor seating needs. Elements air is the perfect collection for climates that experience high levels of rainfall. And, it achieves this practicality without sacrificing style: Elements air is a beautiful seating style that can make an outdoor space feel special. The comfortable double layer sling seating also secures Elements air as a prime option for environments where relaxation is the ultimate goal, such as lake cabin, poolside, fireside, or general lounge areas.</p>","85"" W x 33"" D x 36"" H",{'Material': 'Sling | Aluminum'},,,,43,True,True,2026-06-01 06:36:45.168026+00:00,2026-06-08 21:38:23.784000+00:00
4032,5143A-DC,Sofa,sofa-elements-cushion-homecrest,Cushion,Sofa — Homecrest Elements Cushion collection.,"Sofa — Homecrest Elements Cushion collection.

<p>With Homecrest’s Elements cushion collection, you no longer have to choose between style and comfort. This bold deep seating series merges the fresh, transitional design of Homecrest’s popular Elements collection with the supreme comfort of DreamCore™ technology. The luxurious seats and backrests feature High Resilient foam, ensuring durability, longevity, and unmatched comfort. Unlike conventional foam, Homecrest’s cushions offer exceptional elasticity, providing a superior seating experience. This makes it well suited for homeowners who value relaxation, as well as lounge environments such as hotels, resorts, and some public spaces.</p>",,"{'Depth': '33""', 'Width': '78""', 'Height': '35""', 'Weight': '0 lbs', 'Material': 'Aluminum', 'Arm Height': '23.5""', 'Seat Height': '18""'}",,,,43,True,True,2026-06-01 06:36:46.218622+00:00,2026-06-08 21:38:23.805000+00:00
4118,1643A,Sofa,sofa-liberty-cushion-homecrest,Cushion,Sofa — Homecrest Liberty Cushion collection.,"Sofa — Homecrest Liberty Cushion collection.

<p>Liberty’s timeless design and unparalleled comfort from DreamCore™ cushions will enhance outdoor spaces for generations to come. Create an environment of relaxation and serenity with a full complement of deep seating pieces, all made in the USA. The crisp tailoring and clean lines will create an engaging ambiance that celebrates the past and the future. This collection is sure to make any outdoor space stylish and inviting. Liberty lends itself to environments where relaxation and connection are priorities. Its chat chair, swivel rockers, and more make it perfect for homeowners who crave comfort, as well as lounges in anywhere from luxury resort to multi-family living environments.</p>","76.5"" W x 35"" D x 42"" H",{'Material': 'Aluminum'},,,,43,True,True,2026-06-01 06:36:58.656246+00:00,2026-06-08 21:38:24.218000+00:00
4138,61AR430,Sofa,sofa-revive-air-homecrest,Air,Sofa — Homecrest Revive Air collection.,"Sofa — Homecrest Revive Air collection.

<p>The mid-century was a great time for furniture design, with many styles setting the standard for which all subsequent designs are measured against. Decades later, Homecrest is helping the iconic “mid-century modern” style experience a renaissance with the benefits of modern technology. Enter: the Revive air collection. This collection uses our unique Sensation sling material—which offers incredible stretch, memory, and UV resistance—to provide the look and feel of a classic cushion, but with none of the restricting maintenance. The Revive air collection is a refreshing style on the eyes, offering a high-quality visual design that hasn’t been seen for many years. This gives the collection potential for homeowners with a refined sense of styles, as well as for designers of corporate environments where innovation and creativity are valued.</p>","85.5"" W x 33"" D x 35"" H",{'Material': 'Sensation Sling | Aluminum'},,,,43,True,True,2026-06-01 06:37:01.571820+00:00,2026-06-08 21:38:24.290000+00:00
4144,6143A-DC,Sofa,sofa-revive-cushion-homecrest,Cushion,Sofa — Homecrest Revive Cushion collection.,"Sofa — Homecrest Revive Cushion collection.

<p>Homecrest’s Revive cushion collection celebrates mid-century modern design, and the artists of all kinds who shaped a generation. It is sure to bring a subtle sophistication to any outdoor space through its curated design inspiration. Featuring our signature DreamCore™ cushion technology, Revive cushion offers supreme comfort to complement its bold visual aesthetic. With all of the industry-leading, quality specifications that Homecrest consistently delivers, Revive cushion celebrates a dynamic era with the promise that it will be enjoyed by generations to come. This collection comes in chat, swivel rocker, loveseat, and sofa seating styles, making it ideal for environments where relaxation is at the forefront.</p>",,"{'Depth': '34""', 'Width': '78.5""', 'Height': '35""', 'Weight': '0 lbs', 'Material': 'Aluminum', 'Arm Height': '25""', 'Seat Height': '18""'}",,,,43,True,True,2026-06-01 06:37:02.533696+00:00,2026-06-08 21:38:24.312000+00:00
4156,96430,Sofa,sofa-rowan-cushion-homecrest,Cushion,Sofa — Homecrest Rowan Cushion collection.,"Sofa — Homecrest Rowan Cushion collection.

<p>The Rowan collection combines a sleek, powder-coated aluminum frame with woven, weather-resistant rope to create a modern and sophisticated aesthetic. Crafted with quick-dry foam cushions and premium outdoor fabric, Rowan is designed for ultimate convenience, comfort, and resilience. From corporate spaces to apartment amenity decks, Rowan’s design suits any setting.</p>","87.4"" W x 32.7"" D x 30"" H",{'Material': 'Cushion | Aluminum'},,,,43,True,True,2026-06-01 06:37:04.387137+00:00,2026-06-08 21:38:24.350000+00:00
4175,4543A,Sofa,sofa-sutton-cushion-homecrest,Cushion,Sofa — Homecrest Sutton Cushion collection.,"Sofa — Homecrest Sutton Cushion collection.

<p>Plush, all-weather cushions, plus strong frame lines created by durable aluminum are just the beginning of what makes Homecrest’s Sutton cushion collection a prime choice for discerning homeowners and designers. Creating an outdoor space with a sophisticated aesthetic is easy with Sutton cushion’s bold shapes; its gently sloping backs promote and exclusive Luxe Outdoor™ cushions promote restful lounging, while striking a modern pose with its visual style. This collection is sure to make any outdoor space feel inviting. We offer Sutton cushion in multiple chat chair seating styles, in addition to loveseats and sofas. This collection is well suited for homeowners looking create a relaxing setting, as well as for casual commercial contexts, such as fireside lounges, resorts, or relaxation areas in corporate settings.</p>","80.5"" W x 34"" D x 36"" H",{'Material': 'Cushion | Aluminum'},,,,43,True,True,2026-06-01 06:37:07.105081+00:00,2026-06-08 21:38:24.402000+00:00
4097,SPL11501,Sun Shelf Bench,sun-shelf-bench-in-pool-series-homecrest,Series,Sun Shelf Bench — Homecrest In-Pool Series collection.,"Sun Shelf Bench — Homecrest In-Pool Series collection.

<p>Whether it’s for a quiet poolside sanctuary or your favorite party spot, our In-Pool Series sun shelf bench complements any space with its modern design. Crafted without sharp corners or edges, the sun shelf bench sets the mood and embodies a sense of smooth elegance. Its construction creates a visually light appearance while ensuring stability, and the seats nest together for more compact storage. This piece stays stationary in up to 7” of water. Available in Desert Sandstone*, Gray Granite*, Light Blue*, River Rock*, Surf Blue*, White*, White Granite, and Yellow* color options. *This color incurs a longer lead time of six weeks.</p>",,{'Material': 'Polyethylene'},,,,43,True,True,2026-06-01 06:36:55.852133+00:00,2026-06-08 21:38:24.047000+00:00
4061,2F480,Swivel Bar Stool,swivel-bar-stool-florida-metal-homecrest,Metal,Swivel Bar Stool — Homecrest Florida Metal collection.,"Swivel Bar Stool — Homecrest Florida Metal collection.

<p>The Florida collection is a long-standing commercial and hospitality favorite. The design is achieved by combining modern materials and original techniques to build a durable, maintenance-free collection with all the comfort and support expected from Homecrest. The quick-drying mesh design and seating options in stackable and chaise styles make Florida mesh well-suited to lake and poolside environments especially.</p>","26"" W x 26"" D x 44"" H",{'Material': 'Expanded Mesh | Aluminum'},,,,47,True,True,2026-06-01 06:36:50.877129+00:00,2026-06-08 21:38:23.934000+00:00
4073,2A480,Swivel Bar Stool,swivel-bar-stool-holly-hill-homecrest,Hill,Swivel Bar Stool — Homecrest Holly Hill collection.,"Swivel Bar Stool — Homecrest Holly Hill collection.

<p>A popular choice, our Holly Hill collection is made of aluminum and comes in a wide variety of styles, frames, and seating options. With a simple design and broad appeal, this classic Homecrest collection lends itself to any environment. Holly Hill is available in sling and padded sling. Be sure to view the Holly Hill cushion collection for complementary pieces. This collection is well suited to homeowners who enjoy a visual style that exudes luxury, as well as luxury environments such as fine dining establishments, high-end bars, and balcony lounges.</p>","24.5"" W x 30"" D x 49"" H","{'Notes': 'Sling SKU: 2A480, Padded Sling SKU: 2A490', 'Material': 'Sling | Aluminum'}",,,,47,True,True,2026-06-01 06:36:52.498574+00:00,2026-06-08 21:38:23.960000+00:00
3956,10AR902,Swivel Chat Chair,swivel-chat-chair-blair-air-homecrest,Blair Air,Swivel Chat Chair — Homecrest Blair Air collection.,"Swivel Chat Chair — Homecrest Blair Air collection.

<p>The Blair air collection features the look and feel of a deep seating piece in a foam-free, cushionless construction. Luxurious Sensation sling fabric is used for the ultimate in low-maintenance comfort and also features benefits such as exceptional shape retention and surface memory. Blair air offers a versatile, stylish, and durable solution for your outdoor seating needs and coordinates with all Blair cushion sling pieces. Like Blair before it, Blair air’s light and fresh visual style lends itself to a wide variety of design aesthetics. But, because of its seating design, it performs especially well in climates with even the most intense rainfall.</p>","34.5"" W x 33"" D x 36"" H",{'Material': 'Sling | Aluminum'},,,,43,True,True,2026-06-01 06:36:34.245979+00:00,2026-06-08 21:38:23.514000+00:00
4020,51AR902,Swivel Chat Chair,swivel-chat-chair-elements-air-homecrest,Air,Swivel Chat Chair — Homecrest Elements Air collection.,"Swivel Chat Chair — Homecrest Elements Air collection.

<p>The Elements air collection features the appearance and comfort of deep seating in a foam-free, cushionless construction. Luxurious Sensation sling fabric is used for the ultimate in low-maintenance comfort and also features benefits such as exceptional shape retention and surface memory. Homecrest's double layer sling design is extremely comfortable and field replaceable. Elements offers a versatile, stylish, and low-maintenance solution for your outdoor seating needs. Elements air is the perfect collection for climates that experience high levels of rainfall. And, it achieves this practicality without sacrificing style: Elements air is a beautiful seating style that can make an outdoor space feel special. The comfortable double layer sling seating also secures Elements air as a prime option for environments where relaxation is the ultimate goal, such as lake cabin, poolside, fireside, or general lounge areas.</p>","32.5"" W x 33"" D x 36"" H",{'Material': 'Sling | Aluminum'},,,,43,True,True,2026-06-01 06:36:44.205249+00:00,2026-06-08 21:38:23.750000+00:00
4130,61AR902,Swivel Chat Chair,swivel-chat-chair-revive-air-homecrest,Air,Swivel Chat Chair — Homecrest Revive Air collection.,"Swivel Chat Chair — Homecrest Revive Air collection.

<p>The mid-century was a great time for furniture design, with many styles setting the standard for which all subsequent designs are measured against. Decades later, Homecrest is helping the iconic “mid-century modern” style experience a renaissance with the benefits of modern technology. Enter: the Revive air collection. This collection uses our unique Sensation sling material—which offers incredible stretch, memory, and UV resistance—to provide the look and feel of a classic cushion, but with none of the restricting maintenance. The Revive air collection is a refreshing style on the eyes, offering a high-quality visual design that hasn’t been seen for many years. This gives the collection potential for homeowners with a refined sense of styles, as well as for designers of corporate environments where innovation and creativity are valued.</p>","33"" W x 33"" D x 35"" H",{'Material': 'Sensation Sling | Aluminum'},,,,43,True,True,2026-06-01 06:37:00.394872+00:00,2026-06-08 21:38:24.258000+00:00
4018,51780,Swivel Rocker Balcony Stool,swivel-rocker-balcony-stool-elements-homecrest,Elements,Swivel Rocker Balcony Stool — Homecrest Elements collection.,"Swivel Rocker Balcony Stool — Homecrest Elements collection.

<p>Uniquely transitional and highly functional, Homecrest’s Elements sling collection is an industry favorite. Subtle curves and clean angles combine to create a collection that can be artfully classic or freshly modern, depending on your design sensibilities and your outdoor space. Available in low back, high back, and balcony seating, Elements has the added versatility of complementing a wide range of deep seating styles with ease. Elements comes in low back, high back, balcony options, and more. This, in combination with its adaptable style, makes it highly suitable for homeowners who value versatility, as well as commercial environments such as hotel lounges, rooftop bars, and beyond.</p>","26"" W x 30"" D x 40"" H","{'Notes': 'Padded Sling SKU: 51790', 'Material': 'Sling | Aluminum'}",,,,47,True,True,2026-06-01 06:36:43.894484+00:00,2026-06-08 21:38:23.736000+00:00
4067,32781,Swivel Rocker Balcony Stool,swivel-rocker-balcony-stool-harbor-homecrest,Harbor,Swivel Rocker Balcony Stool — Homecrest Harbor collection.,"Swivel Rocker Balcony Stool — Homecrest Harbor collection.

<p>Our Harbor sling collection captures a classic maritime-inspired design, infused with Homecrest's signature style and quality. The all-aluminum frame ensures a low-maintenance and corrosion-free finish, while the custom-extruded arms are rounded into a graceful ellipse for comfort and style. Paired with our ultra-comfortable double-layer sling, Harbor offers the experience of a weekend getaway to a luxury resort.</p>","24.5"" W x 30"" D x 36.5"" H","{'Notes': 'Sling SKU: 32781, Padded Sling SKU: 32791', 'Material': 'Sling | Aluminum'}",,,,47,True,True,2026-06-01 06:36:51.670015+00:00,2026-06-08 21:38:23.231000+00:00
4072,2A780,Swivel Rocker Balcony Stool,swivel-rocker-balcony-stool-holly-hill-homecrest,Hill,Swivel Rocker Balcony Stool — Homecrest Holly Hill collection.,"Swivel Rocker Balcony Stool — Homecrest Holly Hill collection.

<p>A popular choice, our Holly Hill collection is made of aluminum and comes in a wide variety of styles, frames, and seating options. With a simple design and broad appeal, this classic Homecrest collection lends itself to any environment. Holly Hill is available in sling and padded sling. Be sure to view the Holly Hill cushion collection for complementary pieces. This collection is well suited to homeowners who enjoy a visual style that exudes luxury, as well as luxury environments such as fine dining establishments, high-end bars, and balcony lounges.</p>","24.5"" W x 30"" D x 40"" H","{'Notes': 'Sling SKU: 2A780, Padded Sling SKU: 2A790', 'Material': 'Sling | Aluminum'}",,,,47,True,True,2026-06-01 06:36:52.353419+00:00,2026-06-08 21:38:23.955000+00:00
4113,1K781,Swivel Rocker Balcony Stool,swivel-rocker-balcony-stool-kashton-homecrest,Kashton,Swivel Rocker Balcony Stool — Homecrest Kashton collection.,"Swivel Rocker Balcony Stool — Homecrest Kashton collection.

<p>Our Kashton collection is a treat for the eyes with its sleek, nearly aerodynamic frame design. Its full aluminum frame features arms that round at the front and trail at the back like a slipstream, evoking a sense of motion. In this way, Kashton is the perfect collection to add vibrant flair to any outdoor environment. This stationary, but dynamic, collection comes in dining, balcony, swivel rocker, and chaise seating styles. Because of this, Kashton lends itself to homeowners who value versatility, as well as a wide variety of design applications including fine dining, luxury resorts, poolside, and more.</p>","25"" W x 30"" D x 41"" H","{'Notes': 'Available in Sling (1K781) and Padded Sling (1K791)', 'Material': 'Sling | Aluminum'}",,,,47,True,True,2026-06-01 06:36:57.937636+00:00,2026-06-08 21:38:24.197000+00:00
4161,7A781,Swivel Rocker Balcony Stool,swivel-rocker-balcony-stool-stella-homecrest,Stella,Swivel Rocker Balcony Stool — Homecrest Stella collection.,"Swivel Rocker Balcony Stool — Homecrest Stella collection.

<p>Stella features elegantly sloped arms and our signature double-layer sling, providing a clean visual style and exceptional comfort. Whether gathered around a lively dining table or paired with an ottoman for quiet relaxation, Stella's craftsmanship and versatility are sure to be appreciated. With the Stella collection, style and function go hand in hand. These design choices make Stella an ideal choice for environments with even the most unpredictable climate. At Homecrest, we believe that style and function should go hand in hand. We make our products work for homeowners and designers alike.</p>","24.5"" W x 30"" D x 36.5"" H","{'Notes': 'Sling version', 'Material': 'Sling | Aluminum'}",,,,47,True,True,2026-06-01 06:37:05.090299+00:00,2026-06-08 21:38:24.367000+00:00
4169,45781,Swivel Rocker Balcony Stool,swivel-rocker-balcony-stool-sutton-homecrest,Sutton,Swivel Rocker Balcony Stool — Homecrest Sutton collection.,"Swivel Rocker Balcony Stool — Homecrest Sutton collection.

<p>The Sutton sling collection offers the refined comfort of Homecrest's signature double layer sling, perfect for al fresco dining or lounging. Sutton's geometric frame design contrasts with the gently curving sling seat to give outdoor spaces a refined, but energizing, aesthetic. The durable all-aluminum frame can be augmented with an add-on Wind Kit to add weight for windy environments.</p>","24.75"" W x 30"" D x 36.5"" H",{'Material': 'Sling | Aluminum'},,,,47,True,True,2026-06-01 06:37:06.271310+00:00,2026-06-08 21:38:24.323000+00:00
3939,7290A-DC,Swivel Rocker Chat Chair,swivel-rocker-chat-chair-anthem-cushion-homecrest,Cushion,Swivel Rocker Chat Chair — Homecrest Anthem Cushion collection.,"Swivel Rocker Chat Chair — Homecrest Anthem Cushion collection.

<p>Homecrest's Anthem cushion collection showcases bent aluminum extrusions and minimal welded joints, offering both aesthetic appeal and robust durability. The design features gentle curves and cushions with DreamCore technology, reflecting Homecrest's heritage of metal bending and uniquely comfortable seating. Anthem exemplifies the American-made craftsmanship for which our company is renowned.</p>",,"{'Depth': '32""', 'Width': '28.5""', 'Height': '35""', 'Weight': '0 lbs', 'Material': 'Aluminum', 'Arm Height': '23""', 'Seat Height': '18""'}",,,,43,True,True,2026-06-01 06:36:31.549231+00:00,2026-06-08 21:38:23.453000+00:00
3970,8490A-DC,Swivel Rocker Chat Chair,swivel-rocker-chat-chair-blair-cushion-homecrest,Blair Cushion,Swivel Rocker Chat Chair — Homecrest Blair Cushion collection.,"Swivel Rocker Chat Chair — Homecrest Blair Cushion collection.

<p>Elevate your outdoor seating experience with our Blair collection. Blair redefines relaxation with its plush cushions and sleek metal back design features. The 8” cushions featuring DreamCore technology mean you can sink into a soft seat, enveloped in comfort. Crafted with precision and durability in mind, Blair's all-aluminum frame ensures longevity and stability for years to come. Designed for versatility, Blair offers a variety of modular pieces that allow for unlimited configurations, creating arrangements tailored to your unique needs.</p>",,"{'Depth': '33""', 'Width': '32""', 'Height': '35""', 'Weight': '0 lbs', 'Material': 'Aluminum', 'Arm Height': '24""', 'Seat Height': '18""'}",,,,43,True,True,2026-06-01 06:36:36.453905+00:00,2026-06-08 21:38:23.557000+00:00
3983,8590A-DC,Swivel Rocker Chat Chair,swivel-rocker-chat-chair-blair-slip-cover-homecrest,Cover,Swivel Rocker Chat Chair — Homecrest Blair Slip Cover collection.,"Swivel Rocker Chat Chair — Homecrest Blair Slip Cover collection.

<p>Create the ultimate retreat with the refreshing style of our Blair collection. This deep seating series combines sophistication and comfort with fully upholstered backs and supremely comfortable DreamCore cushion technology. Outdoor elegance is effortless with this robust collection of modular and freestanding pieces, perfect for creating versatile seating arrangements. Whether you are selecting furniture for a home patio or a lively commercial space, Blair's pieces can be configured into anything from cozy conversation sets to plush, sprawling sectionals. Best of all, each frame, cover, and cushion is crafted by our skilled team in the USA.</p>",,"{'Depth': '33""', 'Width': '32""', 'Height': '35""', 'Weight': '0 lbs', 'Material': 'Aluminum', 'Arm Height': '24""', 'Seat Height': '18""'}",,,,43,True,True,2026-06-01 06:36:38.527963+00:00,2026-06-08 21:38:23.605000+00:00
4030,5190A-DC,Swivel Rocker Chat Chair,swivel-rocker-chat-chair-elements-cushion-homecrest,Cushion,Swivel Rocker Chat Chair — Homecrest Elements Cushion collection.,"Swivel Rocker Chat Chair — Homecrest Elements Cushion collection.

<p>With Homecrest’s Elements cushion collection, you no longer have to choose between style and comfort. This bold deep seating series merges the fresh, transitional design of Homecrest’s popular Elements collection with the supreme comfort of DreamCore™ technology. The luxurious seats and backrests feature High Resilient foam, ensuring durability, longevity, and unmatched comfort. Unlike conventional foam, Homecrest’s cushions offer exceptional elasticity, providing a superior seating experience. This makes it well suited for homeowners who value relaxation, as well as lounge environments such as hotels, resorts, and some public spaces.</p>",,"{'Depth': '33""', 'Width': '30""', 'Height': '35""', 'Weight': '0 lbs', 'Material': 'Aluminum', 'Arm Height': '23.5""', 'Seat Height': '18""'}",,,,43,True,True,2026-06-01 06:36:45.885825+00:00,2026-06-08 21:38:23.798000+00:00
4116,1690A,Swivel Rocker Chat Chair,swivel-rocker-chat-chair-liberty-cushion-homecrest,Cushion,Swivel Rocker Chat Chair — Homecrest Liberty Cushion collection.,"Swivel Rocker Chat Chair — Homecrest Liberty Cushion collection.

<p>Liberty’s timeless design and unparalleled comfort from DreamCore™ cushions will enhance outdoor spaces for generations to come. Create an environment of relaxation and serenity with a full complement of deep seating pieces, all made in the USA. The crisp tailoring and clean lines will create an engaging ambiance that celebrates the past and the future. This collection is sure to make any outdoor space stylish and inviting. Liberty lends itself to environments where relaxation and connection are priorities. Its chat chair, swivel rockers, and more make it perfect for homeowners who crave comfort, as well as lounges in anywhere from luxury resort to multi-family living environments.</p>","28"" W x 35"" D x 42"" H",{'Material': 'Aluminum'},,,,43,True,True,2026-06-01 06:36:58.372705+00:00,2026-06-08 21:38:24.209000+00:00
4142,6191A-DC,Swivel Rocker Chat Chair,swivel-rocker-chat-chair-revive-cushion-homecrest,Cushion,Swivel Rocker Chat Chair — Homecrest Revive Cushion collection.,"Swivel Rocker Chat Chair — Homecrest Revive Cushion collection.

<p>Homecrest’s Revive cushion collection celebrates mid-century modern design, and the artists of all kinds who shaped a generation. It is sure to bring a subtle sophistication to any outdoor space through its curated design inspiration. Featuring our signature DreamCore™ cushion technology, Revive cushion offers supreme comfort to complement its bold visual aesthetic. With all of the industry-leading, quality specifications that Homecrest consistently delivers, Revive cushion celebrates a dynamic era with the promise that it will be enjoyed by generations to come. This collection comes in chat, swivel rocker, loveseat, and sofa seating styles, making it ideal for environments where relaxation is at the forefront.</p>",,"{'Depth': '33.25""', 'Width': '30.5""', 'Height': '35""', 'Weight': '0 lbs', 'Material': 'Aluminum', 'Arm Height': '25""', 'Seat Height': '18""'}",,,,43,True,True,2026-06-01 06:37:02.232024+00:00,2026-06-08 21:38:24.306000+00:00
4171,4590A,Swivel Rocker Chat Chair,swivel-rocker-chat-chair-sutton-cushion-homecrest,Cushion,Swivel Rocker Chat Chair — Homecrest Sutton Cushion collection.,"Swivel Rocker Chat Chair — Homecrest Sutton Cushion collection.

<p>Plush, all-weather cushions, plus strong frame lines created by durable aluminum are just the beginning of what makes Homecrest’s Sutton cushion collection a prime choice for discerning homeowners and designers. Creating an outdoor space with a sophisticated aesthetic is easy with Sutton cushion’s bold shapes; its gently sloping backs promote and exclusive Luxe Outdoor™ cushions promote restful lounging, while striking a modern pose with its visual style. This collection is sure to make any outdoor space feel inviting. We offer Sutton cushion in multiple chat chair seating styles, in addition to loveseats and sofas. This collection is well suited for homeowners looking create a relaxing setting, as well as for casual commercial contexts, such as fireside lounges, resorts, or relaxation areas in corporate settings.</p>","30.5"" W x 34"" D x 36"" H",{'Material': 'Cushion | Aluminum'},,,,43,True,True,2026-06-01 06:37:06.550148+00:00,2026-06-08 21:38:24.389000+00:00
3953,KIT90,Swivel Rocker Wind Kit,swivel-rocker-wind-kit-blair-homecrest,Blair,Swivel Rocker Wind Kit — Homecrest Blair collection.,"Swivel Rocker Wind Kit — Homecrest Blair collection.

<p>Need additional weight for windy conditions? Homecrest's patent-pending Wind Kit (KIT90), consists of zinc-plated steel parts, add an additional 10 lbs, and easily attaches to the chair’s frame. Available in all finishes.</p>",,"{'Notes': 'Adds additional 10 lbs; available in all finishes', 'Material': 'Zinc-plated steel'}",,,,43,True,True,2026-06-01 06:36:33.751756+00:00,2026-06-08 21:38:23.497000+00:00
3927,11370WS,Wind Kit Set,wind-kit-set-allure-homecrest,Allure,Wind Kit Set — Homecrest Allure collection.,"Wind Kit Set — Homecrest Allure collection.

<p>Need additional weight for windy conditions? Allure’s weight set, consisting of a pair of zinc-plated steel bars (11370WS), adds an additional 5.66 lbs, and easily attaches to the chair’s frame. Note: The Wind Kit Set is not available on the chaises.</p>",,"{'Notes': 'Not compatible with chaises. When ordering a sofa, order three sets.', 'Material': 'Aluminum'}",,,,43,True,True,2026-06-01 06:36:29.491900+00:00,2026-06-08 21:38:23.407000+00:00
