product_id,sku,name,slug,collection,collection_slug,category,dimensions,specs,short_description,description,seat_type,pricing_mode,price,msrp,quote_only,available_online,in_store_only,is_active,tags,materials,created_at,updated_at
3298,NC2010-DT-87,Anderson Extension Dining Table,anderson-87-118-extension-dining-table-nc,Anderson,anderson,Dining,"87/118""",,This teak extension dining table is the perfect size to seat up to 10 adults around. This naturally weather-resistant hardwood may be maintained to preserve the warm look as shown or allowed to weather naturally to a beautiful silvery gray patina. Plantation-grown teak.,"This teak extension dining table is the perfect size to seat up to 10 adults around. This naturally weather-resistant hardwood may be maintained to preserve the warm look as shown or allowed to weather naturally to a beautiful silvery gray patina. Plantation-grown teak.

<p>This teak extension dining table is the perfect size to seat up to 10 adults around. This naturally weather-resistant hardwood may be maintained to preserve the warm look as shown or allowed to weather naturally to a beautiful silvery gray patina. Plantation-grown teak.</p>

<ul>
  <li>Hardware is zinc-coated steel that has been plated in brass. The zinc helps minimize corrosion, steel was chosen for strength and brass for its luster.</li>
  <li>You may choose to allow your teak to weather to a beautiful silver-gray patina or treat it with an oil or sealer specifically made for teak twice a year to preserve the natural wood/teak’s rustic finish</li>
  <li>Plantation-grown teak is harvested from mature trees that are part of a replenished forestry program</li>
  <li>Base Material: Teak</li>
  <li>Top Color: Light Yellow</li>
  <li>Base Color: Light Yellow</li>
  <li>Seating Capacity When Fully Extended: 8</li>
  <li>Seating Capacity When Fully Collapsed: 10</li>
  <li>Table Mechanism: Drop Leaf</li>
  <li>Leaf Width Side to Side: 41″</li>
  <li>Leaf Length End to End: 31″</li>
  <li>Length when fully collapsed: 87″</li>
  <li>Length when fully extended: 118″</li>
  <li>Assembly Required: Yes</li>
  <li>Top Material: Teak</li>
  <li>Top Material Details: Plantation-grown teak</li>
</ul>",,fixed,,,True,True,False,True,"['Universal Teak', 'Teak', 'Dining Tables']",Aluminum,2026-05-30 23:33:23.640686+00:00,2026-06-21 02:59:39.754310+00:00
3216,NC275C,Bainbridge Club Chair,bainbridge-club-chair-nc,Bainbridge,bainbridge,Deep Seating,,,"Blending both style and comfort, the Bainbridge Wicker Club Chair will be your favorite chair, inside or outside! The wicker is UV-protected, and features subtly muddled tones for varied, natural look. Includes Sunbrella fabric cushions, with quick-ship options for fast delivery!","Blending both style and comfort, the Bainbridge Wicker Club Chair will be your favorite chair, inside or outside! The wicker is UV-protected, and features subtly muddled tones for varied, natural look. Includes Sunbrella fabric cushions, with quick-ship options for fast delivery!

<p>Blending both style and comfort, the Bainbridge Wicker Club Chair will be your favorite chair, inside or outside! The wicker is UV-protected, and features subtly muddled tones for varied, natural look. Includes Sunbrella fabric cushions, with quick-ship options for fast delivery!</p>

<ul>
  <li>Heavy duty rust proof powder coated aluminum frames</li>
  <li>6″ thick Outdoor cushions with Sunbrella fabrics included</li>
  <li>Ultra stain, water, UV, crack and split resistant</li>
  <li>Super comfortable suspension seating</li>
  <li>Mold, mildew and fade resistant</li>
  <li>Easy to maintain; Cleans with soap and water</li>
  <li>High-back seating for extra comfort</li>
</ul>",,fixed,,,True,True,False,True,"['Bainbridge', 'Woven', 'Deep Seating & Lounge']","Aluminum, Wicker",2026-05-30 23:32:54.292191+00:00,2026-06-23 00:49:18.721089+00:00
3317,NC275CET,Bainbridge Corner End Table,bainbridge-corner-end-table-nc,Bainbridge,bainbridge,Coffee & Side Tables,,,"The Bainbridge Wicker Corner End Table and Glass is the perfect addition to your Bainbridge patio set as sectional corner. The wicker is UV-protected, and features subtly muddled tones for a varied, natural","The Bainbridge Wicker Corner End Table and Glass is the perfect addition to your Bainbridge patio set as sectional corner. The wicker is UV-protected, and features subtly muddled tones for a varied, natural

<p>The Bainbridge Wicker Corner End Table and Glass is the perfect addition to your Bainbridge patio set as sectional corner. The wicker is UV-protected, and features subtly muddled tones for a varied, natural look.</p>

<ul>
  <li>Heavy duty rust proof powder coated aluminum frames</li>
  <li>Ultra stain, water, UV, crack and split resistant</li>
  <li>Mold, mildew and fade resistant</li>
  <li>Glass Top Included</li>
</ul>",,fixed,,,True,True,False,True,"['Bainbridge', 'Woven', 'Accent Tables']","Aluminum, Wicker",2026-05-30 23:33:29.744848+00:00,2026-06-23 00:49:18.721089+00:00
5544,NC275ET-SQ-GL,Bainbridge End Table Glass Top,bainbridge-end-table-glass-top-nc275et-sq-gl,Bainbridge,,Coffee & Side Tables,"20"" x 20""",,,,,fixed,,,True,False,False,True,"['Bainbridge', 'Wicker', 'Coffee & Side Tables']",Wicker,2026-06-23 00:49:18.721089+00:00,2026-06-23 00:49:18.721089+00:00
3218,NC275LS,Bainbridge Loveseat,bainbridge-loveseat-nc,Bainbridge,bainbridge,Deep Seating,,,"The wicker has a half round design that creates a complex and luxurious look. The wicker is UV-protected, and features subtly muddled tones for varied, natural","The wicker has a half round design that creates a complex and luxurious look. The wicker is UV-protected, and features subtly muddled tones for varied, natural

<p>The wicker has a half round design that creates a complex and luxurious look. The wicker is UV-protected, and features subtly muddled tones for varied, natural look.</p>

<ul>
  <li>Heavy duty rust proof powder coated aluminum frames</li>
  <li>6″ thick Outdoor cushions with Sunbrella fabrics included</li>
  <li>Ultra stain, water, UV, crack and split resistant</li>
  <li>Super comfortable suspension seating</li>
  <li>Mold, mildew and fade resistant</li>
  <li>Easy to maintain; Cleans with soap and water</li>
  <li>High-back seating for extra comfort</li>
  <li>Cush270/271</li>
  <li>Frame: 56 W x 32.5″ D x 33″ H</li>
  <li>Seat: 50″ W x 25″ D x 13″ H</li>
  <li>6″ Cushion thickness</li>
</ul>",,fixed,,,True,True,False,True,"['Bainbridge', 'Woven', 'Deep Seating & Lounge']","Aluminum, Wicker",2026-05-30 23:32:54.734319+00:00,2026-06-23 00:49:18.721089+00:00
3318,NC275CT-REC,Bainbridge Rectangular Coffee Table,bainbridge-rectangular-coffee-table-nc,Bainbridge,bainbridge,Coffee & Side Tables,,,"Wicker Rectangular Coffee Table. The wicker is UV-protected, and features subtly muddled tones for a varied, natural","Wicker Rectangular Coffee Table. The wicker is UV-protected, and features subtly muddled tones for a varied, natural

<p>Wicker Rectangular Coffee Table. The wicker is UV-protected, and features subtly muddled tones for a varied, natural look.</p>

<ul>
  <li>Heavy duty rust proof powder coated aluminum frames</li>
  <li>Ultra stain, water, UV, crack and split resistant</li>
  <li>Mold, mildew and fade resistant</li>
  <li>Cleans with soap and water</li>
  <li>Glass Top Included</li>
</ul>",,fixed,,,True,True,False,True,"['Bainbridge', 'Woven', 'Accent Tables']","Aluminum, Wicker",2026-05-30 23:33:29.861744+00:00,2026-06-23 00:49:18.721089+00:00
5546,NC275CT-REC-GL,Bainbridge Rectangular Coffee Table Glass Top,bainbridge-rectangular-coffee-table-glass-top-nc275ct-rec-gl,Bainbridge,,Coffee & Side Tables,"44"" x 28""",,,,,fixed,,,True,False,False,True,"['Bainbridge', 'Wicker', 'Coffee & Side Tables']",Wicker,2026-06-23 00:49:18.721089+00:00,2026-06-23 00:49:18.721089+00:00
3350,NC275O-REC,Bainbridge Rectangular Ottoman,bainbridge-rectangular-ottoman-nc,Bainbridge,bainbridge,Deep Seating,,,"The Bainbridge Wicker Rectangular Ottoman is the perfect addition to your Bainbridge patio set as a footrest or extra seat. Put your feet up and relax. The wicker is UV-protected, and features subtly muddled tones for a varied, natural look. This square wicker ottoman includes a fade- and mildew-resistant Sunbrella® cushion.","The Bainbridge Wicker Rectangular Ottoman is the perfect addition to your Bainbridge patio set as a footrest or extra seat. Put your feet up and relax. The wicker is UV-protected, and features subtly muddled tones for a varied, natural look. This square wicker ottoman includes a fade- and mildew-resistant Sunbrella® cushion.

<p>The Bainbridge Wicker Rectangular Ottoman is the perfect addition to your Bainbridge patio set as a footrest or extra seat. Put your feet up and relax. The wicker is UV-protected, and features subtly muddled tones for a varied, natural look. This square wicker ottoman includes a fade- and mildew-resistant Sunbrella® cushion.</p>

<ul>
  <li>Heavy duty rust proof powder coated aluminum frames</li>
  <li>4″ thick Outdoor cushions with Sunbrella fabrics included</li>
  <li>Ultra stain, water, UV, crack and split resistant</li>
  <li>Mold, mildew and fade resistant</li>
  <li>Easy to maintain; Cleans with soap and water</li>
  <li>High-back seating for extra comfort</li>
  <li>Size: 29.5” x 20” x 16.5” ht.</li>
  <li>Seat Size: 24” x 20”, Deck Ht: 13”</li>
  <li>4″ Cushion Thickness</li>
</ul>",,fixed,,,True,True,False,True,"['Bainbridge', 'Woven', 'Ottomans']","Aluminum, Wicker",2026-05-30 23:33:39.658068+00:00,2026-06-23 00:49:18.721089+00:00
3214,NC275SCC-45,Bainbridge Sectional 45 Degree Corner,bainbridge-45-degree-corner-chair-nc,Bainbridge,bainbridge,Deep Seating,,,"The Bainbridge Wicker 45 Degree Corner Chair lets you expand your Bainbridge Sectional with a roomier seat than traditional sectional corners. The wicker is UV-protected, and features subtly muddled tones for a varied, natural look. Includes Sunbrella fabric cushions.","The Bainbridge Wicker 45 Degree Corner Chair lets you expand your Bainbridge Sectional with a roomier seat than traditional sectional corners. The wicker is UV-protected, and features subtly muddled tones for a varied, natural look. Includes Sunbrella fabric cushions.

<p>The Bainbridge Wicker 45 Degree Corner Chair lets you expand your Bainbridge Sectional with a roomier seat than traditional sectional corners. The wicker is UV-protected, and features subtly muddled tones for a varied, natural look. Includes Sunbrella fabric cushions.</p>

<ul>
  <li>Heavy duty rust proof powder coated aluminum frames</li>
  <li>6″ thick Outdoor cushions with Sunbrella fabrics included</li>
  <li>Ultra stain, water, UV, crack and split resistant</li>
  <li>Super comfortable suspension seating</li>
  <li>Mold, mildew and fade resistant</li>
  <li>Easy to maintain; Cleans with soap and water</li>
  <li>High-back seating for extra comfort</li>
  <li>Frame – 62.5″ D x 33.5 “W x 33” H</li>
  <li>Seat – 62.5″ D x 33.5 “W x 33” H</li>
  <li>6″ Cushion thickness</li>
</ul>",,fixed,,,True,True,False,True,"['Bainbridge', 'Woven', 'Deep Seating & Lounge']","Aluminum, Wicker",2026-05-30 23:32:53.892933+00:00,2026-06-23 00:49:18.721089+00:00
3215,NC275SCC,Bainbridge Sectional Corner Chair,bainbridge-90-corner-sectional-chair-nc,Bainbridge,bainbridge,Deep Seating,,,"This modular wicker is UV-protected, and features subtly muddled tones for varied, natural look. Can be used as a standalone or complimentary piece to other products in the Bainbridge patio furniture family. Includes Sunbrella fabric cushions, with quick-ship options for fast delivery!","This modular wicker is UV-protected, and features subtly muddled tones for varied, natural look. Can be used as a standalone or complimentary piece to other products in the Bainbridge patio furniture family. Includes Sunbrella fabric cushions, with quick-ship options for fast delivery!

<p>This modular wicker is UV-protected, and features subtly muddled tones for varied, natural look. Can be used as a standalone or complimentary piece to other products in the Bainbridge patio furniture family. Includes Sunbrella fabric cushions, with quick-ship options for fast delivery!</p>

<ul>
  <li>Heavy duty rust proof powder coated aluminum frames</li>
  <li>6″ thick Outdoor cushions with Sunbrella fabrics included</li>
  <li>Ultra stain, water, UV, crack and split resistant</li>
  <li>Super comfortable suspension seating</li>
  <li>Mold, mildew and fade resistant</li>
  <li>Easy to maintain; Cleans with soap and water</li>
  <li>High-back seating for extra comfort</li>
  <li>Frame – 32.5 W x 32.5″ D x 33″ H</li>
  <li>Seat – 25″ W x 25″ D x 13″ H</li>
  <li>6″ Cushion thickness</li>
</ul>",,fixed,,,True,True,False,True,"['Bainbridge', 'Woven', 'Deep Seating & Lounge']","Aluminum, Wicker",2026-05-30 23:32:54.088522+00:00,2026-06-23 00:49:18.721089+00:00
3217,NC275LL,Bainbridge Sectional Left Arm Loveseat,bainbridge-left-arm-sectional-loveseat-nc,Bainbridge,bainbridge,Deep Seating,,,"The wicker is UV-protected, and features subtly muddled tones for a varied, natural look. This outdoor wicker sectional couch includes long lasting Sunbrella fabric cushions, with quick-ship options for fast","The wicker is UV-protected, and features subtly muddled tones for a varied, natural look. This outdoor wicker sectional couch includes long lasting Sunbrella fabric cushions, with quick-ship options for fast

<p>The wicker is UV-protected, and features subtly muddled tones for a varied, natural look. This outdoor wicker sectional couch includes long lasting Sunbrella fabric cushions, with quick-ship options for fast delivery!</p>

<ul>
  <li>Heavy duty rust proof powder coated aluminum frames</li>
  <li>6″ thick Outdoor cushions with Sunbrella fabrics included</li>
  <li>Ultra stain, water, UV, crack and split resistant</li>
  <li>Super comfortable suspension seating</li>
  <li>Mold, mildew and fade resistant</li>
  <li>Easy to maintain; Cleans with soap and water</li>
  <li>High-back seating for extra comfort</li>
  <li>Frame: 53 W x 32.5″ D x 33″ H</li>
  <li>Seat: 50″ W x 25″ D x 13″ H</li>
  <li>6″ Cushion thickness</li>
</ul>",,fixed,,,True,True,False,True,"['Bainbridge', 'Woven', 'Deep Seating & Lounge']","Aluminum, Wicker",2026-05-30 23:32:54.531007+00:00,2026-06-23 00:49:18.721089+00:00
3220,NC275SCM,Bainbridge Sectional Middle Chair,bainbridge-sectional-middle-chair-nc,Bainbridge,bainbridge,Deep Seating,,,"Blending both style and comfort, the Bainbridge Wicker Sectional Middle Chair will be your favorite chair, inside or outside! The wicker is UV-protected, and features subtly muddled tones for varied, natural look. Includes Sunbrella fabric cushions, with quick-ship options for fast delivery!","Blending both style and comfort, the Bainbridge Wicker Sectional Middle Chair will be your favorite chair, inside or outside! The wicker is UV-protected, and features subtly muddled tones for varied, natural look. Includes Sunbrella fabric cushions, with quick-ship options for fast delivery!

<p>Blending both style and comfort, the Bainbridge Wicker Sectional Middle Chair will be your favorite chair, inside or outside! The wicker is UV-protected, and features subtly muddled tones for varied, natural look. Includes Sunbrella fabric cushions, with quick-ship options for fast delivery!</p>

<ul>
  <li>Heavy duty rust proof powder coated aluminum frames</li>
  <li>6″ thick Outdoor cushions with Sunbrella fabrics included</li>
  <li>Ultra stain, water, UV, crack and split resistant</li>
  <li>Super comfortable suspension seating</li>
  <li>Mold, mildew and fade resistant</li>
  <li>Easy to maintain; Cleans with soap and water</li>
  <li>High-back seating for extra comfort</li>
</ul>",,fixed,,,True,True,False,True,"['Bainbridge', 'Woven', 'Deep Seating & Lounge']","Aluminum, Wicker",2026-05-30 23:32:55.138901+00:00,2026-06-23 00:49:18.721089+00:00
3219,NC275RL,Bainbridge Sectional Right Arm Loveseat,bainbridge-right-arm-sectional-loveseat-nc,Bainbridge,bainbridge,Deep Seating,,,"The wicker is UV-protected, and features subtly muddled tones for a varied, natural look. This outdoor wicker sectional couch includes long lasting Sunbrella fabric cushions, with quick-ship options for fast","The wicker is UV-protected, and features subtly muddled tones for a varied, natural look. This outdoor wicker sectional couch includes long lasting Sunbrella fabric cushions, with quick-ship options for fast

<p>The wicker is UV-protected, and features subtly muddled tones for a varied, natural look. This outdoor wicker sectional couch includes long lasting Sunbrella fabric cushions, with quick-ship options for fast delivery!</p>

<ul>
  <li>Heavy duty rust proof powder coated aluminum frames</li>
  <li>6″ thick Outdoor cushions with Sunbrella fabrics included</li>
  <li>Ultra stain, water, UV, crack and split resistant</li>
  <li>Super comfortable suspension seating</li>
  <li>Mold, mildew and fade resistant</li>
  <li>Easy to maintain; Cleans with soap and water</li>
  <li>High-back seating for extra comfort</li>
  <li>Frame: 53 W x 32.5″ D x 33″ H</li>
  <li>Seat: 50″ W x 25″ D x 13″ H</li>
  <li>6″ Cushion thickness</li>
</ul>",,fixed,,,True,True,False,True,"['Bainbridge', 'Woven', 'Deep Seating & Lounge']","Aluminum, Wicker",2026-05-30 23:32:54.961481+00:00,2026-06-23 00:49:18.721089+00:00
3213,NC2753S,Bainbridge Sofa,bainbridge-3-seat-sofa-nc,Bainbridge,bainbridge,Deep Seating,,,"The wicker has a half round design that creates a complex and luxurious look. The wicker is UV-protected, and features subtly muddled tones for varied, natural","The wicker has a half round design that creates a complex and luxurious look. The wicker is UV-protected, and features subtly muddled tones for varied, natural

<p>The wicker has a half round design that creates a complex and luxurious look. The wicker is UV-protected, and features subtly muddled tones for varied, natural look.</p>

<ul>
  <li>Heavy duty rust proof powder coated aluminum frames</li>
  <li>6″ thick Outdoor cushions with Sunbrella fabrics included</li>
  <li>Ultra stain, water, UV, crack and split resistant</li>
  <li>Super comfortable suspension seating</li>
  <li>Mold, mildew and fade resistant</li>
  <li>Easy to maintain; Cleans with soap and water</li>
  <li>High-back seating for extra comfort</li>
  <li>Cush270/271</li>
  <li>Frame: 81 W x 32.5″ D x 33″ H</li>
  <li>Seat: 75″ W x 25″ D x 13″ H</li>
  <li>6″ Cushion thickness</li>
</ul>",,fixed,,,True,True,False,True,"['Bainbridge', 'Woven', 'Deep Seating & Lounge']","Aluminum, Wicker",2026-05-30 23:32:53.709574+00:00,2026-06-23 00:49:18.721089+00:00
3319,NC275CT-SQ,Bainbridge Square Coffee Table,bainbridge-square-coffee-table-nc,Bainbridge,bainbridge,Coffee & Side Tables,,,"Wicker Square Coffee Table. The wicker is UV-protected, and features subtly muddled tones for a varied, natural","Wicker Square Coffee Table. The wicker is UV-protected, and features subtly muddled tones for a varied, natural

<p>Wicker Square Coffee Table. The wicker is UV-protected, and features subtly muddled tones for a varied, natural look.</p>

<ul>
  <li>Heavy duty rust proof powder coated aluminum frames</li>
  <li>Ultra stain, water, UV, crack and split resistant</li>
  <li>Mold, mildew and fade resistant</li>
  <li>Cleans with soap and water</li>
  <li>Glass Top included</li>
</ul>",,fixed,,,True,True,False,True,"['Bainbridge', 'Woven', 'Accent Tables']","Aluminum, Wicker",2026-05-30 23:33:30.037416+00:00,2026-06-23 00:49:18.721089+00:00
5545,NC275CT-SQ-GL,Bainbridge Square Coffee Table Glass Top,bainbridge-square-coffee-table-glass-top-nc275ct-sq-gl,Bainbridge,,Coffee & Side Tables,"32"" x 32""",,,,,fixed,,,True,False,False,True,"['Bainbridge', 'Wicker', 'Coffee & Side Tables']",Wicker,2026-06-23 00:49:18.721089+00:00,2026-06-23 00:49:18.721089+00:00
3320,NC275ET-SQ,Bainbridge Square End Table,bainbridge-square-end-table-nc,Bainbridge,bainbridge,Coffee & Side Tables,,,"Wicker Square End Table. The wicker is UV-protected, and features subtly muddled tones for a varied, natural","Wicker Square End Table. The wicker is UV-protected, and features subtly muddled tones for a varied, natural

<p>Wicker Square End Table. The wicker is UV-protected, and features subtly muddled tones for a varied, natural look.</p>

<ul>
  <li>Heavy duty rust proof powder coated aluminum frames</li>
  <li>Ultra stain, water, UV, crack and split resistant</li>
  <li>Mold, mildew and fade resistant</li>
  <li>Cleans with soap and water</li>
  <li>Glass Top included</li>
</ul>",,fixed,,,True,True,False,True,"['Bainbridge', 'Woven', 'Accent Tables']","Aluminum, Wicker",2026-05-30 23:33:30.195781+00:00,2026-06-23 00:49:18.721089+00:00
3351,NC275O-SQ,Bainbridge Square Ottoman,bainbridge-square-ottoman-nc,Bainbridge,bainbridge,Deep Seating,,,"The Bainbridge Wicker Square Ottoman is the perfect addition to your Bainbridge patio set as a footrest or extra seat. Put your feet up and relax. The wicker is UV-protected, and features subtly muddled tones for a varied, natural look. This square wicker ottoman includes a fade- and mildew-resistant Sunbrella® cushion.","The Bainbridge Wicker Square Ottoman is the perfect addition to your Bainbridge patio set as a footrest or extra seat. Put your feet up and relax. The wicker is UV-protected, and features subtly muddled tones for a varied, natural look. This square wicker ottoman includes a fade- and mildew-resistant Sunbrella® cushion.

<p>The Bainbridge Wicker Square Ottoman is the perfect addition to your Bainbridge patio set as a footrest or extra seat. Put your feet up and relax. The wicker is UV-protected, and features subtly muddled tones for a varied, natural look. This square wicker ottoman includes a fade- and mildew-resistant Sunbrella® cushion.</p>

<ul>
  <li>Heavy duty rust proof powder coated aluminum frames</li>
  <li>6″ thick Outdoor cushions with Sunbrella fabrics included</li>
  <li>Ultra stain, water, UV, crack and split resistant</li>
  <li>Mold, mildew and fade resistant</li>
  <li>Easy to maintain; Cleans with soap and water</li>
  <li>High-back seating for extra comfort</li>
  <li>Frame: 25″ D x 25″ W x 13″ H</li>
  <li>Seat: 25″ D x 25″ W x 13″ H</li>
  <li>6″ Cushion Thickness</li>
</ul>",,fixed,,,True,True,False,True,"['Bainbridge', 'Woven', 'Ottomans']","Aluminum, Wicker",2026-05-30 23:33:39.828157+00:00,2026-06-23 00:49:18.721089+00:00
3221,NC275SG,Bainbridge Swivel Glider Club Chair,bainbridge-swivel-glider-club-chair-nc,Bainbridge,bainbridge,Deep Seating,,,"Blending both style and comfort, the Bainbridge Wicker Swivel Glider Club Chair will be your favorite chair, inside or outside! The wicker is UV-protected, and features subtly muddled tones for varied, natural","Blending both style and comfort, the Bainbridge Wicker Swivel Glider Club Chair will be your favorite chair, inside or outside! The wicker is UV-protected, and features subtly muddled tones for varied, natural

<p>Blending both style and comfort, the Bainbridge Wicker Swivel Glider Club Chair will be your favorite chair, inside or outside! The wicker is UV-protected, and features subtly muddled tones for varied, natural look.</p>

<ul>
  <li>Heavy duty rust proof powder coated aluminum frames</li>
  <li>6″ thick Outdoor cushions with Sunbrella fabrics included</li>
  <li>Ultra stain, water, UV, crack and split resistant</li>
  <li>Super comfortable suspension seating</li>
  <li>Mold, mildew and fade resistant</li>
  <li>Easy to maintain; Cleans with soap and water</li>
  <li>High-back seating for extra comfort</li>
  <li>Frame: 31″ W x 32.5″ D x 33″ H</li>
  <li>Seat: 25″ W x 25″ D x 13″ H</li>
  <li>6″ Cushion thickness</li>
</ul>",,fixed,,,True,True,False,True,"['Bainbridge', 'Woven', 'Deep Seating & Lounge']","Aluminum, Wicker",2026-05-30 23:32:55.366173+00:00,2026-06-23 00:49:18.721089+00:00
5538,NC415HBSG-P,Universal High Back Swivel Glider Premium,universal-high-back-swivel-glider-premium-nc415hbsg-p,Bainbridge,,Deep Seating,"30"" x 33"" x 39"" H",,,,,fixed,,,True,False,False,True,"['Bainbridge', 'Wicker', 'Deep Seating']",Wicker,2026-06-23 00:49:18.721089+00:00,2026-06-23 00:49:18.721089+00:00
5539,NC415RX,Universal Recliner,universal-recliner-nc415rx,Bainbridge,,Deep Seating,"31"" x 33"" x 39"" H",,,,,fixed,,,True,False,False,True,"['Bainbridge', 'Wicker', 'Deep Seating']",Wicker,2026-06-23 00:49:18.721089+00:00,2026-06-23 00:49:18.721089+00:00
5540,NC415RX-P,Universal Recliner Premium Weave,universal-recliner-premium-weave-nc415rx-p,Bainbridge,,Deep Seating,"31"" x 33"" x 39"" H",,,,,fixed,,,True,False,False,True,"['Bainbridge', 'Wicker', 'Deep Seating']",Wicker,2026-06-23 00:49:18.721089+00:00,2026-06-23 00:49:18.721089+00:00
3367,NC2030-SACL-A,Balboa Single Adjustable Chaise with Arms,balboa-single-adjustable-chaise-with-arms-nc,Balboa,balboa,Chaise Lounges,,,This teak Patio Chaise Lounge is a naturally weather-resistant hardwood which may be maintained to preserve the warm look as shown or allowed to weather naturally to a beautiful silvery gray patina. Plantation-grown,"This teak Patio Chaise Lounge is a naturally weather-resistant hardwood which may be maintained to preserve the warm look as shown or allowed to weather naturally to a beautiful silvery gray patina. Plantation-grown

<p>This teak Patio Chaise Lounge is a naturally weather-resistant hardwood which may be maintained to preserve the warm look as shown or allowed to weather naturally to a beautiful silvery gray patina. Plantation-grown teak.</p>

<ul>
  <li>You may choose to allow your teak to weather to a beautiful silver-gray patina or treat it with an oil or sealer specifically made for teak twice a year to preserve the natural wood/teak’s rustic finish</li>
  <li>Hardware is zinc-coated steel that has been plated in brass. The zinc helps minimize corrosion, steel was chosen for strength and brass for its luster.</li>
  <li>Plantation-grown teak is harvested from mature trees that are part of a replenished forestry program</li>
  <li>Base Material: Teak</li>
  <li>Top Color: Light Yellow</li>
  <li>Base Color: Light Yellow</li>
  <li>Assembly Required: Yes</li>
  <li>Top Material: Teak</li>
  <li>Top Material Details: Plantation-grown teak</li>
</ul>",,fixed,,,True,True,False,True,"['Universal Teak', 'Teak', 'Chaise Lounges']",Aluminum,2026-05-30 23:33:44.687878+00:00,2026-06-08 21:38:25.415000+00:00
3368,NC2030-SACL,Balboa Single Adjustable Chaise without Arms,balboa-single-adjustable-chaise-without-arms-nc,Balboa,balboa,Chaise Lounges,,,This teak Patio Chaise Lounge is a naturally weather-resistant hardwood which may be maintained to preserve the warm look as shown or allowed to weather naturally to a beautiful silvery gray patina. Plantation-grown,"This teak Patio Chaise Lounge is a naturally weather-resistant hardwood which may be maintained to preserve the warm look as shown or allowed to weather naturally to a beautiful silvery gray patina. Plantation-grown

<p>This teak Patio Chaise Lounge is a naturally weather-resistant hardwood which may be maintained to preserve the warm look as shown or allowed to weather naturally to a beautiful silvery gray patina. Plantation-grown teak.</p>

<ul>
  <li>You may choose to allow your teak to weather to a beautiful silver-gray patina or treat it with an oil or sealer specifically made for teak twice a year to preserve the natural wood/teak’s rustic finish</li>
  <li>Hardware is zinc-coated steel that has been plated in brass. The zinc helps minimize corrosion, steel was chosen for strength and brass for its luster.</li>
  <li>Plantation-grown teak is harvested from mature trees that are part of a replenished forestry program</li>
  <li>Base Material: Teak</li>
  <li>Top Color: Light Yellow</li>
  <li>Base Color: Light Yellow</li>
  <li>Assembly Required: Yes</li>
  <li>Top Material: Teak</li>
  <li>Top Material Details: Plantation-grown teak</li>
</ul>",,fixed,,,True,True,False,True,"['Universal Teak', 'Teak', 'Chaise Lounges']",Aluminum,2026-05-30 23:33:44.811529+00:00,2026-06-08 21:38:25.419000+00:00
3208,NC6510C,Biscayne Lounge Chair,6510-lounge-chair-nc,Biscayne 6510,6510,Deep Seating,,,"Lounge Chair With Cushions, with it, is light gray-colored wicker with a full round design, comfortably seats 1 adult. Each strand of this outdoor wicker is made from High-Density Polyethylene and comes with cushions that are covered in fade- and mildew- resistant fabric.","Lounge Chair With Cushions, with it, is light gray-colored wicker with a full round design, comfortably seats 1 adult. Each strand of this outdoor wicker is made from High-Density Polyethylene and comes with cushions that are covered in fade- and mildew- resistant fabric.

<p>Lounge Chair With Cushions, with it, is light gray-colored wicker with a full round design, comfortably seats 1 adult. Each strand of this outdoor wicker is made from High-Density Polyethylene and comes with cushions that are covered in fade- and mildew- resistant fabric.</p>

<ul>
  <li>Thick-gauged, powder-coated aluminum frame offers long lasting durability and rust resistance</li>
  <li>Sunbrella® cushion covers provide unmatched fade, moisture and mildew resistance, and can be easily unzipped for cleaning</li>
  <li>Assembly Required: Yes</li>
  <li>Seat Height Without Cushion 17”</li>
  <li>Seat Cushion Thickness 4.5”</li>
  <li>Seat Size: 22” x 23”, Deck ht: 12.5”</li>
</ul>",,fixed,,,True,True,False,True,"['6510', 'Woven', 'Deep Seating & Lounge']","Aluminum, Wicker",2026-05-30 23:32:48.553613+00:00,2026-06-23 00:49:18.721089+00:00
3209,NC6510LS,Biscayne Loveseat,6510-loveseat-nc,Biscayne 6510,6510,Deep Seating,,,"Loveseat with Cushions, with its light beige-colored wicker with a full round design, comfortably seats 2 adults. Each strand of this outdoor wicker is made from High-Density Polyethylene and comes with cushions that are covered in fade and mildew resistant fabric.","Loveseat with Cushions, with its light beige-colored wicker with a full round design, comfortably seats 2 adults. Each strand of this outdoor wicker is made from High-Density Polyethylene and comes with cushions that are covered in fade and mildew resistant fabric.

<p>Loveseat with Cushions, with its light beige-colored wicker with a full round design, comfortably seats 2 adults. Each strand of this outdoor wicker is made from High-Density Polyethylene and comes with cushions that are covered in fade and mildew resistant fabric.</p>

<ul>
  <li>Thick-gauged, powder-coated aluminum frame offers long lasting durability and rust resistance</li>
  <li>Plush, overstuffed cushions are made from quick-drying polyurethane foam</li>
  <li>Frame Material: Wicker/Rattan</li>
  <li>Seat Height Without Cushion 17”</li>
  <li>Seat Cushion Thickness 4.5”</li>
  <li>Back Cushion Thickness 4.5”</li>
  <li>Product Care: Clean with mild soap and water</li>
  <li>Assembly Required: Yes</li>
</ul>",,fixed,,,True,True,False,True,"['6510', 'Woven', 'Deep Seating & Lounge']","Aluminum, Wicker",2026-05-30 23:32:50.398503+00:00,2026-06-23 00:49:18.721089+00:00
3349,NC6510O-REC,Biscayne Ottoman,6510-ottoman-nc,Biscayne 6510,6510,Deep Seating,,,"Ottoman, with its light beige-colored wicker with a full round design, is the perfect footrest addition. Each strand of this outdoor wicker is made from High-Density Polyethylene and comes with cushions that are covered in fade- and mildew- resistant fabric.","Ottoman, with its light beige-colored wicker with a full round design, is the perfect footrest addition. Each strand of this outdoor wicker is made from High-Density Polyethylene and comes with cushions that are covered in fade- and mildew- resistant fabric.

<p>Ottoman, with its light beige-colored wicker with a full round design, is the perfect footrest addition. Each strand of this outdoor wicker is made from High-Density Polyethylene and comes with cushions that are covered in fade- and mildew- resistant fabric.</p>

<ul>
  <li>Full-round wicker design gives it a more tactile, luxurious texture and look</li>
  <li>Thick-gauged, powder-coated aluminum frame offers long lasting durability and rust resistance</li>
  <li>Sunbrella® cushion covers provide unmatched fade, moisture and mildew resistance, and can be easily unzipped for cleaning</li>
  <li>Plush, overstuffed cushions are made from quick-drying polyurethane foam</li>
  <li>Cushion Thickness 4.5”</li>
  <li>Seat Size: 22” x 20”, Deck ht: 12.5”</li>
</ul>",,fixed,,,True,True,False,True,"['6510', 'Woven', 'Ottomans']","Aluminum, Wicker",2026-05-30 23:33:39.479720+00:00,2026-06-23 00:49:18.721089+00:00
3310,NC6510CT-REC,Biscayne Rectangular Coffee Table,6510-coffee-table-nc,Biscayne 6510,6510,Coffee & Side Tables,,,"Coffee Table, with its light beige-colored wicker with a full round design, is the perfect centerpiece for your home. Each strand of this outdoor wicker is made from High-Density","Coffee Table, with its light beige-colored wicker with a full round design, is the perfect centerpiece for your home. Each strand of this outdoor wicker is made from High-Density

<p>Coffee Table, with its light beige-colored wicker with a full round design, is the perfect centerpiece for your home. Each strand of this outdoor wicker is made from High-Density Polyethylene.</p>

<ul>
  <li>High-Density Polyethylene (HDPE) all-weather wicker is infused with UV inhibitors that prevent fading and cracking ordinarily caused by sunlight</li>
  <li>Thick-gauged, powder-coated aluminum frame offers long lasting durability and rust resistance</li>
  <li>Tempered glass top</li>
</ul>",,fixed,,,True,True,False,True,"['6510', 'Woven', 'Accent Tables']","Aluminum, Wicker",2026-05-30 23:33:27.040229+00:00,2026-06-23 00:49:18.721089+00:00
5543,NC6510CT-REC-GL,Biscayne Rectangular Coffee Table Glass Top,biscayne-rectangular-coffee-table-glass-top-nc6510ct-rec-gl,Biscayne 6510,,Coffee & Side Tables,"34"" x 24""",,,,,fixed,,,True,False,False,True,"['Biscayne 6510', 'Wicker', 'Coffee & Side Tables']",Wicker,2026-06-23 00:49:18.721089+00:00,2026-06-23 00:49:18.721089+00:00
3312,NC6510R-CHT,Biscayne Rotating Chat Table,6510-rotating-chat-table-nc,Biscayne 6510,6510,Coffee & Side Tables,,,Chat Table with an inset glass top rotates 360 degrees. Both top and base are beige-colored outdoor wicker made from High-Density,"Chat Table with an inset glass top rotates 360 degrees. Both top and base are beige-colored outdoor wicker made from High-Density

<p>Chat Table with an inset glass top rotates 360 degrees. Both top and base are beige-colored outdoor wicker made from High-Density Polyethylene.</p>

<ul>
  <li>Full-round wicker design gives it a more tactile, luxurious texture and look</li>
  <li>Thick-gauged, powder-coated aluminum frame offers long lasting durability and rust resistance</li>
  <li>This unique rotating tabletop offers easy access</li>
  <li>Tempered glass insert</li>
  <li>Seating Capacity: 4</li>
  <li>Durability: Weather Resistant</li>
  <li>Glass Top included</li>
  <li>Assembly Required: Yes</li>
</ul>",,fixed,,,True,True,False,True,"['6510', 'Woven', 'Accent Tables']","Aluminum, Wicker",2026-05-30 23:33:28.671684+00:00,2026-06-23 00:49:18.721089+00:00
5541,NC6510R-CHT-GL,Biscayne Rotating Chat Table Glass Top,biscayne-rotating-chat-table-glass-top-nc6510r-cht-gl,Biscayne 6510,,Coffee & Side Tables,"36"" Dia.",,,,,fixed,,,True,False,False,True,"['Biscayne 6510', 'Wicker', 'Coffee & Side Tables']",Wicker,2026-06-23 00:49:18.721089+00:00,2026-06-23 00:49:18.721089+00:00
3210,NC65103S,Biscayne Sofa,6510-sofa-nc,Biscayne 6510,6510,Deep Seating,,,"Sofa with Cushions, with its light beige-colored wicker with a full round design, comfortably seats 3 adults. Each strand of this outdoor wicker is made from High-Density Polyethylene and comes with cushions that are covered in fade- and mildew- resistant fabric.","Sofa with Cushions, with its light beige-colored wicker with a full round design, comfortably seats 3 adults. Each strand of this outdoor wicker is made from High-Density Polyethylene and comes with cushions that are covered in fade- and mildew- resistant fabric.

<p>Sofa with Cushions, with its light beige-colored wicker with a full round design, comfortably seats 3 adults. Each strand of this outdoor wicker is made from High-Density Polyethylene and comes with cushions that are covered in fade- and mildew- resistant fabric.</p>

<ul>
  <li>Wicker/Rattan</li>
  <li>Full-round wicker design gives it a more tactile, luxurious texture and look</li>
  <li>Includes 2 small back buttons, no welt</li>
  <li>Plush, overstuffed cushions are made from quick-drying polyurethane foam</li>
  <li>Full-sized design provides deep, comfortable seating</li>
  <li>Leg material: Polywood</li>
  <li>Frame Material: Wicker/Rattan</li>
  <li>Seat Height Without Cushions 17″</li>
  <li>Seat and Back Seat Cushion Thickness 6″</li>
  <li>Seat Depth – Front to Back 13″</li>
  <li>Seat Back Height 18″</li>
  <li>Back cushions: 18″ H x 22″ W x 6″ D</li>
  <li>Seat cushions: 6″ H x 22″ W x 13″ D</li>
  <li>Product Care: Clean with mild soap and water</li>
  <li>Assembly Required: Yes</li>
</ul>",,fixed,,,True,True,False,True,"['6510', 'Woven', 'Deep Seating & Lounge']","Aluminum, Wicker",2026-05-30 23:32:51.600027+00:00,2026-06-23 00:49:18.721089+00:00
3311,NC6510ET-SQ,Biscayne Square End Table,6510-end-table-nc,Biscayne 6510,6510,Coffee & Side Tables,,,"Keep food, drinks and reading materials within easy reach with this Side Table. Each strand of this outdoor wicker is made from High-Density Polyethylene, beige-colored outdoor","Keep food, drinks and reading materials within easy reach with this Side Table. Each strand of this outdoor wicker is made from High-Density Polyethylene, beige-colored outdoor

<p>Keep food, drinks and reading materials within easy reach with this Side Table. Each strand of this outdoor wicker is made from High-Density Polyethylene, beige-colored outdoor wicker.</p>

<ul>
  <li>Durability: Weather Resistant</li>
  <li>Glass Top</li>
  <li>Assembly Required: Yes</li>
</ul>",,fixed,,,True,True,False,True,"['6510', 'Woven', 'Accent Tables']","Aluminum, Wicker",2026-05-30 23:33:28.309625+00:00,2026-06-23 00:49:18.721089+00:00
5542,NC6510ET-SQ-GL,Biscayne Square End Table Glass Top,biscayne-square-end-table-glass-top-nc6510et-sq-gl,Biscayne 6510,,Coffee & Side Tables,"22"" x 22""",,,,,fixed,,,True,False,False,True,"['Biscayne 6510', 'Wicker', 'Coffee & Side Tables']",Wicker,2026-06-23 00:49:18.721089+00:00,2026-06-23 00:49:18.721089+00:00
3211,NC6510SR,Biscayne Swivel Rocker,6510-swivel-rocker-nc,Biscayne 6510,6510,Deep Seating,,,Swivel Rocking Chair With Cushions not only rocks but it also swivels. The beige-colored outdoor wicker is made from high-density polyethylene that partnered with cushions covered in fade- and mildew-resistant Sunbrella fabric which creates a wonderfully comfortable experience.,"Swivel Rocking Chair With Cushions not only rocks but it also swivels. The beige-colored outdoor wicker is made from high-density polyethylene that partnered with cushions covered in fade- and mildew-resistant Sunbrella fabric which creates a wonderfully comfortable experience.

<p>Swivel Rocking Chair With Cushions not only rocks but it also swivels. The beige-colored outdoor wicker is made from high-density polyethylene that partnered with cushions covered in fade- and mildew-resistant Sunbrella fabric which creates a wonderfully comfortable experience.</p>

<ul>
  <li>Weight Capacity: 250 lb.</li>
  <li>Assembly Required: No</li>
  <li>Seat 30” W x 29” D</li>
  <li>Seat Size: 22” x 23”, Deck ht: 12.5”</li>
  <li>Seat Height – Floor to Seat 13”</li>
  <li>Seat Cushion Thickness 6”</li>
</ul>",,fixed,,,True,True,False,True,"['6510', 'Woven', 'Deep Seating & Lounge']","Aluminum, Wicker",2026-05-30 23:32:53.192075+00:00,2026-06-23 00:49:18.721089+00:00
3299,NC2035-DT-55,Braeburn Round Dining Table,braeburn-55-round-dining-table-nc,Braeburn,braeburn,Dining,"55""",,This teak round dining table is the perfect size to seat 4 adults around. This naturally weather-resistant hardwood may be maintained to preserve the warm look as shown or allowed to weather naturally to a beautiful silvery gray patina. Plantation-grown teak.,"This teak round dining table is the perfect size to seat 4 adults around. This naturally weather-resistant hardwood may be maintained to preserve the warm look as shown or allowed to weather naturally to a beautiful silvery gray patina. Plantation-grown teak.

<p>This teak round dining table is the perfect size to seat 4 adults around. This naturally weather-resistant hardwood may be maintained to preserve the warm look as shown or allowed to weather naturally to a beautiful silvery gray patina. Plantation-grown teak.</p>

<ul>
  <li>Hardware is zinc-coated steel that has been plated in brass. The zinc helps minimize corrosion, steel was chosen for strength and brass for its luster.</li>
  <li>You may choose to allow your teak to weather to a beautiful silver-gray patina or treat it with an oil or sealer specifically made for teak twice a year to preserve the natural wood/teak’s rustic finish</li>
  <li>Plantation-grown teak is harvested from mature trees that are part of a replenished forestry program</li>
  <li>Base Material: Teak</li>
  <li>Top Color: Light Yellow</li>
  <li>Base Color: Light Yellow</li>
  <li>Seating Capacity: 5</li>
  <li>Table Mechanism: Fixed Table</li>
  <li>Assembly Required: Yes</li>
  <li>Top Material: Teak</li>
  <li>Top Material Details: Plantation-grown teak</li>
</ul>",,fixed,,,True,True,False,True,"['Universal Teak', 'Teak', 'Dining Tables']",Aluminum,2026-05-30 23:33:23.896091+00:00,2026-06-21 02:59:39.754310+00:00
3222,NC2703S,Cabo 3 Seater Sofa,cabo-3-seater-sofa-nc,Cabo,cabo,Deep Seating,,,"Outdoor sofa seating with the incredibly modern and deep seated Cabo Wicker Collection. The UV-protected, wicker offers a flat woven design, creating a contemporary look with clean lines. This piece includes fade- and mildew-resistant Sunbrella® cushions, available in a wide selection of colors.","Outdoor sofa seating with the incredibly modern and deep seated Cabo Wicker Collection. The UV-protected, wicker offers a flat woven design, creating a contemporary look with clean lines. This piece includes fade- and mildew-resistant Sunbrella® cushions, available in a wide selection of colors.

<p>Outdoor sofa seating with the incredibly modern and deep seated Cabo Wicker Collection. The UV-protected, wicker offers a flat woven design, creating a contemporary look with clean lines. This piece includes fade- and mildew-resistant Sunbrella® cushions, available in a wide selection of colors.</p>

<ul>
  <li>Flat woven design – Wicker/Rattan</li>
  <li>Heavy duty rust proof powder coated aluminum frames</li>
  <li>High density polyethylene (HDPE) all weather wicker is infused with UV inhibitors that prevent fading and cracking ordinarily caused by sunlight</li>
  <li>Ultra stain, water, UV, crack and split resistant</li>
  <li>Super comfortable suspension seating</li>
  <li>Mold, mildew and fade resistant</li>
  <li>Easy to maintain; Cleans with soap and water</li>
  <li>6″ thick Outdoor cushions with Sunbrella fabrics included</li>
  <li>Cushion SKU: CUSH270/271</li>
  <li>Seat Size: 75” x 25”, Deck Ht: 13”</li>
</ul>",,fixed,,,True,True,False,True,"['Cabo', 'Woven', 'Deep Seating & Lounge']","Aluminum, Wicker",2026-05-30 23:32:55.557269+00:00,2026-06-08 21:38:25.478000+00:00
3223,NC270SCC-45,Cabo 45 Sectional Corner,cabo-45-sectional-corner-nc,Cabo,cabo,Deep Seating,,,"Outdoor 45 sectional corner with the incredibly modern and deep seated Cabo Wicker Collection. The UV-protected, wicker offers a flat woven design, creating a contemporary look with clean lines. This piece includes fade- and mildew-resistant Sunbrella® cushions, available in a wide selection of colors.","Outdoor 45 sectional corner with the incredibly modern and deep seated Cabo Wicker Collection. The UV-protected, wicker offers a flat woven design, creating a contemporary look with clean lines. This piece includes fade- and mildew-resistant Sunbrella® cushions, available in a wide selection of colors.

<p>Outdoor 45 sectional corner with the incredibly modern and deep seated Cabo Wicker Collection. The UV-protected, wicker offers a flat woven design, creating a contemporary look with clean lines. This piece includes fade- and mildew-resistant Sunbrella® cushions, available in a wide selection of colors.</p>

<ul>
  <li>Flat woven design – Wicker/Rattan</li>
  <li>Heavy duty rust proof powder coated aluminum frames</li>
  <li>High density polyethylene (HDPE) all weather wicker is infused with UV inhibitors that prevent fading and cracking ordinarily caused by sunlight</li>
  <li>Ultra stain, water, UV, crack and split resistant</li>
  <li>Super comfortable suspension seating</li>
  <li>Mold, mildew and fade resistant</li>
  <li>Easy to maintain; Cleans with soap and water</li>
  <li>6″ thick Outdoor cushions with Sunbrella fabrics included</li>
  <li>Cushion SKU: CUSH270/271</li>
  <li>Seat Size: 57.5” x 32”, Deck Ht: 13”</li>
</ul>",,fixed,,,True,True,False,True,"['Cabo', 'Woven', 'Deep Seating & Lounge']","Aluminum, Wicker",2026-05-30 23:32:55.740958+00:00,2026-06-08 21:38:25.838000+00:00
3224,NC270C,Cabo Club Chair,cabo-club-chair-nc,Cabo,cabo,Deep Seating,,,"Outdoor club chair seating with the incredibly modern and deep seated Cabo Wicker Collection. The UV-protected, wicker offers a flat woven design, creating a contemporary look with clean lines. This piece includes fade- and mildew-resistant Sunbrella® cushions, available in a wide selection of colors.","Outdoor club chair seating with the incredibly modern and deep seated Cabo Wicker Collection. The UV-protected, wicker offers a flat woven design, creating a contemporary look with clean lines. This piece includes fade- and mildew-resistant Sunbrella® cushions, available in a wide selection of colors.

<p>Outdoor club chair seating with the incredibly modern and deep seated Cabo Wicker Collection. The UV-protected, wicker offers a flat woven design, creating a contemporary look with clean lines. This piece includes fade- and mildew-resistant Sunbrella® cushions, available in a wide selection of colors.</p>

<ul>
  <li>Flat woven design – Wicker/Rattan</li>
  <li>Heavy duty rust proof powder coated aluminum frames</li>
  <li>High density polyethylene (HDPE) all weather wicker is infused with UV inhibitors that prevent fading and cracking ordinarily caused by sunlight</li>
  <li>Ultra stain, water, UV, crack and split resistant</li>
  <li>Super comfortable suspension seating</li>
  <li>Mold, mildew and fade resistant</li>
  <li>Easy to maintain; Cleans with soap and water</li>
  <li>6″ thick Outdoor cushions with Sunbrella fabrics included</li>
  <li>Cushion SKU: CUSH270/271</li>
  <li>Seat Size: 25” x 25”, Deck Ht: 13”</li>
</ul>",,fixed,,,True,True,False,True,"['Cabo', 'Woven', 'Deep Seating & Lounge']","Aluminum, Wicker",2026-05-30 23:32:55.945342+00:00,2026-06-08 21:38:25.485000+00:00
3225,NC270SCC,Cabo Corner Chair,cabo-corner-chair-nc,Cabo,cabo,Deep Seating,,,"Corner Chair with the incredibly modern and deep seated Cabo Wicker Collection. The UV-protected, wicker offers a flat woven design, creating a contemporary look with clean lines. This piece includes fade- and mildew-resistant Sunbrella® cushions, available in a wide selection of colors.","Corner Chair with the incredibly modern and deep seated Cabo Wicker Collection. The UV-protected, wicker offers a flat woven design, creating a contemporary look with clean lines. This piece includes fade- and mildew-resistant Sunbrella® cushions, available in a wide selection of colors.

<p>Corner Chair with the incredibly modern and deep seated Cabo Wicker Collection. The UV-protected, wicker offers a flat woven design, creating a contemporary look with clean lines. This piece includes fade- and mildew-resistant Sunbrella® cushions, available in a wide selection of colors.</p>

<ul>
  <li>Flat woven design – Wicker/Rattan</li>
  <li>Heavy duty rust proof powder coated aluminum frames</li>
  <li>High density polyethylene (HDPE) all weather wicker is infused with UV inhibitors that prevent fading and cracking ordinarily caused by sunlight</li>
  <li>Ultra stain, water, UV, crack and split resistant</li>
  <li>Super comfortable suspension seating</li>
  <li>Mold, mildew and fade resistant</li>
  <li>Easy to maintain; Cleans with soap and water</li>
  <li>Sectional Pieces Available</li>
</ul>",,fixed,,,True,True,False,True,"['Cabo', 'Woven', 'Deep Seating & Lounge']","Aluminum, Wicker",2026-05-30 23:32:56.138259+00:00,2026-06-08 21:38:25.489000+00:00
3321,NC270CET,Cabo Corner End Table,cabo-corner-end-table-nc,Cabo,cabo,Coffee & Side Tables,,,"Outdoor table within the incredibly modern Cabo Wicker Collection and tempered glass. The UV-protected, wicker offers a flat woven design, creating a contemporary look with clean","Outdoor table within the incredibly modern Cabo Wicker Collection and tempered glass. The UV-protected, wicker offers a flat woven design, creating a contemporary look with clean

<p>Outdoor table within the incredibly modern Cabo Wicker Collection and tempered glass. The UV-protected, wicker offers a flat woven design, creating a contemporary look with clean lines.</p>

<ul>
  <li>Flat woven design – Wicker/Rattan</li>
  <li>Heavy duty rust proof powder coated aluminum frames</li>
  <li>High density polyethylene (HDPE) all weather wicker is infused with UV inhibitors that prevent fading and cracking ordinarily caused by sunlight</li>
  <li>Ultra stain, water, UV, crack and split resistant</li>
  <li>Mold, mildew and fade resistant</li>
  <li>Easy to maintain; Cleans with soap and water</li>
  <li>Tempered Glass</li>
</ul>",,fixed,,,True,True,False,True,"['Cabo', 'Woven', 'Accent Tables']","Aluminum, Wicker",2026-05-30 23:33:30.392329+00:00,2026-06-09 22:52:37.657000+00:00
3226,NC270LL,Cabo Left Arm Sectional Loveseat,cabo-left-arm-sectional-loveseat-nc,Cabo,cabo,Deep Seating,,,"Outdoor sectional loveseat seating with the incredibly modern and deep seated Cabo Wicker Collection. The UV-protected, wicker offers a flat woven design, creating a contemporary look with clean lines. This piece includes fade- and mildew-resistant Sunbrella® cushions, available in a wide selection of colors.","Outdoor sectional loveseat seating with the incredibly modern and deep seated Cabo Wicker Collection. The UV-protected, wicker offers a flat woven design, creating a contemporary look with clean lines. This piece includes fade- and mildew-resistant Sunbrella® cushions, available in a wide selection of colors.

<p>Outdoor sectional loveseat seating with the incredibly modern and deep seated Cabo Wicker Collection. The UV-protected, wicker offers a flat woven design, creating a contemporary look with clean lines. This piece includes fade- and mildew-resistant Sunbrella® cushions, available in a wide selection of colors.</p>

<ul>
  <li>Flat woven design – Wicker/Rattan</li>
  <li>Heavy duty rust proof powder coated aluminum frames</li>
  <li>High density polyethylene (HDPE) all weather wicker is infused with UV inhibitors that prevent fading and cracking ordinarily caused by sunlight</li>
  <li>Ultra stain, water, UV, crack and split resistant</li>
  <li>Super comfortable suspension seating</li>
  <li>Mold, mildew and fade resistant</li>
  <li>Easy to maintain; Cleans with soap and water</li>
  <li>6″ thick Outdoor cushions with Sunbrella fabrics included</li>
  <li>Cushion SKU: CUSH270/271</li>
  <li>Seat Size: 50” x 25”, Deck Ht: 13”</li>
</ul>",,fixed,,,True,True,False,True,"['Cabo', 'Woven', 'Deep Seating & Lounge']","Aluminum, Wicker",2026-05-30 23:32:56.369213+00:00,2026-06-08 21:38:25.841000+00:00
3227,NC270LS,Cabo Loveseat,cabo-loveseat-nc,Cabo,cabo,Deep Seating,,,"Outdoor loveseat seating with the incredibly modern and deep seated Cabo Wicker Collection. The UV-protected, wicker offers a flat woven design, creating a contemporary look with clean lines. This piece includes fade- and mildew-resistant Sunbrella® cushions, available in a wide selection of colors.","Outdoor loveseat seating with the incredibly modern and deep seated Cabo Wicker Collection. The UV-protected, wicker offers a flat woven design, creating a contemporary look with clean lines. This piece includes fade- and mildew-resistant Sunbrella® cushions, available in a wide selection of colors.

<p>Outdoor loveseat seating with the incredibly modern and deep seated Cabo Wicker Collection. The UV-protected, wicker offers a flat woven design, creating a contemporary look with clean lines. This piece includes fade- and mildew-resistant Sunbrella® cushions, available in a wide selection of colors.</p>

<ul>
  <li>Flat woven design – Wicker/Rattan</li>
  <li>Heavy duty rust proof powder coated aluminum frames</li>
  <li>High density polyethylene (HDPE) all weather wicker is infused with UV inhibitors that prevent fading and cracking ordinarily caused by sunlight</li>
  <li>Ultra stain, water, UV, crack and split resistant</li>
  <li>Super comfortable suspension seating</li>
  <li>Mold, mildew and fade resistant</li>
  <li>Easy to maintain; Cleans with soap and water</li>
  <li>6″ thick Outdoor cushions with Sunbrella fabrics included</li>
  <li>Cushion SKU: CUSH270/271</li>
  <li>Seat Size: 50” x 25”, Deck Ht: 13”</li>
</ul>",,fixed,,,True,True,False,True,"['Cabo', 'Woven', 'Deep Seating & Lounge']","Aluminum, Wicker",2026-05-30 23:32:56.590777+00:00,2026-06-08 21:38:25.492000+00:00
3352,NC270O-REC,Cabo Rectangle Ottoman,cabo-rectangle-ottoman-nc,Cabo,cabo,Deep Seating,,,"Rectangle ottoman with the incredibly modern and deep seated Cabo Wicker Collection. The UV-protected, wicker offers a flat woven design, creating a contemporary look with clean lines. This piece includes fade- and mildew-resistant Sunbrella® cushions, available in a wide selection of colors.","Rectangle ottoman with the incredibly modern and deep seated Cabo Wicker Collection. The UV-protected, wicker offers a flat woven design, creating a contemporary look with clean lines. This piece includes fade- and mildew-resistant Sunbrella® cushions, available in a wide selection of colors.

<p>Rectangle ottoman with the incredibly modern and deep seated Cabo Wicker Collection. The UV-protected, wicker offers a flat woven design, creating a contemporary look with clean lines. This piece includes fade- and mildew-resistant Sunbrella® cushions, available in a wide selection of colors.</p>

<ul>
  <li>Flat woven design – Wicker/Rattan</li>
  <li>Heavy duty rust proof powder coated aluminum frames</li>
  <li>High density polyethylene (HDPE) all weather wicker is infused with UV inhibitors that prevent fading and cracking ordinarily caused by sunlight</li>
  <li>Ultra stain, water, UV, crack and split resistant</li>
  <li>Mold, mildew and fade resistant</li>
  <li>Easy to maintain; Cleans with soap and water</li>
  <li>6″ thick Outdoor cushions with Sunbrella fabrics included</li>
  <li>Cushion SKU: CUSH270/271</li>
  <li>Seat Size: 24” x 20”, Deck Ht: 13”</li>
</ul>",,fixed,,,True,True,False,True,"['Cabo', 'Woven', 'Ottomans']","Aluminum, Wicker",2026-05-30 23:33:39.957090+00:00,2026-06-08 21:38:25.892000+00:00
3322,NC270CT-REC,Cabo Rectangular Coffee Table,cabo-rectangular-coffee-table-nc,Cabo,cabo,Coffee & Side Tables,,,"Outdoor coffee table within the incredibly modern Cabo Wicker Collection and tempered glass. The UV-protected, wicker offers a flat woven design, creating a contemporary look with clean","Outdoor coffee table within the incredibly modern Cabo Wicker Collection and tempered glass. The UV-protected, wicker offers a flat woven design, creating a contemporary look with clean

<p>Outdoor coffee table within the incredibly modern Cabo Wicker Collection and tempered glass. The UV-protected, wicker offers a flat woven design, creating a contemporary look with clean lines.</p>

<ul>
  <li>Flat woven design – Wicker/Rattan</li>
  <li>Heavy duty rust proof powder coated aluminum frames</li>
  <li>High density polyethylene (HDPE) all weather wicker is infused with UV inhibitors that prevent fading and cracking ordinarily caused by sunlight</li>
  <li>Ultra stain, water, UV, crack and split resistant</li>
  <li>Mold, mildew and fade resistant</li>
  <li>Easy to maintain; Cleans with soap and water</li>
  <li>Tempered Glass</li>
</ul>",,fixed,,,True,True,False,True,"['Cabo', 'Woven', 'Accent Tables']","Aluminum, Wicker",2026-05-30 23:33:30.643579+00:00,2026-06-09 22:52:37.657000+00:00
3228,NC270RL,Cabo Right Arm Sectional Loveseat,cabo-right-arm-sectional-loveseat-nc,Cabo,cabo,Deep Seating,,,"Outdoor loveseat sectional seating with the incredibly modern and deep seated Cabo Wicker Collection. The UV-protected, wicker offers a flat woven design, creating a contemporary look with clean lines. This piece includes fade- and mildew-resistant Sunbrella® cushions, available in a wide selection of colors.","Outdoor loveseat sectional seating with the incredibly modern and deep seated Cabo Wicker Collection. The UV-protected, wicker offers a flat woven design, creating a contemporary look with clean lines. This piece includes fade- and mildew-resistant Sunbrella® cushions, available in a wide selection of colors.

<p>Outdoor loveseat sectional seating with the incredibly modern and deep seated Cabo Wicker Collection. The UV-protected, wicker offers a flat woven design, creating a contemporary look with clean lines. This piece includes fade- and mildew-resistant Sunbrella® cushions, available in a wide selection of colors.</p>

<ul>
  <li>Flat woven design – Wicker/Rattan</li>
  <li>Heavy duty rust proof powder coated aluminum frames</li>
  <li>High density polyethylene (HDPE) all weather wicker is infused with UV inhibitors that prevent fading and cracking ordinarily caused by sunlight</li>
  <li>Ultra stain, water, UV, crack and split resistant</li>
  <li>Super comfortable suspension seating</li>
  <li>Mold, mildew and fade resistant</li>
  <li>Easy to maintain; Cleans with soap and water</li>
  <li>6″ thick Outdoor cushions with Sunbrella fabrics included</li>
  <li>Cushion SKU: CUSH270/271</li>
  <li>Seat Size: 50” x 25”, Deck Ht: 13”</li>
</ul>",,fixed,,,True,True,False,True,"['Cabo', 'Woven', 'Deep Seating & Lounge']","Aluminum, Wicker",2026-05-30 23:32:56.785832+00:00,2026-06-08 21:38:25.844000+00:00
3229,NC270SCM,Cabo Sectional Middle Chair,cabo-sectional-middle-chair-nc,Cabo,cabo,Deep Seating,,,"Outdoor sectional middle seating with the incredibly modern and deep seated Cabo Wicker Collection. The UV-protected, wicker offers a flat woven design, creating a contemporary look with clean lines. This piece includes fade- and mildew-resistant Sunbrella® cushions, available in a wide selection of colors.","Outdoor sectional middle seating with the incredibly modern and deep seated Cabo Wicker Collection. The UV-protected, wicker offers a flat woven design, creating a contemporary look with clean lines. This piece includes fade- and mildew-resistant Sunbrella® cushions, available in a wide selection of colors.

<p>Outdoor sectional middle seating with the incredibly modern and deep seated Cabo Wicker Collection. The UV-protected, wicker offers a flat woven design, creating a contemporary look with clean lines. This piece includes fade- and mildew-resistant Sunbrella® cushions, available in a wide selection of colors.</p>

<ul>
  <li>Flat woven design – Wicker/Rattan</li>
  <li>Heavy duty rust proof powder coated aluminum frames</li>
  <li>High density polyethylene (HDPE) all weather wicker is infused with UV inhibitors that prevent fading and cracking ordinarily caused by sunlight</li>
  <li>Ultra stain, water, UV, crack and split resistant</li>
  <li>Super comfortable suspension seating</li>
  <li>Mold, mildew and fade resistant</li>
  <li>Easy to maintain; Cleans with soap and water</li>
  <li>6″ thick Outdoor cushions with Sunbrella fabrics included</li>
  <li>Cushion SKU: CUSH270/271</li>
  <li>Seat Size: 25” x 25”, Deck Ht: 13”</li>
</ul>",,fixed,,,True,True,False,True,"['Cabo', 'Woven', 'Deep Seating & Lounge']","Aluminum, Wicker",2026-05-30 23:32:56.976828+00:00,2026-06-08 21:38:25.847000+00:00
3323,NC270CT-SQ,Cabo Square Coffee Table,cabo-square-coffee-table-nc,Cabo,cabo,Coffee & Side Tables,,,"Square coffee table within the incredibly modern Cabo Wicker Collection and tempered glass. The UV-protected, wicker offers a flat woven design, creating a contemporary look with clean","Square coffee table within the incredibly modern Cabo Wicker Collection and tempered glass. The UV-protected, wicker offers a flat woven design, creating a contemporary look with clean

<p>Square coffee table within the incredibly modern Cabo Wicker Collection and tempered glass. The UV-protected, wicker offers a flat woven design, creating a contemporary look with clean lines.</p>

<ul>
  <li>Flat woven design – Wicker/Rattan</li>
  <li>Heavy duty rust proof powder coated aluminum frames</li>
  <li>High density polyethylene (HDPE) all weather wicker is infused with UV inhibitors that prevent fading and cracking ordinarily caused by sunlight</li>
  <li>Ultra stain, water, UV, crack and split resistant</li>
  <li>Mold, mildew and fade resistant</li>
  <li>Easy to maintain; Cleans with soap and water</li>
  <li>Tempered Glass</li>
</ul>",,fixed,,,True,True,False,True,"['Cabo', 'Woven', 'Accent Tables']","Aluminum, Wicker",2026-05-30 23:33:30.761385+00:00,2026-06-09 22:52:37.657000+00:00
3324,NC270ET-SQ,Cabo Square End Table,cabo-square-end-table-nc,Cabo,cabo,Coffee & Side Tables,,,"Square end table within the incredibly modern Cabo Wicker Collection and tempered glass. The UV-protected, wicker offers a flat woven design, creating a contemporary look with clean","Square end table within the incredibly modern Cabo Wicker Collection and tempered glass. The UV-protected, wicker offers a flat woven design, creating a contemporary look with clean

<p>Square end table within the incredibly modern Cabo Wicker Collection and tempered glass. The UV-protected, wicker offers a flat woven design, creating a contemporary look with clean lines.</p>

<ul>
  <li>Flat woven design – Wicker/Rattan</li>
  <li>Heavy duty rust proof powder coated aluminum frames</li>
  <li>High density polyethylene (HDPE) all weather wicker is infused with UV inhibitors that prevent fading and cracking ordinarily caused by sunlight</li>
  <li>Ultra stain, water, UV, crack and split resistant</li>
  <li>Mold, mildew and fade resistant</li>
  <li>Easy to maintain; Cleans with soap and water</li>
  <li>Tempered Glass</li>
</ul>",,fixed,,,True,True,False,True,"['Cabo', 'Woven', 'Accent Tables']","Aluminum, Wicker",2026-05-30 23:33:30.957096+00:00,2026-06-09 22:52:37.657000+00:00
3353,NC270O-SQ,Cabo Square Ottoman,cabo-square-ottoman-nc,Cabo,cabo,Deep Seating,,,"Outdoor square ottoman with the incredibly modern and deep seated Cabo Wicker Collection. The UV-protected, wicker offers a flat woven design, creating a contemporary look with clean lines. This piece includes fade- and mildew-resistant Sunbrella® cushions, available in a wide selection of colors.","Outdoor square ottoman with the incredibly modern and deep seated Cabo Wicker Collection. The UV-protected, wicker offers a flat woven design, creating a contemporary look with clean lines. This piece includes fade- and mildew-resistant Sunbrella® cushions, available in a wide selection of colors.

<p>Outdoor square ottoman with the incredibly modern and deep seated Cabo Wicker Collection. The UV-protected, wicker offers a flat woven design, creating a contemporary look with clean lines. This piece includes fade- and mildew-resistant Sunbrella® cushions, available in a wide selection of colors.</p>

<ul>
  <li>Flat woven design – Wicker/Rattan</li>
  <li>Heavy duty rust proof powder coated aluminum frames</li>
  <li>High density polyethylene (HDPE) all weather wicker is infused with UV inhibitors that prevent fading and cracking ordinarily caused by sunlight</li>
  <li>Ultra stain, water, UV, crack and split resistant</li>
  <li>Mold, mildew and fade resistant</li>
  <li>Easy to maintain; Cleans with soap and water</li>
  <li>6″ thick Outdoor cushions with Sunbrella fabrics included</li>
  <li>Cushion SKU: CUSH270/271</li>
  <li>Seat Size: 25” x 25”, Deck Ht: 13”</li>
</ul>",,fixed,,,True,True,False,True,"['Cabo', 'Woven', 'Ottomans']","Aluminum, Wicker",2026-05-30 23:33:40.183535+00:00,2026-06-08 21:38:25.614000+00:00
3230,NC270SG,Cabo Swivel Glider,cabo-swivel-glider-nc,Cabo,cabo,Deep Seating,,,"Outdoor swivel glider with the incredibly modern and deep seated Cabo Wicker Collection. The UV-protected, wicker offers a flat woven design, creating a contemporary look with clean lines. This piece includes fade- and mildew-resistant Sunbrella® cushions, available in a wide selection of colors.","Outdoor swivel glider with the incredibly modern and deep seated Cabo Wicker Collection. The UV-protected, wicker offers a flat woven design, creating a contemporary look with clean lines. This piece includes fade- and mildew-resistant Sunbrella® cushions, available in a wide selection of colors.

<p>Outdoor swivel glider with the incredibly modern and deep seated Cabo Wicker Collection. The UV-protected, wicker offers a flat woven design, creating a contemporary look with clean lines. This piece includes fade- and mildew-resistant Sunbrella® cushions, available in a wide selection of colors.</p>

<ul>
  <li>Flat woven design – Wicker/Rattan</li>
  <li>Heavy duty rust proof powder coated aluminum frames</li>
  <li>High density polyethylene (HDPE) all weather wicker is infused with UV inhibitors that prevent fading and cracking ordinarily caused by sunlight</li>
  <li>Ultra stain, water, UV, crack and split resistant</li>
  <li>Super comfortable suspension seating</li>
  <li>Mold, mildew and fade resistant</li>
  <li>Easy to maintain; Cleans with soap and water</li>
  <li>6″ thick Outdoor cushions with Sunbrella fabrics included</li>
  <li>Cushion SKU: CUSH270/271</li>
  <li>Seat Size: 25” x 25”, Deck Ht: 13”</li>
</ul>",,fixed,,,True,True,False,True,"['Cabo', 'Woven', 'Deep Seating & Lounge']","Aluminum, Wicker",2026-05-30 23:32:57.166414+00:00,2026-06-08 21:38:25.495000+00:00
3364,NC6100SACL-A,Capri Chaise Lounge,capri-chaise-lounge-nc,Capri,capri,Chaise Lounges,,,"Part of the Aluminum Sling Collection that is super comfortable seating pieces feature a graceful waterfall design. This collection features a durable, rust-proof aluminum frame with a UV-resistant powder coated finish and deluxe weather-resistant sling material that drains well and is easy to clean. Tables feature sturdy tempered glass. Available in multiple finishes and fabrics!","Part of the Aluminum Sling Collection that is super comfortable seating pieces feature a graceful waterfall design. This collection features a durable, rust-proof aluminum frame with a UV-resistant powder coated finish and deluxe weather-resistant sling material that drains well and is easy to clean. Tables feature sturdy tempered glass. Available in multiple finishes and fabrics!

<p>Part of the Aluminum Sling Collection that is super comfortable seating pieces feature a graceful waterfall design. This collection features a durable, rust-proof aluminum frame with a UV-resistant powder coated finish and deluxe weather-resistant sling material that drains well and is easy to clean. Tables feature sturdy tempered glass. Available in multiple finishes and fabrics!</p>

<ul>
  <li>Heavy Gauge Tubular Aluminum Frame</li>
  <li>Textilene Sling Seating</li>
  <li>Your Choice of Fabrics and Finish Combinations</li>
  <li>Transitional Style</li>
  <li>Quick Drying</li>
  <li>Seat: 40” x 19”, Deck Ht: 13.5”</li>
  <li>Stackable</li>
</ul>",,fixed,,,True,True,False,True,"['Aluminum Sling', 'Chaise Lounges']",Aluminum,2026-05-30 23:33:44.056025+00:00,2026-06-08 21:38:25.409000+00:00
3212,NC6100C,Capri Lounge Chair,capri-lounge-chair-nc,Capri,capri,Deep Seating,,,"Part of the Aluminum Sling Collection that is super comfortable seating pieces feature a graceful waterfall design. This collection features a durable, rust-proof aluminum frame with a UV-resistant powder coated finish and deluxe weather-resistant sling material that drains well and is easy to clean. Available in multiple finishes and fabrics!","Part of the Aluminum Sling Collection that is super comfortable seating pieces feature a graceful waterfall design. This collection features a durable, rust-proof aluminum frame with a UV-resistant powder coated finish and deluxe weather-resistant sling material that drains well and is easy to clean. Available in multiple finishes and fabrics!

<p>Part of the Aluminum Sling Collection that is super comfortable seating pieces feature a graceful waterfall design. This collection features a durable, rust-proof aluminum frame with a UV-resistant powder coated finish and deluxe weather-resistant sling material that drains well and is easy to clean. Available in multiple finishes and fabrics!</p>

<ul>
  <li>Heavy Gauge Tubular Aluminum Frame</li>
  <li>Textilene Sling Seating</li>
  <li>Your Choice of Fabrics and Finish Combinations</li>
  <li>Transitional Style</li>
  <li>Quick Drying</li>
  <li>Stackable</li>
  <li>Seat: 19” x 19”, Deck ht: 17”</li>
</ul>",,fixed,,,True,True,False,True,"['Aluminum Sling', 'Deep Seating & Lounge']",Aluminum,2026-05-30 23:32:53.440413+00:00,2026-06-08 21:38:25.786000+00:00
3282,NC6100DT-72,Capri Oval Dining Table,capri-72-oval-dining-table-nc,Capri,capri,Dining,"72""",,"Part of the Aluminum Sling Collection that is super comfortable seating pieces feature a graceful waterfall design. This collection features a durable, rust-proof aluminum frame with a UV-resistant powder coated finish and is easy to clean. Tables feature sturdy tempered glass.","Part of the Aluminum Sling Collection that is super comfortable seating pieces feature a graceful waterfall design. This collection features a durable, rust-proof aluminum frame with a UV-resistant powder coated finish and is easy to clean. Tables feature sturdy tempered glass.

<p>Part of the Aluminum Sling Collection that is super comfortable seating pieces feature a graceful waterfall design. This collection features a durable, rust-proof aluminum frame with a UV-resistant powder coated finish and is easy to clean. Tables feature sturdy tempered glass.</p>

<ul>
  <li>Heavy Gauge Tubular Aluminum Frame</li>
  <li>Transitional Style</li>
  <li>UV-resistant powder coated finish</li>
  <li>True White Color</li>
  <li>With Umbrella Hole</li>
</ul>",,fixed,,,True,True,False,True,"['Aluminum Sling', 'Dining Tables']",Aluminum,2026-05-30 23:33:17.123773+00:00,2026-06-21 02:59:39.754310+00:00
3281,NC6100DT-48,Capri Round Dining Table,capri-48-round-dining-table-nc,Capri,capri,Dining,"48""",,"Part of the Aluminum Sling Collection that is super comfortable seating pieces feature a graceful waterfall design. This collection features a durable, rust-proof aluminum frame with a UV-resistant powder coated finish and is easy to clean. Tables feature sturdy tempered glass.","Part of the Aluminum Sling Collection that is super comfortable seating pieces feature a graceful waterfall design. This collection features a durable, rust-proof aluminum frame with a UV-resistant powder coated finish and is easy to clean. Tables feature sturdy tempered glass.

<p>Part of the Aluminum Sling Collection that is super comfortable seating pieces feature a graceful waterfall design. This collection features a durable, rust-proof aluminum frame with a UV-resistant powder coated finish and is easy to clean. Tables feature sturdy tempered glass.</p>

<ul>
  <li>Heavy Gauge Tubular Aluminum Frame</li>
  <li>Transitional Style</li>
  <li>UV-resistant powder coated finish</li>
  <li>True White Color</li>
  <li>With Umbrella Hole</li>
</ul>",,fixed,,,True,True,False,True,"['Aluminum Sling', 'Dining Tables']",Aluminum,2026-05-30 23:33:16.885846+00:00,2026-06-21 02:59:39.754310+00:00
3280,NC6100DT-30,Capri Round Dining Table,capri-30-round-dining-table-nc,Capri,capri,Dining,"30""",,"Part of the Aluminum Sling Collection that is super comfortable seating pieces feature a graceful waterfall design. This collection features a durable, rust-proof aluminum frame with a UV-resistant powder coated finish and is easy to clean. Tables feature sturdy tempered glass.","Part of the Aluminum Sling Collection that is super comfortable seating pieces feature a graceful waterfall design. This collection features a durable, rust-proof aluminum frame with a UV-resistant powder coated finish and is easy to clean. Tables feature sturdy tempered glass.

<p>Part of the Aluminum Sling Collection that is super comfortable seating pieces feature a graceful waterfall design. This collection features a durable, rust-proof aluminum frame with a UV-resistant powder coated finish and is easy to clean. Tables feature sturdy tempered glass.</p>

<ul>
  <li>Heavy Gauge Tubular Aluminum Frame</li>
  <li>Transitional Style</li>
  <li>UV-resistant powder coated finish</li>
  <li>True White Color</li>
</ul>",,fixed,,,True,True,False,True,"['Aluminum Sling', 'Dining Tables']",Aluminum,2026-05-30 23:33:16.636926+00:00,2026-06-21 02:59:39.754310+00:00
3313,NC6100ET-SQ,Capri Side Table,capri-side-table-nc,Capri,capri,Coffee & Side Tables,,,"Part of the Aluminum Sling Collection that is super comfortable seating pieces feature a graceful waterfall design. This collection features a durable, rust-proof aluminum frame with a UV-resistant powder coated finish and is easy to","Part of the Aluminum Sling Collection that is super comfortable seating pieces feature a graceful waterfall design. This collection features a durable, rust-proof aluminum frame with a UV-resistant powder coated finish and is easy to

<p>Part of the Aluminum Sling Collection that is super comfortable seating pieces feature a graceful waterfall design. This collection features a durable, rust-proof aluminum frame with a UV-resistant powder coated finish and is easy to clean.</p>

<ul>
  <li>Heavy Gauge Tubular Aluminum Frame</li>
  <li>Transitional Style</li>
  <li>UV-resistant powder coated finish</li>
  <li>True White Color</li>
  <li>Tempered Glass included</li>
</ul>",,fixed,,,True,True,False,True,"['Aluminum Sling', 'Accent Tables']",Aluminum,2026-05-30 23:33:28.925950+00:00,2026-06-09 22:52:37.657000+00:00
5291,NC2685BS-CH,Chalfonte Counter Height Stool,chalfonte-counter-height-stool-with-arms-northcape,Chalfonte,,Bar,"24"" x 23.5"" x 43.5""",,,,,fixed,,,True,True,False,True,"['Chalfonte', 'Mixed Media Aluminum', 'Bar & Counter Stools']",Aluminum,2026-06-21 03:05:12.187668+00:00,2026-06-23 00:49:18.721089+00:00
3271,NC2685DC,Chalfonte Dining Chair,chalfonte-dining-chair-stackable-nc,Chalfonte,chalfonte,Dining,,,Features:,"Features:

<p>Features:</p>

<ul>
  <li>High-Density Polyethylene (HDPE) all-weather wicker is infused with UV inhibitors that prevent fading and cracking ordinarily caused by sunlight.</li>
  <li>Thick-gauged, powder-coated aluminum frame offers long lasting durability and rust resistance.</li>
  <li>Wicker design gives it a more tactile, luxurious look and texture.</li>
  <li>Stackable Dining Chair</li>
  <li>Optional: Dining Chair cushion – choose from listed fabrics</li>
</ul>",,fixed,,,True,True,False,True,"['Chalfonte', 'Mixed Media', 'Dining Chairs']","Aluminum, Wicker",2026-05-30 23:33:14.233581+00:00,2026-06-23 00:49:18.721089+00:00
5292,NC2685DLS,Chalfonte Dining Loveseat Bench,chalfonte-dining-loveseat-bench-northcape,Chalfonte,,Dining,"63"" x 14"" x 17""",,,,,fixed,,,True,True,False,True,"['Chalfonte', 'Mixed Media Aluminum', 'Dining Chairs']",Aluminum,2026-06-21 03:05:12.187668+00:00,2026-06-23 00:49:18.721089+00:00
5289,NC2685CH72-REC-DRB,"Chalfonte Rectangle Counter Height Table 72""",chalfonte-72-rectangle-counter-height-table-northcape,Chalfonte,,Dining,"72"" x 33"" x 38""",,,,,fixed,,,True,True,False,True,"['Chalfonte', 'Mixed Media Aluminum', 'Dining Tables']",Aluminum,2026-06-21 03:05:12.187668+00:00,2026-06-23 00:49:18.721089+00:00
5285,NC2685DT72-REC-DRB-DH,"Chalfonte Rectangle Dining Table 72""",chalfonte-72-rectangle-dining-table-northcape,Chalfonte,,Dining,"72"" x 41"" x 29""",,,,,fixed,,,True,True,False,True,"['Chalfonte', 'Mixed Media Aluminum', 'Dining Tables']",Aluminum,2026-06-21 03:05:12.187668+00:00,2026-06-23 00:49:18.721089+00:00
5286,NC2685DT83-REC-DRB-DH,"Chalfonte Rectangle Dining Table 83""",chalfonte-83-rectangle-dining-table-northcape,Chalfonte,,Dining,"83"" x 41"" x 29""",,,,,fixed,,,True,True,False,True,"['Chalfonte', 'Mixed Media Aluminum', 'Dining Tables']",Aluminum,2026-06-21 03:05:12.187668+00:00,2026-06-23 00:49:18.721089+00:00
5293,NC2685SACL,Chalfonte Single Adjustable Chaise Lounge,chalfonte-single-adjustable-chaise-lounge-northcape,Chalfonte,,Deep Seating,"78.5"" x 29.75"" x 15""",,,,,fixed,,,True,True,False,True,"['Chalfonte', 'Mixed Media Aluminum', 'Chaise Lounges']",Aluminum,2026-06-21 03:05:12.187668+00:00,2026-06-23 00:49:18.721089+00:00
5287,NC2685CH33-SQ-DRB,"Chalfonte Square Counter Height Table 33""",chalfonte-33-square-counter-height-table-northcape,Chalfonte,,Dining,"33"" x 33"" x 38""",,,,,fixed,,,True,True,False,True,"['Chalfonte', 'Mixed Media Aluminum', 'Dining Tables']",Aluminum,2026-06-21 03:05:12.187668+00:00,2026-06-23 00:49:18.721089+00:00
5288,NC2685CH41-SQ-DRB,"Chalfonte Square Counter Height Table 41""",chalfonte-41-square-counter-height-table-northcape,Chalfonte,,Dining,"41"" x 41"" x 38""",,,,,fixed,,,True,True,False,True,"['Chalfonte', 'Mixed Media Aluminum', 'Dining Tables']",Aluminum,2026-06-21 03:05:12.187668+00:00,2026-06-23 00:49:18.721089+00:00
5283,NC2685DT33-SQ-DRB-DH,"Chalfonte Square Dining Table 33""",chalfonte-33-square-dining-table-northcape,Chalfonte,,Dining,"33"" x 33"" x 29""",,,,,fixed,,,True,True,False,True,"['Chalfonte', 'Mixed Media Aluminum', 'Dining Tables']",Aluminum,2026-06-21 03:05:12.187668+00:00,2026-06-23 00:49:18.721089+00:00
5284,NC2685DT41-SQ-DRB-DH,"Chalfonte Square Dining Table 41""",chalfonte-41-square-dining-table-northcape,Chalfonte,,Dining,"41"" x 41"" x 29""",,,,,fixed,,,True,True,False,True,"['Chalfonte', 'Mixed Media Aluminum', 'Dining Tables']",Aluminum,2026-06-21 03:05:12.187668+00:00,2026-06-23 00:49:18.721089+00:00
5290,NC2685SWDC,Chalfonte Swivel Rocker Dining Chair,chalfonte-swivel-rocker-dining-chair-northcape,Chalfonte,,Dining,"23.5"" x 24"" x 36""",,,,,fixed,,,True,True,False,True,"['Chalfonte', 'Mixed Media Aluminum', 'Dining Chairs']",Aluminum,2026-06-21 03:05:12.187668+00:00,2026-06-23 00:49:18.721089+00:00
5529,NC6701C,Chesapeake Bay Lounge Chair,chesapeake-bay-lounge-chair-nc6701c,Chesapeake Bay 6701,,Deep Seating,"28"" x 31"" x 27"" H",,,,,fixed,,,True,False,False,True,"['Chesapeake Bay 6701', 'Mixed Media Aluminum', 'Deep Seating']",Aluminum,2026-06-23 00:49:18.721089+00:00,2026-06-23 00:49:18.721089+00:00
5528,NC6701-LS,Chesapeake Bay Loveseat,chesapeake-bay-loveseat-nc6701-ls,Chesapeake Bay 6701,,Deep Seating,"53"" x 31"" x 27"" H",,,,,fixed,,,True,False,False,True,"['Chesapeake Bay 6701', 'Mixed Media Aluminum', 'Deep Seating']",Aluminum,2026-06-23 00:49:18.721089+00:00,2026-06-23 00:49:18.721089+00:00
5531,NC6701O-REC,Chesapeake Bay Ottoman,chesapeake-bay-ottoman-nc6701o-rec,Chesapeake Bay 6701,,Deep Seating,"28"" x 20"" x 15"" H",,,,,fixed,,,True,False,False,True,"['Chesapeake Bay 6701', 'Mixed Media Aluminum', 'Deep Seating']",Aluminum,2026-06-23 00:49:18.721089+00:00,2026-06-23 00:49:18.721089+00:00
5533,NC6701RCT,Chesapeake Bay Round Slat Coffee Table,chesapeake-bay-round-slat-coffee-table-nc6701rct,Chesapeake Bay 6701,,Coffee & Side Tables,"36"" x 36"" x 18"" H",,,,,fixed,,,True,False,False,True,"['Chesapeake Bay 6701', 'Mixed Media Aluminum', 'Coffee & Side Tables']",Aluminum,2026-06-23 00:49:18.721089+00:00,2026-06-23 00:49:18.721089+00:00
5532,NC6701-RET,Chesapeake Bay Round Slat End Table,chesapeake-bay-round-slat-end-table-nc6701-ret,Chesapeake Bay 6701,,Coffee & Side Tables,"19"" x 19"" x 22"" H",,,,,fixed,,,True,False,False,True,"['Chesapeake Bay 6701', 'Mixed Media Aluminum', 'Coffee & Side Tables']",Aluminum,2026-06-23 00:49:18.721089+00:00,2026-06-23 00:49:18.721089+00:00
5527,NC674013S,Chesapeake Bay Sofa,chesapeake-bay-sofa-nc674013s,Chesapeake Bay 6701,,Deep Seating,"78"" x 31"" x 27"" H",,,,,fixed,,,True,False,False,True,"['Chesapeake Bay 6701', 'Mixed Media Aluminum', 'Deep Seating']",Aluminum,2026-06-23 00:49:18.721089+00:00,2026-06-23 00:49:18.721089+00:00
5530,NC6701SR,Chesapeake Bay Swivel Rocker,chesapeake-bay-swivel-rocker-nc6701sr,Chesapeake Bay 6701,,Deep Seating,"28"" x 31"" x 27"" H",,,,,fixed,,,True,False,False,True,"['Chesapeake Bay 6701', 'Mixed Media Aluminum', 'Deep Seating']",Aluminum,2026-06-23 00:49:18.721089+00:00,2026-06-23 00:49:18.721089+00:00
3231,NC65183S,Edgewater 3 Seater Sofa,edgewater-3-seater-sofa-nc,Edgewater,edgewater,Deep Seating,,,"The pieces in the Edgewater Collection are specially-sized to fit well in smaller spaces, allowing more seating room for your guests. This set features a 14mm resin finish with a half round design that combines with a rich, multi-toned finish on the frame and legs. The rich brown wicker is made from High-Density Polyethylene..","The pieces in the Edgewater Collection are specially-sized to fit well in smaller spaces, allowing more seating room for your guests. This set features a 14mm resin finish with a half round design that combines with a rich, multi-toned finish on the frame and legs. The rich brown wicker is made from High-Density Polyethylene..

<p>The pieces in the Edgewater Collection are specially-sized to fit well in smaller spaces, allowing more seating room for your guests. This set features a 14mm resin finish with a half round design that combines with a rich, multi-toned finish on the frame and legs. The rich brown wicker is made from High-Density Polyethylene..</p>

<ul>
  <li>HDPE All Weather Resin Wicker</li>
  <li>UV inhibitors that prevent fading and cracking ordinarily caused by sunlight.</li>
  <li>Thick-gauged, powder-coated aluminum frame in a dark, multi-tonal finish offers long lasting durability and rust resistance.</li>
  <li>Rustic Finish – Husk</li>
  <li>Plush cushions with 2 small back buttons that can be unzipped in Sunbrella® fabric.</li>
  <li>CUSH6510-3S: 6 pc. cushion, 4.5</li>
  <li>Seat Size: 66” x 23”, Deck ht: 12.5”</li>
</ul>",,fixed,,,True,True,False,True,"['Edgewater', 'Woven', 'Deep Seating & Lounge']","Aluminum, Wicker",2026-05-30 23:32:57.338690+00:00,2026-06-08 21:38:25.498000+00:00
3232,NC6518C,Edgewater Lounge Chair,edgewater-lounge-chair-nc,Edgewater,edgewater,Deep Seating,,,"The pieces in the Edgewater Collection are specially-sized to fit well in smaller spaces, allowing more seating room for your guests. This set features a 14mm resin finish with a half round design that combines with a rich, multi-toned finish on the frame and legs. The rich brown wicker is made from High-Density Polyethylene..","The pieces in the Edgewater Collection are specially-sized to fit well in smaller spaces, allowing more seating room for your guests. This set features a 14mm resin finish with a half round design that combines with a rich, multi-toned finish on the frame and legs. The rich brown wicker is made from High-Density Polyethylene..

<p>The pieces in the Edgewater Collection are specially-sized to fit well in smaller spaces, allowing more seating room for your guests. This set features a 14mm resin finish with a half round design that combines with a rich, multi-toned finish on the frame and legs. The rich brown wicker is made from High-Density Polyethylene..</p>

<ul>
  <li>HDPE All Weather Resin Wicker</li>
  <li>UV inhibitors that prevent fading and cracking ordinarily caused by sunlight.</li>
  <li>Thick-gauged, powder-coated aluminum frame in a dark, multi-tonal finish offers long lasting durability and rust resistance.</li>
  <li>Rustic Finish – Husk</li>
  <li>Plush cushions with 2 small back buttons that can be unzipped in Sunbrella® fabric.</li>
  <li>CUSH6510C: 2 pc. cushion, 4.5”</li>
  <li>Seat Size: 22” x 23”, Deck ht: 12.5”</li>
</ul>",,fixed,,,True,True,False,True,"['Edgewater', 'Woven', 'Deep Seating & Lounge']","Aluminum, Wicker",2026-05-30 23:32:57.564499+00:00,2026-06-08 21:38:25.850000+00:00
3233,NC6518LS,Edgewater Loveseat,edgewater-loveseat-nc,Edgewater,edgewater,Deep Seating,,,"The pieces in the Edgewater Collection are specially-sized to fit well in smaller spaces, allowing more seating room for your guests. This set features a 14mm resin finish with a half round design that combines with a rich, multi-toned finish on the frame and legs. The rich brown wicker is made from High-Density Polyethylene..","The pieces in the Edgewater Collection are specially-sized to fit well in smaller spaces, allowing more seating room for your guests. This set features a 14mm resin finish with a half round design that combines with a rich, multi-toned finish on the frame and legs. The rich brown wicker is made from High-Density Polyethylene..

<p>The pieces in the Edgewater Collection are specially-sized to fit well in smaller spaces, allowing more seating room for your guests. This set features a 14mm resin finish with a half round design that combines with a rich, multi-toned finish on the frame and legs. The rich brown wicker is made from High-Density Polyethylene..</p>

<ul>
  <li>HDPE All Weather Resin Wicker</li>
  <li>UV inhibitors that prevent fading and cracking ordinarily caused by sunlight.</li>
  <li>Thick-gauged, powder-coated aluminum frame in a dark, multi-tonal finish offers long lasting durability and rust resistance.</li>
  <li>Rustic Finish – Husk</li>
  <li>Plush cushions with 2 small back buttons that can be unzipped in Sunbrella® fabric.</li>
  <li>CUSH6510LS: 4 pc. cushion, 4.5”</li>
  <li>Seat Size: 44” x 23” , Deck ht: 12.5”</li>
</ul>",,fixed,,,True,True,False,True,"['Edgewater', 'Woven', 'Deep Seating & Lounge']","Aluminum, Wicker",2026-05-30 23:32:57.738172+00:00,2026-06-08 21:38:25.501000+00:00
3325,NC6518CT-REC,Edgewater Rectangular Coffee Table,edgewater-rectangular-coffee-table-nc,Edgewater,edgewater,Coffee & Side Tables,,,"The pieces in the Edgewater Collection are specially-sized to fit well in smaller spaces, allowing more seating room for your guests. This set features a 14mm resin finish with a half round design that combines with a rich, multi-toned finish on the frame and legs. The rich brown wicker is made from High-Density Polyethylene..","The pieces in the Edgewater Collection are specially-sized to fit well in smaller spaces, allowing more seating room for your guests. This set features a 14mm resin finish with a half round design that combines with a rich, multi-toned finish on the frame and legs. The rich brown wicker is made from High-Density Polyethylene..

<p>The pieces in the Edgewater Collection are specially-sized to fit well in smaller spaces, allowing more seating room for your guests. This set features a 14mm resin finish with a half round design that combines with a rich, multi-toned finish on the frame and legs. The rich brown wicker is made from High-Density Polyethylene..</p>

<ul>
  <li>HDPE All Weather Resin Wicker</li>
  <li>UV inhibitors that prevent fading and cracking ordinarily caused by sunlight.</li>
  <li>Thick-gauged, powder-coated aluminum frame in a dark, multi-tonal finish offers long lasting durability and rust resistance.</li>
  <li>Rustic Finish – Husk</li>
  <li>Glass Top</li>
</ul>",,fixed,,,True,True,False,True,"['Edgewater', 'Woven', 'Accent Tables']","Aluminum, Wicker",2026-05-30 23:33:31.122483+00:00,2026-06-09 22:52:37.657000+00:00
3354,NC6518O-REC,Edgewater Rectangular Ottoman,edgewater-rectangular-ottoman-nc,Edgewater,edgewater,Deep Seating,,,"The pieces in the Edgewater Collection are specially-sized to fit well in smaller spaces, allowing more seating room for your guests. This set features a 14mm resin finish with a half round design that combines with a rich, multi-toned finish on the frame and legs. The rich brown wicker is made from High-Density Polyethylene..","The pieces in the Edgewater Collection are specially-sized to fit well in smaller spaces, allowing more seating room for your guests. This set features a 14mm resin finish with a half round design that combines with a rich, multi-toned finish on the frame and legs. The rich brown wicker is made from High-Density Polyethylene..

<p>The pieces in the Edgewater Collection are specially-sized to fit well in smaller spaces, allowing more seating room for your guests. This set features a 14mm resin finish with a half round design that combines with a rich, multi-toned finish on the frame and legs. The rich brown wicker is made from High-Density Polyethylene..</p>

<ul>
  <li>HDPE All Weather Resin Wicker</li>
  <li>UV inhibitors that prevent fading and cracking ordinarily caused by sunlight.</li>
  <li>Thick-gauged, powder-coated aluminum frame in a dark, multi-tonal finish offers long lasting durability and rust resistance.</li>
  <li>Rustic Finish – Husk</li>
  <li>Plush cushions with 2 small back buttons that can be unzipped in Sunbrella® fabric.</li>
  <li>CUSH600O-REC: 1 pc. cushion</li>
  <li>Seat Size: 22” x 20”, Deck ht: 12.5”</li>
</ul>",,fixed,,,True,True,False,True,"['Edgewater', 'Woven', 'Ottomans']","Aluminum, Wicker",2026-05-30 23:33:40.362365+00:00,2026-06-08 21:38:25.619000+00:00
3326,NC6518R-CHT,Edgewater Rotating Chat Table,edgewater-rotating-chat-table-nc,Edgewater,edgewater,Coffee & Side Tables,,,"The pieces in the Edgewater Collection are specially-sized to fit well in smaller spaces, allowing more seating room for your guests. This set features a 14mm resin finish with a half round design that combines with a rich, multi-toned finish on the frame and legs. The rich brown wicker is made from High-Density Polyethylene..","The pieces in the Edgewater Collection are specially-sized to fit well in smaller spaces, allowing more seating room for your guests. This set features a 14mm resin finish with a half round design that combines with a rich, multi-toned finish on the frame and legs. The rich brown wicker is made from High-Density Polyethylene..

<p>The pieces in the Edgewater Collection are specially-sized to fit well in smaller spaces, allowing more seating room for your guests. This set features a 14mm resin finish with a half round design that combines with a rich, multi-toned finish on the frame and legs. The rich brown wicker is made from High-Density Polyethylene..</p>

<ul>
  <li>HDPE All Weather Resin Wicker</li>
  <li>UV inhibitors that prevent fading and cracking ordinarily caused by sunlight.</li>
  <li>Thick-gauged, powder-coated aluminum frame in a dark, multi-tonal finish offers long lasting durability and rust resistance.</li>
  <li>Rustic Finish – Husk</li>
  <li>Rotating Chat Table with an inset glass top rotates 360 degrees.</li>
  <li>Glass Top</li>
</ul>",,fixed,,,True,True,False,True,"['Edgewater', 'Woven', 'Accent Tables']","Aluminum, Wicker",2026-05-30 23:33:31.293088+00:00,2026-06-09 22:52:37.657000+00:00
3327,NC6518ET-SQ,Edgewater Square End Table,edgewater-square-end-table-nc,Edgewater,edgewater,Coffee & Side Tables,,,"The pieces in the Edgewater Collection are specially-sized to fit well in smaller spaces, allowing more seating room for your guests. This set features a 14mm resin finish with a half round design that combines with a rich, multi-toned finish on the frame and legs. The rich brown wicker is made from High-Density Polyethylene..","The pieces in the Edgewater Collection are specially-sized to fit well in smaller spaces, allowing more seating room for your guests. This set features a 14mm resin finish with a half round design that combines with a rich, multi-toned finish on the frame and legs. The rich brown wicker is made from High-Density Polyethylene..

<p>The pieces in the Edgewater Collection are specially-sized to fit well in smaller spaces, allowing more seating room for your guests. This set features a 14mm resin finish with a half round design that combines with a rich, multi-toned finish on the frame and legs. The rich brown wicker is made from High-Density Polyethylene..</p>

<ul>
  <li>HDPE All Weather Resin Wicker</li>
  <li>UV inhibitors that prevent fading and cracking ordinarily caused by sunlight.</li>
  <li>Thick-gauged, powder-coated aluminum frame in a dark, multi-tonal finish offers long lasting durability and rust resistance.</li>
  <li>Rustic Finish – Husk</li>
  <li>Glass Top</li>
</ul>",,fixed,,,True,True,False,True,"['Edgewater', 'Woven', 'Accent Tables']","Aluminum, Wicker",2026-05-30 23:33:31.456732+00:00,2026-06-09 22:52:37.657000+00:00
3234,NC6518SR,Edgewater Swivel Rocker,edgewater-swivel-rocker-nc,Edgewater,edgewater,Deep Seating,,,"The pieces in the Edgewater Collection are specially-sized to fit well in smaller spaces, allowing more seating room for your guests. This set features a 14mm resin finish with a half round design that combines with a rich, multi-toned finish on the frame and legs. The rich brown wicker is made from High-Density Polyethylene..","The pieces in the Edgewater Collection are specially-sized to fit well in smaller spaces, allowing more seating room for your guests. This set features a 14mm resin finish with a half round design that combines with a rich, multi-toned finish on the frame and legs. The rich brown wicker is made from High-Density Polyethylene..

<p>The pieces in the Edgewater Collection are specially-sized to fit well in smaller spaces, allowing more seating room for your guests. This set features a 14mm resin finish with a half round design that combines with a rich, multi-toned finish on the frame and legs. The rich brown wicker is made from High-Density Polyethylene..</p>

<ul>
  <li>HDPE All Weather Resin Wicker</li>
  <li>UV inhibitors that prevent fading and cracking ordinarily caused by sunlight.</li>
  <li>Thick-gauged, powder-coated aluminum frame in a dark, multi-tonal finish offers long lasting durability and rust resistance.</li>
  <li>Rustic Finish – Husk</li>
  <li>Plush cushions with 2 small back buttons that can be unzipped in Sunbrella® fabric.</li>
  <li>CUSH6510C: 2 pc. cushion, 4.5”</li>
  <li>Seat Size: 22” x 23”, Deck ht: 12.5”</li>
</ul>",,fixed,,,True,True,False,True,"['Edgewater', 'Woven', 'Deep Seating & Lounge']","Aluminum, Wicker",2026-05-30 23:32:57.938397+00:00,2026-06-08 21:38:25.854000+00:00
3371,NC5319RCT-48-CAL,"Cal Sil Fire Table Rectangle 48"" x 32""",48-x-32-cal-sil-fire-table-rectangle-nc,Fire Tables,48,Fire Tables,,,,"<ul>
  <li>48″ Rectangle Fire Table includes burner, windscreen (36″ x 12″ x 8″H) , fire glass and lid.</li>
  <li>Adjustable Flame Height.</li>
  <li>Match light igniter for added safety.</li>
  <li>Easy-access on/off valve.</li>
  <li>25,000 BTU</li>
  <li>Propane Tank or Natural Gas line</li>
  <li>Material is a 5 layer composite system comprising high-performance bonding agents, natural mineral granules, and a hard wearing topcoat with UV inhibitors.</li>
  <li>High tensile strength.</li>
  <li>Safe to use on a deck/patio.</li>
  <li>Do not use fire tables to cook any food items.</li>
  <li>Stone-effect finish.</li>
  <li>Weighs up to 80% less than traditional stone.</li>
  <li>Easy to handle; less risk of injury when lifting.</li>
  <li>Burner made in the USA</li>
  <li>Clean regularly with a soft brush and warm water.</li>
  <li>If heavily soiled, add a little mild dishwashing soap to warm water, clean, and rinse thoroughly.</li>
  <li>Do not cover with unvented plastic or canvas covers.</li>
  <li>Do not use strong chemical cleaning agents, abrasives or solvents.</li>
  <li>Quickly clean up spills with a damp sponge or cloth.</li>
</ul>",,fixed,,,True,True,False,True,['Fire Tables'],Aluminum,2026-05-30 23:33:45.461969+00:00,2026-06-23 00:49:18.721089+00:00
5537,NC5319RCT-48-TAN,"Cal Sil Fire Table Rectangle 48"" x 32"" Tangent Top",cal-sil-fire-table-rectangle-48-x-32-tangent-top-nc5319rct-48-tan,Fire Tables,,Fire Tables,"48"" x 32"" x 25"" H; 25,000 BTU",,,,,fixed,,,True,False,False,True,"['Fire Tables', 'Aluminum', 'Fire Tables']",Aluminum,2026-06-23 00:49:18.721089+00:00,2026-06-23 00:49:18.721089+00:00
3370,NC5319R-42-CAL,"Cal Sil Fire Table Round 42""",42-cal-sil-fire-table-round-nc,Fire Tables,42,Fire Tables,"42""",,,"<ul>
  <li>42″ Round Fire Table includes burner, windscreen, fire glass and 16″ lid.</li>
  <li>Natural Gas or Propane</li>
  <li>45,000 BTU</li>
  <li>Adjustable Flame Height.</li>
  <li>Match light igniter for added safety.</li>
  <li>Easy-access on/off valve.</li>
  <li>Diameter of the bowl 19.5″ inside the bowl where the fire glass is 16″</li>
  <li>Height of the glass is 8.25″</li>
  <li>Material is a 5 layer composite system comprising high- performance bonding agents, natural mineral granules, and a hard wearing topcoat with UV inhibitors.</li>
  <li>Stone-effect finish.</li>
  <li>Weighs up to 80% less than traditional stone.</li>
  <li>Easy to handle; less risk of injury when lifting.</li>
  <li>High tensile strength.</li>
  <li>Safe to use on a deck/patio.</li>
  <li>Do not use fire tables to cook any food items.</li>
  <li>Burner made in the USA</li>
  <li>Clean regularly with a soft brush and warm water. If heavily soiled, add a little mild dishwashing soap to warm water, clean, and rinse thoroughly.</li>
  <li>Do not cover with unvented plastic or canvas covers.</li>
  <li>Do not use strong chemical cleaning agents, abrasives or solvents.</li>
  <li>Quickly clean up spills with a damp sponge or cloth.</li>
</ul>",,fixed,,,True,True,False,True,['Fire Tables'],Aluminum,2026-05-30 23:33:45.275644+00:00,2026-06-23 00:49:18.721089+00:00
5536,NC5319R-42-TAN,"Cal Sil Fire Table Round 42"" Tangent Top",cal-sil-fire-table-round-42-tangent-top-nc5319r-42-tan,Fire Tables,,Fire Tables,"42"" Dia. x 25"" H; 45,000 BTU",,,,,fixed,,,True,False,False,True,"['Fire Tables', 'Aluminum', 'Fire Tables']",Aluminum,2026-06-23 00:49:18.721089+00:00,2026-06-23 00:49:18.721089+00:00
3372,NC5314RCT,"Woven Fire Table Rectangle 48""",48-woven-fire-table-rectangle-nc,Fire Tables,48,Fire Tables,"48""",,,"<ul>
  <li>48″ x 36″ Woven Rectangle Fire Table with Glass Top, Burner & Fire Glass (instead of stones).</li>
  <li>25,000 BTU</li>
  <li>Natural Gas or Propane</li>
  <li>Lid and windscreen included.</li>
  <li>Adjustable Flame Height</li>
  <li>Match light igniter for added safety</li>
  <li>Easy-access on/off valve</li>
  <li>Safe to use on a deck/patio</li>
  <li>Do not use fire tables to cook any food items</li>
  <li>Stone-effect finish.</li>
  <li>Weighs up to 80% less than traditional stone.</li>
  <li>Easy to handle; less risk of injury when lifting.</li>
  <li>High tensile strength.</li>
  <li>Safe to use on a deck/patio.</li>
  <li>Do not use fire tables to cook any food items.</li>
  <li>Burner made in the USA</li>
  <li>Clean regularly with a soft brush and warm water. If heavily soiled, add a little mild dishwashing soap to warm water, clean, and rinse thoroughly.</li>
  <li>Do not cover with unvented plastic or canvas covers.</li>
  <li>Do not use strong chemical cleaning agents, abrasives or solvents.</li>
  <li>Quickly clean up spills with a damp sponge or cloth.</li>
</ul>",,fixed,,,True,True,False,True,['Fire Tables'],Aluminum,2026-05-30 23:33:45.746643+00:00,2026-06-23 00:49:18.721089+00:00
3369,NC5314R-42,"Woven Fire Table Round 42""",42-woven-fire-table-round-nc,Fire Tables,42,Fire Tables,,,,"<ul>
  <li>42″ Woven Round Fire Table with Glass Top, Burner & Fire Glass</li>
  <li>Adjustable Flame Height</li>
  <li>Match light igniter for added safety</li>
  <li>Easy-access on/off valve</li>
  <li>Safe to use on a deck/patio</li>
  <li>Do not use fire tables to cook any food items</li>
  <li>Propane container or Natural Gas line.</li>
  <li>45,000 BTU</li>
  <li>Safe to use on a deck/patio.</li>
  <li>Do not use fire tables to cook any food items.</li>
  <li>Stone-effect finish.</li>
  <li>Weighs up to 80% less than traditional stone.</li>
  <li>Easy to handle; less risk of injury when lifting.</li>
  <li>Burner made in the USA</li>
  <li>Clean regularly with a soft brush and warm water.</li>
  <li>If heavily soiled, add a little mild dishwashing soap to warm water, clean, and rinse thoroughly.</li>
  <li>Do not cover with unvented plastic or canvas covers.</li>
  <li>Do not use strong chemical cleaning agents, abrasives or solvents.</li>
  <li>Quickly clean up spills with a damp sponge or cloth.</li>
</ul>",,fixed,,,True,True,False,True,['Fire Tables'],Aluminum,2026-05-30 23:33:45.051810+00:00,2026-06-23 00:49:18.721089+00:00
5547,NC4331CT-REC-GL,Grand Stafford Coffee Table Glass Top,grand-stafford-coffee-table-glass-top-nc4331ct-rec-gl,Grand Stafford,,Coffee & Side Tables,"44"" x 28""",,,,,fixed,,,True,False,False,True,"['Grand Stafford', 'Wicker', 'Coffee & Side Tables']",Wicker,2026-06-23 00:49:18.721089+00:00,2026-06-23 00:49:18.721089+00:00
5548,NC4331ET-SQ-GL,Grand Stafford End Table Glass Top,grand-stafford-end-table-glass-top-nc4331et-sq-gl,Grand Stafford,,Coffee & Side Tables,"22"" x 22""",,,,,fixed,,,True,False,False,True,"['Grand Stafford', 'Wicker', 'Coffee & Side Tables']",Wicker,2026-06-23 00:49:18.721089+00:00,2026-06-23 00:49:18.721089+00:00
3235,NC4331C,Grand Stafford Lounge Chair,grand-stafford-lounge-chair-nc,Grand Stafford,grand,Deep Seating,,,"The Grand Stafford Collection combines a high-back design with plush headrest-style cushions to provide the ultimate in comfort. The set is supported by thick-gauged, powder-coated aluminum frames that make it extremely durable and resistant to corrosion. Also included are plush, headrest-style cushions.","The Grand Stafford Collection combines a high-back design with plush headrest-style cushions to provide the ultimate in comfort. The set is supported by thick-gauged, powder-coated aluminum frames that make it extremely durable and resistant to corrosion. Also included are plush, headrest-style cushions.

<p>The Grand Stafford Collection combines a high-back design with plush headrest-style cushions to provide the ultimate in comfort. The set is supported by thick-gauged, powder-coated aluminum frames that make it extremely durable and resistant to corrosion. Also included are plush, headrest-style cushions.</p>

<ul>
  <li>Thick-gauged, powder-coated aluminum frame finish offers long lasting durability and rust resistance.</li>
  <li>High-Density Polyethylene (HDPE) all-weather wicker is infused with UV inhibitors that prevent fading and cracking ordinarily caused by sunlight..</li>
  <li>High-back design with plush headrest-style cushion provide the ultimate in comfort</li>
  <li>Sunbrella® cushion covers provide unmatched fade, moisture and mildew resistance, and can be easily unzipped for cleaning.</li>
</ul>",,fixed,,,True,True,False,True,"['Grand Stafford', 'Woven', 'Deep Seating & Lounge']","Aluminum, Wicker",2026-05-30 23:32:58.274761+00:00,2026-06-23 00:49:18.721089+00:00
3236,NC4331LS,Grand Stafford Loveseat,grand-stafford-loveseat-nc,Grand Stafford,grand,Deep Seating,,,"The Grand Stafford Collection combines a high-back design with plush headrest-style cushions to provide the ultimate in comfort. The set is supported by thick-gauged, powder-coated aluminum frames that make it extremely durable and resistant to corrosion. Also included are plush, headrest-style cushions.","The Grand Stafford Collection combines a high-back design with plush headrest-style cushions to provide the ultimate in comfort. The set is supported by thick-gauged, powder-coated aluminum frames that make it extremely durable and resistant to corrosion. Also included are plush, headrest-style cushions.

<p>The Grand Stafford Collection combines a high-back design with plush headrest-style cushions to provide the ultimate in comfort. The set is supported by thick-gauged, powder-coated aluminum frames that make it extremely durable and resistant to corrosion. Also included are plush, headrest-style cushions.</p>

<ul>
  <li>Thick-gauged, powder-coated aluminum frame finish offers long lasting durability and rust resistance.</li>
  <li>High-Density Polyethylene (HDPE) all-weather wicker is infused with UV inhibitors that prevent fading and cracking ordinarily caused by sunlight..</li>
  <li>High-back design with plush headrest-style cushion provide the ultimate in comfort</li>
  <li>Sunbrella® cushion covers provide unmatched fade, moisture and mildew resistance, and can be easily unzipped for cleaning.</li>
</ul>",,fixed,,,True,True,False,True,"['Grand Stafford', 'Woven', 'Deep Seating & Lounge']","Aluminum, Wicker",2026-05-30 23:32:58.659369+00:00,2026-06-23 00:49:18.721089+00:00
3328,NC4331CT-REC,Grand Stafford Rectangular Coffee Table,grand-stafford-rectangular-coffee-table-nc,Grand Stafford,grand,Coffee & Side Tables,,,The Grand Stafford Rectangular Coffee,"The Grand Stafford Rectangular Coffee

<p>The Grand Stafford Rectangular Coffee Table</p>

<ul>
  <li>Sturdy commercial grade aluminum frame</li>
  <li>HDPE resin is hand woven over the frame</li>
  <li>Durable resin weave gives this collection an elegant, understated style</li>
  <li>Weather & UV Resistant</li>
  <li>Glass Included</li>
</ul>",,fixed,,,True,True,False,True,"['Grand Stafford', 'Woven', 'Accent Tables']","Aluminum, Wicker",2026-05-30 23:33:31.730080+00:00,2026-06-23 00:49:18.721089+00:00
3355,NC4331O-REC,Grand Stafford Rectangular Ottoman,grand-stafford-rectangular-ottoman-nc,Grand Stafford,grand,Deep Seating,,,"The Grand Stafford Collection combines a high-back design with plush headrest-style cushions to provide the ultimate in comfort. The set is supported by thick-gauged, powder-coated aluminum frames that make it extremely durable and resistant to corrosion. Also included are plush, headrest-style cushions.","The Grand Stafford Collection combines a high-back design with plush headrest-style cushions to provide the ultimate in comfort. The set is supported by thick-gauged, powder-coated aluminum frames that make it extremely durable and resistant to corrosion. Also included are plush, headrest-style cushions.

<p>The Grand Stafford Collection combines a high-back design with plush headrest-style cushions to provide the ultimate in comfort. The set is supported by thick-gauged, powder-coated aluminum frames that make it extremely durable and resistant to corrosion. Also included are plush, headrest-style cushions.</p>

<ul>
  <li>Thick-gauged, powder-coated aluminum frame finish offers long lasting durability and rust resistance.</li>
  <li>High-Density Polyethylene (HDPE) all-weather wicker is infused with UV inhibitors that prevent fading and cracking ordinarily caused by sunlight..</li>
  <li>High-back design with plush headrest-style cushion provide the ultimate in comfort</li>
  <li>Sunbrella® cushion covers provide unmatched fade, moisture and mildew resistance, and can be easily unzipped for cleaning.</li>
</ul>",,fixed,,,True,True,False,True,"['Grand Stafford', 'Woven', 'Ottomans']","Aluminum, Wicker",2026-05-30 23:33:40.693259+00:00,2026-06-23 00:49:18.721089+00:00
3237,NC43313S,Grand Stafford Sofa,grand-stafford-sofa-nc,Grand Stafford,grand,Deep Seating,,,"The Grand Stafford Collection combines a high-back design with plush headrest-style cushions to provide the ultimate in comfort. The set is supported by thick-gauged, powder-coated aluminum frames that make it extremely durable and resistant to corrosion. Also included are plush, headrest-style cushions.","The Grand Stafford Collection combines a high-back design with plush headrest-style cushions to provide the ultimate in comfort. The set is supported by thick-gauged, powder-coated aluminum frames that make it extremely durable and resistant to corrosion. Also included are plush, headrest-style cushions.

<p>The Grand Stafford Collection combines a high-back design with plush headrest-style cushions to provide the ultimate in comfort. The set is supported by thick-gauged, powder-coated aluminum frames that make it extremely durable and resistant to corrosion. Also included are plush, headrest-style cushions.</p>

<ul>
  <li>Thick-gauged, powder-coated aluminum frame finish offers long lasting durability and rust resistance.</li>
  <li>High-Density Polyethylene (HDPE) all-weather wicker is infused with UV inhibitors that prevent fading and cracking ordinarily caused by sunlight..</li>
  <li>High-back design with plush headrest-style cushion provide the ultimate in comfort</li>
  <li>Sunbrella® cushion covers provide unmatched fade, moisture and mildew resistance, and can be easily unzipped for cleaning.</li>
</ul>",,fixed,,,True,True,False,True,"['Grand Stafford', 'Woven', 'Deep Seating & Lounge']","Aluminum, Wicker",2026-05-30 23:32:58.979411+00:00,2026-06-23 00:49:18.721089+00:00
3329,NC4331ET-SQ,Grand Stafford Square End Table,grand-stafford-square-end-table-nc,Grand Stafford,grand,Coffee & Side Tables,,,The Grand Stafford Square End,"The Grand Stafford Square End

<p>The Grand Stafford Square End Table</p>

<ul>
  <li>Sturdy commercial grade aluminum frame</li>
  <li>HDPE resin is hand woven over the frame</li>
  <li>Durable resin weave gives this collection an elegant, understated style</li>
  <li>Weather & UV Resistant</li>
  <li>Glass Included</li>
</ul>",,fixed,,,True,True,False,True,"['Grand Stafford', 'Woven', 'Accent Tables']","Aluminum, Wicker",2026-05-30 23:33:32.055418+00:00,2026-06-23 00:49:18.721089+00:00
5534,NC6401-ACL,Hixon Arm Chaise,hixon-arm-chaise-nc6401-acl,Hixon 6400,,Chaise Lounges,"80"" x 30"" x 14"" H; Bed Width: 26""",,,,,fixed,,,True,False,False,True,"['Hixon 6400', 'Mixed Media Aluminum', 'Chaise Lounges']",Aluminum,2026-06-23 00:49:18.721089+00:00,2026-06-23 00:49:18.721089+00:00
5535,NC6401-SACL,Hixon Armless Chaise,hixon-armless-chaise-nc6401-sacl,Hixon 6400,,Chaise Lounges,"80"" x 26"" x 14"" H",,,,,fixed,,,True,False,False,True,"['Hixon 6400', 'Mixed Media Aluminum', 'Chaise Lounges']",Aluminum,2026-06-23 00:49:18.721089+00:00,2026-06-23 00:49:18.721089+00:00
5272,NC6400DC-TAN,Hixon Dining Chair,6400-dining-chair-northcape,Hixon 6400,,Dining,"26"" x 22"" x 34.6""",,,,,fixed,,,True,True,False,True,"['6400', 'Mixed Media Aluminum', 'Dining Chairs']",Aluminum,2026-06-21 03:05:12.187668+00:00,2026-06-23 00:49:18.721089+00:00
5263,NC6400C-TAN,Hixon Lounge Chair,6400-lounge-chair-northcape,Hixon 6400,,Deep Seating,"30"" x 33"" x 28.7""",,,,,fixed,,,True,True,False,True,"['6400', 'Mixed Media Aluminum', 'Lounge Chairs']",Aluminum,2026-06-21 03:05:12.187668+00:00,2026-06-23 00:49:18.721089+00:00
5261,NC6400LS-TAN,Hixon Loveseat,6400-loveseat-northcape,Hixon 6400,,Deep Seating,"55.1"" x 33"" x 28.7""",,,,,fixed,,,True,True,False,True,"['6400', 'Mixed Media Aluminum', 'Loveseats']",Aluminum,2026-06-21 03:05:12.187668+00:00,2026-06-23 00:49:18.721089+00:00
5266,NC6400O-REC-TAN,Hixon Ottoman,6400-ottoman-northcape,Hixon 6400,,Deep Seating,"29"" x 20"" x 15""",,,,,fixed,,,True,True,False,True,"['6400', 'Mixed Media Aluminum', 'Ottomans']",Aluminum,2026-06-21 03:05:12.187668+00:00,2026-06-23 00:49:18.721089+00:00
5502,NC2685DT-TN-72,"Hixon Rectangle Dining Table 72""",hixon-rectangle-dining-table-72-nc2685dt-tn-72,Hixon 6400,,Dining,"72"" x 41"" x 29"" H",,,,,fixed,,,True,False,False,True,"['Hixon 6400', 'Mixed Media Aluminum', 'Dining Tables']",Aluminum,2026-06-23 00:49:18.721089+00:00,2026-06-23 00:49:18.721089+00:00
5503,NC2685DT-TN-83,"Hixon Rectangle Dining Table 83""",hixon-rectangle-dining-table-83-nc2685dt-tn-83,Hixon 6400,,Dining,"83"" x 41"" x 29"" H",,,,,fixed,,,True,False,False,True,"['Hixon 6400', 'Mixed Media Aluminum', 'Dining Tables']",Aluminum,2026-06-23 00:49:18.721089+00:00,2026-06-23 00:49:18.721089+00:00
5270,NC6400SCC-TAN,Hixon Sectional 90 Degree Corner,6400-sectional-90-degree-corner-northcape,Hixon 6400,,Deep Seating,"32.8"" x 32.8"" x 28.7""",,,,,fixed,,,True,True,False,True,"['6400', 'Mixed Media Aluminum', 'Sectionals']",Aluminum,2026-06-21 03:05:12.187668+00:00,2026-06-23 00:49:18.721089+00:00
5271,NC6400CET-TAN,Hixon Sectional Corner End Table,6400-sectional-corner-end-table-northcape,Hixon 6400,,Deep Seating,"32.9"" x 32.9"" x 20""",,,,,fixed,,,True,True,False,True,"['6400', 'Mixed Media Aluminum', 'Side Tables']",Aluminum,2026-06-21 03:05:12.187668+00:00,2026-06-23 00:49:18.721089+00:00
5267,NC6400LL-TAN,Hixon Sectional Left Arm Loveseat,6400-sectional-left-arm-loveseat-northcape,Hixon 6400,,Deep Seating,"52.6"" x 32.8"" x 28.7""",,,,,fixed,,,True,True,False,True,"['6400', 'Mixed Media Aluminum', 'Sectionals']",Aluminum,2026-06-21 03:05:12.187668+00:00,2026-06-23 00:49:18.721089+00:00
5269,NC6400SCM,Hixon Sectional Middle Armless,6400-sectional-middle-armless-northcape,Hixon 6400,,Deep Seating,"25.2"" x 32.8"" x 28.7""",,,,,fixed,,,True,True,False,True,"['6400', 'Mixed Media Aluminum', 'Sectionals']",Aluminum,2026-06-21 03:05:12.187668+00:00,2026-06-23 00:49:18.721089+00:00
5268,NC6400RL-TAN,Hixon Sectional Right Arm Loveseat,6400-sectional-right-arm-loveseat-northcape,Hixon 6400,,Deep Seating,"52.6"" x 32.8"" x 28.7""",,,,,fixed,,,True,True,False,True,"['6400', 'Mixed Media Aluminum', 'Sectionals']",Aluminum,2026-06-21 03:05:12.187668+00:00,2026-06-23 00:49:18.721089+00:00
5264,NC6400CT-TAN,Hixon Slat Coffee Table,6400-slat-coffee-table-northcape,Hixon 6400,,Deep Seating,"35.4"" x 23.6"" x 17.7""",,,,,fixed,,,True,True,False,True,"['6400', 'Mixed Media Aluminum', 'Coffee Tables']",Aluminum,2026-06-21 03:05:12.187668+00:00,2026-06-23 00:49:18.721089+00:00
5265,NC6400NET-TAN,Hixon Slat Nesting Tables,6400-slat-nesting-tables-northcape,Hixon 6400,,Deep Seating,"Large: 18.9"" x 18.9"" x 21.6""; Small: 16.5"" x 16.5"" x 19.6""",,,,,fixed,,,True,True,False,True,"['6400', 'Mixed Media Aluminum', 'Side Tables']",Aluminum,2026-06-21 03:05:12.187668+00:00,2026-06-23 00:49:18.721089+00:00
5260,NC64003S-TAN,Hixon Sofa,6400-3-seater-sofa-northcape,Hixon 6400,,Deep Seating,"80.3"" x 33"" x 28.7""",,,,,fixed,,,True,True,False,True,"['6400', 'Mixed Media Aluminum', 'Sofas']",Aluminum,2026-06-21 03:05:12.187668+00:00,2026-06-23 00:49:18.721089+00:00
5500,NC2685DT-TN-33,"Hixon Square Dining Table 33""",hixon-square-dining-table-33-nc2685dt-tn-33,Hixon 6400,,Dining,"33"" x 33"" x 29"" H",,,,,fixed,,,True,False,False,True,"['Hixon 6400', 'Mixed Media Aluminum', 'Dining Tables']",Aluminum,2026-06-23 00:49:18.721089+00:00,2026-06-23 00:49:18.721089+00:00
5501,NC2685DT-TN-41,"Hixon Square Dining Table 41""",hixon-square-dining-table-41-nc2685dt-tn-41,Hixon 6400,,Dining,"41"" x 41"" x 29"" H",,,,,fixed,,,True,False,False,True,"['Hixon 6400', 'Mixed Media Aluminum', 'Dining Tables']",Aluminum,2026-06-23 00:49:18.721089+00:00,2026-06-23 00:49:18.721089+00:00
5262,NC6400SR-TAN,Hixon Swivel Rocker,6400-swivel-rocker-northcape,Hixon 6400,,Deep Seating,"30"" x 33"" x 28.7""",,,,,fixed,,,True,True,False,True,"['6400', 'Mixed Media Aluminum', 'Lounge Chairs']",Aluminum,2026-06-21 03:05:12.187668+00:00,2026-06-23 00:49:18.721089+00:00
3300,NC2085-DT-67,Jameson Extension Dining Table,jameson-67-87-extension-dining-table-nc,Jameson,jameson,Dining,"67/87""",,This teak extension dining table is the perfect size to seat up to 8 adults around. This naturally weather-resistant hardwood may be maintained to preserve the warm look as shown or allowed to weather naturally to a beautiful silvery gray patina. Plantation-grown teak.,"This teak extension dining table is the perfect size to seat up to 8 adults around. This naturally weather-resistant hardwood may be maintained to preserve the warm look as shown or allowed to weather naturally to a beautiful silvery gray patina. Plantation-grown teak.

<p>This teak extension dining table is the perfect size to seat up to 8 adults around. This naturally weather-resistant hardwood may be maintained to preserve the warm look as shown or allowed to weather naturally to a beautiful silvery gray patina. Plantation-grown teak.</p>

<ul>
  <li>You may choose to allow your teak to weather to a beautiful silver-gray patina or treat it with an oil or sealer specifically made for teak twice a year to preserve the natural wood/teak’s rustic finish</li>
  <li>Hardware is zinc-coated steel that has been plated in brass. The zinc helps minimize corrosion, steel was chosen for strength and brass for its luster.</li>
  <li>Plantation-grown teak is harvested from mature trees that are part of a replenished forestry program</li>
  <li>Base Material: Teak</li>
  <li>Top Color: Light Yellow</li>
  <li>Base Color: Light Yellow</li>
  <li>Seating Capacity When Fully Extended: 6</li>
  <li>Seating Capacity When Fully Collapsed: 8</li>
  <li>Table Mechanism: Drop Leaf</li>
  <li>Leaf Width Side to Side: 41″</li>
  <li>Leaf Length End to End: 20″</li>
  <li>Overall length when fully collapsed: 67″</li>
  <li>Overall length when fully extended: 87″</li>
  <li>Assembly Required: Yes</li>
  <li>Top Material: Teak</li>
  <li>Top Material Details: Plantation-grown teak</li>
</ul>",,fixed,,,True,True,False,True,"['Universal Teak', 'Teak', 'Dining Tables']",Aluminum,2026-05-30 23:33:24.030342+00:00,2026-06-21 02:59:39.754310+00:00
3248,NC2015C,Laguna Teak Lounge Chair,laguna-teak-lounge-chair-nc,Laguna,laguna,Deep Seating,,,"The Laguna Chair is 100% solid, plantation grown teak and partners with a cushion covered in fade- and mildew-resistant Sunbrella® fabric, creating comfortable seating for","The Laguna Chair is 100% solid, plantation grown teak and partners with a cushion covered in fade- and mildew-resistant Sunbrella® fabric, creating comfortable seating for

<p>The Laguna Chair is 100% solid, plantation grown teak and partners with a cushion covered in fade- and mildew-resistant Sunbrella® fabric, creating comfortable seating for 1.</p>

<ul>
  <li>Sunbrella® cushion covers provide unmatched fade, moisture and mildew resistance, and can be easily unzipped for cleaning.</li>
  <li>Because the wood is reclaimed, it has already been aged and dried so there is no need for an additional step to control moisture.</li>
  <li>Plush, overstuffed cushions are made from quick-drying polyurethane foam wrapped in moisture and mildew-eliminating Dacron fibers.</li>
  <li>Our Plantation Teak products ae plantation-grown and harvested from mature trees that are 50-60 years old.</li>
  <li>Hardware is zinc-coated steel that has been plated in brass. The zinc helps minimize corrosion, steel was chosen for strength and brass for its luster.</li>
  <li>This line of teak is part of a replenished forestry program, where a new tree is planted for each one that is harvested</li>
  <li>Our Plantation Teak is oven- or air-dried for moisture control.</li>
  <li>Grade B Teak.</li>
  <li>You may choose to allow your natural wood/teak to weather to a beautiful silver-gray patina or treat it with an oil or sealer specifically made for natural teak twice a year to preserve the natural wood/teak’s golden finish.</li>
  <li>Natural teak may be cleaned using a wood cleaner, or lightly sanded with 600 (or higher) grit sandpaper.</li>
</ul>",,fixed,,,True,True,False,True,"['Laguna', 'Teak', 'Deep Seating & Lounge']",Aluminum,2026-05-30 23:33:01.900380+00:00,2026-06-08 21:38:25.316000+00:00
3357,NC2015O,Laguna Teak Ottoman,laguna-teak-ottoman-nc,Laguna,laguna,Deep Seating,,,"The Laguna Ottoman is 100% solid, plantation grown teak and partners with a cushion covered in fade- and mildew-resistant Sunbrella® fabric, providing the perfect foot","The Laguna Ottoman is 100% solid, plantation grown teak and partners with a cushion covered in fade- and mildew-resistant Sunbrella® fabric, providing the perfect foot

<p>The Laguna Ottoman is 100% solid, plantation grown teak and partners with a cushion covered in fade- and mildew-resistant Sunbrella® fabric, providing the perfect foot rest.</p>

<ul>
  <li>Sunbrella® cushion covers provide unmatched fade, moisture and mildew resistance, and can be easily unzipped for cleaning.</li>
  <li>Because the wood is reclaimed, it has already been aged and dried so there is no need for an additional step to control moisture.</li>
  <li>Plush, overstuffed cushions are made from quick-drying polyurethane foam wrapped in moisture and mildew-eliminating Dacron fibers.</li>
  <li>Hardware is zinc-coated steel that has been plated in brass. The zinc helps minimize corrosion, steel was chosen for strength and brass for its luster.</li>
  <li>Our Plantation Teak products ae plantation-grown and harvested from mature trees that are 50-60 years old.</li>
  <li>This line of teak is part of a replenished forestry program, where a new tree is planted for each one that is harvested.</li>
  <li>Grade B Teak.</li>
  <li>You may choose to allow your natural teak to weather to a beautiful silver-gray patina or treat it with an oil or sealer specifically made for natural teak twice a year to preserve the natural wood/teak’s golden finish.</li>
  <li>Natural teak may be cleaned using a wood cleaner, or lightly sanded with 600 (or higher) grit sandpaper.</li>
</ul>",,fixed,,,True,True,False,True,"['Laguna', 'Teak', 'Ottomans']",Aluminum,2026-05-30 23:33:41.740198+00:00,2026-06-08 21:38:25.395000+00:00
3333,NC2015CT,Laguna Teak Rectangle Coffee Table,laguna-teak-rectangle-coffee-table-nc,Laguna,laguna,Coffee & Side Tables,,,"The Laguna Coffee Table is 100% solid, plantation grown teak. Whether allowed to weather or maintained to keep it’s natural, warm golden look, it will be a striking addition to your patio setting. It is designed to match the entire Laguna","The Laguna Coffee Table is 100% solid, plantation grown teak. Whether allowed to weather or maintained to keep it’s natural, warm golden look, it will be a striking addition to your patio setting. It is designed to match the entire Laguna

<p>The Laguna Coffee Table is 100% solid, plantation grown teak. Whether allowed to weather or maintained to keep it’s natural, warm golden look, it will be a striking addition to your patio setting. It is designed to match the entire Laguna collection.</p>

<ul>
  <li>Our Plantation Teak products are plantation-grown and harvested from mature trees that are 50-60 years old.</li>
  <li>Our Plantation Teak is oven- or air-dried for moisture control</li>
  <li>This line of teak is part of a replenished forestry program, where a new tree is planted for each one that is harvested</li>
  <li>A wire wheel is used to distress the reclaimed wood to enhance the grain and provide a rustic finish.</li>
  <li>Grade B Teak.</li>
  <li>You may choose to allow your natural teak to weather to a beautiful silver-gray patina or treat it with an oil or sealer specifically made for natural teak twice a year to preserve the natural wood/teak’s golden finish.</li>
  <li>Natural teak may be cleaned using a wood cleaner, or lightly sanded with 600 (or higher) grit sandpaper.</li>
  <li>Leave your natural teak products outside year-round (under a furniture cover when not in use) or store in a COOL, DRY place during the winter to preserve the teak’s moisture.</li>
</ul>",,fixed,,,True,True,False,True,"['Laguna', 'Teak', 'Accent Tables']",Aluminum,2026-05-30 23:33:33.396508+00:00,2026-06-09 22:52:37.657000+00:00
3249,NC20153S,Laguna Teak Sofa,laguna-teak-sofa-nc,Laguna,laguna,Deep Seating,,,"The Laguna Sofa is 100% solid, plantation grown teak and partners with a cushion covered in fade- and mildew-resistant Sunbrella® fabric, creating comfortable seating for 3. It is designed to match the entire Laguna","The Laguna Sofa is 100% solid, plantation grown teak and partners with a cushion covered in fade- and mildew-resistant Sunbrella® fabric, creating comfortable seating for 3. It is designed to match the entire Laguna

<p>The Laguna Sofa is 100% solid, plantation grown teak and partners with a cushion covered in fade- and mildew-resistant Sunbrella® fabric, creating comfortable seating for 3. It is designed to match the entire Laguna collection.</p>

<ul>
  <li>Sunbrella® cushion covers provide unmatched fade, moisture and mildew resistance, and can be easily unzipped for cleaning.</li>
  <li>Because the wood is reclaimed, it has already been aged and dried so there is no need for an additional step to control moisture.</li>
  <li>Plush, overstuffed cushions are made from quick-drying polyurethane foam wrapped in moisture and mildew-eliminating Dacron fibers.</li>
  <li>Hardware is zinc-coated steel that has been plated in brass. The zinc helps minimize corrosion, steel was chosen for strength and brass for its luster.</li>
  <li>Our Plantation Teak products ae plantation-grown and harvested from mature trees that are 50-60 years old.</li>
  <li>This line of teak is part of a replenished forestry program, where a new tree is planted for each one that is harvested.</li>
  <li>Grade B Teak.</li>
  <li>You may choose to allow your natural teak to weather to a beautiful silver-gray patina or treat it with an oil or sealer specifically made for natural teak twice a year to preserve the natural wood/teak’s golden finish.</li>
  <li>Natural teak may be cleaned using a wood cleaner, or lightly sanded with 600 (or higher) grit sandpaper.</li>
</ul>",,fixed,,,True,True,False,True,"['Laguna', 'Teak', 'Deep Seating & Lounge']",Aluminum,2026-05-30 23:33:03.013515+00:00,2026-06-08 21:38:25.320000+00:00
3334,NC2015ET,Laguna Teak Square End Table,laguna-teak-square-end-table-nc,Laguna,laguna,Coffee & Side Tables,,,"The Laguna End Table is 100% solid, plantation grown teak. Whether allowed to weather or maintained to keep it’s natural, warm golden look, it will be a striking addition to your patio setting. It is designed to match the entire Laguna","The Laguna End Table is 100% solid, plantation grown teak. Whether allowed to weather or maintained to keep it’s natural, warm golden look, it will be a striking addition to your patio setting. It is designed to match the entire Laguna

<p>The Laguna End Table is 100% solid, plantation grown teak. Whether allowed to weather or maintained to keep it’s natural, warm golden look, it will be a striking addition to your patio setting. It is designed to match the entire Laguna collection.</p>

<ul>
  <li>A wire wheel is used to distress the reclaimed teak to enhance the grain and provide a rustic finish.</li>
  <li>Our Plantation Teak products are plantation-grown and harvested from mature trees that are 50-60 years old.</li>
  <li>This line of teak is part of a replenished forestry program, where a new tree is planted for each one that is harvested.</li>
  <li>Our Plantation Teak is oven- or air-dried for moisture control.</li>
  <li>Grade B Teak.</li>
  <li>You may choose to allow your natural teak to weather to a beautiful silver-gray patina or treat it with an oil or sealer specifically made for natural teak twice a year to preserve the natural wood/teak’s golden finish.</li>
  <li>Natural teak may be cleaned using a wood cleaner, or lightly sanded with 600 (or higher) grit sandpaper.</li>
  <li>Leave your natural teak products outside year-round (under a furniture cover when not in use) or store in a COOL, DRY place during the winter to preserve the wood’s moisture.</li>
</ul>",,fixed,,,True,True,False,True,"['Laguna', 'Teak', 'Accent Tables']",Aluminum,2026-05-30 23:33:34.358463+00:00,2026-06-09 22:52:37.657000+00:00
3251,NC4302C,Lakeside Club Chair,lakeside-club-chair-nc,Lakeside,lakeside,Deep Seating,,,"Lakeside Deep Seating is designed to add comfort and style to your backyard. Features an HDPE all weather resin wicker. The Lakeside Deep Seating resin wicker material looks and feels like traditional wicker, but while traditional wicker cracks, splinters, fades and breaks down with prolonged exposure to outdoor elements, resin wicker is unfazed. Plush cushions cover the frames and offer supportive, comfortable long-term seating. Outdoor fabric covers the cushions.","Lakeside Deep Seating is designed to add comfort and style to your backyard. Features an HDPE all weather resin wicker. The Lakeside Deep Seating resin wicker material looks and feels like traditional wicker, but while traditional wicker cracks, splinters, fades and breaks down with prolonged exposure to outdoor elements, resin wicker is unfazed. Plush cushions cover the frames and offer supportive, comfortable long-term seating. Outdoor fabric covers the cushions.

<p>Lakeside Deep Seating is designed to add comfort and style to your backyard. Features an HDPE all weather resin wicker. The Lakeside Deep Seating resin wicker material looks and feels like traditional wicker, but while traditional wicker cracks, splinters, fades and breaks down with prolonged exposure to outdoor elements, resin wicker is unfazed. Plush cushions cover the frames and offer supportive, comfortable long-term seating. Outdoor fabric covers the cushions.</p>

<ul>
  <li>HDPE All Weather Resin Wicker</li>
  <li>Hand-woven Wicker over Aluminum Frame</li>
  <li>Comfortable Wide Arms</li>
  <li>Sunbrella Fabrics</li>
  <li>Frame Color: Aspen or Husk</li>
  <li>Cush270/271-3S: 6 pc. cushion, 6” th.</li>
  <li>Seat Size: 25” x 25”, Deck Ht: 13”</li>
</ul>",,fixed,,,True,True,False,True,"['Lakeside', 'Woven', 'Deep Seating & Lounge']","Aluminum, Wicker",2026-05-30 23:33:03.530368+00:00,2026-06-23 00:49:18.721089+00:00
3335,NC4302CET,Lakeside Corner End Table,lakeside-corner-end-table-nc,Lakeside,lakeside,Coffee & Side Tables,,,"Lakeside is designed to add comfort and style to your backyard. Features an HDPE all weather resin wicker. The Lakeside resin wicker material looks and feels like traditional wicker, but while traditional wicker cracks, splinters, fades and breaks down with prolonged exposure to outdoor elements, resin wicker is unfazed.","Lakeside is designed to add comfort and style to your backyard. Features an HDPE all weather resin wicker. The Lakeside resin wicker material looks and feels like traditional wicker, but while traditional wicker cracks, splinters, fades and breaks down with prolonged exposure to outdoor elements, resin wicker is unfazed.

<p>Lakeside is designed to add comfort and style to your backyard. Features an HDPE all weather resin wicker. The Lakeside resin wicker material looks and feels like traditional wicker, but while traditional wicker cracks, splinters, fades and breaks down with prolonged exposure to outdoor elements, resin wicker is unfazed.</p>

<ul>
  <li>HDPE All Weather Resin Wicker</li>
  <li>Hand-woven Wicker over Aluminum Frame</li>
  <li>Frame Color: Aspen or Husk</li>
  <li>Glass Included</li>
</ul>",,fixed,,,True,True,False,True,"['Lakeside', 'Woven', 'Accent Tables']","Aluminum, Wicker",2026-05-30 23:33:34.612087+00:00,2026-06-23 00:49:18.721089+00:00
5549,NC4302CET-GL,Lakeside Corner End Table Glass Top,lakeside-corner-end-table-glass-top-nc4302cet-gl,Lakeside,,Coffee & Side Tables,"32.5"" x 32.5""",,,,,fixed,,,True,False,False,True,"['Lakeside', 'Wicker', 'Coffee & Side Tables']",Wicker,2026-06-23 00:49:18.721089+00:00,2026-06-23 00:49:18.721089+00:00
5552,NC4302ET-SQ-GL,Lakeside End Table Glass Top,lakeside-end-table-glass-top-nc4302et-sq-gl,Lakeside,,Coffee & Side Tables,"20"" x 20""",,,,,fixed,,,True,False,False,True,"['Lakeside', 'Wicker', 'Coffee & Side Tables']",Wicker,2026-06-23 00:49:18.721089+00:00,2026-06-23 00:49:18.721089+00:00
3252,NC4302LS,Lakeside Loveseat,lakeside-loveseat-nc,Lakeside,lakeside,Deep Seating,,,"Lakeside Deep Seating is designed to add comfort and style to your backyard. Features an HDPE all weather resin wicker. The Lakeside Deep Seating resin wicker material looks and feels like traditional wicker, but while traditional wicker cracks, splinters, fades and breaks down with prolonged exposure to outdoor elements, resin wicker is unfazed. Plush cushions cover the frames and offer supportive, comfortable long-term seating. Outdoor fabric covers the cushions.","Lakeside Deep Seating is designed to add comfort and style to your backyard. Features an HDPE all weather resin wicker. The Lakeside Deep Seating resin wicker material looks and feels like traditional wicker, but while traditional wicker cracks, splinters, fades and breaks down with prolonged exposure to outdoor elements, resin wicker is unfazed. Plush cushions cover the frames and offer supportive, comfortable long-term seating. Outdoor fabric covers the cushions.

<p>Lakeside Deep Seating is designed to add comfort and style to your backyard. Features an HDPE all weather resin wicker. The Lakeside Deep Seating resin wicker material looks and feels like traditional wicker, but while traditional wicker cracks, splinters, fades and breaks down with prolonged exposure to outdoor elements, resin wicker is unfazed. Plush cushions cover the frames and offer supportive, comfortable long-term seating. Outdoor fabric covers the cushions.</p>

<ul>
  <li>HDPE All Weather Resin Wicker</li>
  <li>Hand-woven Wicker over Aluminum Frame</li>
  <li>Comfortable Wide Arms</li>
  <li>Sunbrella Fabrics</li>
  <li>Frame Color: Aspen or Husk</li>
  <li>Cush270/271-3S: 6 pc. cushion, 6” th.</li>
  <li>SSeat Size: 50” x 25”, Deck Ht: 13”</li>
</ul>",,fixed,,,True,True,False,True,"['Lakeside', 'Woven', 'Deep Seating & Lounge']","Aluminum, Wicker",2026-05-30 23:33:03.802876+00:00,2026-06-23 00:49:18.721089+00:00
3336,NC4302CT-REC,Lakeside Rectangular Coffee Table,lakeside-rectangular-coffee-table-nc,Lakeside,lakeside,Coffee & Side Tables,,,"Lakeside is designed to add comfort and style to your backyard. Features an HDPE all weather resin wicker. The Lakeside resin wicker material looks and feels like traditional wicker, but while traditional wicker cracks, splinters, fades and breaks down with prolonged exposure to outdoor elements, resin wicker is unfazed.","Lakeside is designed to add comfort and style to your backyard. Features an HDPE all weather resin wicker. The Lakeside resin wicker material looks and feels like traditional wicker, but while traditional wicker cracks, splinters, fades and breaks down with prolonged exposure to outdoor elements, resin wicker is unfazed.

<p>Lakeside is designed to add comfort and style to your backyard. Features an HDPE all weather resin wicker. The Lakeside resin wicker material looks and feels like traditional wicker, but while traditional wicker cracks, splinters, fades and breaks down with prolonged exposure to outdoor elements, resin wicker is unfazed.</p>

<ul>
  <li>HDPE All Weather Resin Wicker</li>
  <li>Hand-woven Wicker over Aluminum Frame</li>
  <li>Frame Color: Aspen or Husk</li>
  <li>Glass Top</li>
  <li>Tables Feature Additional Storage</li>
</ul>",,fixed,,,True,True,False,True,"['Lakeside', 'Woven', 'Accent Tables']","Aluminum, Wicker",2026-05-30 23:33:34.808441+00:00,2026-06-23 00:49:18.721089+00:00
5550,NC4302CT-REC-GL,Lakeside Rectangular Coffee Table Glass Top,lakeside-rectangular-coffee-table-glass-top-nc4302ct-rec-gl,Lakeside,,Coffee & Side Tables,"43.3"" x 27.6""",,,,,fixed,,,True,False,False,True,"['Lakeside', 'Wicker', 'Coffee & Side Tables']",Wicker,2026-06-23 00:49:18.721089+00:00,2026-06-23 00:49:18.721089+00:00
3358,NC4302O-REC,Lakeside Rectangular Ottoman,lakeside-rectangular-ottoman-nc,Lakeside,lakeside,Deep Seating,,,"Lakeside Deep Seating is designed to add comfort and style to your backyard. Features an HDPE all weather resin wicker. The Lakeside Deep Seating resin wicker material looks and feels like traditional wicker, but while traditional wicker cracks, splinters, fades and breaks down with prolonged exposure to outdoor elements, resin wicker is unfazed. Plush cushions cover the frames and offer supportive, comfortable long-term seating. Outdoor fabric covers the cushions.","Lakeside Deep Seating is designed to add comfort and style to your backyard. Features an HDPE all weather resin wicker. The Lakeside Deep Seating resin wicker material looks and feels like traditional wicker, but while traditional wicker cracks, splinters, fades and breaks down with prolonged exposure to outdoor elements, resin wicker is unfazed. Plush cushions cover the frames and offer supportive, comfortable long-term seating. Outdoor fabric covers the cushions.

<p>Lakeside Deep Seating is designed to add comfort and style to your backyard. Features an HDPE all weather resin wicker. The Lakeside Deep Seating resin wicker material looks and feels like traditional wicker, but while traditional wicker cracks, splinters, fades and breaks down with prolonged exposure to outdoor elements, resin wicker is unfazed. Plush cushions cover the frames and offer supportive, comfortable long-term seating. Outdoor fabric covers the cushions.</p>

<ul>
  <li>HDPE All Weather Resin Wicker</li>
  <li>Hand-woven Wicker over Aluminum Frame</li>
  <li>Sunbrella Fabrics</li>
  <li>Frame Color: Aspen or Husk</li>
  <li>Cush270/271-3S: 6 pc. cushion, 6” th.</li>
  <li>Seat Size: 24” x 20”, Deck Ht: 13”</li>
</ul>",,fixed,,,True,True,False,True,"['Lakeside', 'Woven', 'Ottomans']","Aluminum, Wicker",2026-05-30 23:33:42.014109+00:00,2026-06-23 00:49:18.721089+00:00
3253,NC4302SCC-45,Lakeside Sectional 45 Degree Corner,lakeside-sectional-45-degree-sectional-corner-nc,Lakeside,lakeside,Deep Seating,,,"Lakeside Deep Seating is designed to add comfort and style to your backyard. Features an HDPE all weather resin wicker. The Lakeside Deep Seating resin wicker material looks and feels like traditional wicker, but while traditional wicker cracks, splinters, fades and breaks down with prolonged exposure to outdoor elements, resin wicker is unfazed. Plush cushions cover the frames and offer supportive, comfortable long-term seating. Outdoor fabric covers the cushions.","Lakeside Deep Seating is designed to add comfort and style to your backyard. Features an HDPE all weather resin wicker. The Lakeside Deep Seating resin wicker material looks and feels like traditional wicker, but while traditional wicker cracks, splinters, fades and breaks down with prolonged exposure to outdoor elements, resin wicker is unfazed. Plush cushions cover the frames and offer supportive, comfortable long-term seating. Outdoor fabric covers the cushions.

<p>Lakeside Deep Seating is designed to add comfort and style to your backyard. Features an HDPE all weather resin wicker. The Lakeside Deep Seating resin wicker material looks and feels like traditional wicker, but while traditional wicker cracks, splinters, fades and breaks down with prolonged exposure to outdoor elements, resin wicker is unfazed. Plush cushions cover the frames and offer supportive, comfortable long-term seating. Outdoor fabric covers the cushions.</p>

<ul>
  <li>HDPE All Weather Resin Wicker</li>
  <li>Hand-woven Wicker over Aluminum Frame</li>
  <li>Sunbrella Fabrics</li>
  <li>Frame Color: Aspen or Husk</li>
  <li>Cush270/271-3S: 6 pc. cushion, 6” th.</li>
  <li>Seat Size: 57.5” x 32”, Deck Ht: 13”</li>
</ul>",,fixed,,,True,True,False,True,"['Lakeside', 'Woven', 'Deep Seating & Lounge']","Aluminum, Wicker",2026-05-30 23:33:04.041377+00:00,2026-06-23 00:49:18.721089+00:00
3254,NC4302SCC,Lakeside Sectional Corner Chair,lakeside-sectional-90-degree-sectional-corner-nc,Lakeside,lakeside,Deep Seating,,,"Lakeside Deep Seating is designed to add comfort and style to your backyard. Features an HDPE all weather resin wicker. The Lakeside Deep Seating resin wicker material looks and feels like traditional wicker, but while traditional wicker cracks, splinters, fades and breaks down with prolonged exposure to outdoor elements, resin wicker is unfazed. Plush cushions cover the frames and offer supportive, comfortable long-term seating. Outdoor fabric covers the cushions.","Lakeside Deep Seating is designed to add comfort and style to your backyard. Features an HDPE all weather resin wicker. The Lakeside Deep Seating resin wicker material looks and feels like traditional wicker, but while traditional wicker cracks, splinters, fades and breaks down with prolonged exposure to outdoor elements, resin wicker is unfazed. Plush cushions cover the frames and offer supportive, comfortable long-term seating. Outdoor fabric covers the cushions.

<p>Lakeside Deep Seating is designed to add comfort and style to your backyard. Features an HDPE all weather resin wicker. The Lakeside Deep Seating resin wicker material looks and feels like traditional wicker, but while traditional wicker cracks, splinters, fades and breaks down with prolonged exposure to outdoor elements, resin wicker is unfazed. Plush cushions cover the frames and offer supportive, comfortable long-term seating. Outdoor fabric covers the cushions.</p>

<ul>
  <li>HDPE All Weather Resin Wicker</li>
  <li>Hand-woven Wicker over Aluminum Frame</li>
  <li>Sunbrella Fabrics</li>
  <li>Frame Color: Aspen or Husk</li>
  <li>Cush270/271-3S: 6 pc. cushion, 6” th.</li>
  <li>Seat Size: 25” x 25”, Deck Ht: 13”</li>
</ul>",,fixed,,,True,True,False,True,"['Lakeside', 'Woven', 'Deep Seating & Lounge']","Aluminum, Wicker",2026-05-30 23:33:04.281421+00:00,2026-06-23 00:49:18.721089+00:00
3255,NC4302LL,Lakeside Sectional Left Arm Loveseat,lakeside-sectional-left-arm-loveseat-nc,Lakeside,lakeside,Deep Seating,,,"Lakeside Deep Seating is designed to add comfort and style to your backyard. Features an HDPE all weather resin wicker. The Lakeside Deep Seating resin wicker material looks and feels like traditional wicker, but while traditional wicker cracks, splinters, fades and breaks down with prolonged exposure to outdoor elements, resin wicker is unfazed. Plush cushions cover the frames and offer supportive, comfortable long-term seating. Outdoor fabric covers the cushions.","Lakeside Deep Seating is designed to add comfort and style to your backyard. Features an HDPE all weather resin wicker. The Lakeside Deep Seating resin wicker material looks and feels like traditional wicker, but while traditional wicker cracks, splinters, fades and breaks down with prolonged exposure to outdoor elements, resin wicker is unfazed. Plush cushions cover the frames and offer supportive, comfortable long-term seating. Outdoor fabric covers the cushions.

<p>Lakeside Deep Seating is designed to add comfort and style to your backyard. Features an HDPE all weather resin wicker. The Lakeside Deep Seating resin wicker material looks and feels like traditional wicker, but while traditional wicker cracks, splinters, fades and breaks down with prolonged exposure to outdoor elements, resin wicker is unfazed. Plush cushions cover the frames and offer supportive, comfortable long-term seating. Outdoor fabric covers the cushions.</p>

<ul>
  <li>HDPE All Weather Resin Wicker</li>
  <li>Hand-woven Wicker over Aluminum Frame</li>
  <li>Sunbrella Fabrics</li>
  <li>Frame Color: Aspen or Husk</li>
  <li>Cush270/271-3S: 6 pc. cushion, 6” th.</li>
  <li>Seat Size: 50” x 25”, Deck Ht: 13”</li>
</ul>",,fixed,,,True,True,False,True,"['Lakeside', 'Woven', 'Deep Seating & Lounge']","Aluminum, Wicker",2026-05-30 23:33:04.518072+00:00,2026-06-23 00:49:18.721089+00:00
3257,NC4302SCM,Lakeside Sectional Middle Chair,lakeside-sectional-sectional-middle-nc,Lakeside,lakeside,Deep Seating,,,"Lakeside Deep Seating is designed to add comfort and style to your backyard. Features an HDPE all weather resin wicker. The Lakeside Deep Seating resin wicker material looks and feels like traditional wicker, but while traditional wicker cracks, splinters, fades and breaks down with prolonged exposure to outdoor elements, resin wicker is unfazed. Plush cushions cover the frames and offer supportive, comfortable long-term seating. Outdoor fabric covers the cushions.","Lakeside Deep Seating is designed to add comfort and style to your backyard. Features an HDPE all weather resin wicker. The Lakeside Deep Seating resin wicker material looks and feels like traditional wicker, but while traditional wicker cracks, splinters, fades and breaks down with prolonged exposure to outdoor elements, resin wicker is unfazed. Plush cushions cover the frames and offer supportive, comfortable long-term seating. Outdoor fabric covers the cushions.

<p>Lakeside Deep Seating is designed to add comfort and style to your backyard. Features an HDPE all weather resin wicker. The Lakeside Deep Seating resin wicker material looks and feels like traditional wicker, but while traditional wicker cracks, splinters, fades and breaks down with prolonged exposure to outdoor elements, resin wicker is unfazed. Plush cushions cover the frames and offer supportive, comfortable long-term seating. Outdoor fabric covers the cushions.</p>

<ul>
  <li>HDPE All Weather Resin Wicker</li>
  <li>Hand-woven Wicker over Aluminum Frame</li>
  <li>Sunbrella Fabrics</li>
  <li>Frame Color: Aspen or Husk</li>
  <li>Cush270/271-3S: 6 pc. cushion, 6” th.</li>
  <li>Seat Size: 25” x 25”, Deck Ht: 13”</li>
</ul>",,fixed,,,True,True,False,True,"['Lakeside', 'Woven', 'Deep Seating & Lounge']","Aluminum, Wicker",2026-05-30 23:33:05.039131+00:00,2026-06-23 00:49:18.721089+00:00
3256,NC4302RL,Lakeside Sectional Right Arm Loveseat,lakeside-sectional-right-arm-loveseat-nc,Lakeside,lakeside,Deep Seating,,,"Lakeside Deep Seating is designed to add comfort and style to your backyard. Features an HDPE all weather resin wicker. The Lakeside Deep Seating resin wicker material looks and feels like traditional wicker, but while traditional wicker cracks, splinters, fades and breaks down with prolonged exposure to outdoor elements, resin wicker is unfazed. Plush cushions cover the frames and offer supportive, comfortable long-term seating. Outdoor fabric covers the cushions.","Lakeside Deep Seating is designed to add comfort and style to your backyard. Features an HDPE all weather resin wicker. The Lakeside Deep Seating resin wicker material looks and feels like traditional wicker, but while traditional wicker cracks, splinters, fades and breaks down with prolonged exposure to outdoor elements, resin wicker is unfazed. Plush cushions cover the frames and offer supportive, comfortable long-term seating. Outdoor fabric covers the cushions.

<p>Lakeside Deep Seating is designed to add comfort and style to your backyard. Features an HDPE all weather resin wicker. The Lakeside Deep Seating resin wicker material looks and feels like traditional wicker, but while traditional wicker cracks, splinters, fades and breaks down with prolonged exposure to outdoor elements, resin wicker is unfazed. Plush cushions cover the frames and offer supportive, comfortable long-term seating. Outdoor fabric covers the cushions.</p>

<ul>
  <li>HDPE All Weather Resin Wicker</li>
  <li>Hand-woven Wicker over Aluminum Frame</li>
  <li>Sunbrella Fabrics</li>
  <li>Frame Color: Aspen or Husk</li>
  <li>Cush270/271-3S: 6 pc. cushion, 6” th.</li>
  <li>Seat Size: 50” x 25”, Deck Ht: 13”</li>
</ul>",,fixed,,,True,True,False,True,"['Lakeside', 'Woven', 'Deep Seating & Lounge']","Aluminum, Wicker",2026-05-30 23:33:04.786715+00:00,2026-06-23 00:49:18.721089+00:00
3250,NC43023S,Lakeside Sofa,lakeside-3-seat-sofa-nc,Lakeside,lakeside,Deep Seating,,,"Lakeside Deep Seating is designed to add comfort and style to your backyard. Features an HDPE all weather resin wicker. The Lakeside Deep Seating resin wicker material looks and feels like traditional wicker, but while traditional wicker cracks, splinters, fades and breaks down with prolonged exposure to outdoor elements, resin wicker is unfazed. Plush cushions cover the frames and offer supportive, comfortable long-term seating. Outdoor fabric covers the cushions.","Lakeside Deep Seating is designed to add comfort and style to your backyard. Features an HDPE all weather resin wicker. The Lakeside Deep Seating resin wicker material looks and feels like traditional wicker, but while traditional wicker cracks, splinters, fades and breaks down with prolonged exposure to outdoor elements, resin wicker is unfazed. Plush cushions cover the frames and offer supportive, comfortable long-term seating. Outdoor fabric covers the cushions.

<p>Lakeside Deep Seating is designed to add comfort and style to your backyard. Features an HDPE all weather resin wicker. The Lakeside Deep Seating resin wicker material looks and feels like traditional wicker, but while traditional wicker cracks, splinters, fades and breaks down with prolonged exposure to outdoor elements, resin wicker is unfazed. Plush cushions cover the frames and offer supportive, comfortable long-term seating. Outdoor fabric covers the cushions.</p>

<ul>
  <li>HDPE All Weather Resin Wicker</li>
  <li>Hand-woven Wicker over Aluminum Frame</li>
  <li>Comfortable Wide Arms</li>
  <li>Sunbrella Fabrics</li>
  <li>Frame Color: Aspen or Husk</li>
  <li>Cush270/271-3S: 6 pc. cushion, 6” th.</li>
  <li>Seat Size: 75” x 25”, Deck Ht: 13”</li>
</ul>",,fixed,,,True,True,False,True,"['Lakeside', 'Woven', 'Deep Seating & Lounge']","Aluminum, Wicker",2026-05-30 23:33:03.317632+00:00,2026-06-23 00:49:18.721089+00:00
3337,NC4302CT-SQ,Lakeside Square Coffee Table,lakeside-square-coffee-table-nc,Lakeside,lakeside,Coffee & Side Tables,,,"Lakeside is designed to add comfort and style to your backyard. Features an HDPE all weather resin wicker. The Lakeside resin wicker material looks and feels like traditional wicker, but while traditional wicker cracks, splinters, fades and breaks down with prolonged exposure to outdoor elements, resin wicker is unfazed.","Lakeside is designed to add comfort and style to your backyard. Features an HDPE all weather resin wicker. The Lakeside resin wicker material looks and feels like traditional wicker, but while traditional wicker cracks, splinters, fades and breaks down with prolonged exposure to outdoor elements, resin wicker is unfazed.

<p>Lakeside is designed to add comfort and style to your backyard. Features an HDPE all weather resin wicker. The Lakeside resin wicker material looks and feels like traditional wicker, but while traditional wicker cracks, splinters, fades and breaks down with prolonged exposure to outdoor elements, resin wicker is unfazed.</p>

<ul>
  <li>HDPE All Weather Resin Wicker</li>
  <li>Hand-woven Wicker over Aluminum Frame</li>
  <li>Frame Color: Aspen or Husk</li>
  <li>Glass Top</li>
</ul>",,fixed,,,True,True,False,True,"['Lakeside', 'Woven', 'Accent Tables']","Aluminum, Wicker",2026-05-30 23:33:35.092279+00:00,2026-06-23 00:49:18.721089+00:00
5551,NC4302CT-SQ-GL,Lakeside Square Coffee Table Glass Top,lakeside-square-coffee-table-glass-top-nc4302ct-sq-gl,Lakeside,,Coffee & Side Tables,"32"" x 32""",,,,,fixed,,,True,False,False,True,"['Lakeside', 'Wicker', 'Coffee & Side Tables']",Wicker,2026-06-23 00:49:18.721089+00:00,2026-06-23 00:49:18.721089+00:00
3338,NC4302ET-SQ,Lakeside Square End Table,lakeside-square-end-table-nc,Lakeside,lakeside,Coffee & Side Tables,,,"Lakeside is designed to add comfort and style to your backyard. Features an HDPE all weather resin wicker. The Lakeside resin wicker material looks and feels like traditional wicker, but while traditional wicker cracks, splinters, fades and breaks down with prolonged exposure to outdoor elements, resin wicker is unfazed.","Lakeside is designed to add comfort and style to your backyard. Features an HDPE all weather resin wicker. The Lakeside resin wicker material looks and feels like traditional wicker, but while traditional wicker cracks, splinters, fades and breaks down with prolonged exposure to outdoor elements, resin wicker is unfazed.

<p>Lakeside is designed to add comfort and style to your backyard. Features an HDPE all weather resin wicker. The Lakeside resin wicker material looks and feels like traditional wicker, but while traditional wicker cracks, splinters, fades and breaks down with prolonged exposure to outdoor elements, resin wicker is unfazed.</p>

<ul>
  <li>HDPE All Weather Resin Wicker</li>
  <li>Hand-woven Wicker over Aluminum Frame</li>
  <li>Frame Color: Aspen or Husk</li>
  <li>Glass Top</li>
</ul>",,fixed,,,True,True,False,True,"['Lakeside', 'Woven', 'Accent Tables']","Aluminum, Wicker",2026-05-30 23:33:35.383158+00:00,2026-06-23 00:49:18.721089+00:00
3359,NC4302O-SQ,Lakeside Square Ottoman,lakeside-square-ottoman-nc,Lakeside,lakeside,Deep Seating,,,"Lakeside Deep Seating is designed to add comfort and style to your backyard. Features an HDPE all weather resin wicker. The Lakeside Deep Seating resin wicker material looks and feels like traditional wicker, but while traditional wicker cracks, splinters, fades and breaks down with prolonged exposure to outdoor elements, resin wicker is unfazed. Plush cushions cover the frames and offer supportive, comfortable long-term seating. Outdoor fabric covers the cushions.","Lakeside Deep Seating is designed to add comfort and style to your backyard. Features an HDPE all weather resin wicker. The Lakeside Deep Seating resin wicker material looks and feels like traditional wicker, but while traditional wicker cracks, splinters, fades and breaks down with prolonged exposure to outdoor elements, resin wicker is unfazed. Plush cushions cover the frames and offer supportive, comfortable long-term seating. Outdoor fabric covers the cushions.

<p>Lakeside Deep Seating is designed to add comfort and style to your backyard. Features an HDPE all weather resin wicker. The Lakeside Deep Seating resin wicker material looks and feels like traditional wicker, but while traditional wicker cracks, splinters, fades and breaks down with prolonged exposure to outdoor elements, resin wicker is unfazed. Plush cushions cover the frames and offer supportive, comfortable long-term seating. Outdoor fabric covers the cushions.</p>

<ul>
  <li>HDPE All Weather Resin Wicker</li>
  <li>Hand-woven Wicker over Aluminum Frame</li>
  <li>Sunbrella Fabrics</li>
  <li>Frame Color: Aspen or Husk</li>
  <li>Cush270/271-3S: 6 pc. cushion, 6” th.</li>
  <li>Seat Size: 25” x 25”, Deck Ht: 13”</li>
</ul>",,fixed,,,True,True,False,True,"['Lakeside', 'Woven', 'Ottomans']","Aluminum, Wicker",2026-05-30 23:33:42.276599+00:00,2026-06-23 00:49:18.721089+00:00
3258,NC4302SG,Lakeside Swivel Glider,lakeside-swivel-glider-nc,Lakeside,lakeside,Deep Seating,,,"Lakeside Deep Seating is designed to add comfort and style to your backyard. Features an HDPE all weather resin wicker. The Lakeside Deep Seating resin wicker material looks and feels like traditional wicker, but while traditional wicker cracks, splinters, fades and breaks down with prolonged exposure to outdoor elements, resin wicker is unfazed. Plush cushions cover the frames and offer supportive, comfortable long-term seating. Outdoor fabric covers the cushions.","Lakeside Deep Seating is designed to add comfort and style to your backyard. Features an HDPE all weather resin wicker. The Lakeside Deep Seating resin wicker material looks and feels like traditional wicker, but while traditional wicker cracks, splinters, fades and breaks down with prolonged exposure to outdoor elements, resin wicker is unfazed. Plush cushions cover the frames and offer supportive, comfortable long-term seating. Outdoor fabric covers the cushions.

<p>Lakeside Deep Seating is designed to add comfort and style to your backyard. Features an HDPE all weather resin wicker. The Lakeside Deep Seating resin wicker material looks and feels like traditional wicker, but while traditional wicker cracks, splinters, fades and breaks down with prolonged exposure to outdoor elements, resin wicker is unfazed. Plush cushions cover the frames and offer supportive, comfortable long-term seating. Outdoor fabric covers the cushions.</p>

<ul>
  <li>HDPE All Weather Resin Wicker</li>
  <li>Hand-woven Wicker over Aluminum Frame</li>
  <li>Comfortable Wide Arms</li>
  <li>Sunbrella Fabrics</li>
  <li>Frame Color: Aspen or Husk</li>
  <li>Cush270/271-3S: 6 pc. cushion, 6” th.</li>
  <li>Seat Size: 25” x 25”, Deck Ht: 13”</li>
</ul>",,fixed,,,True,True,False,True,"['Lakeside', 'Woven', 'Deep Seating & Lounge']","Aluminum, Wicker",2026-05-30 23:33:05.301690+00:00,2026-06-23 00:49:18.721089+00:00
5514,NC2676C,Nassau Lounge Chair,nassau-lounge-chair-nc2676c,Nassau 2676,,Deep Seating,"31"" x 30.5"" x 28.7"" H",,,,,fixed,,,True,False,False,True,"['Nassau 2676', 'Mixed Media Aluminum', 'Deep Seating']",Aluminum,2026-06-23 00:49:18.721089+00:00,2026-06-23 00:49:18.721089+00:00
5513,NC2676LS,Nassau Loveseat,nassau-loveseat-nc2676ls,Nassau 2676,,Deep Seating,"56"" x 30.5"" x 28.7"" H",,,,,fixed,,,True,False,False,True,"['Nassau 2676', 'Mixed Media Aluminum', 'Deep Seating']",Aluminum,2026-06-23 00:49:18.721089+00:00,2026-06-23 00:49:18.721089+00:00
5519,NC2676SCC,Nassau Sectional 90 Degree Corner,nassau-sectional-90-degree-corner-nc2676scc,Nassau 2676,,Deep Seating,"31.5"" x 31.5"" x 28.7"" H",,,,,fixed,,,True,False,False,True,"['Nassau 2676', 'Mixed Media Aluminum', 'Deep Seating']",Aluminum,2026-06-23 00:49:18.721089+00:00,2026-06-23 00:49:18.721089+00:00
5517,NC2676LL,Nassau Sectional Left Arm Loveseat,nassau-sectional-left-arm-loveseat-nc2676ll,Nassau 2676,,Deep Seating,"53"" x 31.5"" x 28.7"" H",,,,,fixed,,,True,False,False,True,"['Nassau 2676', 'Mixed Media Aluminum', 'Deep Seating']",Aluminum,2026-06-23 00:49:18.721089+00:00,2026-06-23 00:49:18.721089+00:00
5516,NC2676SCM,Nassau Sectional Middle Armless,nassau-sectional-middle-armless-nc2676scm,Nassau 2676,,Deep Seating,"25.2"" x 31.5"" x 28.7"" H",,,,,fixed,,,True,False,False,True,"['Nassau 2676', 'Mixed Media Aluminum', 'Deep Seating']",Aluminum,2026-06-23 00:49:18.721089+00:00,2026-06-23 00:49:18.721089+00:00
5518,NC2676RL,Nassau Sectional Right Arm Loveseat,nassau-sectional-right-arm-loveseat-nc2676rl,Nassau 2676,,Deep Seating,"53"" x 31.5"" x 28.7"" H",,,,,fixed,,,True,False,False,True,"['Nassau 2676', 'Mixed Media Aluminum', 'Deep Seating']",Aluminum,2026-06-23 00:49:18.721089+00:00,2026-06-23 00:49:18.721089+00:00
5512,NC26763S,Nassau Sofa,nassau-sofa-nc26763s,Nassau 2676,,Deep Seating,"81"" x 30.5"" x 28.7"" H",,,,,fixed,,,True,False,False,True,"['Nassau 2676', 'Mixed Media Aluminum', 'Deep Seating']",Aluminum,2026-06-23 00:49:18.721089+00:00,2026-06-23 00:49:18.721089+00:00
5515,NC2676SR,Nassau Swivel Rocker,nassau-swivel-rocker-nc2676sr,Nassau 2676,,Deep Seating,"31"" x 30.5"" x 28.7"" H",,,,,fixed,,,True,False,False,True,"['Nassau 2676', 'Mixed Media Aluminum', 'Deep Seating']",Aluminum,2026-06-23 00:49:18.721089+00:00,2026-06-23 00:49:18.721089+00:00
3304,NOSKU_delmar-4-seat-outdoor-counter-height-table-patio-set-poly-lumber,Oceanview 4 Seat Outdoor Counter Height Table Patio Set,oceanview-4-seat-outdoor-counter-height-table-patio-set-nc,Oceanview,oceanview,Dining,,,"Our High Density Polyethylene “Poly Lumber” is the superior wood alternative for customers who want unmatched performance and unrivaled beauty. Recycled plastic material is turned into our high-end, high-performance poly","Our High Density Polyethylene “Poly Lumber” is the superior wood alternative for customers who want unmatched performance and unrivaled beauty. Recycled plastic material is turned into our high-end, high-performance poly lumber.

Durable: Our products will not splinter, crack, chip, peel or rot and are impervious to insects.
Color Stable: Rich colors stay brilliant thanks to built-in UV protection.
Low Maintenance: No painting, staining, or waterproofing required.
Easy to Clean: Does not stain or accumulate dirt and are easily cleaned with soap and water.
Marine Grade Polymer",,fixed,,,True,True,False,True,"['Oceanview', 'Poly Lumber', 'Furniture Sets']",Aluminum,2026-05-30 23:33:24.926639+00:00,2026-06-09 22:52:37.617000+00:00
3305,NOSKU_delmar-4-seat-outdoor-dining-height-table-patio-set-poly-lumber,Oceanview 4 Seat Outdoor Dining Height Table Patio Set,oceanview-4-seat-outdoor-dining-height-table-patio-set-nc,Oceanview,oceanview,Dining,,,"Our High Density Polyethylene “Poly Lumber” is the superior wood alternative for customers who want unmatched performance and unrivaled beauty. Recycled plastic material is turned into our high-end, high-performance poly","Our High Density Polyethylene “Poly Lumber” is the superior wood alternative for customers who want unmatched performance and unrivaled beauty. Recycled plastic material is turned into our high-end, high-performance poly lumber.

Durable: Our products will not splinter, crack, chip, peel or rot and are impervious to insects.
Color Stable: Rich colors stay brilliant thanks to built-in UV protection.
Low Maintenance: No painting, staining, or waterproofing required.
Easy to Clean: Does not stain or accumulate dirt and are easily cleaned with soap and water.
Marine Grade Polymer",,fixed,,,True,True,False,True,"['Oceanview', 'Poly Lumber', 'Furniture Sets']",Aluminum,2026-05-30 23:33:25.110910+00:00,2026-06-09 22:52:37.617000+00:00
3301,NOSKU_delmar-4-seat-outdoor-42-round-bar-height-table-patio-set-poly-lumber,Oceanview 4 Seat Outdoor Round Bar Height Table Patio Set,oceanview-4-seat-outdoor-42-round-bar-height-table-patio-set-nc,Oceanview,oceanview,Bar,"42""",,"Our High Density Polyethylene “Poly Lumber” is the superior wood alternative for customers who want unmatched performance and unrivaled beauty. Recycled plastic material is turned into our high-end, high-performance poly","Our High Density Polyethylene “Poly Lumber” is the superior wood alternative for customers who want unmatched performance and unrivaled beauty. Recycled plastic material is turned into our high-end, high-performance poly lumber.

Durable: Our products will not splinter, crack, chip, peel or rot and are impervious to insects.
Color Stable: Rich colors stay brilliant thanks to built-in UV protection.
Low Maintenance: No painting, staining, or waterproofing required.
Easy to Clean: Does not stain or accumulate dirt and are easily cleaned with soap and water.
Marine Grade Polymer",,fixed,,,True,True,False,True,"['Oceanview', 'Poly Lumber', 'Furniture Sets']",Aluminum,2026-05-30 23:33:24.217868+00:00,2026-06-21 02:59:39.754310+00:00
3302,NOSKU_delmar-4-seat-outdoor-42-round-counter-height-table-patio-set-poly-lumber,Oceanview 4 Seat Outdoor Round Counter Height Table Patio Set,oceanview-4-seat-outdoor-42-round-counter-height-table-patio-set-nc,Oceanview,oceanview,Dining,"42""",,"Our High Density Polyethylene “Poly Lumber” is the superior wood alternative for customers who want unmatched performance and unrivaled beauty. Recycled plastic material is turned into our high-end, high-performance poly","Our High Density Polyethylene “Poly Lumber” is the superior wood alternative for customers who want unmatched performance and unrivaled beauty. Recycled plastic material is turned into our high-end, high-performance poly lumber.

Durable: Our products will not splinter, crack, chip, peel or rot and are impervious to insects.
Color Stable: Rich colors stay brilliant thanks to built-in UV protection.
Low Maintenance: No painting, staining, or waterproofing required.
Easy to Clean: Does not stain or accumulate dirt and are easily cleaned with soap and water.
Marine Grade Polymer",,fixed,,,True,True,False,True,"['Oceanview', 'Poly Lumber', 'Furniture Sets']",Aluminum,2026-05-30 23:33:24.406578+00:00,2026-06-21 02:59:39.754310+00:00
3303,NOSKU_delmar-4-seat-outdoor-42-round-dining-height-table-patio-set-poly-lumber,Oceanview 4 Seat Outdoor Round Dining Height Table Patio Set,oceanview-4-seat-outdoor-42-round-dining-height-table-patio-set-nc,Oceanview,oceanview,Dining,"42""",,"Our High Density Polyethylene “Poly Lumber” is the superior wood alternative for customers who want unmatched performance and unrivaled beauty. Recycled plastic material is turned into our high-end, high-performance poly","Our High Density Polyethylene “Poly Lumber” is the superior wood alternative for customers who want unmatched performance and unrivaled beauty. Recycled plastic material is turned into our high-end, high-performance poly lumber.

Durable: Our products will not splinter, crack, chip, peel or rot and are impervious to insects.
Color Stable: Rich colors stay brilliant thanks to built-in UV protection.
Low Maintenance: No painting, staining, or waterproofing required.
Easy to Clean: Does not stain or accumulate dirt and are easily cleaned with soap and water.
Marine Grade Polymer",,fixed,,,True,True,False,True,"['Oceanview', 'Poly Lumber', 'Furniture Sets']",Aluminum,2026-05-30 23:33:24.603976+00:00,2026-06-21 02:59:39.754310+00:00
3306,NOSKU_delmar-6-seat-outdoor-counter-height-table-patio-set-poly-lumber,Oceanview 6 Seat Outdoor Counter Height Table Patio Set,oceanview-6-seat-outdoor-counter-height-table-patio-set-nc,Oceanview,oceanview,Dining,,,"Our High Density Polyethylene “Poly Lumber” is the superior wood alternative for customers who want unmatched performance and unrivaled beauty. Recycled plastic material is turned into our high-end, high-performance poly","Our High Density Polyethylene “Poly Lumber” is the superior wood alternative for customers who want unmatched performance and unrivaled beauty. Recycled plastic material is turned into our high-end, high-performance poly lumber.

Durable: Our products will not splinter, crack, chip, peel or rot and are impervious to insects.
Color Stable: Rich colors stay brilliant thanks to built-in UV protection.
Low Maintenance: No painting, staining, or waterproofing required.
Easy to Clean: Does not stain or accumulate dirt and are easily cleaned with soap and water.
Marine Grade Polymer",,fixed,,,True,True,False,True,"['Oceanview', 'Poly Lumber', 'Furniture Sets']",Aluminum,2026-05-30 23:33:25.372715+00:00,2026-06-09 22:52:37.617000+00:00
3308,NOSKU_delmar-6-seat-outdoor-dining-height-table-patio-set-poly-lumber-2,Oceanview 6 Seat Outdoor Dining Height Table Patio Set,oceanview-6-seat-outdoor-dining-height-table-patio-set-nc,Oceanview,oceanview,Dining,,,"Our High Density Polyethylene “Poly Lumber” is the superior wood alternative for customers who want unmatched performance and unrivaled beauty. Recycled plastic material is turned into our high-end, high-performance poly","Our High Density Polyethylene “Poly Lumber” is the superior wood alternative for customers who want unmatched performance and unrivaled beauty. Recycled plastic material is turned into our high-end, high-performance poly lumber.

Durable: Our products will not splinter, crack, chip, peel or rot and are impervious to insects.
Color Stable: Rich colors stay brilliant thanks to built-in UV protection.
Low Maintenance: No painting, staining, or waterproofing required.
Easy to Clean: Does not stain or accumulate dirt and are easily cleaned with soap and water.
Marine Grade Polymer",,fixed,,,True,True,False,True,"['Oceanview', 'Poly Lumber', 'Furniture Sets']",Aluminum,2026-05-30 23:33:25.839898+00:00,2026-06-09 22:52:37.617000+00:00
3344,PL1001DCS-H,Oceanview Armless Counter or Bar Height Chair,oceanview-armless-counter-or-bar-height-chair-nc,Oceanview,oceanview,Bar,,,Poly,"Poly

<p>Poly Lumber</p>",,fixed,,,True,True,False,True,"['Oceanview', 'Poly Lumber', 'Bar & Counter Stools']",Aluminum,2026-05-30 23:33:37.850932+00:00,2026-06-09 22:52:37.515000+00:00
3273,PL1001DCS,Oceanview Armless Dining Chair,oceanview-armless-dining-chair-nc,Oceanview,oceanview,Dining,,,Poly,"Poly

<p>Poly Lumber</p>",,fixed,,,True,True,False,True,"['Oceanview', 'Poly Lumber', 'Dining Chairs']",Aluminum,2026-05-30 23:33:14.549810+00:00,2026-06-09 22:52:37.617000+00:00
3345,PL1001DC-H,Oceanview Counter or Bar Height Chair With Arms,oceanview-counter-or-bar-height-chair-with-arms-nc,Oceanview,oceanview,Bar,,,Poly,"Poly

<p>Poly Lumber</p>",,fixed,,,True,True,False,True,"['Oceanview', 'Poly Lumber', 'Bar & Counter Stools']",Aluminum,2026-05-30 23:33:37.973214+00:00,2026-06-09 22:52:37.515000+00:00
3274,PL1001DC,Oceanview Dining Chair With Arms,oceanview-dining-chair-with-arms-nc,Oceanview,oceanview,Dining,,,Poly,"Poly

<p>Poly Lumber</p>",,fixed,,,True,True,False,True,"['Oceanview', 'Poly Lumber', 'Dining Chairs']",Aluminum,2026-05-30 23:33:14.673778+00:00,2026-06-09 22:52:37.617000+00:00
3293,PL1001DT-REC-72,Oceanview Rectangle Dining Table,oceanview-72-x-40-rectangle-dining-table-nc,Oceanview,oceanview,Dining,"72"" x 40""",,Poly,"Poly

<p>Poly Lumber</p>",,fixed,,,True,True,False,True,"['Oceanview', 'Poly Lumber', 'Dining Tables']",Aluminum,2026-05-30 23:33:22.804993+00:00,2026-06-21 02:59:39.754310+00:00
3292,PL1001DT-REC-60,Oceanview Rectangle Dining Table,oceanview-60-x-28-rectangle-dining-table-nc,Oceanview,oceanview,Dining,"60"" x 28""",,Poly,"Poly

<p>Poly Lumber</p>",,fixed,,,True,True,False,True,"['Oceanview', 'Poly Lumber', 'Dining Tables']",Aluminum,2026-05-30 23:33:22.683470+00:00,2026-06-21 02:59:39.754310+00:00
3291,PL1001DT-RND-42,Oceanview Round Dining Table,oceanview-42-round-dining-table-nc,Oceanview,oceanview,Dining,"42""",,Poly,"Poly

<p>Poly Lumber</p>",,fixed,,,True,True,False,True,"['Oceanview', 'Poly Lumber', 'Dining Tables']",Aluminum,2026-05-30 23:33:22.560643+00:00,2026-06-21 02:59:39.754310+00:00
3346,PL1001SS,Oceanview Saddle Stool,oceanview-saddle-stool-nc,Oceanview,oceanview,Bar,,,Poly,"Poly

<p>Poly Lumber</p>",,fixed,,,True,True,False,True,"['Oceanview', 'Poly Lumber', 'Bar & Counter Stools']",Aluminum,2026-05-30 23:33:38.113362+00:00,2026-06-09 22:52:37.515000+00:00
3283,NC6790DT,Overton 82”x 42” Dining Table w/ textured alum. wood look finish,overton-82-x-42-dining-table-w-textured-alum-wood-look-finish-nc,Overton,overton,Dining,,,Offers clean lines with mixed-media style. The 82” Overton dining table in Gunmetal/Textured Gray with umbrella,"Offers clean lines with mixed-media style. The 82” Overton dining table in Gunmetal/Textured Gray with umbrella

<p>Offers clean lines with mixed-media style. The 82” Overton dining table in Gunmetal/Textured Gray with umbrella hole.</p>

<ul>
  <li>Long lasting durability and rust resistance.</li>
  <li>This table is perfect for practically any setting, and looks particularly nice in modern and/or minimalist environments.</li>
  <li>Style: Modern/Contemporary</li>
</ul>",,fixed,,,True,True,False,True,"['Aluminum Sling', 'Dining Tables']",Aluminum,2026-05-30 23:33:17.312090+00:00,2026-06-08 21:38:25.303000+00:00
3314,NC6790CVT-REC,Overton Conversation table w/ textured alum. wood look finish/strong,overton-conversation-table-w-textured-alum-wood-look-finish-strong-nc,Overton,overton,Deep Seating,,,Offers clean lines with mixed-media style. The Overton conversation table in Gunmetal/Textured,"Offers clean lines with mixed-media style. The Overton conversation table in Gunmetal/Textured

<p>Offers clean lines with mixed-media style. The Overton conversation table in Gunmetal/Textured Gray.</p>

<ul>
  <li>Long lasting durability and rust resistance.</li>
  <li>This table is perfect for practically any setting, and looks particularly nice in modern and/or minimalist environments.</li>
  <li>Style: Modern/Contemporary</li>
</ul>",,fixed,,,True,True,False,True,"['Aluminum Sling', 'Accent Tables']",Aluminum,2026-05-30 23:33:29.151588+00:00,2026-06-09 22:52:37.631000+00:00
3269,NC6790DC,Overton Padded Dining Chair,overton-padded-dining-chair-nc,Overton,overton,Dining,,,Offers clean lines with mixed-media style. Gunmetal,"Offers clean lines with mixed-media style. Gunmetal

<p>Offers clean lines with mixed-media style. Gunmetal Gray/Willow</p>

<ul>
  <li>Long lasting durability and rust resistance.</li>
  <li>This Chair is perfect for practically any setting, and looks particularly nice in modern and/or minimalist environments.</li>
  <li>Seat Type: Without Cushions but is padded</li>
  <li>Motion Type: Stationary</li>
  <li>Style: Modern/Contemporary</li>
  <li>Finish: Gunmetal, Willow Flat</li>
</ul>",,fixed,,,True,True,False,True,"['Aluminum Sling', 'Dining Chairs']",Aluminum,2026-05-30 23:33:13.207510+00:00,2026-06-09 22:52:37.617000+00:00
3315,NC6790CT-REC,Overton Rectangle Coffee Table w/ textured alum. wood look finish,overton-rectangle-coffee-table-w-textured-alum-wood-look-finish-nc,Overton,overton,Coffee & Side Tables,,,Offers clean lines with mixed-media style. The Overton coffee table in Gunmetal/Textured,"Offers clean lines with mixed-media style. The Overton coffee table in Gunmetal/Textured

<p>Offers clean lines with mixed-media style. The Overton coffee table in Gunmetal/Textured Gray.</p>

<ul>
  <li>Long lasting durability and rust resistance.</li>
  <li>This table is perfect for practically any setting, and looks particularly nice in modern and/or minimalist environments.</li>
  <li>Style: Modern/Contemporary</li>
</ul>",,fixed,,,True,True,False,True,"['Aluminum Sling', 'Accent Tables']",Aluminum,2026-05-30 23:33:29.415985+00:00,2026-06-09 22:52:37.657000+00:00
3316,NC6790ET-SQ,Overton Square End Table – Wood Finish Texture,overton-square-end-table-wood-finish-texture-nc,Overton,overton,Coffee & Side Tables,,,Offers clean lines with mixed-media style. The Overton end table in Gunmetal/Textured,"Offers clean lines with mixed-media style. The Overton end table in Gunmetal/Textured

<p>Offers clean lines with mixed-media style. The Overton end table in Gunmetal/Textured Gray.</p>

<ul>
  <li>Long lasting durability and rust resistance.</li>
  <li>This table is perfect for practically any setting, and looks particularly nice in modern and/or minimalist environments.</li>
  <li>Style: Modern/Contemporary</li>
</ul>",,fixed,,,True,True,False,True,"['Aluminum Sling', 'Accent Tables']",Aluminum,2026-05-30 23:33:29.610241+00:00,2026-06-09 22:52:37.657000+00:00
3365,NC6870-SACL,Rio Chaise Lounge,rio-chaise-lounge-nc,Rio,rio,Chaise Lounges,,,This sling Chaise Lounge offers clean lines with mixed-media style. It features ash gray outdoor upholstery that combines with a stylish sterling gray finish on the frame and legs. The upholstery material is designed to withstand the elements while providing a surprisingly comfortable seat.,"This sling Chaise Lounge offers clean lines with mixed-media style. It features ash gray outdoor upholstery that combines with a stylish sterling gray finish on the frame and legs. The upholstery material is designed to withstand the elements while providing a surprisingly comfortable seat.

<p>This sling Chaise Lounge offers clean lines with mixed-media style. It features ash gray outdoor upholstery that combines with a stylish sterling gray finish on the frame and legs. The upholstery material is designed to withstand the elements while providing a surprisingly comfortable seat.</p>

<ul>
  <li>Thick-gauged, powder-coated aluminum frame in a trend-forward sterling gray finish offers long lasting durability and rust resistance</li>
  <li>Quick-dry, durable outdoor upholstery material provides longevity and a comfortable seat</li>
  <li>Perfect for practically any setting and looks particularly nice in modern and minimalist environments</li>
  <li>Weight Capacity: 250 lb.</li>
  <li>Assembly Required: Yes</li>
  <li>Reclining: Yes</li>
  <li>Stacking: Yes</li>
  <li>Arms: 22″H</li>
  <li>Fully reclined length – Head to Toe: 84″</li>
  <li>Seat Height – Floor to Seat: 15″</li>
  <li>Seat Back Height: 15″</li>
</ul>",,fixed,,,True,True,False,True,"['Aluminum Sling', 'Chaise Lounges']",Aluminum,2026-05-30 23:33:44.210513+00:00,2026-06-08 21:38:25.412000+00:00
3270,NC6870-DC,Rio Dining Chair,rio-dining-chair-nc,Rio,rio,Dining,,,This sling dining chair offers clean lines with a mixed-media style. It features ash gray outdoor upholstery that combines with a stylish sterling gray finish on the frame and legs. The upholstery material is designed to withstand the elements while providing a surprisingly comfortable seat.,"This sling dining chair offers clean lines with a mixed-media style. It features ash gray outdoor upholstery that combines with a stylish sterling gray finish on the frame and legs. The upholstery material is designed to withstand the elements while providing a surprisingly comfortable seat.

<p>This sling dining chair offers clean lines with a mixed-media style. It features ash gray outdoor upholstery that combines with a stylish sterling gray finish on the frame and legs. The upholstery material is designed to withstand the elements while providing a surprisingly comfortable seat.</p>

<ul>
  <li>Thick-gauged, powder-coated aluminum frame in a trend-forward sterling gray finish offers long lasting durability and rust resistance</li>
  <li>Quick-dry, durable outdoor upholstery material provides longevity and a comfortable seat</li>
  <li>Perfect for practically any setting and looks particularly nice in modern and minimalist environments</li>
  <li>Outer Frame Material: Metal</li>
  <li>Cushions Included: No</li>
  <li>Durability: Weather Resistant; Water Resistant; UV Resistant</li>
  <li>Weight Capacity: 250 lb.</li>
  <li>Assembly Required: Yes</li>
  <li>Arms 26” H</li>
  <li>Seat 17” H</li>
</ul>",,fixed,,,True,True,False,True,"['Aluminum Sling', 'Dining Chairs']",Aluminum,2026-05-30 23:33:13.452127+00:00,2026-06-09 22:52:37.617000+00:00
3284,NC6870DT-48,Rio Dining Table,rio-48-dining-table-nc,Rio,rio,Dining,"48""",,This patio dining table offers clean lines with a mixed-media style. Umbrella hole in the,"This patio dining table offers clean lines with a mixed-media style. Umbrella hole in the

<p>This patio dining table offers clean lines with a mixed-media style. Umbrella hole in the middle.</p>

<ul>
  <li>Seating Capacity: 4</li>
  <li>Umbrella Hole: Yes</li>
  <li>Color: Gunmetal</li>
  <li>Metal: Aluminum</li>
  <li>Durability: Weather Resistant; Water Resistant; UV Resistant</li>
  <li>Assembly Required: Yes</li>
</ul>",,fixed,,,True,True,False,True,"['Aluminum Sling', 'Dining Tables']",Aluminum,2026-05-30 23:33:17.480213+00:00,2026-06-21 02:59:39.754310+00:00
3285,NC6870DT-60,Rio Dining Table,rio-60-dining-table-nc,Rio,rio,Dining,"60""",,This patio dining table offers clean lines with a mixed-media style. Umbrella hole in the,"This patio dining table offers clean lines with a mixed-media style. Umbrella hole in the

<p>This patio dining table offers clean lines with a mixed-media style. Umbrella hole in the middle.</p>

<ul>
  <li>Seating Capacity: 5</li>
  <li>Umbrella Hole: Yes</li>
  <li>Color: Gunmetal</li>
  <li>Metal: Aluminum</li>
  <li>Durability: Weather Resistant; Water Resistant; UV Resistant</li>
  <li>Assembly Required: Yes</li>
</ul>",,fixed,,,True,True,False,True,"['Aluminum Sling', 'Dining Tables']",Aluminum,2026-05-30 23:33:17.638146+00:00,2026-06-21 02:59:39.754310+00:00
3259,NC2170C,Seaside Teak Chair,seaside-teak-chair-nc,Seaside,seaside,Deep Seating,,,"Patio Chair with Sunbrella Cushions features artisan craftsmanship in 100% solid, plantation-grown teak. The naturally weather-resistant teak is smoothly sanded and may be oiled to preserve the warm look as shown, or allowed to weather naturally to a beautiful silvery gray patina. Hardware is zinc-coated steel that has been plated in brass. The zinc helps minimize corrosion, steel was chosen for strength and brass for its luster. Also included are cushions covered in fade and mildew-resistant sunbrella® fabric.","Patio Chair with Sunbrella Cushions features artisan craftsmanship in 100% solid, plantation-grown teak. The naturally weather-resistant teak is smoothly sanded and may be oiled to preserve the warm look as shown, or allowed to weather naturally to a beautiful silvery gray patina. Hardware is zinc-coated steel that has been plated in brass. The zinc helps minimize corrosion, steel was chosen for strength and brass for its luster. Also included are cushions covered in fade and mildew-resistant sunbrella® fabric.

<p>Patio Chair with Sunbrella Cushions features artisan craftsmanship in 100% solid, plantation-grown teak. The naturally weather-resistant teak is smoothly sanded and may be oiled to preserve the warm look as shown, or allowed to weather naturally to a beautiful silvery gray patina. Hardware is zinc-coated steel that has been plated in brass. The zinc helps minimize corrosion, steel was chosen for strength and brass for its luster. Also included are cushions covered in fade and mildew-resistant sunbrella® fabric.</p>

<ul>
  <li>Plush bull nose cushions in the sunbrella fabric provide unmatched fade, moisture and mildew resistance</li>
  <li>Responsibly harvested solid plantation-grown teak. The teak plantation participates in a replenished forestry program and plants 1 tree for each tree that is harvested.</li>
  <li>You may choose to allow your natural wood/teak to weather to a beautiful silver-gray patina or treat it with an oil or sealer specifically made for natural teak twice a year to preserve the natural wood/teak’s golden finish.</li>
  <li>Frame Material: Teak</li>
  <li>Cushions Included: Yes</li>
  <li>Product Care: Easily clean cushions with mild soap and water for an enduringly pristine surface. Air dry only.</li>
  <li>Assembly Required: Yes</li>
  <li>Seat Cushion Thickness 6”</li>
  <li>Seat Height Without Cushion 12”</li>
  <li>Weight Capacity: 300 lbs.</li>
</ul>",,fixed,,,True,True,False,True,"['Seaside', 'Teak', 'Deep Seating & Lounge']",Aluminum,2026-05-30 23:33:06.355779+00:00,2026-06-08 21:38:25.788000+00:00
3339,NC2170CT,Seaside Teak Coffee Table,seaside-teak-coffee-table-nc,Seaside,seaside,Coffee & Side Tables,,,"This Teak Coffee Table features artisan craftsmanship in 100% solid, plantation-grown teak. The naturally weather-resistant teak is smoothly sanded and may be oiled to preserve the warm look as shown, or allowed to weather naturally to a beautiful silvery gray patina. Hardware is zinc-coated steel that has been plated in brass. The zinc helps minimize corrosion, steel was chosen for strength and brass for its luster.","This Teak Coffee Table features artisan craftsmanship in 100% solid, plantation-grown teak. The naturally weather-resistant teak is smoothly sanded and may be oiled to preserve the warm look as shown, or allowed to weather naturally to a beautiful silvery gray patina. Hardware is zinc-coated steel that has been plated in brass. The zinc helps minimize corrosion, steel was chosen for strength and brass for its luster.

<p>This Teak Coffee Table features artisan craftsmanship in 100% solid, plantation-grown teak. The naturally weather-resistant teak is smoothly sanded and may be oiled to preserve the warm look as shown, or allowed to weather naturally to a beautiful silvery gray patina. Hardware is zinc-coated steel that has been plated in brass. The zinc helps minimize corrosion, steel was chosen for strength and brass for its luster.</p>

<ul>
  <li>Responsibly harvested solid plantation-grown teak. The teak plantation participates in a replenished forestry program and plants 1 tree for each tree that is harvested.</li>
  <li>Teak</li>
  <li>Durability: Weather Resistant</li>
  <li>Assembly Required: Yes</li>
</ul>",,fixed,,,True,True,False,True,"['Seaside', 'Teak', 'Accent Tables']",Aluminum,2026-05-30 23:33:36.184661+00:00,2026-06-09 22:52:37.657000+00:00
3275,NC2170DC,Seaside Teak Dining Chair,seaside-teak-dining-chair-nc,Seaside,seaside,Dining,,,"Dining Chair with Sunbrella Cushions features artisan craftsmanship in 100% solid, plantation-grown teak. The naturally weather-resistant teak is smoothly sanded and may be oiled to preserve the warm look as shown, or allowed to weather naturally to a beautiful silvery gray patina. Hardware is zinc-coated steel that has been plated in brass. The zinc helps minimize corrosion, steel was chosen for strength and brass for its luster. Also included are cushions covered in fade and mildew-resistant sunbrella® fabric. Turn your patio into a lavish outdoor lounge with this artfully designed teak seating set.","Dining Chair with Sunbrella Cushions features artisan craftsmanship in 100% solid, plantation-grown teak. The naturally weather-resistant teak is smoothly sanded and may be oiled to preserve the warm look as shown, or allowed to weather naturally to a beautiful silvery gray patina. Hardware is zinc-coated steel that has been plated in brass. The zinc helps minimize corrosion, steel was chosen for strength and brass for its luster. Also included are cushions covered in fade and mildew-resistant sunbrella® fabric. Turn your patio into a lavish outdoor lounge with this artfully designed teak seating set.

<p>Dining Chair with Sunbrella Cushions features artisan craftsmanship in 100% solid, plantation-grown teak. The naturally weather-resistant teak is smoothly sanded and may be oiled to preserve the warm look as shown, or allowed to weather naturally to a beautiful silvery gray patina. Hardware is zinc-coated steel that has been plated in brass. The zinc helps minimize corrosion, steel was chosen for strength and brass for its luster. Also included are cushions covered in fade and mildew-resistant sunbrella® fabric. Turn your patio into a lavish outdoor lounge with this artfully designed teak seating set.</p>

<ul>
  <li>Plush bull nose cushions in the sunbrella fabric provide unmatched fade, moisture and mildew resistance</li>
  <li>Responsibly harvested solid plantation-grown teak. The teak plantation participates in a replenished forestry program and plants 1 tree for each tree that is harvested.</li>
  <li>You may choose to allow your natural wood/teak to weather to a beautiful silver-gray patina or treat it with an oil or sealer specifically made for natural teak twice a year to preserve the natural teak’s golden finish.</li>
  <li>Frame Material: Teak</li>
  <li>Cushions Included: Yes</li>
  <li>Product Care: Easily clean cushions with mild soap and water for an enduringly pristine surface. Air dry only.</li>
  <li>Assembly Required: Yes</li>
  <li>Seat Cushion Thickness 2.5”</li>
  <li>Seat Height Without Cushion 16”</li>
  <li>Weight Capacity: 270 lbs.</li>
</ul>",,fixed,,,True,True,False,True,"['Seaside', 'Teak', 'Dining Chairs']",Aluminum,2026-05-30 23:33:15.630768+00:00,2026-06-09 22:52:37.617000+00:00
3340,NC2170ET,Seaside Teak End Table,seaside-teak-end-table-nc,Seaside,seaside,Coffee & Side Tables,,,"This Teak Side Table features artisan craftsmanship in 100% solid, plantation-grown teak. The naturally weather-resistant teak is smoothly sanded and may be oiled to preserve the warm look as shown, or allowed to weather naturally to a beautiful silvery gray patina. Hardware is zinc-coated steel that has been plated in brass. The zinc helps minimize corrosion, steel was chosen for strength and brass for its luster.","This Teak Side Table features artisan craftsmanship in 100% solid, plantation-grown teak. The naturally weather-resistant teak is smoothly sanded and may be oiled to preserve the warm look as shown, or allowed to weather naturally to a beautiful silvery gray patina. Hardware is zinc-coated steel that has been plated in brass. The zinc helps minimize corrosion, steel was chosen for strength and brass for its luster.

<p>This Teak Side Table features artisan craftsmanship in 100% solid, plantation-grown teak. The naturally weather-resistant teak is smoothly sanded and may be oiled to preserve the warm look as shown, or allowed to weather naturally to a beautiful silvery gray patina. Hardware is zinc-coated steel that has been plated in brass. The zinc helps minimize corrosion, steel was chosen for strength and brass for its luster.</p>

<ul>
  <li>Responsibly harvested solid plantation-grown teak. The teak plantation participates in a replenished forestry program and plants 1 tree for each tree that is harvested.</li>
  <li>Durability: Weather Resistant</li>
  <li>Assembly Required: Yes</li>
  <li>Teak</li>
</ul>",,fixed,,,True,True,False,True,"['Seaside', 'Teak', 'Accent Tables']",Aluminum,2026-05-30 23:33:37.019956+00:00,2026-06-09 22:52:37.657000+00:00
3260,NC2170LS,Seaside Teak Loveseat,seaside-teak-loveseat-nc,Seaside,seaside,Deep Seating,,,"Patio Loveseat with Sunbrella Cushions features artisan craftsmanship in 100% solid, plantation-grown teak. The naturally weather-resistant teak is smoothly sanded and may be oiled to preserve the warm look as shown, or allowed to weather naturally to a beautiful silvery gray patina. Hardware is zinc-coated steel that has been plated in brass. The zinc helps minimize corrosion, steel was chosen for strength and brass for its luster. Also included are cushions covered in fade and mildew-resistant sunbrella® fabric.","Patio Loveseat with Sunbrella Cushions features artisan craftsmanship in 100% solid, plantation-grown teak. The naturally weather-resistant teak is smoothly sanded and may be oiled to preserve the warm look as shown, or allowed to weather naturally to a beautiful silvery gray patina. Hardware is zinc-coated steel that has been plated in brass. The zinc helps minimize corrosion, steel was chosen for strength and brass for its luster. Also included are cushions covered in fade and mildew-resistant sunbrella® fabric.

<p>Patio Loveseat with Sunbrella Cushions features artisan craftsmanship in 100% solid, plantation-grown teak. The naturally weather-resistant teak is smoothly sanded and may be oiled to preserve the warm look as shown, or allowed to weather naturally to a beautiful silvery gray patina. Hardware is zinc-coated steel that has been plated in brass. The zinc helps minimize corrosion, steel was chosen for strength and brass for its luster. Also included are cushions covered in fade and mildew-resistant sunbrella® fabric.</p>

<ul>
  <li>Plush bull nose cushions in the sunbrella fabric provide unmatched fade, moisture and mildew resistance</li>
  <li>Responsibly harvested solid plantation-grown teak. The teak plantation participates in a replenished forestry program and plants 1 tree for each tree that is harvested.</li>
  <li>You may choose to allow your natural wood/teak to weather to a beautiful silver-gray patina or treat it with an oil or sealer specifically made for natural teak twice a year to preserve the natural teak’s golden finish.</li>
  <li>Frame Material: Teak</li>
  <li>Cushions Included: Yes</li>
  <li>Product Care: Easily clean cushions with mild soap and water for an enduringly pristine surface. Air dry only.</li>
  <li>Assembly Required: Yes</li>
  <li>Seat Cushion Thickness 6”</li>
  <li>Seat Height Without Cushion 12”</li>
  <li>Seat Depth – Front to Back 26</li>
  <li>Seat Back Height 18.5</li>
  <li>Weight Capacity: 550 lbs.</li>
</ul>",,fixed,,,True,True,False,True,"['Seaside', 'Teak', 'Deep Seating & Lounge']",Aluminum,2026-05-30 23:33:07.312841+00:00,2026-06-08 21:38:25.327000+00:00
3360,NC2170O-REC,Seaside Teak Ottoman,seaside-teak-ottoman-nc,Seaside,seaside,Deep Seating,,,"Patio Dining Ottoman with Sunbrella Cushions features artisan craftsmanship in 100% solid, plantation-grown teak. The naturally weather-resistant teak is smoothly sanded and may be oiled to preserve the warm look as shown, or allowed to weather naturally to a beautiful silvery gray patina. Hardware is zinc-coated steel that has been plated in brass. The zinc helps minimize corrosion, steel was chosen for strength and brass for its luster. Also included are cushions covered in fade and mildew-resistant sunbrella® fabric.","Patio Dining Ottoman with Sunbrella Cushions features artisan craftsmanship in 100% solid, plantation-grown teak. The naturally weather-resistant teak is smoothly sanded and may be oiled to preserve the warm look as shown, or allowed to weather naturally to a beautiful silvery gray patina. Hardware is zinc-coated steel that has been plated in brass. The zinc helps minimize corrosion, steel was chosen for strength and brass for its luster. Also included are cushions covered in fade and mildew-resistant sunbrella® fabric.

<p>Patio Dining Ottoman with Sunbrella Cushions features artisan craftsmanship in 100% solid, plantation-grown teak. The naturally weather-resistant teak is smoothly sanded and may be oiled to preserve the warm look as shown, or allowed to weather naturally to a beautiful silvery gray patina. Hardware is zinc-coated steel that has been plated in brass. The zinc helps minimize corrosion, steel was chosen for strength and brass for its luster. Also included are cushions covered in fade and mildew-resistant sunbrella® fabric.</p>

<ul>
  <li>Plush bull nose cushions in the Sunbrella fabric provide unmatched fade, moisture and mildew resistance</li>
  <li>Responsibly harvested solid plantation-grown teak. The teak plantation participates in a replenished forestry program and plants 1 tree for each tree that is harvested.</li>
  <li>You may choose to allow your natural wood/teak to weather to a beautiful silver-gray patina or treat it with an oil or sealer specifically made for natural teak twice a year to preserve the natural teak’s golden finish.</li>
  <li>Frame Material: Teak</li>
  <li>Cushions Included: Yes</li>
  <li>Product Care: Easily clean cushions with mild soap and water for an enduringly pristine surface. Air dry only.</li>
  <li>Assembly Required: Yes</li>
  <li>Seat Cushion Thickness 6”</li>
  <li>Weight Capacity: 270 lbs.</li>
</ul>",,fixed,,,True,True,False,True,"['Seaside', 'Teak', 'Ottomans']",Aluminum,2026-05-30 23:33:43.073896+00:00,2026-06-08 21:38:25.821000+00:00
3261,NC21703S,Seaside Teak Sofa,seaside-teak-sofa-nc,Seaside,seaside,Deep Seating,,,"Patio Sofa with Sunbrella Cushions features artisan craftsmanship in 100% solid, plantation-grown teak. The naturally weather-resistant teak is smoothly sanded and may be oiled to preserve the warm look as shown, or allowed to weather naturally to a beautiful silvery gray patina. Hardware is zinc-coated steel that has been plated in brass. The zinc helps minimize corrosion, steel was chosen for strength and brass for its luster. Also included are cushions covered in fade and mildew-resistant sunbrella® fabric.","Patio Sofa with Sunbrella Cushions features artisan craftsmanship in 100% solid, plantation-grown teak. The naturally weather-resistant teak is smoothly sanded and may be oiled to preserve the warm look as shown, or allowed to weather naturally to a beautiful silvery gray patina. Hardware is zinc-coated steel that has been plated in brass. The zinc helps minimize corrosion, steel was chosen for strength and brass for its luster. Also included are cushions covered in fade and mildew-resistant sunbrella® fabric.

<p>Patio Sofa with Sunbrella Cushions features artisan craftsmanship in 100% solid, plantation-grown teak. The naturally weather-resistant teak is smoothly sanded and may be oiled to preserve the warm look as shown, or allowed to weather naturally to a beautiful silvery gray patina. Hardware is zinc-coated steel that has been plated in brass. The zinc helps minimize corrosion, steel was chosen for strength and brass for its luster. Also included are cushions covered in fade and mildew-resistant sunbrella® fabric.</p>

<ul>
  <li>Plush bull nose cushions in the sunbrella fabric provide unmatched fade, moisture and mildew resistance</li>
  <li>Responsibly harvested solid plantation-grown teak. The teak plantation participates in a replenished forestry program and plants 1 tree for each tree that is harvested.</li>
  <li>You may choose to allow your natural teak to weather to a beautiful silver-gray patina or treat it with an oil or sealer specifically made for natural teak twice a year to preserve the natural wood/teak’s golden finish.</li>
  <li>Frame Material: Teak</li>
  <li>Cushions Included: Yes</li>
  <li>Product Care: Easily clean cushions with mild soap and water for an enduringly pristine surface. Air dry only.</li>
  <li>Assembly Required: Yes</li>
  <li>Seat Cushion Thickness 6”</li>
  <li>Seat Height Without Cushion 12”</li>
  <li>Seat Depth – Front to Back 26</li>
  <li>Seat Back Height 18.5</li>
  <li>Weight Capacity: 750 lbs.</li>
</ul>",,fixed,,,True,True,False,True,"['Seaside', 'Teak', 'Deep Seating & Lounge']",Aluminum,2026-05-30 23:33:08.382295+00:00,2026-06-08 21:38:25.331000+00:00
5526,C6600DC,Sedona Dining Chair,sedona-dining-chair-c6600dc,Sedona 6600,,Dining,"26"" x 22"" x 34.6"" H",,,,,fixed,,,True,False,False,True,"['Sedona 6600', 'Mixed Media Aluminum', 'Dining Chairs']",Aluminum,2026-06-23 00:49:18.721089+00:00,2026-06-23 00:49:18.721089+00:00
5522,NC6600C,Sedona Lounge Chair,sedona-lounge-chair-nc6600c,Sedona 6600,,Deep Seating,"30"" x 33"" x 28.7"" H",,,,,fixed,,,True,False,False,True,"['Sedona 6600', 'Mixed Media Aluminum', 'Deep Seating']",Aluminum,2026-06-23 00:49:18.721089+00:00,2026-06-23 00:49:18.721089+00:00
5521,NC6600LS,Sedona Loveseat,sedona-loveseat-nc6600ls,Sedona 6600,,Deep Seating,"55.1"" x 33"" x 28.7"" H",,,,,fixed,,,True,False,False,True,"['Sedona 6600', 'Mixed Media Aluminum', 'Deep Seating']",Aluminum,2026-06-23 00:49:18.721089+00:00,2026-06-23 00:49:18.721089+00:00
5524,NC6600LL,Sedona Sectional Left Arm Loveseat,sedona-sectional-left-arm-loveseat-nc6600ll,Sedona 6600,,Deep Seating,"52.6"" x 32.8"" x 28.7"" H",,,,,fixed,,,True,False,False,True,"['Sedona 6600', 'Mixed Media Aluminum', 'Deep Seating']",Aluminum,2026-06-23 00:49:18.721089+00:00,2026-06-23 00:49:18.721089+00:00
5525,NC6600RL,Sedona Sectional Right Arm Loveseat,sedona-sectional-right-arm-loveseat-nc6600rl,Sedona 6600,,Deep Seating,"52.6"" x 32.8"" x 28.7"" H",,,,,fixed,,,True,False,False,True,"['Sedona 6600', 'Mixed Media Aluminum', 'Deep Seating']",Aluminum,2026-06-23 00:49:18.721089+00:00,2026-06-23 00:49:18.721089+00:00
5520,NC66003S,Sedona Sofa,sedona-sofa-nc66003s,Sedona 6600,,Deep Seating,"80.3"" x 33"" x 28.7"" H",,,,,fixed,,,True,False,False,True,"['Sedona 6600', 'Mixed Media Aluminum', 'Deep Seating']",Aluminum,2026-06-23 00:49:18.721089+00:00,2026-06-23 00:49:18.721089+00:00
5523,NC6600SR,Sedona Swivel Rocker,sedona-swivel-rocker-nc6600sr,Sedona 6600,,Deep Seating,"30"" x 33"" x 28.7"" H",,,,,fixed,,,True,False,False,True,"['Sedona 6600', 'Mixed Media Aluminum', 'Deep Seating']",Aluminum,2026-06-23 00:49:18.721089+00:00,2026-06-23 00:49:18.721089+00:00
3268,NC2045-DLS,Solano 2 Seater Dining Bench,solano-2-seater-dining-bench-nc,Solano,solano,Deep Seating,,,This teak patio bench loveseat with arms is great for dining tables and sitting outside on its own. This naturally weather-resistant hardwood may be maintained to preserve the warm look as shown or allowed to weather naturally to a beautiful silvery gray patina. Plantation-grown teak.,"This teak patio bench loveseat with arms is great for dining tables and sitting outside on its own. This naturally weather-resistant hardwood may be maintained to preserve the warm look as shown or allowed to weather naturally to a beautiful silvery gray patina. Plantation-grown teak.

<p>This teak patio bench loveseat with arms is great for dining tables and sitting outside on its own. This naturally weather-resistant hardwood may be maintained to preserve the warm look as shown or allowed to weather naturally to a beautiful silvery gray patina. Plantation-grown teak.</p>

<ul>
  <li>Plantation-grown teak is harvested from mature trees that are part of a replenished forestry program, then the teak is oven- or air-dried for moisture control</li>
  <li>Hardware is zinc-coated steel that has been plated in brass. The zinc helps minimize corrosion, steel was chosen for strength and brass for its luster</li>
  <li>You may choose to allow your natural teak to weather to a beautiful silver-gray patina or treat it with an oil or sealer specifically made for natural teak twice a year to preserve the natural teak’s rustic finish</li>
  <li>Solution dyed: Yes</li>
  <li>Cushion attachment type: Cushion ties</li>
  <li>Seating Capacity: 2</li>
  <li>Weight Capacity: 500 lb.</li>
  <li>Seat: 17H x 18.25D</li>
  <li>Seat Cushion Thickness: 3″</li>
  <li>Back Height – Seat to Top of Back: 19″</li>
  <li>Assembly Required: Yes</li>
</ul>",,fixed,,,True,True,False,True,"['Universal Teak', 'Teak', 'Deep Seating & Lounge']",Aluminum,2026-05-30 23:33:12.963569+00:00,2026-06-08 21:38:25.792000+00:00
3278,NC2045-DC,Solano Dining Chair,solano-dining-chair-nc,Solano,solano,Dining,,,This teak patio dining chair with arms is great for dining tables and sitting outside on its own. This naturally weather-resistant hardwood may be maintained to preserve the warm look as shown or allowed to weather naturally to a beautiful silvery gray patina. Plantation-grown teak.,"This teak patio dining chair with arms is great for dining tables and sitting outside on its own. This naturally weather-resistant hardwood may be maintained to preserve the warm look as shown or allowed to weather naturally to a beautiful silvery gray patina. Plantation-grown teak.

<p>This teak patio dining chair with arms is great for dining tables and sitting outside on its own. This naturally weather-resistant hardwood may be maintained to preserve the warm look as shown or allowed to weather naturally to a beautiful silvery gray patina. Plantation-grown teak.</p>

<ul>
  <li>Plantation-grown teak is harvested from mature trees that are part of a replenished forestry program, then the teak is oven- or air-dried for moisture control</li>
  <li>Hardware is zinc-coated steel that has been plated in brass. The zinc helps minimize corrosion, steel was chosen for strength and brass for its luster</li>
  <li>You may choose to allow your natural teak to weather to a beautiful silver-gray patina or treat it with an oil or sealer specifically made for natural teak twice a year to preserve the natural teak’s rustic finish</li>
  <li>Outer Frame Material: Teak</li>
  <li>Cushions Included: Yes</li>
  <li>Durability: Weather Resistant; Water Resistant; UV Resistant</li>
  <li>Weight Capacity: 250 lb.</li>
  <li>Arm Height: 24″</li>
  <li>Seat: 13″</li>
  <li>Assembly Required: Yes</li>
</ul>",,fixed,,,True,True,False,True,"['Universal Teak', 'Teak', 'Dining Chairs']",Aluminum,2026-05-30 23:33:16.208459+00:00,2026-06-09 22:52:37.617000+00:00
3279,NC2045-DCS,Solano Dining Side Chair,solano-dining-side-chair-nc,Solano,solano,Dining,,,This teak patio dining side chair with arms is great for dining tables and sitting outside on its own. This naturally weather-resistant hardwood may be maintained to preserve the warm look as shown or allowed to weather naturally to a beautiful silvery gray patina. Plantation-grown teak.,"This teak patio dining side chair with arms is great for dining tables and sitting outside on its own. This naturally weather-resistant hardwood may be maintained to preserve the warm look as shown or allowed to weather naturally to a beautiful silvery gray patina. Plantation-grown teak.

<p>This teak patio dining side chair with arms is great for dining tables and sitting outside on its own. This naturally weather-resistant hardwood may be maintained to preserve the warm look as shown or allowed to weather naturally to a beautiful silvery gray patina. Plantation-grown teak.</p>

<ul>
  <li>Plantation-grown teak is harvested from mature trees that are part of a replenished forestry program, then the teak is oven- or air-dried for moisture control</li>
  <li>Hardware is zinc-coated steel that has been plated in brass. The zinc helps minimize corrosion, steel was chosen for strength and brass for its luster</li>
  <li>You may choose to allow your natural teak to weather to a beautiful silver-gray patina or treat it with an oil or sealer specifically made for natural teak twice a year to preserve the natural teak’s rustic finish</li>
  <li>Outer Frame Material: Teak</li>
  <li>Cushions Included: Yes</li>
  <li>Durability: Weather Resistant; Water Resistant; UV Resistant</li>
  <li>Weight Capacity: 250 lb.</li>
  <li>Arm Height: 24″</li>
  <li>Seat: 13″</li>
  <li>Assembly Required: Yes</li>
</ul>",,fixed,,,True,True,False,True,"['Universal Teak', 'Teak', 'Dining Chairs']",Aluminum,2026-05-30 23:33:16.400548+00:00,2026-06-09 22:52:37.617000+00:00
3262,NC52233S,Sorrento 3 Seater Sofa,sorrento-3-seater-sofa-nc,Sorrento,sorrento,Deep Seating,,,,"<ul>
  <li>High-Density Polyethylene (HDPE) all-weather wicker is infused with UV inhibitors that prevent fading and cracking ordinarily caused by sunlight.</li>
  <li>Thick-gauged, powder-coated aluminum frame offers long lasting durability and rust resistance.</li>
  <li>Cushion covers provide unmatched fade, moisture and mildew resistance, and can be easily unzipped for cleaning.</li>
  <li>Plush, overstuffed cushions are made from quick-drying polyurethane foam wrapped in moisture and mildew-eliminating Dacron fibers.</li>
  <li>Removable suspension seating provides additional comfort and easy maintenance</li>
</ul>",,fixed,,,True,True,False,True,"['Sorrento', 'Woven', 'Deep Seating & Lounge']","Aluminum, Wicker",2026-05-30 23:33:08.534182+00:00,2026-06-08 21:38:25.392000+00:00
3263,NC5223C,Sorrento Lounge Chair,sorrento-lounge-chair-nc,Sorrento,sorrento,Deep Seating,,,,"<ul>
  <li>High-Density Polyethylene (HDPE) all-weather wicker is infused with UV inhibitors that prevent fading and cracking ordinarily caused by sunlight.</li>
  <li>Thick-gauged, powder-coated aluminum frame offers long lasting durability and rust resistance.</li>
  <li>Cushion covers provide unmatched fade, moisture and mildew resistance, and can be easily unzipped for cleaning.</li>
  <li>Plush, overstuffed cushions are made from quick-drying polyurethane foam wrapped in moisture and mildew-eliminating Dacron fibers.</li>
  <li>Removable suspension seating provides additional comfort and easy maintenance</li>
</ul>",,fixed,,,True,True,False,True,"['Sorrento', 'Woven', 'Deep Seating & Lounge']","Aluminum, Wicker",2026-05-30 23:33:08.698258+00:00,2026-06-08 21:38:25.406000+00:00
3264,NC5223LS,Sorrento Loveseat,sorrento-loveseat-nc,Sorrento,sorrento,Deep Seating,,,,"<ul>
  <li>High-Density Polyethylene (HDPE) all-weather wicker is infused with UV inhibitors that prevent fading and cracking ordinarily caused by sunlight.</li>
  <li>Thick-gauged, powder-coated aluminum frame offers long lasting durability and rust resistance.</li>
  <li>Cushion covers provide unmatched fade, moisture and mildew resistance, and can be easily unzipped for cleaning.</li>
  <li>Plush, overstuffed cushions are made from quick-drying polyurethane foam wrapped in moisture and mildew-eliminating Dacron fibers.</li>
  <li>Removable suspension seating provides additional comfort and easy maintenance</li>
</ul>",,fixed,,,True,True,False,True,"['Sorrento', 'Woven', 'Deep Seating & Lounge']","Aluminum, Wicker",2026-05-30 23:33:08.829493+00:00,2026-06-08 21:38:25.537000+00:00
3341,NC5223CT-REC,Sorrento Rectangle Coffee Table with Glass,sorrento-rectangle-coffee-table-with-glass-nc,Sorrento,sorrento,Coffee & Side Tables,,,Rectangle Coffee Table,"Rectangle Coffee Table

<p>Rectangle Coffee Table Glass.</p>

<ul>
  <li>High-Density Polyethylene (HDPE) all-weather wicker is infused with UV inhibitors that prevent fading and cracking ordinarily caused by sunlight.</li>
  <li>Thick-gauged, powder-coated aluminum frame offers long lasting durability and rust resistance.</li>
</ul>",,fixed,,,True,True,False,True,"['Sorrento', 'Woven', 'Accent Tables']","Aluminum, Wicker",2026-05-30 23:33:37.212641+00:00,2026-06-09 22:52:37.657000+00:00
3361,NC5223O-REC,Sorrento Rectangle Ottoman,sorrento-rectangle-ottoman-nc,Sorrento,sorrento,Deep Seating,,,,"<ul>
  <li>High-Density Polyethylene (HDPE) all-weather wicker is infused with UV inhibitors that prevent fading and cracking ordinarily caused by sunlight.</li>
  <li>Thick-gauged, powder-coated aluminum frame offers long lasting durability and rust resistance.</li>
  <li>Cushion covers provide unmatched fade, moisture and mildew resistance, and can be easily unzipped for cleaning.</li>
  <li>Plush, overstuffed cushions are made from quick-drying polyurethane foam wrapped in moisture and mildew-eliminating Dacron fibers.</li>
</ul>",,fixed,,,True,True,False,True,"['Sorrento', 'Woven', 'Ottomans']","Aluminum, Wicker",2026-05-30 23:33:43.280462+00:00,2026-06-08 21:38:25.629000+00:00
3342,NC5223ET-SQ,Sorrento Square End Table with Glass,sorrento-square-end-table-with-glass-nc,Sorrento,sorrento,Coffee & Side Tables,,,Square End Table with,"Square End Table with

<p>Square End Table with Glass.</p>

<ul>
  <li>High-Density Polyethylene (HDPE) all-weather wicker is infused with UV inhibitors that prevent fading and cracking ordinarily caused by sunlight.</li>
  <li>Thick-gauged, powder-coated aluminum frame offers long lasting durability and rust resistance.</li>
</ul>",,fixed,,,True,True,False,True,"['Sorrento', 'Woven', 'Accent Tables']","Aluminum, Wicker",2026-05-30 23:33:37.535367+00:00,2026-06-09 22:52:37.657000+00:00
3265,NC5223SG,Sorrento Swivel Glider Chair,sorrento-swivel-glider-chair-nc,Sorrento,sorrento,Deep Seating,,,,"<ul>
  <li>High-Density Polyethylene (HDPE) all-weather wicker is infused with UV inhibitors that prevent fading and cracking ordinarily caused by sunlight.</li>
  <li>Thick-gauged, powder-coated aluminum frame offers long lasting durability and rust resistance.</li>
  <li>Cushion covers provide unmatched fade, moisture and mildew resistance, and can be easily unzipped for cleaning.</li>
  <li>Plush, overstuffed cushions are made from quick-drying polyurethane foam wrapped in moisture and mildew-eliminating Dacron fibers.</li>
  <li>Removable suspension seating provides additional comfort and easy maintenance</li>
</ul>",,fixed,,,True,True,False,True,"['Sorrento', 'Woven', 'Deep Seating & Lounge']","Aluminum, Wicker",2026-05-30 23:33:08.996635+00:00,2026-06-08 21:38:25.445000+00:00
5299,NC5306C,Sydney Lounge Chair,sydney-lounge-chair-northcape,Sydney 5306,,Deep Seating,"36"" x 35.5"" x 35""",,,,,fixed,,,True,True,False,True,"['Sydney', 'Woven', 'Lounge Chairs']",Wicker,2026-06-21 03:05:12.187668+00:00,2026-06-23 00:49:18.721089+00:00
5298,NC5306LS,Sydney Loveseat,sydney-loveseat-northcape,Sydney 5306,,Deep Seating,"61"" x 35.5"" x 35""",,,,,fixed,,,True,True,False,True,"['Sydney', 'Woven', 'Loveseats']",Wicker,2026-06-21 03:05:12.187668+00:00,2026-06-23 00:49:18.721089+00:00
5303,NC5306CT-REC,Sydney Rectangle Coffee Table,sydney-rectangle-coffee-table-northcape,Sydney 5306,,Deep Seating,"43.5"" x 24.5"" x 18""",,,,,fixed,,,True,True,False,True,"['Sydney', 'Woven', 'Coffee Tables']",Wicker,2026-06-21 03:05:12.187668+00:00,2026-06-23 00:49:18.721089+00:00
5308,NC5306SCC-90,Sydney Sectional Corner Chair,sydney-sectional-90-degree-corner-northcape,Sydney 5306,,Deep Seating,"36"" x 36"" x 35""",,,,,fixed,,,True,True,False,True,"['Sydney', 'Woven', 'Sectionals']",Wicker,2026-06-21 03:05:12.187668+00:00,2026-06-23 00:49:18.721089+00:00
5306,NC5306LL,Sydney Sectional Left Arm Loveseat,sydney-sectional-left-arm-loveseat-northcape,Sydney 5306,,Deep Seating,"55"" x 35.5"" x 35""",,,,,fixed,,,True,True,False,True,"['Sydney', 'Woven', 'Sectionals']",Wicker,2026-06-21 03:05:12.187668+00:00,2026-06-23 00:49:18.721089+00:00
5305,NC5306SCM,Sydney Sectional Middle Armless,sydney-sectional-middle-armless-northcape,Sydney 5306,,Deep Seating,"25"" x 35.5"" x 35""",,,,,fixed,,,True,True,False,True,"['Sydney', 'Woven', 'Sectionals']",Wicker,2026-06-21 03:05:12.187668+00:00,2026-06-23 00:49:18.721089+00:00
5307,NC5306RL,Sydney Sectional Right Arm Loveseat,sydney-sectional-right-arm-loveseat-northcape,Sydney 5306,,Deep Seating,"55"" x 35.5"" x 35""",,,,,fixed,,,True,True,False,True,"['Sydney', 'Woven', 'Sectionals']",Wicker,2026-06-21 03:05:12.187668+00:00,2026-06-23 00:49:18.721089+00:00
5297,NC53063S,Sydney Sofa,sydney-3-seater-sofa-northcape,Sydney 5306,,Deep Seating,"86"" x 33.5"" x 35""",,,,,fixed,,,True,True,False,True,"['Sydney', 'Woven', 'Sofas']",Wicker,2026-06-21 03:05:12.187668+00:00,2026-06-23 00:49:18.721089+00:00
5304,NC5306CT-SQ,Sydney Square Cube Coffee Table,sydney-square-cube-coffee-table-northcape,Sydney 5306,,Deep Seating,"35"" x 34"" x 21""",,,,,fixed,,,True,True,False,True,"['Sydney', 'Woven', 'Coffee Tables']",Wicker,2026-06-21 03:05:12.187668+00:00,2026-06-23 00:49:18.721089+00:00
5302,NC5306ET-SQ,Sydney Square End Table,sydney-square-end-table-northcape,Sydney 5306,,Deep Seating,"23"" x 23"" x 22""",,,,,fixed,,,True,True,False,True,"['Sydney', 'Woven', 'Side Tables']",Wicker,2026-06-21 03:05:12.187668+00:00,2026-06-23 00:49:18.721089+00:00
5301,NC5306O-SQ,Sydney Square Ottoman,sydney-square-ottoman-northcape,Sydney 5306,,Deep Seating,"25"" x 25"" x 12""",,,,,fixed,,,True,True,False,True,"['Sydney', 'Woven', 'Ottomans']",Wicker,2026-06-21 03:05:12.187668+00:00,2026-06-23 00:49:18.721089+00:00
5300,NC5306SG,Sydney Swivel Glider,sydney-swivel-glider-northcape,Sydney 5306,,Deep Seating,"36"" x 35.5"" x 35""",,,,,fixed,,,True,True,False,True,"['Sydney', 'Woven', 'Lounge Chairs']",Wicker,2026-06-21 03:05:12.187668+00:00,2026-06-23 00:49:18.721089+00:00
5295,NC2001CUB-MED,Tuscino Cube Ottoman Medium,tuscino-cube-ottoman-medium-northcape,Tuscino,,Deep Seating,,,,,,fixed,,,True,True,False,True,"['Tuscino', 'Poly Lumber', 'Ottomans']",Aluminum,2026-06-21 03:05:12.187668+00:00,2026-06-23 00:49:18.721089+00:00
5296,NC2001CUBE-SM,Tuscino Cube Ottoman Small,tuscino-cube-ottoman-small-northcape,Tuscino,,Deep Seating,,,,,,fixed,,,True,True,False,True,"['Tuscino', 'Poly Lumber', 'Ottomans']",Aluminum,2026-06-21 03:05:12.187668+00:00,2026-06-23 00:49:18.721089+00:00
3266,NC2001SCM,Tuscino Modular Armless Middle Chair,tuscino-modular-armless-middle-chair-nc,Tuscino,tuscino,Deep Seating,,,Features:,"Features:

<p>Features:</p>

<ul>
  <li>Removeable premium outdoor fabric cover</li>
  <li>Dacron wrapped foam padding secured to a 100% recycled poly lumber frame</li>
  <li>Supportive, comfortable suspension system</li>
  <li>Built to withstand the elements</li>
  <li>Fun, stylish, modular, comfortable, durable</li>
</ul>",,fixed,,,True,True,False,True,"['Tuscino', 'Poly Lumber', 'Deep Seating & Lounge']",Aluminum,2026-05-30 23:33:10.863109+00:00,2026-06-23 00:49:18.721089+00:00
3267,NC2001SCC,Tuscino Modular Corner,tuscino-modular-corner-nc,Tuscino,tuscino,Deep Seating,,,Features:,"Features:

<p>Features:</p>

<ul>
  <li>Removeable premium outdoor fabric cover</li>
  <li>Dacron wrapped foam padding secured to a 100% recycled poly lumber frame</li>
  <li>Supportive, comfortable suspension system</li>
  <li>Built to withstand the elements</li>
  <li>Fun, stylish, modular, comfortable, durable</li>
</ul>",,fixed,,,True,True,False,True,"['Tuscino', 'Poly Lumber', 'Deep Seating & Lounge']",Aluminum,2026-05-30 23:33:12.599026+00:00,2026-06-23 00:49:18.721089+00:00
5294,NC2001OT-SQ,Tuscino Square Ottoman,tuscino-square-ottoman-northcape,Tuscino,,Deep Seating,,,,,,fixed,,,True,True,False,True,"['Tuscino', 'Poly Lumber', 'Ottomans']",Aluminum,2026-06-21 03:05:12.187668+00:00,2026-06-23 00:49:18.721089+00:00
3348,NC416BS-30,Universal Armless Bar Stool,universal-30-armless-bar-stool-nc,Universal,universal,Bar,"30""",,"30” Armless Bar Stool creates a casual drinking and dining setting without sacrificing style. The UV-protected wicker sports a woven design, available in 8 colors to blend a contemporary, blending contemporary design with naturally varied","30” Armless Bar Stool creates a casual drinking and dining setting without sacrificing style. The UV-protected wicker sports a woven design, available in 8 colors to blend a contemporary, blending contemporary design with naturally varied

<p>30” Armless Bar Stool creates a casual drinking and dining setting without sacrificing style. The UV-protected wicker sports a woven design, available in 8 colors to blend a contemporary, blending contemporary design with naturally varied tones.</p>

<ul>
  <li>High-Density Polyethylene (HDPE) all-weather wicker is infused with UV inhibitors that prevent fading and cracking ordinarily caused by sunlight.</li>
  <li>Wicker design gives it a more tactile, luxurious look and texture.</li>
  <li>Thick-gauged, powder-coated aluminum frame offers long lasting durability and rust resistance.</li>
  <li>Seat Cushion is made from quick-drying polyurethane foam wrapped in moisture and mildew-eliminating Dacron fibers.</li>
  <li>Includes 2 back ties to hold cushion in place on bar stool</li>
</ul>",,fixed,,,True,True,False,True,"['Universal', 'Woven', 'Bar & Counter Stools']","Aluminum, Wicker",2026-05-30 23:33:38.553893+00:00,2026-06-21 02:59:39.754310+00:00
3276,NC415DCS,Universal Armless Dining Chair,universal-armless-dining-chair-nc,Universal,universal,Dining,,,"The sleek and stylish Universal Armless Dining Chair makes outdoor dining a luxury experience. The UV-protected wicker sports a woven design, creating a contemporary look with clean lines. This dining side chair includes a fade- and mildew-resistant Sunbrella® seat cushion only.","The sleek and stylish Universal Armless Dining Chair makes outdoor dining a luxury experience. The UV-protected wicker sports a woven design, creating a contemporary look with clean lines. This dining side chair includes a fade- and mildew-resistant Sunbrella® seat cushion only.

<p>The sleek and stylish Universal Armless Dining Chair makes outdoor dining a luxury experience. The UV-protected wicker sports a woven design, creating a contemporary look with clean lines. This dining side chair includes a fade- and mildew-resistant Sunbrella® seat cushion only.</p>

<ul>
  <li>High-Density Polyethylene (HDPE) all-weather wicker is infused with UV inhibitors that prevent fading and cracking ordinarily caused by sunlight.</li>
  <li>Wicker design gives it a more tactile, luxurious look and texture.</li>
  <li>Thick-gauged, powder-coated aluminum frame offers long lasting durability and rust resistance.</li>
  <li>Sunbrella® cushion covers provide unmatched fade, moisture and mildew resistance, and can be easily unzipped for cleaning.</li>
  <li>Seat cushion is made from quick-drying polyurethane foam wrapped in moisture and mildew-eliminating Dacron fibers.</li>
  <li>Full-sized design provides deep, comfortable seating. Compare dimensions to lesser brands to see the difference!</li>
  <li>Includes 2 back ties to hold cushion in place on Armless Dining Chair</li>
</ul>",,fixed,,,True,True,False,True,"['Universal', 'Woven', 'Dining Chairs']","Aluminum, Wicker",2026-05-30 23:33:15.767492+00:00,2026-06-09 22:52:37.617000+00:00
3296,NC415PT-42,Universal Bar Height Pub Table,universal-bar-height-pub-table-nc,Universal,universal,Dining,,,"The Universal 36” Square Bar Height Table provides the perfect modern setting for outdoor dining. The UV-protected wicker sports a woven design, blending contemporary design with naturally varied tones. A tempered glass top is included with this table.","The Universal 36” Square Bar Height Table provides the perfect modern setting for outdoor dining. The UV-protected wicker sports a woven design, blending contemporary design with naturally varied tones. A tempered glass top is included with this table.

<p>The Universal 36” Square Bar Height Table provides the perfect modern setting for outdoor dining. The UV-protected wicker sports a woven design, blending contemporary design with naturally varied tones. A tempered glass top is included with this table.</p>

<ul>
  <li>High-Density Polyethylene (HDPE) all-weather wicker is infused with UV inhibitors that prevent fading and cracking ordinarily caused by sunlight.</li>
  <li>Wicker design gives it a more tactile, luxurious look and texture.</li>
  <li>Thick-gauged, powder-coated aluminum frame offers long lasting durability and rust resistance.</li>
  <li>Includes tempered glass top</li>
  <li>Tempered glass is specifically manufactured to be stronger than conventional glass, making it well suited as a table surface.</li>
  <li>Table does not include an umbrella hole</li>
  <li>Comfortably seats 4 with the Universal Counter Height Swivel Stools</li>
</ul>",,fixed,,,True,True,False,True,"['Universal', 'Woven', 'Dining Tables']","Aluminum, Wicker",2026-05-30 23:33:23.273365+00:00,2026-06-08 21:38:25.879000+00:00
3366,NC415SACL,Universal Chaise Lounge,universal-chaise-lounge-nc,Universal,universal,Chaise Lounges,,,"The Universal Single Adjustable Chaise Lounge is perfect for relaxing out on the patio, whether you just stepped out of the pool or just want to bask in the sun. The UV-protected wicker sports a woven design, creating a contemporary look with clean lines. This lounge includes fade- and mildew-resistant Sunbrella® cushions.","The Universal Single Adjustable Chaise Lounge is perfect for relaxing out on the patio, whether you just stepped out of the pool or just want to bask in the sun. The UV-protected wicker sports a woven design, creating a contemporary look with clean lines. This lounge includes fade- and mildew-resistant Sunbrella® cushions.

<p>The Universal Single Adjustable Chaise Lounge is perfect for relaxing out on the patio, whether you just stepped out of the pool or just want to bask in the sun. The UV-protected wicker sports a woven design, creating a contemporary look with clean lines. This lounge includes fade- and mildew-resistant Sunbrella® cushions.</p>

<ul>
  <li>High-Density Polyethylene (HDPE) all-weather wicker is infused with UV inhibitors that prevent fading and cracking ordinarily caused by sunlight.</li>
  <li>Wicker design gives it a more tactile, luxurious look and texture.</li>
  <li>Thick-gauged, powder-coated aluminum frame offers long lasting durability and rust resistance.</li>
  <li>Sunbrella® cushion covers provide unmatched fade, moisture and mildew resistance, and can be easily unzipped for cleaning.</li>
  <li>Plush, overstuffed cushions are made from quick-drying polyurethane foam wrapped in moisture and mildew-eliminating Dacron fibers.</li>
  <li>Full-sized design provides deep, comfortable seating. Compare dimensions to lesser brands to see the difference!</li>
</ul>",,fixed,,,True,True,False,True,"['Universal', 'Woven', 'Chaise Lounges']","Aluminum, Wicker",2026-05-30 23:33:44.421274+00:00,2026-06-08 21:38:25.732000+00:00
3297,NC415PT-38,Universal Counter Height Pub Table,universal-counter-height-pub-table-nc,Universal,universal,Dining,,,"The Universal 36” Square Counter Height Table provides the perfect modern setting for outdoor dining. The UV-protected wicker sports a woven design, blending contemporary design with naturally varied tones. A tempered glass top is included with this table.","The Universal 36” Square Counter Height Table provides the perfect modern setting for outdoor dining. The UV-protected wicker sports a woven design, blending contemporary design with naturally varied tones. A tempered glass top is included with this table.

<p>The Universal 36” Square Counter Height Table provides the perfect modern setting for outdoor dining. The UV-protected wicker sports a woven design, blending contemporary design with naturally varied tones. A tempered glass top is included with this table.</p>

<ul>
  <li>High-Density Polyethylene (HDPE) all-weather wicker is infused with UV inhibitors that prevent fading and cracking ordinarily caused by sunlight.</li>
  <li>Wicker design gives it a more tactile, luxurious look and texture.</li>
  <li>Thick-gauged, powder-coated aluminum frame offers long lasting durability and rust resistance.</li>
  <li>Includes tempered glass top</li>
  <li>Tempered glass is specifically manufactured to be stronger than conventional glass, making it well suited as a table surface.</li>
  <li>Table does not include an umbrella hole</li>
  <li>Comfortably seats 4 with the Universal Counter Height Swivel Stools</li>
</ul>",,fixed,,,True,True,False,True,"['Universal', 'Woven', 'Dining Tables']","Aluminum, Wicker",2026-05-30 23:33:23.396625+00:00,2026-06-08 21:38:25.883000+00:00
3347,NC415CHSS-25,Universal Counter Height Swivel Stool,universal-25-counter-height-swivel-stool-nc,Universal,universal,Bar,"25""",,"The Universal Swivel Counter Stool combines the fun of bar seating with the comfort of a dining armchair. The UV-protected wicker, available in 8 colors, creates a contemporary sports a flat woven design, creating a contemporary look with clean lines. This swivel chair includes a fade- and mildew-resistant Sunbrella® seat cushion.","The Universal Swivel Counter Stool combines the fun of bar seating with the comfort of a dining armchair. The UV-protected wicker, available in 8 colors, creates a contemporary sports a flat woven design, creating a contemporary look with clean lines. This swivel chair includes a fade- and mildew-resistant Sunbrella® seat cushion.

<p>The Universal Swivel Counter Stool combines the fun of bar seating with the comfort of a dining armchair. The UV-protected wicker, available in 8 colors, creates a contemporary sports a flat woven design, creating a contemporary look with clean lines. This swivel chair includes a fade- and mildew-resistant Sunbrella® seat cushion.</p>

<ul>
  <li>High-Density Polyethylene (HDPE) all-weather wicker is infused with UV inhibitors that prevent fading and cracking ordinarily caused by sunlight.</li>
  <li>Wicker design gives it a more tactile, luxurious look and texture.</li>
  <li>Thick-gauged, powder-coated aluminum frame offers long lasting durability and rust resistance.</li>
  <li>Sunbrella® cushion covers provide unmatched fade, moisture and mildew resistance, and can be easily unzipped for cleaning.</li>
  <li>Plush, overstuffed cushions are made from quick-drying polyurethane foam wrapped in moisture and mildew-eliminating Dacron fibers.</li>
</ul>",,fixed,,,True,True,False,True,"['Universal', 'Woven', 'Bar & Counter Stools']","Aluminum, Wicker",2026-05-30 23:33:38.331559+00:00,2026-06-21 02:59:39.754310+00:00
3363,NC415O-SQ,Universal Cube Ottoman,universal-cube-ottoman-nc,Universal,universal,Deep Seating,,,The Universal Cube Ottoman is the perfect addition to your patio setting without sacrificing additional space. Also included is a cushion covered in fade- and mildew-resistant Sunbrella,"The Universal Cube Ottoman is the perfect addition to your patio setting without sacrificing additional space. Also included is a cushion covered in fade- and mildew-resistant Sunbrella

<p>The Universal Cube Ottoman is the perfect addition to your patio setting without sacrificing additional space. Also included is a cushion covered in fade- and mildew-resistant Sunbrella fabric.</p>

<ul>
  <li>High-Density Polyethylene (HDPE) all-weather wicker is infused with UV inhibitors that prevent fading and cracking ordinarily caused by sunlight.</li>
  <li>Wicker design gives it a more tactile, luxurious look and texture.</li>
  <li>Thick-gauged, powder-coated aluminum frame offers long lasting durability and rust resistance.</li>
  <li>Sunbrella® cushion covers provide unmatched fade, moisture and mildew resistance, and can be easily unzipped for cleaning.</li>
  <li>Plush, overstuffed cushions are made from quick-drying polyurethane foam wrapped in moisture and mildew-eliminating Dacron fibers.</li>
</ul>",,fixed,,,True,True,False,True,"['Universal', 'Woven', 'Ottomans']","Aluminum, Wicker",2026-05-30 23:33:43.841555+00:00,2026-06-08 21:38:25.633000+00:00
3277,NC415DC,Universal Dining Chair,universal-dining-chair-nc,Universal,universal,Dining,,,"The sleek and stylish Universal Dining Arm Chair makes outdoor dining a luxury experience. The UV-protected wicker sports a woven design, creating a contemporary look with clean lines. This dining armchair includes a fade- and mildew-resistant Sunbrella® seat cushion.","The sleek and stylish Universal Dining Arm Chair makes outdoor dining a luxury experience. The UV-protected wicker sports a woven design, creating a contemporary look with clean lines. This dining armchair includes a fade- and mildew-resistant Sunbrella® seat cushion.

<p>The sleek and stylish Universal Dining Arm Chair makes outdoor dining a luxury experience. The UV-protected wicker sports a woven design, creating a contemporary look with clean lines. This dining armchair includes a fade- and mildew-resistant Sunbrella® seat cushion.</p>

<ul>
  <li>Seat Type: With Cushions</li>
  <li>High-Density Polyethylene (HDPE) all-weather wicker is infused with UV inhibitors that prevent fading and cracking ordinarily caused by sunlight.</li>
  <li>Wicker design gives it a more tactile, luxurious look and texture.</li>
  <li>Thick-gauged, powder-coated aluminum frame offers long lasting durability and rust resistance.</li>
  <li>The wicker is made from expertly crafted resin and is easy to clean with soap and water.</li>
  <li>Cush415/416-DC</li>
  <li>Cushion Thickness: 2.5″</li>
</ul>",,fixed,,,True,True,False,True,"['Universal', 'Woven', 'Dining Chairs']","Aluminum, Wicker",2026-05-30 23:33:15.900150+00:00,2026-06-09 22:52:37.617000+00:00
3238,NC415HBSG,Universal High Back Swivel Glider,universal-high-back-swivel-glider-nc,Universal,universal,Deep Seating,,,"The Universal Collection combines a high-back design with plush headrest-style cushions to provide the ultimate in comfort. The set is supported by thick-gauged, powder-coated aluminum frames that make it extremely durable and resistant to corrosion. Also included are plush, headrest-style cushions.","The Universal Collection combines a high-back design with plush headrest-style cushions to provide the ultimate in comfort. The set is supported by thick-gauged, powder-coated aluminum frames that make it extremely durable and resistant to corrosion. Also included are plush, headrest-style cushions.

<p>The Universal Collection combines a high-back design with plush headrest-style cushions to provide the ultimate in comfort. The set is supported by thick-gauged, powder-coated aluminum frames that make it extremely durable and resistant to corrosion. Also included are plush, headrest-style cushions.</p>

<ul>
  <li>Thick-gauged, powder-coated aluminum frame finish offers long lasting durability and rust resistance.</li>
  <li>High-Density Polyethylene (HDPE) all-weather wicker is infused with UV inhibitors that prevent fading and cracking ordinarily caused by sunlight..</li>
  <li>High-back design with plush headrest-style cushion provide the ultimate in comfort</li>
  <li>Sunbrella® cushion covers provide unmatched fade, moisture and mildew resistance, and can be easily unzipped for cleaning.</li>
</ul>",,fixed,,,True,True,False,True,"['Grand Stafford', 'Woven', 'Deep Seating & Lounge']","Aluminum, Wicker",2026-05-30 23:32:59.349190+00:00,2026-06-08 21:38:25.860000+00:00
3373,NC415-ICE,Universal Ice Chest,universal-ice-chest-nc,Universal,universal,Accent Pieces,,,"The Universal End Table Ice Chest adds versatility to any outdoor space. This unique accessory features wicker finishes that are made from High-Density Polyethylene (HDPE) and infused with rich color and UV-inhibitors to prevent cracking, chipping and fading ordinarily caused by sunlight. The piece is supported by a thick-gauged, powder-coated aluminum frame to make it extremely durable and resistant to corrosion. Capable of holding at least 72 canned beverages with ice, the End Table Ice Chest allows you to bring the party outdoors","The Universal End Table Ice Chest adds versatility to any outdoor space. This unique accessory features wicker finishes that are made from High-Density Polyethylene (HDPE) and infused with rich color and UV-inhibitors to prevent cracking, chipping and fading ordinarily caused by sunlight. The piece is supported by a thick-gauged, powder-coated aluminum frame to make it extremely durable and resistant to corrosion. Capable of holding at least 72 canned beverages with ice, the End Table Ice Chest allows you to bring the party outdoors

<p>The Universal End Table Ice Chest adds versatility to any outdoor space. This unique accessory features wicker finishes that are made from High-Density Polyethylene (HDPE) and infused with rich color and UV-inhibitors to prevent cracking, chipping and fading ordinarily caused by sunlight. The piece is supported by a thick-gauged, powder-coated aluminum frame to make it extremely durable and resistant to corrosion. Capable of holding at least 72 canned beverages with ice, the End Table Ice Chest allows you to bring the party outdoors</p>

<ul>
  <li>Includes a stainless steel air spring safety hinge and PVC liner with drainage plug.</li>
  <li>The wicker is made from expertly crafted resin and is easy to clean with soap and water.</li>
  <li>Makes a great gift for a friend or family member.</li>
  <li>Liner: 18.25” x 15.25” x 14” ht.</li>
</ul>",,fixed,,,True,True,False,True,"['Universal', 'Woven', 'Accessories']","Aluminum, Wicker",2026-05-30 23:33:45.891193+00:00,2026-06-08 21:38:25.735000+00:00
3374,NC415CBL,Universal Large Cushion Storage Box,universal-large-cushion-storage-box-nc,Universal,universal,Accent Pieces,,,"The Universal Cushion Storage Box adds versatility to any outdoor space. This unique accessory features outdoor wicker finish that is made from High-Density Polyethylene (HDPE) and infused with rich color and UV-inhibitors to prevent cracking, chipping and fading ordinarily caused by sunlight. The piece is supported by a thick-gauged, powder-coated aluminum frame to make it extremely durable and resistant to corrosion.","The Universal Cushion Storage Box adds versatility to any outdoor space. This unique accessory features outdoor wicker finish that is made from High-Density Polyethylene (HDPE) and infused with rich color and UV-inhibitors to prevent cracking, chipping and fading ordinarily caused by sunlight. The piece is supported by a thick-gauged, powder-coated aluminum frame to make it extremely durable and resistant to corrosion.

<p>The Universal Cushion Storage Box adds versatility to any outdoor space. This unique accessory features outdoor wicker finish that is made from High-Density Polyethylene (HDPE) and infused with rich color and UV-inhibitors to prevent cracking, chipping and fading ordinarily caused by sunlight. The piece is supported by a thick-gauged, powder-coated aluminum frame to make it extremely durable and resistant to corrosion.</p>

<ul>
  <li>HDPE All Weather Resin Wicker</li>
  <li>UV inhibitors that prevent fading and cracking ordinarily caused by sunlight.</li>
  <li>Thick-gauged, powder-coated aluminum frame in a dark, multi-tonal finish offers long lasting durability and rust resistance.</li>
</ul>",,fixed,,,True,True,False,True,"['Universal', 'Woven', 'Accessories']","Aluminum, Wicker",2026-05-30 23:33:46.065411+00:00,2026-06-08 21:38:25.738000+00:00
3295,NC415DT-72,Universal Rectangle Dining Table,universal-72-rectangle-dining-table-nc,Universal,universal,Dining,"72""",,"The Universal 72” x 42” Dining Table provides the perfect modern setting for outdoor dining. The UV-protected wicker sports a flat woven design, blending contemporary design with naturally varied tones. The top includes an umbrella hole so you can enjoy your favorite shade while dining (umbrella not included). A tempered glass top is included with this table..","The Universal 72” x 42” Dining Table provides the perfect modern setting for outdoor dining. The UV-protected wicker sports a flat woven design, blending contemporary design with naturally varied tones. The top includes an umbrella hole so you can enjoy your favorite shade while dining (umbrella not included). A tempered glass top is included with this table..

<p>The Universal 72” x 42” Dining Table provides the perfect modern setting for outdoor dining. The UV-protected wicker sports a flat woven design, blending contemporary design with naturally varied tones. The top includes an umbrella hole so you can enjoy your favorite shade while dining (umbrella not included). A tempered glass top is included with this table..</p>

<ul>
  <li>High-Density Polyethylene (HDPE) all-weather wicker is infused with UV inhibitors that prevent fading and cracking ordinarily caused by sunlight.</li>
  <li>Wicker design gives it a more tactile, luxurious look and texture.</li>
  <li>Thick-gauged, powder-coated aluminum frame offers long lasting durability and rust resistance.</li>
  <li>Includes tempered glass top</li>
  <li>Tempered glass is specifically manufactured to be stronger than conventional glass, making it well suited as a table surface.</li>
  <li>Table includes an umbrella hole (umbrella not included)</li>
</ul>",,fixed,,,True,True,False,True,"['Universal', 'Woven', 'Dining Tables']","Aluminum, Wicker",2026-05-30 23:33:23.139886+00:00,2026-06-21 02:59:39.754310+00:00
3343,NC415R-CHT,Universal Rotating Chat Table,universal-rotating-chat-table-nc,Universal,universal,Coffee & Side Tables,,,The Universal Rotating Chat Table with an inset tempered glass top rotates 360 degrees. Both top and base are outdoor wicker made from High-Density Polyethylene. This rotating chat table will compliment most any,"The Universal Rotating Chat Table with an inset tempered glass top rotates 360 degrees. Both top and base are outdoor wicker made from High-Density Polyethylene. This rotating chat table will compliment most any

<p>The Universal Rotating Chat Table with an inset tempered glass top rotates 360 degrees. Both top and base are outdoor wicker made from High-Density Polyethylene. This rotating chat table will compliment most any setting.</p>

<ul>
  <li>High-Density Polyethylene (HDPE) all-weather wicker is infused with UV inhibitors that prevent fading and cracking ordinarily caused by sunlight.</li>
  <li>Wicker design gives it a more tactile, luxurious look and texture.</li>
  <li>Thick-gauged, powder-coated aluminum frame offers long lasting durability and rust resistance.</li>
  <li>Includes tempered glass inset</li>
  <li>Tempered glass is specifically manufactured to be stronger than conventional glass, making it well suited as a table surface.</li>
  <li>Table tops rotates a full 360 degrees for easy access.</li>
</ul>",,fixed,,,True,True,False,True,"['Universal', 'Woven', 'Accent Tables']","Aluminum, Wicker",2026-05-30 23:33:37.731527+00:00,2026-06-09 22:52:37.657000+00:00
3294,NC415DT-48,Universal Square Dining Table,universal-48-square-dining-table-nc,Universal,universal,Dining,"48""",,"The Universal 48” Square Table provides the perfect modern setting for outdoor dining. The UV-protected wicker sports a woven design, blending contemporary design with naturally varied tones. A tempered glass top is included with this","The Universal 48” Square Table provides the perfect modern setting for outdoor dining. The UV-protected wicker sports a woven design, blending contemporary design with naturally varied tones. A tempered glass top is included with this

<p>The Universal 48” Square Table provides the perfect modern setting for outdoor dining. The UV-protected wicker sports a woven design, blending contemporary design with naturally varied tones. A tempered glass top is included with this table.</p>

<ul>
  <li>High-Density Polyethylene (HDPE) all-weather wicker is infused with UV inhibitors that prevent fading and cracking ordinarily caused by sunlight.</li>
  <li>Wicker design gives it a more tactile, luxurious look and texture.</li>
  <li>Thick-gauged, powder-coated aluminum frame offers long lasting durability and rust resistance.</li>
  <li>Includes tempered glass top</li>
  <li>Tempered glass is specifically manufactured to be stronger than conventional glass, making it well suited as a table surface.</li>
  <li>Table includes an umbrella hole</li>
  <li>Comfortably seats 4 with the Universal Armless Bar Stools</li>
</ul>",,fixed,,,True,True,False,True,"['Universal', 'Woven', 'Dining Tables']","Aluminum, Wicker",2026-05-30 23:33:22.969685+00:00,2026-06-21 02:59:39.754310+00:00
5506,NC6500C-TAN,Valencia Lounge Chair,valencia-lounge-chair-nc6500c-tan,Valencia 6500,,Deep Seating,"30"" x 33"" x 38"" H",,,,,fixed,,,True,False,False,True,"['Valencia 6500', 'Mixed Media Aluminum', 'Deep Seating']",Aluminum,2026-06-23 00:49:18.721089+00:00,2026-06-23 00:49:18.721089+00:00
5505,NC6500LS-TAN,Valencia Loveseat,valencia-loveseat-nc6500ls-tan,Valencia 6500,,Deep Seating,"55.1"" x 33"" x 38"" H",,,,,fixed,,,True,False,False,True,"['Valencia 6500', 'Mixed Media Aluminum', 'Deep Seating']",Aluminum,2026-06-23 00:49:18.721089+00:00,2026-06-23 00:49:18.721089+00:00
5511,NC6500SCC-TAN,Valencia Sectional 90 Degree Corner,valencia-sectional-90-degree-corner-nc6500scc-tan,Valencia 6500,,Deep Seating,"32.8"" x 32.8"" x 38"" H",,,,,fixed,,,True,False,False,True,"['Valencia 6500', 'Mixed Media Aluminum', 'Deep Seating']",Aluminum,2026-06-23 00:49:18.721089+00:00,2026-06-23 00:49:18.721089+00:00
5509,NC6500LL-TAN,Valencia Sectional Left Arm Loveseat,valencia-sectional-left-arm-loveseat-nc6500ll-tan,Valencia 6500,,Deep Seating,"52.6"" x 32.8"" x 38"" H",,,,,fixed,,,True,False,False,True,"['Valencia 6500', 'Mixed Media Aluminum', 'Deep Seating']",Aluminum,2026-06-23 00:49:18.721089+00:00,2026-06-23 00:49:18.721089+00:00
5508,NC6500SCM,Valencia Sectional Middle Armless,valencia-sectional-middle-armless-nc6500scm,Valencia 6500,,Deep Seating,"25.2"" x 32.8"" x 38"" H",,,,,fixed,,,True,False,False,True,"['Valencia 6500', 'Mixed Media Aluminum', 'Deep Seating']",Aluminum,2026-06-23 00:49:18.721089+00:00,2026-06-23 00:49:18.721089+00:00
5510,NC6500RL-TAN,Valencia Sectional Right Arm Loveseat,valencia-sectional-right-arm-loveseat-nc6500rl-tan,Valencia 6500,,Deep Seating,"52.6"" x 32.8"" x 38"" H",,,,,fixed,,,True,False,False,True,"['Valencia 6500', 'Mixed Media Aluminum', 'Deep Seating']",Aluminum,2026-06-23 00:49:18.721089+00:00,2026-06-23 00:49:18.721089+00:00
5504,NC65003S-TAN,Valencia Sofa,valencia-sofa-nc65003s-tan,Valencia 6500,,Deep Seating,"80.3"" x 33"" x 38"" H",,,,,fixed,,,True,False,False,True,"['Valencia 6500', 'Mixed Media Aluminum', 'Deep Seating']",Aluminum,2026-06-23 00:49:18.721089+00:00,2026-06-23 00:49:18.721089+00:00
5507,NC6500SR-TAN,Valencia Swivel Rocker,valencia-swivel-rocker-nc6500sr-tan,Valencia 6500,,Deep Seating,"30"" x 33"" x 38"" H",,,,,fixed,,,True,False,False,True,"['Valencia 6500', 'Mixed Media Aluminum', 'Deep Seating']",Aluminum,2026-06-23 00:49:18.721089+00:00,2026-06-23 00:49:18.721089+00:00
3307,NOSKU_delmar-6-seat-outdoor-counter-height-table-patio-set-poly-lumber-2,Oceanview 6 Seat Outdoor Counter Height Table Patio Set,oceanview-6-seat-outdoor-counter-height-table-patio-set-nc-2,,,Dining,,,"Our High Density Polyethylene “Poly Lumber” is the superior wood alternative for customers who want unmatched performance and unrivaled beauty. Recycled plastic material is turned into our high-end, high-performance poly","Our High Density Polyethylene “Poly Lumber” is the superior wood alternative for customers who want unmatched performance and unrivaled beauty. Recycled plastic material is turned into our high-end, high-performance poly lumber.

Durable: Our products will not splinter, crack, chip, peel or rot and are impervious to insects.
Color Stable: Rich colors stay brilliant thanks to built-in UV protection.
Low Maintenance: No painting, staining, or waterproofing required.
Easy to Clean: Does not stain or accumulate dirt and are easily cleaned with soap and water.
Marine Grade Polymer",,fixed,,,True,True,False,True,"['Oceanview', 'Poly Lumber', 'Furniture Sets']",Aluminum,2026-05-30 23:33:25.580171+00:00,2026-06-09 22:52:37.617000+00:00
3309,NOSKU_delmar-6-seat-outdoor-dining-height-table-patio-set-poly-lumber,Oceanview 6 Seat Outdoor Dining Height Table Patio Set,oceanview-6-seat-outdoor-dining-height-table-patio-set-nc-2,,,Dining,,,"Our High Density Polyethylene “Poly Lumber” is the superior wood alternative for customers who want unmatched performance and unrivaled beauty. Recycled plastic material is turned into our high-end, high-performance poly","Our High Density Polyethylene “Poly Lumber” is the superior wood alternative for customers who want unmatched performance and unrivaled beauty. Recycled plastic material is turned into our high-end, high-performance poly lumber.

Durable: Our products will not splinter, crack, chip, peel or rot and are impervious to insects.
Color Stable: Rich colors stay brilliant thanks to built-in UV protection.
Low Maintenance: No painting, staining, or waterproofing required.
Easy to Clean: Does not stain or accumulate dirt and are easily cleaned with soap and water.
Marine Grade Polymer",,fixed,,,True,True,False,True,"['Oceanview', 'Poly Lumber', 'Furniture Sets']",Aluminum,2026-05-30 23:33:26.074131+00:00,2026-06-09 22:52:37.617000+00:00
