product_id,sku,name,collection,category,sub-category,seat_type,dimensions,short_description,is_active,available_online,quote_only,materials,sub-materials,finish_pool_assigned,finish_options,fabric_pool_assigned,fabric_options
2091.0,34198-CH,Arc Sling Adjustable Chaise Lounge,Arc,Deep Seating,Chaise,,"H 38.5"" × W 30.25"" × D 85.5""","The O.W. Lee Arc Sling Chaise offers streamlined relaxation with a contemporary edge. Featuring a sculpted aluminum frame and supportive sling seating, this outdoor chaise lounge reflects the collection’s nautical inspiration and minimalist design philosophy. O.W. Lee is renowned for its exceptional quality, supported by an industry-leading warranty. Our frames are covered by a 20-year structural warranty, and the finish is guaranteed against fading, blistering, and peeling for 5 years. Cushions and fabrics are also backed by a 5-year warranty. With a selection of 10 elegant frame finishes and over 100 fabric options, including 16 sling fabrics, customers can easily customize each piece to seamlessly complement their individual style.",True,True,True,Aluminum,Sling,,"Carbon Black, Copper Creek, Espresso, Graphite, Rosewood, Sable, Sand Dollar, Sandalwood, Shadow Grey, Velvet White",,"Augustine Alloy, Augustine Ashe, Augustine Denim, Augustine Fennel, Augustine Gravel, Augustine Oasis, Augustine Pewter, Augustine Shadow, Augustine Silver, Burdock Smoke, Collect Indigo, Logan Graphite, Pueblo Dune, Sailing Salt, Sailing Seagull, Site Linen"
2074.0,27179-CH,Aris Adjustable Chaise,Aris,Deep Seating,Chaise,,"H 39"" × W 30"" × D 66.25""","O.W. Lee is renowned for its exceptional quality, supported by an industry-leading warranty. Our frames are covered by a 20-year structural warranty, and the finish is guaranteed against fading, blistering, and peeling for 5 years. Cushions and fabrics are also backed by a 5-year warranty.",True,True,True,Aluminum,,,"Carbon Black, Copper Creek, Espresso, Graphite, Rosewood, Sable, Sand Dollar, Sandalwood, Shadow Grey, Velvet White",,"Abra Denim, Alvarez Indigo, Beckon Hemp, Beckon Shell, Belgian Linen Sand, Big Idea Indigo, Big Idea Steel, Capra Shadow, Chartres Cloud, Chartres Graphite, Chartres Truffle, Chinchilla Aluminum, Chinchilla White, Crete Stone, Envision Teak, Escher Greige, Esti Lagoon, Esti Marine, Esti Onyx, Falcon Sand, Falcon Spa, Falcon White, Flagship Stone, Harris Stone, Hayden Taupe, Juniper Mesa Indigo, Kindle Indigo, Kindle Silk, Kismet Moss, Lacework Stone, Ledger Heron, Ledger Indigo, Liberty Charcoal, Metz Dove, Mojave Twill Elk, Mojave Twill Turquoise, Muscle Beach Grey, Muscle Beach Tweed, Namibia Grey, Optimist Clay, Painterly View, Pashmina Flannel, Piazza Burlap, Piazza Cloud, Piazza Dove, Piazza Indigo, Piazza Mist, Piazza Vapor, Pique Ash, Pique Gravel, Pique Midnight, Posh Ash, Posh Graphite, Posh Oat, Posh Pebble, Posh Sapphire, Posh Shitake, Posh Snow, Precise Fawn, Precise Spring, Pyrenees White, Recess Smoke, Sahara Café, Sahara Denim, Santara Mist, Sterling Alpaca, Stitches Slate, Surpass Stone, Switch Ash, Switch Flax, Switch Silver, Tailored Smoke, Tailored Spa, Trax Burgundy, Trax Sequoia, Vacation Aqua, Vacation Blue, Vacation Mist, Veena Spa, Vista Dune, Vista Indigo, Zara Cinnamon, Zenith Sand"
5182.0,-65198.0,Avana Sling Adjustable Chaise with Wheels,Avana,Deep Seating,Chaise,,,"The O.W. Lee Avana Sling Adjustable Chaise with Wheels offers effortless relaxation with modern versatility, making it a perfect addition to any poolside or patio setting. Its adjustable sling seat lets you find the ideal lounging position, while the durable aluminum frame and integrated wheels make moving and arranging the chaise simple and convenient. This chaise is an excellent choice for customers seeking high-quality outdoor furniture at a more accessible price point without compromising on style or durability. Quality & Customization Crafted with O.W. Lee’s renowned attention to detail, the frame is backed by a 20-year structural warranty, and the finish is guaranteed for 5 years against fading, blistering, and peeling. Cushions and fabrics are also covered for 5 years, ensuring lasting comfort and performance. With 10 elegant frame finishes and over 100 fabric options, including 16 durable sling fabrics, the Avana Sling Adjustable Chaise can be customized to perfectly complement any outdoor space. It’s a versatile, stylish, and smartly priced solution for contemporary outdoor lounging.",True,True,True,Aluminum,Sling,,"Carbon Black, Copper Creek, Espresso, Graphite, Rosewood, Sable, Sand Dollar, Sandalwood, Shadow Grey, Velvet White",,"Augustine Alloy, Augustine Ashe, Augustine Denim, Augustine Fennel, Augustine Gravel, Augustine Oasis, Augustine Pewter, Augustine Shadow, Augustine Silver, Burdock Smoke, Collect Indigo, Logan Graphite, Pueblo Dune, Sailing Salt, Sailing Seagull, Site Linen"
2053.0,-952.0,Classico Adjustable Chaise,Classico,Deep Seating,Chaise,,"H 40.25"" × W 28"" × D 68""","The O.W. Lee Classico Chaise Lounge brings traditional European style to poolside and patio relaxation. Its elegant frame and comfortable reclining design create a timeless outdoor chaise lounge ideal for leisurely outdoor living. O.W. Lee is renowned for its exceptional quality, supported by an industry-leading warranty. Our frames are covered by a 20-year structural warranty, and the finish is guaranteed against fading, blistering, and peeling for 5 years. Cushions and fabrics are also backed by a 5-year warranty. With a selection of 10 elegant frame finishes and over 100 fabric options, customers can easily customize each piece to seamlessly complement their individual style.",True,True,True,"Aluminum, Wrought Iron",,,"Carbon Black, Copper Creek, Espresso, Graphite, Rosewood, Sable, Sand Dollar, Sandalwood, Shadow Grey, Velvet White",,"Abra Denim, Alvarez Indigo, Beckon Hemp, Beckon Shell, Belgian Linen Sand, Big Idea Indigo, Big Idea Steel, Capra Shadow, Chartres Cloud, Chartres Graphite, Chartres Truffle, Chinchilla Aluminum, Chinchilla White, Crete Stone, Envision Teak, Escher Greige, Esti Lagoon, Esti Marine, Esti Onyx, Falcon Sand, Falcon Spa, Falcon White, Flagship Stone, Harris Stone, Hayden Taupe, Juniper Mesa Indigo, Kindle Indigo, Kindle Silk, Kismet Moss, Lacework Stone, Ledger Heron, Ledger Indigo, Liberty Charcoal, Metz Dove, Mojave Twill Elk, Mojave Twill Turquoise, Muscle Beach Grey, Muscle Beach Tweed, Namibia Grey, Optimist Clay, Painterly View, Pashmina Flannel, Piazza Burlap, Piazza Cloud, Piazza Dove, Piazza Indigo, Piazza Mist, Piazza Vapor, Pique Ash, Pique Gravel, Pique Midnight, Posh Ash, Posh Graphite, Posh Oat, Posh Pebble, Posh Sapphire, Posh Shitake, Posh Snow, Precise Fawn, Precise Spring, Pyrenees White, Recess Smoke, Sahara Café, Sahara Denim, Santara Mist, Sterling Alpaca, Stitches Slate, Surpass Stone, Switch Ash, Switch Flax, Switch Silver, Tailored Smoke, Tailored Spa, Trax Burgundy, Trax Sequoia, Vacation Aqua, Vacation Blue, Vacation Mist, Veena Spa, Vista Dune, Vista Indigo, Zara Cinnamon, Zenith Sand"
5200.0,37198-CH,Marin Sling Chaise Lounge Chair,Marin,Deep Seating,Chaise,,,"The O.W. Lee Marin Sling Adjustable Chaise invites ultimate seaside relaxation. Its breathable sling seat and corrosion-resistant aluminum frame provide adjustable comfort, perfect for sunbathing, lounging, or enjoying waterfront outdoor spaces with modern coastal style. O.W. Lee is renowned for its exceptional quality, supported by an industry-leading warranty. Our frames are covered by a 20-year structural warranty, and the finish is guaranteed against fading, blistering, and peeling for 5 years. Cushions and fabrics are also backed by a 5-year warranty. With a selection of 10 elegant frame finishes and over 100 fabric options, including 16 sling fabrics, customers can easily customize each piece to seamlessly complement their individual style.",True,True,True,Aluminum,Sling,,"Carbon Black, Copper Creek, Espresso, Graphite, Rosewood, Sable, Sand Dollar, Sandalwood, Shadow Grey, Velvet White",,"Augustine Alloy, Augustine Ashe, Augustine Denim, Augustine Fennel, Augustine Gravel, Augustine Oasis, Augustine Pewter, Augustine Shadow, Augustine Silver, Burdock Smoke, Collect Indigo, Logan Graphite, Pueblo Dune, Sailing Salt, Sailing Seagull, Site Linen"
2044.0,428-CH,Monterra Adjustable Chaise,Monterra,Deep Seating,Chaise,,"H 45.5"" × W 42.5"" × D 87""","The O.W. Lee Monterra Adjustable Chaise combines timeless Mediterranean influence with customizable comfort. Featuring a robust wrought iron frame and adjustable reclining positions, this outdoor chaise lounge offers a relaxing retreat with classic, rustic style. O.W. Lee is renowned for its exceptional quality, supported by an industry-leading warranty. Our frames are covered by a 20-year structural warranty, and the finish is guaranteed against fading, blistering, and peeling for 5 years. Cushions and fabrics are also backed by a 5-year warranty. With a selection of 10 elegant frame finishes and over 100 fabric options, including 16 sling fabrics, customers can easily customize each piece to seamlessly complement their individual style.",True,True,True,Wrought Iron,,,"Carbon Black, Copper Creek, Espresso, Graphite, Rosewood, Sable, Sand Dollar, Sandalwood, Shadow Grey, Velvet White",,"Abra Denim, Alvarez Indigo, Beckon Hemp, Beckon Shell, Belgian Linen Sand, Big Idea Indigo, Big Idea Steel, Capra Shadow, Chartres Cloud, Chartres Graphite, Chartres Truffle, Chinchilla Aluminum, Chinchilla White, Crete Stone, Envision Teak, Escher Greige, Esti Lagoon, Esti Marine, Esti Onyx, Falcon Sand, Falcon Spa, Falcon White, Flagship Stone, Harris Stone, Hayden Taupe, Juniper Mesa Indigo, Kindle Indigo, Kindle Silk, Kismet Moss, Lacework Stone, Ledger Heron, Ledger Indigo, Liberty Charcoal, Metz Dove, Mojave Twill Elk, Mojave Twill Turquoise, Muscle Beach Grey, Muscle Beach Tweed, Namibia Grey, Optimist Clay, Painterly View, Pashmina Flannel, Piazza Burlap, Piazza Cloud, Piazza Dove, Piazza Indigo, Piazza Mist, Piazza Vapor, Pique Ash, Pique Gravel, Pique Midnight, Posh Ash, Posh Graphite, Posh Oat, Posh Pebble, Posh Sapphire, Posh Shitake, Posh Snow, Precise Fawn, Precise Spring, Pyrenees White, Recess Smoke, Sahara Café, Sahara Denim, Santara Mist, Sterling Alpaca, Stitches Slate, Surpass Stone, Switch Ash, Switch Flax, Switch Silver, Tailored Smoke, Tailored Spa, Trax Burgundy, Trax Sequoia, Vacation Aqua, Vacation Blue, Vacation Mist, Veena Spa, Vista Dune, Vista Indigo, Zara Cinnamon, Zenith Sand"
5169.0,-699.0,San Cristobal Chaise Lounge,San Cristobal,Deep Seating,Chaise,,,"The O.W. Lee San Cristóbal Chaise offers elegant relaxation inspired by historic Spanish design. Flowing contours and refined detailing make this outdoor chaise lounge a graceful addition to patios, poolsides, and garden retreats. O.W. Lee is renowned for its exceptional quality, supported by an industry-leading warranty. Our frames are covered by a 20-year structural warranty, and the finish is guaranteed against fading, blistering, and peeling for 5 years. Cushions and fabrics are also backed by a 5-year warranty. With a selection of 10 elegant frame finishes and over 100 fabric options, customers can easily customize each piece to seamlessly complement their individual style.",True,True,True,"Aluminum, Wrought Iron",,,"Carbon Black, Copper Creek, Espresso, Graphite, Rosewood, Sable, Sand Dollar, Sandalwood, Shadow Grey, Velvet White",,"Abra Denim, Alvarez Indigo, Beckon Hemp, Beckon Shell, Belgian Linen Sand, Big Idea Indigo, Big Idea Steel, Capra Shadow, Chartres Cloud, Chartres Graphite, Chartres Truffle, Chinchilla Aluminum, Chinchilla White, Crete Stone, Envision Teak, Escher Greige, Esti Lagoon, Esti Marine, Esti Onyx, Falcon Sand, Falcon Spa, Falcon White, Flagship Stone, Harris Stone, Hayden Taupe, Juniper Mesa Indigo, Kindle Indigo, Kindle Silk, Kismet Moss, Lacework Stone, Ledger Heron, Ledger Indigo, Liberty Charcoal, Metz Dove, Mojave Twill Elk, Mojave Twill Turquoise, Muscle Beach Grey, Muscle Beach Tweed, Namibia Grey, Optimist Clay, Painterly View, Pashmina Flannel, Piazza Burlap, Piazza Cloud, Piazza Dove, Piazza Indigo, Piazza Mist, Piazza Vapor, Pique Ash, Pique Gravel, Pique Midnight, Posh Ash, Posh Graphite, Posh Oat, Posh Pebble, Posh Sapphire, Posh Shitake, Posh Snow, Precise Fawn, Precise Spring, Pyrenees White, Recess Smoke, Sahara Café, Sahara Denim, Santara Mist, Sterling Alpaca, Stitches Slate, Surpass Stone, Switch Ash, Switch Flax, Switch Silver, Tailored Smoke, Tailored Spa, Trax Burgundy, Trax Sequoia, Vacation Aqua, Vacation Blue, Vacation Mist, Veena Spa, Vista Dune, Vista Indigo, Zara Cinnamon, Zenith Sand"
5220.0,77198-CH,Studio Sling Chaise Lounge,Studio,Deep Seating,Chaise,,,"The O.W. Lee Studio Sling Chaise Lounge is designed for relaxed outdoor lounging with a contemporary edge. Featuring a sleek aluminum frame and supportive sling fabric, this outdoor sling chaise lounge provides comfort, durability, and effortless modern style. O.W. Lee is renowned for its exceptional quality, supported by an industry-leading warranty. Our frames are covered by a 20-year structural warranty, and the finish is guaranteed against fading, blistering, and peeling for 5 years. Cushions and fabrics are also backed by a 5-year warranty. With a selection of 10 elegant frame finishes and over 100 fabric options, including 16 sling fabrics, customers can easily customize each piece to seamlessly complement their individual style.",True,True,True,Aluminum,Sling,,"Carbon Black, Copper Creek, Espresso, Graphite, Rosewood, Sable, Sand Dollar, Sandalwood, Shadow Grey, Velvet White",,"Augustine Alloy, Augustine Ashe, Augustine Denim, Augustine Fennel, Augustine Gravel, Augustine Oasis, Augustine Pewter, Augustine Shadow, Augustine Silver, Burdock Smoke, Collect Indigo, Logan Graphite, Pueblo Dune, Sailing Salt, Sailing Seagull, Site Linen"
5491.0,E-TOPS,City Series Porcelain Tops,City Series Porcelain Tops,Tables,Table Tops,,,,True,False,True,Aluminum,,,"Carbon Black, Copper Creek, Espresso, Graphite, Rosewood, Sable, Sand Dollar, Sandalwood, Shadow Grey, Velvet White",,
5492.0,D-TOPS,Dakota Porcelain Tops,Dakota Porcelain Tops,Tables,Table Tops,,,,True,False,True,Aluminum,,,"Carbon Black, Copper Creek, Espresso, Graphite, Rosewood, Sable, Sand Dollar, Sandalwood, Shadow Grey, Velvet White",,
5494.0,K-TOPS,Dekton Tops,Dekton,Tables,Table Tops,,,,True,False,True,Aluminum,,,"Carbon Black, Copper Creek, Espresso, Graphite, Rosewood, Sable, Sand Dollar, Sandalwood, Shadow Grey, Velvet White",,
5490.0,P-TOPS,Fresco Porcelain Tops,Fresco Porcelain Tops,Tables,Table Tops,,,,True,False,True,Aluminum,,,"Carbon Black, Copper Creek, Espresso, Graphite, Rosewood, Sable, Sand Dollar, Sandalwood, Shadow Grey, Velvet White",,
5498.0,91-OTS285ORT,Kensington Occasional Table,Kensington,Tables,Coffee & Side Tables,,,,True,True,True,Aluminum,,,"Carbon Black, Copper Creek, Espresso, Graphite, Rosewood, Sable, Sand Dollar, Sandalwood, Shadow Grey, Velvet White",,
5495.0,MM-TOPS,Micro Mesh Tops,Micro Mesh,Tables,Table Tops,,,,True,False,True,Aluminum,,,"Carbon Black, Copper Creek, Espresso, Graphite, Rosewood, Sable, Sand Dollar, Sandalwood, Shadow Grey, Velvet White",,
4936.0,MA-OT03,Modern Aluminum 03 Occasional Table Base,Modern Aluminum,Tables,Table Bases,,"H 18"" × W 25"" × D 25""","Sleek, minimal, and designed for contemporary outdoor living, our Modern Aluminum table bases provide a clean foundation for any table top. Crafted from durable, powder-coated aluminum, they are lightweight yet built to withstand the elements—resistant to rust, corrosion, and fading. Their streamlined design pairs effortlessly with porcelain, Dekton, or micro mesh tops and complements our Arc, Aris, Avana, and Studio collections, making them a versatile choice for both residential and commercial settings. Combining modern style with long-lasting performance, these bases are as practical as they are elegant. This base fits the following tops: - 36"" Square (Porcelain) - 42"" Round (Porcelain and Micro Mesh) - 42"" Square (Porcelain and Micro Mesh) - 54"" Round (Porcelain, Dekton, and Micro Mesh)",True,True,True,Aluminum,,,"Carbon Black, Copper Creek, Espresso, Graphite, Rosewood, Sable, Sand Dollar, Sandalwood, Shadow Grey, Velvet White",,
4910.0,QD-3153OT,Quadra Occasional Table,Quadra,Tables,Coffee & Side Tables,,"H 18"" × W 52.5"" × D 30.5""","Clean-lined and architecturally modern, the Quadra Iron Tables bring refined structure to outdoor spaces. Defined by their squared iron frame and crisp geometry, Quadra tables offer a contemporary look that feels substantial yet uncluttered. Crafted from durable iron and built to withstand the elements, these tables deliver lasting strength and stability for everyday outdoor living. Available in a wide range of sizes--including side tables, occasional tables, counter height, console, and dining--Quadra tables provide versatile solutions for everything from intimate seating areas to large entertaining spaces. Their simple, modern profile pairs seamlessly with a variety of collections, making Quadra a timeless foundation for both residential and commercial environments.",True,True,True,Wrought Iron,,,"Carbon Black, Copper Creek, Espresso, Graphite, Rosewood, Sable, Sand Dollar, Sandalwood, Shadow Grey, Velvet White",,
4940.0,6-OT03,San Cristobal 03 Occasional Table Base,San Cristobal,Tables,Table Bases,,"H 17.75"" × W 25"" × D 25""","Fits table tops: 36"" Square, 42"" Round, 42"" Square, 54"" Round",True,True,True,"Aluminum, Wrought Iron",,,"Carbon Black, Copper Creek, Espresso, Graphite, Rosewood, Sable, Sand Dollar, Sandalwood, Shadow Grey, Velvet White",,
4941.0,6-OT05,San Cristobal 05 Occasional Table Base,San Cristobal,Tables,Table Bases,,"H 17.75"" × W 43"" × D 20""","Designed to support a variety of table tops with strength and stability, these bases are built to last, with a durable finish that resists fading, blistering, and peeling. Backed by O.W. Lee’s 20-year structural warranty and 5-year finish guarantee, the San Cristóbal table bases combine timeless beauty with enduring performance.",True,True,True,"Aluminum, Wrought Iron",,,"Carbon Black, Copper Creek, Espresso, Graphite, Rosewood, Sable, Sand Dollar, Sandalwood, Shadow Grey, Velvet White",,
5493.0,V-TOPS,Valencia Porcelain Tops,Valencia Porcelain Tops,Tables,Table Tops,,,,True,False,True,Aluminum,,,"Carbon Black, Copper Creek, Espresso, Graphite, Rosewood, Sable, Sand Dollar, Sandalwood, Shadow Grey, Velvet White",,
2087.0,34185-C,Arc Center Sectional,Arc,Deep Seating,Sectionals,,"H 40"" × W 39.25"" × D 38.25""","The O.W. Lee Arc Sectional offers flexible seating arrangements while maintaining the collection’s sculptural, yacht-inspired aesthetic. Modular components allow for customized layouts that enhance both comfort and visual flow. Left, Right, Center, and Corner pieces available so you can design your ideal sectional. Quality & Customization O.W. Lee is renowned for its exceptional quality, supported by an industry-leading warranty. Our frames are covered by a 20-year structural warranty, and the finish is guaranteed against fading, blistering, and peeling for 5 years. Cushions and fabrics are also backed by a 5-year warranty. With a selection of 10 elegant frame finishes and over 100 fabric options, including 16 sling fabrics, customers can easily customize each piece to seamlessly complement their individual style.",True,True,True,Aluminum,,,"Carbon Black, Copper Creek, Espresso, Graphite, Rosewood, Sable, Sand Dollar, Sandalwood, Shadow Grey, Velvet White",,"Abra Denim, Alvarez Indigo, Beckon Hemp, Beckon Shell, Belgian Linen Sand, Big Idea Indigo, Big Idea Steel, Capra Shadow, Chartres Cloud, Chartres Graphite, Chartres Truffle, Chinchilla Aluminum, Chinchilla White, Crete Stone, Envision Teak, Escher Greige, Esti Lagoon, Esti Marine, Esti Onyx, Falcon Sand, Falcon Spa, Falcon White, Flagship Stone, Harris Stone, Hayden Taupe, Juniper Mesa Indigo, Kindle Indigo, Kindle Silk, Kismet Moss, Lacework Stone, Ledger Heron, Ledger Indigo, Liberty Charcoal, Metz Dove, Mojave Twill Elk, Mojave Twill Turquoise, Muscle Beach Grey, Muscle Beach Tweed, Namibia Grey, Optimist Clay, Painterly View, Pashmina Flannel, Piazza Burlap, Piazza Cloud, Piazza Dove, Piazza Indigo, Piazza Mist, Piazza Vapor, Pique Ash, Pique Gravel, Pique Midnight, Posh Ash, Posh Graphite, Posh Oat, Posh Pebble, Posh Sapphire, Posh Shitake, Posh Snow, Precise Fawn, Precise Spring, Pyrenees White, Recess Smoke, Sahara Café, Sahara Denim, Santara Mist, Sterling Alpaca, Stitches Slate, Surpass Stone, Switch Ash, Switch Flax, Switch Silver, Tailored Smoke, Tailored Spa, Trax Burgundy, Trax Sequoia, Vacation Aqua, Vacation Blue, Vacation Mist, Veena Spa, Vista Dune, Vista Indigo, Zara Cinnamon, Zenith Sand"
2088.0,34185-CR,Arc Corner Sectional,Arc,Deep Seating,Sectionals,,"H 40"" × W 62.5"" × D 38.25""","The O.W. Lee Arc Sectional offers flexible seating arrangements while maintaining the collection’s sculptural, yacht-inspired aesthetic. Modular components allow for customized layouts that enhance both comfort and visual flow. Left, Right, Center, and Corner pieces available so you can design your ideal sectional. Quality & Customization O.W. Lee is renowned for its exceptional quality, supported by an industry-leading warranty. Our frames are covered by a 20-year structural warranty, and the finish is guaranteed against fading, blistering, and peeling for 5 years. Cushions and fabrics are also backed by a 5-year warranty. With a selection of 10 elegant frame finishes and over 100 fabric options, including 16 sling fabrics, customers can easily customize each piece to seamlessly complement their individual style.",True,True,True,Aluminum,,,"Carbon Black, Copper Creek, Espresso, Graphite, Rosewood, Sable, Sand Dollar, Sandalwood, Shadow Grey, Velvet White",,"Abra Denim, Alvarez Indigo, Beckon Hemp, Beckon Shell, Belgian Linen Sand, Big Idea Indigo, Big Idea Steel, Capra Shadow, Chartres Cloud, Chartres Graphite, Chartres Truffle, Chinchilla Aluminum, Chinchilla White, Crete Stone, Envision Teak, Escher Greige, Esti Lagoon, Esti Marine, Esti Onyx, Falcon Sand, Falcon Spa, Falcon White, Flagship Stone, Harris Stone, Hayden Taupe, Juniper Mesa Indigo, Kindle Indigo, Kindle Silk, Kismet Moss, Lacework Stone, Ledger Heron, Ledger Indigo, Liberty Charcoal, Metz Dove, Mojave Twill Elk, Mojave Twill Turquoise, Muscle Beach Grey, Muscle Beach Tweed, Namibia Grey, Optimist Clay, Painterly View, Pashmina Flannel, Piazza Burlap, Piazza Cloud, Piazza Dove, Piazza Indigo, Piazza Mist, Piazza Vapor, Pique Ash, Pique Gravel, Pique Midnight, Posh Ash, Posh Graphite, Posh Oat, Posh Pebble, Posh Sapphire, Posh Shitake, Posh Snow, Precise Fawn, Precise Spring, Pyrenees White, Recess Smoke, Sahara Café, Sahara Denim, Santara Mist, Sterling Alpaca, Stitches Slate, Surpass Stone, Switch Ash, Switch Flax, Switch Silver, Tailored Smoke, Tailored Spa, Trax Burgundy, Trax Sequoia, Vacation Aqua, Vacation Blue, Vacation Mist, Veena Spa, Vista Dune, Vista Indigo, Zara Cinnamon, Zenith Sand"
2089.0,34185-L,Arc Left Sectional,Arc,Deep Seating,Sectionals,,"H 40"" × W 39.25"" × D 38.25""","The O.W. Lee Arc Sectional offers flexible seating arrangements while maintaining the collection’s sculptural, yacht-inspired aesthetic. Modular components allow for customized layouts that enhance both comfort and visual flow. Left, Right, Center, and Corner pieces available so you can design your ideal sectional. Quality & Customization O.W. Lee is renowned for its exceptional quality, supported by an industry-leading warranty. Our frames are covered by a 20-year structural warranty, and the finish is guaranteed against fading, blistering, and peeling for 5 years. Cushions and fabrics are also backed by a 5-year warranty. With a selection of 10 elegant frame finishes and over 100 fabric options, including 16 sling fabrics, customers can easily customize each piece to seamlessly complement their individual style.",True,True,True,Aluminum,,,"Carbon Black, Copper Creek, Espresso, Graphite, Rosewood, Sable, Sand Dollar, Sandalwood, Shadow Grey, Velvet White",,"Abra Denim, Alvarez Indigo, Beckon Hemp, Beckon Shell, Belgian Linen Sand, Big Idea Indigo, Big Idea Steel, Capra Shadow, Chartres Cloud, Chartres Graphite, Chartres Truffle, Chinchilla Aluminum, Chinchilla White, Crete Stone, Envision Teak, Escher Greige, Esti Lagoon, Esti Marine, Esti Onyx, Falcon Sand, Falcon Spa, Falcon White, Flagship Stone, Harris Stone, Hayden Taupe, Juniper Mesa Indigo, Kindle Indigo, Kindle Silk, Kismet Moss, Lacework Stone, Ledger Heron, Ledger Indigo, Liberty Charcoal, Metz Dove, Mojave Twill Elk, Mojave Twill Turquoise, Muscle Beach Grey, Muscle Beach Tweed, Namibia Grey, Optimist Clay, Painterly View, Pashmina Flannel, Piazza Burlap, Piazza Cloud, Piazza Dove, Piazza Indigo, Piazza Mist, Piazza Vapor, Pique Ash, Pique Gravel, Pique Midnight, Posh Ash, Posh Graphite, Posh Oat, Posh Pebble, Posh Sapphire, Posh Shitake, Posh Snow, Precise Fawn, Precise Spring, Pyrenees White, Recess Smoke, Sahara Café, Sahara Denim, Santara Mist, Sterling Alpaca, Stitches Slate, Surpass Stone, Switch Ash, Switch Flax, Switch Silver, Tailored Smoke, Tailored Spa, Trax Burgundy, Trax Sequoia, Vacation Aqua, Vacation Blue, Vacation Mist, Veena Spa, Vista Dune, Vista Indigo, Zara Cinnamon, Zenith Sand"
2082.0,34184-CC,Arc Lounge Chair,Arc,Deep Seating,Lounge Chairs,,"H 34"" × W 32"" × D 38.25""","The O.W. Lee Arc Lounge Chair embodies relaxed sophistication through sculpted curves and a minimalist aesthetic. Designed for comfort and visual impact, this outdoor lounge chair offers a modern retreat for patios, terraces, and poolside spaces. O.W. Lee is renowned for its exceptional quality, supported by an industry-leading warranty. Our frames are covered by a 20-year structural warranty, and the finish is guaranteed against fading, blistering, and peeling for 5 years. Cushions and fabrics are also backed by a 5-year warranty. With a selection of 10 elegant frame finishes and over 100 fabric options, including 16 sling fabrics, customers can easily customize each piece to seamlessly complement their individual style.",True,True,True,Aluminum,,,"Carbon Black, Copper Creek, Espresso, Graphite, Rosewood, Sable, Sand Dollar, Sandalwood, Shadow Grey, Velvet White",,"Abra Denim, Alvarez Indigo, Beckon Hemp, Beckon Shell, Belgian Linen Sand, Big Idea Indigo, Big Idea Steel, Capra Shadow, Chartres Cloud, Chartres Graphite, Chartres Truffle, Chinchilla Aluminum, Chinchilla White, Crete Stone, Envision Teak, Escher Greige, Esti Lagoon, Esti Marine, Esti Onyx, Falcon Sand, Falcon Spa, Falcon White, Flagship Stone, Harris Stone, Hayden Taupe, Juniper Mesa Indigo, Kindle Indigo, Kindle Silk, Kismet Moss, Lacework Stone, Ledger Heron, Ledger Indigo, Liberty Charcoal, Metz Dove, Mojave Twill Elk, Mojave Twill Turquoise, Muscle Beach Grey, Muscle Beach Tweed, Namibia Grey, Optimist Clay, Painterly View, Pashmina Flannel, Piazza Burlap, Piazza Cloud, Piazza Dove, Piazza Indigo, Piazza Mist, Piazza Vapor, Pique Ash, Pique Gravel, Pique Midnight, Posh Ash, Posh Graphite, Posh Oat, Posh Pebble, Posh Sapphire, Posh Shitake, Posh Snow, Precise Fawn, Precise Spring, Pyrenees White, Recess Smoke, Sahara Café, Sahara Denim, Santara Mist, Sterling Alpaca, Stitches Slate, Surpass Stone, Switch Ash, Switch Flax, Switch Silver, Tailored Smoke, Tailored Spa, Trax Burgundy, Trax Sequoia, Vacation Aqua, Vacation Blue, Vacation Mist, Veena Spa, Vista Dune, Vista Indigo, Zara Cinnamon, Zenith Sand"
2084.0,34184-2S,Arc Love Seat,Arc,Deep Seating,Love Seats,,"H 34"" × W 58"" × D 38.25""","The O.W. Lee Arc Love Seat provides intimate seating defined by bold curves and contemporary styling. Its sculptural form and plush cushions create a refined outdoor love seat designed for comfortable conversation and modern outdoor living. O.W. Lee is renowned for its exceptional quality, supported by an industry-leading warranty. Our frames are covered by a 20-year structural warranty, and the finish is guaranteed against fading, blistering, and peeling for 5 years. Cushions and fabrics are also backed by a 5-year warranty. With a selection of 10 elegant frame finishes and over 100 fabric options, including 16 sling fabrics, customers can easily customize each piece to seamlessly complement their individual style.",True,True,True,Aluminum,,,"Carbon Black, Copper Creek, Espresso, Graphite, Rosewood, Sable, Sand Dollar, Sandalwood, Shadow Grey, Velvet White",,"Abra Denim, Alvarez Indigo, Beckon Hemp, Beckon Shell, Belgian Linen Sand, Big Idea Indigo, Big Idea Steel, Capra Shadow, Chartres Cloud, Chartres Graphite, Chartres Truffle, Chinchilla Aluminum, Chinchilla White, Crete Stone, Envision Teak, Escher Greige, Esti Lagoon, Esti Marine, Esti Onyx, Falcon Sand, Falcon Spa, Falcon White, Flagship Stone, Harris Stone, Hayden Taupe, Juniper Mesa Indigo, Kindle Indigo, Kindle Silk, Kismet Moss, Lacework Stone, Ledger Heron, Ledger Indigo, Liberty Charcoal, Metz Dove, Mojave Twill Elk, Mojave Twill Turquoise, Muscle Beach Grey, Muscle Beach Tweed, Namibia Grey, Optimist Clay, Painterly View, Pashmina Flannel, Piazza Burlap, Piazza Cloud, Piazza Dove, Piazza Indigo, Piazza Mist, Piazza Vapor, Pique Ash, Pique Gravel, Pique Midnight, Posh Ash, Posh Graphite, Posh Oat, Posh Pebble, Posh Sapphire, Posh Shitake, Posh Snow, Precise Fawn, Precise Spring, Pyrenees White, Recess Smoke, Sahara Café, Sahara Denim, Santara Mist, Sterling Alpaca, Stitches Slate, Surpass Stone, Switch Ash, Switch Flax, Switch Silver, Tailored Smoke, Tailored Spa, Trax Burgundy, Trax Sequoia, Vacation Aqua, Vacation Blue, Vacation Mist, Veena Spa, Vista Dune, Vista Indigo, Zara Cinnamon, Zenith Sand"
2090.0,34170-O,Arc Ottoman,Arc,Deep Seating,Ottomans,,"H 19"" × W 32"" × D 23.5""","The O.W. Lee Arc Ottoman adds versatility and comfort to Arc seating groupings. Its clean form and tailored cushion echo the collection’s modern elegance while serving as a functional accent piece. O.W. Lee is renowned for its exceptional quality, supported by an industry-leading warranty. Our frames are covered by a 20-year structural warranty, and the finish is guaranteed against fading, blistering, and peeling for 5 years. Cushions and fabrics are also backed by a 5-year warranty. With a selection of 10 elegant frame finishes and over 100 fabric options, including 16 sling fabrics, customers can easily customize each piece to seamlessly complement their individual style.",True,True,True,Aluminum,,,"Carbon Black, Copper Creek, Espresso, Graphite, Rosewood, Sable, Sand Dollar, Sandalwood, Shadow Grey, Velvet White",,"Abra Denim, Alvarez Indigo, Beckon Hemp, Beckon Shell, Belgian Linen Sand, Big Idea Indigo, Big Idea Steel, Capra Shadow, Chartres Cloud, Chartres Graphite, Chartres Truffle, Chinchilla Aluminum, Chinchilla White, Crete Stone, Envision Teak, Escher Greige, Esti Lagoon, Esti Marine, Esti Onyx, Falcon Sand, Falcon Spa, Falcon White, Flagship Stone, Harris Stone, Hayden Taupe, Juniper Mesa Indigo, Kindle Indigo, Kindle Silk, Kismet Moss, Lacework Stone, Ledger Heron, Ledger Indigo, Liberty Charcoal, Metz Dove, Mojave Twill Elk, Mojave Twill Turquoise, Muscle Beach Grey, Muscle Beach Tweed, Namibia Grey, Optimist Clay, Painterly View, Pashmina Flannel, Piazza Burlap, Piazza Cloud, Piazza Dove, Piazza Indigo, Piazza Mist, Piazza Vapor, Pique Ash, Pique Gravel, Pique Midnight, Posh Ash, Posh Graphite, Posh Oat, Posh Pebble, Posh Sapphire, Posh Shitake, Posh Snow, Precise Fawn, Precise Spring, Pyrenees White, Recess Smoke, Sahara Café, Sahara Denim, Santara Mist, Sterling Alpaca, Stitches Slate, Surpass Stone, Switch Ash, Switch Flax, Switch Silver, Tailored Smoke, Tailored Spa, Trax Burgundy, Trax Sequoia, Vacation Aqua, Vacation Blue, Vacation Mist, Veena Spa, Vista Dune, Vista Indigo, Zara Cinnamon, Zenith Sand"
2086.0,34185-R,Arc Right Sectional,Arc,Deep Seating,Sectionals,,"H 40"" × W 39.25"" × D 38.25""","The O.W. Lee Arc Sectional offers flexible seating arrangements while maintaining the collection’s sculptural, yacht-inspired aesthetic. Modular components allow for customized layouts that enhance both comfort and visual flow. Left, Right, Center, and Corner pieces available so you can design your ideal sectional. Quality & Customization O.W. Lee is renowned for its exceptional quality, supported by an industry-leading warranty. Our frames are covered by a 20-year structural warranty, and the finish is guaranteed against fading, blistering, and peeling for 5 years. Cushions and fabrics are also backed by a 5-year warranty. With a selection of 10 elegant frame finishes and over 100 fabric options, including 16 sling fabrics, customers can easily customize each piece to seamlessly complement their individual style.",True,True,True,Aluminum,,,"Carbon Black, Copper Creek, Espresso, Graphite, Rosewood, Sable, Sand Dollar, Sandalwood, Shadow Grey, Velvet White",,"Abra Denim, Alvarez Indigo, Beckon Hemp, Beckon Shell, Belgian Linen Sand, Big Idea Indigo, Big Idea Steel, Capra Shadow, Chartres Cloud, Chartres Graphite, Chartres Truffle, Chinchilla Aluminum, Chinchilla White, Crete Stone, Envision Teak, Escher Greige, Esti Lagoon, Esti Marine, Esti Onyx, Falcon Sand, Falcon Spa, Falcon White, Flagship Stone, Harris Stone, Hayden Taupe, Juniper Mesa Indigo, Kindle Indigo, Kindle Silk, Kismet Moss, Lacework Stone, Ledger Heron, Ledger Indigo, Liberty Charcoal, Metz Dove, Mojave Twill Elk, Mojave Twill Turquoise, Muscle Beach Grey, Muscle Beach Tweed, Namibia Grey, Optimist Clay, Painterly View, Pashmina Flannel, Piazza Burlap, Piazza Cloud, Piazza Dove, Piazza Indigo, Piazza Mist, Piazza Vapor, Pique Ash, Pique Gravel, Pique Midnight, Posh Ash, Posh Graphite, Posh Oat, Posh Pebble, Posh Sapphire, Posh Shitake, Posh Snow, Precise Fawn, Precise Spring, Pyrenees White, Recess Smoke, Sahara Café, Sahara Denim, Santara Mist, Sterling Alpaca, Stitches Slate, Surpass Stone, Switch Ash, Switch Flax, Switch Silver, Tailored Smoke, Tailored Spa, Trax Burgundy, Trax Sequoia, Vacation Aqua, Vacation Blue, Vacation Mist, Veena Spa, Vista Dune, Vista Indigo, Zara Cinnamon, Zenith Sand"
2085.0,34184-3S,Arc Sofa,Arc,Deep Seating,Sofas,,"H 34"" × W 84"" × D 38.25""","The O.W. Lee Arc Sofa delivers spacious seating with a sleek, modern presence. Sculpted lines and generous cushions make this outdoor sofa a striking focal point that balances luxury, comfort, and minimalist design. O.W. Lee is renowned for its exceptional quality, supported by an industry-leading warranty. Our frames are covered by a 20-year structural warranty, and the finish is guaranteed against fading, blistering, and peeling for 5 years. Cushions and fabrics are also backed by a 5-year warranty. With a selection of 10 elegant frame finishes and over 100 fabric options, including 16 sling fabrics, customers can easily customize each piece to seamlessly complement their individual style.",True,True,True,Aluminum,,,"Carbon Black, Copper Creek, Espresso, Graphite, Rosewood, Sable, Sand Dollar, Sandalwood, Shadow Grey, Velvet White",,"Abra Denim, Alvarez Indigo, Beckon Hemp, Beckon Shell, Belgian Linen Sand, Big Idea Indigo, Big Idea Steel, Capra Shadow, Chartres Cloud, Chartres Graphite, Chartres Truffle, Chinchilla Aluminum, Chinchilla White, Crete Stone, Envision Teak, Escher Greige, Esti Lagoon, Esti Marine, Esti Onyx, Falcon Sand, Falcon Spa, Falcon White, Flagship Stone, Harris Stone, Hayden Taupe, Juniper Mesa Indigo, Kindle Indigo, Kindle Silk, Kismet Moss, Lacework Stone, Ledger Heron, Ledger Indigo, Liberty Charcoal, Metz Dove, Mojave Twill Elk, Mojave Twill Turquoise, Muscle Beach Grey, Muscle Beach Tweed, Namibia Grey, Optimist Clay, Painterly View, Pashmina Flannel, Piazza Burlap, Piazza Cloud, Piazza Dove, Piazza Indigo, Piazza Mist, Piazza Vapor, Pique Ash, Pique Gravel, Pique Midnight, Posh Ash, Posh Graphite, Posh Oat, Posh Pebble, Posh Sapphire, Posh Shitake, Posh Snow, Precise Fawn, Precise Spring, Pyrenees White, Recess Smoke, Sahara Café, Sahara Denim, Santara Mist, Sterling Alpaca, Stitches Slate, Surpass Stone, Switch Ash, Switch Flax, Switch Silver, Tailored Smoke, Tailored Spa, Trax Burgundy, Trax Sequoia, Vacation Aqua, Vacation Blue, Vacation Mist, Veena Spa, Vista Dune, Vista Indigo, Zara Cinnamon, Zenith Sand"
2083.0,34184-SR,Arc Swivel Rocker Lounge Chair,Arc,Deep Seating,Lounge Chairs,,"H 37.75"" × W 32"" × D 37.25""","The O.W. Lee Arc Swivel Rocker Lounge Chair adds fluid motion to modern outdoor relaxation. Smooth swivel and gentle rocking complement the collection’s flowing design language, creating a lounge chair that feels both dynamic and serene. O.W. Lee is renowned for its exceptional quality, supported by an industry-leading warranty. Our frames are covered by a 20-year structural warranty, and the finish is guaranteed against fading, blistering, and peeling for 5 years. Cushions and fabrics are also backed by a 5-year warranty. With a selection of 10 elegant frame finishes and over 100 fabric options, including 16 sling fabrics, customers can easily customize each piece to seamlessly complement their individual style.",True,True,True,Aluminum,,,"Carbon Black, Copper Creek, Espresso, Graphite, Rosewood, Sable, Sand Dollar, Sandalwood, Shadow Grey, Velvet White",,"Abra Denim, Alvarez Indigo, Beckon Hemp, Beckon Shell, Belgian Linen Sand, Big Idea Indigo, Big Idea Steel, Capra Shadow, Chartres Cloud, Chartres Graphite, Chartres Truffle, Chinchilla Aluminum, Chinchilla White, Crete Stone, Envision Teak, Escher Greige, Esti Lagoon, Esti Marine, Esti Onyx, Falcon Sand, Falcon Spa, Falcon White, Flagship Stone, Harris Stone, Hayden Taupe, Juniper Mesa Indigo, Kindle Indigo, Kindle Silk, Kismet Moss, Lacework Stone, Ledger Heron, Ledger Indigo, Liberty Charcoal, Metz Dove, Mojave Twill Elk, Mojave Twill Turquoise, Muscle Beach Grey, Muscle Beach Tweed, Namibia Grey, Optimist Clay, Painterly View, Pashmina Flannel, Piazza Burlap, Piazza Cloud, Piazza Dove, Piazza Indigo, Piazza Mist, Piazza Vapor, Pique Ash, Pique Gravel, Pique Midnight, Posh Ash, Posh Graphite, Posh Oat, Posh Pebble, Posh Sapphire, Posh Shitake, Posh Snow, Precise Fawn, Precise Spring, Pyrenees White, Recess Smoke, Sahara Café, Sahara Denim, Santara Mist, Sterling Alpaca, Stitches Slate, Surpass Stone, Switch Ash, Switch Flax, Switch Silver, Tailored Smoke, Tailored Spa, Trax Burgundy, Trax Sequoia, Vacation Aqua, Vacation Blue, Vacation Mist, Veena Spa, Vista Dune, Vista Indigo, Zara Cinnamon, Zenith Sand"
2066.0,27175-CC,Aris Lounge Chair,Aris,Deep Seating,Lounge Chairs,,"H 42.75"" × W 30"" × D 36""","O.W. Lee is renowned for its exceptional quality, supported by an industry-leading warranty. Our frames are covered by a 20-year structural warranty, and the finish is guaranteed against fading, blistering, and peeling for 5 years. Cushions and fabrics are also backed by a 5-year warranty. With a selection of 10 elegant frame finishes and over 100 fabric options, customers can easily customize each piece to seamlessly complement their individual style.",True,True,True,Aluminum,,,"Carbon Black, Copper Creek, Espresso, Graphite, Rosewood, Sable, Sand Dollar, Sandalwood, Shadow Grey, Velvet White",,"Abra Denim, Alvarez Indigo, Beckon Hemp, Beckon Shell, Belgian Linen Sand, Big Idea Indigo, Big Idea Steel, Capra Shadow, Chartres Cloud, Chartres Graphite, Chartres Truffle, Chinchilla Aluminum, Chinchilla White, Crete Stone, Envision Teak, Escher Greige, Esti Lagoon, Esti Marine, Esti Onyx, Falcon Sand, Falcon Spa, Falcon White, Flagship Stone, Harris Stone, Hayden Taupe, Juniper Mesa Indigo, Kindle Indigo, Kindle Silk, Kismet Moss, Lacework Stone, Ledger Heron, Ledger Indigo, Liberty Charcoal, Metz Dove, Mojave Twill Elk, Mojave Twill Turquoise, Muscle Beach Grey, Muscle Beach Tweed, Namibia Grey, Optimist Clay, Painterly View, Pashmina Flannel, Piazza Burlap, Piazza Cloud, Piazza Dove, Piazza Indigo, Piazza Mist, Piazza Vapor, Pique Ash, Pique Gravel, Pique Midnight, Posh Ash, Posh Graphite, Posh Oat, Posh Pebble, Posh Sapphire, Posh Shitake, Posh Snow, Precise Fawn, Precise Spring, Pyrenees White, Recess Smoke, Sahara Café, Sahara Denim, Santara Mist, Sterling Alpaca, Stitches Slate, Surpass Stone, Switch Ash, Switch Flax, Switch Silver, Tailored Smoke, Tailored Spa, Trax Burgundy, Trax Sequoia, Vacation Aqua, Vacation Blue, Vacation Mist, Veena Spa, Vista Dune, Vista Indigo, Zara Cinnamon, Zenith Sand"
2069.0,27175-2S,Aris Love Seat,Aris,Deep Seating,Love Seats,,"H 42.75"" × W 56"" × D 36""","The O.W. Lee Aris Love Seat offers intimate seating with classic Mid-Century Modern character. Its balanced proportions, refined lines, and comfortable cushions create an inviting outdoor love seat for relaxed conversation. O.W. Lee is renowned for its exceptional quality, supported by an industry-leading warranty. Our frames are covered by a 20-year structural warranty, and the finish is guaranteed against fading, blistering, and peeling for 5 years. Cushions and fabrics are also backed by a 5-year warranty. With a selection of 10 elegant frame finishes and over 100 fabric options, customers can easily customize each piece to seamlessly complement their individual style.",True,True,True,Aluminum,,,"Carbon Black, Copper Creek, Espresso, Graphite, Rosewood, Sable, Sand Dollar, Sandalwood, Shadow Grey, Velvet White",,"Abra Denim, Alvarez Indigo, Beckon Hemp, Beckon Shell, Belgian Linen Sand, Big Idea Indigo, Big Idea Steel, Capra Shadow, Chartres Cloud, Chartres Graphite, Chartres Truffle, Chinchilla Aluminum, Chinchilla White, Crete Stone, Envision Teak, Escher Greige, Esti Lagoon, Esti Marine, Esti Onyx, Falcon Sand, Falcon Spa, Falcon White, Flagship Stone, Harris Stone, Hayden Taupe, Juniper Mesa Indigo, Kindle Indigo, Kindle Silk, Kismet Moss, Lacework Stone, Ledger Heron, Ledger Indigo, Liberty Charcoal, Metz Dove, Mojave Twill Elk, Mojave Twill Turquoise, Muscle Beach Grey, Muscle Beach Tweed, Namibia Grey, Optimist Clay, Painterly View, Pashmina Flannel, Piazza Burlap, Piazza Cloud, Piazza Dove, Piazza Indigo, Piazza Mist, Piazza Vapor, Pique Ash, Pique Gravel, Pique Midnight, Posh Ash, Posh Graphite, Posh Oat, Posh Pebble, Posh Sapphire, Posh Shitake, Posh Snow, Precise Fawn, Precise Spring, Pyrenees White, Recess Smoke, Sahara Café, Sahara Denim, Santara Mist, Sterling Alpaca, Stitches Slate, Surpass Stone, Switch Ash, Switch Flax, Switch Silver, Tailored Smoke, Tailored Spa, Trax Burgundy, Trax Sequoia, Vacation Aqua, Vacation Blue, Vacation Mist, Veena Spa, Vista Dune, Vista Indigo, Zara Cinnamon, Zenith Sand"
2070.0,27276-2S,Aris Max Love Seat,Aris,Deep Seating,Love Seats,,"H 42.5"" × W 67.25"" × D 36""","The O.W. Lee Aris Max Love Seat elevates comfort with a larger profile and additional side cushioning. While maintaining the collection’s iconic modern lines, this Max-scale love seat provides an exceptionally inviting outdoor seating experience. O.W. Lee is renowned for its exceptional quality, supported by an industry-leading warranty. Our frames are covered by a 20-year structural warranty, and the finish is guaranteed against fading, blistering, and peeling for 5 years. Cushions and fabrics are also backed by a 5-year warranty. With a selection of 10 elegant frame finishes and over 100 fabric options, customers can easily customize each piece to seamlessly complement their individual style.",True,True,True,Aluminum,,,"Carbon Black, Copper Creek, Espresso, Graphite, Rosewood, Sable, Sand Dollar, Sandalwood, Shadow Grey, Velvet White",,"Abra Denim, Alvarez Indigo, Beckon Hemp, Beckon Shell, Belgian Linen Sand, Big Idea Indigo, Big Idea Steel, Capra Shadow, Chartres Cloud, Chartres Graphite, Chartres Truffle, Chinchilla Aluminum, Chinchilla White, Crete Stone, Envision Teak, Escher Greige, Esti Lagoon, Esti Marine, Esti Onyx, Falcon Sand, Falcon Spa, Falcon White, Flagship Stone, Harris Stone, Hayden Taupe, Juniper Mesa Indigo, Kindle Indigo, Kindle Silk, Kismet Moss, Lacework Stone, Ledger Heron, Ledger Indigo, Liberty Charcoal, Metz Dove, Mojave Twill Elk, Mojave Twill Turquoise, Muscle Beach Grey, Muscle Beach Tweed, Namibia Grey, Optimist Clay, Painterly View, Pashmina Flannel, Piazza Burlap, Piazza Cloud, Piazza Dove, Piazza Indigo, Piazza Mist, Piazza Vapor, Pique Ash, Pique Gravel, Pique Midnight, Posh Ash, Posh Graphite, Posh Oat, Posh Pebble, Posh Sapphire, Posh Shitake, Posh Snow, Precise Fawn, Precise Spring, Pyrenees White, Recess Smoke, Sahara Café, Sahara Denim, Santara Mist, Sterling Alpaca, Stitches Slate, Surpass Stone, Switch Ash, Switch Flax, Switch Silver, Tailored Smoke, Tailored Spa, Trax Burgundy, Trax Sequoia, Vacation Aqua, Vacation Blue, Vacation Mist, Veena Spa, Vista Dune, Vista Indigo, Zara Cinnamon, Zenith Sand"
2072.0,27277-3S,Aris Max Sofa,Aris,Deep Seating,Sofas,,"H 42.5"" × W 93.25"" × D 36""","The O.W. Lee Aris Max Sofa delivers generous proportions and enhanced comfort without sacrificing design integrity. Added side cushions and a larger scale make this Max outdoor sofa ideal for lounging in ultimate comfort while enjoying Mid-Century Modern style. O.W. Lee is renowned for its exceptional quality, supported by an industry-leading warranty. Our frames are covered by a 20-year structural warranty, and the finish is guaranteed against fading, blistering, and peeling for 5 years. Cushions and fabrics are also backed by a 5-year warranty. With a selection of 10 elegant frame finishes and over 100 fabric options, customers can easily customize each piece to seamlessly complement their individual style.",True,True,True,Aluminum,,,"Carbon Black, Copper Creek, Espresso, Graphite, Rosewood, Sable, Sand Dollar, Sandalwood, Shadow Grey, Velvet White",,"Abra Denim, Alvarez Indigo, Beckon Hemp, Beckon Shell, Belgian Linen Sand, Big Idea Indigo, Big Idea Steel, Capra Shadow, Chartres Cloud, Chartres Graphite, Chartres Truffle, Chinchilla Aluminum, Chinchilla White, Crete Stone, Envision Teak, Escher Greige, Esti Lagoon, Esti Marine, Esti Onyx, Falcon Sand, Falcon Spa, Falcon White, Flagship Stone, Harris Stone, Hayden Taupe, Juniper Mesa Indigo, Kindle Indigo, Kindle Silk, Kismet Moss, Lacework Stone, Ledger Heron, Ledger Indigo, Liberty Charcoal, Metz Dove, Mojave Twill Elk, Mojave Twill Turquoise, Muscle Beach Grey, Muscle Beach Tweed, Namibia Grey, Optimist Clay, Painterly View, Pashmina Flannel, Piazza Burlap, Piazza Cloud, Piazza Dove, Piazza Indigo, Piazza Mist, Piazza Vapor, Pique Ash, Pique Gravel, Pique Midnight, Posh Ash, Posh Graphite, Posh Oat, Posh Pebble, Posh Sapphire, Posh Shitake, Posh Snow, Precise Fawn, Precise Spring, Pyrenees White, Recess Smoke, Sahara Café, Sahara Denim, Santara Mist, Sterling Alpaca, Stitches Slate, Surpass Stone, Switch Ash, Switch Flax, Switch Silver, Tailored Smoke, Tailored Spa, Trax Burgundy, Trax Sequoia, Vacation Aqua, Vacation Blue, Vacation Mist, Veena Spa, Vista Dune, Vista Indigo, Zara Cinnamon, Zenith Sand"
2068.0,27275-SR,Aris Max Swivel Rocker Lounge Chair,Aris,Deep Seating,Lounge Chairs,,"H 42.75"" × W 45.25"" × D 36""","The O.W. Lee Aris Max Swivel Rocker Lounge Chair offers an expanded scale with added side cushions for enhanced comfort. Designed for those who prefer a more generous seating experience, this Max lounge chair combines Mid-Century Modern style with maximum relaxation. O.W. Lee is renowned for its exceptional quality, supported by an industry-leading warranty. Our frames are covered by a 20-year structural warranty, and the finish is guaranteed against fading, blistering, and peeling for 5 years. Cushions and fabrics are also backed by a 5-year warranty. With a selection of 10 elegant frame finishes and over 100 fabric options, customers can easily customize each piece to seamlessly complement their individual style.",True,True,True,Aluminum,,,"Carbon Black, Copper Creek, Espresso, Graphite, Rosewood, Sable, Sand Dollar, Sandalwood, Shadow Grey, Velvet White",,"Abra Denim, Alvarez Indigo, Beckon Hemp, Beckon Shell, Belgian Linen Sand, Big Idea Indigo, Big Idea Steel, Capra Shadow, Chartres Cloud, Chartres Graphite, Chartres Truffle, Chinchilla Aluminum, Chinchilla White, Crete Stone, Envision Teak, Escher Greige, Esti Lagoon, Esti Marine, Esti Onyx, Falcon Sand, Falcon Spa, Falcon White, Flagship Stone, Harris Stone, Hayden Taupe, Juniper Mesa Indigo, Kindle Indigo, Kindle Silk, Kismet Moss, Lacework Stone, Ledger Heron, Ledger Indigo, Liberty Charcoal, Metz Dove, Mojave Twill Elk, Mojave Twill Turquoise, Muscle Beach Grey, Muscle Beach Tweed, Namibia Grey, Optimist Clay, Painterly View, Pashmina Flannel, Piazza Burlap, Piazza Cloud, Piazza Dove, Piazza Indigo, Piazza Mist, Piazza Vapor, Pique Ash, Pique Gravel, Pique Midnight, Posh Ash, Posh Graphite, Posh Oat, Posh Pebble, Posh Sapphire, Posh Shitake, Posh Snow, Precise Fawn, Precise Spring, Pyrenees White, Recess Smoke, Sahara Café, Sahara Denim, Santara Mist, Sterling Alpaca, Stitches Slate, Surpass Stone, Switch Ash, Switch Flax, Switch Silver, Tailored Smoke, Tailored Spa, Trax Burgundy, Trax Sequoia, Vacation Aqua, Vacation Blue, Vacation Mist, Veena Spa, Vista Dune, Vista Indigo, Zara Cinnamon, Zenith Sand"
2073.0,27170-O,Aris Ottoman,Aris,Deep Seating,Ottomans,,"H 18"" × W 30"" × D 22""","The O.W. Lee Aris Ottoman adds versatility and comfort to Aris seating arrangements. Its clean-lined form complements the collection’s modern aesthetic while functioning as a footrest or additional seating option. O.W. Lee is renowned for its exceptional quality, supported by an industry-leading warranty. Our frames are covered by a 20-year structural warranty, and the finish is guaranteed against fading, blistering, and peeling for 5 years. Cushions and fabrics are also backed by a 5-year warranty. With a selection of 10 elegant frame finishes and over 100 fabric options, customers can easily customize each piece to seamlessly complement their individual style.",True,True,True,Aluminum,,,"Carbon Black, Copper Creek, Espresso, Graphite, Rosewood, Sable, Sand Dollar, Sandalwood, Shadow Grey, Velvet White",,"Abra Denim, Alvarez Indigo, Beckon Hemp, Beckon Shell, Belgian Linen Sand, Big Idea Indigo, Big Idea Steel, Capra Shadow, Chartres Cloud, Chartres Graphite, Chartres Truffle, Chinchilla Aluminum, Chinchilla White, Crete Stone, Envision Teak, Escher Greige, Esti Lagoon, Esti Marine, Esti Onyx, Falcon Sand, Falcon Spa, Falcon White, Flagship Stone, Harris Stone, Hayden Taupe, Juniper Mesa Indigo, Kindle Indigo, Kindle Silk, Kismet Moss, Lacework Stone, Ledger Heron, Ledger Indigo, Liberty Charcoal, Metz Dove, Mojave Twill Elk, Mojave Twill Turquoise, Muscle Beach Grey, Muscle Beach Tweed, Namibia Grey, Optimist Clay, Painterly View, Pashmina Flannel, Piazza Burlap, Piazza Cloud, Piazza Dove, Piazza Indigo, Piazza Mist, Piazza Vapor, Pique Ash, Pique Gravel, Pique Midnight, Posh Ash, Posh Graphite, Posh Oat, Posh Pebble, Posh Sapphire, Posh Shitake, Posh Snow, Precise Fawn, Precise Spring, Pyrenees White, Recess Smoke, Sahara Café, Sahara Denim, Santara Mist, Sterling Alpaca, Stitches Slate, Surpass Stone, Switch Ash, Switch Flax, Switch Silver, Tailored Smoke, Tailored Spa, Trax Burgundy, Trax Sequoia, Vacation Aqua, Vacation Blue, Vacation Mist, Veena Spa, Vista Dune, Vista Indigo, Zara Cinnamon, Zenith Sand"
2071.0,27175-3S,Aris Sofa,Aris,Deep Seating,Sofas,,"H 42.75"" × W 82"" × D 36""","The O.W. Lee Aris Sofa offers intimate seating for 3 with classic Mid-Century Modern character. Its balanced proportions, refined lines, and comfortable cushions create an inviting outdoor love seat for relaxed conversation. O.W. Lee is renowned for its exceptional quality, supported by an industry-leading warranty. Our frames are covered by a 20-year structural warranty, and the finish is guaranteed against fading, blistering, and peeling for 5 years. Cushions and fabrics are also backed by a 5-year warranty. With a selection of 10 elegant frame finishes and over 100 fabric options, customers can easily customize each piece to seamlessly complement their individual style.",True,True,True,Aluminum,,,"Carbon Black, Copper Creek, Espresso, Graphite, Rosewood, Sable, Sand Dollar, Sandalwood, Shadow Grey, Velvet White",,"Abra Denim, Alvarez Indigo, Beckon Hemp, Beckon Shell, Belgian Linen Sand, Big Idea Indigo, Big Idea Steel, Capra Shadow, Chartres Cloud, Chartres Graphite, Chartres Truffle, Chinchilla Aluminum, Chinchilla White, Crete Stone, Envision Teak, Escher Greige, Esti Lagoon, Esti Marine, Esti Onyx, Falcon Sand, Falcon Spa, Falcon White, Flagship Stone, Harris Stone, Hayden Taupe, Juniper Mesa Indigo, Kindle Indigo, Kindle Silk, Kismet Moss, Lacework Stone, Ledger Heron, Ledger Indigo, Liberty Charcoal, Metz Dove, Mojave Twill Elk, Mojave Twill Turquoise, Muscle Beach Grey, Muscle Beach Tweed, Namibia Grey, Optimist Clay, Painterly View, Pashmina Flannel, Piazza Burlap, Piazza Cloud, Piazza Dove, Piazza Indigo, Piazza Mist, Piazza Vapor, Pique Ash, Pique Gravel, Pique Midnight, Posh Ash, Posh Graphite, Posh Oat, Posh Pebble, Posh Sapphire, Posh Shitake, Posh Snow, Precise Fawn, Precise Spring, Pyrenees White, Recess Smoke, Sahara Café, Sahara Denim, Santara Mist, Sterling Alpaca, Stitches Slate, Surpass Stone, Switch Ash, Switch Flax, Switch Silver, Tailored Smoke, Tailored Spa, Trax Burgundy, Trax Sequoia, Vacation Aqua, Vacation Blue, Vacation Mist, Veena Spa, Vista Dune, Vista Indigo, Zara Cinnamon, Zenith Sand"
2067.0,27175-SR,Aris Swivel Rocker Lounge Chair,Aris,Deep Seating,Lounge Chairs,,"H 42.25"" × W 30"" × D 36""","The O.W. Lee Aris Swivel Rocker Lounge Chair adds effortless motion to modern outdoor relaxation. Smooth swivel and gentle rocking enhance comfort while preserving the collection’s clean, retro-inspired aesthetic. O.W. Lee is renowned for its exceptional quality, supported by an industry-leading warranty. Our frames are covered by a 20-year structural warranty, and the finish is guaranteed against fading, blistering, and peeling for 5 years. Cushions and fabrics are also backed by a 5-year warranty. With a selection of 10 elegant frame finishes and over 100 fabric options, customers can easily customize each piece to seamlessly complement their individual style.",True,True,True,Aluminum,,,"Carbon Black, Copper Creek, Espresso, Graphite, Rosewood, Sable, Sand Dollar, Sandalwood, Shadow Grey, Velvet White",,"Abra Denim, Alvarez Indigo, Beckon Hemp, Beckon Shell, Belgian Linen Sand, Big Idea Indigo, Big Idea Steel, Capra Shadow, Chartres Cloud, Chartres Graphite, Chartres Truffle, Chinchilla Aluminum, Chinchilla White, Crete Stone, Envision Teak, Escher Greige, Esti Lagoon, Esti Marine, Esti Onyx, Falcon Sand, Falcon Spa, Falcon White, Flagship Stone, Harris Stone, Hayden Taupe, Juniper Mesa Indigo, Kindle Indigo, Kindle Silk, Kismet Moss, Lacework Stone, Ledger Heron, Ledger Indigo, Liberty Charcoal, Metz Dove, Mojave Twill Elk, Mojave Twill Turquoise, Muscle Beach Grey, Muscle Beach Tweed, Namibia Grey, Optimist Clay, Painterly View, Pashmina Flannel, Piazza Burlap, Piazza Cloud, Piazza Dove, Piazza Indigo, Piazza Mist, Piazza Vapor, Pique Ash, Pique Gravel, Pique Midnight, Posh Ash, Posh Graphite, Posh Oat, Posh Pebble, Posh Sapphire, Posh Shitake, Posh Snow, Precise Fawn, Precise Spring, Pyrenees White, Recess Smoke, Sahara Café, Sahara Denim, Santara Mist, Sterling Alpaca, Stitches Slate, Surpass Stone, Switch Ash, Switch Flax, Switch Silver, Tailored Smoke, Tailored Spa, Trax Burgundy, Trax Sequoia, Vacation Aqua, Vacation Blue, Vacation Mist, Veena Spa, Vista Dune, Vista Indigo, Zara Cinnamon, Zenith Sand"
5177.0,65168-3S,Avana Crescent Sofa,Avana,Deep Seating,Sofas,,,"The Avana Crescent Sofa makes a statement without saying a word. With its sweeping crescent silhouette and sculptural frame, this piece is designed to anchor a space beautifully--whether gathered around a fire feature or positioned as a standalone focal point. The curved profile naturally encourages conversation, creating an intimate, inviting atmosphere while offering generous seating. Handcrafted with the signature quality and durability you expect from O.W. Lee, the Avana Crescent Sofa features a fully welded aluminum frame built to withstand the elements. Plush, tailored cushions provide exceptional comfort and long-lasting performance, available in a wide range of premium outdoor fabrics to suit any design vision. Elegant from every angle, the Avana Crescent Sofa blends refined lines with enduring construction—bringing both drama and comfort to luxury outdoor living spaces.",True,True,True,Aluminum,,,"Carbon Black, Copper Creek, Espresso, Graphite, Rosewood, Sable, Sand Dollar, Sandalwood, Shadow Grey, Velvet White",,"Abra Denim, Alvarez Indigo, Beckon Hemp, Beckon Shell, Belgian Linen Sand, Big Idea Indigo, Big Idea Steel, Capra Shadow, Chartres Cloud, Chartres Graphite, Chartres Truffle, Chinchilla Aluminum, Chinchilla White, Crete Stone, Envision Teak, Escher Greige, Esti Lagoon, Esti Marine, Esti Onyx, Falcon Sand, Falcon Spa, Falcon White, Flagship Stone, Harris Stone, Hayden Taupe, Juniper Mesa Indigo, Kindle Indigo, Kindle Silk, Kismet Moss, Lacework Stone, Ledger Heron, Ledger Indigo, Liberty Charcoal, Metz Dove, Mojave Twill Elk, Mojave Twill Turquoise, Muscle Beach Grey, Muscle Beach Tweed, Namibia Grey, Optimist Clay, Painterly View, Pashmina Flannel, Piazza Burlap, Piazza Cloud, Piazza Dove, Piazza Indigo, Piazza Mist, Piazza Vapor, Pique Ash, Pique Gravel, Pique Midnight, Posh Ash, Posh Graphite, Posh Oat, Posh Pebble, Posh Sapphire, Posh Shitake, Posh Snow, Precise Fawn, Precise Spring, Pyrenees White, Recess Smoke, Sahara Café, Sahara Denim, Santara Mist, Sterling Alpaca, Stitches Slate, Surpass Stone, Switch Ash, Switch Flax, Switch Silver, Tailored Smoke, Tailored Spa, Trax Burgundy, Trax Sequoia, Vacation Aqua, Vacation Blue, Vacation Mist, Veena Spa, Vista Dune, Vista Indigo, Zara Cinnamon, Zenith Sand"
5183.0,65156-CC,Avana Lounge Chair,Avana,Deep Seating,Lounge Chairs,,,"The O.W. Lee Avana Lounge Chair combines comfort, style, and modern sophistication, making it a standout piece for relaxed outdoor living. Its refined aluminum frame and plush cushions provide a welcoming seat that’s perfect for lounging, reading, or entertaining. Designed for customers who want high-quality outdoor furniture at a more approachable price point, it delivers elegance and durability without compromise. Quality & Customization Built with O.W. Lee’s renowned craftsmanship, the frame is backed by a 20-year structural warranty, and the finish is guaranteed for 5 years against fading, blistering, and peeling. Cushions and fabrics are also covered for 5 years, ensuring lasting comfort and performance. With 10 elegant frame finishes and over 100 fabric options, including 16 durable sling fabrics, the Avana Lounge Chair can be customized to seamlessly complement any outdoor setting. It’s a stylish, versatile, and smartly priced choice for contemporary outdoor living.",True,True,True,Aluminum,,,"Carbon Black, Copper Creek, Espresso, Graphite, Rosewood, Sable, Sand Dollar, Sandalwood, Shadow Grey, Velvet White",,"Abra Denim, Alvarez Indigo, Beckon Hemp, Beckon Shell, Belgian Linen Sand, Big Idea Indigo, Big Idea Steel, Capra Shadow, Chartres Cloud, Chartres Graphite, Chartres Truffle, Chinchilla Aluminum, Chinchilla White, Crete Stone, Envision Teak, Escher Greige, Esti Lagoon, Esti Marine, Esti Onyx, Falcon Sand, Falcon Spa, Falcon White, Flagship Stone, Harris Stone, Hayden Taupe, Juniper Mesa Indigo, Kindle Indigo, Kindle Silk, Kismet Moss, Lacework Stone, Ledger Heron, Ledger Indigo, Liberty Charcoal, Metz Dove, Mojave Twill Elk, Mojave Twill Turquoise, Muscle Beach Grey, Muscle Beach Tweed, Namibia Grey, Optimist Clay, Painterly View, Pashmina Flannel, Piazza Burlap, Piazza Cloud, Piazza Dove, Piazza Indigo, Piazza Mist, Piazza Vapor, Pique Ash, Pique Gravel, Pique Midnight, Posh Ash, Posh Graphite, Posh Oat, Posh Pebble, Posh Sapphire, Posh Shitake, Posh Snow, Precise Fawn, Precise Spring, Pyrenees White, Recess Smoke, Sahara Café, Sahara Denim, Santara Mist, Sterling Alpaca, Stitches Slate, Surpass Stone, Switch Ash, Switch Flax, Switch Silver, Tailored Smoke, Tailored Spa, Trax Burgundy, Trax Sequoia, Vacation Aqua, Vacation Blue, Vacation Mist, Veena Spa, Vista Dune, Vista Indigo, Zara Cinnamon, Zenith Sand"
5185.0,65156-2S,Avana Love Seat,Avana,Deep Seating,Love Seats,,,"The O.W. Lee Avana Love Seat provides cozy, stylish seating for two, making it a perfect choice for intimate outdoor spaces. With clean lines, plush cushions, and a durable aluminum frame, this love seat combines modern elegance with lasting comfort. It’s an ideal option for customers seeking high-quality, thoughtfully designed outdoor furniture at a more accessible price point. Quality & Customization Built with O.W. Lee’s renowned craftsmanship, the frame is backed by a 20-year structural warranty, and the finish is guaranteed for 5 years against fading, blistering, and peeling. Cushions and fabrics are also covered for 5 years, ensuring long-lasting comfort and performance. With 10 elegant frame finishes and over 100 fabric options, including 16 durable sling fabrics, the Avana Love Seat can be easily tailored to fit any outdoor setting. It’s a stylish, versatile, and smartly priced choice for contemporary outdoor living.",True,True,True,Aluminum,,,"Carbon Black, Copper Creek, Espresso, Graphite, Rosewood, Sable, Sand Dollar, Sandalwood, Shadow Grey, Velvet White",,"Abra Denim, Alvarez Indigo, Beckon Hemp, Beckon Shell, Belgian Linen Sand, Big Idea Indigo, Big Idea Steel, Capra Shadow, Chartres Cloud, Chartres Graphite, Chartres Truffle, Chinchilla Aluminum, Chinchilla White, Crete Stone, Envision Teak, Escher Greige, Esti Lagoon, Esti Marine, Esti Onyx, Falcon Sand, Falcon Spa, Falcon White, Flagship Stone, Harris Stone, Hayden Taupe, Juniper Mesa Indigo, Kindle Indigo, Kindle Silk, Kismet Moss, Lacework Stone, Ledger Heron, Ledger Indigo, Liberty Charcoal, Metz Dove, Mojave Twill Elk, Mojave Twill Turquoise, Muscle Beach Grey, Muscle Beach Tweed, Namibia Grey, Optimist Clay, Painterly View, Pashmina Flannel, Piazza Burlap, Piazza Cloud, Piazza Dove, Piazza Indigo, Piazza Mist, Piazza Vapor, Pique Ash, Pique Gravel, Pique Midnight, Posh Ash, Posh Graphite, Posh Oat, Posh Pebble, Posh Sapphire, Posh Shitake, Posh Snow, Precise Fawn, Precise Spring, Pyrenees White, Recess Smoke, Sahara Café, Sahara Denim, Santara Mist, Sterling Alpaca, Stitches Slate, Surpass Stone, Switch Ash, Switch Flax, Switch Silver, Tailored Smoke, Tailored Spa, Trax Burgundy, Trax Sequoia, Vacation Aqua, Vacation Blue, Vacation Mist, Veena Spa, Vista Dune, Vista Indigo, Zara Cinnamon, Zenith Sand"
5187.0,6590-O,Avana Ottoman,Avana,Deep Seating,Ottomans,,,"The O.W. Lee Avana Ottoman brings both comfort and versatility to any outdoor seating arrangement. Its clean-lined aluminum frame and tailored cushion make it a stylish footrest or extra seat, perfectly complementing the modern elegance of the Avana collection. This ottoman is an excellent choice for customers seeking high-quality outdoor furniture at a more accessible price point without compromising on style or durability. Quality & Customization Crafted with O.W. Lee’s renowned attention to detail, the frame is backed by a 20-year structural warranty, and the finish is guaranteed for 5 years against fading, blistering, and peeling. Cushions and fabrics also carry a 5-year warranty, ensuring long-lasting performance and comfort. With 10 elegant frame finishes and over 100 fabric options, including 16 durable sling fabrics, the Avana Ottoman can be customized to perfectly match your outdoor space. It’s a versatile, stylish, and smartly priced addition to any outdoor living area.",True,True,True,Aluminum,,,"Carbon Black, Copper Creek, Espresso, Graphite, Rosewood, Sable, Sand Dollar, Sandalwood, Shadow Grey, Velvet White",,"Abra Denim, Alvarez Indigo, Beckon Hemp, Beckon Shell, Belgian Linen Sand, Big Idea Indigo, Big Idea Steel, Capra Shadow, Chartres Cloud, Chartres Graphite, Chartres Truffle, Chinchilla Aluminum, Chinchilla White, Crete Stone, Envision Teak, Escher Greige, Esti Lagoon, Esti Marine, Esti Onyx, Falcon Sand, Falcon Spa, Falcon White, Flagship Stone, Harris Stone, Hayden Taupe, Juniper Mesa Indigo, Kindle Indigo, Kindle Silk, Kismet Moss, Lacework Stone, Ledger Heron, Ledger Indigo, Liberty Charcoal, Metz Dove, Mojave Twill Elk, Mojave Twill Turquoise, Muscle Beach Grey, Muscle Beach Tweed, Namibia Grey, Optimist Clay, Painterly View, Pashmina Flannel, Piazza Burlap, Piazza Cloud, Piazza Dove, Piazza Indigo, Piazza Mist, Piazza Vapor, Pique Ash, Pique Gravel, Pique Midnight, Posh Ash, Posh Graphite, Posh Oat, Posh Pebble, Posh Sapphire, Posh Shitake, Posh Snow, Precise Fawn, Precise Spring, Pyrenees White, Recess Smoke, Sahara Café, Sahara Denim, Santara Mist, Sterling Alpaca, Stitches Slate, Surpass Stone, Switch Ash, Switch Flax, Switch Silver, Tailored Smoke, Tailored Spa, Trax Burgundy, Trax Sequoia, Vacation Aqua, Vacation Blue, Vacation Mist, Veena Spa, Vista Dune, Vista Indigo, Zara Cinnamon, Zenith Sand"
5186.0,65156-3S,Avana Sofa,Avana,Deep Seating,Sofas,,,"The O.W. Lee Avana Sofa provides spacious seating with a sleek, contemporary aesthetic. Its streamlined aluminum frame and generous cushions create a sophisticated outdoor sofa designed for comfort, versatility, and timeless style. Quality & Customization O.W. Lee is renowned for its exceptional quality, supported by an industry-leading warranty. Our frames are covered by a 20-year structural warranty, and the finish is guaranteed against fading, blistering, and peeling for 5 years. Cushions and fabrics are also backed by a 5-year warranty. With a selection of 10 elegant frame finishes and over 100 fabric options, including 16 sling fabrics, customers can easily customize each piece to seamlessly complement their individual style.",True,True,True,Aluminum,,,"Carbon Black, Copper Creek, Espresso, Graphite, Rosewood, Sable, Sand Dollar, Sandalwood, Shadow Grey, Velvet White",,"Abra Denim, Alvarez Indigo, Beckon Hemp, Beckon Shell, Belgian Linen Sand, Big Idea Indigo, Big Idea Steel, Capra Shadow, Chartres Cloud, Chartres Graphite, Chartres Truffle, Chinchilla Aluminum, Chinchilla White, Crete Stone, Envision Teak, Escher Greige, Esti Lagoon, Esti Marine, Esti Onyx, Falcon Sand, Falcon Spa, Falcon White, Flagship Stone, Harris Stone, Hayden Taupe, Juniper Mesa Indigo, Kindle Indigo, Kindle Silk, Kismet Moss, Lacework Stone, Ledger Heron, Ledger Indigo, Liberty Charcoal, Metz Dove, Mojave Twill Elk, Mojave Twill Turquoise, Muscle Beach Grey, Muscle Beach Tweed, Namibia Grey, Optimist Clay, Painterly View, Pashmina Flannel, Piazza Burlap, Piazza Cloud, Piazza Dove, Piazza Indigo, Piazza Mist, Piazza Vapor, Pique Ash, Pique Gravel, Pique Midnight, Posh Ash, Posh Graphite, Posh Oat, Posh Pebble, Posh Sapphire, Posh Shitake, Posh Snow, Precise Fawn, Precise Spring, Pyrenees White, Recess Smoke, Sahara Café, Sahara Denim, Santara Mist, Sterling Alpaca, Stitches Slate, Surpass Stone, Switch Ash, Switch Flax, Switch Silver, Tailored Smoke, Tailored Spa, Trax Burgundy, Trax Sequoia, Vacation Aqua, Vacation Blue, Vacation Mist, Veena Spa, Vista Dune, Vista Indigo, Zara Cinnamon, Zenith Sand"
5184.0,65156-SR,Avana Swivel Rocker Lounge Chair,Avana,Deep Seating,Lounge Chairs,,,"The O.W. Lee Avana Swivel Rocker Lounge Chair brings effortless motion and modern style to any outdoor space. Its smooth swivel and gentle rocking action pair perfectly with a clean-lined aluminum frame and plush cushions, creating a versatile lounge chair that’s both comfortable and inviting. This chair is an excellent choice for customers who want high-quality, stylish outdoor furniture at a more accessible price point. Quality & Customization Crafted with O.W. Lee’s signature attention to detail, the frame is backed by a 20-year structural warranty, and the finish is guaranteed for 5 years against fading, blistering, and peeling. Cushions and fabrics also carry a 5-year warranty, ensuring long-lasting comfort and durability. With 10 elegant frame finishes and over 100 fabric options, including 16 durable sling fabrics, the Avana Swivel Rocker Lounge Chair can be customized to perfectly complement any outdoor setting. It’s a stylish, functional, and smartly priced addition to contemporary outdoor living.",True,True,True,Aluminum,,,"Carbon Black, Copper Creek, Espresso, Graphite, Rosewood, Sable, Sand Dollar, Sandalwood, Shadow Grey, Velvet White",,"Abra Denim, Alvarez Indigo, Beckon Hemp, Beckon Shell, Belgian Linen Sand, Big Idea Indigo, Big Idea Steel, Capra Shadow, Chartres Cloud, Chartres Graphite, Chartres Truffle, Chinchilla Aluminum, Chinchilla White, Crete Stone, Envision Teak, Escher Greige, Esti Lagoon, Esti Marine, Esti Onyx, Falcon Sand, Falcon Spa, Falcon White, Flagship Stone, Harris Stone, Hayden Taupe, Juniper Mesa Indigo, Kindle Indigo, Kindle Silk, Kismet Moss, Lacework Stone, Ledger Heron, Ledger Indigo, Liberty Charcoal, Metz Dove, Mojave Twill Elk, Mojave Twill Turquoise, Muscle Beach Grey, Muscle Beach Tweed, Namibia Grey, Optimist Clay, Painterly View, Pashmina Flannel, Piazza Burlap, Piazza Cloud, Piazza Dove, Piazza Indigo, Piazza Mist, Piazza Vapor, Pique Ash, Pique Gravel, Pique Midnight, Posh Ash, Posh Graphite, Posh Oat, Posh Pebble, Posh Sapphire, Posh Shitake, Posh Snow, Precise Fawn, Precise Spring, Pyrenees White, Recess Smoke, Sahara Café, Sahara Denim, Santara Mist, Sterling Alpaca, Stitches Slate, Surpass Stone, Switch Ash, Switch Flax, Switch Silver, Tailored Smoke, Tailored Spa, Trax Burgundy, Trax Sequoia, Vacation Aqua, Vacation Blue, Vacation Mist, Veena Spa, Vista Dune, Vista Indigo, Zara Cinnamon, Zenith Sand"
2048.0,937-SBW,Classico High-Back Spring Base Lounge Chair,Classico,Deep Seating,Lounge Chairs,,"H 43.75"" × W 28"" × D 34.75""","If you want maximum comfort with a more commanding, classic look, the O.W. Lee Classico High Back Spring Base Lounge Chair delivers on all fronts. Its taller back provides extra support for relaxed lounging, while the spring base adds gentle motion that responds naturally as you sit. Together, they create a chair that feels as good as it looks--supportive, comfortable, and inviting. True to the Classico collection, this chair features a stately, Old World silhouette with refined detailing that brings a sense of timeless European elegance to any outdoor space. It’s an ideal choice for those who appreciate traditional design but don’t want to compromise on comfort. Built with O.W. Lee’s legendary craftsmanship, the frame is backed by a 20-year structural warranty, and the finish is guaranteed for 5 years against fading, blistering, and peeling. Cushions and fabrics are also covered for 5 years, ensuring long-lasting performance outdoors. To make it your own, choose from 10 elegant frame finishes and over 100 fabric options. Whether it’s part of a full seating arrangement or a standout lounge piece, the Classico High Back Spring Base Lounge Chair offers elevated comfort, subtle motion, and enduring style.",True,True,True,"Aluminum, Wrought Iron",,,"Carbon Black, Copper Creek, Espresso, Graphite, Rosewood, Sable, Sand Dollar, Sandalwood, Shadow Grey, Velvet White",,"Abra Denim, Alvarez Indigo, Beckon Hemp, Beckon Shell, Belgian Linen Sand, Big Idea Indigo, Big Idea Steel, Capra Shadow, Chartres Cloud, Chartres Graphite, Chartres Truffle, Chinchilla Aluminum, Chinchilla White, Crete Stone, Envision Teak, Escher Greige, Esti Lagoon, Esti Marine, Esti Onyx, Falcon Sand, Falcon Spa, Falcon White, Flagship Stone, Harris Stone, Hayden Taupe, Juniper Mesa Indigo, Kindle Indigo, Kindle Silk, Kismet Moss, Lacework Stone, Ledger Heron, Ledger Indigo, Liberty Charcoal, Metz Dove, Mojave Twill Elk, Mojave Twill Turquoise, Muscle Beach Grey, Muscle Beach Tweed, Namibia Grey, Optimist Clay, Painterly View, Pashmina Flannel, Piazza Burlap, Piazza Cloud, Piazza Dove, Piazza Indigo, Piazza Mist, Piazza Vapor, Pique Ash, Pique Gravel, Pique Midnight, Posh Ash, Posh Graphite, Posh Oat, Posh Pebble, Posh Sapphire, Posh Shitake, Posh Snow, Precise Fawn, Precise Spring, Pyrenees White, Recess Smoke, Sahara Café, Sahara Denim, Santara Mist, Sterling Alpaca, Stitches Slate, Surpass Stone, Switch Ash, Switch Flax, Switch Silver, Tailored Smoke, Tailored Spa, Trax Burgundy, Trax Sequoia, Vacation Aqua, Vacation Blue, Vacation Mist, Veena Spa, Vista Dune, Vista Indigo, Zara Cinnamon, Zenith Sand"
2049.0,937-SRW,Classico High-Back Swivel Rocker Lounge Chair,Classico,Deep Seating,Lounge Chairs,,"H 44.5"" × W 28"" × D 34""","If comfort is your top priority but you still want timeless style, the O.W. Lee Classico High Back Swivel Rocker Lounge Chair checks every box. The tall, supportive back is perfect for leaning in and relaxing, while the smooth swivel and gentle rocking motion let you move naturally and stay comfortable for longer stretches outdoors. It’s an ideal chair for conversations, quiet moments, and everything in between. Design-wise, this chair stays true to the Classico collection’s classic European influence. Refined detailing and an elegant silhouette give it a polished, Old World look that elevates any patio or outdoor living space. As with all O.W. Lee furniture, quality and durability come standard. The wrought iron frame is backed by a 20-year structural warranty, and the finish is guaranteed for 5 years against fading, blistering, and peeling. Cushions and fabrics are also covered for 5 years, so you can relax knowing your chair is built to last. Personalizing your look is easy with 10 elegant frame finishes and over 100 fabric options. Whether it stands alone or completes a full seating group, the Classico High Back Swivel Rocker Lounge Chair offers exceptional comfort, graceful motion, and enduring craftsmanship.",True,True,True,Wrought Iron,,,"Carbon Black, Copper Creek, Espresso, Graphite, Rosewood, Sable, Sand Dollar, Sandalwood, Shadow Grey, Velvet White",,"Abra Denim, Alvarez Indigo, Beckon Hemp, Beckon Shell, Belgian Linen Sand, Big Idea Indigo, Big Idea Steel, Capra Shadow, Chartres Cloud, Chartres Graphite, Chartres Truffle, Chinchilla Aluminum, Chinchilla White, Crete Stone, Envision Teak, Escher Greige, Esti Lagoon, Esti Marine, Esti Onyx, Falcon Sand, Falcon Spa, Falcon White, Flagship Stone, Harris Stone, Hayden Taupe, Juniper Mesa Indigo, Kindle Indigo, Kindle Silk, Kismet Moss, Lacework Stone, Ledger Heron, Ledger Indigo, Liberty Charcoal, Metz Dove, Mojave Twill Elk, Mojave Twill Turquoise, Muscle Beach Grey, Muscle Beach Tweed, Namibia Grey, Optimist Clay, Painterly View, Pashmina Flannel, Piazza Burlap, Piazza Cloud, Piazza Dove, Piazza Indigo, Piazza Mist, Piazza Vapor, Pique Ash, Pique Gravel, Pique Midnight, Posh Ash, Posh Graphite, Posh Oat, Posh Pebble, Posh Sapphire, Posh Shitake, Posh Snow, Precise Fawn, Precise Spring, Pyrenees White, Recess Smoke, Sahara Café, Sahara Denim, Santara Mist, Sterling Alpaca, Stitches Slate, Surpass Stone, Switch Ash, Switch Flax, Switch Silver, Tailored Smoke, Tailored Spa, Trax Burgundy, Trax Sequoia, Vacation Aqua, Vacation Blue, Vacation Mist, Veena Spa, Vista Dune, Vista Indigo, Zara Cinnamon, Zenith Sand"
2045.0,956-CCW,Classico Lounge Chair,Classico,Deep Seating,Lounge Chairs,,"H 38.5"" × W 28"" × D 36.75""","If you’re looking for a classic outdoor lounge chair that feels just as good as it looks, the O.W. Lee Classico Lounge Chair delivers. It brings the collection’s signature traditional style into a relaxed, lounge-ready design, complete with decorative metalwork and plush cushions that invite you to sit back and stay awhile. It’s the kind of chair that instantly makes an outdoor space feel warm, comfortable, and refined. Like everything O.W. Lee makes, the Classico Lounge Chair is built to last. The wrought iron frame is backed by a 20-year structural warranty, while the finish is guaranteed for 5 years against fading, blistering, and peeling. Cushions and fabrics are also covered for 5 years, so you can enjoy both comfort and peace of mind season after season. Customization is where this chair really shines. Choose from 10 elegant frame finishes and over 100 fabric options to create a look that fits your space and your style perfectly. Whether you’re furnishing a cozy patio or a full outdoor living area, the Classico Lounge Chair offers timeless design, exceptional comfort, and craftsmanship you can trust.",True,True,True,Wrought Iron,,,"Carbon Black, Copper Creek, Espresso, Graphite, Rosewood, Sable, Sand Dollar, Sandalwood, Shadow Grey, Velvet White",,"Abra Denim, Alvarez Indigo, Beckon Hemp, Beckon Shell, Belgian Linen Sand, Big Idea Indigo, Big Idea Steel, Capra Shadow, Chartres Cloud, Chartres Graphite, Chartres Truffle, Chinchilla Aluminum, Chinchilla White, Crete Stone, Envision Teak, Escher Greige, Esti Lagoon, Esti Marine, Esti Onyx, Falcon Sand, Falcon Spa, Falcon White, Flagship Stone, Harris Stone, Hayden Taupe, Juniper Mesa Indigo, Kindle Indigo, Kindle Silk, Kismet Moss, Lacework Stone, Ledger Heron, Ledger Indigo, Liberty Charcoal, Metz Dove, Mojave Twill Elk, Mojave Twill Turquoise, Muscle Beach Grey, Muscle Beach Tweed, Namibia Grey, Optimist Clay, Painterly View, Pashmina Flannel, Piazza Burlap, Piazza Cloud, Piazza Dove, Piazza Indigo, Piazza Mist, Piazza Vapor, Pique Ash, Pique Gravel, Pique Midnight, Posh Ash, Posh Graphite, Posh Oat, Posh Pebble, Posh Sapphire, Posh Shitake, Posh Snow, Precise Fawn, Precise Spring, Pyrenees White, Recess Smoke, Sahara Café, Sahara Denim, Santara Mist, Sterling Alpaca, Stitches Slate, Surpass Stone, Switch Ash, Switch Flax, Switch Silver, Tailored Smoke, Tailored Spa, Trax Burgundy, Trax Sequoia, Vacation Aqua, Vacation Blue, Vacation Mist, Veena Spa, Vista Dune, Vista Indigo, Zara Cinnamon, Zenith Sand"
2050.0,956-2SW,Classico Love Seat,Classico,Deep Seating,Love Seats,,"H 35.5"" × W 53"" × D 33.75""","The O.W. Lee Classico Love Seat offers intimate seating defined by elegant proportions and ornate detailing. Plush cushions and traditional styling make this outdoor love seat a refined addition to patios and courtyards. O.W. Lee is renowned for its exceptional quality, supported by an industry-leading warranty. Our frames are covered by a 20-year structural warranty, and the finish is guaranteed against fading, blistering, and peeling for 5 years. Cushions and fabrics are also backed by a 5-year warranty. With a selection of 10 elegant frame finishes and over 100 fabric options, customers can easily customize each piece to seamlessly complement their individual style.",True,True,True,"Aluminum, Wrought Iron",,,"Carbon Black, Copper Creek, Espresso, Graphite, Rosewood, Sable, Sand Dollar, Sandalwood, Shadow Grey, Velvet White",,"Abra Denim, Alvarez Indigo, Beckon Hemp, Beckon Shell, Belgian Linen Sand, Big Idea Indigo, Big Idea Steel, Capra Shadow, Chartres Cloud, Chartres Graphite, Chartres Truffle, Chinchilla Aluminum, Chinchilla White, Crete Stone, Envision Teak, Escher Greige, Esti Lagoon, Esti Marine, Esti Onyx, Falcon Sand, Falcon Spa, Falcon White, Flagship Stone, Harris Stone, Hayden Taupe, Juniper Mesa Indigo, Kindle Indigo, Kindle Silk, Kismet Moss, Lacework Stone, Ledger Heron, Ledger Indigo, Liberty Charcoal, Metz Dove, Mojave Twill Elk, Mojave Twill Turquoise, Muscle Beach Grey, Muscle Beach Tweed, Namibia Grey, Optimist Clay, Painterly View, Pashmina Flannel, Piazza Burlap, Piazza Cloud, Piazza Dove, Piazza Indigo, Piazza Mist, Piazza Vapor, Pique Ash, Pique Gravel, Pique Midnight, Posh Ash, Posh Graphite, Posh Oat, Posh Pebble, Posh Sapphire, Posh Shitake, Posh Snow, Precise Fawn, Precise Spring, Pyrenees White, Recess Smoke, Sahara Café, Sahara Denim, Santara Mist, Sterling Alpaca, Stitches Slate, Surpass Stone, Switch Ash, Switch Flax, Switch Silver, Tailored Smoke, Tailored Spa, Trax Burgundy, Trax Sequoia, Vacation Aqua, Vacation Blue, Vacation Mist, Veena Spa, Vista Dune, Vista Indigo, Zara Cinnamon, Zenith Sand"
2052.0,950-OW,Classico Ottoman,Classico,Deep Seating,Ottomans,,"H 18.5"" × W 26.75"" × D 26.25""","The O.W. Lee Classico Ottoman complements the collection’s seating with functional elegance. Featuring classic detailing and a tailored cushion, this outdoor ottoman works as a footrest or additional seating. O.W. Lee is renowned for its exceptional quality, supported by an industry-leading warranty. Our frames are covered by a 20-year structural warranty, and the finish is guaranteed against fading, blistering, and peeling for 5 years. Cushions and fabrics are also backed by a 5-year warranty. With a selection of 10 elegant frame finishes and over 100 fabric options, customers can easily customize each piece to seamlessly complement their individual style.",True,True,True,"Aluminum, Wrought Iron",,,"Carbon Black, Copper Creek, Espresso, Graphite, Rosewood, Sable, Sand Dollar, Sandalwood, Shadow Grey, Velvet White",,"Abra Denim, Alvarez Indigo, Beckon Hemp, Beckon Shell, Belgian Linen Sand, Big Idea Indigo, Big Idea Steel, Capra Shadow, Chartres Cloud, Chartres Graphite, Chartres Truffle, Chinchilla Aluminum, Chinchilla White, Crete Stone, Envision Teak, Escher Greige, Esti Lagoon, Esti Marine, Esti Onyx, Falcon Sand, Falcon Spa, Falcon White, Flagship Stone, Harris Stone, Hayden Taupe, Juniper Mesa Indigo, Kindle Indigo, Kindle Silk, Kismet Moss, Lacework Stone, Ledger Heron, Ledger Indigo, Liberty Charcoal, Metz Dove, Mojave Twill Elk, Mojave Twill Turquoise, Muscle Beach Grey, Muscle Beach Tweed, Namibia Grey, Optimist Clay, Painterly View, Pashmina Flannel, Piazza Burlap, Piazza Cloud, Piazza Dove, Piazza Indigo, Piazza Mist, Piazza Vapor, Pique Ash, Pique Gravel, Pique Midnight, Posh Ash, Posh Graphite, Posh Oat, Posh Pebble, Posh Sapphire, Posh Shitake, Posh Snow, Precise Fawn, Precise Spring, Pyrenees White, Recess Smoke, Sahara Café, Sahara Denim, Santara Mist, Sterling Alpaca, Stitches Slate, Surpass Stone, Switch Ash, Switch Flax, Switch Silver, Tailored Smoke, Tailored Spa, Trax Burgundy, Trax Sequoia, Vacation Aqua, Vacation Blue, Vacation Mist, Veena Spa, Vista Dune, Vista Indigo, Zara Cinnamon, Zenith Sand"
2051.0,956-3SW,Classico Sofa,Classico,Deep Seating,Sofas,,"H 35.5"" × W 76.25"" × D 34""","If you’re looking to anchor your outdoor space with something truly timeless, the O.W. Lee Classico Sofa makes a beautiful statement. Designed as a sophisticated focal point, this outdoor sofa features a classic silhouette, elegant decorative accents, and generous seating that invites everyone to gather. Its European-inspired design brings a sense of tradition and refinement to patios, terraces, and outdoor living rooms alike. Crafted with O.W. Lee’s renowned attention to quality, the Classico Sofa is built to stand up to the elements while maintaining its beauty. The wrought iron frame is backed by a 20-year structural warranty, and the finish is guaranteed for 5 years against fading, blistering, and peeling. Plush cushions and performance fabrics are also covered for 5 years, giving you confidence that your investment will look and feel great for years to come. Customization is simple and seamless. With 10 elegant frame finishes and over 100 fabric options, you can tailor the Classico Sofa to perfectly complement your outdoor décor. Whether you’re creating an intimate seating area or a grand outdoor gathering space, this sofa delivers classic style, lasting comfort, and craftsmanship you can trust.",True,True,True,Wrought Iron,,,"Carbon Black, Copper Creek, Espresso, Graphite, Rosewood, Sable, Sand Dollar, Sandalwood, Shadow Grey, Velvet White",,"Abra Denim, Alvarez Indigo, Beckon Hemp, Beckon Shell, Belgian Linen Sand, Big Idea Indigo, Big Idea Steel, Capra Shadow, Chartres Cloud, Chartres Graphite, Chartres Truffle, Chinchilla Aluminum, Chinchilla White, Crete Stone, Envision Teak, Escher Greige, Esti Lagoon, Esti Marine, Esti Onyx, Falcon Sand, Falcon Spa, Falcon White, Flagship Stone, Harris Stone, Hayden Taupe, Juniper Mesa Indigo, Kindle Indigo, Kindle Silk, Kismet Moss, Lacework Stone, Ledger Heron, Ledger Indigo, Liberty Charcoal, Metz Dove, Mojave Twill Elk, Mojave Twill Turquoise, Muscle Beach Grey, Muscle Beach Tweed, Namibia Grey, Optimist Clay, Painterly View, Pashmina Flannel, Piazza Burlap, Piazza Cloud, Piazza Dove, Piazza Indigo, Piazza Mist, Piazza Vapor, Pique Ash, Pique Gravel, Pique Midnight, Posh Ash, Posh Graphite, Posh Oat, Posh Pebble, Posh Sapphire, Posh Shitake, Posh Snow, Precise Fawn, Precise Spring, Pyrenees White, Recess Smoke, Sahara Café, Sahara Denim, Santara Mist, Sterling Alpaca, Stitches Slate, Surpass Stone, Switch Ash, Switch Flax, Switch Silver, Tailored Smoke, Tailored Spa, Trax Burgundy, Trax Sequoia, Vacation Aqua, Vacation Blue, Vacation Mist, Veena Spa, Vista Dune, Vista Indigo, Zara Cinnamon, Zenith Sand"
2047.0,956-SBT,Classico Spring Base Lounge Chair,Classico,Deep Seating,Lounge Chairs,,"H 41"" × W 28"" × D 33.25""","If you love the look of classic outdoor furniture but want a little extra comfort, the O.W. Lee Classico Spring Base Lounge Chair is a perfect fit. It takes the timeless elegance of the Classico collection and adds gentle motion, thanks to a spring-supported base that responds as you sit and relax. The result is a lounge chair that feels supportive, comfortable, and effortlessly inviting. Ornate metal details highlight the collection’s European-inspired craftsmanship, giving the chair a refined, old-world appeal. As with all O.W. Lee furniture, this chair is built for long-term outdoor living. The wrought iron frame is protected by a 20-year structural warranty, and the finish is backed for 5 years against fading, blistering, and peeling. Cushions and fabrics also carry a 5-year warranty, so you can enjoy comfort and durability with confidence. Personalizing your chair is easy. Choose from 10 elegant frame finishes and over 100 fabric options to create a look that feels uniquely yours. Whether you’re designing a quiet retreat or a sophisticated outdoor lounge, the Classico Spring Base Lounge Chair delivers classic style, subtle motion, and lasting comfort.",True,True,True,Wrought Iron,,,"Carbon Black, Copper Creek, Espresso, Graphite, Rosewood, Sable, Sand Dollar, Sandalwood, Shadow Grey, Velvet White",,"Abra Denim, Alvarez Indigo, Beckon Hemp, Beckon Shell, Belgian Linen Sand, Big Idea Indigo, Big Idea Steel, Capra Shadow, Chartres Cloud, Chartres Graphite, Chartres Truffle, Chinchilla Aluminum, Chinchilla White, Crete Stone, Envision Teak, Escher Greige, Esti Lagoon, Esti Marine, Esti Onyx, Falcon Sand, Falcon Spa, Falcon White, Flagship Stone, Harris Stone, Hayden Taupe, Juniper Mesa Indigo, Kindle Indigo, Kindle Silk, Kismet Moss, Lacework Stone, Ledger Heron, Ledger Indigo, Liberty Charcoal, Metz Dove, Mojave Twill Elk, Mojave Twill Turquoise, Muscle Beach Grey, Muscle Beach Tweed, Namibia Grey, Optimist Clay, Painterly View, Pashmina Flannel, Piazza Burlap, Piazza Cloud, Piazza Dove, Piazza Indigo, Piazza Mist, Piazza Vapor, Pique Ash, Pique Gravel, Pique Midnight, Posh Ash, Posh Graphite, Posh Oat, Posh Pebble, Posh Sapphire, Posh Shitake, Posh Snow, Precise Fawn, Precise Spring, Pyrenees White, Recess Smoke, Sahara Café, Sahara Denim, Santara Mist, Sterling Alpaca, Stitches Slate, Surpass Stone, Switch Ash, Switch Flax, Switch Silver, Tailored Smoke, Tailored Spa, Trax Burgundy, Trax Sequoia, Vacation Aqua, Vacation Blue, Vacation Mist, Veena Spa, Vista Dune, Vista Indigo, Zara Cinnamon, Zenith Sand"
2046.0,956-SRW,Classico Swivel Rocker Lounge Chair,Classico,Deep Seating,Lounge Chairs,,"H 40.75"" × W 28"" × D 34.25""","The O.W. Lee Classico Swivel Rocker Lounge Chair blends graceful design with gentle movement. Featuring smooth swivel and rocking motion, this outdoor lounge chair offers relaxed comfort wrapped in traditional sophistication. O.W. Lee is renowned for its exceptional quality, supported by an industry-leading warranty. Our frames are covered by a 20-year structural warranty, and the finish is guaranteed against fading, blistering, and peeling for 5 years. Cushions and fabrics are also backed by a 5-year warranty. With a selection of 10 elegant frame finishes and over 100 fabric options, customers can easily customize each piece to seamlessly complement their individual style.",True,True,True,"Aluminum, Wrought Iron",,,"Carbon Black, Copper Creek, Espresso, Graphite, Rosewood, Sable, Sand Dollar, Sandalwood, Shadow Grey, Velvet White",,"Abra Denim, Alvarez Indigo, Beckon Hemp, Beckon Shell, Belgian Linen Sand, Big Idea Indigo, Big Idea Steel, Capra Shadow, Chartres Cloud, Chartres Graphite, Chartres Truffle, Chinchilla Aluminum, Chinchilla White, Crete Stone, Envision Teak, Escher Greige, Esti Lagoon, Esti Marine, Esti Onyx, Falcon Sand, Falcon Spa, Falcon White, Flagship Stone, Harris Stone, Hayden Taupe, Juniper Mesa Indigo, Kindle Indigo, Kindle Silk, Kismet Moss, Lacework Stone, Ledger Heron, Ledger Indigo, Liberty Charcoal, Metz Dove, Mojave Twill Elk, Mojave Twill Turquoise, Muscle Beach Grey, Muscle Beach Tweed, Namibia Grey, Optimist Clay, Painterly View, Pashmina Flannel, Piazza Burlap, Piazza Cloud, Piazza Dove, Piazza Indigo, Piazza Mist, Piazza Vapor, Pique Ash, Pique Gravel, Pique Midnight, Posh Ash, Posh Graphite, Posh Oat, Posh Pebble, Posh Sapphire, Posh Shitake, Posh Snow, Precise Fawn, Precise Spring, Pyrenees White, Recess Smoke, Sahara Café, Sahara Denim, Santara Mist, Sterling Alpaca, Stitches Slate, Surpass Stone, Switch Ash, Switch Flax, Switch Silver, Tailored Smoke, Tailored Spa, Trax Burgundy, Trax Sequoia, Vacation Aqua, Vacation Blue, Vacation Mist, Veena Spa, Vista Dune, Vista Indigo, Zara Cinnamon, Zenith Sand"
5188.0,62109-CC,Horizon Lounge Chair,Horizon,Deep Seating,Lounge Chairs,,,"The O.W. Lee Horizon Lounge Chair blends mid-century modern style with comfortable, tailored cushions and a sleek, durable aluminum frame. Ideal for relaxing or entertaining outdoors, it brings architectural sophistication to any patio or deck. Built to last with O.W. Lee craftsmanship, frames are backed by a 20-year structural warranty, finishes by a 5-year no-fade guarantee, and cushions and fabrics by a 5-year warranty. Fully customizable with 10 frame finishes and over 100 fabrics, this lounge chair delivers high-quality, long-lasting style at an affordable price.",True,True,True,Aluminum,,,"Carbon Black, Copper Creek, Espresso, Graphite, Rosewood, Sable, Sand Dollar, Sandalwood, Shadow Grey, Velvet White",,"Abra Denim, Alvarez Indigo, Beckon Hemp, Beckon Shell, Belgian Linen Sand, Big Idea Indigo, Big Idea Steel, Capra Shadow, Chartres Cloud, Chartres Graphite, Chartres Truffle, Chinchilla Aluminum, Chinchilla White, Crete Stone, Envision Teak, Escher Greige, Esti Lagoon, Esti Marine, Esti Onyx, Falcon Sand, Falcon Spa, Falcon White, Flagship Stone, Harris Stone, Hayden Taupe, Juniper Mesa Indigo, Kindle Indigo, Kindle Silk, Kismet Moss, Lacework Stone, Ledger Heron, Ledger Indigo, Liberty Charcoal, Metz Dove, Mojave Twill Elk, Mojave Twill Turquoise, Muscle Beach Grey, Muscle Beach Tweed, Namibia Grey, Optimist Clay, Painterly View, Pashmina Flannel, Piazza Burlap, Piazza Cloud, Piazza Dove, Piazza Indigo, Piazza Mist, Piazza Vapor, Pique Ash, Pique Gravel, Pique Midnight, Posh Ash, Posh Graphite, Posh Oat, Posh Pebble, Posh Sapphire, Posh Shitake, Posh Snow, Precise Fawn, Precise Spring, Pyrenees White, Recess Smoke, Sahara Café, Sahara Denim, Santara Mist, Sterling Alpaca, Stitches Slate, Surpass Stone, Switch Ash, Switch Flax, Switch Silver, Tailored Smoke, Tailored Spa, Trax Burgundy, Trax Sequoia, Vacation Aqua, Vacation Blue, Vacation Mist, Veena Spa, Vista Dune, Vista Indigo, Zara Cinnamon, Zenith Sand"
5190.0,62109-2S,Horizon Love Seat,Horizon,Deep Seating,Love Seats,,,"The O.W. Lee Horizon Love Seat combines mid-century modern design with deep, supportive cushions and a bold, weather-resistant aluminum frame. Ideal for smaller patios or as part of a larger outdoor seating area, it delivers both comfort and lasting durability. Part of the Horizon Collection, this high-quality, long-lasting love seat is fully customizable with 10 frame finishes and over 100 fabrics—bringing stylish, durable outdoor furniture at an affordable price.",True,True,True,Aluminum,,,"Carbon Black, Copper Creek, Espresso, Graphite, Rosewood, Sable, Sand Dollar, Sandalwood, Shadow Grey, Velvet White",,"Abra Denim, Alvarez Indigo, Beckon Hemp, Beckon Shell, Belgian Linen Sand, Big Idea Indigo, Big Idea Steel, Capra Shadow, Chartres Cloud, Chartres Graphite, Chartres Truffle, Chinchilla Aluminum, Chinchilla White, Crete Stone, Envision Teak, Escher Greige, Esti Lagoon, Esti Marine, Esti Onyx, Falcon Sand, Falcon Spa, Falcon White, Flagship Stone, Harris Stone, Hayden Taupe, Juniper Mesa Indigo, Kindle Indigo, Kindle Silk, Kismet Moss, Lacework Stone, Ledger Heron, Ledger Indigo, Liberty Charcoal, Metz Dove, Mojave Twill Elk, Mojave Twill Turquoise, Muscle Beach Grey, Muscle Beach Tweed, Namibia Grey, Optimist Clay, Painterly View, Pashmina Flannel, Piazza Burlap, Piazza Cloud, Piazza Dove, Piazza Indigo, Piazza Mist, Piazza Vapor, Pique Ash, Pique Gravel, Pique Midnight, Posh Ash, Posh Graphite, Posh Oat, Posh Pebble, Posh Sapphire, Posh Shitake, Posh Snow, Precise Fawn, Precise Spring, Pyrenees White, Recess Smoke, Sahara Café, Sahara Denim, Santara Mist, Sterling Alpaca, Stitches Slate, Surpass Stone, Switch Ash, Switch Flax, Switch Silver, Tailored Smoke, Tailored Spa, Trax Burgundy, Trax Sequoia, Vacation Aqua, Vacation Blue, Vacation Mist, Veena Spa, Vista Dune, Vista Indigo, Zara Cinnamon, Zenith Sand"
5194.0,62-OTM2846,Horizon Occasional Table,Horizon,Tables,Coffee & Side Tables,,,"The O.W. Lee Horizon Occasional Table brings mid-century modern style and practical function to any outdoor seating area. Perfect as a coffee table or occasional table, its durable aluminum frame provides a sturdy, stylish surface for drinks, snacks, or décor. Designed to complement Horizon lounge seating, it combines architectural sophistication with lasting durability. Fully customizable with 10 frame finishes and over 100 tabletop options, this high-quality, long-lasting table delivers stylish, versatile outdoor furniture at an affordable price.",True,True,True,Aluminum,,,"Carbon Black, Copper Creek, Espresso, Graphite, Rosewood, Sable, Sand Dollar, Sandalwood, Shadow Grey, Velvet White",,
5192.0,62170-O,Horizon Ottoman,Horizon,Deep Seating,Ottomans,,,"The O.W. Lee Horizon Ottoman offers a versatile and stylish complement to Horizon seating. Its durable aluminum frame and plush, weather-resistant cushion provide comfort and support while maintaining the collection’s mid-century modern aesthetic. Backed by O.W. Lee’s 20-year structural warranty, 5-year finish guarantee, and 5-year cushion and fabric warranty, this ottoman is designed for lasting performance. Fully customizable with 10 frame finishes and over 100 fabrics, it’s a practical, stylish, and affordable addition to any outdoor space.",True,True,True,Aluminum,,,"Carbon Black, Copper Creek, Espresso, Graphite, Rosewood, Sable, Sand Dollar, Sandalwood, Shadow Grey, Velvet White",,"Abra Denim, Alvarez Indigo, Beckon Hemp, Beckon Shell, Belgian Linen Sand, Big Idea Indigo, Big Idea Steel, Capra Shadow, Chartres Cloud, Chartres Graphite, Chartres Truffle, Chinchilla Aluminum, Chinchilla White, Crete Stone, Envision Teak, Escher Greige, Esti Lagoon, Esti Marine, Esti Onyx, Falcon Sand, Falcon Spa, Falcon White, Flagship Stone, Harris Stone, Hayden Taupe, Juniper Mesa Indigo, Kindle Indigo, Kindle Silk, Kismet Moss, Lacework Stone, Ledger Heron, Ledger Indigo, Liberty Charcoal, Metz Dove, Mojave Twill Elk, Mojave Twill Turquoise, Muscle Beach Grey, Muscle Beach Tweed, Namibia Grey, Optimist Clay, Painterly View, Pashmina Flannel, Piazza Burlap, Piazza Cloud, Piazza Dove, Piazza Indigo, Piazza Mist, Piazza Vapor, Pique Ash, Pique Gravel, Pique Midnight, Posh Ash, Posh Graphite, Posh Oat, Posh Pebble, Posh Sapphire, Posh Shitake, Posh Snow, Precise Fawn, Precise Spring, Pyrenees White, Recess Smoke, Sahara Café, Sahara Denim, Santara Mist, Sterling Alpaca, Stitches Slate, Surpass Stone, Switch Ash, Switch Flax, Switch Silver, Tailored Smoke, Tailored Spa, Trax Burgundy, Trax Sequoia, Vacation Aqua, Vacation Blue, Vacation Mist, Veena Spa, Vista Dune, Vista Indigo, Zara Cinnamon, Zenith Sand"
5191.0,62109-3S,Horizon Sofa,Horizon,Deep Seating,Sofas,,,"The O.W. Lee Horizon Sofa is a striking centerpiece for luxury outdoor seating, blending mid-century modern design with lasting comfort. Its bold aluminum frame and deep, supportive cushions make it perfect for entertaining or relaxing in larger outdoor spaces. Crafted for durability and style, this sofa is backed by O.W. Lee’s renowned craftsmanship, including a 20-year structural warranty on frames, a 5-year guarantee on finishes, and a 5-year warranty on cushions and fabrics. With 10 elegant frame finishes and over 100 fabric options, the Horizon Sofa can be fully customized to suit any style, offering high-quality, long-lasting outdoor furniture at an affordable price point.",True,True,True,Aluminum,,,"Carbon Black, Copper Creek, Espresso, Graphite, Rosewood, Sable, Sand Dollar, Sandalwood, Shadow Grey, Velvet White",,"Abra Denim, Alvarez Indigo, Beckon Hemp, Beckon Shell, Belgian Linen Sand, Big Idea Indigo, Big Idea Steel, Capra Shadow, Chartres Cloud, Chartres Graphite, Chartres Truffle, Chinchilla Aluminum, Chinchilla White, Crete Stone, Envision Teak, Escher Greige, Esti Lagoon, Esti Marine, Esti Onyx, Falcon Sand, Falcon Spa, Falcon White, Flagship Stone, Harris Stone, Hayden Taupe, Juniper Mesa Indigo, Kindle Indigo, Kindle Silk, Kismet Moss, Lacework Stone, Ledger Heron, Ledger Indigo, Liberty Charcoal, Metz Dove, Mojave Twill Elk, Mojave Twill Turquoise, Muscle Beach Grey, Muscle Beach Tweed, Namibia Grey, Optimist Clay, Painterly View, Pashmina Flannel, Piazza Burlap, Piazza Cloud, Piazza Dove, Piazza Indigo, Piazza Mist, Piazza Vapor, Pique Ash, Pique Gravel, Pique Midnight, Posh Ash, Posh Graphite, Posh Oat, Posh Pebble, Posh Sapphire, Posh Shitake, Posh Snow, Precise Fawn, Precise Spring, Pyrenees White, Recess Smoke, Sahara Café, Sahara Denim, Santara Mist, Sterling Alpaca, Stitches Slate, Surpass Stone, Switch Ash, Switch Flax, Switch Silver, Tailored Smoke, Tailored Spa, Trax Burgundy, Trax Sequoia, Vacation Aqua, Vacation Blue, Vacation Mist, Veena Spa, Vista Dune, Vista Indigo, Zara Cinnamon, Zenith Sand"
5193.0,62-STM20SQ,Horizon Square Side Table,Horizon,Tables,Coffee & Side Tables,,,"The O.W. Lee Horizon Side Table pairs mid-century modern design with a durable aluminum frame, creating a perfect accent for lounge chairs, love seats, or sofas. Ideal for holding drinks, small plates, or decorative items, it adds both style and function to any patio or outdoor space. Part of the Horizon Collection, this high-quality, long-lasting side table is fully customizable with 10 frame finishes and over 100 tabletop options--delivering versatile, stylish outdoor furniture at an affordable price.",True,True,True,Aluminum,,,"Carbon Black, Copper Creek, Espresso, Graphite, Rosewood, Sable, Sand Dollar, Sandalwood, Shadow Grey, Velvet White",,
5189.0,62109-SR,Horizon Swivel Rocker Lounge Chair,Horizon,Deep Seating,Lounge Chairs,,,"The O.W. Lee Horizon Swivel Rocker Lounge Chair combines mid-century modern style with effortless relaxation. Its smooth swivel and gentle rocking motion make it ideal for lounging outdoors, while the sleek, geometric aluminum frame adds architectural sophistication. Tailored, weather-resistant cushions provide lasting comfort, making this chair both stylish and functional. Part of the Horizon Collection, inspired by iconic mid-century silhouettes, this versatile line includes lounge chairs, a love seat, sofa, ottoman, and matching tables. O.W. Lee’s legendary craftsmanship ensures lasting quality, with a 20-year structural warranty on frames, a 5-year guarantee on finishes, and a 5-year warranty on cushions and fabrics. With 10 frame finishes and over 100 fabric options, this chair can be fully customized to suit any style, offering high-quality, long-lasting outdoor furniture at an affordable price point.",True,True,True,Aluminum,,,"Carbon Black, Copper Creek, Espresso, Graphite, Rosewood, Sable, Sand Dollar, Sandalwood, Shadow Grey, Velvet White",,"Abra Denim, Alvarez Indigo, Beckon Hemp, Beckon Shell, Belgian Linen Sand, Big Idea Indigo, Big Idea Steel, Capra Shadow, Chartres Cloud, Chartres Graphite, Chartres Truffle, Chinchilla Aluminum, Chinchilla White, Crete Stone, Envision Teak, Escher Greige, Esti Lagoon, Esti Marine, Esti Onyx, Falcon Sand, Falcon Spa, Falcon White, Flagship Stone, Harris Stone, Hayden Taupe, Juniper Mesa Indigo, Kindle Indigo, Kindle Silk, Kismet Moss, Lacework Stone, Ledger Heron, Ledger Indigo, Liberty Charcoal, Metz Dove, Mojave Twill Elk, Mojave Twill Turquoise, Muscle Beach Grey, Muscle Beach Tweed, Namibia Grey, Optimist Clay, Painterly View, Pashmina Flannel, Piazza Burlap, Piazza Cloud, Piazza Dove, Piazza Indigo, Piazza Mist, Piazza Vapor, Pique Ash, Pique Gravel, Pique Midnight, Posh Ash, Posh Graphite, Posh Oat, Posh Pebble, Posh Sapphire, Posh Shitake, Posh Snow, Precise Fawn, Precise Spring, Pyrenees White, Recess Smoke, Sahara Café, Sahara Denim, Santara Mist, Sterling Alpaca, Stitches Slate, Surpass Stone, Switch Ash, Switch Flax, Switch Silver, Tailored Smoke, Tailored Spa, Trax Burgundy, Trax Sequoia, Vacation Aqua, Vacation Blue, Vacation Mist, Veena Spa, Vista Dune, Vista Indigo, Zara Cinnamon, Zenith Sand"
5195.0,37165-CC,Marin Lounge Chair,Marin,Deep Seating,Lounge Chairs,,,"The O.W. Lee Marin Lounge Chair embodies relaxed coastal sophistication. Its durable aluminum frame and cushioned seating make it a perfect outdoor lounge chair for patios, terraces, or poolside spaces with a modern nautical vibe. O.W. Lee is renowned for its exceptional quality, supported by an industry-leading warranty. Our frames are covered by a 20-year structural warranty, and the finish is guaranteed against fading, blistering, and peeling for 5 years. Cushions and fabrics are also backed by a 5-year warranty. With a selection of 10 elegant frame finishes and over 100 fabric options, including 16 sling fabrics, customers can easily customize each piece to seamlessly complement their individual style.",True,True,True,Aluminum,,,"Carbon Black, Copper Creek, Espresso, Graphite, Rosewood, Sable, Sand Dollar, Sandalwood, Shadow Grey, Velvet White",,"Abra Denim, Alvarez Indigo, Beckon Hemp, Beckon Shell, Belgian Linen Sand, Big Idea Indigo, Big Idea Steel, Capra Shadow, Chartres Cloud, Chartres Graphite, Chartres Truffle, Chinchilla Aluminum, Chinchilla White, Crete Stone, Envision Teak, Escher Greige, Esti Lagoon, Esti Marine, Esti Onyx, Falcon Sand, Falcon Spa, Falcon White, Flagship Stone, Harris Stone, Hayden Taupe, Juniper Mesa Indigo, Kindle Indigo, Kindle Silk, Kismet Moss, Lacework Stone, Ledger Heron, Ledger Indigo, Liberty Charcoal, Metz Dove, Mojave Twill Elk, Mojave Twill Turquoise, Muscle Beach Grey, Muscle Beach Tweed, Namibia Grey, Optimist Clay, Painterly View, Pashmina Flannel, Piazza Burlap, Piazza Cloud, Piazza Dove, Piazza Indigo, Piazza Mist, Piazza Vapor, Pique Ash, Pique Gravel, Pique Midnight, Posh Ash, Posh Graphite, Posh Oat, Posh Pebble, Posh Sapphire, Posh Shitake, Posh Snow, Precise Fawn, Precise Spring, Pyrenees White, Recess Smoke, Sahara Café, Sahara Denim, Santara Mist, Sterling Alpaca, Stitches Slate, Surpass Stone, Switch Ash, Switch Flax, Switch Silver, Tailored Smoke, Tailored Spa, Trax Burgundy, Trax Sequoia, Vacation Aqua, Vacation Blue, Vacation Mist, Veena Spa, Vista Dune, Vista Indigo, Zara Cinnamon, Zenith Sand"
5197.0,37165-2S,Marin Love Seat,Marin,Deep Seating,Love Seats,,,"The O.W. Lee Marin Love Seat offers intimate seating with nautical charm. Featuring a robust aluminum frame and plush cushions, this outdoor love seat combines modern luxury with the relaxed elegance of coastal living. O.W. Lee is renowned for its exceptional quality, supported by an industry-leading warranty. Our frames are covered by a 20-year structural warranty, and the finish is guaranteed against fading, blistering, and peeling for 5 years. Cushions and fabrics are also backed by a 5-year warranty. With a selection of 10 elegant frame finishes and over 100 fabric options, including 16 sling fabrics, customers can easily customize each piece to seamlessly complement their individual style.",True,True,True,Aluminum,,,"Carbon Black, Copper Creek, Espresso, Graphite, Rosewood, Sable, Sand Dollar, Sandalwood, Shadow Grey, Velvet White",,"Abra Denim, Alvarez Indigo, Beckon Hemp, Beckon Shell, Belgian Linen Sand, Big Idea Indigo, Big Idea Steel, Capra Shadow, Chartres Cloud, Chartres Graphite, Chartres Truffle, Chinchilla Aluminum, Chinchilla White, Crete Stone, Envision Teak, Escher Greige, Esti Lagoon, Esti Marine, Esti Onyx, Falcon Sand, Falcon Spa, Falcon White, Flagship Stone, Harris Stone, Hayden Taupe, Juniper Mesa Indigo, Kindle Indigo, Kindle Silk, Kismet Moss, Lacework Stone, Ledger Heron, Ledger Indigo, Liberty Charcoal, Metz Dove, Mojave Twill Elk, Mojave Twill Turquoise, Muscle Beach Grey, Muscle Beach Tweed, Namibia Grey, Optimist Clay, Painterly View, Pashmina Flannel, Piazza Burlap, Piazza Cloud, Piazza Dove, Piazza Indigo, Piazza Mist, Piazza Vapor, Pique Ash, Pique Gravel, Pique Midnight, Posh Ash, Posh Graphite, Posh Oat, Posh Pebble, Posh Sapphire, Posh Shitake, Posh Snow, Precise Fawn, Precise Spring, Pyrenees White, Recess Smoke, Sahara Café, Sahara Denim, Santara Mist, Sterling Alpaca, Stitches Slate, Surpass Stone, Switch Ash, Switch Flax, Switch Silver, Tailored Smoke, Tailored Spa, Trax Burgundy, Trax Sequoia, Vacation Aqua, Vacation Blue, Vacation Mist, Veena Spa, Vista Dune, Vista Indigo, Zara Cinnamon, Zenith Sand"
5199.0,37170-O,Marin Ottoman,Marin,Deep Seating,Ottomans,,,"The O.W. Lee Marin Ottoman complements seating in the collection while adding versatile comfort. Its sturdy aluminum frame and plush cushion make this outdoor patio ottoman perfect as a footrest or additional seating in relaxed, coastal-inspired settings. O.W. Lee is renowned for its exceptional quality, supported by an industry-leading warranty. Our frames are covered by a 20-year structural warranty, and the finish is guaranteed against fading, blistering, and peeling for 5 years. Cushions and fabrics are also backed by a 5-year warranty. With a selection of 10 elegant frame finishes and over 100 fabric options, including 16 sling fabrics, customers can easily customize each piece to seamlessly complement their individual style.",True,True,True,Aluminum,,,"Carbon Black, Copper Creek, Espresso, Graphite, Rosewood, Sable, Sand Dollar, Sandalwood, Shadow Grey, Velvet White",,"Abra Denim, Alvarez Indigo, Beckon Hemp, Beckon Shell, Belgian Linen Sand, Big Idea Indigo, Big Idea Steel, Capra Shadow, Chartres Cloud, Chartres Graphite, Chartres Truffle, Chinchilla Aluminum, Chinchilla White, Crete Stone, Envision Teak, Escher Greige, Esti Lagoon, Esti Marine, Esti Onyx, Falcon Sand, Falcon Spa, Falcon White, Flagship Stone, Harris Stone, Hayden Taupe, Juniper Mesa Indigo, Kindle Indigo, Kindle Silk, Kismet Moss, Lacework Stone, Ledger Heron, Ledger Indigo, Liberty Charcoal, Metz Dove, Mojave Twill Elk, Mojave Twill Turquoise, Muscle Beach Grey, Muscle Beach Tweed, Namibia Grey, Optimist Clay, Painterly View, Pashmina Flannel, Piazza Burlap, Piazza Cloud, Piazza Dove, Piazza Indigo, Piazza Mist, Piazza Vapor, Pique Ash, Pique Gravel, Pique Midnight, Posh Ash, Posh Graphite, Posh Oat, Posh Pebble, Posh Sapphire, Posh Shitake, Posh Snow, Precise Fawn, Precise Spring, Pyrenees White, Recess Smoke, Sahara Café, Sahara Denim, Santara Mist, Sterling Alpaca, Stitches Slate, Surpass Stone, Switch Ash, Switch Flax, Switch Silver, Tailored Smoke, Tailored Spa, Trax Burgundy, Trax Sequoia, Vacation Aqua, Vacation Blue, Vacation Mist, Veena Spa, Vista Dune, Vista Indigo, Zara Cinnamon, Zenith Sand"
5198.0,37165-3S,Marin Sofa,Marin,Deep Seating,Sofas,,,"The O.W. Lee Marin Sofa provides spacious, stylish seating inspired by contemporary coastal design. Built with a durable aluminum frame and deep cushions, this outdoor sofa brings modern nautical sophistication to patios, decks, and seaside terraces. O.W. Lee is renowned for its exceptional quality, supported by an industry-leading warranty. Our frames are covered by a 20-year structural warranty, and the finish is guaranteed against fading, blistering, and peeling for 5 years. Cushions and fabrics are also backed by a 5-year warranty. With a selection of 10 elegant frame finishes and over 100 fabric options, including 16 sling fabrics, customers can easily customize each piece to seamlessly complement their individual style.",True,True,True,Aluminum,,,"Carbon Black, Copper Creek, Espresso, Graphite, Rosewood, Sable, Sand Dollar, Sandalwood, Shadow Grey, Velvet White",,"Abra Denim, Alvarez Indigo, Beckon Hemp, Beckon Shell, Belgian Linen Sand, Big Idea Indigo, Big Idea Steel, Capra Shadow, Chartres Cloud, Chartres Graphite, Chartres Truffle, Chinchilla Aluminum, Chinchilla White, Crete Stone, Envision Teak, Escher Greige, Esti Lagoon, Esti Marine, Esti Onyx, Falcon Sand, Falcon Spa, Falcon White, Flagship Stone, Harris Stone, Hayden Taupe, Juniper Mesa Indigo, Kindle Indigo, Kindle Silk, Kismet Moss, Lacework Stone, Ledger Heron, Ledger Indigo, Liberty Charcoal, Metz Dove, Mojave Twill Elk, Mojave Twill Turquoise, Muscle Beach Grey, Muscle Beach Tweed, Namibia Grey, Optimist Clay, Painterly View, Pashmina Flannel, Piazza Burlap, Piazza Cloud, Piazza Dove, Piazza Indigo, Piazza Mist, Piazza Vapor, Pique Ash, Pique Gravel, Pique Midnight, Posh Ash, Posh Graphite, Posh Oat, Posh Pebble, Posh Sapphire, Posh Shitake, Posh Snow, Precise Fawn, Precise Spring, Pyrenees White, Recess Smoke, Sahara Café, Sahara Denim, Santara Mist, Sterling Alpaca, Stitches Slate, Surpass Stone, Switch Ash, Switch Flax, Switch Silver, Tailored Smoke, Tailored Spa, Trax Burgundy, Trax Sequoia, Vacation Aqua, Vacation Blue, Vacation Mist, Veena Spa, Vista Dune, Vista Indigo, Zara Cinnamon, Zenith Sand"
5196.0,37165-SR,Marin Swivel Rocker Lounge Chair,Marin,Deep Seating,Lounge Chairs,,,"The O.W. Lee Marin Swivel Rocker Lounge Chair blends motion, comfort, and coastal design. Crafted from weather-resistant aluminum with smooth swivel and gentle rocking motion, this outdoor lounge chair invites relaxation in seaside-inspired settings. O.W. Lee is renowned for its exceptional quality, supported by an industry-leading warranty. Our frames are covered by a 20-year structural warranty, and the finish is guaranteed against fading, blistering, and peeling for 5 years. Cushions and fabrics are also backed by a 5-year warranty. With a selection of 10 elegant frame finishes and over 100 fabric options, including 16 sling fabrics, customers can easily customize each piece to seamlessly complement their individual style.",True,True,True,Aluminum,,,"Carbon Black, Copper Creek, Espresso, Graphite, Rosewood, Sable, Sand Dollar, Sandalwood, Shadow Grey, Velvet White",,"Abra Denim, Alvarez Indigo, Beckon Hemp, Beckon Shell, Belgian Linen Sand, Big Idea Indigo, Big Idea Steel, Capra Shadow, Chartres Cloud, Chartres Graphite, Chartres Truffle, Chinchilla Aluminum, Chinchilla White, Crete Stone, Envision Teak, Escher Greige, Esti Lagoon, Esti Marine, Esti Onyx, Falcon Sand, Falcon Spa, Falcon White, Flagship Stone, Harris Stone, Hayden Taupe, Juniper Mesa Indigo, Kindle Indigo, Kindle Silk, Kismet Moss, Lacework Stone, Ledger Heron, Ledger Indigo, Liberty Charcoal, Metz Dove, Mojave Twill Elk, Mojave Twill Turquoise, Muscle Beach Grey, Muscle Beach Tweed, Namibia Grey, Optimist Clay, Painterly View, Pashmina Flannel, Piazza Burlap, Piazza Cloud, Piazza Dove, Piazza Indigo, Piazza Mist, Piazza Vapor, Pique Ash, Pique Gravel, Pique Midnight, Posh Ash, Posh Graphite, Posh Oat, Posh Pebble, Posh Sapphire, Posh Shitake, Posh Snow, Precise Fawn, Precise Spring, Pyrenees White, Recess Smoke, Sahara Café, Sahara Denim, Santara Mist, Sterling Alpaca, Stitches Slate, Surpass Stone, Switch Ash, Switch Flax, Switch Silver, Tailored Smoke, Tailored Spa, Trax Burgundy, Trax Sequoia, Vacation Aqua, Vacation Blue, Vacation Mist, Veena Spa, Vista Dune, Vista Indigo, Zara Cinnamon, Zenith Sand"
2030.0,425-C,Monterra Center Sectional,Monterra,Deep Seating,Lounge Chairs,,"H 43.5"" × W 68"" × D 44.5""","The O.W. Lee Monterra Sectional Collection allows for flexible, modular arrangements with Old World craftsmanship at its core. Handcrafted wrought iron frames and plush cushions create outdoor sectional pieces that provide comfort, durability, and the textured warmth of Mediterranean and Southwestern design. O.W. Lee is renowned for its exceptional quality, supported by an industry-leading warranty. Our frames are covered by a 20-year structural warranty, and the finish is guaranteed against fading, blistering, and peeling for 5 years. Cushions and fabrics are also backed by a 5-year warranty. With a selection of 10 elegant frame finishes and over 100 fabric options, including 16 sling fabrics, customers can easily customize each piece to seamlessly complement their individual style.",True,True,True,Wrought Iron,,,"Carbon Black, Copper Creek, Espresso, Graphite, Rosewood, Sable, Sand Dollar, Sandalwood, Shadow Grey, Velvet White",,"Abra Denim, Alvarez Indigo, Beckon Hemp, Beckon Shell, Belgian Linen Sand, Big Idea Indigo, Big Idea Steel, Capra Shadow, Chartres Cloud, Chartres Graphite, Chartres Truffle, Chinchilla Aluminum, Chinchilla White, Crete Stone, Envision Teak, Escher Greige, Esti Lagoon, Esti Marine, Esti Onyx, Falcon Sand, Falcon Spa, Falcon White, Flagship Stone, Harris Stone, Hayden Taupe, Juniper Mesa Indigo, Kindle Indigo, Kindle Silk, Kismet Moss, Lacework Stone, Ledger Heron, Ledger Indigo, Liberty Charcoal, Metz Dove, Mojave Twill Elk, Mojave Twill Turquoise, Muscle Beach Grey, Muscle Beach Tweed, Namibia Grey, Optimist Clay, Painterly View, Pashmina Flannel, Piazza Burlap, Piazza Cloud, Piazza Dove, Piazza Indigo, Piazza Mist, Piazza Vapor, Pique Ash, Pique Gravel, Pique Midnight, Posh Ash, Posh Graphite, Posh Oat, Posh Pebble, Posh Sapphire, Posh Shitake, Posh Snow, Precise Fawn, Precise Spring, Pyrenees White, Recess Smoke, Sahara Café, Sahara Denim, Santara Mist, Sterling Alpaca, Stitches Slate, Surpass Stone, Switch Ash, Switch Flax, Switch Silver, Tailored Smoke, Tailored Spa, Trax Burgundy, Trax Sequoia, Vacation Aqua, Vacation Blue, Vacation Mist, Veena Spa, Vista Dune, Vista Indigo, Zara Cinnamon, Zenith Sand"
2027.0,426-2S,Monterra Crescent Love Seat,Monterra,Deep Seating,Love Seats,,"H 43.5"" × W 70"" × D 45""","The O.W. Lee Monterra Crescent Love Seat highlights the collection’s signature curves and Old World detailing. Its handcrafted wrought iron frame and plush cushions create a welcoming outdoor love seat that encourages intimate conversation in patios and smaller gathering spaces. O.W. Lee is renowned for its exceptional quality, supported by an industry-leading warranty. Our frames are covered by a 20-year structural warranty, and the finish is guaranteed against fading, blistering, and peeling for 5 years. Cushions and fabrics are also backed by a 5-year warranty. With a selection of 10 elegant frame finishes and over 100 fabric options, including 16 sling fabrics, customers can easily customize each piece to seamlessly complement their individual style.",True,True,True,Wrought Iron,,,"Carbon Black, Copper Creek, Espresso, Graphite, Rosewood, Sable, Sand Dollar, Sandalwood, Shadow Grey, Velvet White",,"Abra Denim, Alvarez Indigo, Beckon Hemp, Beckon Shell, Belgian Linen Sand, Big Idea Indigo, Big Idea Steel, Capra Shadow, Chartres Cloud, Chartres Graphite, Chartres Truffle, Chinchilla Aluminum, Chinchilla White, Crete Stone, Envision Teak, Escher Greige, Esti Lagoon, Esti Marine, Esti Onyx, Falcon Sand, Falcon Spa, Falcon White, Flagship Stone, Harris Stone, Hayden Taupe, Juniper Mesa Indigo, Kindle Indigo, Kindle Silk, Kismet Moss, Lacework Stone, Ledger Heron, Ledger Indigo, Liberty Charcoal, Metz Dove, Mojave Twill Elk, Mojave Twill Turquoise, Muscle Beach Grey, Muscle Beach Tweed, Namibia Grey, Optimist Clay, Painterly View, Pashmina Flannel, Piazza Burlap, Piazza Cloud, Piazza Dove, Piazza Indigo, Piazza Mist, Piazza Vapor, Pique Ash, Pique Gravel, Pique Midnight, Posh Ash, Posh Graphite, Posh Oat, Posh Pebble, Posh Sapphire, Posh Shitake, Posh Snow, Precise Fawn, Precise Spring, Pyrenees White, Recess Smoke, Sahara Café, Sahara Denim, Santara Mist, Sterling Alpaca, Stitches Slate, Surpass Stone, Switch Ash, Switch Flax, Switch Silver, Tailored Smoke, Tailored Spa, Trax Burgundy, Trax Sequoia, Vacation Aqua, Vacation Blue, Vacation Mist, Veena Spa, Vista Dune, Vista Indigo, Zara Cinnamon, Zenith Sand"
2043.0,487-O,Monterra Curved Ottoman,Monterra,Deep Seating,Ottomans,,"H 18.5"" × W 62.75"" × D 28.5""","The O.W. Lee Monterra Curved Ottoman adds sculptural elegance and versatility to seating arrangements. Its handcrafted wrought iron frame and cushioned top create a functional outdoor ottoman that mirrors the collection’s signature curves and rustic sophistication. O.W. Lee is renowned for its exceptional quality, supported by an industry-leading warranty. Our frames are covered by a 20-year structural warranty, and the finish is guaranteed against fading, blistering, and peeling for 5 years. Cushions and fabrics are also backed by a 5-year warranty. With a selection of 10 elegant frame finishes and over 100 fabric options, including 16 sling fabrics, customers can easily customize each piece to seamlessly complement their individual style.",True,True,True,Wrought Iron,,,"Carbon Black, Copper Creek, Espresso, Graphite, Rosewood, Sable, Sand Dollar, Sandalwood, Shadow Grey, Velvet White",,"Abra Denim, Alvarez Indigo, Beckon Hemp, Beckon Shell, Belgian Linen Sand, Big Idea Indigo, Big Idea Steel, Capra Shadow, Chartres Cloud, Chartres Graphite, Chartres Truffle, Chinchilla Aluminum, Chinchilla White, Crete Stone, Envision Teak, Escher Greige, Esti Lagoon, Esti Marine, Esti Onyx, Falcon Sand, Falcon Spa, Falcon White, Flagship Stone, Harris Stone, Hayden Taupe, Juniper Mesa Indigo, Kindle Indigo, Kindle Silk, Kismet Moss, Lacework Stone, Ledger Heron, Ledger Indigo, Liberty Charcoal, Metz Dove, Mojave Twill Elk, Mojave Twill Turquoise, Muscle Beach Grey, Muscle Beach Tweed, Namibia Grey, Optimist Clay, Painterly View, Pashmina Flannel, Piazza Burlap, Piazza Cloud, Piazza Dove, Piazza Indigo, Piazza Mist, Piazza Vapor, Pique Ash, Pique Gravel, Pique Midnight, Posh Ash, Posh Graphite, Posh Oat, Posh Pebble, Posh Sapphire, Posh Shitake, Posh Snow, Precise Fawn, Precise Spring, Pyrenees White, Recess Smoke, Sahara Café, Sahara Denim, Santara Mist, Sterling Alpaca, Stitches Slate, Surpass Stone, Switch Ash, Switch Flax, Switch Silver, Tailored Smoke, Tailored Spa, Trax Burgundy, Trax Sequoia, Vacation Aqua, Vacation Blue, Vacation Mist, Veena Spa, Vista Dune, Vista Indigo, Zara Cinnamon, Zenith Sand"
2029.0,425-L,Monterra Left Sectional,Monterra,Deep Seating,Sectionals,,"H 44"" × W 70.5"" × D 44.5""","The O.W. Lee Monterra Sectional Collection allows for flexible, modular arrangements with Old World craftsmanship at its core. Handcrafted wrought iron frames and plush cushions create outdoor sectional pieces that provide comfort, durability, and the textured warmth of Mediterranean and Southwestern design. O.W. Lee is renowned for its exceptional quality, supported by an industry-leading warranty. Our frames are covered by a 20-year structural warranty, and the finish is guaranteed against fading, blistering, and peeling for 5 years. Cushions and fabrics are also backed by a 5-year warranty. With a selection of 10 elegant frame finishes and over 100 fabric options, including 16 sling fabrics, customers can easily customize each piece to seamlessly complement their individual style.",True,True,True,Wrought Iron,,,"Carbon Black, Copper Creek, Espresso, Graphite, Rosewood, Sable, Sand Dollar, Sandalwood, Shadow Grey, Velvet White",,"Abra Denim, Alvarez Indigo, Beckon Hemp, Beckon Shell, Belgian Linen Sand, Big Idea Indigo, Big Idea Steel, Capra Shadow, Chartres Cloud, Chartres Graphite, Chartres Truffle, Chinchilla Aluminum, Chinchilla White, Crete Stone, Envision Teak, Escher Greige, Esti Lagoon, Esti Marine, Esti Onyx, Falcon Sand, Falcon Spa, Falcon White, Flagship Stone, Harris Stone, Hayden Taupe, Juniper Mesa Indigo, Kindle Indigo, Kindle Silk, Kismet Moss, Lacework Stone, Ledger Heron, Ledger Indigo, Liberty Charcoal, Metz Dove, Mojave Twill Elk, Mojave Twill Turquoise, Muscle Beach Grey, Muscle Beach Tweed, Namibia Grey, Optimist Clay, Painterly View, Pashmina Flannel, Piazza Burlap, Piazza Cloud, Piazza Dove, Piazza Indigo, Piazza Mist, Piazza Vapor, Pique Ash, Pique Gravel, Pique Midnight, Posh Ash, Posh Graphite, Posh Oat, Posh Pebble, Posh Sapphire, Posh Shitake, Posh Snow, Precise Fawn, Precise Spring, Pyrenees White, Recess Smoke, Sahara Café, Sahara Denim, Santara Mist, Sterling Alpaca, Stitches Slate, Surpass Stone, Switch Ash, Switch Flax, Switch Silver, Tailored Smoke, Tailored Spa, Trax Burgundy, Trax Sequoia, Vacation Aqua, Vacation Blue, Vacation Mist, Veena Spa, Vista Dune, Vista Indigo, Zara Cinnamon, Zenith Sand"
2023.0,421-CC,Monterra Lounge Chair,Monterra,Deep Seating,Lounge Chairs,,"H 43.75"" × W 42.75"" × D 38.5""","The O.W. Lee Monterra Lounge Chair showcases the collection’s rustic Southwestern and Mediterranean influences with handcrafted detailing and rich textural appeal. Its durable wrought iron frame and plush cushions create a timeless outdoor lounge chair ideal for patios and courtyard seating areas. O.W. Lee is renowned for its exceptional quality, supported by an industry-leading warranty. Our frames are covered by a 20-year structural warranty, and the finish is guaranteed against fading, blistering, and peeling for 5 years. Cushions and fabrics are also backed by a 5-year warranty. With a selection of 10 elegant frame finishes and over 100 fabric options, including 16 sling fabrics, customers can easily customize each piece to seamlessly complement their individual style.",True,True,True,Wrought Iron,,,"Carbon Black, Copper Creek, Espresso, Graphite, Rosewood, Sable, Sand Dollar, Sandalwood, Shadow Grey, Velvet White",pool,"Abra Denim, Alvarez Indigo, Beckon Hemp, Beckon Shell, Belgian Linen Sand, Big Idea Indigo, Big Idea Steel, Capra Shadow, Chartres Cloud, Chartres Graphite, Chartres Truffle, Chinchilla Aluminum, Chinchilla White, Crete Stone, Envision Teak, Escher Greige, Esti Lagoon, Esti Marine, Esti Onyx, Falcon Sand, Falcon Spa, Falcon White, Flagship Stone, Harris Stone, Hayden Taupe, Juniper Mesa Indigo, Kindle Indigo, Kindle Silk, Kismet Moss, Lacework Stone, Ledger Heron, Ledger Indigo, Liberty Charcoal, Metz Dove, Mojave Twill Elk, Mojave Twill Turquoise, Muscle Beach Grey, Muscle Beach Tweed, Namibia Grey, Optimist Clay, Painterly View, Pashmina Flannel, Piazza Burlap, Piazza Cloud, Piazza Dove, Piazza Indigo, Piazza Mist, Piazza Vapor, Pique Ash, Pique Gravel, Pique Midnight, Posh Ash, Posh Graphite, Posh Oat, Posh Pebble, Posh Sapphire, Posh Shitake, Posh Snow, Precise Fawn, Precise Spring, Pyrenees White, Recess Smoke, Sahara Café, Sahara Denim, Santara Mist, Sterling Alpaca, Stitches Slate, Surpass Stone, Switch Ash, Switch Flax, Switch Silver, Tailored Smoke, Tailored Spa, Trax Burgundy, Trax Sequoia, Vacation Aqua, Vacation Blue, Vacation Mist, Veena Spa, Vista Dune, Vista Indigo, Zara Cinnamon, Zenith Sand"
2026.0,427-2S,Monterra Love Seat,Monterra,Deep Seating,Love Seats,,"H 43.75"" × W 67.5"" × D 38.5""","The O.W. Lee Monterra Love Seat reflects the warm, inviting aesthetic of Southwestern and Mediterranean design. Its decorative wrought iron frame and comfortable cushions make this outdoor love seat a versatile, elegant addition to a variety of outdoor settings. O.W. Lee is renowned for its exceptional quality, supported by an industry-leading warranty. Our frames are covered by a 20-year structural warranty, and the finish is guaranteed against fading, blistering, and peeling for 5 years. Cushions and fabrics are also backed by a 5-year warranty. With a selection of 10 elegant frame finishes and over 100 fabric options, including 16 sling fabrics, customers can easily customize each piece to seamlessly complement their individual style.",True,True,True,Wrought Iron,,,"Carbon Black, Copper Creek, Espresso, Graphite, Rosewood, Sable, Sand Dollar, Sandalwood, Shadow Grey, Velvet White",,"Abra Denim, Alvarez Indigo, Beckon Hemp, Beckon Shell, Belgian Linen Sand, Big Idea Indigo, Big Idea Steel, Capra Shadow, Chartres Cloud, Chartres Graphite, Chartres Truffle, Chinchilla Aluminum, Chinchilla White, Crete Stone, Envision Teak, Escher Greige, Esti Lagoon, Esti Marine, Esti Onyx, Falcon Sand, Falcon Spa, Falcon White, Flagship Stone, Harris Stone, Hayden Taupe, Juniper Mesa Indigo, Kindle Indigo, Kindle Silk, Kismet Moss, Lacework Stone, Ledger Heron, Ledger Indigo, Liberty Charcoal, Metz Dove, Mojave Twill Elk, Mojave Twill Turquoise, Muscle Beach Grey, Muscle Beach Tweed, Namibia Grey, Optimist Clay, Painterly View, Pashmina Flannel, Piazza Burlap, Piazza Cloud, Piazza Dove, Piazza Indigo, Piazza Mist, Piazza Vapor, Pique Ash, Pique Gravel, Pique Midnight, Posh Ash, Posh Graphite, Posh Oat, Posh Pebble, Posh Sapphire, Posh Shitake, Posh Snow, Precise Fawn, Precise Spring, Pyrenees White, Recess Smoke, Sahara Café, Sahara Denim, Santara Mist, Sterling Alpaca, Stitches Slate, Surpass Stone, Switch Ash, Switch Flax, Switch Silver, Tailored Smoke, Tailored Spa, Trax Burgundy, Trax Sequoia, Vacation Aqua, Vacation Blue, Vacation Mist, Veena Spa, Vista Dune, Vista Indigo, Zara Cinnamon, Zenith Sand"
2032.0,419-O,Monterra Ottoman,Monterra,Deep Seating,Ottomans,,"H 18.5"" × W 36"" × D 26""","The O.W. Lee Monterra Ottoman complements seating in the collection with functional, stylish design. Featuring a sturdy wrought iron frame and tailored cushion, this outdoor ottoman can serve as a footrest or extra seating, enhancing patios or courtyards with Mediterranean-inspired charm. O.W. Lee is renowned for its exceptional quality, supported by an industry-leading warranty. Our frames are covered by a 20-year structural warranty, and the finish is guaranteed against fading, blistering, and peeling for 5 years. Cushions and fabrics are also backed by a 5-year warranty. With a selection of 10 elegant frame finishes and over 100 fabric options, including 16 sling fabrics, customers can easily customize each piece to seamlessly complement their individual style.",True,True,True,Wrought Iron,,,"Carbon Black, Copper Creek, Espresso, Graphite, Rosewood, Sable, Sand Dollar, Sandalwood, Shadow Grey, Velvet White",pool,"Abra Denim, Alvarez Indigo, Beckon Hemp, Beckon Shell, Belgian Linen Sand, Big Idea Indigo, Big Idea Steel, Capra Shadow, Chartres Cloud, Chartres Graphite, Chartres Truffle, Chinchilla Aluminum, Chinchilla White, Crete Stone, Envision Teak, Escher Greige, Esti Lagoon, Esti Marine, Esti Onyx, Falcon Sand, Falcon Spa, Falcon White, Flagship Stone, Harris Stone, Hayden Taupe, Juniper Mesa Indigo, Kindle Indigo, Kindle Silk, Kismet Moss, Lacework Stone, Ledger Heron, Ledger Indigo, Liberty Charcoal, Metz Dove, Mojave Twill Elk, Mojave Twill Turquoise, Muscle Beach Grey, Muscle Beach Tweed, Namibia Grey, Optimist Clay, Painterly View, Pashmina Flannel, Piazza Burlap, Piazza Cloud, Piazza Dove, Piazza Indigo, Piazza Mist, Piazza Vapor, Pique Ash, Pique Gravel, Pique Midnight, Posh Ash, Posh Graphite, Posh Oat, Posh Pebble, Posh Sapphire, Posh Shitake, Posh Snow, Precise Fawn, Precise Spring, Pyrenees White, Recess Smoke, Sahara Café, Sahara Denim, Santara Mist, Sterling Alpaca, Stitches Slate, Surpass Stone, Switch Ash, Switch Flax, Switch Silver, Tailored Smoke, Tailored Spa, Trax Burgundy, Trax Sequoia, Vacation Aqua, Vacation Blue, Vacation Mist, Veena Spa, Vista Dune, Vista Indigo, Zara Cinnamon, Zenith Sand"
2031.0,425-R,Monterra Right Sectional,Monterra,Deep Seating,Sectionals,,"H 44"" × W 70.5"" × D 44.5""","The O.W. Lee Monterra Sectional Collection allows for flexible, modular arrangements with Old World craftsmanship at its core. Handcrafted wrought iron frames and plush cushions create outdoor sectional pieces that provide comfort, durability, and the textured warmth of Mediterranean and Southwestern design. O.W. Lee is renowned for its exceptional quality, supported by an industry-leading warranty. Our frames are covered by a 20-year structural warranty, and the finish is guaranteed against fading, blistering, and peeling for 5 years. Cushions and fabrics are also backed by a 5-year warranty. With a selection of 10 elegant frame finishes and over 100 fabric options, including 16 sling fabrics, customers can easily customize each piece to seamlessly complement their individual style.",True,True,True,Wrought Iron,,,"Carbon Black, Copper Creek, Espresso, Graphite, Rosewood, Sable, Sand Dollar, Sandalwood, Shadow Grey, Velvet White",,"Abra Denim, Alvarez Indigo, Beckon Hemp, Beckon Shell, Belgian Linen Sand, Big Idea Indigo, Big Idea Steel, Capra Shadow, Chartres Cloud, Chartres Graphite, Chartres Truffle, Chinchilla Aluminum, Chinchilla White, Crete Stone, Envision Teak, Escher Greige, Esti Lagoon, Esti Marine, Esti Onyx, Falcon Sand, Falcon Spa, Falcon White, Flagship Stone, Harris Stone, Hayden Taupe, Juniper Mesa Indigo, Kindle Indigo, Kindle Silk, Kismet Moss, Lacework Stone, Ledger Heron, Ledger Indigo, Liberty Charcoal, Metz Dove, Mojave Twill Elk, Mojave Twill Turquoise, Muscle Beach Grey, Muscle Beach Tweed, Namibia Grey, Optimist Clay, Painterly View, Pashmina Flannel, Piazza Burlap, Piazza Cloud, Piazza Dove, Piazza Indigo, Piazza Mist, Piazza Vapor, Pique Ash, Pique Gravel, Pique Midnight, Posh Ash, Posh Graphite, Posh Oat, Posh Pebble, Posh Sapphire, Posh Shitake, Posh Snow, Precise Fawn, Precise Spring, Pyrenees White, Recess Smoke, Sahara Café, Sahara Denim, Santara Mist, Sterling Alpaca, Stitches Slate, Surpass Stone, Switch Ash, Switch Flax, Switch Silver, Tailored Smoke, Tailored Spa, Trax Burgundy, Trax Sequoia, Vacation Aqua, Vacation Blue, Vacation Mist, Veena Spa, Vista Dune, Vista Indigo, Zara Cinnamon, Zenith Sand"
2028.0,427-3S,Monterra Sofa,Monterra,Deep Seating,Sofas,,"H 43.75"" × W 92"" × D 42""","The O.W. Lee Monterra Sofa serves as a striking centerpiece with artisanal character. Built from wrought iron with handcrafted detailing and deep cushions, this outdoor sofa combines Old World craftsmanship with lasting comfort and rustic sophistication. O.W. Lee is renowned for its exceptional quality, supported by an industry-leading warranty. Our frames are covered by a 20-year structural warranty, and the finish is guaranteed against fading, blistering, and peeling for 5 years. Cushions and fabrics are also backed by a 5-year warranty. With a selection of 10 elegant frame finishes and over 100 fabric options, including 16 sling fabrics, customers can easily customize each piece to seamlessly complement their individual style.",True,True,True,Wrought Iron,,,"Carbon Black, Copper Creek, Espresso, Graphite, Rosewood, Sable, Sand Dollar, Sandalwood, Shadow Grey, Velvet White",,"Abra Denim, Alvarez Indigo, Beckon Hemp, Beckon Shell, Belgian Linen Sand, Big Idea Indigo, Big Idea Steel, Capra Shadow, Chartres Cloud, Chartres Graphite, Chartres Truffle, Chinchilla Aluminum, Chinchilla White, Crete Stone, Envision Teak, Escher Greige, Esti Lagoon, Esti Marine, Esti Onyx, Falcon Sand, Falcon Spa, Falcon White, Flagship Stone, Harris Stone, Hayden Taupe, Juniper Mesa Indigo, Kindle Indigo, Kindle Silk, Kismet Moss, Lacework Stone, Ledger Heron, Ledger Indigo, Liberty Charcoal, Metz Dove, Mojave Twill Elk, Mojave Twill Turquoise, Muscle Beach Grey, Muscle Beach Tweed, Namibia Grey, Optimist Clay, Painterly View, Pashmina Flannel, Piazza Burlap, Piazza Cloud, Piazza Dove, Piazza Indigo, Piazza Mist, Piazza Vapor, Pique Ash, Pique Gravel, Pique Midnight, Posh Ash, Posh Graphite, Posh Oat, Posh Pebble, Posh Sapphire, Posh Shitake, Posh Snow, Precise Fawn, Precise Spring, Pyrenees White, Recess Smoke, Sahara Café, Sahara Denim, Santara Mist, Sterling Alpaca, Stitches Slate, Surpass Stone, Switch Ash, Switch Flax, Switch Silver, Tailored Smoke, Tailored Spa, Trax Burgundy, Trax Sequoia, Vacation Aqua, Vacation Blue, Vacation Mist, Veena Spa, Vista Dune, Vista Indigo, Zara Cinnamon, Zenith Sand"
2024.0,421-SB,Monterra Spring Base Lounge Chair,Monterra,Deep Seating,Lounge Chairs,,"H 44"" × W 42.5"" × D 38""","The O.W. Lee Monterra Spring Base Lounge Chair combines Old World craftsmanship with responsive seating. Its handcrafted wrought iron frame and spring-supported seat provide both comfort and a subtle, refined bounce, making this outdoor lounge chair a sophisticated choice for relaxed outdoor living. O.W. Lee is renowned for its exceptional quality, supported by an industry-leading warranty. Our frames are covered by a 20-year structural warranty, and the finish is guaranteed against fading, blistering, and peeling for 5 years. Cushions and fabrics are also backed by a 5-year warranty. With a selection of 10 elegant frame finishes and over 100 fabric options, including 16 sling fabrics, customers can easily customize each piece to seamlessly complement their individual style.",True,True,True,Wrought Iron,,,"Carbon Black, Copper Creek, Espresso, Graphite, Rosewood, Sable, Sand Dollar, Sandalwood, Shadow Grey, Velvet White",,"Abra Denim, Alvarez Indigo, Beckon Hemp, Beckon Shell, Belgian Linen Sand, Big Idea Indigo, Big Idea Steel, Capra Shadow, Chartres Cloud, Chartres Graphite, Chartres Truffle, Chinchilla Aluminum, Chinchilla White, Crete Stone, Envision Teak, Escher Greige, Esti Lagoon, Esti Marine, Esti Onyx, Falcon Sand, Falcon Spa, Falcon White, Flagship Stone, Harris Stone, Hayden Taupe, Juniper Mesa Indigo, Kindle Indigo, Kindle Silk, Kismet Moss, Lacework Stone, Ledger Heron, Ledger Indigo, Liberty Charcoal, Metz Dove, Mojave Twill Elk, Mojave Twill Turquoise, Muscle Beach Grey, Muscle Beach Tweed, Namibia Grey, Optimist Clay, Painterly View, Pashmina Flannel, Piazza Burlap, Piazza Cloud, Piazza Dove, Piazza Indigo, Piazza Mist, Piazza Vapor, Pique Ash, Pique Gravel, Pique Midnight, Posh Ash, Posh Graphite, Posh Oat, Posh Pebble, Posh Sapphire, Posh Shitake, Posh Snow, Precise Fawn, Precise Spring, Pyrenees White, Recess Smoke, Sahara Café, Sahara Denim, Santara Mist, Sterling Alpaca, Stitches Slate, Surpass Stone, Switch Ash, Switch Flax, Switch Silver, Tailored Smoke, Tailored Spa, Trax Burgundy, Trax Sequoia, Vacation Aqua, Vacation Blue, Vacation Mist, Veena Spa, Vista Dune, Vista Indigo, Zara Cinnamon, Zenith Sand"
2025.0,421-SR,Monterra Swivel Rocker Lounge Chair,Monterra,Deep Seating,Lounge Chairs,,"H 44.5"" × W 42.5"" × D 37.75""","The O.W. Lee Monterra Swivel Rocker Lounge Chair brings Mediterranean elegance to outdoor entertaining with added motion. Featuring a handcrafted wrought iron frame with smooth swivel and gentle rocking action, this outdoor swivel lounge chair delivers comfort, durability, and timeless rustic charm. O.W. Lee is renowned for its exceptional quality, supported by an industry-leading warranty. Our frames are covered by a 20-year structural warranty, and the finish is guaranteed against fading, blistering, and peeling for 5 years. Cushions and fabrics are also backed by a 5-year warranty. With a selection of 10 elegant frame finishes and over 100 fabric options, including 16 sling fabrics, customers can easily customize each piece to seamlessly complement their individual style.",True,True,True,Wrought Iron,,,"Carbon Black, Copper Creek, Espresso, Graphite, Rosewood, Sable, Sand Dollar, Sandalwood, Shadow Grey, Velvet White",,"Abra Denim, Alvarez Indigo, Beckon Hemp, Beckon Shell, Belgian Linen Sand, Big Idea Indigo, Big Idea Steel, Capra Shadow, Chartres Cloud, Chartres Graphite, Chartres Truffle, Chinchilla Aluminum, Chinchilla White, Crete Stone, Envision Teak, Escher Greige, Esti Lagoon, Esti Marine, Esti Onyx, Falcon Sand, Falcon Spa, Falcon White, Flagship Stone, Harris Stone, Hayden Taupe, Juniper Mesa Indigo, Kindle Indigo, Kindle Silk, Kismet Moss, Lacework Stone, Ledger Heron, Ledger Indigo, Liberty Charcoal, Metz Dove, Mojave Twill Elk, Mojave Twill Turquoise, Muscle Beach Grey, Muscle Beach Tweed, Namibia Grey, Optimist Clay, Painterly View, Pashmina Flannel, Piazza Burlap, Piazza Cloud, Piazza Dove, Piazza Indigo, Piazza Mist, Piazza Vapor, Pique Ash, Pique Gravel, Pique Midnight, Posh Ash, Posh Graphite, Posh Oat, Posh Pebble, Posh Sapphire, Posh Shitake, Posh Snow, Precise Fawn, Precise Spring, Pyrenees White, Recess Smoke, Sahara Café, Sahara Denim, Santara Mist, Sterling Alpaca, Stitches Slate, Surpass Stone, Switch Ash, Switch Flax, Switch Silver, Tailored Smoke, Tailored Spa, Trax Burgundy, Trax Sequoia, Vacation Aqua, Vacation Blue, Vacation Mist, Veena Spa, Vista Dune, Vista Indigo, Zara Cinnamon, Zenith Sand"
2036.0,424-2MS,Monterra Urban Scale Love Seat,Monterra,Deep Seating,Love Seats,,"H 37.5"" × W 64.75"" × D 29.75""","The O.W. Lee Monterra Urban Love Seat combines rustic charm with space-conscious proportions. Our urban scale pieces are thoughtfully scaled down versions of our most popular designs, crafted to suit balconies, apartments, and other compact spaces—without compromising on comfort or quality. Its handcrafted wrought iron frame and tailored cushions make this outdoor love seat perfect for cozy, elevated outdoor living. O.W. Lee is renowned for its exceptional quality, supported by an industry-leading warranty. Our frames are covered by a 20-year structural warranty, and the finish is guaranteed against fading, blistering, and peeling for 5 years. Cushions and fabrics are also backed by a 5-year warranty. With a selection of 10 elegant frame finishes and over 100 fabric options, including 16 sling fabrics, customers can easily customize each piece to seamlessly complement their individual style.",True,True,True,Wrought Iron,,,"Carbon Black, Copper Creek, Espresso, Graphite, Rosewood, Sable, Sand Dollar, Sandalwood, Shadow Grey, Velvet White",,"Abra Denim, Alvarez Indigo, Beckon Hemp, Beckon Shell, Belgian Linen Sand, Big Idea Indigo, Big Idea Steel, Capra Shadow, Chartres Cloud, Chartres Graphite, Chartres Truffle, Chinchilla Aluminum, Chinchilla White, Crete Stone, Envision Teak, Escher Greige, Esti Lagoon, Esti Marine, Esti Onyx, Falcon Sand, Falcon Spa, Falcon White, Flagship Stone, Harris Stone, Hayden Taupe, Juniper Mesa Indigo, Kindle Indigo, Kindle Silk, Kismet Moss, Lacework Stone, Ledger Heron, Ledger Indigo, Liberty Charcoal, Metz Dove, Mojave Twill Elk, Mojave Twill Turquoise, Muscle Beach Grey, Muscle Beach Tweed, Namibia Grey, Optimist Clay, Painterly View, Pashmina Flannel, Piazza Burlap, Piazza Cloud, Piazza Dove, Piazza Indigo, Piazza Mist, Piazza Vapor, Pique Ash, Pique Gravel, Pique Midnight, Posh Ash, Posh Graphite, Posh Oat, Posh Pebble, Posh Sapphire, Posh Shitake, Posh Snow, Precise Fawn, Precise Spring, Pyrenees White, Recess Smoke, Sahara Café, Sahara Denim, Santara Mist, Sterling Alpaca, Stitches Slate, Surpass Stone, Switch Ash, Switch Flax, Switch Silver, Tailored Smoke, Tailored Spa, Trax Burgundy, Trax Sequoia, Vacation Aqua, Vacation Blue, Vacation Mist, Veena Spa, Vista Dune, Vista Indigo, Zara Cinnamon, Zenith Sand"
2038.0,4120-O,Monterra Urban Scale Ottoman,Monterra,Deep Seating,Ottomans,,"H 18.5"" × W 33.5"" × D 23""","The O.W. Lee Monterra Urban Ottoman complements the collection’s scaled-down seating while adding versatile comfort. Our urban scale pieces are thoughtfully scaled down versions of our most popular designs, crafted to suit balconies, apartments, and other compact spaces—without compromising on comfort or quality. Featuring a handcrafted wrought iron frame and tailored cushion, it serves as a footrest or additional seating with timeless style. O.W. Lee is renowned for its exceptional quality, supported by an industry-leading warranty. Our frames are covered by a 20-year structural warranty, and the finish is guaranteed against fading, blistering, and peeling for 5 years. Cushions and fabrics are also backed by a 5-year warranty. With a selection of 10 elegant frame finishes and over 100 fabric options, including 16 sling fabrics, customers can easily customize each piece to seamlessly complement their individual style.",True,True,True,Wrought Iron,,,"Carbon Black, Copper Creek, Espresso, Graphite, Rosewood, Sable, Sand Dollar, Sandalwood, Shadow Grey, Velvet White",,"Abra Denim, Alvarez Indigo, Beckon Hemp, Beckon Shell, Belgian Linen Sand, Big Idea Indigo, Big Idea Steel, Capra Shadow, Chartres Cloud, Chartres Graphite, Chartres Truffle, Chinchilla Aluminum, Chinchilla White, Crete Stone, Envision Teak, Escher Greige, Esti Lagoon, Esti Marine, Esti Onyx, Falcon Sand, Falcon Spa, Falcon White, Flagship Stone, Harris Stone, Hayden Taupe, Juniper Mesa Indigo, Kindle Indigo, Kindle Silk, Kismet Moss, Lacework Stone, Ledger Heron, Ledger Indigo, Liberty Charcoal, Metz Dove, Mojave Twill Elk, Mojave Twill Turquoise, Muscle Beach Grey, Muscle Beach Tweed, Namibia Grey, Optimist Clay, Painterly View, Pashmina Flannel, Piazza Burlap, Piazza Cloud, Piazza Dove, Piazza Indigo, Piazza Mist, Piazza Vapor, Pique Ash, Pique Gravel, Pique Midnight, Posh Ash, Posh Graphite, Posh Oat, Posh Pebble, Posh Sapphire, Posh Shitake, Posh Snow, Precise Fawn, Precise Spring, Pyrenees White, Recess Smoke, Sahara Café, Sahara Denim, Santara Mist, Sterling Alpaca, Stitches Slate, Surpass Stone, Switch Ash, Switch Flax, Switch Silver, Tailored Smoke, Tailored Spa, Trax Burgundy, Trax Sequoia, Vacation Aqua, Vacation Blue, Vacation Mist, Veena Spa, Vista Dune, Vista Indigo, Zara Cinnamon, Zenith Sand"
2037.0,424-3MS,Monterra Urban Scale Sofa,Monterra,Deep Seating,Sofas,,"H 37.25"" × W 81.75"" × D 31.75""","The O.W. Lee Monterra Urban Sofa delivers Old World elegance in a compact, streamlined form. Our urban scale pieces are thoughtfully scaled down versions of our most popular designs, crafted to suit balconies, apartments, and other compact spaces—without compromising on comfort or quality. Crafted with a sturdy wrought iron frame and deep cushions, this sofa provides refined comfort for smaller outdoor seating areas. O.W. Lee is renowned for its exceptional quality, supported by an industry-leading warranty. Our frames are covered by a 20-year structural warranty, and the finish is guaranteed against fading, blistering, and peeling for 5 years. Cushions and fabrics are also backed by a 5-year warranty. With a selection of 10 elegant frame finishes and over 100 fabric options, including 16 sling fabrics, customers can easily customize each piece to seamlessly complement their individual style.",True,True,True,Wrought Iron,,,"Carbon Black, Copper Creek, Espresso, Graphite, Rosewood, Sable, Sand Dollar, Sandalwood, Shadow Grey, Velvet White",,"Abra Denim, Alvarez Indigo, Beckon Hemp, Beckon Shell, Belgian Linen Sand, Big Idea Indigo, Big Idea Steel, Capra Shadow, Chartres Cloud, Chartres Graphite, Chartres Truffle, Chinchilla Aluminum, Chinchilla White, Crete Stone, Envision Teak, Escher Greige, Esti Lagoon, Esti Marine, Esti Onyx, Falcon Sand, Falcon Spa, Falcon White, Flagship Stone, Harris Stone, Hayden Taupe, Juniper Mesa Indigo, Kindle Indigo, Kindle Silk, Kismet Moss, Lacework Stone, Ledger Heron, Ledger Indigo, Liberty Charcoal, Metz Dove, Mojave Twill Elk, Mojave Twill Turquoise, Muscle Beach Grey, Muscle Beach Tweed, Namibia Grey, Optimist Clay, Painterly View, Pashmina Flannel, Piazza Burlap, Piazza Cloud, Piazza Dove, Piazza Indigo, Piazza Mist, Piazza Vapor, Pique Ash, Pique Gravel, Pique Midnight, Posh Ash, Posh Graphite, Posh Oat, Posh Pebble, Posh Sapphire, Posh Shitake, Posh Snow, Precise Fawn, Precise Spring, Pyrenees White, Recess Smoke, Sahara Café, Sahara Denim, Santara Mist, Sterling Alpaca, Stitches Slate, Surpass Stone, Switch Ash, Switch Flax, Switch Silver, Tailored Smoke, Tailored Spa, Trax Burgundy, Trax Sequoia, Vacation Aqua, Vacation Blue, Vacation Mist, Veena Spa, Vista Dune, Vista Indigo, Zara Cinnamon, Zenith Sand"
2035.0,423-2MS,Monterra Urban-Scale Crescent Love Seat,Monterra,Deep Seating,Love Seats,,"H 37"" × W 62.5"" × D 31.75""","The O.W. Lee Monterra Crescent Love Seat reflects the collection’s Mediterranean and Southwestern influence in a cozy, curved design. Our urban scale pieces are thoughtfully scaled down versions of our most popular designs, crafted to suit balconies, apartments, and other compact spaces—without compromising on comfort or quality. Handcrafted from wrought iron with plush cushions, it provides inviting seating for smaller patios or intimate arrangements. O.W. Lee is renowned for its exceptional quality, supported by an industry-leading warranty. Our frames are covered by a 20-year structural warranty, and the finish is guaranteed against fading, blistering, and peeling for 5 years. Cushions and fabrics are also backed by a 5-year warranty. With a selection of 10 elegant frame finishes and over 100 fabric options, including 16 sling fabrics, customers can easily customize each piece to seamlessly complement their individual style.",True,True,True,Wrought Iron,,,"Carbon Black, Copper Creek, Espresso, Graphite, Rosewood, Sable, Sand Dollar, Sandalwood, Shadow Grey, Velvet White",,"Abra Denim, Alvarez Indigo, Beckon Hemp, Beckon Shell, Belgian Linen Sand, Big Idea Indigo, Big Idea Steel, Capra Shadow, Chartres Cloud, Chartres Graphite, Chartres Truffle, Chinchilla Aluminum, Chinchilla White, Crete Stone, Envision Teak, Escher Greige, Esti Lagoon, Esti Marine, Esti Onyx, Falcon Sand, Falcon Spa, Falcon White, Flagship Stone, Harris Stone, Hayden Taupe, Juniper Mesa Indigo, Kindle Indigo, Kindle Silk, Kismet Moss, Lacework Stone, Ledger Heron, Ledger Indigo, Liberty Charcoal, Metz Dove, Mojave Twill Elk, Mojave Twill Turquoise, Muscle Beach Grey, Muscle Beach Tweed, Namibia Grey, Optimist Clay, Painterly View, Pashmina Flannel, Piazza Burlap, Piazza Cloud, Piazza Dove, Piazza Indigo, Piazza Mist, Piazza Vapor, Pique Ash, Pique Gravel, Pique Midnight, Posh Ash, Posh Graphite, Posh Oat, Posh Pebble, Posh Sapphire, Posh Shitake, Posh Snow, Precise Fawn, Precise Spring, Pyrenees White, Recess Smoke, Sahara Café, Sahara Denim, Santara Mist, Sterling Alpaca, Stitches Slate, Surpass Stone, Switch Ash, Switch Flax, Switch Silver, Tailored Smoke, Tailored Spa, Trax Burgundy, Trax Sequoia, Vacation Aqua, Vacation Blue, Vacation Mist, Veena Spa, Vista Dune, Vista Indigo, Zara Cinnamon, Zenith Sand"
2033.0,424-MSB,Monterra Urban-Scale Spring Base Lounge Chair,Monterra,Deep Seating,Lounge Chairs,,"H 38.25"" × W 35.75"" × D 30.75""","The O.W. Lee Monterra Spring Base Lounge Chair blends Old World craftsmanship with modern compact design. Our urban scale pieces are thoughtfully scaled down versions of our most popular designs, crafted to suit balconies, apartments, and other compact spaces—without compromising on comfort or quality. Its handcrafted wrought iron frame and responsive spring seat provide stylish, supportive seating for small outdoor spaces. O.W. Lee is renowned for its exceptional quality, supported by an industry-leading warranty. Our frames are covered by a 20-year structural warranty, and the finish is guaranteed against fading, blistering, and peeling for 5 years. Cushions and fabrics are also backed by a 5-year warranty. With a selection of 10 elegant frame finishes and over 100 fabric options, including 16 sling fabrics, customers can easily customize each piece to seamlessly complement their individual style.",True,True,True,Wrought Iron,,,"Carbon Black, Copper Creek, Espresso, Graphite, Rosewood, Sable, Sand Dollar, Sandalwood, Shadow Grey, Velvet White",,"Abra Denim, Alvarez Indigo, Beckon Hemp, Beckon Shell, Belgian Linen Sand, Big Idea Indigo, Big Idea Steel, Capra Shadow, Chartres Cloud, Chartres Graphite, Chartres Truffle, Chinchilla Aluminum, Chinchilla White, Crete Stone, Envision Teak, Escher Greige, Esti Lagoon, Esti Marine, Esti Onyx, Falcon Sand, Falcon Spa, Falcon White, Flagship Stone, Harris Stone, Hayden Taupe, Juniper Mesa Indigo, Kindle Indigo, Kindle Silk, Kismet Moss, Lacework Stone, Ledger Heron, Ledger Indigo, Liberty Charcoal, Metz Dove, Mojave Twill Elk, Mojave Twill Turquoise, Muscle Beach Grey, Muscle Beach Tweed, Namibia Grey, Optimist Clay, Painterly View, Pashmina Flannel, Piazza Burlap, Piazza Cloud, Piazza Dove, Piazza Indigo, Piazza Mist, Piazza Vapor, Pique Ash, Pique Gravel, Pique Midnight, Posh Ash, Posh Graphite, Posh Oat, Posh Pebble, Posh Sapphire, Posh Shitake, Posh Snow, Precise Fawn, Precise Spring, Pyrenees White, Recess Smoke, Sahara Café, Sahara Denim, Santara Mist, Sterling Alpaca, Stitches Slate, Surpass Stone, Switch Ash, Switch Flax, Switch Silver, Tailored Smoke, Tailored Spa, Trax Burgundy, Trax Sequoia, Vacation Aqua, Vacation Blue, Vacation Mist, Veena Spa, Vista Dune, Vista Indigo, Zara Cinnamon, Zenith Sand"
2034.0,424-MSR,Monterra Urban-Scale Swivel Rocker Lounge Chair,Monterra,Deep Seating,Lounge Chairs,,"H 38.25"" × W 35.75"" × D 30.75""","The O.W. Lee Monterra Swivel Rocker Lounge Chair offers rustic elegance in a compact footprint. Our urban scale pieces are thoughtfully scaled down versions of our most popular designs, crafted to suit balconies, apartments, and other compact spaces—without compromising on comfort or quality. Featuring a durable wrought iron frame with smooth swivel and gentle rocking motion, this outdoor lounge chair delivers versatile comfort with Mediterranean-inspired character. O.W. Lee is renowned for its exceptional quality, supported by an industry-leading warranty. Our frames are covered by a 20-year structural warranty, and the finish is guaranteed against fading, blistering, and peeling for 5 years. Cushions and fabrics are also backed by a 5-year warranty. With a selection of 10 elegant frame finishes and over 100 fabric options, including 16 sling fabrics, customers can easily customize each piece to seamlessly complement their individual style.",True,True,True,Wrought Iron,,,"Carbon Black, Copper Creek, Espresso, Graphite, Rosewood, Sable, Sand Dollar, Sandalwood, Shadow Grey, Velvet White",,"Abra Denim, Alvarez Indigo, Beckon Hemp, Beckon Shell, Belgian Linen Sand, Big Idea Indigo, Big Idea Steel, Capra Shadow, Chartres Cloud, Chartres Graphite, Chartres Truffle, Chinchilla Aluminum, Chinchilla White, Crete Stone, Envision Teak, Escher Greige, Esti Lagoon, Esti Marine, Esti Onyx, Falcon Sand, Falcon Spa, Falcon White, Flagship Stone, Harris Stone, Hayden Taupe, Juniper Mesa Indigo, Kindle Indigo, Kindle Silk, Kismet Moss, Lacework Stone, Ledger Heron, Ledger Indigo, Liberty Charcoal, Metz Dove, Mojave Twill Elk, Mojave Twill Turquoise, Muscle Beach Grey, Muscle Beach Tweed, Namibia Grey, Optimist Clay, Painterly View, Pashmina Flannel, Piazza Burlap, Piazza Cloud, Piazza Dove, Piazza Indigo, Piazza Mist, Piazza Vapor, Pique Ash, Pique Gravel, Pique Midnight, Posh Ash, Posh Graphite, Posh Oat, Posh Pebble, Posh Sapphire, Posh Shitake, Posh Snow, Precise Fawn, Precise Spring, Pyrenees White, Recess Smoke, Sahara Café, Sahara Denim, Santara Mist, Sterling Alpaca, Stitches Slate, Surpass Stone, Switch Ash, Switch Flax, Switch Silver, Tailored Smoke, Tailored Spa, Trax Burgundy, Trax Sequoia, Vacation Aqua, Vacation Blue, Vacation Mist, Veena Spa, Vista Dune, Vista Indigo, Zara Cinnamon, Zenith Sand"
5157.0,86158-C,Pasadera Center Sectional,Pasadera,Deep Seating,Sectionals,,,"The O.W. Lee Pasadera Sectional Collection allows for customized seating configurations that balance classic design with modern performance. With modular steel frames, ornamental detailing, and plush cushions, these outdoor steel sectional pieces offer flexibility, durability, and enduring style for expansive outdoor living spaces. O.W. Lee is renowned for its exceptional quality, supported by an industry-leading warranty. Our frames are covered by a 20-year structural warranty, and the finish is guaranteed against fading, blistering, and peeling for 5 years. Cushions and fabrics are also backed by a 5-year warranty. With a selection of 10 elegant frame finishes and over 100 fabric options, including 16 sling fabrics, customers can easily customize each piece to seamlessly complement their individual style.",True,True,True,"Aluminum, Wrought Iron",,,"Carbon Black, Copper Creek, Espresso, Graphite, Rosewood, Sable, Sand Dollar, Sandalwood, Shadow Grey, Velvet White",,"Abra Denim, Alvarez Indigo, Beckon Hemp, Beckon Shell, Belgian Linen Sand, Big Idea Indigo, Big Idea Steel, Capra Shadow, Chartres Cloud, Chartres Graphite, Chartres Truffle, Chinchilla Aluminum, Chinchilla White, Crete Stone, Envision Teak, Escher Greige, Esti Lagoon, Esti Marine, Esti Onyx, Falcon Sand, Falcon Spa, Falcon White, Flagship Stone, Harris Stone, Hayden Taupe, Juniper Mesa Indigo, Kindle Indigo, Kindle Silk, Kismet Moss, Lacework Stone, Ledger Heron, Ledger Indigo, Liberty Charcoal, Metz Dove, Mojave Twill Elk, Mojave Twill Turquoise, Muscle Beach Grey, Muscle Beach Tweed, Namibia Grey, Optimist Clay, Painterly View, Pashmina Flannel, Piazza Burlap, Piazza Cloud, Piazza Dove, Piazza Indigo, Piazza Mist, Piazza Vapor, Pique Ash, Pique Gravel, Pique Midnight, Posh Ash, Posh Graphite, Posh Oat, Posh Pebble, Posh Sapphire, Posh Shitake, Posh Snow, Precise Fawn, Precise Spring, Pyrenees White, Recess Smoke, Sahara Café, Sahara Denim, Santara Mist, Sterling Alpaca, Stitches Slate, Surpass Stone, Switch Ash, Switch Flax, Switch Silver, Tailored Smoke, Tailored Spa, Trax Burgundy, Trax Sequoia, Vacation Aqua, Vacation Blue, Vacation Mist, Veena Spa, Vista Dune, Vista Indigo, Zara Cinnamon, Zenith Sand"
5158.0,86158-L,Pasadera Left Sectional,Pasadera,Deep Seating,Sectionals,,,"The O.W. Lee Pasadera Sectional Collection allows for customized seating configurations that balance classic design with modern performance. With modular steel frames, ornamental detailing, and plush cushions, these outdoor steel sectional pieces offer flexibility, durability, and enduring style for expansive outdoor living spaces. O.W. Lee is renowned for its exceptional quality, supported by an industry-leading warranty. Our frames are covered by a 20-year structural warranty, and the finish is guaranteed against fading, blistering, and peeling for 5 years. Cushions and fabrics are also backed by a 5-year warranty. With a selection of 10 elegant frame finishes and over 100 fabric options, including 16 sling fabrics, customers can easily customize each piece to seamlessly complement their individual style.",True,True,True,"Aluminum, Wrought Iron",,,"Carbon Black, Copper Creek, Espresso, Graphite, Rosewood, Sable, Sand Dollar, Sandalwood, Shadow Grey, Velvet White",,"Abra Denim, Alvarez Indigo, Beckon Hemp, Beckon Shell, Belgian Linen Sand, Big Idea Indigo, Big Idea Steel, Capra Shadow, Chartres Cloud, Chartres Graphite, Chartres Truffle, Chinchilla Aluminum, Chinchilla White, Crete Stone, Envision Teak, Escher Greige, Esti Lagoon, Esti Marine, Esti Onyx, Falcon Sand, Falcon Spa, Falcon White, Flagship Stone, Harris Stone, Hayden Taupe, Juniper Mesa Indigo, Kindle Indigo, Kindle Silk, Kismet Moss, Lacework Stone, Ledger Heron, Ledger Indigo, Liberty Charcoal, Metz Dove, Mojave Twill Elk, Mojave Twill Turquoise, Muscle Beach Grey, Muscle Beach Tweed, Namibia Grey, Optimist Clay, Painterly View, Pashmina Flannel, Piazza Burlap, Piazza Cloud, Piazza Dove, Piazza Indigo, Piazza Mist, Piazza Vapor, Pique Ash, Pique Gravel, Pique Midnight, Posh Ash, Posh Graphite, Posh Oat, Posh Pebble, Posh Sapphire, Posh Shitake, Posh Snow, Precise Fawn, Precise Spring, Pyrenees White, Recess Smoke, Sahara Café, Sahara Denim, Santara Mist, Sterling Alpaca, Stitches Slate, Surpass Stone, Switch Ash, Switch Flax, Switch Silver, Tailored Smoke, Tailored Spa, Trax Burgundy, Trax Sequoia, Vacation Aqua, Vacation Blue, Vacation Mist, Veena Spa, Vista Dune, Vista Indigo, Zara Cinnamon, Zenith Sand"
5151.0,86156-CC,Pasadera Lounge Chair,Pasadera,Deep Seating,Lounge Chairs,,,"The O.W. Lee Pasadera Lounge Chair blends rustic charm with refined elegance, inspired by traditional Spanish architecture. Featuring ornate detailing, a durable steel frame, and plush cushions, this outdoor steel lounge chair delivers timeless style and lasting comfort for inviting outdoor spaces. O.W. Lee is renowned for its exceptional quality, supported by an industry-leading warranty. Our frames are covered by a 20-year structural warranty, and the finish is guaranteed against fading, blistering, and peeling for 5 years. Cushions and fabrics are also backed by a 5-year warranty. With a selection of 10 elegant frame finishes and over 100 fabric options, including 16 sling fabrics, customers can easily customize each piece to seamlessly complement their individual style.",True,True,True,"Aluminum, Wrought Iron",,,"Carbon Black, Copper Creek, Espresso, Graphite, Rosewood, Sable, Sand Dollar, Sandalwood, Shadow Grey, Velvet White",,"Abra Denim, Alvarez Indigo, Beckon Hemp, Beckon Shell, Belgian Linen Sand, Big Idea Indigo, Big Idea Steel, Capra Shadow, Chartres Cloud, Chartres Graphite, Chartres Truffle, Chinchilla Aluminum, Chinchilla White, Crete Stone, Envision Teak, Escher Greige, Esti Lagoon, Esti Marine, Esti Onyx, Falcon Sand, Falcon Spa, Falcon White, Flagship Stone, Harris Stone, Hayden Taupe, Juniper Mesa Indigo, Kindle Indigo, Kindle Silk, Kismet Moss, Lacework Stone, Ledger Heron, Ledger Indigo, Liberty Charcoal, Metz Dove, Mojave Twill Elk, Mojave Twill Turquoise, Muscle Beach Grey, Muscle Beach Tweed, Namibia Grey, Optimist Clay, Painterly View, Pashmina Flannel, Piazza Burlap, Piazza Cloud, Piazza Dove, Piazza Indigo, Piazza Mist, Piazza Vapor, Pique Ash, Pique Gravel, Pique Midnight, Posh Ash, Posh Graphite, Posh Oat, Posh Pebble, Posh Sapphire, Posh Shitake, Posh Snow, Precise Fawn, Precise Spring, Pyrenees White, Recess Smoke, Sahara Café, Sahara Denim, Santara Mist, Sterling Alpaca, Stitches Slate, Surpass Stone, Switch Ash, Switch Flax, Switch Silver, Tailored Smoke, Tailored Spa, Trax Burgundy, Trax Sequoia, Vacation Aqua, Vacation Blue, Vacation Mist, Veena Spa, Vista Dune, Vista Indigo, Zara Cinnamon, Zenith Sand"
5154.0,86156-2S,Pasadera Love Seat,Pasadera,Deep Seating,Love Seats,,,"The O.W. Lee Pasadera Love Seat offers intimate seating with classic design influence and old-world character. Its decorative steel frame, warm aesthetic, and comfortable cushions make this outdoor steel love seat a welcoming addition to patios, courtyards, and covered outdoor living areas. O.W. Lee is renowned for its exceptional quality, supported by an industry-leading warranty. Our frames are covered by a 20-year structural warranty, and the finish is guaranteed against fading, blistering, and peeling for 5 years. Cushions and fabrics are also backed by a 5-year warranty. With a selection of 10 elegant frame finishes and over 100 fabric options, including 16 sling fabrics, customers can easily customize each piece to seamlessly complement their individual style.",True,True,True,"Aluminum, Wrought Iron",,,"Carbon Black, Copper Creek, Espresso, Graphite, Rosewood, Sable, Sand Dollar, Sandalwood, Shadow Grey, Velvet White",,"Abra Denim, Alvarez Indigo, Beckon Hemp, Beckon Shell, Belgian Linen Sand, Big Idea Indigo, Big Idea Steel, Capra Shadow, Chartres Cloud, Chartres Graphite, Chartres Truffle, Chinchilla Aluminum, Chinchilla White, Crete Stone, Envision Teak, Escher Greige, Esti Lagoon, Esti Marine, Esti Onyx, Falcon Sand, Falcon Spa, Falcon White, Flagship Stone, Harris Stone, Hayden Taupe, Juniper Mesa Indigo, Kindle Indigo, Kindle Silk, Kismet Moss, Lacework Stone, Ledger Heron, Ledger Indigo, Liberty Charcoal, Metz Dove, Mojave Twill Elk, Mojave Twill Turquoise, Muscle Beach Grey, Muscle Beach Tweed, Namibia Grey, Optimist Clay, Painterly View, Pashmina Flannel, Piazza Burlap, Piazza Cloud, Piazza Dove, Piazza Indigo, Piazza Mist, Piazza Vapor, Pique Ash, Pique Gravel, Pique Midnight, Posh Ash, Posh Graphite, Posh Oat, Posh Pebble, Posh Sapphire, Posh Shitake, Posh Snow, Precise Fawn, Precise Spring, Pyrenees White, Recess Smoke, Sahara Café, Sahara Denim, Santara Mist, Sterling Alpaca, Stitches Slate, Surpass Stone, Switch Ash, Switch Flax, Switch Silver, Tailored Smoke, Tailored Spa, Trax Burgundy, Trax Sequoia, Vacation Aqua, Vacation Blue, Vacation Mist, Veena Spa, Vista Dune, Vista Indigo, Zara Cinnamon, Zenith Sand"
5159.0,8690-O,Pasadera Ottoman,Pasadera,Deep Seating,Ottomans,,,"The O.W. Lee Pasadera Ottoman adds versatile comfort while echoing the collection’s decorative steel detailing. Featuring a sturdy steel frame and tailored cushion, this outdoor patio ottoman functions beautifully as a footrest or additional seating. O.W. Lee is renowned for its exceptional quality, supported by an industry-leading warranty. Our frames are covered by a 20-year structural warranty, and the finish is guaranteed against fading, blistering, and peeling for 5 years. Cushions and fabrics are also backed by a 5-year warranty. With a selection of 10 elegant frame finishes and over 100 fabric options, including 16 sling fabrics, customers can easily customize each piece to seamlessly complement their individual style.",True,True,True,"Aluminum, Wrought Iron",,,"Carbon Black, Copper Creek, Espresso, Graphite, Rosewood, Sable, Sand Dollar, Sandalwood, Shadow Grey, Velvet White",,"Abra Denim, Alvarez Indigo, Beckon Hemp, Beckon Shell, Belgian Linen Sand, Big Idea Indigo, Big Idea Steel, Capra Shadow, Chartres Cloud, Chartres Graphite, Chartres Truffle, Chinchilla Aluminum, Chinchilla White, Crete Stone, Envision Teak, Escher Greige, Esti Lagoon, Esti Marine, Esti Onyx, Falcon Sand, Falcon Spa, Falcon White, Flagship Stone, Harris Stone, Hayden Taupe, Juniper Mesa Indigo, Kindle Indigo, Kindle Silk, Kismet Moss, Lacework Stone, Ledger Heron, Ledger Indigo, Liberty Charcoal, Metz Dove, Mojave Twill Elk, Mojave Twill Turquoise, Muscle Beach Grey, Muscle Beach Tweed, Namibia Grey, Optimist Clay, Painterly View, Pashmina Flannel, Piazza Burlap, Piazza Cloud, Piazza Dove, Piazza Indigo, Piazza Mist, Piazza Vapor, Pique Ash, Pique Gravel, Pique Midnight, Posh Ash, Posh Graphite, Posh Oat, Posh Pebble, Posh Sapphire, Posh Shitake, Posh Snow, Precise Fawn, Precise Spring, Pyrenees White, Recess Smoke, Sahara Café, Sahara Denim, Santara Mist, Sterling Alpaca, Stitches Slate, Surpass Stone, Switch Ash, Switch Flax, Switch Silver, Tailored Smoke, Tailored Spa, Trax Burgundy, Trax Sequoia, Vacation Aqua, Vacation Blue, Vacation Mist, Veena Spa, Vista Dune, Vista Indigo, Zara Cinnamon, Zenith Sand"
5156.0,86158-R,Pasadera Right Sectional,Pasadera,Deep Seating,Sectionals,,,"The O.W. Lee Pasadera Sectional Collection allows for customized seating configurations that balance classic design with modern performance. With modular steel frames, ornamental detailing, and plush cushions, these outdoor steel sectional pieces offer flexibility, durability, and enduring style for expansive outdoor living spaces. O.W. Lee is renowned for its exceptional quality, supported by an industry-leading warranty. Our frames are covered by a 20-year structural warranty, and the finish is guaranteed against fading, blistering, and peeling for 5 years. Cushions and fabrics are also backed by a 5-year warranty. With a selection of 10 elegant frame finishes and over 100 fabric options, including 16 sling fabrics, customers can easily customize each piece to seamlessly complement their individual style.",True,True,True,"Aluminum, Wrought Iron",,,"Carbon Black, Copper Creek, Espresso, Graphite, Rosewood, Sable, Sand Dollar, Sandalwood, Shadow Grey, Velvet White",,"Abra Denim, Alvarez Indigo, Beckon Hemp, Beckon Shell, Belgian Linen Sand, Big Idea Indigo, Big Idea Steel, Capra Shadow, Chartres Cloud, Chartres Graphite, Chartres Truffle, Chinchilla Aluminum, Chinchilla White, Crete Stone, Envision Teak, Escher Greige, Esti Lagoon, Esti Marine, Esti Onyx, Falcon Sand, Falcon Spa, Falcon White, Flagship Stone, Harris Stone, Hayden Taupe, Juniper Mesa Indigo, Kindle Indigo, Kindle Silk, Kismet Moss, Lacework Stone, Ledger Heron, Ledger Indigo, Liberty Charcoal, Metz Dove, Mojave Twill Elk, Mojave Twill Turquoise, Muscle Beach Grey, Muscle Beach Tweed, Namibia Grey, Optimist Clay, Painterly View, Pashmina Flannel, Piazza Burlap, Piazza Cloud, Piazza Dove, Piazza Indigo, Piazza Mist, Piazza Vapor, Pique Ash, Pique Gravel, Pique Midnight, Posh Ash, Posh Graphite, Posh Oat, Posh Pebble, Posh Sapphire, Posh Shitake, Posh Snow, Precise Fawn, Precise Spring, Pyrenees White, Recess Smoke, Sahara Café, Sahara Denim, Santara Mist, Sterling Alpaca, Stitches Slate, Surpass Stone, Switch Ash, Switch Flax, Switch Silver, Tailored Smoke, Tailored Spa, Trax Burgundy, Trax Sequoia, Vacation Aqua, Vacation Blue, Vacation Mist, Veena Spa, Vista Dune, Vista Indigo, Zara Cinnamon, Zenith Sand"
5155.0,86156-3S,Pasadera Sofa,Pasadera,Deep Seating,Sofas,,,"The O.W. Lee Pasadera Sofa creates a sophisticated focal point by combining traditional craftsmanship with modern outdoor durability. Designed with an ornate steel frame and deep cushions, this luxury outdoor steel sofa brings comfort, strength, and timeless appeal to larger outdoor settings. O.W. Lee is renowned for its exceptional quality, supported by an industry-leading warranty. Our frames are covered by a 20-year structural warranty, and the finish is guaranteed against fading, blistering, and peeling for 5 years. Cushions and fabrics are also backed by a 5-year warranty. With a selection of 10 elegant frame finishes and over 100 fabric options, including 16 sling fabrics, customers can easily customize each piece to seamlessly complement their individual style.",True,True,True,"Aluminum, Wrought Iron",,,"Carbon Black, Copper Creek, Espresso, Graphite, Rosewood, Sable, Sand Dollar, Sandalwood, Shadow Grey, Velvet White",,"Abra Denim, Alvarez Indigo, Beckon Hemp, Beckon Shell, Belgian Linen Sand, Big Idea Indigo, Big Idea Steel, Capra Shadow, Chartres Cloud, Chartres Graphite, Chartres Truffle, Chinchilla Aluminum, Chinchilla White, Crete Stone, Envision Teak, Escher Greige, Esti Lagoon, Esti Marine, Esti Onyx, Falcon Sand, Falcon Spa, Falcon White, Flagship Stone, Harris Stone, Hayden Taupe, Juniper Mesa Indigo, Kindle Indigo, Kindle Silk, Kismet Moss, Lacework Stone, Ledger Heron, Ledger Indigo, Liberty Charcoal, Metz Dove, Mojave Twill Elk, Mojave Twill Turquoise, Muscle Beach Grey, Muscle Beach Tweed, Namibia Grey, Optimist Clay, Painterly View, Pashmina Flannel, Piazza Burlap, Piazza Cloud, Piazza Dove, Piazza Indigo, Piazza Mist, Piazza Vapor, Pique Ash, Pique Gravel, Pique Midnight, Posh Ash, Posh Graphite, Posh Oat, Posh Pebble, Posh Sapphire, Posh Shitake, Posh Snow, Precise Fawn, Precise Spring, Pyrenees White, Recess Smoke, Sahara Café, Sahara Denim, Santara Mist, Sterling Alpaca, Stitches Slate, Surpass Stone, Switch Ash, Switch Flax, Switch Silver, Tailored Smoke, Tailored Spa, Trax Burgundy, Trax Sequoia, Vacation Aqua, Vacation Blue, Vacation Mist, Veena Spa, Vista Dune, Vista Indigo, Zara Cinnamon, Zenith Sand"
5152.0,86156-SB,Pasadera Spring Base Lounge Chair,Pasadera,Deep Seating,Lounge Chairs,,,"The O.W. Lee Pasadera Lounge Chair blends rustic charm with refined elegance, inspired by traditional Spanish architecture. Featuring ornate detailing, a durable steel frame, and plush cushions, this outdoor steel lounge chair delivers timeless style and lasting comfort for inviting outdoor spaces. O.W. Lee is renowned for its exceptional quality, supported by an industry-leading warranty. Our frames are covered by a 20-year structural warranty, and the finish is guaranteed against fading, blistering, and peeling for 5 years. Cushions and fabrics are also backed by a 5-year warranty. With a selection of 10 elegant frame finishes and over 100 fabric options, including 16 sling fabrics, customers can easily customize each piece to seamlessly complement their individual style.",True,True,True,"Aluminum, Wrought Iron",,,"Carbon Black, Copper Creek, Espresso, Graphite, Rosewood, Sable, Sand Dollar, Sandalwood, Shadow Grey, Velvet White",,"Abra Denim, Alvarez Indigo, Beckon Hemp, Beckon Shell, Belgian Linen Sand, Big Idea Indigo, Big Idea Steel, Capra Shadow, Chartres Cloud, Chartres Graphite, Chartres Truffle, Chinchilla Aluminum, Chinchilla White, Crete Stone, Envision Teak, Escher Greige, Esti Lagoon, Esti Marine, Esti Onyx, Falcon Sand, Falcon Spa, Falcon White, Flagship Stone, Harris Stone, Hayden Taupe, Juniper Mesa Indigo, Kindle Indigo, Kindle Silk, Kismet Moss, Lacework Stone, Ledger Heron, Ledger Indigo, Liberty Charcoal, Metz Dove, Mojave Twill Elk, Mojave Twill Turquoise, Muscle Beach Grey, Muscle Beach Tweed, Namibia Grey, Optimist Clay, Painterly View, Pashmina Flannel, Piazza Burlap, Piazza Cloud, Piazza Dove, Piazza Indigo, Piazza Mist, Piazza Vapor, Pique Ash, Pique Gravel, Pique Midnight, Posh Ash, Posh Graphite, Posh Oat, Posh Pebble, Posh Sapphire, Posh Shitake, Posh Snow, Precise Fawn, Precise Spring, Pyrenees White, Recess Smoke, Sahara Café, Sahara Denim, Santara Mist, Sterling Alpaca, Stitches Slate, Surpass Stone, Switch Ash, Switch Flax, Switch Silver, Tailored Smoke, Tailored Spa, Trax Burgundy, Trax Sequoia, Vacation Aqua, Vacation Blue, Vacation Mist, Veena Spa, Vista Dune, Vista Indigo, Zara Cinnamon, Zenith Sand"
5153.0,86156-SR,Pasadera Swivel Rocker Lounge Chair,Pasadera,Deep Seating,Lounge Chairs,,,"The O.W. Lee Pasadera Lounge Chair blends rustic charm with refined elegance, inspired by traditional Spanish architecture. Featuring ornate detailing, a durable steel frame, and plush cushions, this outdoor steel lounge chair delivers timeless style and lasting comfort for inviting outdoor spaces. O.W. Lee is renowned for its exceptional quality, supported by an industry-leading warranty. Our frames are covered by a 20-year structural warranty, and the finish is guaranteed against fading, blistering, and peeling for 5 years. Cushions and fabrics are also backed by a 5-year warranty. With a selection of 10 elegant frame finishes and over 100 fabric options, including 16 sling fabrics, customers can easily customize each piece to seamlessly complement their individual style.",True,True,True,"Aluminum, Wrought Iron",,,"Carbon Black, Copper Creek, Espresso, Graphite, Rosewood, Sable, Sand Dollar, Sandalwood, Shadow Grey, Velvet White",,"Abra Denim, Alvarez Indigo, Beckon Hemp, Beckon Shell, Belgian Linen Sand, Big Idea Indigo, Big Idea Steel, Capra Shadow, Chartres Cloud, Chartres Graphite, Chartres Truffle, Chinchilla Aluminum, Chinchilla White, Crete Stone, Envision Teak, Escher Greige, Esti Lagoon, Esti Marine, Esti Onyx, Falcon Sand, Falcon Spa, Falcon White, Flagship Stone, Harris Stone, Hayden Taupe, Juniper Mesa Indigo, Kindle Indigo, Kindle Silk, Kismet Moss, Lacework Stone, Ledger Heron, Ledger Indigo, Liberty Charcoal, Metz Dove, Mojave Twill Elk, Mojave Twill Turquoise, Muscle Beach Grey, Muscle Beach Tweed, Namibia Grey, Optimist Clay, Painterly View, Pashmina Flannel, Piazza Burlap, Piazza Cloud, Piazza Dove, Piazza Indigo, Piazza Mist, Piazza Vapor, Pique Ash, Pique Gravel, Pique Midnight, Posh Ash, Posh Graphite, Posh Oat, Posh Pebble, Posh Sapphire, Posh Shitake, Posh Snow, Precise Fawn, Precise Spring, Pyrenees White, Recess Smoke, Sahara Café, Sahara Denim, Santara Mist, Sterling Alpaca, Stitches Slate, Surpass Stone, Switch Ash, Switch Flax, Switch Silver, Tailored Smoke, Tailored Spa, Trax Burgundy, Trax Sequoia, Vacation Aqua, Vacation Blue, Vacation Mist, Veena Spa, Vista Dune, Vista Indigo, Zara Cinnamon, Zenith Sand"
5166.0,692-C,San Cristobal Center Sectional,San Cristobal,Deep Seating,Lounge Chairs,,,"The O.W. Lee San Cristóbal Sectional allows for flexible seating arrangements while maintaining the collection’s ornate elegance. Flowing lines and detailed craftsmanship create a cohesive, luxurious outdoor seating experience. O.W. Lee is renowned for its exceptional quality, supported by an industry-leading warranty. Our frames are covered by a 20-year structural warranty, and the finish is guaranteed against fading, blistering, and peeling for 5 years. Cushions and fabrics are also backed by a 5-year warranty. With a selection of 10 elegant frame finishes and over 100 fabric options, customers can easily customize each piece to seamlessly complement their individual style.",True,True,True,"Aluminum, Wrought Iron",,,"Carbon Black, Copper Creek, Espresso, Graphite, Rosewood, Sable, Sand Dollar, Sandalwood, Shadow Grey, Velvet White",,"Abra Denim, Alvarez Indigo, Beckon Hemp, Beckon Shell, Belgian Linen Sand, Big Idea Indigo, Big Idea Steel, Capra Shadow, Chartres Cloud, Chartres Graphite, Chartres Truffle, Chinchilla Aluminum, Chinchilla White, Crete Stone, Envision Teak, Escher Greige, Esti Lagoon, Esti Marine, Esti Onyx, Falcon Sand, Falcon Spa, Falcon White, Flagship Stone, Harris Stone, Hayden Taupe, Juniper Mesa Indigo, Kindle Indigo, Kindle Silk, Kismet Moss, Lacework Stone, Ledger Heron, Ledger Indigo, Liberty Charcoal, Metz Dove, Mojave Twill Elk, Mojave Twill Turquoise, Muscle Beach Grey, Muscle Beach Tweed, Namibia Grey, Optimist Clay, Painterly View, Pashmina Flannel, Piazza Burlap, Piazza Cloud, Piazza Dove, Piazza Indigo, Piazza Mist, Piazza Vapor, Pique Ash, Pique Gravel, Pique Midnight, Posh Ash, Posh Graphite, Posh Oat, Posh Pebble, Posh Sapphire, Posh Shitake, Posh Snow, Precise Fawn, Precise Spring, Pyrenees White, Recess Smoke, Sahara Café, Sahara Denim, Santara Mist, Sterling Alpaca, Stitches Slate, Surpass Stone, Switch Ash, Switch Flax, Switch Silver, Tailored Smoke, Tailored Spa, Trax Burgundy, Trax Sequoia, Vacation Aqua, Vacation Blue, Vacation Mist, Veena Spa, Vista Dune, Vista Indigo, Zara Cinnamon, Zenith Sand"
5167.0,692-L,San Cristobal Left Sectional,San Cristobal,Deep Seating,Sectionals,,,"The O.W. Lee San Cristóbal Sectional allows for flexible seating arrangements while maintaining the collection’s ornate elegance. Flowing lines and detailed craftsmanship create a cohesive, luxurious outdoor seating experience. O.W. Lee is renowned for its exceptional quality, supported by an industry-leading warranty. Our frames are covered by a 20-year structural warranty, and the finish is guaranteed against fading, blistering, and peeling for 5 years. Cushions and fabrics are also backed by a 5-year warranty. With a selection of 10 elegant frame finishes and over 100 fabric options, customers can easily customize each piece to seamlessly complement their individual style.",True,True,True,"Aluminum, Wrought Iron",,,"Carbon Black, Copper Creek, Espresso, Graphite, Rosewood, Sable, Sand Dollar, Sandalwood, Shadow Grey, Velvet White",,"Abra Denim, Alvarez Indigo, Beckon Hemp, Beckon Shell, Belgian Linen Sand, Big Idea Indigo, Big Idea Steel, Capra Shadow, Chartres Cloud, Chartres Graphite, Chartres Truffle, Chinchilla Aluminum, Chinchilla White, Crete Stone, Envision Teak, Escher Greige, Esti Lagoon, Esti Marine, Esti Onyx, Falcon Sand, Falcon Spa, Falcon White, Flagship Stone, Harris Stone, Hayden Taupe, Juniper Mesa Indigo, Kindle Indigo, Kindle Silk, Kismet Moss, Lacework Stone, Ledger Heron, Ledger Indigo, Liberty Charcoal, Metz Dove, Mojave Twill Elk, Mojave Twill Turquoise, Muscle Beach Grey, Muscle Beach Tweed, Namibia Grey, Optimist Clay, Painterly View, Pashmina Flannel, Piazza Burlap, Piazza Cloud, Piazza Dove, Piazza Indigo, Piazza Mist, Piazza Vapor, Pique Ash, Pique Gravel, Pique Midnight, Posh Ash, Posh Graphite, Posh Oat, Posh Pebble, Posh Sapphire, Posh Shitake, Posh Snow, Precise Fawn, Precise Spring, Pyrenees White, Recess Smoke, Sahara Café, Sahara Denim, Santara Mist, Sterling Alpaca, Stitches Slate, Surpass Stone, Switch Ash, Switch Flax, Switch Silver, Tailored Smoke, Tailored Spa, Trax Burgundy, Trax Sequoia, Vacation Aqua, Vacation Blue, Vacation Mist, Veena Spa, Vista Dune, Vista Indigo, Zara Cinnamon, Zenith Sand"
5160.0,695-CC,San Cristobal Lounge Chair,San Cristobal,Deep Seating,Lounge Chairs,,,"The O.W. Lee San Cristóbal Lounge Chair captures the romance of Old Havana through flowing curves and handcrafted metalwork. Plush cushions and refined detailing make this outdoor lounge chair ideal for relaxed yet elegant outdoor living. O.W. Lee is renowned for its exceptional quality, supported by an industry-leading warranty. Our frames are covered by a 20-year structural warranty, and the finish is guaranteed against fading, blistering, and peeling for 5 years. Cushions and fabrics are also backed by a 5-year warranty. With a selection of 10 elegant frame finishes and over 100 fabric options, customers can easily customize each piece to seamlessly complement their individual style.",True,True,True,"Aluminum, Wrought Iron",,,"Carbon Black, Copper Creek, Espresso, Graphite, Rosewood, Sable, Sand Dollar, Sandalwood, Shadow Grey, Velvet White",,"Abra Denim, Alvarez Indigo, Beckon Hemp, Beckon Shell, Belgian Linen Sand, Big Idea Indigo, Big Idea Steel, Capra Shadow, Chartres Cloud, Chartres Graphite, Chartres Truffle, Chinchilla Aluminum, Chinchilla White, Crete Stone, Envision Teak, Escher Greige, Esti Lagoon, Esti Marine, Esti Onyx, Falcon Sand, Falcon Spa, Falcon White, Flagship Stone, Harris Stone, Hayden Taupe, Juniper Mesa Indigo, Kindle Indigo, Kindle Silk, Kismet Moss, Lacework Stone, Ledger Heron, Ledger Indigo, Liberty Charcoal, Metz Dove, Mojave Twill Elk, Mojave Twill Turquoise, Muscle Beach Grey, Muscle Beach Tweed, Namibia Grey, Optimist Clay, Painterly View, Pashmina Flannel, Piazza Burlap, Piazza Cloud, Piazza Dove, Piazza Indigo, Piazza Mist, Piazza Vapor, Pique Ash, Pique Gravel, Pique Midnight, Posh Ash, Posh Graphite, Posh Oat, Posh Pebble, Posh Sapphire, Posh Shitake, Posh Snow, Precise Fawn, Precise Spring, Pyrenees White, Recess Smoke, Sahara Café, Sahara Denim, Santara Mist, Sterling Alpaca, Stitches Slate, Surpass Stone, Switch Ash, Switch Flax, Switch Silver, Tailored Smoke, Tailored Spa, Trax Burgundy, Trax Sequoia, Vacation Aqua, Vacation Blue, Vacation Mist, Veena Spa, Vista Dune, Vista Indigo, Zara Cinnamon, Zenith Sand"
5163.0,695-2S,San Cristobal Love Seat,San Cristobal,Deep Seating,Love Seats,,,"The O.W. Lee San Cristóbal Love Seat offers intimate seating infused with Old World charm. Its elegant curves and decorative metal details create a welcoming focal point for refined outdoor conversations. Quality & Customization O.W. Lee is renowned for its exceptional quality, supported by an industry-leading warranty. Our frames are covered by a 20-year structural warranty, and the finish is guaranteed against fading, blistering, and peeling for 5 years. Cushions and fabrics are also backed by a 5-year warranty. With a selection of 10 elegant frame finishes and over 100 fabric options, customers can easily customize each piece to seamlessly complement their individual style.",True,True,True,"Aluminum, Wrought Iron",,,"Carbon Black, Copper Creek, Espresso, Graphite, Rosewood, Sable, Sand Dollar, Sandalwood, Shadow Grey, Velvet White",,"Abra Denim, Alvarez Indigo, Beckon Hemp, Beckon Shell, Belgian Linen Sand, Big Idea Indigo, Big Idea Steel, Capra Shadow, Chartres Cloud, Chartres Graphite, Chartres Truffle, Chinchilla Aluminum, Chinchilla White, Crete Stone, Envision Teak, Escher Greige, Esti Lagoon, Esti Marine, Esti Onyx, Falcon Sand, Falcon Spa, Falcon White, Flagship Stone, Harris Stone, Hayden Taupe, Juniper Mesa Indigo, Kindle Indigo, Kindle Silk, Kismet Moss, Lacework Stone, Ledger Heron, Ledger Indigo, Liberty Charcoal, Metz Dove, Mojave Twill Elk, Mojave Twill Turquoise, Muscle Beach Grey, Muscle Beach Tweed, Namibia Grey, Optimist Clay, Painterly View, Pashmina Flannel, Piazza Burlap, Piazza Cloud, Piazza Dove, Piazza Indigo, Piazza Mist, Piazza Vapor, Pique Ash, Pique Gravel, Pique Midnight, Posh Ash, Posh Graphite, Posh Oat, Posh Pebble, Posh Sapphire, Posh Shitake, Posh Snow, Precise Fawn, Precise Spring, Pyrenees White, Recess Smoke, Sahara Café, Sahara Denim, Santara Mist, Sterling Alpaca, Stitches Slate, Surpass Stone, Switch Ash, Switch Flax, Switch Silver, Tailored Smoke, Tailored Spa, Trax Burgundy, Trax Sequoia, Vacation Aqua, Vacation Blue, Vacation Mist, Veena Spa, Vista Dune, Vista Indigo, Zara Cinnamon, Zenith Sand"
5168.0,696-O,San Cristobal Ottoman,San Cristobal,Deep Seating,Ottomans,,,"The O.W. Lee San Cristóbal Ottoman adds versatility and comfort to seating groupings. Its sculpted frame and plush cushion echo the collection’s Old World influence while serving as a functional accent piece. O.W. Lee is renowned for its exceptional quality, supported by an industry-leading warranty. Our frames are covered by a 20-year structural warranty, and the finish is guaranteed against fading, blistering, and peeling for 5 years. Cushions and fabrics are also backed by a 5-year warranty. With a selection of 10 elegant frame finishes and over 100 fabric options, customers can easily customize each piece to seamlessly complement their individual style.",True,True,True,"Aluminum, Wrought Iron",,,"Carbon Black, Copper Creek, Espresso, Graphite, Rosewood, Sable, Sand Dollar, Sandalwood, Shadow Grey, Velvet White",,"Abra Denim, Alvarez Indigo, Beckon Hemp, Beckon Shell, Belgian Linen Sand, Big Idea Indigo, Big Idea Steel, Capra Shadow, Chartres Cloud, Chartres Graphite, Chartres Truffle, Chinchilla Aluminum, Chinchilla White, Crete Stone, Envision Teak, Escher Greige, Esti Lagoon, Esti Marine, Esti Onyx, Falcon Sand, Falcon Spa, Falcon White, Flagship Stone, Harris Stone, Hayden Taupe, Juniper Mesa Indigo, Kindle Indigo, Kindle Silk, Kismet Moss, Lacework Stone, Ledger Heron, Ledger Indigo, Liberty Charcoal, Metz Dove, Mojave Twill Elk, Mojave Twill Turquoise, Muscle Beach Grey, Muscle Beach Tweed, Namibia Grey, Optimist Clay, Painterly View, Pashmina Flannel, Piazza Burlap, Piazza Cloud, Piazza Dove, Piazza Indigo, Piazza Mist, Piazza Vapor, Pique Ash, Pique Gravel, Pique Midnight, Posh Ash, Posh Graphite, Posh Oat, Posh Pebble, Posh Sapphire, Posh Shitake, Posh Snow, Precise Fawn, Precise Spring, Pyrenees White, Recess Smoke, Sahara Café, Sahara Denim, Santara Mist, Sterling Alpaca, Stitches Slate, Surpass Stone, Switch Ash, Switch Flax, Switch Silver, Tailored Smoke, Tailored Spa, Trax Burgundy, Trax Sequoia, Vacation Aqua, Vacation Blue, Vacation Mist, Veena Spa, Vista Dune, Vista Indigo, Zara Cinnamon, Zenith Sand"
5165.0,692-R,San Cristobal Right Sectional,San Cristobal,Deep Seating,Sectionals,,,"The O.W. Lee San Cristóbal Sectional allows for flexible seating arrangements while maintaining the collection’s ornate elegance. Flowing lines and detailed craftsmanship create a cohesive, luxurious outdoor seating experience. O.W. Lee is renowned for its exceptional quality, supported by an industry-leading warranty. Our frames are covered by a 20-year structural warranty, and the finish is guaranteed against fading, blistering, and peeling for 5 years. Cushions and fabrics are also backed by a 5-year warranty. With a selection of 10 elegant frame finishes and over 100 fabric options, customers can easily customize each piece to seamlessly complement their individual style.",True,True,True,"Aluminum, Wrought Iron",,,"Carbon Black, Copper Creek, Espresso, Graphite, Rosewood, Sable, Sand Dollar, Sandalwood, Shadow Grey, Velvet White",,"Abra Denim, Alvarez Indigo, Beckon Hemp, Beckon Shell, Belgian Linen Sand, Big Idea Indigo, Big Idea Steel, Capra Shadow, Chartres Cloud, Chartres Graphite, Chartres Truffle, Chinchilla Aluminum, Chinchilla White, Crete Stone, Envision Teak, Escher Greige, Esti Lagoon, Esti Marine, Esti Onyx, Falcon Sand, Falcon Spa, Falcon White, Flagship Stone, Harris Stone, Hayden Taupe, Juniper Mesa Indigo, Kindle Indigo, Kindle Silk, Kismet Moss, Lacework Stone, Ledger Heron, Ledger Indigo, Liberty Charcoal, Metz Dove, Mojave Twill Elk, Mojave Twill Turquoise, Muscle Beach Grey, Muscle Beach Tweed, Namibia Grey, Optimist Clay, Painterly View, Pashmina Flannel, Piazza Burlap, Piazza Cloud, Piazza Dove, Piazza Indigo, Piazza Mist, Piazza Vapor, Pique Ash, Pique Gravel, Pique Midnight, Posh Ash, Posh Graphite, Posh Oat, Posh Pebble, Posh Sapphire, Posh Shitake, Posh Snow, Precise Fawn, Precise Spring, Pyrenees White, Recess Smoke, Sahara Café, Sahara Denim, Santara Mist, Sterling Alpaca, Stitches Slate, Surpass Stone, Switch Ash, Switch Flax, Switch Silver, Tailored Smoke, Tailored Spa, Trax Burgundy, Trax Sequoia, Vacation Aqua, Vacation Blue, Vacation Mist, Veena Spa, Vista Dune, Vista Indigo, Zara Cinnamon, Zenith Sand"
5164.0,695-3S,San Cristobal Sofa,San Cristobal,Deep Seating,Sofas,,,"The O.W. Lee San Cristóbal Sofa delivers spacious comfort framed by Spanish Baroque artistry. Hand-forged detailing and generous cushions make this outdoor sofa a statement piece for sophisticated outdoor environments. O.W. Lee is renowned for its exceptional quality, supported by an industry-leading warranty. Our frames are covered by a 20-year structural warranty, and the finish is guaranteed against fading, blistering, and peeling for 5 years. Cushions and fabrics are also backed by a 5-year warranty. With a selection of 10 elegant frame finishes and over 100 fabric options, customers can easily customize each piece to seamlessly complement their individual style.",True,True,True,"Aluminum, Wrought Iron",,,"Carbon Black, Copper Creek, Espresso, Graphite, Rosewood, Sable, Sand Dollar, Sandalwood, Shadow Grey, Velvet White",,"Abra Denim, Alvarez Indigo, Beckon Hemp, Beckon Shell, Belgian Linen Sand, Big Idea Indigo, Big Idea Steel, Capra Shadow, Chartres Cloud, Chartres Graphite, Chartres Truffle, Chinchilla Aluminum, Chinchilla White, Crete Stone, Envision Teak, Escher Greige, Esti Lagoon, Esti Marine, Esti Onyx, Falcon Sand, Falcon Spa, Falcon White, Flagship Stone, Harris Stone, Hayden Taupe, Juniper Mesa Indigo, Kindle Indigo, Kindle Silk, Kismet Moss, Lacework Stone, Ledger Heron, Ledger Indigo, Liberty Charcoal, Metz Dove, Mojave Twill Elk, Mojave Twill Turquoise, Muscle Beach Grey, Muscle Beach Tweed, Namibia Grey, Optimist Clay, Painterly View, Pashmina Flannel, Piazza Burlap, Piazza Cloud, Piazza Dove, Piazza Indigo, Piazza Mist, Piazza Vapor, Pique Ash, Pique Gravel, Pique Midnight, Posh Ash, Posh Graphite, Posh Oat, Posh Pebble, Posh Sapphire, Posh Shitake, Posh Snow, Precise Fawn, Precise Spring, Pyrenees White, Recess Smoke, Sahara Café, Sahara Denim, Santara Mist, Sterling Alpaca, Stitches Slate, Surpass Stone, Switch Ash, Switch Flax, Switch Silver, Tailored Smoke, Tailored Spa, Trax Burgundy, Trax Sequoia, Vacation Aqua, Vacation Blue, Vacation Mist, Veena Spa, Vista Dune, Vista Indigo, Zara Cinnamon, Zenith Sand"
5161.0,695-SB,San Cristobal Spring Base Lounge Chair,San Cristobal,Deep Seating,Lounge Chairs,,,"The O.W. Lee San Cristóbal Spring Base Lounge Chair enhances comfort with subtle movement while preserving the collection’s ornate character. Its spring base adds flexibility, making it a luxurious choice for leisurely outdoor seating. O.W. Lee is renowned for its exceptional quality, supported by an industry-leading warranty. Our frames are covered by a 20-year structural warranty, and the finish is guaranteed against fading, blistering, and peeling for 5 years. Cushions and fabrics are also backed by a 5-year warranty. With a selection of 10 elegant frame finishes and over 100 fabric options, customers can easily customize each piece to seamlessly complement their individual style.",True,True,True,"Aluminum, Wrought Iron",,,"Carbon Black, Copper Creek, Espresso, Graphite, Rosewood, Sable, Sand Dollar, Sandalwood, Shadow Grey, Velvet White",,"Abra Denim, Alvarez Indigo, Beckon Hemp, Beckon Shell, Belgian Linen Sand, Big Idea Indigo, Big Idea Steel, Capra Shadow, Chartres Cloud, Chartres Graphite, Chartres Truffle, Chinchilla Aluminum, Chinchilla White, Crete Stone, Envision Teak, Escher Greige, Esti Lagoon, Esti Marine, Esti Onyx, Falcon Sand, Falcon Spa, Falcon White, Flagship Stone, Harris Stone, Hayden Taupe, Juniper Mesa Indigo, Kindle Indigo, Kindle Silk, Kismet Moss, Lacework Stone, Ledger Heron, Ledger Indigo, Liberty Charcoal, Metz Dove, Mojave Twill Elk, Mojave Twill Turquoise, Muscle Beach Grey, Muscle Beach Tweed, Namibia Grey, Optimist Clay, Painterly View, Pashmina Flannel, Piazza Burlap, Piazza Cloud, Piazza Dove, Piazza Indigo, Piazza Mist, Piazza Vapor, Pique Ash, Pique Gravel, Pique Midnight, Posh Ash, Posh Graphite, Posh Oat, Posh Pebble, Posh Sapphire, Posh Shitake, Posh Snow, Precise Fawn, Precise Spring, Pyrenees White, Recess Smoke, Sahara Café, Sahara Denim, Santara Mist, Sterling Alpaca, Stitches Slate, Surpass Stone, Switch Ash, Switch Flax, Switch Silver, Tailored Smoke, Tailored Spa, Trax Burgundy, Trax Sequoia, Vacation Aqua, Vacation Blue, Vacation Mist, Veena Spa, Vista Dune, Vista Indigo, Zara Cinnamon, Zenith Sand"
5162.0,695-SR,San Cristobal Swivel Rocker Lounge Chair,San Cristobal,Deep Seating,Lounge Chairs,,,"The O.W. Lee San Cristóbal Swivel Rocker Lounge Chair blends artistic craftsmanship with smooth motion. Swivel and gentle rocking combine with intricate scrollwork to create a lounge chair that is both expressive and exceptionally comfortable. O.W. Lee is renowned for its exceptional quality, supported by an industry-leading warranty. Our frames are covered by a 20-year structural warranty, and the finish is guaranteed against fading, blistering, and peeling for 5 years. Cushions and fabrics are also backed by a 5-year warranty. With a selection of 10 elegant frame finishes and over 100 fabric options, customers can easily customize each piece to seamlessly complement their individual style.",True,True,True,"Aluminum, Wrought Iron",,,"Carbon Black, Copper Creek, Espresso, Graphite, Rosewood, Sable, Sand Dollar, Sandalwood, Shadow Grey, Velvet White",,"Abra Denim, Alvarez Indigo, Beckon Hemp, Beckon Shell, Belgian Linen Sand, Big Idea Indigo, Big Idea Steel, Capra Shadow, Chartres Cloud, Chartres Graphite, Chartres Truffle, Chinchilla Aluminum, Chinchilla White, Crete Stone, Envision Teak, Escher Greige, Esti Lagoon, Esti Marine, Esti Onyx, Falcon Sand, Falcon Spa, Falcon White, Flagship Stone, Harris Stone, Hayden Taupe, Juniper Mesa Indigo, Kindle Indigo, Kindle Silk, Kismet Moss, Lacework Stone, Ledger Heron, Ledger Indigo, Liberty Charcoal, Metz Dove, Mojave Twill Elk, Mojave Twill Turquoise, Muscle Beach Grey, Muscle Beach Tweed, Namibia Grey, Optimist Clay, Painterly View, Pashmina Flannel, Piazza Burlap, Piazza Cloud, Piazza Dove, Piazza Indigo, Piazza Mist, Piazza Vapor, Pique Ash, Pique Gravel, Pique Midnight, Posh Ash, Posh Graphite, Posh Oat, Posh Pebble, Posh Sapphire, Posh Shitake, Posh Snow, Precise Fawn, Precise Spring, Pyrenees White, Recess Smoke, Sahara Café, Sahara Denim, Santara Mist, Sterling Alpaca, Stitches Slate, Surpass Stone, Switch Ash, Switch Flax, Switch Silver, Tailored Smoke, Tailored Spa, Trax Burgundy, Trax Sequoia, Vacation Aqua, Vacation Blue, Vacation Mist, Veena Spa, Vista Dune, Vista Indigo, Zara Cinnamon, Zenith Sand"
5218.0,77187-B,Studio Bench,Studio,Deep Seating,Benches,,,"The O.W. Lee Studio Bench offers flexible seating with a modern, understated profile. Its durable aluminum construction and clean design make this outdoor bench a functional accent for dining tables, entry spaces, or casual gathering areas. O.W. Lee is renowned for its exceptional quality, supported by an industry-leading warranty. Our frames are covered by a 20-year structural warranty, and the finish is guaranteed against fading, blistering, and peeling for 5 years. Cushions and fabrics are also backed by a 5-year warranty. With a selection of 10 elegant frame finishes and over 100 fabric options, including 16 sling fabrics, customers can easily customize each piece to seamlessly complement their individual style.",True,True,True,Aluminum,,,"Carbon Black, Copper Creek, Espresso, Graphite, Rosewood, Sable, Sand Dollar, Sandalwood, Shadow Grey, Velvet White",,"Abra Denim, Alvarez Indigo, Beckon Hemp, Beckon Shell, Belgian Linen Sand, Big Idea Indigo, Big Idea Steel, Capra Shadow, Chartres Cloud, Chartres Graphite, Chartres Truffle, Chinchilla Aluminum, Chinchilla White, Crete Stone, Envision Teak, Escher Greige, Esti Lagoon, Esti Marine, Esti Onyx, Falcon Sand, Falcon Spa, Falcon White, Flagship Stone, Harris Stone, Hayden Taupe, Juniper Mesa Indigo, Kindle Indigo, Kindle Silk, Kismet Moss, Lacework Stone, Ledger Heron, Ledger Indigo, Liberty Charcoal, Metz Dove, Mojave Twill Elk, Mojave Twill Turquoise, Muscle Beach Grey, Muscle Beach Tweed, Namibia Grey, Optimist Clay, Painterly View, Pashmina Flannel, Piazza Burlap, Piazza Cloud, Piazza Dove, Piazza Indigo, Piazza Mist, Piazza Vapor, Pique Ash, Pique Gravel, Pique Midnight, Posh Ash, Posh Graphite, Posh Oat, Posh Pebble, Posh Sapphire, Posh Shitake, Posh Snow, Precise Fawn, Precise Spring, Pyrenees White, Recess Smoke, Sahara Café, Sahara Denim, Santara Mist, Sterling Alpaca, Stitches Slate, Surpass Stone, Switch Ash, Switch Flax, Switch Silver, Tailored Smoke, Tailored Spa, Trax Burgundy, Trax Sequoia, Vacation Aqua, Vacation Blue, Vacation Mist, Veena Spa, Vista Dune, Vista Indigo, Zara Cinnamon, Zenith Sand"
5216.0,77186-C,Studio Center Sectional,Studio,Deep Seating,Sectionals,,,"The O.W. Lee Studio Sectional Collection allows for customized outdoor seating configurations with a clean, modern aesthetic. Featuring modular aluminum frames and plush cushions, these outdoor sectional pieces offer flexibility, comfort, and long-lasting performance for larger outdoor living spaces. O.W. Lee is renowned for its exceptional quality, supported by an industry-leading warranty. Our frames are covered by a 20-year structural warranty, and the finish is guaranteed against fading, blistering, and peeling for 5 years. Cushions and fabrics are also backed by a 5-year warranty. With a selection of 10 elegant frame finishes and over 100 fabric options, including 16 sling fabrics, customers can easily customize each piece to seamlessly complement their individual style.",True,True,True,Aluminum,,,"Carbon Black, Copper Creek, Espresso, Graphite, Rosewood, Sable, Sand Dollar, Sandalwood, Shadow Grey, Velvet White",,"Abra Denim, Alvarez Indigo, Beckon Hemp, Beckon Shell, Belgian Linen Sand, Big Idea Indigo, Big Idea Steel, Capra Shadow, Chartres Cloud, Chartres Graphite, Chartres Truffle, Chinchilla Aluminum, Chinchilla White, Crete Stone, Envision Teak, Escher Greige, Esti Lagoon, Esti Marine, Esti Onyx, Falcon Sand, Falcon Spa, Falcon White, Flagship Stone, Harris Stone, Hayden Taupe, Juniper Mesa Indigo, Kindle Indigo, Kindle Silk, Kismet Moss, Lacework Stone, Ledger Heron, Ledger Indigo, Liberty Charcoal, Metz Dove, Mojave Twill Elk, Mojave Twill Turquoise, Muscle Beach Grey, Muscle Beach Tweed, Namibia Grey, Optimist Clay, Painterly View, Pashmina Flannel, Piazza Burlap, Piazza Cloud, Piazza Dove, Piazza Indigo, Piazza Mist, Piazza Vapor, Pique Ash, Pique Gravel, Pique Midnight, Posh Ash, Posh Graphite, Posh Oat, Posh Pebble, Posh Sapphire, Posh Shitake, Posh Snow, Precise Fawn, Precise Spring, Pyrenees White, Recess Smoke, Sahara Café, Sahara Denim, Santara Mist, Sterling Alpaca, Stitches Slate, Surpass Stone, Switch Ash, Switch Flax, Switch Silver, Tailored Smoke, Tailored Spa, Trax Burgundy, Trax Sequoia, Vacation Aqua, Vacation Blue, Vacation Mist, Veena Spa, Vista Dune, Vista Indigo, Zara Cinnamon, Zenith Sand"
5215.0,77186-CR,Studio Corner Sectional,Studio,Deep Seating,Sectionals,,,"The O.W. Lee Studio Sectional Collection allows for customized outdoor seating configurations with a clean, modern aesthetic. Featuring modular aluminum frames and plush cushions, these outdoor sectional pieces offer flexibility, comfort, and long-lasting performance for larger outdoor living spaces. O.W. Lee is renowned for its exceptional quality, supported by an industry-leading warranty. Our frames are covered by a 20-year structural warranty, and the finish is guaranteed against fading, blistering, and peeling for 5 years. Cushions and fabrics are also backed by a 5-year warranty. With a selection of 10 elegant frame finishes and over 100 fabric options, including 16 sling fabrics, customers can easily customize each piece to seamlessly complement their individual style.",True,True,True,Aluminum,,,"Carbon Black, Copper Creek, Espresso, Graphite, Rosewood, Sable, Sand Dollar, Sandalwood, Shadow Grey, Velvet White",,"Abra Denim, Alvarez Indigo, Beckon Hemp, Beckon Shell, Belgian Linen Sand, Big Idea Indigo, Big Idea Steel, Capra Shadow, Chartres Cloud, Chartres Graphite, Chartres Truffle, Chinchilla Aluminum, Chinchilla White, Crete Stone, Envision Teak, Escher Greige, Esti Lagoon, Esti Marine, Esti Onyx, Falcon Sand, Falcon Spa, Falcon White, Flagship Stone, Harris Stone, Hayden Taupe, Juniper Mesa Indigo, Kindle Indigo, Kindle Silk, Kismet Moss, Lacework Stone, Ledger Heron, Ledger Indigo, Liberty Charcoal, Metz Dove, Mojave Twill Elk, Mojave Twill Turquoise, Muscle Beach Grey, Muscle Beach Tweed, Namibia Grey, Optimist Clay, Painterly View, Pashmina Flannel, Piazza Burlap, Piazza Cloud, Piazza Dove, Piazza Indigo, Piazza Mist, Piazza Vapor, Pique Ash, Pique Gravel, Pique Midnight, Posh Ash, Posh Graphite, Posh Oat, Posh Pebble, Posh Sapphire, Posh Shitake, Posh Snow, Precise Fawn, Precise Spring, Pyrenees White, Recess Smoke, Sahara Café, Sahara Denim, Santara Mist, Sterling Alpaca, Stitches Slate, Surpass Stone, Switch Ash, Switch Flax, Switch Silver, Tailored Smoke, Tailored Spa, Trax Burgundy, Trax Sequoia, Vacation Aqua, Vacation Blue, Vacation Mist, Veena Spa, Vista Dune, Vista Indigo, Zara Cinnamon, Zenith Sand"
5217.0,77186-2L,Studio Left Double Sectional,Studio,Deep Seating,Sectionals,,,"The O.W. Lee Studio Sectional Collection allows for customized outdoor seating configurations with a clean, modern aesthetic. Featuring modular aluminum frames and plush cushions, these outdoor sectional pieces offer flexibility, comfort, and long-lasting performance for larger outdoor living spaces. O.W. Lee is renowned for its exceptional quality, supported by an industry-leading warranty. Our frames are covered by a 20-year structural warranty, and the finish is guaranteed against fading, blistering, and peeling for 5 years. Cushions and fabrics are also backed by a 5-year warranty. With a selection of 10 elegant frame finishes and over 100 fabric options, including 16 sling fabrics, customers can easily customize each piece to seamlessly complement their individual style.",True,True,True,Aluminum,,,"Carbon Black, Copper Creek, Espresso, Graphite, Rosewood, Sable, Sand Dollar, Sandalwood, Shadow Grey, Velvet White",,"Abra Denim, Alvarez Indigo, Beckon Hemp, Beckon Shell, Belgian Linen Sand, Big Idea Indigo, Big Idea Steel, Capra Shadow, Chartres Cloud, Chartres Graphite, Chartres Truffle, Chinchilla Aluminum, Chinchilla White, Crete Stone, Envision Teak, Escher Greige, Esti Lagoon, Esti Marine, Esti Onyx, Falcon Sand, Falcon Spa, Falcon White, Flagship Stone, Harris Stone, Hayden Taupe, Juniper Mesa Indigo, Kindle Indigo, Kindle Silk, Kismet Moss, Lacework Stone, Ledger Heron, Ledger Indigo, Liberty Charcoal, Metz Dove, Mojave Twill Elk, Mojave Twill Turquoise, Muscle Beach Grey, Muscle Beach Tweed, Namibia Grey, Optimist Clay, Painterly View, Pashmina Flannel, Piazza Burlap, Piazza Cloud, Piazza Dove, Piazza Indigo, Piazza Mist, Piazza Vapor, Pique Ash, Pique Gravel, Pique Midnight, Posh Ash, Posh Graphite, Posh Oat, Posh Pebble, Posh Sapphire, Posh Shitake, Posh Snow, Precise Fawn, Precise Spring, Pyrenees White, Recess Smoke, Sahara Café, Sahara Denim, Santara Mist, Sterling Alpaca, Stitches Slate, Surpass Stone, Switch Ash, Switch Flax, Switch Silver, Tailored Smoke, Tailored Spa, Trax Burgundy, Trax Sequoia, Vacation Aqua, Vacation Blue, Vacation Mist, Veena Spa, Vista Dune, Vista Indigo, Zara Cinnamon, Zenith Sand"
5210.0,77186-CC,Studio Lounge Chair,Studio,Deep Seating,Lounge Chairs,,,"The O.W. Lee Studio Lounge Chair combines minimalist design with inviting comfort. Its clean-lined aluminum frame and plush cushions create a sophisticated outdoor lounge chair that fits effortlessly into modern patios and outdoor living areas. O.W. Lee is renowned for its exceptional quality, supported by an industry-leading warranty. Our frames are covered by a 20-year structural warranty, and the finish is guaranteed against fading, blistering, and peeling for 5 years. Cushions and fabrics are also backed by a 5-year warranty. With a selection of 10 elegant frame finishes and over 100 fabric options, including 16 sling fabrics, customers can easily customize each piece to seamlessly complement their individual style.",True,True,True,Aluminum,,,"Carbon Black, Copper Creek, Espresso, Graphite, Rosewood, Sable, Sand Dollar, Sandalwood, Shadow Grey, Velvet White",,"Abra Denim, Alvarez Indigo, Beckon Hemp, Beckon Shell, Belgian Linen Sand, Big Idea Indigo, Big Idea Steel, Capra Shadow, Chartres Cloud, Chartres Graphite, Chartres Truffle, Chinchilla Aluminum, Chinchilla White, Crete Stone, Envision Teak, Escher Greige, Esti Lagoon, Esti Marine, Esti Onyx, Falcon Sand, Falcon Spa, Falcon White, Flagship Stone, Harris Stone, Hayden Taupe, Juniper Mesa Indigo, Kindle Indigo, Kindle Silk, Kismet Moss, Lacework Stone, Ledger Heron, Ledger Indigo, Liberty Charcoal, Metz Dove, Mojave Twill Elk, Mojave Twill Turquoise, Muscle Beach Grey, Muscle Beach Tweed, Namibia Grey, Optimist Clay, Painterly View, Pashmina Flannel, Piazza Burlap, Piazza Cloud, Piazza Dove, Piazza Indigo, Piazza Mist, Piazza Vapor, Pique Ash, Pique Gravel, Pique Midnight, Posh Ash, Posh Graphite, Posh Oat, Posh Pebble, Posh Sapphire, Posh Shitake, Posh Snow, Precise Fawn, Precise Spring, Pyrenees White, Recess Smoke, Sahara Café, Sahara Denim, Santara Mist, Sterling Alpaca, Stitches Slate, Surpass Stone, Switch Ash, Switch Flax, Switch Silver, Tailored Smoke, Tailored Spa, Trax Burgundy, Trax Sequoia, Vacation Aqua, Vacation Blue, Vacation Mist, Veena Spa, Vista Dune, Vista Indigo, Zara Cinnamon, Zenith Sand"
5212.0,77186-2S,Studio Love Seat,Studio,Deep Seating,Love Seats,,,"The O.W. Lee Studio Love Seat offers streamlined seating for two with a modern, approachable feel. Built with a durable aluminum frame and comfortable cushions, this outdoor aluminum love seat is ideal for smaller spaces or paired seating arrangements. O.W. Lee is renowned for its exceptional quality, supported by an industry-leading warranty. Our frames are covered by a 20-year structural warranty, and the finish is guaranteed against fading, blistering, and peeling for 5 years. Cushions and fabrics are also backed by a 5-year warranty. With a selection of 10 elegant frame finishes and over 100 fabric options, including 16 sling fabrics, customers can easily customize each piece to seamlessly complement their individual style.",True,True,True,Aluminum,,,"Carbon Black, Copper Creek, Espresso, Graphite, Rosewood, Sable, Sand Dollar, Sandalwood, Shadow Grey, Velvet White",,"Abra Denim, Alvarez Indigo, Beckon Hemp, Beckon Shell, Belgian Linen Sand, Big Idea Indigo, Big Idea Steel, Capra Shadow, Chartres Cloud, Chartres Graphite, Chartres Truffle, Chinchilla Aluminum, Chinchilla White, Crete Stone, Envision Teak, Escher Greige, Esti Lagoon, Esti Marine, Esti Onyx, Falcon Sand, Falcon Spa, Falcon White, Flagship Stone, Harris Stone, Hayden Taupe, Juniper Mesa Indigo, Kindle Indigo, Kindle Silk, Kismet Moss, Lacework Stone, Ledger Heron, Ledger Indigo, Liberty Charcoal, Metz Dove, Mojave Twill Elk, Mojave Twill Turquoise, Muscle Beach Grey, Muscle Beach Tweed, Namibia Grey, Optimist Clay, Painterly View, Pashmina Flannel, Piazza Burlap, Piazza Cloud, Piazza Dove, Piazza Indigo, Piazza Mist, Piazza Vapor, Pique Ash, Pique Gravel, Pique Midnight, Posh Ash, Posh Graphite, Posh Oat, Posh Pebble, Posh Sapphire, Posh Shitake, Posh Snow, Precise Fawn, Precise Spring, Pyrenees White, Recess Smoke, Sahara Café, Sahara Denim, Santara Mist, Sterling Alpaca, Stitches Slate, Surpass Stone, Switch Ash, Switch Flax, Switch Silver, Tailored Smoke, Tailored Spa, Trax Burgundy, Trax Sequoia, Vacation Aqua, Vacation Blue, Vacation Mist, Veena Spa, Vista Dune, Vista Indigo, Zara Cinnamon, Zenith Sand"
5219.0,77180-O,Studio Ottoman,Studio,Deep Seating,Ottomans,,,"The O.W. Lee Studio Ottoman adds versatility and comfort to Studio seating arrangements. Designed with a minimalist aluminum frame and tailored cushion, this outdoor patio ottoman functions as a footrest or additional seating. O.W. Lee is renowned for its exceptional quality, supported by an industry-leading warranty. Our frames are covered by a 20-year structural warranty, and the finish is guaranteed against fading, blistering, and peeling for 5 years. Cushions and fabrics are also backed by a 5-year warranty. With a selection of 10 elegant frame finishes and over 100 fabric options, including 16 sling fabrics, customers can easily customize each piece to seamlessly complement their individual style.",True,True,True,Aluminum,,,"Carbon Black, Copper Creek, Espresso, Graphite, Rosewood, Sable, Sand Dollar, Sandalwood, Shadow Grey, Velvet White",,"Abra Denim, Alvarez Indigo, Beckon Hemp, Beckon Shell, Belgian Linen Sand, Big Idea Indigo, Big Idea Steel, Capra Shadow, Chartres Cloud, Chartres Graphite, Chartres Truffle, Chinchilla Aluminum, Chinchilla White, Crete Stone, Envision Teak, Escher Greige, Esti Lagoon, Esti Marine, Esti Onyx, Falcon Sand, Falcon Spa, Falcon White, Flagship Stone, Harris Stone, Hayden Taupe, Juniper Mesa Indigo, Kindle Indigo, Kindle Silk, Kismet Moss, Lacework Stone, Ledger Heron, Ledger Indigo, Liberty Charcoal, Metz Dove, Mojave Twill Elk, Mojave Twill Turquoise, Muscle Beach Grey, Muscle Beach Tweed, Namibia Grey, Optimist Clay, Painterly View, Pashmina Flannel, Piazza Burlap, Piazza Cloud, Piazza Dove, Piazza Indigo, Piazza Mist, Piazza Vapor, Pique Ash, Pique Gravel, Pique Midnight, Posh Ash, Posh Graphite, Posh Oat, Posh Pebble, Posh Sapphire, Posh Shitake, Posh Snow, Precise Fawn, Precise Spring, Pyrenees White, Recess Smoke, Sahara Café, Sahara Denim, Santara Mist, Sterling Alpaca, Stitches Slate, Surpass Stone, Switch Ash, Switch Flax, Switch Silver, Tailored Smoke, Tailored Spa, Trax Burgundy, Trax Sequoia, Vacation Aqua, Vacation Blue, Vacation Mist, Veena Spa, Vista Dune, Vista Indigo, Zara Cinnamon, Zenith Sand"
5214.0,77186-2R,Studio Right Double Sectional,Studio,Deep Seating,Sectionals,,,"The O.W. Lee Studio Sectional Collection allows for customized outdoor seating configurations with a clean, modern aesthetic. Featuring modular aluminum frames and plush cushions, these outdoor sectional pieces offer flexibility, comfort, and long-lasting performance for larger outdoor living spaces. O.W. Lee is renowned for its exceptional quality, supported by an industry-leading warranty. Our frames are covered by a 20-year structural warranty, and the finish is guaranteed against fading, blistering, and peeling for 5 years. Cushions and fabrics are also backed by a 5-year warranty. With a selection of 10 elegant frame finishes and over 100 fabric options, including 16 sling fabrics, customers can easily customize each piece to seamlessly complement their individual style.",True,True,True,Aluminum,,,"Carbon Black, Copper Creek, Espresso, Graphite, Rosewood, Sable, Sand Dollar, Sandalwood, Shadow Grey, Velvet White",,"Abra Denim, Alvarez Indigo, Beckon Hemp, Beckon Shell, Belgian Linen Sand, Big Idea Indigo, Big Idea Steel, Capra Shadow, Chartres Cloud, Chartres Graphite, Chartres Truffle, Chinchilla Aluminum, Chinchilla White, Crete Stone, Envision Teak, Escher Greige, Esti Lagoon, Esti Marine, Esti Onyx, Falcon Sand, Falcon Spa, Falcon White, Flagship Stone, Harris Stone, Hayden Taupe, Juniper Mesa Indigo, Kindle Indigo, Kindle Silk, Kismet Moss, Lacework Stone, Ledger Heron, Ledger Indigo, Liberty Charcoal, Metz Dove, Mojave Twill Elk, Mojave Twill Turquoise, Muscle Beach Grey, Muscle Beach Tweed, Namibia Grey, Optimist Clay, Painterly View, Pashmina Flannel, Piazza Burlap, Piazza Cloud, Piazza Dove, Piazza Indigo, Piazza Mist, Piazza Vapor, Pique Ash, Pique Gravel, Pique Midnight, Posh Ash, Posh Graphite, Posh Oat, Posh Pebble, Posh Sapphire, Posh Shitake, Posh Snow, Precise Fawn, Precise Spring, Pyrenees White, Recess Smoke, Sahara Café, Sahara Denim, Santara Mist, Sterling Alpaca, Stitches Slate, Surpass Stone, Switch Ash, Switch Flax, Switch Silver, Tailored Smoke, Tailored Spa, Trax Burgundy, Trax Sequoia, Vacation Aqua, Vacation Blue, Vacation Mist, Veena Spa, Vista Dune, Vista Indigo, Zara Cinnamon, Zenith Sand"
5213.0,77186-3S,Studio Sofa,Studio,Deep Seating,Sofas,,,"The O.W. Lee Studio Sofa provides generous seating with a sleek, contemporary presence. Featuring a strong aluminum frame and deep cushions, this outdoor aluminum sofa delivers comfort, durability, and clean-lined style for modern outdoor environments. O.W. Lee is renowned for its exceptional quality, supported by an industry-leading warranty. Our frames are covered by a 20-year structural warranty, and the finish is guaranteed against fading, blistering, and peeling for 5 years. Cushions and fabrics are also backed by a 5-year warranty. With a selection of 10 elegant frame finishes and over 100 fabric options, including 16 sling fabrics, customers can easily customize each piece to seamlessly complement their individual style.",True,True,True,Aluminum,,,"Carbon Black, Copper Creek, Espresso, Graphite, Rosewood, Sable, Sand Dollar, Sandalwood, Shadow Grey, Velvet White",,"Abra Denim, Alvarez Indigo, Beckon Hemp, Beckon Shell, Belgian Linen Sand, Big Idea Indigo, Big Idea Steel, Capra Shadow, Chartres Cloud, Chartres Graphite, Chartres Truffle, Chinchilla Aluminum, Chinchilla White, Crete Stone, Envision Teak, Escher Greige, Esti Lagoon, Esti Marine, Esti Onyx, Falcon Sand, Falcon Spa, Falcon White, Flagship Stone, Harris Stone, Hayden Taupe, Juniper Mesa Indigo, Kindle Indigo, Kindle Silk, Kismet Moss, Lacework Stone, Ledger Heron, Ledger Indigo, Liberty Charcoal, Metz Dove, Mojave Twill Elk, Mojave Twill Turquoise, Muscle Beach Grey, Muscle Beach Tweed, Namibia Grey, Optimist Clay, Painterly View, Pashmina Flannel, Piazza Burlap, Piazza Cloud, Piazza Dove, Piazza Indigo, Piazza Mist, Piazza Vapor, Pique Ash, Pique Gravel, Pique Midnight, Posh Ash, Posh Graphite, Posh Oat, Posh Pebble, Posh Sapphire, Posh Shitake, Posh Snow, Precise Fawn, Precise Spring, Pyrenees White, Recess Smoke, Sahara Café, Sahara Denim, Santara Mist, Sterling Alpaca, Stitches Slate, Surpass Stone, Switch Ash, Switch Flax, Switch Silver, Tailored Smoke, Tailored Spa, Trax Burgundy, Trax Sequoia, Vacation Aqua, Vacation Blue, Vacation Mist, Veena Spa, Vista Dune, Vista Indigo, Zara Cinnamon, Zenith Sand"
5211.0,77186-SR,Studio Swivel Rocker Lounge Chair,Studio,Deep Seating,Lounge Chairs,,,"The O.W. Lee Studio Lounge Chair combines minimalist design with inviting comfort. Its clean-lined aluminum frame and plush cushions create a sophisticated outdoor lounge chair that fits effortlessly into modern patios and outdoor living areas. O.W. Lee is renowned for its exceptional quality, supported by an industry-leading warranty. Our frames are covered by a 20-year structural warranty, and the finish is guaranteed against fading, blistering, and peeling for 5 years. Cushions and fabrics are also backed by a 5-year warranty. With a selection of 10 elegant frame finishes and over 100 fabric options, including 16 sling fabrics, customers can easily customize each piece to seamlessly complement their individual style.",True,True,True,Aluminum,,,"Carbon Black, Copper Creek, Espresso, Graphite, Rosewood, Sable, Sand Dollar, Sandalwood, Shadow Grey, Velvet White",,"Abra Denim, Alvarez Indigo, Beckon Hemp, Beckon Shell, Belgian Linen Sand, Big Idea Indigo, Big Idea Steel, Capra Shadow, Chartres Cloud, Chartres Graphite, Chartres Truffle, Chinchilla Aluminum, Chinchilla White, Crete Stone, Envision Teak, Escher Greige, Esti Lagoon, Esti Marine, Esti Onyx, Falcon Sand, Falcon Spa, Falcon White, Flagship Stone, Harris Stone, Hayden Taupe, Juniper Mesa Indigo, Kindle Indigo, Kindle Silk, Kismet Moss, Lacework Stone, Ledger Heron, Ledger Indigo, Liberty Charcoal, Metz Dove, Mojave Twill Elk, Mojave Twill Turquoise, Muscle Beach Grey, Muscle Beach Tweed, Namibia Grey, Optimist Clay, Painterly View, Pashmina Flannel, Piazza Burlap, Piazza Cloud, Piazza Dove, Piazza Indigo, Piazza Mist, Piazza Vapor, Pique Ash, Pique Gravel, Pique Midnight, Posh Ash, Posh Graphite, Posh Oat, Posh Pebble, Posh Sapphire, Posh Shitake, Posh Snow, Precise Fawn, Precise Spring, Pyrenees White, Recess Smoke, Sahara Café, Sahara Denim, Santara Mist, Sterling Alpaca, Stitches Slate, Surpass Stone, Switch Ash, Switch Flax, Switch Silver, Tailored Smoke, Tailored Spa, Trax Burgundy, Trax Sequoia, Vacation Aqua, Vacation Blue, Vacation Mist, Veena Spa, Vista Dune, Vista Indigo, Zara Cinnamon, Zenith Sand"
4895.0,51-LT20MMRD,Round Micro Mesh Iron Side Table,Accent,Tables,Coffee & Side Tables,,"H 23.25"" × W 20"" × D 20""","Compact, classic, and built for outdoor durability, the 20"" Round Micro Mesh Iron Side Table offers a versatile surface with timeless appeal. Featuring a micro mesh top, it provides a lighter, breathable look while allowing water to pass through with ease. Crafted from sturdy iron, this side table is designed to withstand the elements and pair seamlessly with a wide range of seating styles. Perfect for holding drinks, décor, or everyday essentials, it’s a functional accent that brings both charm and durability to any outdoor space.",True,True,True,"Aluminum, Wrought Iron",,,"Carbon Black, Copper Creek, Espresso, Graphite, Rosewood, Sable, Sand Dollar, Sandalwood, Shadow Grey, Velvet White",,
4896.0,51-LT20RD,Round Porcelain Tile Iron Side Table,Accent,Tables,Coffee & Side Tables,,"H 24"" × W 20"" × D 20""","Elegant and durable, the 20"" Round Porcelain Tile Iron Side Table adds a refined touch to any outdoor setting. Featuring a porcelain tile top, it offers the beauty of natural stone with exceptional resistance to moisture, stains, heat, and fading. The sturdy iron base provides lasting strength and stability, making this side table well suited for everyday outdoor use. Perfectly sized for drinks, décor, or small essentials, it combines timeless style with dependable performance for patios, lounges, and commercial spaces.",True,True,True,"Aluminum, Wrought Iron",,,"Carbon Black, Copper Creek, Espresso, Graphite, Rosewood, Sable, Sand Dollar, Sandalwood, Shadow Grey, Velvet White",,
4897.0,MA-2020ST,Square Slat Top Side Table,Accent,Tables,Coffee & Side Tables,,"H 20.5"" × W 20"" × D 20""","Sleek, minimal, and perfectly suited for contemporary outdoor living, this 20"" side table features a durable aluminum top with clean slats, creating a light, airy design. Crafted from powder-coated aluminum, it is lightweight yet built to withstand the elements--resistant to rust, corrosion, and fading. Its simple modern silhouette complements any outdoor seating arrangement, making it an ideal addition to patios, decks, or commercial spaces. Stylish, functional, and low-maintenance, this side table brings both elegance and practicality to your outdoor spaces.",True,True,True,Aluminum,,,"Carbon Black, Copper Creek, Espresso, Graphite, Rosewood, Sable, Sand Dollar, Sandalwood, Shadow Grey, Velvet White",,
2096.0,3433-BS,Arc Bar Stool,Arc,Dining,Bar & Counter Stools,,"H 46.75"" × W 20"" × D 27.5""","The O.W. Lee Arc Bar Stool brings contemporary elegance to bar-height seating. Its bold yet minimal form captures the essence of modern design while delivering comfortable, refined outdoor seating. O.W. Lee is renowned for its exceptional quality, supported by an industry-leading warranty. Our frames are covered by a 20-year structural warranty, and the finish is guaranteed against fading, blistering, and peeling for 5 years. Cushions and fabrics are also backed by a 5-year warranty. With a selection of 10 elegant frame finishes and over 100 fabric options, including 16 sling fabrics, customers can easily customize each piece to seamlessly complement their individual style.",True,True,True,Aluminum,,,"Carbon Black, Copper Creek, Espresso, Graphite, Rosewood, Sable, Sand Dollar, Sandalwood, Shadow Grey, Velvet White",,"Abra Denim, Alvarez Indigo, Beckon Hemp, Beckon Shell, Belgian Linen Sand, Big Idea Indigo, Big Idea Steel, Capra Shadow, Chartres Cloud, Chartres Graphite, Chartres Truffle, Chinchilla Aluminum, Chinchilla White, Crete Stone, Envision Teak, Escher Greige, Esti Lagoon, Esti Marine, Esti Onyx, Falcon Sand, Falcon Spa, Falcon White, Flagship Stone, Harris Stone, Hayden Taupe, Juniper Mesa Indigo, Kindle Indigo, Kindle Silk, Kismet Moss, Lacework Stone, Ledger Heron, Ledger Indigo, Liberty Charcoal, Metz Dove, Mojave Twill Elk, Mojave Twill Turquoise, Muscle Beach Grey, Muscle Beach Tweed, Namibia Grey, Optimist Clay, Painterly View, Pashmina Flannel, Piazza Burlap, Piazza Cloud, Piazza Dove, Piazza Indigo, Piazza Mist, Piazza Vapor, Pique Ash, Pique Gravel, Pique Midnight, Posh Ash, Posh Graphite, Posh Oat, Posh Pebble, Posh Sapphire, Posh Shitake, Posh Snow, Precise Fawn, Precise Spring, Pyrenees White, Recess Smoke, Sahara Café, Sahara Denim, Santara Mist, Sterling Alpaca, Stitches Slate, Surpass Stone, Switch Ash, Switch Flax, Switch Silver, Tailored Smoke, Tailored Spa, Trax Burgundy, Trax Sequoia, Vacation Aqua, Vacation Blue, Vacation Mist, Veena Spa, Vista Dune, Vista Indigo, Zara Cinnamon, Zenith Sand"
2095.0,3433-CS,Arc Counter Stool,Arc,Dining,Bar & Counter Stools,,"H 42.75"" × W 20"" × D 26.75""",,True,True,True,Aluminum,,,"Carbon Black, Copper Creek, Espresso, Graphite, Rosewood, Sable, Sand Dollar, Sandalwood, Shadow Grey, Velvet White",,"Abra Denim, Alvarez Indigo, Beckon Hemp, Beckon Shell, Belgian Linen Sand, Big Idea Indigo, Big Idea Steel, Capra Shadow, Chartres Cloud, Chartres Graphite, Chartres Truffle, Chinchilla Aluminum, Chinchilla White, Crete Stone, Envision Teak, Escher Greige, Esti Lagoon, Esti Marine, Esti Onyx, Falcon Sand, Falcon Spa, Falcon White, Flagship Stone, Harris Stone, Hayden Taupe, Juniper Mesa Indigo, Kindle Indigo, Kindle Silk, Kismet Moss, Lacework Stone, Ledger Heron, Ledger Indigo, Liberty Charcoal, Metz Dove, Mojave Twill Elk, Mojave Twill Turquoise, Muscle Beach Grey, Muscle Beach Tweed, Namibia Grey, Optimist Clay, Painterly View, Pashmina Flannel, Piazza Burlap, Piazza Cloud, Piazza Dove, Piazza Indigo, Piazza Mist, Piazza Vapor, Pique Ash, Pique Gravel, Pique Midnight, Posh Ash, Posh Graphite, Posh Oat, Posh Pebble, Posh Sapphire, Posh Shitake, Posh Snow, Precise Fawn, Precise Spring, Pyrenees White, Recess Smoke, Sahara Café, Sahara Denim, Santara Mist, Sterling Alpaca, Stitches Slate, Surpass Stone, Switch Ash, Switch Flax, Switch Silver, Tailored Smoke, Tailored Spa, Trax Burgundy, Trax Sequoia, Vacation Aqua, Vacation Blue, Vacation Mist, Veena Spa, Vista Dune, Vista Indigo, Zara Cinnamon, Zenith Sand"
2093.0,3433-A,Arc Dining Arm Chair,Arc,Dining,Dining Chair,,"H 36.25"" × W 24"" × D 28.25""","The O.W. Lee Arc Dining Arm Chair blends bold curves with supportive comfort. Its sculpted frame and gently contoured arms reflect the collection’s modern, nautical inspiration, creating an outdoor dining arm chair that feels both sophisticated and inviting. O.W. Lee is renowned for its exceptional quality, supported by an industry-leading warranty. Our frames are covered by a 20-year structural warranty, and the finish is guaranteed against fading, blistering, and peeling for 5 years. Cushions and fabrics are also backed by a 5-year warranty. With a selection of 10 elegant frame finishes and over 100 fabric options, including 16 sling fabrics, customers can easily customize each piece to seamlessly complement their individual style.",True,True,True,Aluminum,,,"Carbon Black, Copper Creek, Espresso, Graphite, Rosewood, Sable, Sand Dollar, Sandalwood, Shadow Grey, Velvet White",,"Abra Denim, Alvarez Indigo, Beckon Hemp, Beckon Shell, Belgian Linen Sand, Big Idea Indigo, Big Idea Steel, Capra Shadow, Chartres Cloud, Chartres Graphite, Chartres Truffle, Chinchilla Aluminum, Chinchilla White, Crete Stone, Envision Teak, Escher Greige, Esti Lagoon, Esti Marine, Esti Onyx, Falcon Sand, Falcon Spa, Falcon White, Flagship Stone, Harris Stone, Hayden Taupe, Juniper Mesa Indigo, Kindle Indigo, Kindle Silk, Kismet Moss, Lacework Stone, Ledger Heron, Ledger Indigo, Liberty Charcoal, Metz Dove, Mojave Twill Elk, Mojave Twill Turquoise, Muscle Beach Grey, Muscle Beach Tweed, Namibia Grey, Optimist Clay, Painterly View, Pashmina Flannel, Piazza Burlap, Piazza Cloud, Piazza Dove, Piazza Indigo, Piazza Mist, Piazza Vapor, Pique Ash, Pique Gravel, Pique Midnight, Posh Ash, Posh Graphite, Posh Oat, Posh Pebble, Posh Sapphire, Posh Shitake, Posh Snow, Precise Fawn, Precise Spring, Pyrenees White, Recess Smoke, Sahara Café, Sahara Denim, Santara Mist, Sterling Alpaca, Stitches Slate, Surpass Stone, Switch Ash, Switch Flax, Switch Silver, Tailored Smoke, Tailored Spa, Trax Burgundy, Trax Sequoia, Vacation Aqua, Vacation Blue, Vacation Mist, Veena Spa, Vista Dune, Vista Indigo, Zara Cinnamon, Zenith Sand"
2092.0,3433-S,Arc Dining Side Chair,Arc,Dining,Dining Chair,,"H 36.25"" × W 20"" × D 28.25""","The O.W. Lee Arc Dining Side Chair showcases a sculptural silhouette inspired by the sleek curves of modern yacht design. Clean lines and a minimalist form create a refined outdoor dining side chair that brings contemporary elegance to any outdoor dining setting. Quality & Customization O.W. Lee is renowned for its exceptional quality, supported by an industry-leading warranty. Our frames are covered by a 20-year structural warranty, and the finish is guaranteed against fading, blistering, and peeling for 5 years. Cushions and fabrics are also backed by a 5-year warranty. With a selection of 10 elegant frame finishes and over 100 fabric options, including 16 sling fabrics, customers can easily customize each piece to seamlessly complement their individual style.",True,True,True,Aluminum,,,"Carbon Black, Copper Creek, Espresso, Graphite, Rosewood, Sable, Sand Dollar, Sandalwood, Shadow Grey, Velvet White",,"Abra Denim, Alvarez Indigo, Beckon Hemp, Beckon Shell, Belgian Linen Sand, Big Idea Indigo, Big Idea Steel, Capra Shadow, Chartres Cloud, Chartres Graphite, Chartres Truffle, Chinchilla Aluminum, Chinchilla White, Crete Stone, Envision Teak, Escher Greige, Esti Lagoon, Esti Marine, Esti Onyx, Falcon Sand, Falcon Spa, Falcon White, Flagship Stone, Harris Stone, Hayden Taupe, Juniper Mesa Indigo, Kindle Indigo, Kindle Silk, Kismet Moss, Lacework Stone, Ledger Heron, Ledger Indigo, Liberty Charcoal, Metz Dove, Mojave Twill Elk, Mojave Twill Turquoise, Muscle Beach Grey, Muscle Beach Tweed, Namibia Grey, Optimist Clay, Painterly View, Pashmina Flannel, Piazza Burlap, Piazza Cloud, Piazza Dove, Piazza Indigo, Piazza Mist, Piazza Vapor, Pique Ash, Pique Gravel, Pique Midnight, Posh Ash, Posh Graphite, Posh Oat, Posh Pebble, Posh Sapphire, Posh Shitake, Posh Snow, Precise Fawn, Precise Spring, Pyrenees White, Recess Smoke, Sahara Café, Sahara Denim, Santara Mist, Sterling Alpaca, Stitches Slate, Surpass Stone, Switch Ash, Switch Flax, Switch Silver, Tailored Smoke, Tailored Spa, Trax Burgundy, Trax Sequoia, Vacation Aqua, Vacation Blue, Vacation Mist, Veena Spa, Vista Dune, Vista Indigo, Zara Cinnamon, Zenith Sand"
2094.0,3433-SR,Arc Swivel Rocker Dining Arm Chair,Arc,Dining,Dining Chair,,"H 36.5"" × W 24"" × D 28.25""","The O.W. Lee Arc Swivel Rocker Dining Arm Chair enhances contemporary dining with smooth swivel and gentle rocking motion. Flowing lines and minimalist detailing echo the collection’s yacht-inspired design while offering relaxed functionality. Quality & Customization O.W. Lee is renowned for its exceptional quality, supported by an industry-leading warranty. Our frames are covered by a 20-year structural warranty, and the finish is guaranteed against fading, blistering, and peeling for 5 years. Cushions and fabrics are also backed by a 5-year warranty. With a selection of 10 elegant frame finishes and over 100 fabric options, including 16 sling fabrics, customers can easily customize each piece to seamlessly complement their individual style.",True,True,True,Aluminum,,,"Carbon Black, Copper Creek, Espresso, Graphite, Rosewood, Sable, Sand Dollar, Sandalwood, Shadow Grey, Velvet White",,"Abra Denim, Alvarez Indigo, Beckon Hemp, Beckon Shell, Belgian Linen Sand, Big Idea Indigo, Big Idea Steel, Capra Shadow, Chartres Cloud, Chartres Graphite, Chartres Truffle, Chinchilla Aluminum, Chinchilla White, Crete Stone, Envision Teak, Escher Greige, Esti Lagoon, Esti Marine, Esti Onyx, Falcon Sand, Falcon Spa, Falcon White, Flagship Stone, Harris Stone, Hayden Taupe, Juniper Mesa Indigo, Kindle Indigo, Kindle Silk, Kismet Moss, Lacework Stone, Ledger Heron, Ledger Indigo, Liberty Charcoal, Metz Dove, Mojave Twill Elk, Mojave Twill Turquoise, Muscle Beach Grey, Muscle Beach Tweed, Namibia Grey, Optimist Clay, Painterly View, Pashmina Flannel, Piazza Burlap, Piazza Cloud, Piazza Dove, Piazza Indigo, Piazza Mist, Piazza Vapor, Pique Ash, Pique Gravel, Pique Midnight, Posh Ash, Posh Graphite, Posh Oat, Posh Pebble, Posh Sapphire, Posh Shitake, Posh Snow, Precise Fawn, Precise Spring, Pyrenees White, Recess Smoke, Sahara Café, Sahara Denim, Santara Mist, Sterling Alpaca, Stitches Slate, Surpass Stone, Switch Ash, Switch Flax, Switch Silver, Tailored Smoke, Tailored Spa, Trax Burgundy, Trax Sequoia, Vacation Aqua, Vacation Blue, Vacation Mist, Veena Spa, Vista Dune, Vista Indigo, Zara Cinnamon, Zenith Sand"
2081.0,2731-BS,Aris Armless Bar Stool,Aris,Dining,Bar & Counter Stools,,"H 47.25"" × W 18"" × D 24.25""","The O.W. Lee Aris Armless Bar Stool combines contemporary comfort with retro-inspired styling. Clean lines and a supportive seat create a refined outdoor bar stool designed for both casual and sophisticated environments. O.W. Lee is renowned for its exceptional quality, supported by an industry-leading warranty. Our frames are covered by a 20-year structural warranty, and the finish is guaranteed against fading, blistering, and peeling for 5 years. Cushions and fabrics are also backed by a 5-year warranty. With a selection of 10 elegant frame finishes and over 100 fabric options, customers can easily customize each piece to seamlessly complement their individual style.",True,True,True,Aluminum,,,"Carbon Black, Copper Creek, Espresso, Graphite, Rosewood, Sable, Sand Dollar, Sandalwood, Shadow Grey, Velvet White",,"Abra Denim, Alvarez Indigo, Beckon Hemp, Beckon Shell, Belgian Linen Sand, Big Idea Indigo, Big Idea Steel, Capra Shadow, Chartres Cloud, Chartres Graphite, Chartres Truffle, Chinchilla Aluminum, Chinchilla White, Crete Stone, Envision Teak, Escher Greige, Esti Lagoon, Esti Marine, Esti Onyx, Falcon Sand, Falcon Spa, Falcon White, Flagship Stone, Harris Stone, Hayden Taupe, Juniper Mesa Indigo, Kindle Indigo, Kindle Silk, Kismet Moss, Lacework Stone, Ledger Heron, Ledger Indigo, Liberty Charcoal, Metz Dove, Mojave Twill Elk, Mojave Twill Turquoise, Muscle Beach Grey, Muscle Beach Tweed, Namibia Grey, Optimist Clay, Painterly View, Pashmina Flannel, Piazza Burlap, Piazza Cloud, Piazza Dove, Piazza Indigo, Piazza Mist, Piazza Vapor, Pique Ash, Pique Gravel, Pique Midnight, Posh Ash, Posh Graphite, Posh Oat, Posh Pebble, Posh Sapphire, Posh Shitake, Posh Snow, Precise Fawn, Precise Spring, Pyrenees White, Recess Smoke, Sahara Café, Sahara Denim, Santara Mist, Sterling Alpaca, Stitches Slate, Surpass Stone, Switch Ash, Switch Flax, Switch Silver, Tailored Smoke, Tailored Spa, Trax Burgundy, Trax Sequoia, Vacation Aqua, Vacation Blue, Vacation Mist, Veena Spa, Vista Dune, Vista Indigo, Zara Cinnamon, Zenith Sand"
2079.0,2731-CS,Aris Armless Counter Stool,Aris,Dining,Bar & Counter Stools,,"H 43.25"" × W 18"" × D 24.25""","The O.W. Lee Aris Armless Counter Stool provides understated comfort with a refined, modern silhouette. Designed for versatility, this outdoor counter stool pairs clean lines with durable craftsmanship for timeless appeal. O.W. Lee is renowned for its exceptional quality, supported by an industry-leading warranty. Our frames are covered by a 20-year structural warranty, and the finish is guaranteed against fading, blistering, and peeling for 5 years. Cushions and fabrics are also backed by a 5-year warranty. With a selection of 10 elegant frame finishes and over 100 fabric options, customers can easily customize each piece to seamlessly complement their individual style.",True,True,True,Aluminum,,,"Carbon Black, Copper Creek, Espresso, Graphite, Rosewood, Sable, Sand Dollar, Sandalwood, Shadow Grey, Velvet White",,"Abra Denim, Alvarez Indigo, Beckon Hemp, Beckon Shell, Belgian Linen Sand, Big Idea Indigo, Big Idea Steel, Capra Shadow, Chartres Cloud, Chartres Graphite, Chartres Truffle, Chinchilla Aluminum, Chinchilla White, Crete Stone, Envision Teak, Escher Greige, Esti Lagoon, Esti Marine, Esti Onyx, Falcon Sand, Falcon Spa, Falcon White, Flagship Stone, Harris Stone, Hayden Taupe, Juniper Mesa Indigo, Kindle Indigo, Kindle Silk, Kismet Moss, Lacework Stone, Ledger Heron, Ledger Indigo, Liberty Charcoal, Metz Dove, Mojave Twill Elk, Mojave Twill Turquoise, Muscle Beach Grey, Muscle Beach Tweed, Namibia Grey, Optimist Clay, Painterly View, Pashmina Flannel, Piazza Burlap, Piazza Cloud, Piazza Dove, Piazza Indigo, Piazza Mist, Piazza Vapor, Pique Ash, Pique Gravel, Pique Midnight, Posh Ash, Posh Graphite, Posh Oat, Posh Pebble, Posh Sapphire, Posh Shitake, Posh Snow, Precise Fawn, Precise Spring, Pyrenees White, Recess Smoke, Sahara Café, Sahara Denim, Santara Mist, Sterling Alpaca, Stitches Slate, Surpass Stone, Switch Ash, Switch Flax, Switch Silver, Tailored Smoke, Tailored Spa, Trax Burgundy, Trax Sequoia, Vacation Aqua, Vacation Blue, Vacation Mist, Veena Spa, Vista Dune, Vista Indigo, Zara Cinnamon, Zenith Sand"
2080.0,2731-MBS,Aris Backless Bar Stool,Aris,Dining,Bar & Counter Stools,,"H 31.25"" × W 18"" × D 18""","The O.W. Lee Aris Backless Bar Stool brings Mid-Century Modern elegance to elevated seating. Its slim, uncluttered design emphasizes simplicity and function, making it a stylish addition to outdoor bar-height settings. O.W. Lee is renowned for its exceptional quality, supported by an industry-leading warranty. Our frames are covered by a 20-year structural warranty, and the finish is guaranteed against fading, blistering, and peeling for 5 years. Cushions and fabrics are also backed by a 5-year warranty. With a selection of 10 elegant frame finishes and over 100 fabric options, customers can easily customize each piece to seamlessly complement their individual style.",True,True,True,Aluminum,,,"Carbon Black, Copper Creek, Espresso, Graphite, Rosewood, Sable, Sand Dollar, Sandalwood, Shadow Grey, Velvet White",,"Abra Denim, Alvarez Indigo, Beckon Hemp, Beckon Shell, Belgian Linen Sand, Big Idea Indigo, Big Idea Steel, Capra Shadow, Chartres Cloud, Chartres Graphite, Chartres Truffle, Chinchilla Aluminum, Chinchilla White, Crete Stone, Envision Teak, Escher Greige, Esti Lagoon, Esti Marine, Esti Onyx, Falcon Sand, Falcon Spa, Falcon White, Flagship Stone, Harris Stone, Hayden Taupe, Juniper Mesa Indigo, Kindle Indigo, Kindle Silk, Kismet Moss, Lacework Stone, Ledger Heron, Ledger Indigo, Liberty Charcoal, Metz Dove, Mojave Twill Elk, Mojave Twill Turquoise, Muscle Beach Grey, Muscle Beach Tweed, Namibia Grey, Optimist Clay, Painterly View, Pashmina Flannel, Piazza Burlap, Piazza Cloud, Piazza Dove, Piazza Indigo, Piazza Mist, Piazza Vapor, Pique Ash, Pique Gravel, Pique Midnight, Posh Ash, Posh Graphite, Posh Oat, Posh Pebble, Posh Sapphire, Posh Shitake, Posh Snow, Precise Fawn, Precise Spring, Pyrenees White, Recess Smoke, Sahara Café, Sahara Denim, Santara Mist, Sterling Alpaca, Stitches Slate, Surpass Stone, Switch Ash, Switch Flax, Switch Silver, Tailored Smoke, Tailored Spa, Trax Burgundy, Trax Sequoia, Vacation Aqua, Vacation Blue, Vacation Mist, Veena Spa, Vista Dune, Vista Indigo, Zara Cinnamon, Zenith Sand"
2078.0,2731-MCS,Aris Backless Counter Stool,Aris,Dining,Bar & Counter Stools,,"H 27.25"" × W 18"" × D 18""","O.W. Lee is renowned for its exceptional quality, supported by an industry-leading warranty. Our frames are covered by a 20-year structural warranty, and the finish is guaranteed against fading, blistering, and peeling for 5 years. Cushions and fabrics are also backed by a 5-year warranty.",True,True,True,Aluminum,,,"Carbon Black, Copper Creek, Espresso, Graphite, Rosewood, Sable, Sand Dollar, Sandalwood, Shadow Grey, Velvet White",,"Abra Denim, Alvarez Indigo, Beckon Hemp, Beckon Shell, Belgian Linen Sand, Big Idea Indigo, Big Idea Steel, Capra Shadow, Chartres Cloud, Chartres Graphite, Chartres Truffle, Chinchilla Aluminum, Chinchilla White, Crete Stone, Envision Teak, Escher Greige, Esti Lagoon, Esti Marine, Esti Onyx, Falcon Sand, Falcon Spa, Falcon White, Flagship Stone, Harris Stone, Hayden Taupe, Juniper Mesa Indigo, Kindle Indigo, Kindle Silk, Kismet Moss, Lacework Stone, Ledger Heron, Ledger Indigo, Liberty Charcoal, Metz Dove, Mojave Twill Elk, Mojave Twill Turquoise, Muscle Beach Grey, Muscle Beach Tweed, Namibia Grey, Optimist Clay, Painterly View, Pashmina Flannel, Piazza Burlap, Piazza Cloud, Piazza Dove, Piazza Indigo, Piazza Mist, Piazza Vapor, Pique Ash, Pique Gravel, Pique Midnight, Posh Ash, Posh Graphite, Posh Oat, Posh Pebble, Posh Sapphire, Posh Shitake, Posh Snow, Precise Fawn, Precise Spring, Pyrenees White, Recess Smoke, Sahara Café, Sahara Denim, Santara Mist, Sterling Alpaca, Stitches Slate, Surpass Stone, Switch Ash, Switch Flax, Switch Silver, Tailored Smoke, Tailored Spa, Trax Burgundy, Trax Sequoia, Vacation Aqua, Vacation Blue, Vacation Mist, Veena Spa, Vista Dune, Vista Indigo, Zara Cinnamon, Zenith Sand"
2076.0,2733-A,Aris Dining Arm Chair,Aris,Dining,Dining Chair,,"H 38"" × W 24"" × D 26.25""","The O.W. Lee Aris Dining Arm Chair combines functional comfort with iconic Mid-Century Modern styling. Gently contoured lines and supportive arms create a welcoming outdoor dining arm chair that balances simplicity, comfort, and timeless design. O.W. Lee is renowned for its exceptional quality, supported by an industry-leading warranty. Our frames are covered by a 20-year structural warranty, and the finish is guaranteed against fading, blistering, and peeling for 5 years. Cushions and fabrics are also backed by a 5-year warranty. With a selection of 10 elegant frame finishes and over 100 fabric options, customers can easily customize each piece to seamlessly complement their individual style.",True,True,True,Aluminum,,,"Carbon Black, Copper Creek, Espresso, Graphite, Rosewood, Sable, Sand Dollar, Sandalwood, Shadow Grey, Velvet White",,"Abra Denim, Alvarez Indigo, Beckon Hemp, Beckon Shell, Belgian Linen Sand, Big Idea Indigo, Big Idea Steel, Capra Shadow, Chartres Cloud, Chartres Graphite, Chartres Truffle, Chinchilla Aluminum, Chinchilla White, Crete Stone, Envision Teak, Escher Greige, Esti Lagoon, Esti Marine, Esti Onyx, Falcon Sand, Falcon Spa, Falcon White, Flagship Stone, Harris Stone, Hayden Taupe, Juniper Mesa Indigo, Kindle Indigo, Kindle Silk, Kismet Moss, Lacework Stone, Ledger Heron, Ledger Indigo, Liberty Charcoal, Metz Dove, Mojave Twill Elk, Mojave Twill Turquoise, Muscle Beach Grey, Muscle Beach Tweed, Namibia Grey, Optimist Clay, Painterly View, Pashmina Flannel, Piazza Burlap, Piazza Cloud, Piazza Dove, Piazza Indigo, Piazza Mist, Piazza Vapor, Pique Ash, Pique Gravel, Pique Midnight, Posh Ash, Posh Graphite, Posh Oat, Posh Pebble, Posh Sapphire, Posh Shitake, Posh Snow, Precise Fawn, Precise Spring, Pyrenees White, Recess Smoke, Sahara Café, Sahara Denim, Santara Mist, Sterling Alpaca, Stitches Slate, Surpass Stone, Switch Ash, Switch Flax, Switch Silver, Tailored Smoke, Tailored Spa, Trax Burgundy, Trax Sequoia, Vacation Aqua, Vacation Blue, Vacation Mist, Veena Spa, Vista Dune, Vista Indigo, Zara Cinnamon, Zenith Sand"
2075.0,2731-S,Aris Dining Side Chair,Aris,Dining,Dining Chair,,"H 34.25"" × W 18"" × D 24.25""","The O.W. Lee Aris Dining Side Chair reflects the timeless appeal of Mid-Century Modern design through clean lines and a refined, minimalist profile. Its streamlined silhouette and durable construction make it an elegant outdoor dining chair suited for contemporary and retro-inspired spaces alike. O.W. Lee is renowned for its exceptional quality, supported by an industry-leading warranty. Our frames are covered by a 20-year structural warranty, and the finish is guaranteed against fading, blistering, and peeling for 5 years. Cushions and fabrics are also backed by a 5-year warranty. With a selection of 10 elegant frame finishes and over 100 fabric options, customers can easily customize each piece to seamlessly complement their individual style.",True,True,True,Aluminum,,,"Carbon Black, Copper Creek, Espresso, Graphite, Rosewood, Sable, Sand Dollar, Sandalwood, Shadow Grey, Velvet White",,"Abra Denim, Alvarez Indigo, Beckon Hemp, Beckon Shell, Belgian Linen Sand, Big Idea Indigo, Big Idea Steel, Capra Shadow, Chartres Cloud, Chartres Graphite, Chartres Truffle, Chinchilla Aluminum, Chinchilla White, Crete Stone, Envision Teak, Escher Greige, Esti Lagoon, Esti Marine, Esti Onyx, Falcon Sand, Falcon Spa, Falcon White, Flagship Stone, Harris Stone, Hayden Taupe, Juniper Mesa Indigo, Kindle Indigo, Kindle Silk, Kismet Moss, Lacework Stone, Ledger Heron, Ledger Indigo, Liberty Charcoal, Metz Dove, Mojave Twill Elk, Mojave Twill Turquoise, Muscle Beach Grey, Muscle Beach Tweed, Namibia Grey, Optimist Clay, Painterly View, Pashmina Flannel, Piazza Burlap, Piazza Cloud, Piazza Dove, Piazza Indigo, Piazza Mist, Piazza Vapor, Pique Ash, Pique Gravel, Pique Midnight, Posh Ash, Posh Graphite, Posh Oat, Posh Pebble, Posh Sapphire, Posh Shitake, Posh Snow, Precise Fawn, Precise Spring, Pyrenees White, Recess Smoke, Sahara Café, Sahara Denim, Santara Mist, Sterling Alpaca, Stitches Slate, Surpass Stone, Switch Ash, Switch Flax, Switch Silver, Tailored Smoke, Tailored Spa, Trax Burgundy, Trax Sequoia, Vacation Aqua, Vacation Blue, Vacation Mist, Veena Spa, Vista Dune, Vista Indigo, Zara Cinnamon, Zenith Sand"
2077.0,2733-SR,Aris Swivel Rocker Dining Arm Chair,Aris,Dining,Dining Chair,,"H 37.75"" × W 24"" × D 26.25""","The O.W. Lee Aris Swivel Rocker Dining Arm Chair enhances classic dining comfort with smooth swivel and gentle rocking motion. Its clean, retro-inspired form delivers relaxed functionality while maintaining the collection’s modern, architectural aesthetic. O.W. Lee is renowned for its exceptional quality, supported by an industry-leading warranty. Our frames are covered by a 20-year structural warranty, and the finish is guaranteed against fading, blistering, and peeling for 5 years. Cushions and fabrics are also backed by a 5-year warranty. With a selection of 10 elegant frame finishes and over 100 fabric options, customers can easily customize each piece to seamlessly complement their individual style.",True,True,True,Aluminum,,,"Carbon Black, Copper Creek, Espresso, Graphite, Rosewood, Sable, Sand Dollar, Sandalwood, Shadow Grey, Velvet White",,"Abra Denim, Alvarez Indigo, Beckon Hemp, Beckon Shell, Belgian Linen Sand, Big Idea Indigo, Big Idea Steel, Capra Shadow, Chartres Cloud, Chartres Graphite, Chartres Truffle, Chinchilla Aluminum, Chinchilla White, Crete Stone, Envision Teak, Escher Greige, Esti Lagoon, Esti Marine, Esti Onyx, Falcon Sand, Falcon Spa, Falcon White, Flagship Stone, Harris Stone, Hayden Taupe, Juniper Mesa Indigo, Kindle Indigo, Kindle Silk, Kismet Moss, Lacework Stone, Ledger Heron, Ledger Indigo, Liberty Charcoal, Metz Dove, Mojave Twill Elk, Mojave Twill Turquoise, Muscle Beach Grey, Muscle Beach Tweed, Namibia Grey, Optimist Clay, Painterly View, Pashmina Flannel, Piazza Burlap, Piazza Cloud, Piazza Dove, Piazza Indigo, Piazza Mist, Piazza Vapor, Pique Ash, Pique Gravel, Pique Midnight, Posh Ash, Posh Graphite, Posh Oat, Posh Pebble, Posh Sapphire, Posh Shitake, Posh Snow, Precise Fawn, Precise Spring, Pyrenees White, Recess Smoke, Sahara Café, Sahara Denim, Santara Mist, Sterling Alpaca, Stitches Slate, Surpass Stone, Switch Ash, Switch Flax, Switch Silver, Tailored Smoke, Tailored Spa, Trax Burgundy, Trax Sequoia, Vacation Aqua, Vacation Blue, Vacation Mist, Veena Spa, Vista Dune, Vista Indigo, Zara Cinnamon, Zenith Sand"
5178.0,65192P-A,Avana Padded Sling Dining Arm Chair,Avana,Dining,Dining Chair,,,"The O.W. Lee Avana Padded Sling Dining Arm Chair brings modern elegance and comfort to any outdoor dining space. Its cushioned sling seat combines with a clean-lined aluminum frame to create a chair that feels refined, inviting, and perfectly suited for everyday use. Designed with both style and practicality in mind, it’s a great choice for those who want high-quality outdoor furniture at a more accessible price point without sacrificing design or durability. Quality & Customization Built with O.W. Lee’s legendary craftsmanship, this chair is made to last. The aluminum frame is backed by a 20-year structural warranty, and the finish is guaranteed for 5 years against fading, blistering, and peeling. Cushions and fabrics are also covered for 5 years, ensuring long-lasting comfort and performance outdoors. Customization is effortless. Choose from 10 elegant frame finishes and over 100 fabric options, including 16 durable sling fabrics, to create a look that fits your outdoor space perfectly. The Avana Padded Sling Dining Arm Chair delivers style, comfort, and exceptional value, making it an ideal choice for customers seeking upscale outdoor dining at a smart price.",True,True,True,Aluminum,Sling,,"Carbon Black, Copper Creek, Espresso, Graphite, Rosewood, Sable, Sand Dollar, Sandalwood, Shadow Grey, Velvet White",,"Augustine Alloy, Augustine Ashe, Augustine Denim, Augustine Fennel, Augustine Gravel, Augustine Oasis, Augustine Pewter, Augustine Shadow, Augustine Silver, Burdock Smoke, Collect Indigo, Logan Graphite, Pueblo Dune, Sailing Salt, Sailing Seagull, Site Linen"
5180.0,65192P-SR,Avana Padded Sling Swivel Rocker Dining Arm Chair,Avana,Dining,Dining Chair,,,"The O.W. Lee Avana Padded Sling Swivel Rocker Dining Arm Chair brings comfort, style, and effortless motion to outdoor dining. Its cushioned sling seat pairs with smooth swivel and gentle rocking action, making it perfect for long dinners, relaxed conversations, or casual gatherings. Designed for modern outdoor spaces, this chair delivers upscale comfort and quality at a more approachable price point, making premium outdoor living accessible. Quality & Customization Built with O.W. Lee’s signature craftsmanship, the aluminum frame is backed by a 20-year structural warranty, and the finish is guaranteed for 5 years against fading, blistering, and peeling. Cushions and fabrics also carry a 5-year warranty, ensuring long-lasting comfort and durability. With 10 elegant frame finishes and over 100 fabric options, including 16 durable sling fabrics, the Avana Padded Sling Swivel Rocker Dining Arm Chair can be customized to perfectly complement any outdoor setting. It’s the ideal blend of stylish design, exceptional comfort, and smart value for everyday outdoor living.",True,True,True,Aluminum,Sling,,"Carbon Black, Copper Creek, Espresso, Graphite, Rosewood, Sable, Sand Dollar, Sandalwood, Shadow Grey, Velvet White",,"Augustine Alloy, Augustine Ashe, Augustine Denim, Augustine Fennel, Augustine Gravel, Augustine Oasis, Augustine Pewter, Augustine Shadow, Augustine Silver, Burdock Smoke, Collect Indigo, Logan Graphite, Pueblo Dune, Sailing Salt, Sailing Seagull, Site Linen"
5179.0,65192-A,Avana Sling Dining Arm Chair,Avana,Dining,Dining Chair,,,"The O.W. Lee Avana Sling Dining Arm Chair combines modern elegance with everyday practicality, making it a standout choice for contemporary outdoor dining. Its clean lines, streamlined silhouette, and supportive sling seating provide comfort and style, while the durable aluminum frame ensures long-lasting performance. This chair is ideal for customers who want high-quality, stylish outdoor furniture at a more approachable price point. Quality & Customization Crafted with O.W. Lee’s renowned attention to detail, the frame is backed by a 20-year structural warranty, and the finish is guaranteed for 5 years against fading, blistering, and peeling. Cushions and fabrics are also covered for 5 years, giving you peace of mind alongside comfort. With 10 elegant frame finishes and over 100 fabric options, including 16 durable sling fabrics, the Avana Sling Dining Arm Chair can be easily customized to fit any outdoor style. It’s the perfect blend of contemporary design, reliable craftsmanship, and accessible luxury for outdoor living.",True,True,True,Aluminum,Sling,,"Carbon Black, Copper Creek, Espresso, Graphite, Rosewood, Sable, Sand Dollar, Sandalwood, Shadow Grey, Velvet White",,"Augustine Alloy, Augustine Ashe, Augustine Denim, Augustine Fennel, Augustine Gravel, Augustine Oasis, Augustine Pewter, Augustine Shadow, Augustine Silver, Burdock Smoke, Collect Indigo, Logan Graphite, Pueblo Dune, Sailing Salt, Sailing Seagull, Site Linen"
5181.0,65192-SR,Avana Sling Swivel Rocker Dining Arm Chair,Avana,Dining,Dining Chair,,,"The O.W. Lee Avana Sling Swivel Rocker Dining Arm Chair combines sleek, contemporary design with relaxed functionality, making it a perfect addition to modern outdoor dining spaces. Its smooth swivel and gentle rocking motion provide effortless comfort, while the streamlined frame keeps the chair stylish and versatile. This chair is ideal for customers who want high-quality outdoor furniture at an accessible price point without sacrificing design or durability. Quality & Customization Crafted with O.W. Lee’s renowned attention to detail, the frame is backed by a 20-year structural warranty, and the finish is guaranteed for 5 years against fading, blistering, and peeling. Cushions and fabrics are also covered for 5 years, ensuring long-lasting comfort and performance. With 10 elegant frame finishes and over 100 fabric options, including 16 durable sling fabrics, the Avana Sling Swivel Rocker Dining Arm Chair can be customized to perfectly complement any outdoor setting. It’s a smartly priced, stylish, and comfortable choice for contemporary outdoor living.",True,True,True,Aluminum,Sling,,"Carbon Black, Copper Creek, Espresso, Graphite, Rosewood, Sable, Sand Dollar, Sandalwood, Shadow Grey, Velvet White",,"Augustine Alloy, Augustine Ashe, Augustine Denim, Augustine Fennel, Augustine Gravel, Augustine Oasis, Augustine Pewter, Augustine Shadow, Augustine Silver, Burdock Smoke, Collect Indigo, Logan Graphite, Pueblo Dune, Sailing Salt, Sailing Seagull, Site Linen"
2062.0,9-ST01,Classico 01 Side Table Base,Classico,Dining,Table Bases,,"H 19.75"" × W 16.25"" × D 16.25""","If you’re looking for an outdoor side table that’s as beautiful as it is dependable, the Classico Iron Side Table Base is a standout choice. Handcrafted from heavy-gauge wrought iron, it’s designed to provide rock-solid support while bringing a timeless, refined look to any outdoor space. One of the biggest advantages of the Classico base is its flexibility. It pairs effortlessly with a wide range of table top materials and sizes--whether you’re designing with sleek porcelain, ultra-durable Dekton®, or lightweight micro mesh. That means you can create exactly the table you want, without compromising on performance or style. Wrought iron is known for its strength and longevity, and you can feel the difference. The added weight keeps tables stable in windy conditions, while the material’s durability ensures the base holds up year after year outdoors. It’s furniture you can confidently invest in if you want something that truly lasts. With 10 finish options and numerous table top materials to choose from, the Classico Iron Table Base makes customization easy. It’s a smart investment for customers who value craftsmanship, versatility, and outdoor furniture built to stand the test of time. Fits Tops: - 24"" Round (Porcelain, Dekton, or Mesh) - 24"" Square (Porcelain or Dekton) - 30"" Round (Porcelain or Mesh)",True,True,True,Wrought Iron,,,"Carbon Black, Copper Creek, Espresso, Graphite, Rosewood, Sable, Sand Dollar, Sandalwood, Shadow Grey, Velvet White",,
2065.0,9-DT03,Classico 03 Dining Table Base,Classico,Dining,Table Bases,,"H 28.25"" × W 26.25"" × D 26.25""","If you’re looking for a table base that’s as beautiful as it is dependable, the Classico Iron Dining Table Base is a standout choice. Handcrafted from heavy-gauge wrought iron, it’s designed to provide rock-solid support while bringing a timeless, refined look to any outdoor space. One of the biggest advantages of the Classico base is its flexibility. It pairs effortlessly with a wide range of table top materials and sizes--whether you’re designing with sleek porcelain, ultra-durable Dekton®, or lightweight micro mesh. That means you can create exactly the table you want, without compromising on performance or style. Wrought iron is known for its strength and longevity, and you can feel the difference. The added weight keeps tables stable in windy conditions, while the material’s durability ensures the base holds up year after year outdoors. It’s furniture you can confidently invest in if you want something that truly lasts. With 10 finish options and numerous table top materials to choose from, the Classico Iron Table Base makes customization easy. It’s a smart investment for customers who value craftsmanship, versatility, and outdoor furniture built to stand the test of time. Fits Tops: - 36"" Square (Porcelain) - 42"" Round (Porcelain and Micro Mesh) - 42"" Square (Porcelain and Micro Mesh) - 54"" Round (Porcelain, Dekton, and Micro Mesh)",True,True,True,Wrought Iron,,,"Carbon Black, Copper Creek, Espresso, Graphite, Rosewood, Sable, Sand Dollar, Sandalwood, Shadow Grey, Velvet White",,
2063.0,9-OT05,Classico 05 Occasional Table Base,Classico,Dining,Table Bases,,"H 17.75"" × W 44.5"" × D 21.25""","If you’re looking for an outdoor occasional / coffee table that’s as beautiful as it is dependable, the Classico Iron Occasional Table Base is a standout choice. Handcrafted from heavy-gauge wrought iron, it’s designed to provide rock-solid support while bringing a timeless, refined look to any outdoor space. One of the biggest advantages of the Classico base is its flexibility. It pairs effortlessly with a wide range of table top materials and sizes--whether you’re designing with sleek porcelain, ultra-durable Dekton®, or lightweight micro mesh. That means you can create exactly the table you want, without compromising on performance or style. Wrought iron is known for its strength and longevity, and you can feel the difference. The added weight keeps tables stable in windy conditions, while the material’s durability ensures the base holds up year after year outdoors. It’s furniture you can confidently invest in if you want something that truly lasts. With 10 finish options and numerous table top materials to choose from, the Classico Iron Table Base makes customization easy. It’s a smart investment for customers who value craftsmanship, versatility, and outdoor furniture built to stand the test of time. Fits Tops: - 28x50"" (Porcelain or Mesh) - 31x56"" (Dekton) - 36x58"" (Porcelain or Mesh)",True,True,True,Wrought Iron,,,"Carbon Black, Copper Creek, Espresso, Graphite, Rosewood, Sable, Sand Dollar, Sandalwood, Shadow Grey, Velvet White",,
2060.0,951-SBS,Classico Armless Swivel Bar Stool,Classico,Dining,Bar & Counter Stools,,"H 50"" × W 20.25"" × D 25.5""","The O.W. Lee Classico Armless Swivel Bar Stool brings classic European influence to bar-height outdoor spaces. Its clean silhouette, decorative accents, and swivel functionality create a refined outdoor bar stool ideal for entertaining. O.W. Lee is renowned for its exceptional quality, supported by an industry-leading warranty. Our frames are covered by a 20-year structural warranty, and the finish is guaranteed against fading, blistering, and peeling for 5 years. Cushions and fabrics are also backed by a 5-year warranty. With a selection of 10 elegant frame finishes and over 100 fabric options, customers can easily customize each piece to seamlessly complement their individual style.",True,True,True,"Aluminum, Wrought Iron",,,"Carbon Black, Copper Creek, Espresso, Graphite, Rosewood, Sable, Sand Dollar, Sandalwood, Shadow Grey, Velvet White",,"Abra Denim, Alvarez Indigo, Beckon Hemp, Beckon Shell, Belgian Linen Sand, Big Idea Indigo, Big Idea Steel, Capra Shadow, Chartres Cloud, Chartres Graphite, Chartres Truffle, Chinchilla Aluminum, Chinchilla White, Crete Stone, Envision Teak, Escher Greige, Esti Lagoon, Esti Marine, Esti Onyx, Falcon Sand, Falcon Spa, Falcon White, Flagship Stone, Harris Stone, Hayden Taupe, Juniper Mesa Indigo, Kindle Indigo, Kindle Silk, Kismet Moss, Lacework Stone, Ledger Heron, Ledger Indigo, Liberty Charcoal, Metz Dove, Mojave Twill Elk, Mojave Twill Turquoise, Muscle Beach Grey, Muscle Beach Tweed, Namibia Grey, Optimist Clay, Painterly View, Pashmina Flannel, Piazza Burlap, Piazza Cloud, Piazza Dove, Piazza Indigo, Piazza Mist, Piazza Vapor, Pique Ash, Pique Gravel, Pique Midnight, Posh Ash, Posh Graphite, Posh Oat, Posh Pebble, Posh Sapphire, Posh Shitake, Posh Snow, Precise Fawn, Precise Spring, Pyrenees White, Recess Smoke, Sahara Café, Sahara Denim, Santara Mist, Sterling Alpaca, Stitches Slate, Surpass Stone, Switch Ash, Switch Flax, Switch Silver, Tailored Smoke, Tailored Spa, Trax Burgundy, Trax Sequoia, Vacation Aqua, Vacation Blue, Vacation Mist, Veena Spa, Vista Dune, Vista Indigo, Zara Cinnamon, Zenith Sand"
2054.0,951-SCS,Classico Armless Swivel Counter Stool,Classico,Dining,Bar & Counter Stools,,"H 46"" × W 20.25"" × D 25.5""","The O.W. Lee Classico Armless Swivel Counter Stool offers elevated seating with a streamlined, traditional profile. Ornate metal detailing and smooth swivel motion make this outdoor counter-height stool both functional and visually timeless. O.W. Lee is renowned for its exceptional quality, supported by an industry-leading warranty. Our frames are covered by a 20-year structural warranty, and the finish is guaranteed against fading, blistering, and peeling for 5 years. Cushions and fabrics are also backed by a 5-year warranty. With a selection of 10 elegant frame finishes and over 100 fabric options, customers can easily customize each piece to seamlessly complement their individual style.",True,True,True,"Aluminum, Wrought Iron",,,"Carbon Black, Copper Creek, Espresso, Graphite, Rosewood, Sable, Sand Dollar, Sandalwood, Shadow Grey, Velvet White",,"Abra Denim, Alvarez Indigo, Beckon Hemp, Beckon Shell, Belgian Linen Sand, Big Idea Indigo, Big Idea Steel, Capra Shadow, Chartres Cloud, Chartres Graphite, Chartres Truffle, Chinchilla Aluminum, Chinchilla White, Crete Stone, Envision Teak, Escher Greige, Esti Lagoon, Esti Marine, Esti Onyx, Falcon Sand, Falcon Spa, Falcon White, Flagship Stone, Harris Stone, Hayden Taupe, Juniper Mesa Indigo, Kindle Indigo, Kindle Silk, Kismet Moss, Lacework Stone, Ledger Heron, Ledger Indigo, Liberty Charcoal, Metz Dove, Mojave Twill Elk, Mojave Twill Turquoise, Muscle Beach Grey, Muscle Beach Tweed, Namibia Grey, Optimist Clay, Painterly View, Pashmina Flannel, Piazza Burlap, Piazza Cloud, Piazza Dove, Piazza Indigo, Piazza Mist, Piazza Vapor, Pique Ash, Pique Gravel, Pique Midnight, Posh Ash, Posh Graphite, Posh Oat, Posh Pebble, Posh Sapphire, Posh Shitake, Posh Snow, Precise Fawn, Precise Spring, Pyrenees White, Recess Smoke, Sahara Café, Sahara Denim, Santara Mist, Sterling Alpaca, Stitches Slate, Surpass Stone, Switch Ash, Switch Flax, Switch Silver, Tailored Smoke, Tailored Spa, Trax Burgundy, Trax Sequoia, Vacation Aqua, Vacation Blue, Vacation Mist, Veena Spa, Vista Dune, Vista Indigo, Zara Cinnamon, Zenith Sand"
2058.0,942-SRW,Classico Club Dining Swivel Rocker Arm Chair,Classico,Dining,Dining Chair,,"H 39.5"" × W 26"" × D 29.75""","Classico Swivel Rocker Club Dining Arm Chair The O.W. Lee Classico Swivel Rocker Club Dining Arm Chair elevates dining comfort with a more generously cushioned seat and back. Designed with classic European styling and smooth swivel rocker motion, this club-style outdoor dining chair blends refined elegance with lounge-like comfort at the table. O.W. Lee is renowned for its exceptional quality, supported by an industry-leading warranty. Our frames are covered by a 20-year structural warranty, and the finish is guaranteed against fading, blistering, and peeling for 5 years. Cushions and fabrics are also backed by a 5-year warranty. With a selection of 10 elegant frame finishes and over 100 fabric options, customers can easily customize each piece to seamlessly complement their individual style.",True,True,True,"Aluminum, Wrought Iron",,,"Carbon Black, Copper Creek, Espresso, Graphite, Rosewood, Sable, Sand Dollar, Sandalwood, Shadow Grey, Velvet White",,"Abra Denim, Alvarez Indigo, Beckon Hemp, Beckon Shell, Belgian Linen Sand, Big Idea Indigo, Big Idea Steel, Capra Shadow, Chartres Cloud, Chartres Graphite, Chartres Truffle, Chinchilla Aluminum, Chinchilla White, Crete Stone, Envision Teak, Escher Greige, Esti Lagoon, Esti Marine, Esti Onyx, Falcon Sand, Falcon Spa, Falcon White, Flagship Stone, Harris Stone, Hayden Taupe, Juniper Mesa Indigo, Kindle Indigo, Kindle Silk, Kismet Moss, Lacework Stone, Ledger Heron, Ledger Indigo, Liberty Charcoal, Metz Dove, Mojave Twill Elk, Mojave Twill Turquoise, Muscle Beach Grey, Muscle Beach Tweed, Namibia Grey, Optimist Clay, Painterly View, Pashmina Flannel, Piazza Burlap, Piazza Cloud, Piazza Dove, Piazza Indigo, Piazza Mist, Piazza Vapor, Pique Ash, Pique Gravel, Pique Midnight, Posh Ash, Posh Graphite, Posh Oat, Posh Pebble, Posh Sapphire, Posh Shitake, Posh Snow, Precise Fawn, Precise Spring, Pyrenees White, Recess Smoke, Sahara Café, Sahara Denim, Santara Mist, Sterling Alpaca, Stitches Slate, Surpass Stone, Switch Ash, Switch Flax, Switch Silver, Tailored Smoke, Tailored Spa, Trax Burgundy, Trax Sequoia, Vacation Aqua, Vacation Blue, Vacation Mist, Veena Spa, Vista Dune, Vista Indigo, Zara Cinnamon, Zenith Sand"
2064.0,9-DT07,Classico Dining 07 Table Base,Classico,Tables,Table Bases,,"H 28.25"" × W 55"" × D 27.75""","If you’re looking for a table base that’s as beautiful as it is dependable, the Classico Iron Dining Table Base is a standout choice. Handcrafted from heavy-gauge wrought iron, it’s designed to provide rock-solid support while bringing a timeless, refined look to any outdoor space. One of the biggest advantages of the Classico base is its flexibility. It pairs effortlessly with a wide range of table top materials and sizes--whether you’re designing with sleek porcelain, ultra-durable Dekton®, or lightweight micro mesh. That means you can create exactly the table you want, without compromising on performance or style. Wrought iron is known for its strength and longevity, and you can feel the difference. The added weight keeps tables stable in windy conditions, while the material’s durability ensures the base holds up year after year outdoors. It’s furniture you can confidently invest in if you want something that truly lasts. With 10 finish options and numerous table top materials to choose from, the Classico Iron Table Base makes customization easy. It’s a smart investment for customers who value craftsmanship, versatility, and outdoor furniture built to stand the test of time. Fits Tops: - 42x72"" (Porcelain) - 42x84"" (Porcelain, Dekton, or Mesh)",True,True,True,Wrought Iron,,,"Carbon Black, Copper Creek, Espresso, Graphite, Rosewood, Sable, Sand Dollar, Sandalwood, Shadow Grey, Velvet White",,
2056.0,953-AW,Classico Dining Arm Chair,Classico,Dining,Dining Chair,,"H 36.5"" × W 22.75"" × D 25.5""","The O.W. Lee Classico Dining Arm Chair brings graceful proportions and decorative craftsmanship to outdoor dining. Featuring classic lines and detailed metalwork, this outdoor dining arm chair offers comfortable support while reinforcing the collection’s traditional aesthetic. O.W. Lee is renowned for its exceptional quality, supported by an industry-leading warranty. Our frames are covered by a 20-year structural warranty, and the finish is guaranteed against fading, blistering, and peeling for 5 years. Cushions and fabrics are also backed by a 5-year warranty. With a selection of 10 elegant frame finishes and over 100 fabric options, customers can easily customize each piece to seamlessly complement their individual style.",True,True,True,"Aluminum, Wrought Iron",,,"Carbon Black, Copper Creek, Espresso, Graphite, Rosewood, Sable, Sand Dollar, Sandalwood, Shadow Grey, Velvet White",,"Abra Denim, Alvarez Indigo, Beckon Hemp, Beckon Shell, Belgian Linen Sand, Big Idea Indigo, Big Idea Steel, Capra Shadow, Chartres Cloud, Chartres Graphite, Chartres Truffle, Chinchilla Aluminum, Chinchilla White, Crete Stone, Envision Teak, Escher Greige, Esti Lagoon, Esti Marine, Esti Onyx, Falcon Sand, Falcon Spa, Falcon White, Flagship Stone, Harris Stone, Hayden Taupe, Juniper Mesa Indigo, Kindle Indigo, Kindle Silk, Kismet Moss, Lacework Stone, Ledger Heron, Ledger Indigo, Liberty Charcoal, Metz Dove, Mojave Twill Elk, Mojave Twill Turquoise, Muscle Beach Grey, Muscle Beach Tweed, Namibia Grey, Optimist Clay, Painterly View, Pashmina Flannel, Piazza Burlap, Piazza Cloud, Piazza Dove, Piazza Indigo, Piazza Mist, Piazza Vapor, Pique Ash, Pique Gravel, Pique Midnight, Posh Ash, Posh Graphite, Posh Oat, Posh Pebble, Posh Sapphire, Posh Shitake, Posh Snow, Precise Fawn, Precise Spring, Pyrenees White, Recess Smoke, Sahara Café, Sahara Denim, Santara Mist, Sterling Alpaca, Stitches Slate, Surpass Stone, Switch Ash, Switch Flax, Switch Silver, Tailored Smoke, Tailored Spa, Trax Burgundy, Trax Sequoia, Vacation Aqua, Vacation Blue, Vacation Mist, Veena Spa, Vista Dune, Vista Indigo, Zara Cinnamon, Zenith Sand"
2055.0,951-S,Classico Dining Side Chair,Classico,Dining,Dining Chair,,"H 36.5"" × W 20.25"" × D 25.5""","The O.W. Lee Classico Dining Side Chair reflects traditional European elegance with a refined, timeless silhouette. Ornate detailing, including embossed flat bar and rivet accents, gives this outdoor dining side chair a classic presence well suited for formal and casual outdoor dining spaces. O.W. Lee is renowned for its exceptional quality, supported by an industry-leading warranty. Our frames are covered by a 20-year structural warranty, and the finish is guaranteed against fading, blistering, and peeling for 5 years. Cushions and fabrics are also backed by a 5-year warranty. With a selection of 10 elegant frame finishes and over 100 fabric options, customers can easily customize each piece to seamlessly complement their individual style.",True,True,True,"Aluminum, Wrought Iron",,,"Carbon Black, Copper Creek, Espresso, Graphite, Rosewood, Sable, Sand Dollar, Sandalwood, Shadow Grey, Velvet White",,"Abra Denim, Alvarez Indigo, Beckon Hemp, Beckon Shell, Belgian Linen Sand, Big Idea Indigo, Big Idea Steel, Capra Shadow, Chartres Cloud, Chartres Graphite, Chartres Truffle, Chinchilla Aluminum, Chinchilla White, Crete Stone, Envision Teak, Escher Greige, Esti Lagoon, Esti Marine, Esti Onyx, Falcon Sand, Falcon Spa, Falcon White, Flagship Stone, Harris Stone, Hayden Taupe, Juniper Mesa Indigo, Kindle Indigo, Kindle Silk, Kismet Moss, Lacework Stone, Ledger Heron, Ledger Indigo, Liberty Charcoal, Metz Dove, Mojave Twill Elk, Mojave Twill Turquoise, Muscle Beach Grey, Muscle Beach Tweed, Namibia Grey, Optimist Clay, Painterly View, Pashmina Flannel, Piazza Burlap, Piazza Cloud, Piazza Dove, Piazza Indigo, Piazza Mist, Piazza Vapor, Pique Ash, Pique Gravel, Pique Midnight, Posh Ash, Posh Graphite, Posh Oat, Posh Pebble, Posh Sapphire, Posh Shitake, Posh Snow, Precise Fawn, Precise Spring, Pyrenees White, Recess Smoke, Sahara Café, Sahara Denim, Santara Mist, Sterling Alpaca, Stitches Slate, Surpass Stone, Switch Ash, Switch Flax, Switch Silver, Tailored Smoke, Tailored Spa, Trax Burgundy, Trax Sequoia, Vacation Aqua, Vacation Blue, Vacation Mist, Veena Spa, Vista Dune, Vista Indigo, Zara Cinnamon, Zenith Sand"
2061.0,953-SBSW,Classico Swivel Bar Stool With Arms,Classico,Dining,Bar & Counter Stools,,"H 50"" × W 22.75"" × D 25.75""","The O.W. Lee Classico Swivel Bar Stool with Arms offers elevated comfort with timeless appeal. Ornate accents, supportive arms, and swivel functionality make this outdoor bar-height stool a classic choice for refined outdoor entertaining spaces. O.W. Lee is renowned for its exceptional quality, supported by an industry-leading warranty. Our frames are covered by a 20-year structural warranty, and the finish is guaranteed against fading, blistering, and peeling for 5 years. Cushions and fabrics are also backed by a 5-year warranty. With a selection of 10 elegant frame finishes and over 100 fabric options, customers can easily customize each piece to seamlessly complement their individual style.",True,True,True,"Aluminum, Wrought Iron",,,"Carbon Black, Copper Creek, Espresso, Graphite, Rosewood, Sable, Sand Dollar, Sandalwood, Shadow Grey, Velvet White",,"Abra Denim, Alvarez Indigo, Beckon Hemp, Beckon Shell, Belgian Linen Sand, Big Idea Indigo, Big Idea Steel, Capra Shadow, Chartres Cloud, Chartres Graphite, Chartres Truffle, Chinchilla Aluminum, Chinchilla White, Crete Stone, Envision Teak, Escher Greige, Esti Lagoon, Esti Marine, Esti Onyx, Falcon Sand, Falcon Spa, Falcon White, Flagship Stone, Harris Stone, Hayden Taupe, Juniper Mesa Indigo, Kindle Indigo, Kindle Silk, Kismet Moss, Lacework Stone, Ledger Heron, Ledger Indigo, Liberty Charcoal, Metz Dove, Mojave Twill Elk, Mojave Twill Turquoise, Muscle Beach Grey, Muscle Beach Tweed, Namibia Grey, Optimist Clay, Painterly View, Pashmina Flannel, Piazza Burlap, Piazza Cloud, Piazza Dove, Piazza Indigo, Piazza Mist, Piazza Vapor, Pique Ash, Pique Gravel, Pique Midnight, Posh Ash, Posh Graphite, Posh Oat, Posh Pebble, Posh Sapphire, Posh Shitake, Posh Snow, Precise Fawn, Precise Spring, Pyrenees White, Recess Smoke, Sahara Café, Sahara Denim, Santara Mist, Sterling Alpaca, Stitches Slate, Surpass Stone, Switch Ash, Switch Flax, Switch Silver, Tailored Smoke, Tailored Spa, Trax Burgundy, Trax Sequoia, Vacation Aqua, Vacation Blue, Vacation Mist, Veena Spa, Vista Dune, Vista Indigo, Zara Cinnamon, Zenith Sand"
2059.0,953-SCSW,Classico Swivel Counter Stool With Arms,Classico,Dining,Bar & Counter Stools,,"H 46"" × W 22.75"" × D 25.75""","The O.W. Lee Classico Swivel Counter Stool with Arms pairs traditional detailing with added comfort and support. Featuring elegant armrests and smooth swivel motion, this counter-height outdoor stool delivers both sophistication and ease of use. O.W. Lee is renowned for its exceptional quality, supported by an industry-leading warranty. Our frames are covered by a 20-year structural warranty, and the finish is guaranteed against fading, blistering, and peeling for 5 years. Cushions and fabrics are also backed by a 5-year warranty. With a selection of 10 elegant frame finishes and over 100 fabric options, customers can easily customize each piece to seamlessly complement their individual style.",True,True,True,"Aluminum, Wrought Iron",,,"Carbon Black, Copper Creek, Espresso, Graphite, Rosewood, Sable, Sand Dollar, Sandalwood, Shadow Grey, Velvet White",,"Abra Denim, Alvarez Indigo, Beckon Hemp, Beckon Shell, Belgian Linen Sand, Big Idea Indigo, Big Idea Steel, Capra Shadow, Chartres Cloud, Chartres Graphite, Chartres Truffle, Chinchilla Aluminum, Chinchilla White, Crete Stone, Envision Teak, Escher Greige, Esti Lagoon, Esti Marine, Esti Onyx, Falcon Sand, Falcon Spa, Falcon White, Flagship Stone, Harris Stone, Hayden Taupe, Juniper Mesa Indigo, Kindle Indigo, Kindle Silk, Kismet Moss, Lacework Stone, Ledger Heron, Ledger Indigo, Liberty Charcoal, Metz Dove, Mojave Twill Elk, Mojave Twill Turquoise, Muscle Beach Grey, Muscle Beach Tweed, Namibia Grey, Optimist Clay, Painterly View, Pashmina Flannel, Piazza Burlap, Piazza Cloud, Piazza Dove, Piazza Indigo, Piazza Mist, Piazza Vapor, Pique Ash, Pique Gravel, Pique Midnight, Posh Ash, Posh Graphite, Posh Oat, Posh Pebble, Posh Sapphire, Posh Shitake, Posh Snow, Precise Fawn, Precise Spring, Pyrenees White, Recess Smoke, Sahara Café, Sahara Denim, Santara Mist, Sterling Alpaca, Stitches Slate, Surpass Stone, Switch Ash, Switch Flax, Switch Silver, Tailored Smoke, Tailored Spa, Trax Burgundy, Trax Sequoia, Vacation Aqua, Vacation Blue, Vacation Mist, Veena Spa, Vista Dune, Vista Indigo, Zara Cinnamon, Zenith Sand"
2057.0,953-SRW,Classico Swivel Rocker Dining Arm Chair,Classico,Dining,Dining Chair,,"H 36.5"" × W 22.75"" × D 25.5""","The O.W. Lee Classico Swivel Rocker Dining Arm Chair combines Old World design with relaxed functionality. Smooth swivel and gentle rocking motion enhance comfort, while embossed detailing and rivets lend timeless character to this outdoor swivel dining chair. O.W. Lee is renowned for its exceptional quality, supported by an industry-leading warranty. Our frames are covered by a 20-year structural warranty, and the finish is guaranteed against fading, blistering, and peeling for 5 years. Cushions and fabrics are also backed by a 5-year warranty. With a selection of 10 elegant frame finishes and over 100 fabric options, customers can easily customize each piece to seamlessly complement their individual style.",True,True,True,"Aluminum, Wrought Iron",,,"Carbon Black, Copper Creek, Espresso, Graphite, Rosewood, Sable, Sand Dollar, Sandalwood, Shadow Grey, Velvet White",,"Abra Denim, Alvarez Indigo, Beckon Hemp, Beckon Shell, Belgian Linen Sand, Big Idea Indigo, Big Idea Steel, Capra Shadow, Chartres Cloud, Chartres Graphite, Chartres Truffle, Chinchilla Aluminum, Chinchilla White, Crete Stone, Envision Teak, Escher Greige, Esti Lagoon, Esti Marine, Esti Onyx, Falcon Sand, Falcon Spa, Falcon White, Flagship Stone, Harris Stone, Hayden Taupe, Juniper Mesa Indigo, Kindle Indigo, Kindle Silk, Kismet Moss, Lacework Stone, Ledger Heron, Ledger Indigo, Liberty Charcoal, Metz Dove, Mojave Twill Elk, Mojave Twill Turquoise, Muscle Beach Grey, Muscle Beach Tweed, Namibia Grey, Optimist Clay, Painterly View, Pashmina Flannel, Piazza Burlap, Piazza Cloud, Piazza Dove, Piazza Indigo, Piazza Mist, Piazza Vapor, Pique Ash, Pique Gravel, Pique Midnight, Posh Ash, Posh Graphite, Posh Oat, Posh Pebble, Posh Sapphire, Posh Shitake, Posh Snow, Precise Fawn, Precise Spring, Pyrenees White, Recess Smoke, Sahara Café, Sahara Denim, Santara Mist, Sterling Alpaca, Stitches Slate, Surpass Stone, Switch Ash, Switch Flax, Switch Silver, Tailored Smoke, Tailored Spa, Trax Burgundy, Trax Sequoia, Vacation Aqua, Vacation Blue, Vacation Mist, Veena Spa, Vista Dune, Vista Indigo, Zara Cinnamon, Zenith Sand"
4929.0,91-WT1650RT,Kensington Console Table,Kensington,Tables,Coffee & Side Tables,,"H 32"" × W 50"" × D 16""","Kensington tables combine refined style with everyday durability, making them a versatile choice for elevated outdoor spaces. Crafted from sturdy aluminum, each table is topped with a sleek porcelain surface that offers exceptional resistance to the elements while delivering a sophisticated look. Available in 10 premium finishes, Kensington tables provide the flexibility to complement a wide range of outdoor furnishings and design aesthetics.",True,True,True,Aluminum,,,"Carbon Black, Copper Creek, Espresso, Graphite, Rosewood, Sable, Sand Dollar, Sandalwood, Shadow Grey, Velvet White",,
4931.0,91-ST18SQ,Kensington Square Side Table,Kensington,Tables,Coffee & Side Tables,,"H 21"" × W 18"" × D 18""","The Standard Aluminum table base offers a timeless, versatile foundation designed to complement a wide range of outdoor styles. Crafted from durable aluminum, it provides excellent strength, stability, and resistance to the elements for long-term outdoor use. Clean lines and a balanced profile make it an easy pairing with multiple tabletop shapes and materials, while its dependable construction ensures lasting performance in both residential and commercial settings. Fits table tops: - 36"" Square (Porcelain) - 42"" Round (Porcelain, Micro Mesh) - 42"" Square (Porcelain, Micro Mesh) - 54"" Round (Porcelain, Dekton, Micro Mesh)",True,True,True,Aluminum,,,"Carbon Black, Copper Creek, Espresso, Graphite, Rosewood, Sable, Sand Dollar, Sandalwood, Shadow Grey, Velvet White",,
5209.0,3733-BS,Marin Armless Bar Stool,Marin,Dining,Bar & Counter Stools,,,"The O.W. Lee Marin Armless Bar Stool brings sleek coastal style to elevated outdoor dining. Its durable aluminum frame and minimal design make it ideal for patios, terraces, or seaside bar areas, offering relaxed seating without sacrificing style. O.W. Lee is renowned for its exceptional quality, supported by an industry-leading warranty. Our frames are covered by a 20-year structural warranty, and the finish is guaranteed against fading, blistering, and peeling for 5 years. Cushions and fabrics are also backed by a 5-year warranty. With a selection of 10 elegant frame finishes and over 100 fabric options, including 16 sling fabrics, customers can easily customize each piece to seamlessly complement their individual style.",True,True,True,Aluminum,,,"Carbon Black, Copper Creek, Espresso, Graphite, Rosewood, Sable, Sand Dollar, Sandalwood, Shadow Grey, Velvet White",,"Abra Denim, Alvarez Indigo, Beckon Hemp, Beckon Shell, Belgian Linen Sand, Big Idea Indigo, Big Idea Steel, Capra Shadow, Chartres Cloud, Chartres Graphite, Chartres Truffle, Chinchilla Aluminum, Chinchilla White, Crete Stone, Envision Teak, Escher Greige, Esti Lagoon, Esti Marine, Esti Onyx, Falcon Sand, Falcon Spa, Falcon White, Flagship Stone, Harris Stone, Hayden Taupe, Juniper Mesa Indigo, Kindle Indigo, Kindle Silk, Kismet Moss, Lacework Stone, Ledger Heron, Ledger Indigo, Liberty Charcoal, Metz Dove, Mojave Twill Elk, Mojave Twill Turquoise, Muscle Beach Grey, Muscle Beach Tweed, Namibia Grey, Optimist Clay, Painterly View, Pashmina Flannel, Piazza Burlap, Piazza Cloud, Piazza Dove, Piazza Indigo, Piazza Mist, Piazza Vapor, Pique Ash, Pique Gravel, Pique Midnight, Posh Ash, Posh Graphite, Posh Oat, Posh Pebble, Posh Sapphire, Posh Shitake, Posh Snow, Precise Fawn, Precise Spring, Pyrenees White, Recess Smoke, Sahara Café, Sahara Denim, Santara Mist, Sterling Alpaca, Stitches Slate, Surpass Stone, Switch Ash, Switch Flax, Switch Silver, Tailored Smoke, Tailored Spa, Trax Burgundy, Trax Sequoia, Vacation Aqua, Vacation Blue, Vacation Mist, Veena Spa, Vista Dune, Vista Indigo, Zara Cinnamon, Zenith Sand"
5208.0,3733-CS,Marin Armless Counter Stool,Marin,Dining,Bar & Counter Stools,,,"The O.W. Lee Marin Armless Counter Stool brings sleek coastal style to elevated outdoor dining. Its durable aluminum frame and minimal design make it ideal for patios, terraces, or seaside bar areas, offering relaxed seating without sacrificing style. O.W. Lee is renowned for its exceptional quality, supported by an industry-leading warranty. Our frames are covered by a 20-year structural warranty, and the finish is guaranteed against fading, blistering, and peeling for 5 years. Cushions and fabrics are also backed by a 5-year warranty. With a selection of 10 elegant frame finishes and over 100 fabric options, including 16 sling fabrics, customers can easily customize each piece to seamlessly complement their individual style.",True,True,True,Aluminum,,,"Carbon Black, Copper Creek, Espresso, Graphite, Rosewood, Sable, Sand Dollar, Sandalwood, Shadow Grey, Velvet White",,"Abra Denim, Alvarez Indigo, Beckon Hemp, Beckon Shell, Belgian Linen Sand, Big Idea Indigo, Big Idea Steel, Capra Shadow, Chartres Cloud, Chartres Graphite, Chartres Truffle, Chinchilla Aluminum, Chinchilla White, Crete Stone, Envision Teak, Escher Greige, Esti Lagoon, Esti Marine, Esti Onyx, Falcon Sand, Falcon Spa, Falcon White, Flagship Stone, Harris Stone, Hayden Taupe, Juniper Mesa Indigo, Kindle Indigo, Kindle Silk, Kismet Moss, Lacework Stone, Ledger Heron, Ledger Indigo, Liberty Charcoal, Metz Dove, Mojave Twill Elk, Mojave Twill Turquoise, Muscle Beach Grey, Muscle Beach Tweed, Namibia Grey, Optimist Clay, Painterly View, Pashmina Flannel, Piazza Burlap, Piazza Cloud, Piazza Dove, Piazza Indigo, Piazza Mist, Piazza Vapor, Pique Ash, Pique Gravel, Pique Midnight, Posh Ash, Posh Graphite, Posh Oat, Posh Pebble, Posh Sapphire, Posh Shitake, Posh Snow, Precise Fawn, Precise Spring, Pyrenees White, Recess Smoke, Sahara Café, Sahara Denim, Santara Mist, Sterling Alpaca, Stitches Slate, Surpass Stone, Switch Ash, Switch Flax, Switch Silver, Tailored Smoke, Tailored Spa, Trax Burgundy, Trax Sequoia, Vacation Aqua, Vacation Blue, Vacation Mist, Veena Spa, Vista Dune, Vista Indigo, Zara Cinnamon, Zenith Sand"
5202.0,3733-A,Marin Dining Arm Chair,Marin,Dining,Dining Chair,,,"The O.W. Lee Marin Dining Arm Chair blends contemporary lines with the breezy charm of coastal living. Built with a lightweight yet durable aluminum frame and comfortable seating, this outdoor dining arm chair is perfect for terraces, patios, and poolside dining. O.W. Lee is renowned for its exceptional quality, supported by an industry-leading warranty. Our frames are covered by a 20-year structural warranty, and the finish is guaranteed against fading, blistering, and peeling for 5 years. Cushions and fabrics are also backed by a 5-year warranty. With a selection of 10 elegant frame finishes and over 100 fabric options, including 16 sling fabrics, customers can easily customize each piece to seamlessly complement their individual style.",True,True,True,Aluminum,,,"Carbon Black, Copper Creek, Espresso, Graphite, Rosewood, Sable, Sand Dollar, Sandalwood, Shadow Grey, Velvet White",,"Abra Denim, Alvarez Indigo, Beckon Hemp, Beckon Shell, Belgian Linen Sand, Big Idea Indigo, Big Idea Steel, Capra Shadow, Chartres Cloud, Chartres Graphite, Chartres Truffle, Chinchilla Aluminum, Chinchilla White, Crete Stone, Envision Teak, Escher Greige, Esti Lagoon, Esti Marine, Esti Onyx, Falcon Sand, Falcon Spa, Falcon White, Flagship Stone, Harris Stone, Hayden Taupe, Juniper Mesa Indigo, Kindle Indigo, Kindle Silk, Kismet Moss, Lacework Stone, Ledger Heron, Ledger Indigo, Liberty Charcoal, Metz Dove, Mojave Twill Elk, Mojave Twill Turquoise, Muscle Beach Grey, Muscle Beach Tweed, Namibia Grey, Optimist Clay, Painterly View, Pashmina Flannel, Piazza Burlap, Piazza Cloud, Piazza Dove, Piazza Indigo, Piazza Mist, Piazza Vapor, Pique Ash, Pique Gravel, Pique Midnight, Posh Ash, Posh Graphite, Posh Oat, Posh Pebble, Posh Sapphire, Posh Shitake, Posh Snow, Precise Fawn, Precise Spring, Pyrenees White, Recess Smoke, Sahara Café, Sahara Denim, Santara Mist, Sterling Alpaca, Stitches Slate, Surpass Stone, Switch Ash, Switch Flax, Switch Silver, Tailored Smoke, Tailored Spa, Trax Burgundy, Trax Sequoia, Vacation Aqua, Vacation Blue, Vacation Mist, Veena Spa, Vista Dune, Vista Indigo, Zara Cinnamon, Zenith Sand"
5201.0,3733-S,Marin Dining Side Chair,Marin,Dining,Dining Chair,,,"The O.W. Lee Marin Dining Side Chair offers a minimalist, coastal-inspired profile with a strong aluminum frame and comfortable seating. Ideal for casual or formal outdoor dining, this outdoor side chair embodies relaxed, modern nautical elegance. O.W. Lee is renowned for its exceptional quality, supported by an industry-leading warranty. Our frames are covered by a 20-year structural warranty, and the finish is guaranteed against fading, blistering, and peeling for 5 years. Cushions and fabrics are also backed by a 5-year warranty. With a selection of 10 elegant frame finishes and over 100 fabric options, including 16 sling fabrics, customers can easily customize each piece to seamlessly complement their individual style.",True,True,True,Aluminum,,,"Carbon Black, Copper Creek, Espresso, Graphite, Rosewood, Sable, Sand Dollar, Sandalwood, Shadow Grey, Velvet White",,"Abra Denim, Alvarez Indigo, Beckon Hemp, Beckon Shell, Belgian Linen Sand, Big Idea Indigo, Big Idea Steel, Capra Shadow, Chartres Cloud, Chartres Graphite, Chartres Truffle, Chinchilla Aluminum, Chinchilla White, Crete Stone, Envision Teak, Escher Greige, Esti Lagoon, Esti Marine, Esti Onyx, Falcon Sand, Falcon Spa, Falcon White, Flagship Stone, Harris Stone, Hayden Taupe, Juniper Mesa Indigo, Kindle Indigo, Kindle Silk, Kismet Moss, Lacework Stone, Ledger Heron, Ledger Indigo, Liberty Charcoal, Metz Dove, Mojave Twill Elk, Mojave Twill Turquoise, Muscle Beach Grey, Muscle Beach Tweed, Namibia Grey, Optimist Clay, Painterly View, Pashmina Flannel, Piazza Burlap, Piazza Cloud, Piazza Dove, Piazza Indigo, Piazza Mist, Piazza Vapor, Pique Ash, Pique Gravel, Pique Midnight, Posh Ash, Posh Graphite, Posh Oat, Posh Pebble, Posh Sapphire, Posh Shitake, Posh Snow, Precise Fawn, Precise Spring, Pyrenees White, Recess Smoke, Sahara Café, Sahara Denim, Santara Mist, Sterling Alpaca, Stitches Slate, Surpass Stone, Switch Ash, Switch Flax, Switch Silver, Tailored Smoke, Tailored Spa, Trax Burgundy, Trax Sequoia, Vacation Aqua, Vacation Blue, Vacation Mist, Veena Spa, Vista Dune, Vista Indigo, Zara Cinnamon, Zenith Sand"
5204.0,37192P-A,Marin Padded Sling Dining Arm Chair,Marin,Dining,Dining Chair,,,"The O.W. Lee Marin Padded Sling Dining Arm Chair combines coastal style with enhanced comfort. Featuring cushioned sling seating and a corrosion-resistant aluminum frame, this outdoor padded sling dining chair offers modern luxury with the relaxed feel of nautical design. O.W. Lee is renowned for its exceptional quality, supported by an industry-leading warranty. Our frames are covered by a 20-year structural warranty, and the finish is guaranteed against fading, blistering, and peeling for 5 years. Cushions and fabrics are also backed by a 5-year warranty. With a selection of 10 elegant frame finishes and over 100 fabric options, including 16 sling fabrics, customers can easily customize each piece to seamlessly complement their individual style.",True,True,True,Aluminum,Sling,,"Carbon Black, Copper Creek, Espresso, Graphite, Rosewood, Sable, Sand Dollar, Sandalwood, Shadow Grey, Velvet White",,"Augustine Alloy, Augustine Ashe, Augustine Denim, Augustine Fennel, Augustine Gravel, Augustine Oasis, Augustine Pewter, Augustine Shadow, Augustine Silver, Burdock Smoke, Collect Indigo, Logan Graphite, Pueblo Dune, Sailing Salt, Sailing Seagull, Site Linen"
5207.0,37192P-SR,Marin Padded Sling Swivel Rocker Dining Arm Chair,Marin,Dining,Dining Chair,,,"The O.W. Lee Marin Padded Sling Swivel Rocker Dining Arm Chair brings motion, comfort, and seaside-inspired style together. Its durable aluminum frame and cushioned sling seat offer a gentle rocking and swivel experience, perfect for extended outdoor dining or lounging. O.W. Lee is renowned for its exceptional quality, supported by an industry-leading warranty. Our frames are covered by a 20-year structural warranty, and the finish is guaranteed against fading, blistering, and peeling for 5 years. Cushions and fabrics are also backed by a 5-year warranty. With a selection of 10 elegant frame finishes and over 100 fabric options, including 16 sling fabrics, customers can easily customize each piece to seamlessly complement their individual style.",True,True,True,Aluminum,Sling,,"Carbon Black, Copper Creek, Espresso, Graphite, Rosewood, Sable, Sand Dollar, Sandalwood, Shadow Grey, Velvet White",,"Augustine Alloy, Augustine Ashe, Augustine Denim, Augustine Fennel, Augustine Gravel, Augustine Oasis, Augustine Pewter, Augustine Shadow, Augustine Silver, Burdock Smoke, Collect Indigo, Logan Graphite, Pueblo Dune, Sailing Salt, Sailing Seagull, Site Linen"
4932.0,37-ST20RD,Marin Side Table,Marin,Tables,Coffee & Side Tables,,"H 24.5"" × W 20"" × D 20""","The Marin 20"" Round Porcelain Tile Aluminum Side Table brings refined coastal style and everyday functionality to outdoor lounge settings. Fully welded for strength and stability, this table is designed as a complete piece. Its clean lines and balanced proportions make it an easy companion to lounge chairs, sofas, and chaises. Crafted from durable aluminum, the Marin side table resists corrosion, moisture, and weather-related wear, making it especially well suited for outdoor and coastal environments. The porcelain tile top is engineered for long-lasting performance using a three-layer construction: a porcelain surface layer that resists heat, scratches, stains, and fading; a reinforced backing layer for added strength and impact resistance; and a protective bonding layer that securely fuses the tile to the aluminum frame. This multi-layer approach ensures exceptional durability, stability, and performance in outdoor conditions. Finished in your choice of O.W. Lee’s premium finishes and with your choice of porcelain tile, this table delivers long-lasting performance with a tailored, timeless look. Best for: • Outdoor lounge and seating areas • Poolside, patio, or covered outdoor spaces • Coordinated accent tables with Marin seating Features: • Fully welded aluminum construction for long-term durability • 20"" round porcelain tile top • Weather- and corrosion-resistant materials • Available in O.W. Lee’s wide range of finishes and tiles for a custom look that matches your style",True,True,True,Aluminum,,,"Carbon Black, Copper Creek, Espresso, Graphite, Rosewood, Sable, Sand Dollar, Sandalwood, Shadow Grey, Velvet White",,
5203.0,37192-A,Marin Sling Dining Arm Chair,Marin,Dining,Dining Chair,,,"The O.W. Lee Marin Sling Dining Arm Chair captures the relaxed charm of coastal living with clean-lined modern design. Crafted from durable aluminum and featuring supportive sling seating, this outdoor sling dining chair brings contemporary nautical elegance to patios, terraces, and poolside dining areas. O.W. Lee is renowned for its exceptional quality, supported by an industry-leading warranty. Our frames are covered by a 20-year structural warranty, and the finish is guaranteed against fading, blistering, and peeling for 5 years. Cushions and fabrics are also backed by a 5-year warranty. With a selection of 10 elegant frame finishes and over 100 fabric options, including 16 sling fabrics, customers can easily customize each piece to seamlessly complement their individual style.",True,True,True,Aluminum,Sling,,"Carbon Black, Copper Creek, Espresso, Graphite, Rosewood, Sable, Sand Dollar, Sandalwood, Shadow Grey, Velvet White",,"Augustine Alloy, Augustine Ashe, Augustine Denim, Augustine Fennel, Augustine Gravel, Augustine Oasis, Augustine Pewter, Augustine Shadow, Augustine Silver, Burdock Smoke, Collect Indigo, Logan Graphite, Pueblo Dune, Sailing Salt, Sailing Seagull, Site Linen"
5206.0,37192-SR,Marin Sling Swivel Rocker Dining Arm Chair,Marin,Dining,Dining Chair,,,"The O.W. Lee Marin Sling Swivel Rocker Dining Arm Chair pairs beachy sophistication with functional movement. Its aluminum frame supports smooth swivel and gentle rocking motion, while the breathable sling seat provides comfort for long seaside-inspired meals or gatherings. O.W. Lee is renowned for its exceptional quality, supported by an industry-leading warranty. Our frames are covered by a 20-year structural warranty, and the finish is guaranteed against fading, blistering, and peeling for 5 years. Cushions and fabrics are also backed by a 5-year warranty. With a selection of 10 elegant frame finishes and over 100 fabric options, including 16 sling fabrics, customers can easily customize each piece to seamlessly complement their individual style.",True,True,True,Aluminum,Sling,,"Carbon Black, Copper Creek, Espresso, Graphite, Rosewood, Sable, Sand Dollar, Sandalwood, Shadow Grey, Velvet White",,"Augustine Alloy, Augustine Ashe, Augustine Denim, Augustine Fennel, Augustine Gravel, Augustine Oasis, Augustine Pewter, Augustine Shadow, Augustine Silver, Burdock Smoke, Collect Indigo, Logan Graphite, Pueblo Dune, Sailing Salt, Sailing Seagull, Site Linen"
5205.0,3733-SR,Marin Swivel Rocker Dining Chair,Marin,Dining,Dining Chair,,,"The O.W. Lee Marin Swivel Rocker Dining Arm Chair offers functional coastal luxury. Featuring a smooth swivel and gentle rocking motion on a sturdy aluminum frame, this outdoor swivel dining chair enhances comfort while maintaining the collection’s modern nautical aesthetic. O.W. Lee is renowned for its exceptional quality, supported by an industry-leading warranty. Our frames are covered by a 20-year structural warranty, and the finish is guaranteed against fading, blistering, and peeling for 5 years. Cushions and fabrics are also backed by a 5-year warranty. With a selection of 10 elegant frame finishes and over 100 fabric options, including 16 sling fabrics, customers can easily customize each piece to seamlessly complement their individual style.",True,True,True,Aluminum,,,"Carbon Black, Copper Creek, Espresso, Graphite, Rosewood, Sable, Sand Dollar, Sandalwood, Shadow Grey, Velvet White",,"Abra Denim, Alvarez Indigo, Beckon Hemp, Beckon Shell, Belgian Linen Sand, Big Idea Indigo, Big Idea Steel, Capra Shadow, Chartres Cloud, Chartres Graphite, Chartres Truffle, Chinchilla Aluminum, Chinchilla White, Crete Stone, Envision Teak, Escher Greige, Esti Lagoon, Esti Marine, Esti Onyx, Falcon Sand, Falcon Spa, Falcon White, Flagship Stone, Harris Stone, Hayden Taupe, Juniper Mesa Indigo, Kindle Indigo, Kindle Silk, Kismet Moss, Lacework Stone, Ledger Heron, Ledger Indigo, Liberty Charcoal, Metz Dove, Mojave Twill Elk, Mojave Twill Turquoise, Muscle Beach Grey, Muscle Beach Tweed, Namibia Grey, Optimist Clay, Painterly View, Pashmina Flannel, Piazza Burlap, Piazza Cloud, Piazza Dove, Piazza Indigo, Piazza Mist, Piazza Vapor, Pique Ash, Pique Gravel, Pique Midnight, Posh Ash, Posh Graphite, Posh Oat, Posh Pebble, Posh Sapphire, Posh Shitake, Posh Snow, Precise Fawn, Precise Spring, Pyrenees White, Recess Smoke, Sahara Café, Sahara Denim, Santara Mist, Sterling Alpaca, Stitches Slate, Surpass Stone, Switch Ash, Switch Flax, Switch Silver, Tailored Smoke, Tailored Spa, Trax Burgundy, Trax Sequoia, Vacation Aqua, Vacation Blue, Vacation Mist, Veena Spa, Vista Dune, Vista Indigo, Zara Cinnamon, Zenith Sand"
2151.0,37-ST01,Table Bases Marin 01 Side Table Base,Marin,Tables,Table Bases,,"H 19"" × W 17.75"" × D 17.75""","The Marin Side Table Base is designed to complement seating areas with understated elegance and versatile functionality. Its balanced proportions make it ideal for supporting square or round tabletops, whether placed beside a lounge chair, sectional, or chaise. Built from high-quality aluminum, this base offers exceptional durability without unnecessary weight, making it easy to reposition while remaining stable and secure. The Marin side table base pairs seamlessly with coordinating porcelain, Dekton, or micro mesh tops, allowing you to create a cohesive look across your outdoor space. With its coastal-inspired design and long-lasting construction, this base is a smart, stylish choice for everyday outdoor living. Best for: - Outdoor lounge and seating areas - Square or round side table tops - Coastal, contemporary, or transitional spaces Fits: - 24"" Round (Porcelain, Dekton, or Micro Mesh) - 24"" Square (Porcelain or Dekton) - 30"" Round (Porcelain or Micro Mesh)",True,True,True,Aluminum,,,"Carbon Black, Copper Creek, Espresso, Graphite, Rosewood, Sable, Sand Dollar, Sandalwood, Shadow Grey, Velvet White",,
2153.0,37-DT03,Table Bases Marin 03 Dining Table Base,Marin,Tables,Table Bases,,"H 28.25"" × W 30"" × D 30""","The Marin Dining Table Base for Square or Round Tops offers a refined foundation for intimate outdoor dining. Designed to support a variety of tabletop sizes and materials, this base combines visual lightness with structural integrity and is perfect for smaller patios, balconies, or casual dining areas. Its aluminum construction resists corrosion and weather-related wear, making it especially well-suited for coastal climates. The open, architectural design allows chairs to tuck in comfortably while maintaining excellent stability. Pair this base with one of our porcelain, Dekton, or Micro Mesh tops and select from O.W. Lee’s wide range of finishes to create a dining table that feels both tailored and timeless. Best for: • Outdoor dining with square or round tops • Compact dining spaces • Custom finish and tabletop combinations Fits: - 36” Square (Porcelain) - 42” Round (Porcelain or Micro Mesh) - 42” Square (Porcelain or Micro Mesh) - 54” Round (Porcelain, Dekton, or Micro Mesh)",True,True,True,Aluminum,,,"Carbon Black, Copper Creek, Espresso, Graphite, Rosewood, Sable, Sand Dollar, Sandalwood, Shadow Grey, Velvet White",,
2152.0,37-OT05,Table Bases Marin 05 Occasional Table Base,Marin,Tables,Table Bases,,,"The Marin Occasional Table is a versatile option for outdoor living areas that need both function and style. Ideal as a coffee table or accent table, this base offers a low-profile design that enhances conversation areas without overwhelming the space. Made from durable aluminum, it’s built to withstand the elements while maintaining its refined appearance season after season. The rectangular format works well with our porcelain, Dekton , or Micro Mesh tops, making it easy to coordinate with Marin seating and dining pieces. Whether used poolside or on a covered patio, this occasional table base adds practical surface space with a polished, coastal feel. Best for: • Outdoor coffee or accent tables • Rectangular tabletop applications • Coordinated lounge settings Fits: - 28x50"" (Porcelain or Micro Mesh) - 31x56"" (Dekton) - 36x58"" (Porcelain or Micro Mesh)",True,True,True,Aluminum,,,"Carbon Black, Copper Creek, Espresso, Graphite, Rosewood, Sable, Sand Dollar, Sandalwood, Shadow Grey, Velvet White",,
2154.0,37-DT07,Table Bases Marin 07 Dining Table Base,Marin,Tables,Table Bases,,"H 28.25"" × W 53.5"" × D 33.75""","The Marin Dining Table Base for rectangular tops is designed to anchor larger outdoor dining spaces with stability and understated elegance. Its streamlined profile supports longer tabletops while maintaining the light, architectural feel that defines the Marin collection. Constructed from corrosion-resistant aluminum, this base is well suited for outdoor and coastal environments. The thoughtfully engineered design allows for comfortable chair placement and generous legroom, making it ideal for entertaining. Pair this base with one of our porcelain, Dekton, or Micro Mesh rectangular tops and select from O.W. Lee’s extensive finish options to create a dining table tailored to your space. Best for: • Larger outdoor dining settings • Rectangular dining table configurations • Entertaining and gathering spaces Fits: • 42x72” (Porcelain) • 42x84” Rectangular (Porcelain, Micro Mesh, or Dekton)",True,True,True,Aluminum,,,"Carbon Black, Copper Creek, Espresso, Graphite, Rosewood, Sable, Sand Dollar, Sandalwood, Shadow Grey, Velvet White",,
4933.0,MA-BT03,Modern Aluminum 03 Bar Table Base,Modern Aluminum,Tables,Table Bases,,"W 25"" × D 25""","Sleek, minimal, and designed for contemporary outdoor living, our Modern Aluminum table bases provide a clean foundation for any table top. Crafted from durable, powder-coated aluminum, they are lightweight yet built to withstand the elements—resistant to rust, corrosion, and fading. Their streamlined design pairs effortlessly with porcelain, Dekton, or micro mesh tops and complements our Arc, Aris, Avana, and Studio collections, making them a versatile choice for both residential and commercial settings. Combining modern style with long-lasting performance, these bases are as practical as they are elegant. This base fits the following tops: - 36"" Square (Porcelain) - 42"" Round (Porcelain and Micro Mesh) - 42"" Square (Porcelain and Micro Mesh) - 54"" Round (Porcelain, Dekton, and Micro Mesh)",True,True,True,Aluminum,,,"Carbon Black, Copper Creek, Espresso, Graphite, Rosewood, Sable, Sand Dollar, Sandalwood, Shadow Grey, Velvet White",,
4934.0,MA-CT03,Modern Aluminum 03 Counter Table Base,Modern Aluminum,Tables,Table Bases,,"H 37"" × W 25"" × D 25""","Sleek, minimal, and designed for contemporary outdoor living, our Modern Aluminum table bases provide a clean foundation for any table top. Crafted from durable, powder-coated aluminum, they are lightweight yet built to withstand the elements—resistant to rust, corrosion, and fading. Their streamlined design pairs effortlessly with porcelain, Dekton, or micro mesh tops and complements our Arc, Aris, Avana, and Studio collections, making them a versatile choice for both residential and commercial settings. Combining modern style with long-lasting performance, these bases are as practical as they are elegant. This base fits the following tops: - 36"" Square (Porcelain) - 42"" Round (Porcelain and Micro Mesh) - 42"" Square (Porcelain and Micro Mesh) - 54"" Round (Porcelain, Dekton, and Micro Mesh)",True,True,True,Aluminum,,,"Carbon Black, Copper Creek, Espresso, Graphite, Rosewood, Sable, Sand Dollar, Sandalwood, Shadow Grey, Velvet White",,
4935.0,MA-DT03,Modern Aluminum 03 Dining Table Base,Modern Aluminum,Tables,Table Bases,,"H 28"" × W 25"" × D 25""","Sleek, minimal, and designed for contemporary outdoor living, our Modern Aluminum table bases provide a clean foundation for any table top. Crafted from durable, powder-coated aluminum, they are lightweight yet built to withstand the elements—resistant to rust, corrosion, and fading. Their streamlined design pairs effortlessly with porcelain, Dekton, or micro mesh tops and complements our Arc, Aris, Avana, and Studio collections, making them a versatile choice for both residential and commercial settings. Combining modern style with long-lasting performance, these bases are as practical as they are elegant. This base fits the following tops: - 36"" Square (Porcelain) - 42"" Round (Porcelain and Micro Mesh) - 42"" Square (Porcelain and Micro Mesh) - 54"" Round (Porcelain, Dekton, and Micro Mesh)",True,True,True,Aluminum,,,"Carbon Black, Copper Creek, Espresso, Graphite, Rosewood, Sable, Sand Dollar, Sandalwood, Shadow Grey, Velvet White",,
4937.0,MA-DT07,Modern Aluminum 07 Dining Table Base,Modern Aluminum,Tables,Table Bases,,"H 28"" × W 53.5"" × D 26.5""","Sleek, minimal, and designed for contemporary outdoor living, our Modern Aluminum table bases provide a clean foundation for any table top. Crafted from durable, powder-coated aluminum, they are lightweight yet built to withstand the elements—resistant to rust, corrosion, and fading. Their streamlined design pairs effortlessly with porcelain, Dekton, or micro mesh tops and complements our Arc, Aris, Avana, and Studio collections, making them a versatile choice for both residential and commercial settings. Combining modern style with long-lasting performance, these bases are as practical as they are elegant. This base fits the following tops: - 42x72"" (Porcelain) - 42x84"" (Porcelain, Dekton, Micro Mesh)",True,True,True,Aluminum,,,"Carbon Black, Copper Creek, Espresso, Graphite, Rosewood, Sable, Sand Dollar, Sandalwood, Shadow Grey, Velvet White",,
2176.0,MA-ST01,Table Bases Modern Aluminum 01 Side Table Base,Modern Aluminum,Tables,Table Bases,,"H 20"" × W 15"" × D 15""","Sleek, minimal, and designed for contemporary outdoor living, our Modern Aluminum table bases provide a clean foundation for any table top. Crafted from durable, powder-coated aluminum, they are lightweight yet built to withstand the elements--resistant to rust, corrosion, and fading. Their streamlined design pairs effortlessly with porcelain, Dekton, or micro mesh tops and complements our Arc, Aris, Avana, and Studio collections, making them a versatile choice for both residential and commercial settings. Combining modern style with long-lasting performance, these bases are as practical as they are elegant. This base fits the following tops: - 24"" Round (Porcelain, Dekton, or Mesh) - 24"" Square (Porcelain or Dekton) - 30"" Round (Porcelain or Mesh)",True,True,True,Aluminum,,,"Carbon Black, Copper Creek, Espresso, Graphite, Rosewood, Sable, Sand Dollar, Sandalwood, Shadow Grey, Velvet White",,
2172.0,MA-BT05,Table Bases Modern Aluminum 05 Bar Table Base,Modern Aluminum,Tables,Table Bases,,,"Sleek, minimal, and designed for contemporary outdoor living, our Modern Aluminum table bases provide a clean foundation for any table top. Crafted from durable, powder-coated aluminum, they are lightweight yet built to withstand the elements--resistant to rust, corrosion, and fading. Their streamlined design pairs effortlessly with porcelain, Dekton, or micro mesh tops and complements our Arc, Aris, Avana, and Studio collections, making them a versatile choice for both residential and commercial settings. Combining modern style with long-lasting performance, these bases are as practical as they are elegant. This base fits the following tops: - 28x50"" (Porcelain, Micro Mesh) - 31x56"" (Dekton) - 36x58"" (porcelain, Micro Mesh)",True,True,True,Aluminum,,,"Atlantic City, Blackwood, Buckskin, Cabaletta, Canyon Taupe, Carbon Black, Cavatina, Cielo, Copper Creek, Dekton Soke, Dekton Trillium, Espresso, Graphite, Micro Mesh, Myrtle Beach, Palazzo Black, Palazzo White, Rosewood, Sable, Sand Dollar, Sandalwood, Shadow Grey, Silver Oak, Summit Grey, Trullo, Urban Pulse, Urban Shift, Velvet White, Venice Beach",,
2173.0,MA-CT05,Table Bases Modern Aluminum 05 Counter Table Base,Modern Aluminum,Tables,Table Bases,,,"Sleek, minimal, and designed for contemporary outdoor living, our Modern Aluminum table bases provide a clean foundation for any table top. Crafted from durable, powder-coated aluminum, they are lightweight yet built to withstand the elements--resistant to rust, corrosion, and fading. Their streamlined design pairs effortlessly with porcelain, Dekton, or micro mesh tops and complements our Arc, Aris, Avana, and Studio collections, making them a versatile choice for both residential and commercial settings. Combining modern style with long-lasting performance, these bases are as practical as they are elegant. This base fits the following tops: - 28x50"" (Porcelain, Micro Mesh) - 31x56"" (Dekton) - 36x58"" (porcelain, Micro Mesh)",True,True,True,Aluminum,,,"Atlantic City, Blackwood, Buckskin, Cabaletta, Canyon Taupe, Carbon Black, Cavatina, Cielo, Copper Creek, Dekton Soke, Dekton Trillium, Espresso, Graphite, Micro Mesh, Myrtle Beach, Palazzo Black, Palazzo White, Rosewood, Sable, Sand Dollar, Sandalwood, Shadow Grey, Silver Oak, Summit Grey, Trullo, Urban Pulse, Urban Shift, Velvet White, Venice Beach",,
2177.0,MA-OT05,Table Bases Modern Aluminum 05 Occasional Table Base,Modern Aluminum,Tables,Table Bases,,"H 18"" × W 43"" × D 20""","Sleek, minimal, and designed for contemporary outdoor living, our Modern Aluminum table bases provide a clean foundation for any table top. Crafted from durable, powder-coated aluminum, they are lightweight yet built to withstand the elements--resistant to rust, corrosion, and fading. Their streamlined design pairs effortlessly with porcelain, Dekton, or micro mesh tops and complements our Arc, Aris, Avana, and Studio collections, making them a versatile choice for both residential and commercial settings. Combining modern style with long-lasting performance, these bases are as practical as they are elegant. This base fits the following tops: - 28x50"" (Porcelain, Micro Mesh) - 31x56"" (Dekton) - 36x58"" (porcelain, Micro Mesh)",True,True,True,Aluminum,,,"Carbon Black, Copper Creek, Espresso, Graphite, Rosewood, Sable, Sand Dollar, Sandalwood, Shadow Grey, Velvet White",,
2174.0,MA-DT10,Table Bases Modern Aluminum 10 Dining Table Base,Modern Aluminum,Tables,Table Bases,,"H 28"" × W 67"" × D 32""",Table Bases collection · Modern Aluminum 10 Dining Table Base by O.W. Lee,True,True,True,Aluminum,,,"Atlantic City, Blackwood, Buckskin, Cabaletta, Canyon Taupe, Carbon Black, Cavatina, Cielo, Copper Creek, Espresso, Graphite, Myrtle Beach, Palazzo Black, Palazzo White, Rosewood, Sable, Sand Dollar, Sandalwood, Shadow Grey, Silver Oak, Summit Grey, Trullo, Urban Pulse, Urban Shift, Velvet White, Venice Beach",,
2039.0,404-A,Monterra Dining Arm Chair,Monterra,Dining,Dining Chair,,"H 39.25"" × W 29.75"" × D 26.75""","The O.W. Lee Monterra Dining Arm Chair reflects the collection’s blend of Southwestern warmth and Mediterranean influence through handcrafted detail and rich texture. Its decorative wrought iron frame and supportive design create a timeless outdoor dining chair that brings Old World character to inviting outdoor dining spaces. O.W. Lee is renowned for its exceptional quality, supported by an industry-leading warranty. Our frames are covered by a 20-year structural warranty, and the finish is guaranteed against fading, blistering, and peeling for 5 years. Cushions and fabrics are also backed by a 5-year warranty. With a selection of 10 elegant frame finishes and over 100 fabric options, including 16 sling fabrics, customers can easily customize each piece to seamlessly complement their individual style.",True,True,True,Wrought Iron,,,"Carbon Black, Copper Creek, Espresso, Graphite, Rosewood, Sable, Sand Dollar, Sandalwood, Shadow Grey, Velvet White",,"Abra Denim, Alvarez Indigo, Beckon Hemp, Beckon Shell, Belgian Linen Sand, Big Idea Indigo, Big Idea Steel, Capra Shadow, Chartres Cloud, Chartres Graphite, Chartres Truffle, Chinchilla Aluminum, Chinchilla White, Crete Stone, Envision Teak, Escher Greige, Esti Lagoon, Esti Marine, Esti Onyx, Falcon Sand, Falcon Spa, Falcon White, Flagship Stone, Harris Stone, Hayden Taupe, Juniper Mesa Indigo, Kindle Indigo, Kindle Silk, Kismet Moss, Lacework Stone, Ledger Heron, Ledger Indigo, Liberty Charcoal, Metz Dove, Mojave Twill Elk, Mojave Twill Turquoise, Muscle Beach Grey, Muscle Beach Tweed, Namibia Grey, Optimist Clay, Painterly View, Pashmina Flannel, Piazza Burlap, Piazza Cloud, Piazza Dove, Piazza Indigo, Piazza Mist, Piazza Vapor, Pique Ash, Pique Gravel, Pique Midnight, Posh Ash, Posh Graphite, Posh Oat, Posh Pebble, Posh Sapphire, Posh Shitake, Posh Snow, Precise Fawn, Precise Spring, Pyrenees White, Recess Smoke, Sahara Café, Sahara Denim, Santara Mist, Sterling Alpaca, Stitches Slate, Surpass Stone, Switch Ash, Switch Flax, Switch Silver, Tailored Smoke, Tailored Spa, Trax Burgundy, Trax Sequoia, Vacation Aqua, Vacation Blue, Vacation Mist, Veena Spa, Vista Dune, Vista Indigo, Zara Cinnamon, Zenith Sand"
2040.0,404-SR,Monterra Dining Swivel Rocker Arm Chair,Monterra,Dining,Dining Chair,,"H 40.25"" × W 29.75"" × D 24.75""","The O.W. Lee Monterra Swivel Rocker Dining Arm Chair combines classic craftsmanship with relaxed functionality inspired by traditional outdoor gathering spaces. Featuring a handcrafted wrought iron frame with smooth swivel and gentle rocking motion, this outdoor swivel dining chair offers comfort and rustic elegance at the table. O.W. Lee is renowned for its exceptional quality, supported by an industry-leading warranty. Our frames are covered by a 20-year structural warranty, and the finish is guaranteed against fading, blistering, and peeling for 5 years. Cushions and fabrics are also backed by a 5-year warranty. With a selection of 10 elegant frame finishes and over 100 fabric options, including 16 sling fabrics, customers can easily customize each piece to seamlessly complement their individual style.",True,True,True,Wrought Iron,,,"Carbon Black, Copper Creek, Espresso, Graphite, Rosewood, Sable, Sand Dollar, Sandalwood, Shadow Grey, Velvet White",,"Abra Denim, Alvarez Indigo, Beckon Hemp, Beckon Shell, Belgian Linen Sand, Big Idea Indigo, Big Idea Steel, Capra Shadow, Chartres Cloud, Chartres Graphite, Chartres Truffle, Chinchilla Aluminum, Chinchilla White, Crete Stone, Envision Teak, Escher Greige, Esti Lagoon, Esti Marine, Esti Onyx, Falcon Sand, Falcon Spa, Falcon White, Flagship Stone, Harris Stone, Hayden Taupe, Juniper Mesa Indigo, Kindle Indigo, Kindle Silk, Kismet Moss, Lacework Stone, Ledger Heron, Ledger Indigo, Liberty Charcoal, Metz Dove, Mojave Twill Elk, Mojave Twill Turquoise, Muscle Beach Grey, Muscle Beach Tweed, Namibia Grey, Optimist Clay, Painterly View, Pashmina Flannel, Piazza Burlap, Piazza Cloud, Piazza Dove, Piazza Indigo, Piazza Mist, Piazza Vapor, Pique Ash, Pique Gravel, Pique Midnight, Posh Ash, Posh Graphite, Posh Oat, Posh Pebble, Posh Sapphire, Posh Shitake, Posh Snow, Precise Fawn, Precise Spring, Pyrenees White, Recess Smoke, Sahara Café, Sahara Denim, Santara Mist, Sterling Alpaca, Stitches Slate, Surpass Stone, Switch Ash, Switch Flax, Switch Silver, Tailored Smoke, Tailored Spa, Trax Burgundy, Trax Sequoia, Vacation Aqua, Vacation Blue, Vacation Mist, Veena Spa, Vista Dune, Vista Indigo, Zara Cinnamon, Zenith Sand"
2042.0,404-SBS,Monterra Swivel Bar Stool With Arms,Monterra,Dining,Bar & Counter Stools,,"H 52.5"" × W 30"" × D 26""","The O.W. Lee Monterra Swivel Bar Stool embodies Monterra’s Old World craftsmanship and textural richness. Its handcrafted wrought iron frame and smooth swivel function create a bar-height outdoor stool that blends rustic charm with lasting durability for outdoor entertaining areas. O.W. Lee is renowned for its exceptional quality, supported by an industry-leading warranty. Our frames are covered by a 20-year structural warranty, and the finish is guaranteed against fading, blistering, and peeling for 5 years. Cushions and fabrics are also backed by a 5-year warranty. With a selection of 10 elegant frame finishes and over 100 fabric options, including 16 sling fabrics, customers can easily customize each piece to seamlessly complement their individual style.",True,True,True,Wrought Iron,,,"Carbon Black, Copper Creek, Espresso, Graphite, Rosewood, Sable, Sand Dollar, Sandalwood, Shadow Grey, Velvet White",,"Abra Denim, Alvarez Indigo, Beckon Hemp, Beckon Shell, Belgian Linen Sand, Big Idea Indigo, Big Idea Steel, Capra Shadow, Chartres Cloud, Chartres Graphite, Chartres Truffle, Chinchilla Aluminum, Chinchilla White, Crete Stone, Envision Teak, Escher Greige, Esti Lagoon, Esti Marine, Esti Onyx, Falcon Sand, Falcon Spa, Falcon White, Flagship Stone, Harris Stone, Hayden Taupe, Juniper Mesa Indigo, Kindle Indigo, Kindle Silk, Kismet Moss, Lacework Stone, Ledger Heron, Ledger Indigo, Liberty Charcoal, Metz Dove, Mojave Twill Elk, Mojave Twill Turquoise, Muscle Beach Grey, Muscle Beach Tweed, Namibia Grey, Optimist Clay, Painterly View, Pashmina Flannel, Piazza Burlap, Piazza Cloud, Piazza Dove, Piazza Indigo, Piazza Mist, Piazza Vapor, Pique Ash, Pique Gravel, Pique Midnight, Posh Ash, Posh Graphite, Posh Oat, Posh Pebble, Posh Sapphire, Posh Shitake, Posh Snow, Precise Fawn, Precise Spring, Pyrenees White, Recess Smoke, Sahara Café, Sahara Denim, Santara Mist, Sterling Alpaca, Stitches Slate, Surpass Stone, Switch Ash, Switch Flax, Switch Silver, Tailored Smoke, Tailored Spa, Trax Burgundy, Trax Sequoia, Vacation Aqua, Vacation Blue, Vacation Mist, Veena Spa, Vista Dune, Vista Indigo, Zara Cinnamon, Zenith Sand"
2041.0,404-SCS,Monterra Swivel Counter Stool With Arms,Monterra,Dining,Bar & Counter Stools,,"H 48"" × W 30"" × D 26.5""","The O.W. Lee Monterra Swivel Counter Stool captures the collection’s earthy tones and artisanal appeal in an elevated seating design. Crafted from durable wrought iron with a smooth swivel motion, this outdoor counter-height stool provides comfortable, versatile seating with timeless Southwestern and Mediterranean character. O.W. Lee is renowned for its exceptional quality, supported by an industry-leading warranty. Our frames are covered by a 20-year structural warranty, and the finish is guaranteed against fading, blistering, and peeling for 5 years. Cushions and fabrics are also backed by a 5-year warranty. With a selection of 10 elegant frame finishes and over 100 fabric options, including 16 sling fabrics, customers can easily customize each piece to seamlessly complement their individual style.",True,True,True,Wrought Iron,,,"Carbon Black, Copper Creek, Espresso, Graphite, Rosewood, Sable, Sand Dollar, Sandalwood, Shadow Grey, Velvet White",,"Abra Denim, Alvarez Indigo, Beckon Hemp, Beckon Shell, Belgian Linen Sand, Big Idea Indigo, Big Idea Steel, Capra Shadow, Chartres Cloud, Chartres Graphite, Chartres Truffle, Chinchilla Aluminum, Chinchilla White, Crete Stone, Envision Teak, Escher Greige, Esti Lagoon, Esti Marine, Esti Onyx, Falcon Sand, Falcon Spa, Falcon White, Flagship Stone, Harris Stone, Hayden Taupe, Juniper Mesa Indigo, Kindle Indigo, Kindle Silk, Kismet Moss, Lacework Stone, Ledger Heron, Ledger Indigo, Liberty Charcoal, Metz Dove, Mojave Twill Elk, Mojave Twill Turquoise, Muscle Beach Grey, Muscle Beach Tweed, Namibia Grey, Optimist Clay, Painterly View, Pashmina Flannel, Piazza Burlap, Piazza Cloud, Piazza Dove, Piazza Indigo, Piazza Mist, Piazza Vapor, Pique Ash, Pique Gravel, Pique Midnight, Posh Ash, Posh Graphite, Posh Oat, Posh Pebble, Posh Sapphire, Posh Shitake, Posh Snow, Precise Fawn, Precise Spring, Pyrenees White, Recess Smoke, Sahara Café, Sahara Denim, Santara Mist, Sterling Alpaca, Stitches Slate, Surpass Stone, Switch Ash, Switch Flax, Switch Silver, Tailored Smoke, Tailored Spa, Trax Burgundy, Trax Sequoia, Vacation Aqua, Vacation Blue, Vacation Mist, Veena Spa, Vista Dune, Vista Indigo, Zara Cinnamon, Zenith Sand"
5245.0,PA-DT07,Table Bases Parsons 07 Table Base,Parsons,Tables,Table Bases,,,"The Parsons table base delivers a bold yet understated presence, defined by clean lines and a simple modern aesthetic. Crafted from high-quality durable aluminum and paired with a substantial Dekton® top, this large-scale table is ideal for entertaining and gathering outdoors. Its impressive weight and solid construction provide exceptional stability and long-lasting performance, ensuring it’s built to endure season after season while serving as a timeless centerpiece for any outdoor dining space. This base fits the following top: - 42x84"" (Dekton only)",True,True,True,Aluminum,,,"Carbon Black, Copper Creek, Espresso, Graphite, Rosewood, Sable, Sand Dollar, Sandalwood, Shadow Grey, Velvet White",,
5488.0,QD-3375CTU,"Quadra 33x75"" Counter Table with Umbrella Hole",Quadra,Tables,Dining Tables,,,,True,True,True,Wrought Iron,,,"Carbon Black, Copper Creek, Espresso, Graphite, Rosewood, Sable, Sand Dollar, Sandalwood, Shadow Grey, Velvet White",,
5487.0,QD-3375DTU,"Quadra 33x75"" Dining Table with Umbrella Hole",Quadra,Tables,Dining Tables,,,,True,True,True,Wrought Iron,,,"Carbon Black, Copper Creek, Espresso, Graphite, Rosewood, Sable, Sand Dollar, Sandalwood, Shadow Grey, Velvet White",,
4913.0,QD-3375CT,Quadra Counter Table,Quadra,Tables,Dining Tables,,"H 37.5"" × W 75"" × D 33""","Clean-lined and architecturally modern, the Quadra Iron Tables bring refined structure to outdoor spaces. Defined by their squared iron frame and crisp geometry, Quadra tables offer a contemporary look that feels substantial yet uncluttered. Crafted from durable iron and built to withstand the elements, these tables deliver lasting strength and stability for everyday outdoor living. Available in a wide range of sizes--including side tables, occasional tables, counter height, console, and dining--Quadra tables provide versatile solutions for everything from intimate seating areas to large entertaining spaces. Their simple, modern profile pairs seamlessly with a variety of collections, making Quadra a timeless foundation for both residential and commercial environments.",True,True,True,Wrought Iron,,,"Carbon Black, Copper Creek, Espresso, Graphite, Rosewood, Sable, Sand Dollar, Sandalwood, Shadow Grey, Velvet White",,
5489.0,QD-2157CT,Quadra Counter Table,Quadra,Tables,Dining Tables,,,,True,True,True,Wrought Iron,,,"Carbon Black, Copper Creek, Espresso, Graphite, Rosewood, Sable, Sand Dollar, Sandalwood, Shadow Grey, Velvet White",,
4899.0,QD-2157DT,Quadra Dining Table,Quadra,Tables,Dining Tables,,"H 29"" × W 56.5"" × D 20.5""","Clean-lined and architecturally modern, the Quadra Iron Tables bring refined structure to outdoor spaces. Defined by their squared iron frame and crisp geometry, Quadra tables offer a contemporary look that feels substantial yet uncluttered. Crafted from durable iron and built to withstand the elements, these tables deliver lasting strength and stability for everyday outdoor living. Available in a wide range of sizes--including side tables, occasional tables, counter height, console, and dining--Quadra tables provide versatile solutions for everything from intimate seating areas to large entertaining spaces. Their simple, modern profile pairs seamlessly with a variety of collections, making Quadra a timeless foundation for both residential and commercial environments.",True,True,True,Wrought Iron,,,"Carbon Black, Copper Creek, Espresso, Graphite, Rosewood, Sable, Sand Dollar, Sandalwood, Shadow Grey, Velvet White",,
2150.0,QD-4587DT,Quadra Dining Table,Quadra,Tables,Dining Tables,,"H 29"" × W 86.5"" × D 44.5""","Clean-lined and architecturally modern, the Quadra Iron Tables bring refined structure to outdoor spaces. Defined by their squared iron frame and crisp geometry, Quadra tables offer a contemporary look that feels substantial yet uncluttered. Crafted from durable iron and built to withstand the elements, these tables deliver lasting strength and stability for everyday outdoor living. Available in a wide range of sizes--including side tables, occasional tables, counter height, console, and dining--Quadra tables provide versatile solutions for everything from intimate seating areas to large entertaining spaces. Their simple, modern profile pairs seamlessly with a variety of collections, making Quadra a timeless foundation for both residential and commercial environments.",True,True,True,Wrought Iron,,,"Carbon Black, Copper Creek, Espresso, Graphite, Rosewood, Sable, Sand Dollar, Sandalwood, Shadow Grey, Velvet White",,
4912.0,QD-3375DT,Quadra Dining Table,Quadra,Tables,Dining Tables,,"H 29"" × W 75"" × D 33""","Clean-lined and architecturally modern, the Quadra Iron Tables bring refined structure to outdoor spaces. Defined by their squared iron frame and crisp geometry, Quadra tables offer a contemporary look that feels substantial yet uncluttered. Crafted from durable iron and built to withstand the elements, these tables deliver lasting strength and stability for everyday outdoor living. Available in a wide range of sizes--including side tables, occasional tables, counter height, console, and dining--Quadra tables provide versatile solutions for everything from intimate seating areas to large entertaining spaces. Their simple, modern profile pairs seamlessly with a variety of collections, making Quadra a timeless foundation for both residential and commercial environments.",True,True,True,Wrought Iron,,,"Carbon Black, Copper Creek, Espresso, Graphite, Rosewood, Sable, Sand Dollar, Sandalwood, Shadow Grey, Velvet White",,
5486.0,QD-4587DTU,Quadra Dining Table w/Umbrella Hole,Quadra,Tables,Dining Tables,,,,True,True,True,Wrought Iron,,,"Carbon Black, Copper Creek, Espresso, Graphite, Rosewood, Sable, Sand Dollar, Sandalwood, Shadow Grey, Velvet White",,
4900.0,QD-2323ST,Square Quadra Side Table,Quadra,Tables,Coffee & Side Tables,,"H 18"" × W 22.5"" × D 22.5""","Clean-lined and architecturally modern, the Quadra Iron Tables bring refined structure to outdoor spaces. Defined by their squared iron frame and crisp geometry, Quadra tables offer a contemporary look that feels substantial yet uncluttered. Crafted from durable iron and built to withstand the elements, these tables deliver lasting strength and stability for everyday outdoor living. Available in a wide range of sizes--including side tables, occasional tables, counter height, console, and dining--Quadra tables provide versatile solutions for everything from intimate seating areas to large entertaining spaces. Their simple, modern profile pairs seamlessly with a variety of collections, making Quadra a timeless foundation for both residential and commercial environments.",True,True,True,Wrought Iron,,,"Carbon Black, Copper Creek, Espresso, Graphite, Rosewood, Sable, Sand Dollar, Sandalwood, Shadow Grey, Velvet White",,
4938.0,6-ST01,San Cristobal 01 Side Table Base,San Cristobal,Tables,Table Bases,,"H 20"" × W 15"" × D 15""","Designed to support a variety of table tops with strength and stability, these bases are built to last, with a durable finish that resists fading, blistering, and peeling. Backed by O.W. Lee’s 20-year structural warranty and 5-year finish guarantee, the San Cristóbal table bases combine timeless beauty with enduring performance.",True,True,True,"Aluminum, Wrought Iron",,,"Carbon Black, Copper Creek, Espresso, Graphite, Rosewood, Sable, Sand Dollar, Sandalwood, Shadow Grey, Velvet White",,
4939.0,6-DT03,San Cristobal 03 Dining Table Base,San Cristobal,Tables,Table Bases,,"H 29.25"" × W 25"" × D 25""","Fits table tops: 36"" Square, 42"" Round, 42"" Square, 54"" Round",True,True,True,"Aluminum, Wrought Iron",,,"Carbon Black, Copper Creek, Espresso, Graphite, Rosewood, Sable, Sand Dollar, Sandalwood, Shadow Grey, Velvet White",,
4942.0,6-DT07,San Cristobal 07 Dining Table Base,San Cristobal,Tables,Table Bases,,"H 29"" × W 53.75"" × D 26.5""","Designed to support a variety of table tops with strength and stability, these bases are built to last, with a durable finish that resists fading, blistering, and peeling. Backed by O.W. Lee’s 20-year structural warranty and 5-year finish guarantee, the San Cristóbal table bases combine timeless beauty with enduring performance.",True,True,True,"Aluminum, Wrought Iron",,,"Carbon Black, Copper Creek, Espresso, Graphite, Rosewood, Sable, Sand Dollar, Sandalwood, Shadow Grey, Velvet White",,
5175.0,651-SBS,San Cristobal Armless Swivel Bar Stool,San Cristobal,Dining,Bar & Counter Stools,,,"The O.W. Lee San Cristóbal Armless Swivel Bar Stool pairs elegant scrollwork with a refined silhouette. Designed for comfort and visual impact, this outdoor bar stool brings Spanish Baroque charm to bar-height seating areas. O.W. Lee is renowned for its exceptional quality, supported by an industry-leading warranty. Our frames are covered by a 20-year structural warranty, and the finish is guaranteed against fading, blistering, and peeling for 5 years. Cushions and fabrics are also backed by a 5-year warranty. With a selection of 10 elegant frame finishes and over 100 fabric options, customers can easily customize each piece to seamlessly complement their individual style.",True,True,True,"Aluminum, Wrought Iron",,,"Carbon Black, Copper Creek, Espresso, Graphite, Rosewood, Sable, Sand Dollar, Sandalwood, Shadow Grey, Velvet White",,"Abra Denim, Alvarez Indigo, Beckon Hemp, Beckon Shell, Belgian Linen Sand, Big Idea Indigo, Big Idea Steel, Capra Shadow, Chartres Cloud, Chartres Graphite, Chartres Truffle, Chinchilla Aluminum, Chinchilla White, Crete Stone, Envision Teak, Escher Greige, Esti Lagoon, Esti Marine, Esti Onyx, Falcon Sand, Falcon Spa, Falcon White, Flagship Stone, Harris Stone, Hayden Taupe, Juniper Mesa Indigo, Kindle Indigo, Kindle Silk, Kismet Moss, Lacework Stone, Ledger Heron, Ledger Indigo, Liberty Charcoal, Metz Dove, Mojave Twill Elk, Mojave Twill Turquoise, Muscle Beach Grey, Muscle Beach Tweed, Namibia Grey, Optimist Clay, Painterly View, Pashmina Flannel, Piazza Burlap, Piazza Cloud, Piazza Dove, Piazza Indigo, Piazza Mist, Piazza Vapor, Pique Ash, Pique Gravel, Pique Midnight, Posh Ash, Posh Graphite, Posh Oat, Posh Pebble, Posh Sapphire, Posh Shitake, Posh Snow, Precise Fawn, Precise Spring, Pyrenees White, Recess Smoke, Sahara Café, Sahara Denim, Santara Mist, Sterling Alpaca, Stitches Slate, Surpass Stone, Switch Ash, Switch Flax, Switch Silver, Tailored Smoke, Tailored Spa, Trax Burgundy, Trax Sequoia, Vacation Aqua, Vacation Blue, Vacation Mist, Veena Spa, Vista Dune, Vista Indigo, Zara Cinnamon, Zenith Sand"
5173.0,651-SCS,San Cristobal Armless Swivel Counter Stool,San Cristobal,Dining,Bar & Counter Stools,,,"The O.W. Lee San Cristóbal Armless Swivel Counter Stool offers elevated seating with a lighter, open profile. Its sculpted frame and handcrafted details reflect Old World influence while providing modern swivel functionality. O.W. Lee is renowned for its exceptional quality, supported by an industry-leading warranty. Our frames are covered by a 20-year structural warranty, and the finish is guaranteed against fading, blistering, and peeling for 5 years. Cushions and fabrics are also backed by a 5-year warranty. With a selection of 10 elegant frame finishes and over 100 fabric options, customers can easily customize each piece to seamlessly complement their individual style.",True,True,True,"Aluminum, Wrought Iron",,,"Carbon Black, Copper Creek, Espresso, Graphite, Rosewood, Sable, Sand Dollar, Sandalwood, Shadow Grey, Velvet White",,"Abra Denim, Alvarez Indigo, Beckon Hemp, Beckon Shell, Belgian Linen Sand, Big Idea Indigo, Big Idea Steel, Capra Shadow, Chartres Cloud, Chartres Graphite, Chartres Truffle, Chinchilla Aluminum, Chinchilla White, Crete Stone, Envision Teak, Escher Greige, Esti Lagoon, Esti Marine, Esti Onyx, Falcon Sand, Falcon Spa, Falcon White, Flagship Stone, Harris Stone, Hayden Taupe, Juniper Mesa Indigo, Kindle Indigo, Kindle Silk, Kismet Moss, Lacework Stone, Ledger Heron, Ledger Indigo, Liberty Charcoal, Metz Dove, Mojave Twill Elk, Mojave Twill Turquoise, Muscle Beach Grey, Muscle Beach Tweed, Namibia Grey, Optimist Clay, Painterly View, Pashmina Flannel, Piazza Burlap, Piazza Cloud, Piazza Dove, Piazza Indigo, Piazza Mist, Piazza Vapor, Pique Ash, Pique Gravel, Pique Midnight, Posh Ash, Posh Graphite, Posh Oat, Posh Pebble, Posh Sapphire, Posh Shitake, Posh Snow, Precise Fawn, Precise Spring, Pyrenees White, Recess Smoke, Sahara Café, Sahara Denim, Santara Mist, Sterling Alpaca, Stitches Slate, Surpass Stone, Switch Ash, Switch Flax, Switch Silver, Tailored Smoke, Tailored Spa, Trax Burgundy, Trax Sequoia, Vacation Aqua, Vacation Blue, Vacation Mist, Veena Spa, Vista Dune, Vista Indigo, Zara Cinnamon, Zenith Sand"
5171.0,653-A,San Cristobal Dining Arm Chair,San Cristobal,Dining,Dining Chair,,,"The O.W. Lee San Cristóbal Dining Arm Chair blends flowing lines with supportive comfort. Intricate metalwork and classic proportions evoke Spanish Baroque artistry, creating an outdoor dining arm chair that feels both luxurious and inviting. O.W. Lee is renowned for its exceptional quality, supported by an industry-leading warranty. Our frames are covered by a 20-year structural warranty, and the finish is guaranteed against fading, blistering, and peeling for 5 years. Cushions and fabrics are also backed by a 5-year warranty. With a selection of 10 elegant frame finishes and over 100 fabric options, customers can easily customize each piece to seamlessly complement their individual style.",True,True,True,"Aluminum, Wrought Iron",,,"Carbon Black, Copper Creek, Espresso, Graphite, Rosewood, Sable, Sand Dollar, Sandalwood, Shadow Grey, Velvet White",,"Abra Denim, Alvarez Indigo, Beckon Hemp, Beckon Shell, Belgian Linen Sand, Big Idea Indigo, Big Idea Steel, Capra Shadow, Chartres Cloud, Chartres Graphite, Chartres Truffle, Chinchilla Aluminum, Chinchilla White, Crete Stone, Envision Teak, Escher Greige, Esti Lagoon, Esti Marine, Esti Onyx, Falcon Sand, Falcon Spa, Falcon White, Flagship Stone, Harris Stone, Hayden Taupe, Juniper Mesa Indigo, Kindle Indigo, Kindle Silk, Kismet Moss, Lacework Stone, Ledger Heron, Ledger Indigo, Liberty Charcoal, Metz Dove, Mojave Twill Elk, Mojave Twill Turquoise, Muscle Beach Grey, Muscle Beach Tweed, Namibia Grey, Optimist Clay, Painterly View, Pashmina Flannel, Piazza Burlap, Piazza Cloud, Piazza Dove, Piazza Indigo, Piazza Mist, Piazza Vapor, Pique Ash, Pique Gravel, Pique Midnight, Posh Ash, Posh Graphite, Posh Oat, Posh Pebble, Posh Sapphire, Posh Shitake, Posh Snow, Precise Fawn, Precise Spring, Pyrenees White, Recess Smoke, Sahara Café, Sahara Denim, Santara Mist, Sterling Alpaca, Stitches Slate, Surpass Stone, Switch Ash, Switch Flax, Switch Silver, Tailored Smoke, Tailored Spa, Trax Burgundy, Trax Sequoia, Vacation Aqua, Vacation Blue, Vacation Mist, Veena Spa, Vista Dune, Vista Indigo, Zara Cinnamon, Zenith Sand"
5170.0,651-S,San Cristobal Side Chair,San Cristobal,Dining,Dining Chair,,,"The O.W. Lee San Cristóbal Dining Side Chair reflects the elegance of Spanish Baroque design through graceful curves and refined detailing. Inspired by Old Havana architecture, this outdoor dining side chair offers timeless beauty and artisanal craftsmanship for sophisticated outdoor dining spaces. O.W. Lee is renowned for its exceptional quality, supported by an industry-leading warranty. Our frames are covered by a 20-year structural warranty, and the finish is guaranteed against fading, blistering, and peeling for 5 years. Cushions and fabrics are also backed by a 5-year warranty. With a selection of 10 elegant frame finishes and over 100 fabric options, customers can easily customize each piece to seamlessly complement their individual style.",True,True,True,"Aluminum, Wrought Iron",,,"Carbon Black, Copper Creek, Espresso, Graphite, Rosewood, Sable, Sand Dollar, Sandalwood, Shadow Grey, Velvet White",,"Abra Denim, Alvarez Indigo, Beckon Hemp, Beckon Shell, Belgian Linen Sand, Big Idea Indigo, Big Idea Steel, Capra Shadow, Chartres Cloud, Chartres Graphite, Chartres Truffle, Chinchilla Aluminum, Chinchilla White, Crete Stone, Envision Teak, Escher Greige, Esti Lagoon, Esti Marine, Esti Onyx, Falcon Sand, Falcon Spa, Falcon White, Flagship Stone, Harris Stone, Hayden Taupe, Juniper Mesa Indigo, Kindle Indigo, Kindle Silk, Kismet Moss, Lacework Stone, Ledger Heron, Ledger Indigo, Liberty Charcoal, Metz Dove, Mojave Twill Elk, Mojave Twill Turquoise, Muscle Beach Grey, Muscle Beach Tweed, Namibia Grey, Optimist Clay, Painterly View, Pashmina Flannel, Piazza Burlap, Piazza Cloud, Piazza Dove, Piazza Indigo, Piazza Mist, Piazza Vapor, Pique Ash, Pique Gravel, Pique Midnight, Posh Ash, Posh Graphite, Posh Oat, Posh Pebble, Posh Sapphire, Posh Shitake, Posh Snow, Precise Fawn, Precise Spring, Pyrenees White, Recess Smoke, Sahara Café, Sahara Denim, Santara Mist, Sterling Alpaca, Stitches Slate, Surpass Stone, Switch Ash, Switch Flax, Switch Silver, Tailored Smoke, Tailored Spa, Trax Burgundy, Trax Sequoia, Vacation Aqua, Vacation Blue, Vacation Mist, Veena Spa, Vista Dune, Vista Indigo, Zara Cinnamon, Zenith Sand"
5176.0,653-SBS,San Cristobal Swivel Bar Stool,San Cristobal,Dining,Bar & Counter Stools,,,"The O.W. Lee San Cristóbal Swivel Bar Stool combines ornate detailing with a commanding presence. Designed to echo the artistry of Spanish Baroque architecture, this outdoor swivel bar stool brings elegance and ease to bar-height entertaining. O.W. Lee is renowned for its exceptional quality, supported by an industry-leading warranty. Our frames are covered by a 20-year structural warranty, and the finish is guaranteed against fading, blistering, and peeling for 5 years. Cushions and fabrics are also backed by a 5-year warranty. With a selection of 10 elegant frame finishes and over 100 fabric options, customers can easily customize each piece to seamlessly complement their individual style.",True,True,True,"Aluminum, Wrought Iron",,,"Carbon Black, Copper Creek, Espresso, Graphite, Rosewood, Sable, Sand Dollar, Sandalwood, Shadow Grey, Velvet White",,"Abra Denim, Alvarez Indigo, Beckon Hemp, Beckon Shell, Belgian Linen Sand, Big Idea Indigo, Big Idea Steel, Capra Shadow, Chartres Cloud, Chartres Graphite, Chartres Truffle, Chinchilla Aluminum, Chinchilla White, Crete Stone, Envision Teak, Escher Greige, Esti Lagoon, Esti Marine, Esti Onyx, Falcon Sand, Falcon Spa, Falcon White, Flagship Stone, Harris Stone, Hayden Taupe, Juniper Mesa Indigo, Kindle Indigo, Kindle Silk, Kismet Moss, Lacework Stone, Ledger Heron, Ledger Indigo, Liberty Charcoal, Metz Dove, Mojave Twill Elk, Mojave Twill Turquoise, Muscle Beach Grey, Muscle Beach Tweed, Namibia Grey, Optimist Clay, Painterly View, Pashmina Flannel, Piazza Burlap, Piazza Cloud, Piazza Dove, Piazza Indigo, Piazza Mist, Piazza Vapor, Pique Ash, Pique Gravel, Pique Midnight, Posh Ash, Posh Graphite, Posh Oat, Posh Pebble, Posh Sapphire, Posh Shitake, Posh Snow, Precise Fawn, Precise Spring, Pyrenees White, Recess Smoke, Sahara Café, Sahara Denim, Santara Mist, Sterling Alpaca, Stitches Slate, Surpass Stone, Switch Ash, Switch Flax, Switch Silver, Tailored Smoke, Tailored Spa, Trax Burgundy, Trax Sequoia, Vacation Aqua, Vacation Blue, Vacation Mist, Veena Spa, Vista Dune, Vista Indigo, Zara Cinnamon, Zenith Sand"
5174.0,653-SCS,San Cristobal Swivel Counter Stool,San Cristobal,Dining,Bar & Counter Stools,,,"The O.W. Lee San Cristóbal Swivel Counter Stool adds supportive arms and graceful curves to elevated seating. Its hand-forged appearance and smooth swivel motion deliver both comfort and Old World sophistication. O.W. Lee is renowned for its exceptional quality, supported by an industry-leading warranty. Our frames are covered by a 20-year structural warranty, and the finish is guaranteed against fading, blistering, and peeling for 5 years. Cushions and fabrics are also backed by a 5-year warranty. With a selection of 10 elegant frame finishes and over 100 fabric options, customers can easily customize each piece to seamlessly complement their individual style.",True,True,True,"Aluminum, Wrought Iron",,,"Carbon Black, Copper Creek, Espresso, Graphite, Rosewood, Sable, Sand Dollar, Sandalwood, Shadow Grey, Velvet White",,"Abra Denim, Alvarez Indigo, Beckon Hemp, Beckon Shell, Belgian Linen Sand, Big Idea Indigo, Big Idea Steel, Capra Shadow, Chartres Cloud, Chartres Graphite, Chartres Truffle, Chinchilla Aluminum, Chinchilla White, Crete Stone, Envision Teak, Escher Greige, Esti Lagoon, Esti Marine, Esti Onyx, Falcon Sand, Falcon Spa, Falcon White, Flagship Stone, Harris Stone, Hayden Taupe, Juniper Mesa Indigo, Kindle Indigo, Kindle Silk, Kismet Moss, Lacework Stone, Ledger Heron, Ledger Indigo, Liberty Charcoal, Metz Dove, Mojave Twill Elk, Mojave Twill Turquoise, Muscle Beach Grey, Muscle Beach Tweed, Namibia Grey, Optimist Clay, Painterly View, Pashmina Flannel, Piazza Burlap, Piazza Cloud, Piazza Dove, Piazza Indigo, Piazza Mist, Piazza Vapor, Pique Ash, Pique Gravel, Pique Midnight, Posh Ash, Posh Graphite, Posh Oat, Posh Pebble, Posh Sapphire, Posh Shitake, Posh Snow, Precise Fawn, Precise Spring, Pyrenees White, Recess Smoke, Sahara Café, Sahara Denim, Santara Mist, Sterling Alpaca, Stitches Slate, Surpass Stone, Switch Ash, Switch Flax, Switch Silver, Tailored Smoke, Tailored Spa, Trax Burgundy, Trax Sequoia, Vacation Aqua, Vacation Blue, Vacation Mist, Veena Spa, Vista Dune, Vista Indigo, Zara Cinnamon, Zenith Sand"
5172.0,653-SR,San Cristobal Swivel Rocker Dining Chair,San Cristobal,Dining,Dining Chair,,,"The O.W. Lee San Cristóbal Swivel Rocker Dining Arm Chair enhances traditional elegance with smooth swivel and gentle rocking motion. Ornate detailing and graceful curves bring movement and comfort to refined outdoor dining settings. O.W. Lee is renowned for its exceptional quality, supported by an industry-leading warranty. Our frames are covered by a 20-year structural warranty, and the finish is guaranteed against fading, blistering, and peeling for 5 years. Cushions and fabrics are also backed by a 5-year warranty. With a selection of 10 elegant frame finishes and over 100 fabric options, customers can easily customize each piece to seamlessly complement their individual style.",True,True,True,"Aluminum, Wrought Iron",,,"Carbon Black, Copper Creek, Espresso, Graphite, Rosewood, Sable, Sand Dollar, Sandalwood, Shadow Grey, Velvet White",,"Abra Denim, Alvarez Indigo, Beckon Hemp, Beckon Shell, Belgian Linen Sand, Big Idea Indigo, Big Idea Steel, Capra Shadow, Chartres Cloud, Chartres Graphite, Chartres Truffle, Chinchilla Aluminum, Chinchilla White, Crete Stone, Envision Teak, Escher Greige, Esti Lagoon, Esti Marine, Esti Onyx, Falcon Sand, Falcon Spa, Falcon White, Flagship Stone, Harris Stone, Hayden Taupe, Juniper Mesa Indigo, Kindle Indigo, Kindle Silk, Kismet Moss, Lacework Stone, Ledger Heron, Ledger Indigo, Liberty Charcoal, Metz Dove, Mojave Twill Elk, Mojave Twill Turquoise, Muscle Beach Grey, Muscle Beach Tweed, Namibia Grey, Optimist Clay, Painterly View, Pashmina Flannel, Piazza Burlap, Piazza Cloud, Piazza Dove, Piazza Indigo, Piazza Mist, Piazza Vapor, Pique Ash, Pique Gravel, Pique Midnight, Posh Ash, Posh Graphite, Posh Oat, Posh Pebble, Posh Sapphire, Posh Shitake, Posh Snow, Precise Fawn, Precise Spring, Pyrenees White, Recess Smoke, Sahara Café, Sahara Denim, Santara Mist, Sterling Alpaca, Stitches Slate, Surpass Stone, Switch Ash, Switch Flax, Switch Silver, Tailored Smoke, Tailored Spa, Trax Burgundy, Trax Sequoia, Vacation Aqua, Vacation Blue, Vacation Mist, Veena Spa, Vista Dune, Vista Indigo, Zara Cinnamon, Zenith Sand"
2170.0,AT-CT01,Table Bases Standard Aluminum 01 Counter Table Base,Standard Aluminum,Tables,Table Bases,,,"The Standard Aluminum table base offers a timeless, versatile foundation designed to complement a wide range of outdoor styles. Crafted from durable aluminum, it provides excellent strength, stability, and resistance to the elements for long-term outdoor use. Clean lines and a balanced profile make it an easy pairing with multiple tabletop shapes and materials, while its dependable construction ensures lasting performance in both residential and commercial settings. Fits table tops: - 24"" Round (Porcelain, Dekton, Micro Mesh) - 24"" Square (Porcelain, Dekton) - 30"" Round (Porcelain, Micro Mesh)",True,True,True,Aluminum,,,"Carbon Black, Copper Creek, Espresso, Graphite, Rosewood, Sable, Sand Dollar, Sandalwood, Shadow Grey, Velvet White",,
2167.0,AT-DT01,Table Bases Standard Aluminum 01 Dining Table Base,Standard Aluminum,Tables,Table Bases,,,"The Standard Aluminum table base offers a timeless, versatile foundation designed to complement a wide range of outdoor styles. Crafted from durable aluminum, it provides excellent strength, stability, and resistance to the elements for long-term outdoor use. Clean lines and a balanced profile make it an easy pairing with multiple tabletop shapes and materials, while its dependable construction ensures lasting performance in both residential and commercial settings. Fits table tops: - 24"" Round (Porcelain, Dekton, Micro Mesh) - 24"" Square (Porcelain, Dekton) - 30"" Round (Porcelain, Micro Mesh)",True,True,True,Aluminum,,,"Carbon Black, Copper Creek, Espresso, Graphite, Rosewood, Sable, Sand Dollar, Sandalwood, Shadow Grey, Velvet White",,
2171.0,AT-CT03,Table Bases Standard Aluminum 03 Counter Table Base,Standard Aluminum,Tables,Table Bases,,,"The Standard Aluminum table base offers a timeless, versatile foundation designed to complement a wide range of outdoor styles. Crafted from durable aluminum, it provides excellent strength, stability, and resistance to the elements for long-term outdoor use. Clean lines and a balanced profile make it an easy pairing with multiple tabletop shapes and materials, while its dependable construction ensures lasting performance in both residential and commercial settings. Fits table tops: - 36"" square - 42"" round - 42"" square - 54"" round",True,True,True,Aluminum,,,"Carbon Black, Copper Creek, Espresso, Graphite, Rosewood, Sable, Sand Dollar, Sandalwood, Shadow Grey, Velvet White",,
2166.0,AT-DT03,Table Bases Standard Aluminum 03 Dining Table Base,Standard Aluminum,Tables,Table Bases,,,"The Standard Aluminum table base offers a timeless, versatile foundation designed to complement a wide range of outdoor styles. Crafted from durable aluminum, it provides excellent strength, stability, and resistance to the elements for long-term outdoor use. Clean lines and a balanced profile make it an easy pairing with multiple tabletop shapes and materials, while its dependable construction ensures lasting performance in both residential and commercial settings. Fits table tops: - 36"" square - 42"" round - 42"" square - 54"" round",True,True,True,Aluminum,,,"Atlantic City, Blackwood, Buckskin, Cabaletta, Canyon Taupe, Carbon Black, Cavatina, Cielo, Copper Creek, Dekton Soke, Dekton Trillium, Espresso, Graphite, Myrtle Beach, Palazzo Black, Palazzo White, Rosewood, Sable, Sand Dollar, Sandalwood, Shadow Grey, Silver Oak, Summit Grey, Trullo, Urban Pulse, Urban Shift, Velvet White, Venice Beach",,
2168.0,AT-DT07,Table Bases Standard Aluminum 07 Dining Table Base,Standard Aluminum,Tables,Table Bases,,"H 28"" × W 53.5"" × D 26.5""","The Standard Aluminum table base offers a timeless, versatile foundation designed to complement a wide range of outdoor styles. Crafted from durable aluminum, it provides excellent strength, stability, and resistance to the elements for long-term outdoor use. Clean lines and a balanced profile make it an easy pairing with multiple tabletop shapes and materials, while its dependable construction ensures lasting performance in both residential and commercial settings. Fits table tops: - 42x72"" (Porcelain) - 42x84"" (Porcelain, Dekton, Micro Mesh)",True,True,True,Aluminum,,,"Carbon Black, Copper Creek, Espresso, Graphite, Rosewood, Sable, Sand Dollar, Sandalwood, Shadow Grey, Velvet White",,
2169.0,AT-DT10,Table Bases Standard Aluminum 10 Dining Table Base,Standard Aluminum,Tables,Table Bases,,"H 28"" × W 67"" × D 32""","The Standard Aluminum table base offers a timeless, versatile foundation designed to complement a wide range of outdoor styles. Crafted from durable aluminum, it provides excellent strength, stability, and resistance to the elements for long-term outdoor use. Clean lines and a balanced profile make it an easy pairing with multiple tabletop shapes and materials, while its dependable construction ensures lasting performance in both residential and commercial settings. This table is made to fit a 42x120"" table top and is great for entertaining and for hosting large groups. Fits table tops: - 42x120"" (Porcelain only)",True,True,True,Aluminum,,,"Carbon Black, Copper Creek, Espresso, Graphite, Rosewood, Sable, Sand Dollar, Sandalwood, Shadow Grey, Velvet White",,
2164.0,BT01-BASE,Table Bases Standard Iron 01 Bar Table Base,Standard Iron,Tables,Table Bases,,"H 41"" × W 15"" × D 15""","Timeless and sturdy, our Standard Iron table bases provide a strong foundation for your outdoor tables. Crafted from durable iron with a refined finish, they combine classic design with long-lasting performance. These versatile bases pair beautifully with the Monterra and Pasadera collections, enhancing both traditional and contemporary outdoor spaces. This base fits the following tops: - 24"" Round (Porcelain, Dekton, or Mesh) - 24"" Square (Porcelain or Dekton) - 30"" Round (Porcelain or Mesh)",True,True,True,"Aluminum, Wrought Iron",,,"Carbon Black, Copper Creek, Espresso, Graphite, Rosewood, Sable, Sand Dollar, Sandalwood, Shadow Grey, Velvet White",,
2162.0,CT01-BASE,Table Bases Standard Iron 01 Counter Table Base,Standard Iron,Tables,Table Bases,,"H 37"" × W 15"" × D 15""","Timeless and sturdy, our Standard Iron table bases provide a strong foundation for your outdoor tables. Crafted from durable iron with a refined finish, they combine classic design with long-lasting performance. These versatile bases pair beautifully with the Monterra and Pasadera collections, enhancing both traditional and contemporary outdoor spaces. This base fits the following tops: - 24"" Round (Porcelain, Dekton, or Mesh) - 24"" Square (Porcelain or Dekton) - 30"" Round (Porcelain or Mesh)",True,True,True,"Aluminum, Wrought Iron",,,"Carbon Black, Copper Creek, Espresso, Graphite, Rosewood, Sable, Sand Dollar, Sandalwood, Shadow Grey, Velvet White",,
2158.0,DT01-BASE,Table Bases Standard Iron 01 Dining Table Base,Standard Iron,Tables,Table Bases,,"H 28"" × W 15"" × D 15""","Timeless and sturdy, our Standard Iron table bases provide a strong foundation for your outdoor tables. Crafted from durable iron with a refined finish, they combine classic design with long-lasting performance. These versatile bases pair beautifully with the Monterra and Pasadera collections, enhancing both traditional and contemporary outdoor spaces. This base fits the following tops: - 24"" Round (Porcelain, Dekton, or Mesh) - 24"" Square (Porcelain or Dekton) - 30"" Round (Porcelain or Mesh)",True,True,True,"Aluminum, Wrought Iron",,,"Carbon Black, Copper Creek, Espresso, Graphite, Rosewood, Sable, Sand Dollar, Sandalwood, Shadow Grey, Velvet White",,
2155.0,ST01-BASE,Table Bases Standard Iron 01 Side Table Base,Standard Iron,Tables,Table Bases,,"H 19"" × W 15"" × D 15""","Timeless and sturdy, our Standard Iron table bases provide a strong foundation for your outdoor tables. Crafted from durable iron with a refined finish, they combine classic design with long-lasting performance. These versatile bases pair beautifully with the Monterra and Pasadera collections, enhancing both traditional and contemporary outdoor spaces. This base fits the following tops: - 24"" Round (Porcelain, Dekton, or Mesh) - 24"" Square (Porcelain or Dekton) - 30"" Round (Porcelain or Mesh)",True,True,True,"Aluminum, Wrought Iron",,,"Carbon Black, Copper Creek, Espresso, Graphite, Rosewood, Sable, Sand Dollar, Sandalwood, Shadow Grey, Velvet White",,
2165.0,BT03-BASE,Table Bases Standard Iron 03 Bar Table Base,Standard Iron,Tables,Table Bases,,"H 41"" × W 25"" × D 25""","Timeless and sturdy, our Standard Iron table bases provide a strong foundation for your outdoor tables. Crafted from durable iron with a refined finish, they combine classic design with long-lasting performance. These versatile bases pair beautifully with the Monterra and Pasadera collections, enhancing both traditional and contemporary outdoor spaces. This base fits the following tops: - 36"" Square (Porcelain) - 42"" Round (Porcelain and Micro Mesh) - 42"" Square (Porcelain and Micro Mesh) - 54"" Round (Porcelain, Dekton, and Micro Mesh)",True,True,True,"Aluminum, Wrought Iron",,,"Carbon Black, Copper Creek, Espresso, Graphite, Rosewood, Sable, Sand Dollar, Sandalwood, Shadow Grey, Velvet White",,
2163.0,CT03-BASE,Table Bases Standard Iron 03 Counter Table Base,Standard Iron,Tables,Table Bases,,"H 37"" × W 25"" × D 25""","Timeless and sturdy, our Standard Iron table bases provide a strong foundation for your outdoor tables. Crafted from durable iron with a refined finish, they combine classic design with long-lasting performance. These versatile bases pair beautifully with the Monterra and Pasadera collections, enhancing both traditional and contemporary outdoor spaces. This base fits the following tops: - 36"" Square (Porcelain) - 42"" Round (Porcelain and Micro Mesh) - 42"" Square (Porcelain and Micro Mesh) - 54"" Round (Porcelain, Dekton, and Micro Mesh)",True,True,True,"Aluminum, Wrought Iron",,,"Carbon Black, Copper Creek, Espresso, Graphite, Rosewood, Sable, Sand Dollar, Sandalwood, Shadow Grey, Velvet White",,
2159.0,DT03-BASE,Table Bases Standard Iron 03 Dining Table Base,Standard Iron,Tables,Table Bases,,,"Timeless and sturdy, our Standard Iron table bases provide a strong foundation for your outdoor tables. Crafted from durable iron with a refined finish, they combine classic design with long-lasting performance. These versatile bases pair beautifully with the Monterra and Pasadera collections, enhancing both traditional and contemporary outdoor spaces. This base fits the following tops: - 36"" Square (Porcelain) - 42"" Round (Porcelain and Micro Mesh) - 42"" Square (Porcelain and Micro Mesh) - 54"" Round (Porcelain, Dekton, and Micro Mesh)",True,True,True,"Aluminum, Wrought Iron",,,"Carbon Black, Copper Creek, Espresso, Graphite, Rosewood, Sable, Sand Dollar, Sandalwood, Shadow Grey, Velvet White",,
2157.0,OT03-BASE,Table Bases Standard Iron 03 Occasional Table Base,Standard Iron,Tables,Table Bases,,,"Timeless and sturdy, our Standard Iron table bases provide a strong foundation for your outdoor tables. Crafted from durable iron with a refined finish, they combine classic design with long-lasting performance. These versatile bases pair beautifully with the Monterra and Pasadera collections, enhancing both traditional and contemporary outdoor spaces. This base fits the following tops: - 36"" Square (Porcelain) - 42"" Round (Porcelain and Micro Mesh) - 42"" Square (Porcelain and Micro Mesh) - 54"" Round (Porcelain, Dekton, and Micro Mesh)",True,True,True,"Aluminum, Wrought Iron",,,"Carbon Black, Copper Creek, Espresso, Graphite, Rosewood, Sable, Sand Dollar, Sandalwood, Shadow Grey, Velvet White",,
2160.0,DT05-BASE,Table Bases Standard Iron 05 Dining Table Base,Standard Iron,Tables,Table Bases,,,"Timeless and sturdy, our Standard Iron table bases provide a strong foundation for your outdoor tables. Crafted from durable iron with a refined finish, they combine classic design with long-lasting performance. These versatile bases pair beautifully with the Monterra and Pasadera collections, enhancing both traditional and contemporary outdoor spaces. This base fits the following tops: - 28x50"" (Porcelain, Micro Mesh) - 31x56"" (Dekton) - 36x58"" (Porcelain, Micro Mesh)",True,True,True,"Aluminum, Wrought Iron",,,"Carbon Black, Copper Creek, Espresso, Graphite, Rosewood, Sable, Sand Dollar, Sandalwood, Shadow Grey, Velvet White",,
2156.0,OT05-BASE,Table Bases Standard Iron 05 Occasional Table Base,Standard Iron,Tables,Table Bases,,,"Timeless and sturdy, our Standard Iron table bases provide a strong foundation for your outdoor tables. Crafted from durable iron with a refined finish, they combine classic design with long-lasting performance. These versatile bases pair beautifully with the Monterra and Pasadera collections, enhancing both traditional and contemporary outdoor spaces. This base fits the following tops: - 28x50"" (Porcelain, Micro Mesh) - 31x56"" (Dekton) - 36x58"" (Porcelain, Micro Mesh)",True,True,True,"Aluminum, Wrought Iron",,,"Carbon Black, Copper Creek, Espresso, Graphite, Rosewood, Sable, Sand Dollar, Sandalwood, Shadow Grey, Velvet White",,
2161.0,DT07-BASE,Table Bases Standard Iron 07 Dining Table Base,Standard Iron,Tables,Table Bases,,,"Timeless and sturdy, our Standard Iron table bases provide a strong foundation for your outdoor tables. Crafted from durable iron with a refined finish, they combine classic design with long-lasting performance. These versatile bases pair beautifully with the Monterra and Pasadera collections, enhancing both traditional and contemporary outdoor spaces. This base fits the following tops: - 42x72"" (Porcelain) - 42x84"" (Porcelain, Dekton, Micro Mesh)",True,True,True,"Aluminum, Wrought Iron",,,"Carbon Black, Copper Creek, Espresso, Graphite, Rosewood, Sable, Sand Dollar, Sandalwood, Shadow Grey, Velvet White",,
5228.0,77192P-BS,Studio Padded Sling Bar Stool,Studio,Dining,Bar & Counter Stools,,,"The O.W. Lee Studio Bar Stool is designed for modern outdoor entertaining. Featuring a sleek aluminum frame and supportive sling or padded sling seating, this outdoor bar-height stool offers durability, comfort, and contemporary style for bars and gathering spaces. O.W. Lee is renowned for its exceptional quality, supported by an industry-leading warranty. Our frames are covered by a 20-year structural warranty, and the finish is guaranteed against fading, blistering, and peeling for 5 years. Cushions and fabrics are also backed by a 5-year warranty. With a selection of 10 elegant frame finishes and over 100 fabric options, including 16 sling fabrics, customers can easily customize each piece to seamlessly complement their individual style.",True,True,True,Aluminum,Sling,,"Carbon Black, Copper Creek, Espresso, Graphite, Rosewood, Sable, Sand Dollar, Sandalwood, Shadow Grey, Velvet White",,"Augustine Alloy, Augustine Ashe, Augustine Denim, Augustine Fennel, Augustine Gravel, Augustine Oasis, Augustine Pewter, Augustine Shadow, Augustine Silver, Burdock Smoke, Collect Indigo, Logan Graphite, Pueblo Dune, Sailing Salt, Sailing Seagull, Site Linen"
5226.0,77192P-CS,Studio Padded Sling Counter Stool,Studio,Dining,Bar & Counter Stools,,,"The O.W. Lee Studio Counter Stool brings modern functionality to elevated outdoor dining areas. Crafted from weather-resistant aluminum and available in sling or padded sling options, this outdoor counter-height stool delivers comfortable support with a clean, minimalist aesthetic. O.W. Lee is renowned for its exceptional quality, supported by an industry-leading warranty. Our frames are covered by a 20-year structural warranty, and the finish is guaranteed against fading, blistering, and peeling for 5 years. Cushions and fabrics are also backed by a 5-year warranty. With a selection of 10 elegant frame finishes and over 100 fabric options, including 16 sling fabrics, customers can easily customize each piece to seamlessly complement their individual style.",True,True,True,Aluminum,Sling,,"Carbon Black, Copper Creek, Espresso, Graphite, Rosewood, Sable, Sand Dollar, Sandalwood, Shadow Grey, Velvet White",,"Augustine Alloy, Augustine Ashe, Augustine Denim, Augustine Fennel, Augustine Gravel, Augustine Oasis, Augustine Pewter, Augustine Shadow, Augustine Silver, Burdock Smoke, Collect Indigo, Logan Graphite, Pueblo Dune, Sailing Salt, Sailing Seagull, Site Linen"
5222.0,77192P-A,Studio Padded Sling Dining Arm Chair,Studio,Dining,Dining Chair,,,"The O.W. Lee Studio Padded Sling Dining Chair adds enhanced comfort to sleek, modern outdoor dining. Combining a streamlined aluminum frame with cushioned sling seating, this outdoor padded sling dining chair offers lasting durability with a refined, contemporary look. O.W. Lee is renowned for its exceptional quality, supported by an industry-leading warranty. Our frames are covered by a 20-year structural warranty, and the finish is guaranteed against fading, blistering, and peeling for 5 years. Cushions and fabrics are also backed by a 5-year warranty. With a selection of 10 elegant frame finishes and over 100 fabric options, including 16 sling fabrics, customers can easily customize each piece to seamlessly complement their individual style.",True,True,True,Aluminum,Sling,,"Carbon Black, Copper Creek, Espresso, Graphite, Rosewood, Sable, Sand Dollar, Sandalwood, Shadow Grey, Velvet White",,"Augustine Alloy, Augustine Ashe, Augustine Denim, Augustine Fennel, Augustine Gravel, Augustine Oasis, Augustine Pewter, Augustine Shadow, Augustine Silver, Burdock Smoke, Collect Indigo, Logan Graphite, Pueblo Dune, Sailing Salt, Sailing Seagull, Site Linen"
5224.0,77192P-SR,Studio Padded Sling Swivel Rocker Arm Chair,Studio,Dining,Dining Chair,,,"The O.W. Lee Studio Padded Sling Dining Chair adds enhanced comfort to sleek, modern outdoor dining. Combining a streamlined aluminum frame with cushioned sling seating, this outdoor padded sling dining chair offers lasting durability with a refined, contemporary look. O.W. Lee is renowned for its exceptional quality, supported by an industry-leading warranty. Our frames are covered by a 20-year structural warranty, and the finish is guaranteed against fading, blistering, and peeling for 5 years. Cushions and fabrics are also backed by a 5-year warranty. With a selection of 10 elegant frame finishes and over 100 fabric options, including 16 sling fabrics, customers can easily customize each piece to seamlessly complement their individual style.",True,True,True,Aluminum,Sling,,"Carbon Black, Copper Creek, Espresso, Graphite, Rosewood, Sable, Sand Dollar, Sandalwood, Shadow Grey, Velvet White",,"Augustine Alloy, Augustine Ashe, Augustine Denim, Augustine Fennel, Augustine Gravel, Augustine Oasis, Augustine Pewter, Augustine Shadow, Augustine Silver, Burdock Smoke, Collect Indigo, Logan Graphite, Pueblo Dune, Sailing Salt, Sailing Seagull, Site Linen"
5227.0,77192-BS,Studio Sling Bar Stool,Studio,Dining,Bar & Counter Stools,,,"The O.W. Lee Studio Bar Stool is designed for modern outdoor entertaining. Featuring a sleek aluminum frame and supportive sling or padded sling seating, this outdoor bar-height stool offers durability, comfort, and contemporary style for bars and gathering spaces. O.W. Lee is renowned for its exceptional quality, supported by an industry-leading warranty. Our frames are covered by a 20-year structural warranty, and the finish is guaranteed against fading, blistering, and peeling for 5 years. Cushions and fabrics are also backed by a 5-year warranty. With a selection of 10 elegant frame finishes and over 100 fabric options, including 16 sling fabrics, customers can easily customize each piece to seamlessly complement their individual style.",True,True,True,Aluminum,Sling,,"Carbon Black, Copper Creek, Espresso, Graphite, Rosewood, Sable, Sand Dollar, Sandalwood, Shadow Grey, Velvet White",,"Augustine Alloy, Augustine Ashe, Augustine Denim, Augustine Fennel, Augustine Gravel, Augustine Oasis, Augustine Pewter, Augustine Shadow, Augustine Silver, Burdock Smoke, Collect Indigo, Logan Graphite, Pueblo Dune, Sailing Salt, Sailing Seagull, Site Linen"
5225.0,77192-CS,Studio Sling Counter Stool,Studio,Dining,Bar & Counter Stools,,,"The O.W. Lee Studio Counter Stool brings modern functionality to elevated outdoor dining areas. Crafted from weather-resistant aluminum and available in sling or padded sling options, this outdoor counter-height stool delivers comfortable support with a clean, minimalist aesthetic. O.W. Lee is renowned for its exceptional quality, supported by an industry-leading warranty. Our frames are covered by a 20-year structural warranty, and the finish is guaranteed against fading, blistering, and peeling for 5 years. Cushions and fabrics are also backed by a 5-year warranty. With a selection of 10 elegant frame finishes and over 100 fabric options, including 16 sling fabrics, customers can easily customize each piece to seamlessly complement their individual style.",True,True,True,Aluminum,Sling,,"Carbon Black, Copper Creek, Espresso, Graphite, Rosewood, Sable, Sand Dollar, Sandalwood, Shadow Grey, Velvet White",,"Augustine Alloy, Augustine Ashe, Augustine Denim, Augustine Fennel, Augustine Gravel, Augustine Oasis, Augustine Pewter, Augustine Shadow, Augustine Silver, Burdock Smoke, Collect Indigo, Logan Graphite, Pueblo Dune, Sailing Salt, Sailing Seagull, Site Linen"
5221.0,77192-A,Studio Sling Dining Arm Chair,Studio,Dining,Dining Chair,,,"The O.W. Lee Studio Sling Dining Chair features a modern, minimalist design with clean lines and a lightweight aluminum frame. Durable sling seating provides comfortable support and easy maintenance, making this outdoor sling dining chair ideal for contemporary patios and dining spaces. O.W. Lee is renowned for its exceptional quality, supported by an industry-leading warranty. Our frames are covered by a 20-year structural warranty, and the finish is guaranteed against fading, blistering, and peeling for 5 years. Cushions and fabrics are also backed by a 5-year warranty. With a selection of 10 elegant frame finishes and over 100 fabric options, including 16 sling fabrics, customers can easily customize each piece to seamlessly complement their individual style.",True,True,True,Aluminum,Sling,,"Carbon Black, Copper Creek, Espresso, Graphite, Rosewood, Sable, Sand Dollar, Sandalwood, Shadow Grey, Velvet White",,"Augustine Alloy, Augustine Ashe, Augustine Denim, Augustine Fennel, Augustine Gravel, Augustine Oasis, Augustine Pewter, Augustine Shadow, Augustine Silver, Burdock Smoke, Collect Indigo, Logan Graphite, Pueblo Dune, Sailing Salt, Sailing Seagull, Site Linen"
5223.0,77192-SR,Studio Sling Swivel Rocker Dining Arm Chair,Studio,Dining,Dining Chair,,,"The O.W. Lee Studio Sling Dining Chair features a modern, minimalist design with clean lines and a lightweight aluminum frame. Durable sling seating provides comfortable support and easy maintenance, making this outdoor sling dining chair ideal for contemporary patios and dining spaces. O.W. Lee is renowned for its exceptional quality, supported by an industry-leading warranty. Our frames are covered by a 20-year structural warranty, and the finish is guaranteed against fading, blistering, and peeling for 5 years. Cushions and fabrics are also backed by a 5-year warranty. With a selection of 10 elegant frame finishes and over 100 fabric options, including 16 sling fabrics, customers can easily customize each piece to seamlessly complement their individual style.",True,True,True,Aluminum,Sling,,"Carbon Black, Copper Creek, Espresso, Graphite, Rosewood, Sable, Sand Dollar, Sandalwood, Shadow Grey, Velvet White",,"Augustine Alloy, Augustine Ashe, Augustine Denim, Augustine Fennel, Augustine Gravel, Augustine Oasis, Augustine Pewter, Augustine Shadow, Augustine Silver, Burdock Smoke, Collect Indigo, Logan Graphite, Pueblo Dune, Sailing Salt, Sailing Seagull, Site Linen"
4887.0,5162-42RDC,"Anello 42"" Round Chat Height Fire Pit",Anello,Fire Tables,,,"H 24"" × W 42"" × D 42""","Introducing the Anello Fire Pit — where clean design meets timeless sophistication. With its sleek cylindrical form and artisan-crafted porcelain tile top, Anello brings a refined, minimalist aesthetic to any outdoor setting.",True,True,True,Aluminum,,,"Atlantic City, Blackwood, Buckskin, Cabaletta, Canyon Taupe, Carbon Black, Cavatina, Cielo, Copper Creek, Espresso, Graphite, Myrtle Beach, Palazzo Black, Palazzo White, Rosewood, Sable, Sand Dollar, Sandalwood, Shadow Grey, Silver Oak, Summit Grey, Trullo, Urban Pulse, Urban Shift, Velvet White, Venice Beach",,
5230.0,5150-36RDC,"Basso 36"" Rd. Chat Height Basso Fire Pit",Basso,Fire Tables,,,,"Sleek, grounded, and effortlessly modern, the Basso Fire Pit by OW Lee brings a bold architectural presence to your outdoor space. With its sculptural design and clean lines, Basso creates an inviting focal point that encourages relaxed, fireside gatherings without overwhelming the environment.",True,True,True,Aluminum,,,"Carbon Black, Copper Creek, Espresso, Graphite, Rosewood, Sable, Sand Dollar, Sandalwood, Shadow Grey, Velvet White",,
2111.0,5112-30RDC,"Capri 30"" Rd. Chat Height Fire Pit",Capri,Fire Tables,,,"H 24"" × W 30""","Elevate your outdoor gatherings with the sleek sophistication of the Capri Fire Pit Collection. Designed with clean lines and modern appeal, Capri fire pits bring warmth, style, and exceptional functionality to any outdoor living space.",True,True,True,Wrought Iron,,,"Atlantic City, Blackwood, Buckskin, Cabaletta, Canyon Taupe, Carbon Black, Cavatina, Cielo, Copper Creek, Espresso, Graphite, Myrtle Beach, Palazzo Black, Palazzo White, Rosewood, Sable, Sand Dollar, Sandalwood, Shadow Grey, Silver Oak, Summit Grey, Trullo, Urban Pulse, Urban Shift, Velvet White, Venice Beach",,
2112.0,5112-36RDC,"Capri 36"" Rd. Chat Height Fire Pit",Capri,Fire Tables,,,"H 24"" × W 36""","Elevate your outdoor gatherings with the sleek sophistication of the Capri Fire Pit Collection. Designed with clean lines and modern appeal, Capri fire pits bring warmth, style, and exceptional functionality to any outdoor living space.",True,True,True,Wrought Iron,,,"Atlantic City, Blackwood, Buckskin, Cabaletta, Canyon Taupe, Carbon Black, Cavatina, Cielo, Copper Creek, Espresso, Graphite, Myrtle Beach, Palazzo Black, Palazzo White, Rosewood, Sable, Sand Dollar, Sandalwood, Shadow Grey, Silver Oak, Summit Grey, Trullo, Urban Pulse, Urban Shift, Velvet White, Venice Beach",,
2110.0,5112-42RDC,"Capri 42"" Rd. Chat Height Fire Pit",Capri,Fire Tables,,,"H 24"" × W 42""","Elevate your outdoor gatherings with the sleek sophistication of the Capri Fire Pit Collection. Designed with clean lines and modern appeal, Capri fire pits bring warmth, style, and exceptional functionality to any outdoor living space.",True,True,True,Wrought Iron,,,"Atlantic City, Blackwood, Buckskin, Cabaletta, Canyon Taupe, Carbon Black, Cavatina, Cielo, Copper Creek, Espresso, Graphite, Myrtle Beach, Palazzo Black, Palazzo White, Rosewood, Sable, Sand Dollar, Sandalwood, Shadow Grey, Silver Oak, Summit Grey, Trullo, Urban Pulse, Urban Shift, Velvet White, Venice Beach",,
2113.0,5112-42RDO,"Capri 42"" Rd. Occasional Height Fire Pit",Capri,Fire Tables,,,"H 19"" × W 42""","Elevate your outdoor gatherings with the sleek sophistication of the Capri Fire Pit Collection. Designed with clean lines and modern appeal, Capri fire pits bring warmth, style, and exceptional functionality to any outdoor living space.",True,True,True,Wrought Iron,,,"Atlantic City, Blackwood, Buckskin, Cabaletta, Canyon Taupe, Carbon Black, Cavatina, Cielo, Copper Creek, Espresso, Graphite, Myrtle Beach, Palazzo Black, Palazzo White, Rosewood, Sable, Sand Dollar, Sandalwood, Shadow Grey, Silver Oak, Summit Grey, Trullo, Urban Pulse, Urban Shift, Velvet White, Venice Beach",,
2115.0,5112-54RDC,"Capri 54"" Rd. Chat Height Fire Pit",Capri,Fire Tables,,,"H 24"" × W 54""","Elevate your outdoor gatherings with the sleek sophistication of the Capri Fire Pit Collection. Designed with clean lines and modern appeal, Capri fire pits bring warmth, style, and exceptional functionality to any outdoor living space.",True,True,True,Wrought Iron,,,"Atlantic City, Blackwood, Buckskin, Cabaletta, Canyon Taupe, Carbon Black, Cavatina, Cielo, Copper Creek, Espresso, Graphite, Myrtle Beach, Palazzo Black, Palazzo White, Rosewood, Sable, Sand Dollar, Sandalwood, Shadow Grey, Silver Oak, Summit Grey, Trullo, Urban Pulse, Urban Shift, Velvet White, Venice Beach",,
2114.0,5112-54RDO,"Capri 54"" Rd. Occasional Height Fire Pit",Capri,Fire Tables,,,"H 19"" × W 54""","Elevate your outdoor gatherings with the sleek sophistication of the Capri Fire Pit Collection. Designed with clean lines and modern appeal, Capri fire pits bring warmth, style, and exceptional functionality to any outdoor living space.",True,True,True,Wrought Iron,,,"Atlantic City, Blackwood, Buckskin, Cabaletta, Canyon Taupe, Carbon Black, Cavatina, Cielo, Copper Creek, Espresso, Graphite, Myrtle Beach, Palazzo Black, Palazzo White, Rosewood, Sable, Sand Dollar, Sandalwood, Shadow Grey, Silver Oak, Summit Grey, Trullo, Urban Pulse, Urban Shift, Velvet White, Venice Beach",,
2109.0,5112-3050C,Capri Chat Height Fire Pit,Capri,Fire Tables,,,"H 24"" × W 50"" × D 30""","Elevate your outdoor gatherings with the sleek sophistication of the Capri Fire Pit Collection. Designed with clean lines and modern appeal, Capri fire pits bring warmth, style, and exceptional functionality to any outdoor living space.",True,True,True,Aluminum,,,"Atlantic City, Blackwood, Buckskin, Cabaletta, Canyon Taupe, Carbon Black, Cavatina, Cielo, Copper Creek, Espresso, Graphite, Myrtle Beach, Palazzo Black, Palazzo White, Rosewood, Sable, Sand Dollar, Sandalwood, Shadow Grey, Silver Oak, Summit Grey, Trullo, Urban Pulse, Urban Shift, Velvet White, Venice Beach",,
2118.0,5112-2872C,Capri Chat Height Fire Pit,Capri,Fire Tables,,,"H 24"" × W 72"" × D 28""","Elevate your outdoor gatherings with the sleek sophistication of the Capri Fire Pit Collection. Designed with clean lines and modern appeal, Capri fire pits bring warmth, style, and exceptional functionality to any outdoor living space.",True,True,True,Wrought Iron,,,"Atlantic City, Blackwood, Buckskin, Cabaletta, Canyon Taupe, Carbon Black, Cavatina, Cielo, Copper Creek, Espresso, Graphite, Myrtle Beach, Palazzo Black, Palazzo White, Rosewood, Sable, Sand Dollar, Sandalwood, Shadow Grey, Silver Oak, Summit Grey, Trullo, Urban Pulse, Urban Shift, Velvet White, Venice Beach",,
2120.0,5112-3658C,Capri Chat Height Fire Pit,Capri,Fire Tables,,,"H 24"" × W 58"" × D 36""","Elevate your outdoor gatherings with the sleek sophistication of the Capri Fire Pit Collection. Designed with clean lines and modern appeal, Capri fire pits bring warmth, style, and exceptional functionality to any outdoor living space.",True,True,True,Wrought Iron,,,"Atlantic City, Blackwood, Buckskin, Cabaletta, Canyon Taupe, Carbon Black, Cavatina, Cielo, Copper Creek, Espresso, Graphite, Myrtle Beach, Palazzo Black, Palazzo White, Rosewood, Sable, Sand Dollar, Sandalwood, Shadow Grey, Silver Oak, Summit Grey, Trullo, Urban Pulse, Urban Shift, Velvet White, Venice Beach",,
2116.0,5112-3050O,Capri Occasional Height Fire Pit,Capri,Fire Tables,,,"H 19"" × W 50"" × D 30""","Elevate your outdoor gatherings with the sleek sophistication of the Capri Fire Pit Collection. Designed with clean lines and modern appeal, Capri fire pits bring warmth, style, and exceptional functionality to any outdoor living space.",True,True,True,Wrought Iron,,,"Atlantic City, Blackwood, Buckskin, Cabaletta, Canyon Taupe, Carbon Black, Cavatina, Cielo, Copper Creek, Espresso, Graphite, Myrtle Beach, Palazzo Black, Palazzo White, Rosewood, Sable, Sand Dollar, Sandalwood, Shadow Grey, Silver Oak, Summit Grey, Trullo, Urban Pulse, Urban Shift, Velvet White, Venice Beach",,
2119.0,5112-3658O,Capri Occasional Height Fire Pit,Capri,Fire Tables,,,"H 19"" × W 58"" × D 36""","Elevate your outdoor gatherings with the sleek sophistication of the Capri Fire Pit Collection. Designed with clean lines and modern appeal, Capri fire pits bring warmth, style, and exceptional functionality to any outdoor living space.",True,True,True,Wrought Iron,,,"Atlantic City, Blackwood, Buckskin, Cabaletta, Canyon Taupe, Carbon Black, Cavatina, Cielo, Copper Creek, Espresso, Graphite, Myrtle Beach, Palazzo Black, Palazzo White, Rosewood, Sable, Sand Dollar, Sandalwood, Shadow Grey, Silver Oak, Summit Grey, Trullo, Urban Pulse, Urban Shift, Velvet White, Venice Beach",,
2117.0,5112-2872O,Capri Occasional Height Fire Pit,Capri,Fire Tables,,,"H 19"" × W 72"" × D 28""","Elevate your outdoor gatherings with the sleek sophistication of the Capri Fire Pit Collection. Designed with clean lines and modern appeal, Capri fire pits bring warmth, style, and exceptional functionality to any outdoor living space.",True,True,True,Wrought Iron,,,"Atlantic City, Blackwood, Buckskin, Cabaletta, Canyon Taupe, Carbon Black, Cavatina, Cielo, Copper Creek, Espresso, Graphite, Myrtle Beach, Palazzo Black, Palazzo White, Rosewood, Sable, Sand Dollar, Sandalwood, Shadow Grey, Silver Oak, Summit Grey, Trullo, Urban Pulse, Urban Shift, Velvet White, Venice Beach",,
5483.0,5160-54RDC,"Compass 54"" Round Chat Height Fire Pit",Compass,Fire Tables,,,,"Introducing a bold innovation from O.W. Lee — our first-ever hearth surround designed specifically for the Breeo® wood-burning smokeless fire pit (X Series 24 Model). This exciting collaboration pairs Breeo's advanced smokeless technology with O.W. Lee's timeless craftsmanship and design expertise, creating a fire feature that's as visually stunning as it is performance-driven.",True,True,True,Aluminum,,,"Atlantic City, Blackwood, Buckskin, Cabaletta, Canyon Taupe, Carbon Black, Cavatina, Cielo, Copper Creek, Espresso, Graphite, Myrtle Beach, Palazzo Black, Palazzo White, Rosewood, Sable, Sand Dollar, Sandalwood, Shadow Grey, Silver Oak, Summit Grey, Trullo, Urban Pulse, Urban Shift, Velvet White, Venice Beach",,
5484.0,5360-X24P,Compass X24 Corten Breeo Fire Pit Insert,Compass,Fire Tables,Fire Accessories,,,,True,True,True,Steel,,,,,
5485.0,5360-X24S,Compass X24 Stainless Steel Breeo Fire Pit Insert,Compass,Fire Tables,Fire Accessories,,,,True,True,True,Steel,,,,,
2126.0,5122-30RDC,"Elba 30"" Rd. Chat Height Fire Pit",Elba,Fire Tables,,,"H 25"" × W 30""","Sleek, stylish, and distinctly modern, the all-aluminum Elba Fire Pit brings a bold architectural statement to your outdoor space. Designed with a clean, linear aesthetic, Elba illuminates the elegance of our unmatched craftsmanship in aluminum to create a fire feature that feels both contemporary and timeless.",True,True,True,Aluminum,,,"Atlantic City, Blackwood, Buckskin, Cabaletta, Canyon Taupe, Carbon Black, Cavatina, Cielo, Copper Creek, Espresso, Graphite, Myrtle Beach, Palazzo Black, Palazzo White, Rosewood, Sable, Sand Dollar, Sandalwood, Shadow Grey, Silver Oak, Summit Grey, Trullo, Urban Pulse, Urban Shift, Velvet White, Venice Beach",,
2127.0,5122-36RDC,"Elba 36"" Rd. Chat Height Fire Pit",Elba,Fire Tables,,,"W 36""","Sleek, stylish, and distinctly modern, the all-aluminum Elba Fire Pit brings a bold architectural statement to your outdoor space. Designed with a clean, linear aesthetic, Elba illuminates the elegance of our unmatched craftsmanship in aluminum to create a fire feature that feels both contemporary and timeless.",True,True,True,Aluminum,,,"Atlantic City, Blackwood, Buckskin, Cabaletta, Canyon Taupe, Carbon Black, Cavatina, Cielo, Copper Creek, Espresso, Graphite, Myrtle Beach, Palazzo Black, Palazzo White, Rosewood, Sable, Sand Dollar, Sandalwood, Shadow Grey, Silver Oak, Summit Grey, Trullo, Urban Pulse, Urban Shift, Velvet White, Venice Beach",,
2129.0,5122-42RDC,"Elba 42"" Rd. Chat Height Fire Pit",Elba,Fire Tables,,,"H 24"" × W 42""","Sleek, stylish, and distinctly modern, the all-aluminum Elba Fire Pit brings a bold architectural statement to your outdoor space. Designed with a clean, linear aesthetic, Elba illuminates the elegance of our unmatched craftsmanship in aluminum to create a fire feature that feels both contemporary and timeless.",True,True,True,Aluminum,,,"Atlantic City, Blackwood, Buckskin, Cabaletta, Canyon Taupe, Carbon Black, Cavatina, Cielo, Copper Creek, Espresso, Graphite, Myrtle Beach, Palazzo Black, Palazzo White, Rosewood, Sable, Sand Dollar, Sandalwood, Shadow Grey, Silver Oak, Summit Grey, Trullo, Urban Pulse, Urban Shift, Velvet White, Venice Beach",,
2128.0,5122-42RDO,"Elba 42"" Rd. Occasional Height Fire Pit",Elba,Fire Tables,,,"H 19"" × W 42""","Sleek, stylish, and distinctly modern, the all-aluminum Elba Fire Pit brings a bold architectural statement to your outdoor space. Designed with a clean, linear aesthetic, Elba illuminates the elegance of our unmatched craftsmanship in aluminum to create a fire feature that feels both contemporary and timeless.",True,True,True,Aluminum,,,"Atlantic City, Blackwood, Buckskin, Cabaletta, Canyon Taupe, Carbon Black, Cavatina, Cielo, Copper Creek, Espresso, Graphite, Myrtle Beach, Palazzo Black, Palazzo White, Rosewood, Sable, Sand Dollar, Sandalwood, Shadow Grey, Silver Oak, Summit Grey, Trullo, Urban Pulse, Urban Shift, Velvet White, Venice Beach",,
5480.0,5122-4272D,"Elba 42x72"" Dining Height Fire Pit",Elba,Fire Tables,,,,"Sleek, stylish, and distinctly modern, the all-aluminum Elba Fire Pit brings a bold architectural statement to your outdoor space. Designed with a clean, linear aesthetic, Elba illuminates the elegance of our unmatched craftsmanship in aluminum to create a fire feature that feels both contemporary and timeless.",True,True,True,Aluminum,,,"Atlantic City, Blackwood, Buckskin, Cabaletta, Canyon Taupe, Carbon Black, Cavatina, Cielo, Copper Creek, Espresso, Graphite, Myrtle Beach, Palazzo Black, Palazzo White, Rosewood, Sable, Sand Dollar, Sandalwood, Shadow Grey, Silver Oak, Summit Grey, Trullo, Urban Pulse, Urban Shift, Velvet White, Venice Beach",,
2130.0,5122-54RDC,"Elba 54"" Rd. Chat Height Fire Pit",Elba,Fire Tables,,,"H 24"" × W 54""","Sleek, stylish, and distinctly modern, the all-aluminum Elba Fire Pit brings a bold architectural statement to your outdoor space. Designed with a clean, linear aesthetic, Elba illuminates the elegance of our unmatched craftsmanship in aluminum to create a fire feature that feels both contemporary and timeless.",True,True,True,Aluminum,,,"Atlantic City, Blackwood, Buckskin, Cabaletta, Canyon Taupe, Carbon Black, Cavatina, Cielo, Copper Creek, Espresso, Graphite, Myrtle Beach, Palazzo Black, Palazzo White, Rosewood, Sable, Sand Dollar, Sandalwood, Shadow Grey, Silver Oak, Summit Grey, Trullo, Urban Pulse, Urban Shift, Velvet White, Venice Beach",,
2133.0,5122-54RDK,"Elba 54"" Rd. Counter Height Fire Pit",Elba,Fire Tables,,,"H 38"" × W 54""","Sleek, stylish, and distinctly modern, the all-aluminum Elba Fire Pit brings a bold architectural statement to your outdoor space. Designed with a clean, linear aesthetic, Elba illuminates the elegance of our unmatched craftsmanship in aluminum to create a fire feature that feels both contemporary and timeless.",True,True,True,Aluminum,,,"Atlantic City, Blackwood, Buckskin, Cabaletta, Canyon Taupe, Carbon Black, Cavatina, Cielo, Copper Creek, Espresso, Graphite, Myrtle Beach, Palazzo Black, Palazzo White, Rosewood, Sable, Sand Dollar, Sandalwood, Shadow Grey, Silver Oak, Summit Grey, Trullo, Urban Pulse, Urban Shift, Velvet White, Venice Beach",,
2132.0,5122-54RDD,"Elba 54"" Rd. Dining Height Fire Pit",Elba,Fire Tables,,,"H 30"" × W 54""","Sleek, stylish, and distinctly modern, the all-aluminum Elba Fire Pit brings a bold architectural statement to your outdoor space. Designed with a clean, linear aesthetic, Elba illuminates the elegance of our unmatched craftsmanship in aluminum to create a fire feature that feels both contemporary and timeless.",True,True,True,Aluminum,,,"Atlantic City, Blackwood, Buckskin, Cabaletta, Canyon Taupe, Carbon Black, Cavatina, Cielo, Copper Creek, Espresso, Graphite, Myrtle Beach, Palazzo Black, Palazzo White, Rosewood, Sable, Sand Dollar, Sandalwood, Shadow Grey, Silver Oak, Summit Grey, Trullo, Urban Pulse, Urban Shift, Velvet White, Venice Beach",,
2131.0,5122-54RDO,"Elba 54"" Rd. Occasional Height Fire Pit",Elba,Fire Tables,,,"H 19"" × W 54""","Sleek, stylish, and distinctly modern, the all-aluminum Elba Fire Pit brings a bold architectural statement to your outdoor space. Designed with a clean, linear aesthetic, Elba illuminates the elegance of our unmatched craftsmanship in aluminum to create a fire feature that feels both contemporary and timeless.",True,True,True,Aluminum,,,"Atlantic City, Blackwood, Buckskin, Cabaletta, Canyon Taupe, Carbon Black, Cavatina, Cielo, Copper Creek, Espresso, Graphite, Myrtle Beach, Palazzo Black, Palazzo White, Rosewood, Sable, Sand Dollar, Sandalwood, Shadow Grey, Silver Oak, Summit Grey, Trullo, Urban Pulse, Urban Shift, Velvet White, Venice Beach",,
2139.0,5122-3658C,Elba Chat Height Fire Pit,Elba,Fire Tables,,,"H 24"" × W 58"" × D 36""","Sleek, stylish, and distinctly modern, the all-aluminum Elba Fire Pit brings a bold architectural statement to your outdoor space. Designed with a clean, linear aesthetic, Elba illuminates the elegance of our unmatched craftsmanship in aluminum to create a fire feature that feels both contemporary and timeless.",True,True,True,Aluminum,,,"Atlantic City, Blackwood, Buckskin, Cabaletta, Canyon Taupe, Carbon Black, Cavatina, Cielo, Copper Creek, Espresso, Graphite, Myrtle Beach, Palazzo Black, Palazzo White, Rosewood, Sable, Sand Dollar, Sandalwood, Shadow Grey, Silver Oak, Summit Grey, Trullo, Urban Pulse, Urban Shift, Velvet White, Venice Beach",,
2137.0,5122-3050C,Elba Chat Height Fire Pit,Elba,Fire Tables,,,"H 24"" × W 50"" × D 30""","Sleek, stylish, and distinctly modern, the all-aluminum Elba Fire Pit brings a bold architectural statement to your outdoor space. Designed with a clean, linear aesthetic, Elba illuminates the elegance of our unmatched craftsmanship in aluminum to create a fire feature that feels both contemporary and timeless.",True,True,True,Aluminum,,,"Atlantic City, Blackwood, Buckskin, Cabaletta, Canyon Taupe, Carbon Black, Cavatina, Cielo, Copper Creek, Espresso, Graphite, Myrtle Beach, Palazzo Black, Palazzo White, Rosewood, Sable, Sand Dollar, Sandalwood, Shadow Grey, Silver Oak, Summit Grey, Trullo, Urban Pulse, Urban Shift, Velvet White, Venice Beach",,
2135.0,5122-2872C,Elba Chat Height Fire Pit,Elba,Fire Tables,,,"H 24"" × W 72"" × D 28""","Sleek, stylish, and distinctly modern, the all-aluminum Elba Fire Pit brings a bold architectural statement to your outdoor space. Designed with a clean, linear aesthetic, Elba illuminates the elegance of our unmatched craftsmanship in aluminum to create a fire feature that feels both contemporary and timeless.",True,True,True,Aluminum,,,"Atlantic City, Blackwood, Buckskin, Cabaletta, Canyon Taupe, Carbon Black, Cavatina, Cielo, Copper Creek, Espresso, Graphite, Myrtle Beach, Palazzo Black, Palazzo White, Rosewood, Sable, Sand Dollar, Sandalwood, Shadow Grey, Silver Oak, Summit Grey, Trullo, Urban Pulse, Urban Shift, Velvet White, Venice Beach",,
2140.0,5122-4272K,Elba Counter Height Fire Pit,Elba,Fire Tables,,,"H 38"" × W 72"" × D 42""","Sleek, stylish, and distinctly modern, the all-aluminum Elba Fire Pit brings a bold architectural statement to your outdoor space. Designed with a clean, linear aesthetic, Elba illuminates the elegance of our unmatched craftsmanship in aluminum to create a fire feature that feels both contemporary and timeless.",True,True,True,Aluminum,,,"Atlantic City, Blackwood, Buckskin, Cabaletta, Canyon Taupe, Carbon Black, Cavatina, Cielo, Copper Creek, Espresso, Graphite, Myrtle Beach, Palazzo Black, Palazzo White, Rosewood, Sable, Sand Dollar, Sandalwood, Shadow Grey, Silver Oak, Summit Grey, Trullo, Urban Pulse, Urban Shift, Velvet White, Venice Beach",,
2134.0,5122-2872O,Elba Occasional Height Fire Pit,Elba,Fire Tables,,,"H 19"" × W 72"" × D 28""","Sleek, stylish, and distinctly modern, the all-aluminum Elba Fire Pit brings a bold architectural statement to your outdoor space. Designed with a clean, linear aesthetic, Elba illuminates the elegance of our unmatched craftsmanship in aluminum to create a fire feature that feels both contemporary and timeless.",True,True,True,Aluminum,,,"Atlantic City, Blackwood, Buckskin, Cabaletta, Canyon Taupe, Carbon Black, Cavatina, Cielo, Copper Creek, Espresso, Graphite, Myrtle Beach, Palazzo Black, Palazzo White, Rosewood, Sable, Sand Dollar, Sandalwood, Shadow Grey, Silver Oak, Summit Grey, Trullo, Urban Pulse, Urban Shift, Velvet White, Venice Beach",,
2136.0,5122-3050O,Elba Occasional Height Fire Pit,Elba,Fire Tables,,,"H 19"" × W 50"" × D 30""","Sleek, stylish, and distinctly modern, the all-aluminum Elba Fire Pit brings a bold architectural statement to your outdoor space. Designed with a clean, linear aesthetic, Elba illuminates the elegance of our unmatched craftsmanship in aluminum to create a fire feature that feels both contemporary and timeless.",True,True,True,Aluminum,,,"Atlantic City, Blackwood, Buckskin, Cabaletta, Canyon Taupe, Carbon Black, Cavatina, Cielo, Copper Creek, Espresso, Graphite, Myrtle Beach, Palazzo Black, Palazzo White, Rosewood, Sable, Sand Dollar, Sandalwood, Shadow Grey, Silver Oak, Summit Grey, Trullo, Urban Pulse, Urban Shift, Velvet White, Venice Beach",,
2138.0,5122-3658O,Elba Occasional Height Fire Pit,Elba,Fire Tables,,,"H 19"" × W 58"" × D 36""","Sleek, stylish, and distinctly modern, the all-aluminum Elba Fire Pit brings a bold architectural statement to your outdoor space. Designed with a clean, linear aesthetic, Elba illuminates the elegance of our unmatched craftsmanship in aluminum to create a fire feature that feels both contemporary and timeless.",True,True,True,Aluminum,,,"Atlantic City, Blackwood, Buckskin, Cabaletta, Canyon Taupe, Carbon Black, Cavatina, Cielo, Copper Creek, Espresso, Graphite, Myrtle Beach, Palazzo Black, Palazzo White, Rosewood, Sable, Sand Dollar, Sandalwood, Shadow Grey, Silver Oak, Summit Grey, Trullo, Urban Pulse, Urban Shift, Velvet White, Venice Beach",,
2145.0,5152-2565O,Forma Occasional Height Fire Pit,Forma,Fire Tables,,,"H 19"" × W 65"" × D 25""","Strikingly modern and expertly crafted, the Forma Fire Pit brings bold design to life in any outdoor space. Defined by its clean geometric lines and architectural appeal, Forma pairs minimalist elegance with the enduring quality OW Lee is celebrated for — delivering a seamless blend of style and performance.",True,True,True,Aluminum,,,"Carbon Black, Copper Creek, Espresso, Graphite, Rosewood, Sable, Sand Dollar, Sandalwood, Shadow Grey, Velvet White",,
2144.0,5152-2545O,Forma Occasional Height Fire Pit,Forma,Fire Tables,,,"H 19"" × W 45"" × D 25""","Strikingly modern and expertly crafted, the Forma Fire Pit brings bold design to life in any outdoor space. Defined by its clean geometric lines and architectural appeal, Forma pairs minimalist elegance with the enduring quality OW Lee is celebrated for — delivering a seamless blend of style and performance.",True,True,True,Aluminum,,,"Carbon Black, Copper Creek, Espresso, Graphite, Rosewood, Sable, Sand Dollar, Sandalwood, Shadow Grey, Velvet White",,
4891.0,5125-42SQC,"Haven 42"" Square Chat Height Fire Pit",Haven,Fire Tables,,,"H 24"" × W 42"" × D 42""","Introducing the Haven Fire Pit, our only square fire pit in Aluminum — a bold blend of clean lines, creative spirit, and welcoming warmth. With its sleek metal surface and gently playful proportions, Haven brings a lighthearted edge to serious craftsmanship.",True,True,True,Aluminum,,,"Carbon Black, Copper Creek, Espresso, Graphite, Rosewood, Sable, Sand Dollar, Sandalwood, Shadow Grey, Velvet White",,
4892.0,5125-42SQO,"Haven 42"" Square Occasional Height Fire Pit",Haven,Fire Tables,,,"H 19"" × W 42"" × D 42""","Introducing the Haven Fire Pit, our only square fire pit in Aluminum — a bold blend of clean lines, creative spirit, and welcoming warmth. With its sleek metal surface and gently playful proportions, Haven brings a lighthearted edge to serious craftsmanship.",True,True,True,Aluminum,,,"Carbon Black, Copper Creek, Espresso, Graphite, Rosewood, Sable, Sand Dollar, Sandalwood, Shadow Grey, Velvet White",,
2142.0,5153-2545O,Moda Occasional Height Fire Pit,Moda,Fire Tables,,,"H 19"" × W 45"" × D 25""","Clean lines, modern form, and advanced materials define the Moda Fire Pit. Designed for contemporary outdoor living, Moda features a sleek, low-profile silhouette and a premium Dekton® hearth top, prized for its ultra-durable, low-maintenance surface. Moda blends seamlessly into any modern space while offering the warmth and ambiance only a fire feature can provide.",True,True,True,Aluminum,,,"Carbon Black, Copper Creek, Dekton Soke, Dekton Trillium, Espresso, Graphite, Rosewood, Sable, Sand Dollar, Sandalwood, Shadow Grey, Velvet White",,
2143.0,5153-2565O,Moda Occasional Height Fire Pit,Moda,Fire Tables,,,"H 19"" × W 65"" × D 25""","Clean lines, modern form, and advanced materials define the Moda Fire Pit. Designed for contemporary outdoor living, Moda features a sleek, low-profile silhouette and a premium Dekton® hearth top, prized for its ultra-durable, low-maintenance surface. Moda blends seamlessly into any modern space while offering the warmth and ambiance only a fire feature can provide.",True,True,True,Aluminum,,,"Carbon Black, Copper Creek, Dekton Soke, Dekton Trillium, Espresso, Graphite, Rosewood, Sable, Sand Dollar, Sandalwood, Shadow Grey, Velvet White",,
4893.0,5163-42RDC,"Nova 42"" Round Chat Height Fire Pit",Nova,Fire Tables,,,"H 24"" × W 42"" × D 42""","Introducing the Nova Fire Pit — a sleek new design that pairs minimalist form with cutting-edge materials. With its smooth cylindrical base and ultra-durable Dekton® hearth top, Nova offers a refined, architectural presence that anchors any modern outdoor space.",True,True,True,Aluminum,,,"Carbon Black, Copper Creek, Dekton Soke, Dekton Trillium, Espresso, Graphite, Rosewood, Sable, Sand Dollar, Sandalwood, Shadow Grey, Velvet White",,
5478.0,5113-3156C,"Phoenix 31x56"" Chat Height Fire Pit",Phoenix,Fire Tables,,,,"The Phoenix Fire Pit redefines outdoor luxury with a bold, modern design and the unmatched durability of Dekton® — a premium ultra-compact surface known for its superior resistance to heat, scratches, and weather. Sophisticated and sleek, Phoenix is the perfect fusion of innovation, elegance, and enduring craftsmanship for any outdoor living space.",True,True,True,Wrought Iron,,,"Carbon Black, Copper Creek, Dekton Soke, Dekton Trillium, Espresso, Graphite, Rosewood, Sable, Sand Dollar, Sandalwood, Shadow Grey, Velvet White",,
5479.0,5113-3156O,"Phoenix 31x56"" Occasional Height Fire Pit",Phoenix,Fire Tables,,,,"The Phoenix Fire Pit redefines outdoor luxury with a bold, modern design and the unmatched durability of Dekton® — a premium ultra-compact surface known for its superior resistance to heat, scratches, and weather. Sophisticated and sleek, Phoenix is the perfect fusion of innovation, elegance, and enduring craftsmanship for any outdoor living space.",True,True,True,Wrought Iron,,,"Carbon Black, Copper Creek, Dekton Soke, Dekton Trillium, Espresso, Graphite, Rosewood, Sable, Sand Dollar, Sandalwood, Shadow Grey, Velvet White",,
5477.0,5113-42RDC,"Phoenix 42"" Round Chat Height Fire Pit",Phoenix,Fire Tables,,,,"The Phoenix Fire Pit redefines outdoor luxury with a bold, modern design and the unmatched durability of Dekton® — a premium ultra-compact surface known for its superior resistance to heat, scratches, and weather. Sophisticated and sleek, Phoenix is the perfect fusion of innovation, elegance, and enduring craftsmanship for any outdoor living space.",True,True,True,Wrought Iron,,,"Carbon Black, Copper Creek, Dekton Soke, Dekton Trillium, Espresso, Graphite, Rosewood, Sable, Sand Dollar, Sandalwood, Shadow Grey, Velvet White",,
5496.0,5113-42RDO,"Phoenix 42"" Round Occasional Height Fire Pit",Phoenix,Fire Tables,,,,"The Phoenix Fire Pit redefines outdoor luxury with a bold, modern design and the unmatched durability of Dekton® — a premium ultra-compact surface known for its superior resistance to heat, scratches, and weather. Sophisticated and sleek, Phoenix is the perfect fusion of innovation, elegance, and enduring craftsmanship for any outdoor living space.",True,True,True,Wrought Iron,,,"Carbon Black, Copper Creek, Dekton Soke, Dekton Trillium, Espresso, Graphite, Rosewood, Sable, Sand Dollar, Sandalwood, Shadow Grey, Velvet White",,
2101.0,5110-30RDC,"Santorini 30"" Rd. Chat Height Fire Pit",Santorini,Fire Tables,,,"H 25"" × W 30""","Inspired by the timeless beauty of Mediterranean architecture, the Santorini fire pit blends old-world charm with modern durability, creating the perfect focal point for evening gatherings or serene solo moments.",True,True,True,Wrought Iron,,,"Atlantic City, Blackwood, Buckskin, Cabaletta, Canyon Taupe, Carbon Black, Cavatina, Cielo, Copper Creek, Espresso, Graphite, Myrtle Beach, Palazzo Black, Palazzo White, Rosewood, Sable, Sand Dollar, Sandalwood, Shadow Grey, Silver Oak, Summit Grey, Trullo, Urban Pulse, Urban Shift, Velvet White, Venice Beach",,
2102.0,5110-36RDC,"Santorini 36"" Rd. Chat Height Fire Pit",Santorini,Fire Tables,,,"H 25"" × W 36""","Inspired by the timeless beauty of Mediterranean architecture, the Santorini fire pit blends old-world charm with modern durability, creating the perfect focal point for evening gatherings or serene solo moments.",True,True,True,Wrought Iron,,,"Atlantic City, Blackwood, Buckskin, Cabaletta, Canyon Taupe, Carbon Black, Cavatina, Cielo, Copper Creek, Espresso, Graphite, Myrtle Beach, Palazzo Black, Palazzo White, Rosewood, Sable, Sand Dollar, Sandalwood, Shadow Grey, Silver Oak, Summit Grey, Trullo, Urban Pulse, Urban Shift, Velvet White, Venice Beach",,
2104.0,5110-42RDC,"Santorini 42"" Rd. Chat Height Fire Pit",Santorini,Fire Tables,,,"H 24"" × W 42""","Inspired by the timeless beauty of Mediterranean architecture, the Santorini fire pit blends old-world charm with modern durability, creating the perfect focal point for evening gatherings or serene solo moments.",True,True,True,Wrought Iron,,,"Atlantic City, Blackwood, Buckskin, Cabaletta, Canyon Taupe, Carbon Black, Cavatina, Cielo, Copper Creek, Espresso, Graphite, Myrtle Beach, Palazzo Black, Palazzo White, Rosewood, Sable, Sand Dollar, Sandalwood, Shadow Grey, Silver Oak, Summit Grey, Trullo, Urban Pulse, Urban Shift, Velvet White, Venice Beach",,
2103.0,5110-42RDO,"Santorini 42"" Rd. Occasional Height Fire Pit",Santorini,Fire Tables,,,"H 19"" × W 42""","Inspired by the timeless beauty of Mediterranean architecture, the Santorini fire pit blends old-world charm with modern durability, creating the perfect focal point for evening gatherings or serene solo moments.",True,True,True,Aluminum,,,"Atlantic City, Blackwood, Buckskin, Cabaletta, Canyon Taupe, Carbon Black, Cavatina, Cielo, Copper Creek, Espresso, Graphite, Myrtle Beach, Palazzo Black, Palazzo White, Rosewood, Sable, Sand Dollar, Sandalwood, Shadow Grey, Silver Oak, Summit Grey, Trullo, Urban Pulse, Urban Shift, Velvet White, Venice Beach",,
2106.0,5110-54RDC,"Santorini 54"" Rd. Chat Height Fire Pit",Santorini,Fire Tables,,,"H 24"" × W 54""","Inspired by the timeless beauty of Mediterranean architecture, the Santorini fire pit blends old-world charm with modern durability, creating the perfect focal point for evening gatherings or serene solo moments.",True,True,True,Aluminum,,,"Atlantic City, Blackwood, Buckskin, Cabaletta, Canyon Taupe, Carbon Black, Cavatina, Cielo, Copper Creek, Espresso, Graphite, Myrtle Beach, Palazzo Black, Palazzo White, Rosewood, Sable, Sand Dollar, Sandalwood, Shadow Grey, Silver Oak, Summit Grey, Trullo, Urban Pulse, Urban Shift, Velvet White, Venice Beach",,
2105.0,5110-54RDO,"Santorini 54"" Rd. Occasional Height Fire Pit",Santorini,Fire Tables,,,"H 19"" × W 54""","Inspired by the timeless beauty of Mediterranean architecture, the Santorini fire pit blends old-world charm with modern durability, creating the perfect focal point for evening gatherings or serene solo moments.",True,True,True,Aluminum,,,"Atlantic City, Blackwood, Buckskin, Cabaletta, Canyon Taupe, Carbon Black, Cavatina, Cielo, Copper Creek, Espresso, Graphite, Myrtle Beach, Palazzo Black, Palazzo White, Rosewood, Sable, Sand Dollar, Sandalwood, Shadow Grey, Silver Oak, Summit Grey, Trullo, Urban Pulse, Urban Shift, Velvet White, Venice Beach",,
2100.0,5110-3050C,Santorini Chat Height Fire Pit,Santorini,Fire Tables,,,"H 24"" × W 50"" × D 30""","Inspired by the timeless beauty of Mediterranean architecture, the Santorini fire pit blends old-world charm with modern durability, creating the perfect focal point for evening gatherings or serene solo moments.",True,True,True,Wrought Iron,,,"Atlantic City, Blackwood, Buckskin, Cabaletta, Canyon Taupe, Carbon Black, Cavatina, Cielo, Copper Creek, Espresso, Graphite, Myrtle Beach, Palazzo Black, Palazzo White, Rosewood, Sable, Sand Dollar, Sandalwood, Shadow Grey, Silver Oak, Summit Grey, Trullo, Urban Pulse, Urban Shift, Velvet White, Venice Beach",,
2108.0,5110-3658C,Santorini Chat Height Fire Pit,Santorini,Fire Tables,,,"H 24"" × W 58"" × D 36""","Inspired by the timeless beauty of Mediterranean architecture, the Santorini fire pit blends old-world charm with modern durability, creating the perfect focal point for evening gatherings or serene solo moments.",True,True,True,Wrought Iron,,,"Atlantic City, Blackwood, Buckskin, Cabaletta, Canyon Taupe, Carbon Black, Cavatina, Cielo, Copper Creek, Espresso, Graphite, Myrtle Beach, Palazzo Black, Palazzo White, Rosewood, Sable, Sand Dollar, Sandalwood, Shadow Grey, Silver Oak, Summit Grey, Trullo, Urban Pulse, Urban Shift, Velvet White, Venice Beach",,
2098.0,5110-2872C,Santorini Chat Height Fire Pit,Santorini,Fire Tables,,,"H 24"" × W 72"" × D 28""","Inspired by the timeless beauty of Mediterranean architecture, the Santorini fire pit blends old-world charm with modern durability, creating the perfect focal point for evening gatherings or serene solo moments.",True,True,True,Wrought Iron,,,"Atlantic City, Blackwood, Buckskin, Cabaletta, Canyon Taupe, Carbon Black, Cavatina, Cielo, Copper Creek, Espresso, Graphite, Myrtle Beach, Palazzo Black, Palazzo White, Rosewood, Sable, Sand Dollar, Sandalwood, Shadow Grey, Silver Oak, Summit Grey, Trullo, Urban Pulse, Urban Shift, Velvet White, Venice Beach",,
2099.0,5110-3050O,Santorini Occasional Height Fire Pit,Santorini,Fire Tables,,,"H 19"" × W 50"" × D 30""","Inspired by the timeless beauty of Mediterranean architecture, the Santorini fire pit blends old-world charm with modern durability, creating the perfect focal point for evening gatherings or serene solo moments.",True,True,True,"Aluminum, Wrought Iron",,,"Atlantic City, Blackwood, Buckskin, Cabaletta, Canyon Taupe, Carbon Black, Cavatina, Cielo, Copper Creek, Espresso, Graphite, Myrtle Beach, Palazzo Black, Palazzo White, Rosewood, Sable, Sand Dollar, Sandalwood, Shadow Grey, Silver Oak, Summit Grey, Trullo, Urban Pulse, Urban Shift, Velvet White, Venice Beach",,
2107.0,5110-3658O,Santorini Occasional Height Fire Pit,Santorini,Fire Tables,,,"H 19"" × W 58"" × D 36""","Inspired by the timeless beauty of Mediterranean architecture, the Santorini fire pit blends old-world charm with modern durability, creating the perfect focal point for evening gatherings or serene solo moments.",True,True,True,"Aluminum, Wrought Iron",,,"Atlantic City, Blackwood, Buckskin, Cabaletta, Canyon Taupe, Carbon Black, Cavatina, Cielo, Copper Creek, Espresso, Graphite, Myrtle Beach, Palazzo Black, Palazzo White, Rosewood, Sable, Sand Dollar, Sandalwood, Shadow Grey, Silver Oak, Summit Grey, Trullo, Urban Pulse, Urban Shift, Velvet White, Venice Beach",,
2097.0,5110-2872O,Santorini Occasional Height Fire Pit,Santorini,Fire Tables,,,"H 19"" × W 72"" × D 28""","Inspired by the timeless beauty of Mediterranean architecture, the Santorini fire pit blends old-world charm with modern durability, creating the perfect focal point for evening gatherings or serene solo moments.",True,True,True,Wrought Iron,,,"Atlantic City, Blackwood, Buckskin, Cabaletta, Canyon Taupe, Carbon Black, Cavatina, Cielo, Copper Creek, Espresso, Graphite, Myrtle Beach, Palazzo Black, Palazzo White, Rosewood, Sable, Sand Dollar, Sandalwood, Shadow Grey, Silver Oak, Summit Grey, Trullo, Urban Pulse, Urban Shift, Velvet White, Venice Beach",,
5481.0,5123-3156C,"Volante 31x56"" Chat Height Fire Pit",Volante,Fire Tables,,,,"The Volante Fire Pit combines contemporary design with innovative materials to create a fire feature that is both stunning and durable. Crafted from lightweight, rustproof aluminum and topped with ultra-resilient Dekton®, Volante is the ideal centerpiece for modern outdoor living.",True,True,True,Aluminum,,,"Carbon Black, Copper Creek, Dekton Soke, Dekton Trillium, Espresso, Graphite, Rosewood, Sable, Sand Dollar, Sandalwood, Shadow Grey, Velvet White",,
5482.0,5123-3156O,"Volante 31x56"" Occasional Height Fire Pit",Volante,Fire Tables,,,,"The Volante Fire Pit combines contemporary design with innovative materials to create a fire feature that is both stunning and durable. Crafted from lightweight, rustproof aluminum and topped with ultra-resilient Dekton®, Volante is the ideal centerpiece for modern outdoor living.",True,True,True,Aluminum,,,"Carbon Black, Copper Creek, Dekton Soke, Dekton Trillium, Espresso, Graphite, Rosewood, Sable, Sand Dollar, Sandalwood, Shadow Grey, Velvet White",,
2147.0,5123-42RDC,"Volante 42"" Rd. Chat Height Fire Pit",Volante,Fire Tables,,,"H 24"" × W 42""","The Volante Fire Pit combines contemporary design with innovative materials to create a fire feature that is both stunning and durable. Crafted from lightweight, rustproof aluminum and topped with ultra-resilient Dekton®, Volante is the ideal centerpiece for modern outdoor living.",True,True,True,Aluminum,,,"Carbon Black, Copper Creek, Dekton Soke, Dekton Trillium, Espresso, Graphite, Rosewood, Sable, Sand Dollar, Sandalwood, Shadow Grey, Velvet White",,
5497.0,5123-42RDO,"Volante 42"" Round Occasional Height Fire Pit",Volante,Fire Tables,,,,"The Volante Fire Pit combines contemporary design with innovative materials to create a fire feature that is both stunning and durable. Crafted from lightweight, rustproof aluminum and topped with ultra-resilient Dekton®, Volante is the ideal centerpiece for modern outdoor living.",True,True,True,Aluminum,,,"Carbon Black, Copper Creek, Dekton Soke, Dekton Trillium, Espresso, Graphite, Rosewood, Sable, Sand Dollar, Sandalwood, Shadow Grey, Velvet White",,
