SKU,Name,Brand,Grade,Primary Color,All Colors,Design,Swatch Image URL
R005,Orange & White Stripe,Recasens / Recacril®,A,Orange,Orange | White,Stripes,https://frankford.b-cdn.net/fabric_swatches/21-OSA.jpg
R011,Turquoise & White Stripe,Recasens / Recacril®,A,Turquoise,Turquoise | White,Stripes,https://frankford.b-cdn.net/fabric_swatches/24-TQSA.jpg
R012,Red & White Stripe,Recasens / Recacril®,A,Red,Red | White,Stripes,https://frankford.b-cdn.net/fabric_swatches/20-RSA.jpg
R016,Blue & White Stripe,Recasens / Recacril®,A,Blue,Blue | White,Stripes,https://frankford.b-cdn.net/fabric_swatches/23-BSA.jpg
R017,Black & White Stripe,Recasens / Recacril®,A,Black,Black | White,Stripes,https://frankford.b-cdn.net/fabric_swatches/25-BKSA.jpg
R055,Yellow & White Stripe,Recasens / Recacril®,A,Yellow,Yellow | White,Stripes,https://frankford.b-cdn.net/fabric_swatches/22-YSA.jpg
R065,Navy & White Stripe,Recasens / Recacril®,A,Blue,Blue | White,Stripes,https://frankford.b-cdn.net/fabric_swatches/R-065.jpg
R099,White,Recasens / Recacril®,A,White,White,Solids,https://frankford.b-cdn.net/fabric_swatches/16-WHA.jpg
R100,Beige,Recasens / Recacril®,A,Beige,Beige | Gold,Solids,https://frankford.b-cdn.net/fabric_swatches/14-TTA.jpg
R102,Forest Green,Recasens / Recacril®,A,Beige,Beige,Solids,https://frankford.b-cdn.net/fabric_swatches/6-FGA.jpg
R103,Black,Recasens / Recacril®,A,Black,Black,Solids,https://frankford.b-cdn.net/fabric_swatches/19-BKA.jpg
R104,Chestnut,Recasens / Recacril®,A,Brown,Brown,Solids,https://frankford.b-cdn.net/fabric_swatches/10-TRA.jpg
R105,Salmon,Recasens / Recacril®,A,Pink,Pink,Solids,https://frankford.b-cdn.net/fabric_swatches/9-CRA.jpg
R126,Linen,Recasens / Recacril®,A,Beige,Beige | Ivory,Solids,https://frankford.b-cdn.net/fabric_swatches/15-LNA.jpg
R138,Cadet Grey,Recasens / Recacril®,A,Grey,Grey,Solids,https://frankford.b-cdn.net/fabric_swatches/17-CGA.jpg
R156,Brown,Recasens / Recacril®,A,Brown,Brown,Solids,https://frankford.b-cdn.net/fabric_swatches/13-BNA.jpg
R160,Pistachio,Recasens / Recacril®,A,Green,Green | Yellow,Solids,https://frankford.b-cdn.net/fabric_swatches/5-PTA.jpg
R164,Charcoal Grey,Recasens / Recacril®,A,Black,Black | Grey,Solids,https://frankford.b-cdn.net/fabric_swatches/18-CHGA.jpg
R169,Steel Blue,Recasens / Recacril®,A,Blue,Blue,Solids,https://frankford.b-cdn.net/fabric_swatches/3-CPA.jpg
R171,Turquoise,Recasens / Recacril®,A,Blue,Blue | Turquoise,Solids,https://frankford.b-cdn.net/fabric_swatches/4-TQA.jpg
R172,Pacific Blue,Recasens / Recacril®,A,Blue,Blue,Solids,https://frankford.b-cdn.net/fabric_swatches/2-PBA.jpg
R175,Captain Navy,Recasens / Recacril®,A,Blue,Blue,Solids,https://frankford.b-cdn.net/fabric_swatches/1-NBA.jpg
R176,Logo Red,Recasens / Recacril®,A,Red,Red,Solids,https://frankford.b-cdn.net/fabric_swatches/8-LRA.jpg
R177,Burgundy,Recasens / Recacril®,A,Red,Red,Solids,https://frankford.b-cdn.net/fabric_swatches/7-BGA.jpg
R182,Vermillion,Recasens / Recacril®,A,Red,Red,Solids,https://frankford.b-cdn.net/fabric_swatches/R-182.png
R185,Pumpkin,Recasens / Recacril®,A,Orange,Orange,Solids,https://frankford.b-cdn.net/fabric_swatches/R-185.png
R196,Titanium,Recasens / Recacril®,A,Grey,Grey,Solids,https://frankford.b-cdn.net/fabric_swatches/R_196.jpg
R229,Sapphire,Recasens / Recacril®,A,Blue,Blue | White | Turquoise,Solids,https://frankford.b-cdn.net/fabric_swatches/R-229.png
R554,Yellow,Recasens / Recacril®,A,Yellow,Yellow,Solids,https://frankford.b-cdn.net/fabric_swatches/12-YLA.jpg
R567,Orange,Recasens / Recacril®,A,Orange,Orange,Solids,https://frankford.b-cdn.net/fabric_swatches/11-ORA.jpg
R051,Manhattan,Recasens / Recacril®,A+,Black,Black | Grey,Stripes,https://frankford.b-cdn.net/fabric_swatches/R_051_0.jpg
R052,Brooklyn,Recasens / Recacril®,A+,Blue,Blue | White,Stripes,https://frankford.b-cdn.net/fabric_swatches/r_052_0 - Dec 29 2022.jpeg
R054,Queens,Recasens / Recacril®,A+,Black,Black | Grey,Stripes,https://frankford.b-cdn.net/fabric_swatches/r_054_0 - Dec 29 2022.jpeg
R060,Bronx,Recasens / Recacril®,A+,Black,Black | Grey,Stripes,https://frankford.b-cdn.net/fabric_swatches/r_060 - Dec 29 2022.jpeg
R061,Grey Stripe,Recasens / Recacril®,A+,Grey,Grey | White,Stripes,https://frankford.b-cdn.net/fabric_swatches/r_061_2023-05-05.jpg
R063,Bayside,Recasens / Recacril®,A+,Grey,Grey | Red,Stripes,https://frankford.b-cdn.net/fabric_swatches/r_063 - Dec 29 2022.jpeg
R086,Concord,Recasens / Recacril®,A+,Black,Black | Grey | Brown,Stripes,https://frankford.b-cdn.net/fabric_swatches/r_086 - Dec 29 2022.jpeg
R089,Glendale,Recasens / Recacril®,A+,Grey,Grey | Green,Stripes,https://frankford.b-cdn.net/fabric_swatches/R-089.jpg
R094,Prati,Recasens / Recacril®,A+,Grey,Grey | Blue | Yellow,Stripes,https://frankford.b-cdn.net/fabric_swatches/R-094.jpg
R097,Trastévere,Recasens / Recacril®,A+,Beige,Beige | Brown | Orange,Stripes,https://frankford.b-cdn.net/fabric_swatches/R_097.jpg
R098,Trevi,Recasens / Recacril®,A+,Green,Green | Blue | Yellow,Stripes,https://frankford.b-cdn.net/fabric_swatches/R-098.jpg
R101,Mandarin,Recasens / Recacril®,A+,Orange,Orange,Solids,https://frankford.b-cdn.net/fabric_swatches/r_101_0 - Dec 29 2022.jpeg
R106,Flamingo,Recasens / Recacril®,A+,Orange,Orange,Solids,https://frankford.b-cdn.net/fabric_swatches/R-106.jpg
R107,Champagne,Recasens / Recacril®,A+,Beige,Beige,Solids,https://frankford.b-cdn.net/fabric_swatches/R-107.jpg
R108,Vanilla,Recasens / Recacril®,A+,Beige,Beige | Gold | Yellow,Solids,https://frankford.b-cdn.net/fabric_swatches/R-108.jpg
R110,Lily,Recasens / Recacril®,A+,Purple,Purple,Solids,https://frankford.b-cdn.net/fabric_swatches/r_110 - Dec 29 2022.jpeg
R111,Camel,Recasens / Recacril®,A+,Orange,Orange,Solids,https://frankford.b-cdn.net/fabric_swatches/R-111.jpg
R112,Graphite,Recasens / Recacril®,A+,Grey,Grey,Solids,https://frankford.b-cdn.net/fabric_swatches/R-112.jpg
R113,Cava,Recasens / Recacril®,A+,Beige,Beige | Brown,Solids,https://frankford.b-cdn.net/fabric_swatches/R-113.jpg
R114,Pearl,Recasens / Recacril®,A+,Grey,Grey,Solids,https://frankford.b-cdn.net/fabric_swatches/r_114 - Dec 29 2022.jpeg
R115,Cream,Recasens / Recacril®,A+,Beige,Beige | Gold | Ivory,Solids,https://frankford.b-cdn.net/fabric_swatches/r_115 - Dec 29 2022.jpeg
R117,Raw,Recasens / Recacril®,A+,Beige,Beige | Gold | Ivory,Solids,https://frankford.b-cdn.net/fabric_swatches/r_117 - Dec 29 2022.jpeg
R119,Duna,Recasens / Recacril®,A+,Beige,Beige | Brown | Ivory,Solids,https://frankford.b-cdn.net/fabric_swatches/R-119.jpg
R121,Wheat,Recasens / Recacril®,A+,Beige,Beige,Solids,https://frankford.b-cdn.net/fabric_swatches/R-121.jpg
R122,Seashell,Recasens / Recacril®,A+,Beige,Beige | Ivory,Solids,https://frankford.b-cdn.net/fabric_swatches/R_122 - 20230110.jpeg
R123,Argenta Grey,Recasens / Recacril®,A+,Grey,Grey,Solids,https://frankford.b-cdn.net/fabric_swatches/R_123 - 20230110.jpeg
R127,Moonrock,Recasens / Recacril®,A+,Brown,Brown,Solids,https://frankford.b-cdn.net/fabric_swatches/r_127 - Dec 29 2022.jpeg
R133,Cinnamon,Recasens / Recacril®,A+,Beige,Beige | Brown,Solids,https://frankford.b-cdn.net/fabric_swatches/R_133 - 20230110.jpeg
R139,Heather Beige,Recasens / Recacril®,A+,Beige,Beige | Brown,Solids,https://frankford.b-cdn.net/fabric_swatches/r_139 - Dec 29 2022.jpeg
R142,Emerald,Recasens / Recacril®,A+,Green,Green,Solids,https://frankford.b-cdn.net/fabric_swatches/r_142 - Dec 29 2022.jpeg
R143,Hemp Beige,Recasens / Recacril®,A+,Beige,Beige | Brown,Solids,https://frankford.b-cdn.net/fabric_swatches/r_143 - Dec 29 2022.jpeg
R144,Maella,Recasens / Recacril®,A+,Green,Green,Stripes,https://frankford.b-cdn.net/fabric_swatches/r_144_0 - Dec 29 2022.jpeg
R145,Tenerife,Recasens / Recacril®,A+,Beige,Beige | Gold | Ivory,Solids,https://frankford.b-cdn.net/fabric_swatches/R-145.jpg
R148,Desert,Recasens / Recacril®,A+,Yellow,Yellow | Beige,Solids,https://frankford.b-cdn.net/fabric_swatches/R-148.jpg
R149,Corn,Recasens / Recacril®,A+,Beige,Beige | Gold | Orange,Solids,https://frankford.b-cdn.net/fabric_swatches/r_149 - Dec 29 2022.jpeg
R150,Dark Grey,Recasens / Recacril®,A+,Grey,Grey | Black,Solids,https://frankford.b-cdn.net/fabric_swatches/r_150 - Dec 29 2022.jpeg
R152,Taupe,Recasens / Recacril®,A+,Grey,Grey,Solids,https://frankford.b-cdn.net/fabric_swatches/R-152.jpg
R161,Grey,Recasens / Recacril®,A+,Grey,Grey,Solids,https://frankford.b-cdn.net/fabric_swatches/r_161 - Dec 29 2022.jpeg
R162,Khaki,Recasens / Recacril®,A+,Green,Green,Solids,https://frankford.b-cdn.net/fabric_swatches/r_162 - Dec 29 2022.jpeg
R163,Green,Recasens / Recacril®,A+,Green,Green,Solids,https://frankford.b-cdn.net/fabric_swatches/r_163 - Dec 29 2022.jpeg
R165,Mauve,Recasens / Recacril®,A+,Purple,Purple,Solids,https://frankford.b-cdn.net/fabric_swatches/r_165 - Dec 29 2022.jpeg
R166,Foix,Recasens / Recacril®,A+,Blue,Blue | White,Stripes,https://frankford.b-cdn.net/fabric_swatches/r_166_0 - Dec 29 2022.jpeg
R167,Tarifa,Recasens / Recacril®,A+,Blue,Blue,Stripes,https://frankford.b-cdn.net/fabric_swatches/R-167.jpg
R170,Admiral Blue,Recasens / Recacril®,A+,Blue,Blue,Solids,https://frankford.b-cdn.net/fabric_swatches/r_170-1 - Dec 29 2022.jpeg
R173,Dark Blue,Recasens / Recacril®,A+,Blue,Blue,Solids,https://frankford.b-cdn.net/fabric_swatches/r_173 - Dec 29 2022.jpeg
R174,Navy Blue,Recasens / Recacril®,A+,Blue,Blue,Solids,https://frankford.b-cdn.net/fabric_swatches/r_174 - Dec 29 2022.jpeg
R178,Toast,Recasens / Recacril®,A+,Brown,Brown | Gold | Orange,Solids,https://frankford.b-cdn.net/fabric_swatches/r_178_0 - Dec 29 2022.jpeg
R180,Sand,Recasens / Recacril®,A+,Beige,Beige | Gold | Ivory,Solids,https://frankford.b-cdn.net/fabric_swatches/r_180 - Dec 29 2022.jpeg
R181,Coffee,Recasens / Recacril®,A+,Brown,Brown,Solids,https://frankford.b-cdn.net/fabric_swatches/r_181 - Dec 29 2022.jpeg
R186,Silver,Recasens / Recacril®,A+,Grey,Grey,Solids,https://frankford.b-cdn.net/fabric_swatches/r_186_0 - Dec 29 2022.jpeg
R187,Jade,Recasens / Recacril®,A+,Green,Green,Solids,https://frankford.b-cdn.net/fabric_swatches/r_187_0 - Dec 29 2022.jpeg
R193,Light Blue,Recasens / Recacril®,A+,Blue,Blue | Turquoise,Solids,https://frankford.b-cdn.net/fabric_swatches/r_193 - Dec 29 2022.jpeg
R194,Ash,Recasens / Recacril®,A+,Grey,Grey,Solids,https://frankford.b-cdn.net/fabric_swatches/r_194_0 - Dec 29 2022.jpeg
R195,Cacao,Recasens / Recacril®,A+,Brown,Brown,Solids,https://frankford.b-cdn.net/fabric_swatches/r_195 - Dec 29 2022.jpeg
R197,Lead Tweed,Recasens / Recacril®,A+,Grey,Grey,Solids,https://frankford.b-cdn.net/fabric_swatches/r_197_0 - Dec 29 2022.jpeg
R198,Nickel,Recasens / Recacril®,A+,Grey,Grey,Solids,https://frankford.b-cdn.net/fabric_swatches/r_198_0 - Dec 29 2022.jpeg
R199,Atlantic Blue,Recasens / Recacril®,A+,Blue,Blue,Solids,https://frankford.b-cdn.net/fabric_swatches/R-199.jpg
R217,Ivory,Recasens / Recacril®,A+,Ivory,Ivory,Solids,https://frankford.b-cdn.net/fabric_swatches/r_217_0 - Dec 29 2022.jpeg
R220,Argent,Recasens / Recacril®,A+,Beige,Beige | Brown,Solids,https://frankford.b-cdn.net/fabric_swatches/r_220_0 - Dec 29 2022.jpeg
R222,Oak Buff,Recasens / Recacril®,A+,Beige,Beige | Gold,Solids,https://frankford.b-cdn.net/fabric_swatches/r_222_0 - Dec 29 2022.jpeg
R224,Dun Grey,Recasens / Recacril®,A+,Grey,Grey | Brown | Beige,Solids,https://frankford.b-cdn.net/fabric_swatches/R-224.jpg
R232,Denim,Recasens / Recacril®,A+,Blue,Blue,Solids,https://frankford.b-cdn.net/fabric_swatches/R_232 - 20230110.jpeg
R236,Jeans,Recasens / Recacril®,A+,Blue,Blue,Solids,https://frankford.b-cdn.net/fabric_swatches/R-236.jpg
R237,Pineapple,Recasens / Recacril®,A+,Yellow,Yellow,Solids,https://frankford.b-cdn.net/fabric_swatches/R-237.jpg
R239,Yellow Tweed,Recasens / Recacril®,A+,Gold,Gold | Yellow,Tweeds,https://frankford.b-cdn.net/fabric_swatches/r_239_0 - Dec 29 2022.jpeg
R240,Honey,Recasens / Recacril®,A+,Orange,Orange | Yellow,Solids,https://frankford.b-cdn.net/fabric_swatches/R-240.jpg
R241,Phoenix,Recasens / Recacril®,A+,Orange,Orange | Red,Solids,https://frankford.b-cdn.net/fabric_swatches/r_241_0 - Dec 29 2022.jpeg
R243,Tapenade,Recasens / Recacril®,A+,Brown,Brown,Solids,https://frankford.b-cdn.net/fabric_swatches/r_243_0 - Dec 29 2022.jpeg
R244,Dun,Recasens / Recacril®,A+,Brown,Brown,Solids,https://frankford.b-cdn.net/fabric_swatches/r_244_0 - Dec 29 2022.jpeg
R245,Navia,Recasens / Recacril®,A+,Blue,Blue,Stripes,https://frankford.b-cdn.net/fabric_swatches/r_245_0 - Dec 29 2022.jpeg
R247,Manacor,Recasens / Recacril®,A+,Yellow,Yellow | White | Gold,Stripes,https://frankford.b-cdn.net/fabric_swatches/R-247.jpg
R248,Hunter,Recasens / Recacril®,A+,Green,Green,Solids,https://frankford.b-cdn.net/fabric_swatches/r_248_0 - Dec 29 2022.jpeg
R278,Westminster,Recasens / Recacril®,A+,Brown,Brown | Beige,Stripes,https://frankford.b-cdn.net/fabric_swatches/r_278_0 - Dec 29 2022.jpeg
R280,Midwood,Recasens / Recacril®,A+,Beige,Beige | Brown | Grey,Stripes,https://frankford.b-cdn.net/fabric_swatches/r_280_0 - Dec 29 2022.jpeg
R282,Pelham,Recasens / Recacril®,A+,Grey,Grey | White,Stripes,https://frankford.b-cdn.net/fabric_swatches/r_282_0 - Dec 29 2022.jpeg
R292,Teal,Recasens / Recacril®,A+,Green,Green | Turquoise,Solids,https://frankford.b-cdn.net/fabric_swatches/R-292_Teal.jpg
R293,Argent Tweed,Recasens / Recacril®,A+,Beige,Beige | Gold,Solids,https://frankford.b-cdn.net/fabric_swatches/R-293.jpg
R294,Ice Tweed,Recasens / Recacril®,A+,Blue,Blue | Grey,Solids,https://frankford.b-cdn.net/fabric_swatches/R-294.jpg
R295,Honey Tweed,Recasens / Recacril®,A+,Beige,Beige | Gold | Yellow,Solids,https://frankford.b-cdn.net/fabric_swatches/R-295.jpg
R296,Lagoon,Recasens / Recacril®,A+,Blue,Blue,Solids,https://frankford.b-cdn.net/fabric_swatches/R-296.jpg
R297,Brunette,Recasens / Recacril®,A+,Beige,Beige | Brown,Solids,https://frankford.b-cdn.net/fabric_swatches/R-297.jpg
R298,Coal,Recasens / Recacril®,A+,Black,Black | Grey,Solids,https://frankford.b-cdn.net/fabric_swatches/R-298.jpg
R300,Oat,Recasens / Recacril®,A+,Beige,Beige,Solids,https://frankford.b-cdn.net/fabric_swatches/R-300.jpg
R313,Iguana Tweed,Recasens / Recacril®,A+,Green,Green,Solids,https://frankford.b-cdn.net/fabric_swatches/R-313.jpg
R314,Maple,Recasens / Recacril®,A+,Beige,Beige | Brown,Solids,https://frankford.b-cdn.net/fabric_swatches/R-314.jpg
R317,Beech,Recasens / Recacril®,A+,Ivory,Ivory | Yellow,Solids,https://frankford.b-cdn.net/fabric_swatches/R-317.jpg
R321,Gracia,Recasens / Recacril®,A+,Grey,Grey,Stripes,https://frankford.b-cdn.net/fabric_swatches/R-321.jpg
R322,Bonanova,Recasens / Recacril®,A+,Grey,Grey,Stripes,https://frankford.b-cdn.net/fabric_swatches/R-322.jpg
R323,Born,Recasens / Recacril®,A+,Beige,Beige | White,Stripes,https://frankford.b-cdn.net/fabric_swatches/R-323.jpg
R324,Valls,Recasens / Recacril®,A+,Beige,Beige | Black | Brown,Stripes,https://frankford.b-cdn.net/fabric_swatches/R-324.jpg
R325,Avià,Recasens / Recacril®,A+,Beige,Beige | Brown | Yellow,Stripes,https://frankford.b-cdn.net/fabric_swatches/R-325.jpg
R326,Cercs,Recasens / Recacril®,A+,Grey,Grey | Beige,Stripes,https://frankford.b-cdn.net/fabric_swatches/R-326.jpg
R327,Móstoles,Recasens / Recacril®,A+,Blue,Blue | Grey,Stripes,https://frankford.b-cdn.net/fabric_swatches/R-327.jpg
R328,Sants,Recasens / Recacril®,A+,Grey,Grey | Black,Stripes,https://frankford.b-cdn.net/fabric_swatches/R-328.jpg
R343,Tormes,Recasens / Recacril®,A+,Green,Green | Grey,Stripes,https://frankford.b-cdn.net/fabric_swatches/r_343_0 - Dec 29 2022.jpeg
R345,Odiel,Recasens / Recacril®,A+,Green,Green | Grey | Purple,Stripes,https://frankford.b-cdn.net/fabric_swatches/r_345_0 - Dec 29 2022.jpeg
R346,Tambre,Recasens / Recacril®,A+,Grey,Grey | Beige | Blue,Stripes,https://frankford.b-cdn.net/fabric_swatches/r_346_0 - Dec 29 2022.jpeg
R348,Ulla,Recasens / Recacril®,A+,Grey,Grey | Black,Stripes,https://frankford.b-cdn.net/fabric_swatches/r_348_0 - Dec 29 2022.jpeg
R349,Cabriel,Recasens / Recacril®,A+,Beige,Beige | Grey | Brown,Stripes,https://frankford.b-cdn.net/fabric_swatches/r_349_0 - Dec 29 2022.jpeg
R350,Sella,Recasens / Recacril®,A+,Beige,Beige | Grey | Brown,Stripes,https://frankford.b-cdn.net/fabric_swatches/r_350_0 - Dec 29 2022.jpeg
R351,Arga,Recasens / Recacril®,A+,Beige,Beige | Brown | Orange,Stripes,https://frankford.b-cdn.net/fabric_swatches/r_351_0 - Dec 29 2022.jpeg
R352,Segre,Recasens / Recacril®,A+,Beige,Beige | Grey | Brown,Stripes,https://frankford.b-cdn.net/fabric_swatches/r_352_0 - Dec 29 2022.jpeg
R353,Muga,Recasens / Recacril®,A+,Beige,Beige | Brown,Stripes,https://frankford.b-cdn.net/fabric_swatches/r_353_0 - Dec 29 2022.jpeg
R355,Daró,Recasens / Recacril®,A+,Blue,Blue | Grey,Stripes,https://frankford.b-cdn.net/fabric_swatches/r_355_0 - Dec 29 2022.jpeg
R356,Rupit,Recasens / Recacril®,A+,Blue,Blue | Grey,Stripes,https://frankford.b-cdn.net/fabric_swatches/r_356_0 - Dec 29 2022.jpeg
R362,Menor,Recasens / Recacril®,A+,Red,Red | Grey,Stripes,https://frankford.b-cdn.net/fabric_swatches/r_362_0 - Dec 29 2022.jpeg
R363,Congost,Recasens / Recacril®,A+,Red,Red | Purple | Grey,Stripes,https://frankford.b-cdn.net/fabric_swatches/R-363.jpg
R365,Freser,Recasens / Recacril®,A+,Red,Red | Grey,Stripes,https://frankford.b-cdn.net/fabric_swatches/r_365_0 - Dec 29 2022.jpeg
R411,Montornés,Recasens / Recacril®,A+,Green,Green | Beige | Gold,Stripes,https://frankford.b-cdn.net/fabric_swatches/r_411_0 - Dec 29 2022.jpeg
R412,Motril,Recasens / Recacril®,A+,Yellow,Yellow | Grey,Stripes,https://frankford.b-cdn.net/fabric_swatches/R-412.jpg
R415,Marble,Recasens / Recacril®,A+,Grey,Grey | White,Solids,https://frankford.b-cdn.net/fabric_swatches/R-415.jpg
R416,Nerja,Recasens / Recacril®,A+,Blue,Blue | White,Stripes,https://frankford.b-cdn.net/fabric_swatches/R-416.jpg
R419,Ronda,Recasens / Recacril®,A+,Yellow,Yellow | Grey | Black,Stripes,https://frankford.b-cdn.net/fabric_swatches/R-419.jpg
R422,Mojacar,Recasens / Recacril®,A+,Yellow,Yellow | Grey | White,Stripes,https://frankford.b-cdn.net/fabric_swatches/R-422.jpg
R423,Cambrils,Recasens / Recacril®,A+,Yellow,Yellow | Grey | Blue,Stripes,https://frankford.b-cdn.net/fabric_swatches/R-423.jpg
R425,Luarca,Recasens / Recacril®,A+,Blue,Blue | Grey | Red,Stripes,https://frankford.b-cdn.net/fabric_swatches/R-425.jpg
R428,Gandia,Recasens / Recacril®,A+,Beige,Beige | Brown | Blue,Stripes,https://frankford.b-cdn.net/fabric_swatches/r_428_0 - Dec 29 2022.jpeg
R430,Bará,Recasens / Recacril®,A+,Red,Red | Beige | White,Stripes,https://frankford.b-cdn.net/fabric_swatches/r_430_0 - Dec 29 2022.jpeg
R434,Dalias,Recasens / Recacril®,A+,Red,Red | Grey | White,Stripes,https://frankford.b-cdn.net/fabric_swatches/r_434_0 - Dec 29 2022.jpeg
R437,Doñana,Recasens / Recacril®,A+,Green,Green | Beige | Ivory,Stripes,https://frankford.b-cdn.net/fabric_swatches/r_437_0 - Dec 29 2022.jpeg
R445,Tona,Recasens / Recacril®,A+,Blue,Blue | Grey | White,Stripes,https://frankford.b-cdn.net/fabric_swatches/r_445_0 - Dec 29 2022.jpeg
R447,Reus,Recasens / Recacril®,A+,Blue,Blue | Beige | White,Stripes,https://frankford.b-cdn.net/fabric_swatches/r_447_0 - Dec 29 2022.jpeg
R465,Grecia,Recasens / Recacril®,A+,Green,Green | Beige | White,Stripes,https://frankford.b-cdn.net/fabric_swatches/r_465_0 - Dec 29 2022.jpeg
R701,Yecla,Recasens / Recacril®,A+,Red,Red | Beige,Stripes,https://frankford.b-cdn.net/fabric_swatches/r_701_0 - Dec 29 2022.jpeg
R706,Xàtiva,Recasens / Recacril®,A+,Beige,Beige | Brown | Ivory,Stripes,https://frankford.b-cdn.net/fabric_swatches/r_706_0 - Dec 29 2022.jpeg
R707,Aridane,Recasens / Recacril®,A+,Green,Green | White,Stripes,https://frankford.b-cdn.net/fabric_swatches/r_707_0 - Dec 29 2022.jpeg
R720,Mijas,Recasens / Recacril®,A+,Yellow,Yellow | Grey | White,Stripes,https://frankford.b-cdn.net/fabric_swatches/R-720.jpg
R723,Javea,Recasens / Recacril®,A+,Green,Green | Blue | Orange,Stripes,https://frankford.b-cdn.net/fabric_swatches/R-723.jpg
R747,Begur,Recasens / Recacril®,A+,Grey,Grey | Beige | Black,Stripes,https://frankford.b-cdn.net/fabric_swatches/r_747_0 - Dec 29 2022.jpeg
R769,Baltic Tweed,Recasens / Recacril®,A+,Blue,Blue,Tweeds,https://frankford.b-cdn.net/fabric_swatches/R-796_Baltic_Tweed.jpg
R770,Charcoal Tweed,Recasens / Recacril®,A+,Grey,Grey | Black,Tweeds,https://frankford.b-cdn.net/fabric_swatches/r_770 - Dec 29 2022.jpeg
R772,Blue Tweed,Recasens / Recacril®,A+,Blue,Blue | Black,Tweeds,https://frankford.b-cdn.net/fabric_swatches/R-772.jpg
R774,Smoke Tweed,Recasens / Recacril®,A+,Grey,Grey,Solids,https://frankford.b-cdn.net/fabric_swatches/r_774 - Dec 29 2022.jpeg
R775,Linen Tweed,Recasens / Recacril®,A+,Brown,Brown | Beige,Solids,https://frankford.b-cdn.net/fabric_swatches/r_775 - Dec 29 2022.jpeg
R776,Taupe Tweed,Recasens / Recacril®,A+,Grey,Grey,Solids,https://frankford.b-cdn.net/fabric_swatches/r_776 - Dec 29 2022.jpeg
R779,Beige Tweed,Recasens / Recacril®,A+,Beige,Beige | White,Solids,https://frankford.b-cdn.net/fabric_swatches/R-779.jpg
R791,Beige Slub Tweed,Recasens / Recacril®,A+,Beige,Beige | White,Solids,https://frankford.b-cdn.net/fabric_swatches/r_791 - Dec 29 2022.jpeg
R792,Taupe Slub Tweed,Recasens / Recacril®,A+,Grey,Grey,Solids,https://frankford.b-cdn.net/fabric_swatches/r_792 - Dec 29 2022.jpeg
R793,Linen Slub Tweed,Recasens / Recacril®,A+,Brown,Brown | Beige,Solids,https://frankford.b-cdn.net/fabric_swatches/r_793 - Dec 29 2022.jpeg
R794,Sand Slub Tweed,Recasens / Recacril®,A+,Beige,Beige,Solids,https://frankford.b-cdn.net/fabric_swatches/r_794 - Dec 29 2022.jpeg
R804,Mérida,Recasens / Recacril®,A+,Beige,Beige | Green | White,Stripes,https://frankford.b-cdn.net/fabric_swatches/r_804_0 - Dec 29 2022.jpeg
R806,Arucas,Recasens / Recacril®,A+,Brown,Brown | Beige | White,Stripes,https://frankford.b-cdn.net/fabric_swatches/r_806_0 - Dec 29 2022.jpeg
R808,Orotava,Recasens / Recacril®,A+,Green,Green | Beige | White,Stripes,https://frankford.b-cdn.net/fabric_swatches/r_808_0 - Dec 29 2022.jpeg
R812,Inca,Recasens / Recacril®,A+,Beige,Beige | Ivory,Stripes,https://frankford.b-cdn.net/fabric_swatches/R-812.jpg
R843,Breda,Recasens / Recacril®,A+,Beige,Beige | Red | Grey,Stripes,https://frankford.b-cdn.net/fabric_swatches/r_843_0 - Dec 29 2022.jpeg
R854,Jumilla,Recasens / Recacril®,A+,Green,Green | White | Beige,Stripes,https://frankford.b-cdn.net/fabric_swatches/r_854_0 - Dec 29 2022.jpeg
R855,Torcal,Recasens / Recacril®,A+,Green,Green | White,Stripes,https://frankford.b-cdn.net/fabric_swatches/R-855.jpg
R874,Llivia,Recasens / Recacril®,A+,Red,Red | Beige | White,Stripes,https://frankford.b-cdn.net/fabric_swatches/r_874_0 - Dec 29 2022.jpeg
R876,Galdana,Recasens / Recacril®,A+,Beige,Beige | Ivory | Brown,Stripes,https://frankford.b-cdn.net/fabric_swatches/r_876_0 - Dec 29 2022.jpeg
R911,Baltic,Recasens / Recacril®,A+,Blue,Blue,Solids,https://frankford.b-cdn.net/fabric_swatches/R-911.jpg
R960,Almenara,Recasens / Recacril®,A+,Green,Green | Beige | White,Stripes,https://frankford.b-cdn.net/fabric_swatches/r_960_0 - Dec 29 2022.jpeg
R969,Valdespina,Recasens / Recacril®,A+,Blue,Blue | Grey | Turquoise,Stripes,https://frankford.b-cdn.net/fabric_swatches/r_969_0 - Dec 29 2022.jpeg
R971,Trujillo,Recasens / Recacril®,A+,Red,Red | Beige | White,Stripes,https://frankford.b-cdn.net/fabric_swatches/r_971_0 - Dec 29 2022.jpeg
102/615,Ciao Flax,Tempotest®,B,Beige,Beige,Solids,https://frankford.b-cdn.net/fabric_swatches/tempotest_foundations_ciao-flax_102-615.jpg
11/615,Ciao Ruby Red,Tempotest®,B,Red,Red,Solids,https://frankford.b-cdn.net/fabric_swatches/tempotest_foundations_ciao-ruby-red_11-615.jpg
1315,Chesterfield Snow,Sattler / Outdura,B,White,White,Textures,https://frankford.b-cdn.net/fabric_swatches/outdura_chesterfield_chesterfield-snow_1315.jpg
1316,Chesterfield Crème,Sattler / Outdura,B,White,White,Textures,https://frankford.b-cdn.net/fabric_swatches/outdura_chesterfield_chesterfield-creme_1316.jpg
1317,Chesterfield Honey,Sattler / Outdura,B,Beige,Beige,Textures,https://frankford.b-cdn.net/fabric_swatches/outdura_chesterfield_chesterfield-honey_1317.jpg
1318,Chesterfield Pebble,Sattler / Outdura,B,Beige,Beige,Textures,https://frankford.b-cdn.net/fabric_swatches/outdura_chesterfield_chesterfield-pebble_1318.jpg
1319,Chesterfield Mint,Sattler / Outdura,B,Grey,Grey,Textures,https://frankford.b-cdn.net/fabric_swatches/outdura_chesterfield_chesterfield-mint_1319.jpg
1320,Chesterfield Almond,Sattler / Outdura,B,Beige,Beige,Textures,https://frankford.b-cdn.net/fabric_swatches/outdura_chesterfield_chesterfield-almond_1320.jpg
1321,Chesterfield Walnut,Sattler / Outdura,B,Beige,Beige,Textures,https://frankford.b-cdn.net/fabric_swatches/outdura_chesterfield_chesterfield-walnut_1321.jpg
1322,Chesterfield Haze,Sattler / Outdura,B,Beige,Beige,Textures,https://frankford.b-cdn.net/fabric_swatches/outdura_chesterfield_chesterfield-haze_1322.jpg
1323,Chesterfield Smoke,Sattler / Outdura,B,Grey,Grey,Textures,https://frankford.b-cdn.net/fabric_swatches/outdura_chesterfield_chesterfield-smoke_1323.jpg
1324,Chesterfield Coco,Sattler / Outdura,B,Brown,Brown,Textures,https://frankford.b-cdn.net/fabric_swatches/outdura_chesterfield_chesterfield-coco_1324.jpg
1325,Chesterfield Whiskey,Sattler / Outdura,B,Brown,Brown,Textures,https://frankford.b-cdn.net/fabric_swatches/outdura_chesterfield_chesterfield-whiskey_1325.jpg
1326,Chesterfield Steel,Sattler / Outdura,B,Grey,Grey,Textures,https://frankford.b-cdn.net/fabric_swatches/outdura_chesterfield_chesterfield-steel_1326.jpg
1327,Chesterfield Onyx,Sattler / Outdura,B,Black,Black,Textures,https://frankford.b-cdn.net/fabric_swatches/outdura_chesterfield_chesterfield-onyx_1327.jpg
1329,Chesterfield Graphite,Sattler / Outdura,B,Grey,Grey,Textures,https://frankford.b-cdn.net/fabric_swatches/outdura_chesterfield_chesterfield-graphite_1329.jpg
1330,Chesterfield Sailor,Sattler / Outdura,B,Blue,Blue,Textures,https://frankford.b-cdn.net/fabric_swatches/outdura_chesterfield_chesterfield-sailor_1330.jpg
1331,Chesterfield Ruby,Sattler / Outdura,B,Red,Red,Textures,https://frankford.b-cdn.net/fabric_swatches/outdura_chesterfield_chesterfield-ruby_1331.jpg
1332,Chesterfield Grass,Sattler / Outdura,B,Green,Green,Textures,https://frankford.b-cdn.net/fabric_swatches/outdura_chesterfield_chesterfield-grass_1332.jpg
1334,Chesterfield Basil,Sattler / Outdura,B,Green,Green,Textures,https://frankford.b-cdn.net/fabric_swatches/outdura_chesterfield_chesterfield-basil_1334.jpg
15/615,Ciao White,Tempotest®,B,White,White,Solids,https://frankford.b-cdn.net/fabric_swatches/tempotest_foundations_ciao-white_15-615.jpg
151/615,Ciao Khaki,Tempotest®,B,Beige,Beige,Solids,https://frankford.b-cdn.net/fabric_swatches/tempotest_foundations_ciao-khaki_151-615.jpg
1702,Sparkle Pesto,Sattler / Outdura,B,Green,Green,Solids,https://frankford.b-cdn.net/fabric_swatches/outdura_sparkle_sparkle-pesto_1702.jpg
1704,Sparkle Skipper,Sattler / Outdura,B,Blue,Blue,Solids,https://frankford.b-cdn.net/fabric_swatches/outdura_sparkle_sparkle-skipper_1704.jpg
1706,Sparkle Birch,Sattler / Outdura,B,White,White,Solids,https://frankford.b-cdn.net/fabric_swatches/outdura_sparkle_sparkle-birch_1706.jpg
1707,Sparkle Flax,Sattler / Outdura,B,Beige,Beige,Solids,https://frankford.b-cdn.net/fabric_swatches/outdura_sparkle_sparkle-flax_1707.jpg
1710,Sparkle Mica,Sattler / Outdura,B,Black,Black,Solids,https://frankford.b-cdn.net/fabric_swatches/outdura_sparkle_sparkle-mica_1710.jpg
1711,Sparkle Granite,Sattler / Outdura,B,Brown,Brown,Solids,https://frankford.b-cdn.net/fabric_swatches/outdura_sparkle_sparkle-granite_1711.jpg
1712,Sparkle Buttercup,Sattler / Outdura,B,Yellow,Yellow,Solids,https://frankford.b-cdn.net/fabric_swatches/outdura_sparkle_sparkle-buttercup_1712.jpg
1713,Sparkle Pool,Sattler / Outdura,B,Green,Green,Solids,https://frankford.b-cdn.net/fabric_swatches/outdura_sparkle_sparkle-pool_1713.jpg
1714,Sparkle Pottery,Sattler / Outdura,B,Orange,Orange,Solids,https://frankford.b-cdn.net/fabric_swatches/outdura_sparkle_sparkle-pottery_1714.jpg
1717,Sparkle Terra,Sattler / Outdura,B,Red,Red,Solids,https://frankford.b-cdn.net/fabric_swatches/outdura_sparkle_sparkle-terra_1717.jpg
1718,Sparkle Jute,Sattler / Outdura,B,Brown,Brown,Solids,https://frankford.b-cdn.net/fabric_swatches/outdura_sparkle_sparkle-jute_1718.jpg
1721,Sparkle Sandstone,Sattler / Outdura,B,Beige,Beige,Solids,https://frankford.b-cdn.net/fabric_swatches/outdura_sparkle_sparkle-sandstone_1721.jpg
1723,Sparkle Nautical,Sattler / Outdura,B,Blue,Blue,Solids,https://frankford.b-cdn.net/fabric_swatches/outdura_sparkle_sparkle-nautical_1723.jpg
1726,Sparkle Navy Blue,Sattler / Outdura,B,Blue,Blue,Solids,https://frankford.b-cdn.net/fabric_swatches/outdura_sparkle_sparkle-navy-blue_1726.jpg
1728,Sparkle Turquoise,Sattler / Outdura,B,Green,Green,Solids,https://frankford.b-cdn.net/fabric_swatches/outdura_sparkle_sparkle-turquoise_1728.jpg
1730,Sparkle Dove,Sattler / Outdura,B,Grey,Grey,Solids,https://frankford.b-cdn.net/fabric_swatches/outdura_sparkle_sparkle-dove_1730.jpg
1731,Sparkle Taupe,Sattler / Outdura,B,Brown,Brown,Solids,https://frankford.b-cdn.net/fabric_swatches/outdura_sparkle_sparkle-taupe_1731.jpg
1732,Sparkle Snow,Sattler / Outdura,B,White,White,Solids,https://frankford.b-cdn.net/fabric_swatches/outdura_sparkle_sparkle-snow_1732.jpg
1733,Sparkle Mushroom,Sattler / Outdura,B,Brown,Brown,Solids,https://frankford.b-cdn.net/fabric_swatches/outdura_sparkle_sparkle-mushroom_1733.jpg
1737,Sparkle Crimson,Sattler / Outdura,B,Red,Red,Solids,https://frankford.b-cdn.net/fabric_swatches/outdura_sparkle_sparkle-crimson_1737.jpg
1740,Sparkle Caribbean,Sattler / Outdura,B,Green,Green,Solids,https://frankford.b-cdn.net/fabric_swatches/outdura_sparkle_sparkle-caribbean_1740.jpg
1741,Sparkle Peacock,Sattler / Outdura,B,Green,Green,Solids,https://frankford.b-cdn.net/fabric_swatches/outdura_sparkle_sparkle-peacock_1741.jpg
1743,Sparkle Baltic,Sattler / Outdura,B,Blue,Blue,Solids,https://frankford.b-cdn.net/fabric_swatches/outdura_sparkle_sparkle-baltic_1743.jpg
1750,Sparkle Indigo,Sattler / Outdura,B,Blue,Blue,Solids,https://frankford.b-cdn.net/fabric_swatches/outdura_sparkle_sparkle-indigo_1750.jpg
1753,Sparkle Slate,Sattler / Outdura,B,Grey,Grey,Solids,https://frankford.b-cdn.net/fabric_swatches/outdura_sparkle_sparkle-slate_1753.jpg
1754,Sparkle Willow,Sattler / Outdura,B,Beige,Beige,Solids,https://frankford.b-cdn.net/fabric_swatches/outdura_sparkle_sparkle-willow_1754.jpg
1755,Sparkle Driftwood,Sattler / Outdura,B,Brown,Brown,Solids,https://frankford.b-cdn.net/fabric_swatches/outdura_sparkle_sparkle-driftwood_1755.jpg
1758,Sparkle Shamrock,Sattler / Outdura,B,Green,Green,Solids,https://frankford.b-cdn.net/fabric_swatches/outdura_sparkle_sparkle-shamrock_1758.jpg
1759,Sparkle Conch,Sattler / Outdura,B,Pink,Pink,Solids,https://frankford.b-cdn.net/fabric_swatches/outdura_sparkle_sparkle-conch_1759.jpg
1761,Sparkle Ink,Sattler / Outdura,B,Blue,Blue,Solids,https://frankford.b-cdn.net/fabric_swatches/outdura_sparkle_sparkle-ink_1761.jpg
1764,Sparkle Shade,Sattler / Outdura,B,Grey,Grey,Solids,https://frankford.b-cdn.net/fabric_swatches/outdura_sparkle_sparkle-shade_1764.jpg
1765,Sparkle Dusk,Sattler / Outdura,B,Brown,Brown,Solids,https://frankford.b-cdn.net/fabric_swatches/outdura_sparkle_sparkle-dusk_1765.jpg
1766,Sparkle Mist,Sattler / Outdura,B,White,White,Solids,https://frankford.b-cdn.net/fabric_swatches/outdura_sparkle_sparkle-mist_1766.jpg
1767,Sparkle Sailor,Sattler / Outdura,B,Blue,Blue,Solids,https://frankford.b-cdn.net/fabric_swatches/outdura_sparkle_sparkle-sailor_1767.jpg
1768,Sparkle Spring,Sattler / Outdura,B,Green,Green,Solids,https://frankford.b-cdn.net/fabric_swatches/outdura_sparkle_sparkle-spring_1768.jpg
1769,Sparkle Grass,Sattler / Outdura,B,Green,Green,Solids,https://frankford.b-cdn.net/fabric_swatches/outdura_sparkle_sparkle-grass_1769.jpg
1770,Sparkle Honey,Sattler / Outdura,B,Brown,Brown,Solids,https://frankford.b-cdn.net/fabric_swatches/outdura_sparkle_sparkle-honey_1770.jpg
21/615,Ciao Azure,Tempotest®,B,Blue,Blue,Solids,https://frankford.b-cdn.net/fabric_swatches/tempotest_foundations_ciao-azure_21-615.jpg
22/615,Ciao Turquoise,Tempotest®,B,Blue,Blue | Green,Solids,https://frankford.b-cdn.net/fabric_swatches/tempotest_foundations_ciao-turquoise_22-615.jpg
24/615,Ciao Onyx,Tempotest®,B,Black,Black,Solids,https://frankford.b-cdn.net/fabric_swatches/tempotest_foundations_ciao-onyx_24-615.jpg
30A734,Elements Stripes Simple,Sattler / Outdura,B,Grey,Grey,Stripes,https://frankford.b-cdn.net/fabric_swatches/outdura_elements-stripes_elements-stripes-simple_30A734.jpg
314006,Elements (S) 2 Classic Royal Blue,Sattler / Outdura,B,Blue,Blue,Solids,https://frankford.b-cdn.net/fabric_swatches/outdura_elements-solids-group-2_elements-s-2-classic-royal-blue_314006.jpg
314010,Elements (S) 1 Cloud,Sattler / Outdura,B,White,White,Solids,https://frankford.b-cdn.net/fabric_swatches/outdura_elements-solids-group-1_elements-s-1-cloud_314010.jpg
314011,Elements (S) 2 Nautical,Sattler / Outdura,B,Blue,Blue,Solids,https://frankford.b-cdn.net/fabric_swatches/outdura_elements-solids-group-2_elements-s-2-nautical_314011.jpg
314016,Elements (S) 2 Mahogany,Sattler / Outdura,B,Brown,Brown,Solids,https://frankford.b-cdn.net/fabric_swatches/outdura_elements-solids-group-2_elements-s-2-mahogany_314016.jpg
314020,Elements (S) 2 Shell,Sattler / Outdura,B,Beige,Beige,Solids,https://frankford.b-cdn.net/fabric_swatches/outdura_elements-solids-group-2_elements-s-2-shell_314020.jpg
314028,Elements (S) 1 Graphite,Sattler / Outdura,B,Grey,Grey,Solids,https://frankford.b-cdn.net/fabric_swatches/outdura_elements-solids-group-1_elements-s-1-graphite_314028.jpg
314030,Elements (S) 1 Fog,Sattler / Outdura,B,Grey,Grey,Solids,https://frankford.b-cdn.net/fabric_swatches/outdura_elements-solids-group-1_elements-s-1-fog_314030.jpg
314072,Elements (S) 2 Bark,Sattler / Outdura,B,Brown,Brown,Solids,https://frankford.b-cdn.net/fabric_swatches/outdura_elements-solids-group-2_elements-s-2-bark_314072.jpg
314083,Elements (S) 1 Forge,Sattler / Outdura,B,Brown,Brown,Solids,https://frankford.b-cdn.net/fabric_swatches/outdura_elements-solids-group-1_elements-s-1-forge_314083.jpg
314154,Elements (S) 2 Black,Sattler / Outdura,B,Black,Black,Solids,https://frankford.b-cdn.net/fabric_swatches/outdura_elements-solids-group-2_elements-s-2-black_314154.jpg
314182,Elements (S) 1 Pearl,Sattler / Outdura,B,White,White,Solids,https://frankford.b-cdn.net/fabric_swatches/outdura_elements-solids-group-1_elements-s-1-pearl_314182.jpg
314325,Elements (S) 1 Almond,Sattler / Outdura,B,White,White,Solids,https://frankford.b-cdn.net/fabric_swatches/outdura_elements-solids-group-1_elements-s-1-almond_314325.jpg
314362,Elements (S) 2 Forest Green,Sattler / Outdura,B,Green,Green,Solids,https://frankford.b-cdn.net/fabric_swatches/outdura_elements-solids-group-2_elements-s-2-forest-green_314362.jpg
314396,Elements (S) 2 Leaf,Sattler / Outdura,B,Green,Green,Solids,https://frankford.b-cdn.net/fabric_swatches/outdura_elements-solids-group-2_elements-s-2-leaf_314396.jpg
314398,Elements (S) 2 Storm Grey,Sattler / Outdura,B,Grey,Grey,Solids,https://frankford.b-cdn.net/fabric_swatches/outdura_elements-solids-group-2_elements-s-2-storm-grey_314398.jpg
314402,Elements (S) 2 Night Sky,Sattler / Outdura,B,Black,Black,Solids,https://frankford.b-cdn.net/fabric_swatches/outdura_elements-solids-group-2_elements-s-2-night-sky_314402.jpg
314403,Elements (S) 2 Oak,Sattler / Outdura,B,Brown,Brown,Solids,https://frankford.b-cdn.net/fabric_swatches/outdura_elements-solids-group-2_elements-s-2-oak_314403.jpg
314488,Elements (S) 2 Merlot,Sattler / Outdura,B,Red,Red,Solids,https://frankford.b-cdn.net/fabric_swatches/outdura_elements-solids-group-2_elements-s-2-merlot_314488.jpg
314550,Elements (S) 2 Midnight,Sattler / Outdura,B,Blue,Blue,Solids,https://frankford.b-cdn.net/fabric_swatches/outdura_elements-solids-group-2_elements-s-2-midnight_314550.jpg
314638,Elements (S) 1 Ash,Sattler / Outdura,B,Grey,Grey,Solids,https://frankford.b-cdn.net/fabric_swatches/outdura_elements-solids-group-1_elements-s-1-ash_314638.jpg
314660,Elements (S) 2 Sage,Sattler / Outdura,B,Green,Green,Solids,https://frankford.b-cdn.net/fabric_swatches/outdura_elements-solids-group-2_elements-s-2-sage_314660.jpg
314727,Elements (S) 2 Dijon,Sattler / Outdura,B,Yellow,Yellow,Solids,https://frankford.b-cdn.net/fabric_swatches/outdura_elements-solids-group-2_elements-s-2-dijon_314727.jpg
314729,Elements (S) 2 Nutmeg,Sattler / Outdura,B,Brown,Brown,Solids,https://frankford.b-cdn.net/fabric_swatches/outdura_elements-solids-group-2_elements-s-2-nutmeg_314729.jpg
314780,Elements (S) 2 Dove,Sattler / Outdura,B,Beige,Beige,Solids,https://frankford.b-cdn.net/fabric_swatches/outdura_elements-solids-group-2_elements-s-2-dove_314780.jpg
314803,Elements (S) 2 Sattelite,Sattler / Outdura,B,Grey,Grey,Solids,https://frankford.b-cdn.net/fabric_swatches/outdura_elements-solids-group-2_elements-s-2-sattelite_314803.jpg
314818,Elements (S) 1 Nimbus,Sattler / Outdura,B,Grey,Grey,Solids,https://frankford.b-cdn.net/fabric_swatches/outdura_elements-solids-group-1_elements-s-1-nimbus_314818.jpg
314838,Elements (S) 1 Blossum,Sattler / Outdura,B,Red,Red,Solids,https://frankford.b-cdn.net/fabric_swatches/outdura_elements-solids-group-1_elements-s-1-blossum_314838.jpg
314840,Elements (S) 1 Asphalt,Sattler / Outdura,B,Grey,Grey,Solids,https://frankford.b-cdn.net/fabric_swatches/outdura_elements-solids-group-1_elements-s-1-asphalt_314840.jpg
314858,Elements (S) 1 Denim,Sattler / Outdura,B,Blue,Blue,Solids,https://frankford.b-cdn.net/fabric_swatches/outdura_elements-solids-group-1_elements-s-1-denim_314858.jpg
314880,Elements (S) 1 Gunmetal,Sattler / Outdura,B,Grey,Grey,Solids,https://frankford.b-cdn.net/fabric_swatches/outdura_elements-solids-group-1_elements-s-1-gunmetal_314880.jpg
314881,Elements (S) 2 Ivy,Sattler / Outdura,B,Green,Green,Solids,https://frankford.b-cdn.net/fabric_swatches/outdura_elements-solids-group-2_elements-s-2-ivy_314881.jpg
314882,Elements (S) 1 Pebble,Sattler / Outdura,B,Grey,Grey,Solids,https://frankford.b-cdn.net/fabric_swatches/outdura_elements-solids-group-1_elements-s-1-pebble_314882.jpg
314888,Elements (S) 1 Shadow,Sattler / Outdura,B,Grey,Grey,Solids,https://frankford.b-cdn.net/fabric_swatches/outdura_elements-solids-group-1_elements-s-1-shadow_314888.jpg
314917,Elements (S) 2 Earth,Sattler / Outdura,B,Brown,Brown,Solids,https://frankford.b-cdn.net/fabric_swatches/outdura_elements-solids-group-2_elements-s-2-earth_314917.jpg
314921,Elements (S) 2 Hazel,Sattler / Outdura,B,Beige,Beige,Solids,https://frankford.b-cdn.net/fabric_swatches/outdura_elements-solids-group-2_elements-s-2-hazel_314921.jpg
315052,Elements Stripes Clarity,Sattler / Outdura,B,Yellow,Yellow,Stripes,https://frankford.b-cdn.net/fabric_swatches/outdura_elements-stripes_elements-stripes-clarity_315052.jpg
315105,Elements Stripes Wildlife,Sattler / Outdura,B,Black,Black,Stripes,https://frankford.b-cdn.net/fabric_swatches/outdura_elements-stripes_elements-stripes-wildlife_315105.jpg
315352,Elements Stripes Downtown,Sattler / Outdura,B,Grey,Grey,Stripes,https://frankford.b-cdn.net/fabric_swatches/outdura_elements-stripes_elements-stripes-downtown_315352.jpg
315420,Elements Stripes Branch,Sattler / Outdura,B,Green,Green,Stripes,https://frankford.b-cdn.net/fabric_swatches/outdura_elements-stripes_elements-stripes-branch_315420.jpg
315422,Elements Stripes Surround,Sattler / Outdura,B,Blue,Blue,Stripes,https://frankford.b-cdn.net/fabric_swatches/outdura_elements-stripes_elements-stripes-surround_315422.jpg
320190,Elements Stripes Lakeside,Sattler / Outdura,B,Blue,Blue,Stripes,https://frankford.b-cdn.net/fabric_swatches/outdura_elements-stripes_elements-stripes-lakeside_320190.jpg
320253,Elements Stripes Wooden,Sattler / Outdura,B,Green,Green,Stripes,https://frankford.b-cdn.net/fabric_swatches/outdura_elements-stripes_elements-stripes-wooden_320253.jpg
320408,Elements Stripes Municipal,Sattler / Outdura,B,Red,Red,Stripes,https://frankford.b-cdn.net/fabric_swatches/outdura_elements-stripes_elements-stripes-municipal_320408.jpg
320409,Elements Stripes Blue Lagoon,Sattler / Outdura,B,Blue,Blue,Stripes,https://frankford.b-cdn.net/fabric_swatches/outdura_elements-stripes_elements-stripes-blue-lagoon_320409.jpg
320423,Elements Stripes Climb,Sattler / Outdura,B,Red,Red,Stripes,https://frankford.b-cdn.net/fabric_swatches/outdura_elements-stripes_elements-stripes-climb_320423.jpg
320430,Elements Stripes Momentum,Sattler / Outdura,B,Red,Red,Stripes,https://frankford.b-cdn.net/fabric_swatches/outdura_elements-stripes_elements-stripes-momentum_320430.jpg
320439,Elements Stripes Autumn,Sattler / Outdura,B,Red,Red,Stripes,https://frankford.b-cdn.net/fabric_swatches/outdura_elements-stripes_elements-stripes-autumn_320439.jpg
320441,Elements Stripes Walk,Sattler / Outdura,B,Brown,Brown,Stripes,https://frankford.b-cdn.net/fabric_swatches/outdura_elements-stripes_elements-stripes-walk_320441.jpg
320446,Elements Stripes Syrah,Sattler / Outdura,B,Red,Red,Stripes,https://frankford.b-cdn.net/fabric_swatches/outdura_elements-stripes_elements-stripes-syrah_320446.jpg
320453,Elements Stripes Charisma,Sattler / Outdura,B,Red,Red,Stripes,https://frankford.b-cdn.net/fabric_swatches/outdura_elements-stripes_elements-stripes-charisma_320453.jpg
320458,Elements Stripes Track Mars,Sattler / Outdura,B,Red,Red,Stripes,https://frankford.b-cdn.net/fabric_swatches/outdura_elements-stripes_elements-stripes-track-mars_320458.jpg
320493,Elements Stripes Sequence,Sattler / Outdura,B,Grey,Grey,Stripes,https://frankford.b-cdn.net/fabric_swatches/outdura_elements-stripes_elements-stripes-sequence_320493.jpg
320530,Elements Stripes Gravity,Sattler / Outdura,B,Blue,Blue,Stripes,https://frankford.b-cdn.net/fabric_swatches/outdura_elements-stripes_elements-stripes-gravity_320530.jpg
320553,Elements Stripes Sail,Sattler / Outdura,B,Blue,Blue,Stripes,https://frankford.b-cdn.net/fabric_swatches/outdura_elements-stripes_elements-stripes-sail_320553.jpg
320555,Elements Stripes Cruise,Sattler / Outdura,B,Blue,Blue,Stripes,https://frankford.b-cdn.net/fabric_swatches/outdura_elements-stripes_elements-stripes-cruise_320555.jpg
320556,Elements Stripes Seaside,Sattler / Outdura,B,Blue,Blue,Stripes,https://frankford.b-cdn.net/fabric_swatches/outdura_elements-stripes_elements-stripes-seaside_320556.jpg
320559,Elements Stripes Seashore,Sattler / Outdura,B,Blue,Blue,Stripes,https://frankford.b-cdn.net/fabric_swatches/outdura_elements-stripes_elements-stripes-seashore_320559.jpg
320560,Elements Stripes Frame Blueberry,Sattler / Outdura,B,Blue,Blue,Stripes,https://frankford.b-cdn.net/fabric_swatches/outdura_elements-stripes_elements-stripes-frame-blueberry_320560.jpg
320573,Elements Stripes Skyline,Sattler / Outdura,B,Blue,Blue,Stripes,https://frankford.b-cdn.net/fabric_swatches/outdura_elements-stripes_elements-stripes-skyline_320573.jpg
320584,Elements Stripes Ambience,Sattler / Outdura,B,Blue,Blue,Stripes,https://frankford.b-cdn.net/fabric_swatches/outdura_elements-stripes_elements-stripes-ambience_320584.jpg
320592,Elements Stripes Harbor,Sattler / Outdura,B,Blue,Blue,Stripes,https://frankford.b-cdn.net/fabric_swatches/outdura_elements-stripes_elements-stripes-harbor_320592.jpg
320660,Elements Stripes Frame Pine,Sattler / Outdura,B,Green,Green,Stripes,https://frankford.b-cdn.net/fabric_swatches/outdura_elements-stripes_elements-stripes-frame-pine_320660.jpg
320664,Elements Stripes Eden,Sattler / Outdura,B,Green,Green,Stripes,https://frankford.b-cdn.net/fabric_swatches/outdura_elements-stripes_elements-stripes-eden_320664.jpg
320666,Elements Stripes Sacramento,Sattler / Outdura,B,Green,Green,Stripes,https://frankford.b-cdn.net/fabric_swatches/outdura_elements-stripes_elements-stripes-sacramento_320666.jpg
320701,Elements Stripes Soil,Sattler / Outdura,B,Brown,Brown,Stripes,https://frankford.b-cdn.net/fabric_swatches/outdura_elements-stripes_elements-stripes-soil_320701.jpg
320714,Elements Stripes Trace,Sattler / Outdura,B,Brown,Brown,Stripes,https://frankford.b-cdn.net/fabric_swatches/outdura_elements-stripes_elements-stripes-trace_320714.jpg
320715,Elements Stripes Ramble,Sattler / Outdura,B,Brown,Brown,Stripes,https://frankford.b-cdn.net/fabric_swatches/outdura_elements-stripes_elements-stripes-ramble_320715.jpg
320716,Elements Stripes Civic,Sattler / Outdura,B,Brown,Brown,Stripes,https://frankford.b-cdn.net/fabric_swatches/outdura_elements-stripes_elements-stripes-civic_320716.jpg
320721,Elements Stripes History,Sattler / Outdura,B,Brown,Brown,Stripes,https://frankford.b-cdn.net/fabric_swatches/outdura_elements-stripes_elements-stripes-history_320721.jpg
320723,Elements Stripes Sprint,Sattler / Outdura,B,Brown,Brown,Stripes,https://frankford.b-cdn.net/fabric_swatches/outdura_elements-stripes_elements-stripes-sprint_320723.jpg
320724,Elements Stripes Boulevard,Sattler / Outdura,B,Brown,Brown,Stripes,https://frankford.b-cdn.net/fabric_swatches/outdura_elements-stripes_elements-stripes-boulevard_320724.jpg
320731,Elements Stripes Imprint,Sattler / Outdura,B,Brown,Brown,Stripes,https://frankford.b-cdn.net/fabric_swatches/outdura_elements-stripes_elements-stripes-imprint_320731.jpg
320758,Elements Stripes Roof Tile,Sattler / Outdura,B,Red,Red,Stripes,https://frankford.b-cdn.net/fabric_swatches/outdura_elements-stripes_elements-stripes-roof-tile_320758.jpg
320775,Elements Stripes Woodland,Sattler / Outdura,B,Green,Green,Stripes,https://frankford.b-cdn.net/fabric_swatches/outdura_elements-stripes_elements-stripes-woodland_320775.jpg
320819,Elements Stripes Drift,Sattler / Outdura,B,Grey,Grey,Stripes,https://frankford.b-cdn.net/fabric_swatches/outdura_elements-stripes_elements-stripes-drift_320819.jpg
320823,Elements Stripes Dash,Sattler / Outdura,B,Grey,Grey,Stripes,https://frankford.b-cdn.net/fabric_swatches/outdura_elements-stripes_elements-stripes-dash_320823.jpg
320830,Elements Stripes Aero,Sattler / Outdura,B,Grey,Grey,Stripes,https://frankford.b-cdn.net/fabric_swatches/outdura_elements-stripes_elements-stripes-aero_320830.jpg
320838,Elements Stripes Suburb,Sattler / Outdura,B,Grey,Grey,Stripes,https://frankford.b-cdn.net/fabric_swatches/outdura_elements-stripes_elements-stripes-suburb_320838.jpg
320884,Elements Stripes Beam,Sattler / Outdura,B,Grey,Grey,Stripes,https://frankford.b-cdn.net/fabric_swatches/outdura_elements-stripes_elements-stripes-beam_320884.jpg
320886,Elements Stripes Edge,Sattler / Outdura,B,Grey,Grey,Stripes,https://frankford.b-cdn.net/fabric_swatches/outdura_elements-stripes_elements-stripes-edge_320886.jpg
320888,Elements Stripes Flight,Sattler / Outdura,B,Grey,Grey,Stripes,https://frankford.b-cdn.net/fabric_swatches/outdura_elements-stripes_elements-stripes-flight_320888.jpg
320892,Elements Stripes Compass,Sattler / Outdura,B,Grey,Grey,Stripes,https://frankford.b-cdn.net/fabric_swatches/outdura_elements-stripes_elements-stripes-compass_320892.jpg
320903,Elements Stripes Ridge,Sattler / Outdura,B,Brown,Brown,Stripes,https://frankford.b-cdn.net/fabric_swatches/outdura_elements-stripes_elements-stripes-ridge_320903.jpg
320904,Elements Stripes Countryside,Sattler / Outdura,B,Brown,Brown,Stripes,https://frankford.b-cdn.net/fabric_swatches/outdura_elements-stripes_elements-stripes-countryside_320904.jpg
320914,Elements Stripes Terrain,Sattler / Outdura,B,Green,Green,Stripes,https://frankford.b-cdn.net/fabric_swatches/outdura_elements-stripes_elements-stripes-terrain_320914.jpg
320954,Elements Stripes Alloy,Sattler / Outdura,B,Grey,Grey,Stripes,https://frankford.b-cdn.net/fabric_swatches/outdura_elements-stripes_elements-stripes-alloy_320954.jpg
320956,Elements Stripes Parkway,Sattler / Outdura,B,Green,Green,Stripes,https://frankford.b-cdn.net/fabric_swatches/outdura_elements-stripes_elements-stripes-parkway_320956.jpg
320958,Elements Stripes Track Moon,Sattler / Outdura,B,Grey,Grey,Stripes,https://frankford.b-cdn.net/fabric_swatches/outdura_elements-stripes_elements-stripes-track-moon_320958.jpg
320974,Elements Stripes Sill,Sattler / Outdura,B,Grey,Grey,Stripes,https://frankford.b-cdn.net/fabric_swatches/outdura_elements-stripes_elements-stripes-sill_320974.jpg
320976,Elements Stripes Hideaway,Sattler / Outdura,B,Green,Green,Stripes,https://frankford.b-cdn.net/fabric_swatches/outdura_elements-stripes_elements-stripes-hideaway_320976.jpg
364056,Elements Stripes Hike,Sattler / Outdura,B,Brown,Brown,Stripes,https://frankford.b-cdn.net/fabric_swatches/outdura_elements-stripes_elements-stripes-hike_364056.jpg
364203,Elements Stripes Hayfield,Sattler / Outdura,B,Green,Green,Stripes,https://frankford.b-cdn.net/fabric_swatches/outdura_elements-stripes_elements-stripes-hayfield_364203.jpg
364598,Elements Stripes Landskip,Sattler / Outdura,B,Green,Green,Stripes,https://frankford.b-cdn.net/fabric_swatches/outdura_elements-stripes_elements-stripes-landskip_364598.jpg
5/615,Ciao Evergreen,Tempotest®,B,Green,Green,Solids,https://frankford.b-cdn.net/fabric_swatches/tempotest_foundations_ciao-evergreen_5-615.jpg
54/615,Ciao Melon,Tempotest®,B,Orange,Orange,Solids,https://frankford.b-cdn.net/fabric_swatches/tempotest_foundations_ciao-melon_54-615.jpg
5401,Solid Forest Green,Sattler / Outdura,B,Green,Green,Solids,https://frankford.b-cdn.net/fabric_swatches/ForestGreen6001.jpg
5402,Solid Pacific Blue,Sattler / Outdura,B,Blue,Blue,Solids,https://frankford.b-cdn.net/fabric_swatches/PacificBlue6002.jpg
5403,Solid Captain'S Navy,Sattler / Outdura,B,Blue,Blue,Solids,https://frankford.b-cdn.net/fabric_swatches/CaptainsNavy6003.jpg
5405,Solid Black,Sattler / Outdura,B,Black,Black,Solids,https://frankford.b-cdn.net/fabric_swatches/5405black.jpg
5406,Solid Antique Beige,Sattler / Outdura,B,Beige,Beige,Solids,https://frankford.b-cdn.net/fabric_swatches/5406antiquebeige.jpg
5407,Solid Aquamarine,Sattler / Outdura,B,Blue,Blue,Solids,https://frankford.b-cdn.net/fabric_swatches/Aquamarine_5407.jpg
5408,Solid Cadet Grey,Sattler / Outdura,B,Grey,Grey,Solids,https://frankford.b-cdn.net/fabric_swatches/Cadet_Grey_5408.jpg
5409,Solid Natural White,Sattler / Outdura,B,White,White,Solids,https://frankford.b-cdn.net/fabric_swatches/Natural_White_5409.jpg
5411,Solid Khaki,Sattler / Outdura,B,Beige,Beige,Solids,https://frankford.b-cdn.net/fabric_swatches/Khaki_5411.jpg
5412,Solid Taupe,Sattler / Outdura,B,Brown,Brown,Solids,https://frankford.b-cdn.net/fabric_swatches/Taupe_5412.jpg
5413,Solid Linen,Sattler / Outdura,B,Beige,Beige,Solids,https://frankford.b-cdn.net/fabric_swatches/Linen_5413.jpg
5413/701,Fiera Sage,Tempotest®,B,Beige,Beige | Yellow,Stripes,https://frankford.b-cdn.net/fabric_swatches/tempotest_foundations_fiera-sage_5413-701.jpg
5413/75,Fiera Sapphire,Tempotest®,B,Blue,Blue | Grey,Stripes,https://frankford.b-cdn.net/fabric_swatches/tempotest_foundations_fiera-sapphire_5413-75.jpg
5413/926,Fiera Zinc,Tempotest®,B,Beige,Beige | Orange,Stripes,https://frankford.b-cdn.net/fabric_swatches/tempotest_foundations_fiera-zinc_5413-926.jpg
5413/94,Fiera Crystal,Tempotest®,B,Grey,Grey | Blue,Stripes,https://frankford.b-cdn.net/fabric_swatches/tempotest_foundations_fiera-crystal_5413-94.jpg
5414/16,Presidio Kiwi,Tempotest®,B,Green,Green | Blue,Stripes,https://frankford.b-cdn.net/fabric_swatches/tempotest_foundations_presidio-kiwi_5414-16.jpg
5414/20,Presidio Zinnia,Tempotest®,B,Beige,Beige | Orange,Stripes,https://frankford.b-cdn.net/fabric_swatches/tempotest_foundations_presidio-zinnia_5414-20.jpg
5414/8,Presidio Pine,Tempotest®,B,Beige,Beige | Green,Stripes,https://frankford.b-cdn.net/fabric_swatches/tempotest_foundations_presidio-pine_5414-8.jpg
5414/87,Presidio Oceana,Tempotest®,B,Blue,Blue | Beige,Stripes,https://frankford.b-cdn.net/fabric_swatches/tempotest_foundations_presidio-oceana_5414-87.jpg
5414/926,Presidio Hemp,Tempotest®,B,Brown,Brown | Beige,Stripes,https://frankford.b-cdn.net/fabric_swatches/tempotest_foundations_presidio-hemp_5414-926.jpg
5415,Solid Terracotta,Sattler / Outdura,B,Orange,Orange,Solids,https://frankford.b-cdn.net/fabric_swatches/Terracotta_5415.jpg
5415/54,Piccolo Zinc,Tempotest®,B,Orange,Orange | Beige,Stripes,https://frankford.b-cdn.net/fabric_swatches/tempotest_foundations_piccolo-zinc_5415-54.jpg
5415/87,Piccolo Oceana,Tempotest®,B,Blue,Blue | White,Stripes,https://frankford.b-cdn.net/fabric_swatches/tempotest_foundations_piccolo-oceana_5415-87.jpg
5415/926,Piccolo Brindle,Tempotest®,B,Brown,Brown | Beige,Stripes,https://frankford.b-cdn.net/fabric_swatches/tempotest_foundations_piccolo-brindle_5415-926.jpg
5416/102,Tango Burnish,Tempotest®,B,Beige,Beige | Brown,Stripes,https://frankford.b-cdn.net/fabric_swatches/tempotest_foundations_tango-burnish_5416-102.jpg
5416/11,Tango Classic,Tempotest®,B,Blue,Blue | Red,Stripes,https://frankford.b-cdn.net/fabric_swatches/tempotest_foundations_tango-classic_5416-11.jpg
5416/151,Tango Autumn,Tempotest®,B,Red,Red | Beige,Stripes,https://frankford.b-cdn.net/fabric_swatches/tempotest_foundations_tango-autumn_5416-151.jpg
5416/21,Tango Isle Of Palms,Tempotest®,B,Blue,Blue | Green,Stripes,https://frankford.b-cdn.net/fabric_swatches/tempotest_foundations_tango-isle-of-palms_5416-21.jpg
5417/11,Novella Ruby,Tempotest®,B,Red,Red | White,Stripes,https://frankford.b-cdn.net/fabric_swatches/tempotest_foundations_novella-ruby_5417-11.jpg
5417/21,Novella Sky,Tempotest®,B,Blue,Blue | White,Stripes,https://frankford.b-cdn.net/fabric_swatches/tempotest_foundations_novella-sky_5417-21.jpg
5417/24,Novella Nero,Tempotest®,B,Black,Black | White,Stripes,https://frankford.b-cdn.net/fabric_swatches/tempotest_foundations_novella-nero_5417-24.jpg
5417/8,Novella Mallard,Tempotest®,B,Green,Green | White,Stripes,https://frankford.b-cdn.net/fabric_swatches/tempotest_foundations_novella-mallard_5417-8.jpg
5417/87,Novella Oceana,Tempotest®,B,Blue,Blue | White,Stripes,https://frankford.b-cdn.net/fabric_swatches/tempotest_foundations_novella-oceana_5417-87.jpg
5417/97,Novella Thunderstorm,Tempotest®,B,Black,Black | White,Stripes,https://frankford.b-cdn.net/fabric_swatches/tempotest_foundations_novella-thunderstorm_5417-97.jpg
5418/11,Sorridere Arcade,Tempotest®,B,Blue,Blue | White,Stripes,https://frankford.b-cdn.net/fabric_swatches/tempotest_foundations_sorridere-arcade_5418-11.jpg
5418/21,Sorridere Maritime,Tempotest®,B,Blue,Blue | White,Stripes,https://frankford.b-cdn.net/fabric_swatches/tempotest_foundations_sorridere-maritime_5418-21.jpg
5418/22,Sorridere Lollipop,Tempotest®,B,Blue,Blue | Orange,Stripes,https://frankford.b-cdn.net/fabric_swatches/tempotest_foundations_sorridere-lollipop_5418-22.jpg
5418/58,Sorridere Autumn,Tempotest®,B,Brown,Brown | Beige,Stripes,https://frankford.b-cdn.net/fabric_swatches/tempotest_foundations_sorridere-autumn_5418-58.jpg
5419,Solid Sand,Sattler / Outdura,B,Brown,Brown,Solids,https://frankford.b-cdn.net/fabric_swatches/Sand_5419.jpg
5419/701,Casa Al Dunes,Tempotest®,B,Beige,Beige | Blue,Stripes,https://frankford.b-cdn.net/fabric_swatches/tempotest_foundations_casa-al-dunes_5419-701.jpg
5419/87,Mare Arcade,Tempotest®,B,Blue,Blue | Green,Stripes,https://frankford.b-cdn.net/fabric_swatches/tempotest_foundations_mare-arcade_5419-87.jpg
5419/94,Casa Al Oceanside,Tempotest®,B,Grey,Grey | Orange,Stripes,https://frankford.b-cdn.net/fabric_swatches/tempotest_foundations_casa-al-oceanside_5419-94.jpg
5420,Solid Citron,Sattler / Outdura,B,Orange,Orange,Solids,https://frankford.b-cdn.net/fabric_swatches/outdura_solid_solid-citron_5420.jpg
5421,Solid Sepia,Sattler / Outdura,B,Brown,Brown,Solids,https://frankford.b-cdn.net/fabric_swatches/outdura_solid_solid-sepia_5421.jpg
5424,Solid Canary,Sattler / Outdura,B,Yellow,Yellow,Solids,https://frankford.b-cdn.net/fabric_swatches/Canvas-Sky-Blue_5424-0000.jpg
5426,Solid Kona,Sattler / Outdura,B,Brown,Brown,Solids,https://frankford.b-cdn.net/fabric_swatches/5426Kona.jpg
5428,Solid Olive,Sattler / Outdura,B,Green,Green,Solids,https://frankford.b-cdn.net/fabric_swatches/5428-Solids-Ovation3.jpg
5430,Solid Ivory,Sattler / Outdura,B,White,White,Solids,https://frankford.b-cdn.net/fabric_swatches/5430Ivory.jpg
5432,Solid Pesto,Sattler / Outdura,B,Green,Green,Solids,https://frankford.b-cdn.net/fabric_swatches/Pesto_5432.jpg
5433,Solid Neptune,Sattler / Outdura,B,Blue,Blue,Solids,https://frankford.b-cdn.net/fabric_swatches/Neptune_5433.jpg
5434,Solid Classic Royal,Sattler / Outdura,B,Blue,Blue,Solids,https://frankford.b-cdn.net/fabric_swatches/Classic_Royal_Blue_5434.jpg
5436,Solid Aquatic,Sattler / Outdura,B,Blue,Blue,Solids,https://frankford.b-cdn.net/fabric_swatches/Aquatic_5436.jpg
5438,Solid Stone,Sattler / Outdura,B,Brown,Brown,Solids,https://frankford.b-cdn.net/fabric_swatches/Stone_5438.jpg
5439,Solid Steel Blue,Sattler / Outdura,B,Blue,Blue,Solids,https://frankford.b-cdn.net/fabric_swatches/outdura-canvas-steel-blue-5439.jpg
5441,Solid Island Blue,Sattler / Outdura,B,Blue,Blue,Solids,https://frankford.b-cdn.net/fabric_swatches/islandblue5441.jpg
5442,Solid Royal Navy,Sattler / Outdura,B,Blue,Blue,Solids,https://frankford.b-cdn.net/fabric_swatches/Royal_Navy_5442.jpg
5443,Solid Golden,Sattler / Outdura,B,Yellow,Yellow,Solids,https://frankford.b-cdn.net/fabric_swatches/Golden_5443.jpg
5445,Solid Sandstone,Sattler / Outdura,B,Beige,Beige,Solids,https://frankford.b-cdn.net/fabric_swatches/Sandstone_5445.jpg
5447,Solid Petrol,Sattler / Outdura,B,Blue,Blue,Solids,https://frankford.b-cdn.net/fabric_swatches/PETROL5447.jpg
5456,Solid Wren,Sattler / Outdura,B,Brown,Brown,Solids,https://frankford.b-cdn.net/fabric_swatches/Wren5456.jpg
5457,Solid Zinc,Sattler / Outdura,B,Grey,Grey,Solids,https://frankford.b-cdn.net/fabric_swatches/Zinc5457-1.jpg
5458,Solid Clover,Sattler / Outdura,B,Green,Green,Solids,https://frankford.b-cdn.net/fabric_swatches/5458clover.jpg
5459,Solid Stucco,Sattler / Outdura,B,Brown,Brown,Solids,https://frankford.b-cdn.net/fabric_swatches/Stucco5459.jpg
6615,Storm Snow,Sattler / Outdura,B,White,White,Textures,https://frankford.b-cdn.net/fabric_swatches/outdura_storm_storm-snow_6615.jpg
6616,Storm Crème,Sattler / Outdura,B,White,White,Textures,https://frankford.b-cdn.net/fabric_swatches/outdura_storm_storm-creme_6616.jpg
6617,Storm Linen,Sattler / Outdura,B,White,White,Textures,https://frankford.b-cdn.net/fabric_swatches/outdura_storm_storm-linen_6617.jpg
6621,Storm Burnish,Sattler / Outdura,B,Brown,Brown,Textures,https://frankford.b-cdn.net/fabric_swatches/outdura_storm_storm-burnish_6621.jpg
6622,Storm Coco,Sattler / Outdura,B,Brown,Brown,Textures,https://frankford.b-cdn.net/fabric_swatches/outdura_storm_storm-coco_6622.jpg
6623,Storm Smoke,Sattler / Outdura,B,Grey,Grey,Textures,https://frankford.b-cdn.net/fabric_swatches/outdura_storm_storm-smoke_6623.jpg
6624,Storm Steel,Sattler / Outdura,B,Brown,Brown,Textures,https://frankford.b-cdn.net/fabric_swatches/outdura_storm_storm-steel_6624.jpg
6625,Storm Graphite,Sattler / Outdura,B,Grey,Grey,Textures,https://frankford.b-cdn.net/fabric_swatches/outdura_storm_storm-graphite_6625.jpg
6626,Storm Sky,Sattler / Outdura,B,Blue,Blue,Textures,https://frankford.b-cdn.net/fabric_swatches/outdura_storm_storm-sky_6626.jpg
6627,Storm Navy,Sattler / Outdura,B,Blue,Blue,Textures,https://frankford.b-cdn.net/fabric_swatches/outdura_storm_storm-navy_6627.jpg
6628,Storm Tamale,Sattler / Outdura,B,Red,Red,Textures,https://frankford.b-cdn.net/fabric_swatches/outdura_storm_storm-tamale_6628.jpg
6629,Storm Onyx,Sattler / Outdura,B,Black,Black,Textures,https://frankford.b-cdn.net/fabric_swatches/outdura_storm_storm-onyx_6629.jpg
6630,Storm Grass,Sattler / Outdura,B,Green,Green,Textures,https://frankford.b-cdn.net/fabric_swatches/outdura_storm_storm-grass_6630.jpg
6632,Storm Pewter,Sattler / Outdura,B,Beige,Beige,Textures,https://frankford.b-cdn.net/fabric_swatches/outdura_storm_storm-pewter_6632.jpg
7055,Kinzie Aqua,Sattler / Outdura,B,Blue,Blue,Stripes,https://frankford.b-cdn.net/fabric_swatches/outdura_kinzie_kinzie-aqua_7055.jpg
7058,Kinzie Smoke,Sattler / Outdura,B,Grey,Grey,Stripes,https://frankford.b-cdn.net/fabric_swatches/outdura_kinzie_kinzie-smoke_7058.jpg
7059,Kinzie Sailor,Sattler / Outdura,B,Blue,Blue,Stripes,https://frankford.b-cdn.net/fabric_swatches/outdura_kinzie_kinzie-sailor_7059.jpg
7063,Kinzie Wheat,Sattler / Outdura,B,Brown,Brown,Stripes,https://frankford.b-cdn.net/fabric_swatches/outdura_kinzie_kinzie-wheat_7063.jpg
7064,Kinzie Steel,Sattler / Outdura,B,Grey,Grey,Stripes,https://frankford.b-cdn.net/fabric_swatches/outdura_kinzie_kinzie-steel_7064.jpg
7065,Kinzie Coal,Sattler / Outdura,B,Black,Black,Stripes,https://frankford.b-cdn.net/fabric_swatches/outdura_kinzie_kinzie-coal_7065.jpg
7067,Kinzie Chick,Sattler / Outdura,B,Yellow,Yellow,Stripes,https://frankford.b-cdn.net/fabric_swatches/outdura_kinzie_kinzie-chick_7067.jpg
7850,Longitude Beach,Sattler / Outdura,B,Brown,Brown,Stripes,https://frankford.b-cdn.net/fabric_swatches/outdura_longitude_longitude-beach_7850.jpg
7856,Longitude Mica,Sattler / Outdura,B,Grey,Grey,Stripes,https://frankford.b-cdn.net/fabric_swatches/outdura_longitude_longitude-mica_7856.jpg
7857,Longitude Pool,Sattler / Outdura,B,Blue,Blue,Stripes,https://frankford.b-cdn.net/fabric_swatches/outdura_longitude_longitude-pool_7857.jpg
8/615,Mare Tidepool,Tempotest®,B,Green,Green,Solids,https://frankford.b-cdn.net/fabric_swatches/tempotest_foundations_mare-tidepool_8-615.jpg
87/615,Casa Al Denim Blue,Tempotest®,B,Blue,Blue,Solids,https://frankford.b-cdn.net/fabric_swatches/tempotest_foundations_casa-al-denim-blue_87-615.jpg
926/615,Mare Taupe,Tempotest®,B,Beige,Beige,Solids,https://frankford.b-cdn.net/fabric_swatches/tempotest_foundations_mare-taupe_926-615.jpg
94/615,Ciao Lead,Tempotest®,B,Grey,Grey,Solids,https://frankford.b-cdn.net/fabric_swatches/tempotest_foundations_ciao-lead_94-615.jpg
97/615,Ciao Obsidian,Tempotest®,B,Grey,Grey,Solids,https://frankford.b-cdn.net/fabric_swatches/tempotest_foundations_ciao-obsidian_97-615.jpg
D099,White,Recasens / SENS,B,White,White,Solids,https://frankford.b-cdn.net/fabric_swatches/sens_white_D-099.jpg
D100,Beige,Recasens / SENS,B,Beige,Beige,Solids,https://frankford.b-cdn.net/fabric_swatches/sens_beige_D-100.jpg
D102,Forest Green,Recasens / SENS,B,Green,Green,Solids,https://frankford.b-cdn.net/fabric_swatches/sens_forest-green_D-102.jpg
D103,Black,Recasens / SENS,B,Black,Black,Solids,https://frankford.b-cdn.net/fabric_swatches/sens_black_D-103.jpg
D104,Chestnut,Recasens / SENS,B,Orange,Orange,Solids,https://frankford.b-cdn.net/fabric_swatches/sens_chestnut_D-104.jpg
D105,Salmon,Recasens / SENS,B,Pink,Pink,Solids,https://frankford.b-cdn.net/fabric_swatches/sens_salmon_D-105.jpg
D106,Flamingo,Recasens / SENS,B,Orange,Orange,Solids,https://frankford.b-cdn.net/fabric_swatches/sens_flamingo_D-106.jpg
D115,Cream,Recasens / SENS,B,Beige,Beige,Solids,https://frankford.b-cdn.net/fabric_swatches/sens_cream_D-115.jpg
D117,Raw,Recasens / SENS,B,Ivory,Ivory,Solids,https://frankford.b-cdn.net/fabric_swatches/sens_raw_D-117.jpg
D122,Seashell,Recasens / SENS,B,Ivory,Ivory,Solids,https://frankford.b-cdn.net/fabric_swatches/sens_seashell_D-122.jpg
D127,Moonrock,Recasens / SENS,B,Grey,Grey,Solids,https://frankford.b-cdn.net/fabric_swatches/sens_moonrock_D-127.jpg
D139,Heather Beige,Recasens / SENS,B,Beige,Beige,Solids,https://frankford.b-cdn.net/fabric_swatches/sens_heather-beige_D-139.jpg
D143,Hemp Beige,Recasens / SENS,B,Beige,Beige,Solids,https://frankford.b-cdn.net/fabric_swatches/sens_hemp-beige_D-143.jpg
D150,Dark Grey,Recasens / SENS,B,Grey,Grey,Solids,https://frankford.b-cdn.net/fabric_swatches/sens_dark-grey_D-150.jpg
D151,Slate,Recasens / SENS,B,Grey,Grey,Solids,https://frankford.b-cdn.net/fabric_swatches/sens_slate_D-151.jpg
D153,Stone,Recasens / SENS,B,Grey,Grey,Solids,https://frankford.b-cdn.net/fabric_swatches/sens_stone_D-153.jpg
D158,Ochre,Recasens / SENS,B,Gold,Gold,Solids,https://frankford.b-cdn.net/fabric_swatches/sens_ochre_D-158.jpg
D160,Pistachio,Recasens / SENS,B,Green,Green,Solids,https://frankford.b-cdn.net/fabric_swatches/sens_pistachio_D-160.jpg
D161,Grey,Recasens / SENS,B,Grey,Grey,Solids,https://frankford.b-cdn.net/fabric_swatches/sens_grey_D-161.jpg
D163,Green,Recasens / SENS,B,Green,Green,Solids,https://frankford.b-cdn.net/fabric_swatches/sens_green_D-163.jpg
D164,Charcoal Grey,Recasens / SENS,B,Grey,Grey,Solids,https://frankford.b-cdn.net/fabric_swatches/sens_charcoal-grey_D-164.jpg
D165,Mauve,Recasens / SENS,B,Purple,Purple,Solids,https://frankford.b-cdn.net/fabric_swatches/sens_mauve_D-165.jpg
D171,Turquoise,Recasens / SENS,B,Turquoise,Turquoise,Solids,https://frankford.b-cdn.net/fabric_swatches/sens_turquoise_D-171.jpg
D172,Blue,Recasens / SENS,B,Blue,Blue,Solids,https://frankford.b-cdn.net/fabric_swatches/sens_blue_D-172.jpg
D173,Dark Blue,Recasens / SENS,B,Blue,Blue,Solids,https://frankford.b-cdn.net/fabric_swatches/sens_dark-blue_D-173.jpg
D174,Navy Blue,Recasens / SENS,B,Blue,Blue,Solids,https://frankford.b-cdn.net/fabric_swatches/sens_navy-blue_D-174.jpg
D176,Red,Recasens / SENS,B,Red,Red,Solids,https://frankford.b-cdn.net/fabric_swatches/sens_red_D-176.jpg
D177,Burgundy,Recasens / SENS,B,Red,Red,Solids,https://frankford.b-cdn.net/fabric_swatches/sens_burgundy_D-177.jpg
D182,Vermillion,Recasens / SENS,B,Red,Red,Solids,https://frankford.b-cdn.net/fabric_swatches/sens_vermillion_D-182.jpg
D187,Jade,Recasens / SENS,B,Green,Green,Solids,https://frankford.b-cdn.net/fabric_swatches/sens_jade_D-187.jpg
D193,Light Blue,Recasens / SENS,B,Blue,Blue,Solids,https://frankford.b-cdn.net/fabric_swatches/sens_light-blue_D-193.jpg
D196,Titanium,Recasens / SENS,B,Grey,Grey,Solids,https://frankford.b-cdn.net/fabric_swatches/sens_titanium_D-196.jpg
D197,Tweed Lead,Recasens / SENS,B,Grey,Grey,Solids,https://frankford.b-cdn.net/fabric_swatches/sens_tweed-lead_D-197.jpg
D201,Hickory,Recasens / SENS,B,Brown,Brown,Solids,https://frankford.b-cdn.net/fabric_swatches/sens_hickory_D-201.jpg
D202,Ocean,Recasens / SENS,B,Blue,Blue,Solids,https://frankford.b-cdn.net/fabric_swatches/sens_ocean_D-202.jpg
D203,Saddle,Recasens / SENS,B,Beige,Beige,Solids,https://frankford.b-cdn.net/fabric_swatches/sens_saddle_D-203.jpg
D204,Russet,Recasens / SENS,B,Brown,Brown,Solids,https://frankford.b-cdn.net/fabric_swatches/sens_russet_D-204.jpg
D205,Aluminum,Recasens / SENS,B,Grey,Grey,Solids,https://frankford.b-cdn.net/fabric_swatches/sens_aluminum_D-205.jpg
D219,Thunder,Recasens / SENS,B,Blue,Blue,Solids,https://frankford.b-cdn.net/fabric_swatches/sens_thunder_D-219.jpg
D220,Argent,Recasens / SENS,B,Beige,Beige,Solids,https://frankford.b-cdn.net/fabric_swatches/sens_argent_D-220.jpg
D228,Pewter,Recasens / SENS,B,Green,Green,Solids,https://frankford.b-cdn.net/fabric_swatches/sens_pewter_D-228.jpg
D230,Sage,Recasens / SENS,B,Green,Green,Solids,https://frankford.b-cdn.net/fabric_swatches/sens_sage_D-230.jpg
D236,Jeans,Recasens / SENS,B,Blue,Blue,Solids,https://frankford.b-cdn.net/fabric_swatches/sens_jeans_D-236.jpg
D244,Dun,Recasens / SENS,B,Brown,Brown,Solids,https://frankford.b-cdn.net/fabric_swatches/sens_dun_D-244.jpg
D327,Natural,Recasens / SENS,B,Ivory,Ivory,Solids,https://frankford.b-cdn.net/fabric_swatches/sens_natural_D-327.jpg
D554,Yellow,Recasens / SENS,B,Yellow,Yellow,Solids,https://frankford.b-cdn.net/fabric_swatches/sens_yellow_D-554.jpg
D567,Orange,Recasens / SENS,B,Orange,Orange,Solids,https://frankford.b-cdn.net/fabric_swatches/sens_orange_D-567.jpg
D774,Tweed Smoke,Recasens / SENS,B,Grey,Grey,Tweeds,https://frankford.b-cdn.net/fabric_swatches/sens_tweed-smoke_D-774.jpg
D777,Tweed Cherry,Recasens / SENS,B,Red,Red,Tweeds,https://frankford.b-cdn.net/fabric_swatches/sens_tweed-cherry_D-777.jpg
D778,Tweed Mandarin,Recasens / SENS,B,Orange,Orange,Tweeds,https://frankford.b-cdn.net/fabric_swatches/sens_tweed-mandarin_D-778.jpg
D779,Tweed Beige,Recasens / SENS,B,Beige,Beige,Tweeds,https://frankford.b-cdn.net/fabric_swatches/sens_tweed-beige_D-779.jpg
D783,Tweed Sand,Recasens / SENS,B,Beige,Beige,Tweeds,https://frankford.b-cdn.net/fabric_swatches/sens_tweed-sand_D-783.jpg
D784,Tweed Navy Blue,Recasens / SENS,B,Blue,Blue,Tweeds,https://frankford.b-cdn.net/fabric_swatches/sens_tweed-navy-blue_D-784.jpg
D787,Tweed Ebony,Recasens / SENS,B,Grey,Grey,Tweeds,https://frankford.b-cdn.net/fabric_swatches/sens_tweed-ebony_D-787.jpg
D788,Tweed Lagoon,Recasens / SENS,B,Blue,Blue,Tweeds,https://frankford.b-cdn.net/fabric_swatches/sens_tweed-lagoon_D-788.jpg
D812,Belize Inca,Recasens / SENS,B,Beige,Beige,Stripes,https://frankford.b-cdn.net/fabric_swatches/sens_belize-inca_D-812.jpg
D901,Belize Urban,Recasens / SENS,B,Black,Black | Grey | Beige,Stripes,https://frankford.b-cdn.net/fabric_swatches/sens_belize-urban_D-901.jpg
D902,Belize Sea,Recasens / SENS,B,Green,Green | Grey | Beige,Stripes,https://frankford.b-cdn.net/fabric_swatches/sens_belize-sea_D-902.jpg
D903,Belize Life,Recasens / SENS,B,Red,Red | Orange | Blue,Stripes,https://frankford.b-cdn.net/fabric_swatches/sens_belize-life_D-903.jpg
D904,Belize Sand,Recasens / SENS,B,Beige,Beige | Ivory,Stripes,https://frankford.b-cdn.net/fabric_swatches/sens_belize-sand_D-904.jpg
1510,Fenway Coal,Sattler / Outdura,C,Grey,Grey | Red,Stripes,https://frankford.b-cdn.net/fabric_swatches/outdura_fenway_fenway-coal_1510.jpg
1513,Fenway Flannel,Sattler / Outdura,C,Grey,Grey | Blue,Stripes,https://frankford.b-cdn.net/fabric_swatches/outdura_fenway_fenway-flannel_1513.jpg
1900,Scoop Seamist,Sattler / Outdura,C,Green,Green,Solids,https://frankford.b-cdn.net/fabric_swatches/outdura_scoop_scoop-seamist_1900.jpg
1901,Scoop Birch,Sattler / Outdura,C,Beige,Beige,Solids,https://frankford.b-cdn.net/fabric_swatches/outdura_scoop_scoop-birch_1901.jpg
1903,Scoop Jute,Sattler / Outdura,C,Brown,Brown,Solids,https://frankford.b-cdn.net/fabric_swatches/outdura_scoop_scoop-jute_1903.jpg
1904,Scoop Timber,Sattler / Outdura,C,Brown,Brown,Solids,https://frankford.b-cdn.net/fabric_swatches/outdura_scoop_scoop-timber_1904.jpg
1905,Scoop Aqua,Sattler / Outdura,C,Blue,Blue,Solids,https://frankford.b-cdn.net/fabric_swatches/outdura_scoop_scoop-aqua_1905.jpg
1911,Scoop Chili,Sattler / Outdura,C,Orange,Orange,Solids,https://frankford.b-cdn.net/fabric_swatches/outdura_scoop_scoop-chili_1911.jpg
1917,Scoop Sailor,Sattler / Outdura,C,Blue,Blue,Solids,https://frankford.b-cdn.net/fabric_swatches/outdura_scoop_scoop-sailor_1917.jpg
1919,Scoop Brick,Sattler / Outdura,C,Red,Red,Solids,https://frankford.b-cdn.net/fabric_swatches/outdura_scoop_scoop-brick_1919.jpg
1923,Scoop Dove,Sattler / Outdura,C,Grey,Grey,Solids,https://frankford.b-cdn.net/fabric_swatches/outdura_scoop_scoop-dove_1923.jpg
1929,Scoop Peacock,Sattler / Outdura,C,Blue,Blue,Solids,https://frankford.b-cdn.net/fabric_swatches/outdura_scoop_scoop-peacock_1929.jpg
2025,Marisol Baltic,Sattler / Outdura,C,Blue,Blue,Stripes,https://frankford.b-cdn.net/fabric_swatches/outdura_marisol_marisol-baltic_2025.jpg
314001,Elements Solid 3 China Red,Sattler / Outdura,C,Red,Red,Solids,https://frankford.b-cdn.net/fabric_swatches/outdura_elements-solids-group-3-premium_elements-solid-3-china-red_314001.jpg
314003,Elements Solid 3 Dandelion,Sattler / Outdura,C,Yellow,Yellow,Solids,https://frankford.b-cdn.net/fabric_swatches/outdura_elements-solids-group-3-premium_elements-solid-3-dandelion_314003.jpg
314005,Elements Solid 3 Tangerine,Sattler / Outdura,C,Orange,Orange,Solids,https://frankford.b-cdn.net/fabric_swatches/outdura_elements-solids-group-3-premium_elements-solid-3-tangerine_314005.jpg
314404,Elements Solid 3 Scarlet,Sattler / Outdura,C,Red,Red,Solids,https://frankford.b-cdn.net/fabric_swatches/outdura_elements-solids-group-3-premium_elements-solid-3-scarlet_314404.jpg
314525,Elements Solid 3 Space,Sattler / Outdura,C,Blue,Blue,Solids,https://frankford.b-cdn.net/fabric_swatches/outdura_elements-solids-group-3-premium_elements-solid-3-space_314525.jpg
314621,Elements Solid 3 Seagrass,Sattler / Outdura,C,Green,Green,Solids,https://frankford.b-cdn.net/fabric_swatches/outdura_elements-solids-group-3-premium_elements-solid-3-seagrass_314621.jpg
314703,Elements Solid 3 Fawn,Sattler / Outdura,C,Beige,Beige,Solids,https://frankford.b-cdn.net/fabric_swatches/outdura_elements-solids-group-3-premium_elements-solid-3-fawn_314703.jpg
314718,Elements Solid 3 Ecru,Sattler / Outdura,C,Beige,Beige,Solids,https://frankford.b-cdn.net/fabric_swatches/outdura_elements-solids-group-3-premium_elements-solid-3-ecru_314718.jpg
314721,Elements Solid 3 Linen,Sattler / Outdura,C,Beige,Beige,Solids,https://frankford.b-cdn.net/fabric_swatches/outdura_elements-solids-group-3-premium_elements-solid-3-linen_314721.jpg
314763,Elements Solid 3 Burgundy,Sattler / Outdura,C,Red,Red,Solids,https://frankford.b-cdn.net/fabric_swatches/outdura_elements-solids-group-3-premium_elements-solid-3-burgundy_314763.jpg
3805,Tradewinds Nautical,Sattler / Outdura,C,Blue,Blue,Stripes,https://frankford.b-cdn.net/fabric_swatches/outdura_tradewinds_tradewinds-nautical_3805.jpg
3806,Tradewinds Laguna,Sattler / Outdura,C,Green,Green,Stripes,https://frankford.b-cdn.net/fabric_swatches/outdura_tradewinds_tradewinds-laguna_3806.jpg
3812,Tradewinds Mystic Blue,Sattler / Outdura,C,Blue,Blue,Stripes,https://frankford.b-cdn.net/fabric_swatches/outdura_tradewinds_tradewinds-mystic-blue_3812.jpg
3814,Tradewinds Garden,Sattler / Outdura,C,Pink,Pink,Stripes,https://frankford.b-cdn.net/fabric_swatches/outdura_tradewinds_tradewinds-garden_3814.jpg
3815,Tradewinds Brass,Sattler / Outdura,C,Brown,Brown,Stripes,https://frankford.b-cdn.net/fabric_swatches/outdura_tradewinds_tradewinds-brass_3815.jpg
3816,Sail Away Sailor,Sattler / Outdura,C,Blue,Blue,Stripes,https://frankford.b-cdn.net/fabric_swatches/outdura_sail-away_sail-away-sailor_3816.jpg
3817,Sail Away Summer,Sattler / Outdura,C,Blue,Blue,Stripes,https://frankford.b-cdn.net/fabric_swatches/outdura_sail-away_sail-away-summer_3817.jpg
3818,Sail Away Aqua,Sattler / Outdura,C,Blue,Blue,Stripes,https://frankford.b-cdn.net/fabric_swatches/outdura_sail-away_sail-away-aqua_3818.jpg
3819,Sail Away Hunter,Sattler / Outdura,C,Green,Green,Stripes,https://frankford.b-cdn.net/fabric_swatches/outdura_sail-away_sail-away-hunter_3819.jpg
3820,Sail Away Tamale,Sattler / Outdura,C,Red,Red,Stripes,https://frankford.b-cdn.net/fabric_swatches/outdura_sail-away_sail-away-tamale_3820.jpg
3821,Sail Away Coco,Sattler / Outdura,C,Brown,Brown,Stripes,https://frankford.b-cdn.net/fabric_swatches/outdura_sail-away_sail-away-coco_3821.jpg
3822,Sail Away Earth,Sattler / Outdura,C,Brown,Brown,Stripes,https://frankford.b-cdn.net/fabric_swatches/outdura_sail-away_sail-away-earth_3822.jpg
520,Memo Oats,Sattler / Outdura,C,Beige,Beige,Textures,https://frankford.b-cdn.net/fabric_swatches/outdura_memo_memo-oats_520.jpg
521,Memo Flax,Sattler / Outdura,C,Beige,Beige,Textures,https://frankford.b-cdn.net/fabric_swatches/outdura_memo_memo-flax_521.jpg
522,Memo Hemp,Sattler / Outdura,C,Beige,Beige,Textures,https://frankford.b-cdn.net/fabric_swatches/outdura_memo_memo-hemp_522.jpg
523,Memo Coral,Sattler / Outdura,C,Pink,Pink,Textures,https://frankford.b-cdn.net/fabric_swatches/outdura_memo_memo-coral_523.jpg
525,Memo Bone,Sattler / Outdura,C,White,White,Textures,https://frankford.b-cdn.net/fabric_swatches/outdura_memo_memo-bone_525.jpg
526,Memo Charcoal,Sattler / Outdura,C,Grey,Grey,Textures,https://frankford.b-cdn.net/fabric_swatches/outdura_memo_memo-charcoal_526.jpg
527,Memo Barley,Sattler / Outdura,C,Brown,Brown,Textures,https://frankford.b-cdn.net/fabric_swatches/outdura_memo_memo-barley_527.jpg
529,Memo Chalk,Sattler / Outdura,C,Beige,Beige,Textures,https://frankford.b-cdn.net/fabric_swatches/outdura_memo_memo-chalk_529.jpg
531,Memo Bark,Sattler / Outdura,C,Brown,Brown,Textures,https://frankford.b-cdn.net/fabric_swatches/outdura_memo_memo-bark_531.jpg
5404,Solid Burgundy,Sattler / Outdura,C,Red,Red,Solids,https://frankford.b-cdn.net/fabric_swatches/burgundy.jpg
5414,Solid Dandelion,Sattler / Outdura,C,Yellow,Yellow,Solids,https://frankford.b-cdn.net/fabric_swatches/Dandelion_5414.jpg
5425,Solid Spa,Sattler / Outdura,C,Green,Green,Solids,https://frankford.b-cdn.net/fabric_swatches/outdura_solid_solid-spa_5425.jpg
5429,Solid Paprika,Sattler / Outdura,C,Red,Red,Solids,https://frankford.b-cdn.net/fabric_swatches/outdura_solid_solid-paprika_5429.jpg
5437,Solid Pottery,Sattler / Outdura,C,Orange,Orange,Solids,https://frankford.b-cdn.net/fabric_swatches/Pottery_5437.jpg
5451,Solid Crimson,Sattler / Outdura,C,Red,Red,Solids,https://frankford.b-cdn.net/fabric_swatches/5451.jpg
5455,Solid Cherry Red,Sattler / Outdura,C,Red,Red,Solids,https://frankford.b-cdn.net/fabric_swatches/outdura_solid_solid-cherry-red_5455.jpg
5461,Solid Flamingo,Sattler / Outdura,C,Pink,Pink,Solids,https://frankford.b-cdn.net/fabric_swatches/outdura_solid_solid-flamingo_5461.jpg
5462,Solid Seaglass,Sattler / Outdura,C,Green,Green,Solids,https://frankford.b-cdn.net/fabric_swatches/outdura_solid_solid-seaglass_5462.jpg
5463,Solid Reseda,Sattler / Outdura,C,Green,Green,Solids,https://frankford.b-cdn.net/fabric_swatches/outdura_solid_solid-reseda_5463.jpg
5465,Solid Cranberry,Sattler / Outdura,C,Red,Red,Solids,https://frankford.b-cdn.net/fabric_swatches/outdura_solid_solid-cranberry_5465.jpg
6001,60,Sattler / Outdura,C,Green,Green,Solids,https://frankford.b-cdn.net/fabric_swatches/outdura_60-solids-standard-colors_60-solid-forest-green_6001.jpg
6002,60,Sattler / Outdura,C,Blue,Blue,Solids,https://frankford.b-cdn.net/fabric_swatches/outdura_60-solids-standard-colors_60-solid-pacific-blue_6002.jpg
6003,60,Sattler / Outdura,C,Blue,Blue,Solids,https://frankford.b-cdn.net/fabric_swatches/outdura_60-solids-standard-colors_60-solid-captains-navy_6003.jpg
6004,60,Sattler / Outdura,C,Red,Red,Solids,https://frankford.b-cdn.net/fabric_swatches/outdura_60-solids-premium-colors_60-solid-burgundy_6004.jpg
6005,60,Sattler / Outdura,C,Black,Black,Solids,https://frankford.b-cdn.net/fabric_swatches/outdura_60-solids-standard-colors_60-solid-black_6005.jpg
6006,60,Sattler / Outdura,C,Beige,Beige,Solids,https://frankford.b-cdn.net/fabric_swatches/outdura_60-solids-standard-colors_60-solid-antique-beige_6006.jpg
6007,60,Sattler / Outdura,C,Blue,Blue,Solids,https://frankford.b-cdn.net/fabric_swatches/outdura_60-solids-standard-colors_60-solid-aquamarine_6007.jpg
6008,60,Sattler / Outdura,C,Grey,Grey,Solids,https://frankford.b-cdn.net/fabric_swatches/outdura_60-solids-standard-colors_60-solid-cadet-grey_6008.jpg
6009,60,Sattler / Outdura,C,White,White,Solids,https://frankford.b-cdn.net/fabric_swatches/outdura_60-solids-standard-colors_60-solid-natural-white_6009.jpg
6014,60,Sattler / Outdura,C,Blue,Blue,Solids,https://frankford.b-cdn.net/fabric_swatches/6014.jpg
6020,60,Sattler / Outdura,C,Beige,Beige,Solids,https://frankford.b-cdn.net/fabric_swatches/outdura_60-solids-standard-colors_60-solid-khaki_6020.jpg
6022,60,Sattler / Outdura,C,Blue,Blue,Solids,https://frankford.b-cdn.net/fabric_swatches/outdura_60-solids-standard-colors_60-solid-royal-navy_6022.jpg
6023,60,Sattler / Outdura,C,Yellow,Yellow,Solids,https://frankford.b-cdn.net/fabric_swatches/outdura_60-solids-premium-colors_60-solid-dandelion_6023.jpg
6025,60,Sattler / Outdura,C,Beige,Beige,Solids,https://frankford.b-cdn.net/fabric_swatches/outdura_60-solids-standard-colors_60-solid-linen_6025.jpg
6026,60,Sattler / Outdura,C,Beige,Beige,Solids,https://frankford.b-cdn.net/fabric_swatches/outdura_60-solids-standard-colors_60-solid-taupe_6026.jpg
6032,60,Sattler / Outdura,C,Beige,Beige,Solids,https://frankford.b-cdn.net/fabric_swatches/6032.jpg
6034,60,Sattler / Outdura,C,Beige,Beige,Solids,https://frankford.b-cdn.net/fabric_swatches/outdura_60-solids-standard-colors_60-solid-sand_6034.jpg
6035,60,Sattler / Outdura,C,Red,Red,Solids,https://frankford.b-cdn.net/fabric_swatches/outdura_60-solids-standard-colors_60-solid-terra-cotta_6035.jpg
6039,60,Sattler / Outdura,C,Blue,Blue,Solids,https://frankford.b-cdn.net/fabric_swatches/outdura_60-solids-standard-colors_60-solid-steel-blue_6039.jpg
6041,60,Sattler / Outdura,C,Blue,Blue,Solids,https://frankford.b-cdn.net/fabric_swatches/outdura_60-solids-standard-colors_60-solid-classic-royal_6041.jpg
6045,60,Sattler / Outdura,C,Pink,Pink,Solids,https://frankford.b-cdn.net/fabric_swatches/6045.jpg
6049,60,Sattler / Outdura,C,Red,Red,Solids,https://frankford.b-cdn.net/fabric_swatches/outdura_60-solids-premium-colors_60-solid-pottery_6049.jpg
6050,60,Sattler / Outdura,C,Brown,Brown,Solids,https://frankford.b-cdn.net/fabric_swatches/outdura_60-solids-standard-colors_60-solid-stone_6050.jpg
6051,60,Sattler / Outdura,C,Blue,Blue,Solids,https://frankford.b-cdn.net/fabric_swatches/outdura_60-solids-standard-colors_60-solid-island-blue_6051.jpg
6056,60,Sattler / Outdura,C,Brown,Brown,Solids,https://frankford.b-cdn.net/fabric_swatches/outdura_60-solids-standard-colors_60-solid-kona_6056.jpg
6061,60,Sattler / Outdura,C,Grey,Grey,Solids,https://frankford.b-cdn.net/fabric_swatches/6061.jpg
6064,60,Sattler / Outdura,C,Blue,Blue,Solids,https://frankford.b-cdn.net/fabric_swatches/6064.jpg
6065,60,Sattler / Outdura,C,Green,Green,Solids,https://frankford.b-cdn.net/fabric_swatches/6065.jpg
6072,60,Sattler / Outdura,C,Blue,Blue,Solids,https://frankford.b-cdn.net/fabric_swatches/6072.jpg
6074,60,Sattler / Outdura,C,Blue,Blue,Solids,https://frankford.b-cdn.net/fabric_swatches/6074.jpg
6075,60,Sattler / Outdura,C,Red,Red,Solids,https://frankford.b-cdn.net/fabric_swatches/outdura_60-solids-premium-colors_60-solid-cranberry-red_6075.jpg
6076,60,Sattler / Outdura,C,Grey,Grey,Solids,https://frankford.b-cdn.net/fabric_swatches/outdura_60-solids-standard-colors_60-solid-graphite_6076.jpg
6077,60,Sattler / Outdura,C,Blue,Blue,Solids,https://frankford.b-cdn.net/fabric_swatches/outdura_60-solids-standard-colors_60-solid-flash-blue_6077.jpg
6078,60,Sattler / Outdura,C,Red,Red,Solids,https://frankford.b-cdn.net/fabric_swatches/outdura_60-solids-premium-colors_60-solid-cherry-red_6078.jpg
7054,Kinzie Grass,Sattler / Outdura,C,Green,Green,Stripes,https://frankford.b-cdn.net/fabric_swatches/outdura_kinzie_kinzie-grass_7054.jpg
7056,Kinzie Tamale,Sattler / Outdura,C,Red,Red,Stripes,https://frankford.b-cdn.net/fabric_swatches/outdura_kinzie_kinzie-tamale_7056.jpg
7057,Kinzie Coco,Sattler / Outdura,C,Brown,Brown,Stripes,https://frankford.b-cdn.net/fabric_swatches/outdura_kinzie_kinzie-coco_7057.jpg
7060,Kinzie Basil,Sattler / Outdura,C,Green,Green,Stripes,https://frankford.b-cdn.net/fabric_swatches/outdura_kinzie_kinzie-basil_7060.jpg
7061,Kinzie River,Sattler / Outdura,C,Blue,Blue,Stripes,https://frankford.b-cdn.net/fabric_swatches/outdura_kinzie_kinzie-river_7061.jpg
7062,Kinzie Stone,Sattler / Outdura,C,Brown,Brown,Stripes,https://frankford.b-cdn.net/fabric_swatches/outdura_kinzie_kinzie-stone_7062.jpg
7066,Kinzie Rose,Sattler / Outdura,C,Pink,Pink,Stripes,https://frankford.b-cdn.net/fabric_swatches/outdura_kinzie_kinzie-rose_7066.jpg
7069,Kinzie Hunter,Sattler / Outdura,C,Green,Green,Stripes,https://frankford.b-cdn.net/fabric_swatches/outdura_kinzie_kinzie-hunter_7069.jpg
839,Soulmate Charcoal,Sattler / Outdura,C,Brown,Brown,Stripes,https://frankford.b-cdn.net/fabric_swatches/outdura_soulmate_soulmate-charcoal_839.jpg
8825,Static Crème,Sattler / Outdura,C,White,White,Geometrics,https://frankford.b-cdn.net/fabric_swatches/outdura_static_static-creme_8825.jpg
8826,Static Icing,Sattler / Outdura,C,White,White,Geometrics,https://frankford.b-cdn.net/fabric_swatches/outdura_static_static-icing_8826.jpg
8827,Static Frost,Sattler / Outdura,C,Beige,Beige,Geometrics,https://frankford.b-cdn.net/fabric_swatches/outdura_static_static-frost_8827.jpg
8828,Static Sesame,Sattler / Outdura,C,Grey,Grey,Geometrics,https://frankford.b-cdn.net/fabric_swatches/outdura_static_static-sesame_8828.jpg
8829,Static Pebble,Sattler / Outdura,C,Grey,Grey,Geometrics,https://frankford.b-cdn.net/fabric_swatches/outdura_static_static-pebble_8829.jpg
8830,Static Cashew,Sattler / Outdura,C,Brown,Brown,Geometrics,https://frankford.b-cdn.net/fabric_swatches/outdura_static_static-cashew_8830.jpg
8832,Static Sky,Sattler / Outdura,C,Blue,Blue,Geometrics,https://frankford.b-cdn.net/fabric_swatches/outdura_static_static-sky_8832.jpg
8833,Static Sailor,Sattler / Outdura,C,Blue,Blue,Geometrics,https://frankford.b-cdn.net/fabric_swatches/outdura_static_static-sailor_8833.jpg
8836,Static Coal,Sattler / Outdura,C,Black,Black,Geometrics,https://frankford.b-cdn.net/fabric_swatches/outdura_static_static-coal_8836.jpg
8837,Static Coco,Sattler / Outdura,C,Brown,Brown,Geometrics,https://frankford.b-cdn.net/fabric_swatches/outdura_static_static-coco_8837.jpg
8838,Static Basil,Sattler / Outdura,C,Green,Green,Geometrics,https://frankford.b-cdn.net/fabric_swatches/outdura_static_static-basil_8838.jpg
8840,Static Snow,Sattler / Outdura,C,White,White,Textures,https://frankford.b-cdn.net/fabric_swatches/outdura_static_static-snow_8840.jpg
8841,Static Sand,Sattler / Outdura,C,Beige,Beige,Geometrics,https://frankford.b-cdn.net/fabric_swatches/outdura_static_static-sand_8841.jpg
9225,Reflections Snow,Sattler / Outdura,C,White,White,Textures,https://frankford.b-cdn.net/fabric_swatches/outdura_reflections_reflections-snow_9225.jpg
9226,Reflections Crème,Sattler / Outdura,C,White,White,Textures,https://frankford.b-cdn.net/fabric_swatches/outdura_reflections_reflections-creme_9226.jpg
9227,Reflections Linen,Sattler / Outdura,C,Beige,Beige,Textures,https://frankford.b-cdn.net/fabric_swatches/outdura_reflections_reflections-linen_9227.jpg
9228,Reflections Burlap,Sattler / Outdura,C,Brown,Brown,Textures,https://frankford.b-cdn.net/fabric_swatches/outdura_reflections_reflections-burlap_9228.jpg
9229,Reflections Straw,Sattler / Outdura,C,Brown,Brown,Textures,https://frankford.b-cdn.net/fabric_swatches/outdura_reflections_reflections-straw_9229.jpg
9230,Reflections Walnut,Sattler / Outdura,C,Brown,Brown,Textures,https://frankford.b-cdn.net/fabric_swatches/outdura_reflections_reflections-walnut_9230.jpg
9231,Reflections Sand,Sattler / Outdura,C,Beige,Beige,Textures,https://frankford.b-cdn.net/fabric_swatches/outdura_reflections_reflections-sand_9231.jpg
9232,Reflections Smoke,Sattler / Outdura,C,Grey,Grey,Textures,https://frankford.b-cdn.net/fabric_swatches/outdura_reflections_reflections-smoke_9232.jpg
9234,Reflections Lagoon,Sattler / Outdura,C,Blue,Blue,Textures,https://frankford.b-cdn.net/fabric_swatches/outdura_reflections_reflections-lagoon_9234.jpg
9236,Reflections Basil,Sattler / Outdura,C,Green,Green,Textures,https://frankford.b-cdn.net/fabric_swatches/outdura_reflections_reflections-basil_9236.jpg
9237,Reflections Steel,Sattler / Outdura,C,Grey,Grey,Textures,https://frankford.b-cdn.net/fabric_swatches/outdura_reflections_reflections-steel_9237.jpg
9238,Reflections Neptune,Sattler / Outdura,C,Blue,Blue,Textures,https://frankford.b-cdn.net/fabric_swatches/outdura_reflections_reflections-neptune_9238.jpg
9239,Reflections Midnight,Sattler / Outdura,C,Blue,Blue,Textures,https://frankford.b-cdn.net/fabric_swatches/outdura_reflections_reflections-midnight_9239.jpg
9241,Reflections Ruby,Sattler / Outdura,C,Red,Red,Textures,https://frankford.b-cdn.net/fabric_swatches/outdura_reflections_reflections-ruby_9241.jpg
9242,Reflections Whiskey,Sattler / Outdura,C,Brown,Brown,Textures,https://frankford.b-cdn.net/fabric_swatches/outdura_reflections_reflections-whiskey_9242.jpg
9243,Reflections Onyx,Sattler / Outdura,C,Black,Black,Textures,https://frankford.b-cdn.net/fabric_swatches/outdura_reflections_reflections-onyx_9243.jpg
9610,Big Sur 60,Sattler / Outdura,C,Black,Black,Stripes,https://frankford.b-cdn.net/fabric_swatches/9610.jpg
9611,Big Sur 60,Sattler / Outdura,C,Green,Green,Stripes,https://frankford.b-cdn.net/fabric_swatches/9611.jpg
9612,Big Sur 60,Sattler / Outdura,C,Blue,Blue,Stripes,https://frankford.b-cdn.net/fabric_swatches/9612.jpg
9613,Big Sur 60,Sattler / Outdura,C,Red,Red,Stripes,https://frankford.b-cdn.net/fabric_swatches/9613.jpg
9614,Big Sur 60,Sattler / Outdura,C,Yellow,Yellow,Stripes,https://frankford.b-cdn.net/fabric_swatches/9614.jpg
9615,Big Sur 60,Sattler / Outdura,C,Blue,Blue,Stripes,https://frankford.b-cdn.net/fabric_swatches/9615.jpg
9616,Big Sur 60,Sattler / Outdura,C,Grey,Grey,Stripes,https://frankford.b-cdn.net/fabric_swatches/outdura_big-sur-60-stripes_big-sur-60-stripes-downtown-grey_9616.jpg
9617,Big Sur 60,Sattler / Outdura,C,Pink,Pink,Stripes,https://frankford.b-cdn.net/fabric_swatches/outdura_big-sur-60-stripes_big-sur-60-stripes-rose-petal_9617.jpg
D020,Coquette Pearl,Recasens / SENS,C,Grey,Grey | Ivory,Textures,https://frankford.b-cdn.net/fabric_swatches/sens_coquette-pearl_D-020.jpg
D021,Coquette Marlin,Recasens / SENS,C,Blue,Blue | Grey,Textures,https://frankford.b-cdn.net/fabric_swatches/sens_coquette-marlin_D-021.jpg
D022,Coquette Titanium,Recasens / SENS,C,Grey,Grey | Blue,Textures,https://frankford.b-cdn.net/fabric_swatches/sens_coquette-titanium_D-022.jpg
D023,Coquette Storm,Recasens / SENS,C,Blue,Blue | Grey,Textures,https://frankford.b-cdn.net/fabric_swatches/sens_coquette-storm_D-023.jpg
D024,Coquette Ash,Recasens / SENS,C,Grey,Grey | Black,Textures,https://frankford.b-cdn.net/fabric_swatches/sens_coquette-ash_D-024.jpg
D025,Coquette Seashell,Recasens / SENS,C,Ivory,Ivory | White,Textures,https://frankford.b-cdn.net/fabric_swatches/sens_coquette-seashell_D-025.jpg
D026,Coquette Marine,Recasens / SENS,C,Blue,Blue | Grey,Textures,https://frankford.b-cdn.net/fabric_swatches/sens_coquette-marine_D-026.jpg
D027,Coquette Pumpkin,Recasens / SENS,C,Orange,Orange | Ivory,Textures,https://frankford.b-cdn.net/fabric_swatches/sens_coquette-pumpkin_D-027.jpg
D028,Coquette Wheat,Recasens / SENS,C,Beige,Beige | White,Textures,https://frankford.b-cdn.net/fabric_swatches/sens_coquette-wheat_D-028.jpg
D038,Eternal Phoenix,Recasens / SENS,C,Orange,Orange | Beige,Textures,https://frankford.b-cdn.net/fabric_swatches/sens_eternal-phoenix_D-038.jpg
D039,Eternal Meadow,Recasens / SENS,C,Green,Green | Grey,Textures,https://frankford.b-cdn.net/fabric_swatches/sens_eternal-meadow_D-039.jpg
D057,Eternal Vulcano,Recasens / SENS,C,Brown,Brown | Orange,Textures,https://frankford.b-cdn.net/fabric_swatches/sens_eternal-vulcano_D-057.jpg
D068,Eternal River,Recasens / SENS,C,Green,Green | Grey,Textures,https://frankford.b-cdn.net/fabric_swatches/sens_eternal-river_D-068.jpg
D110,Eternal Wood,Recasens / SENS,C,Brown,Brown | Orange,Textures,https://frankford.b-cdn.net/fabric_swatches/sens_eternal-wood_D-110.jpg
D111,Eternal Ice,Recasens / SENS,C,White,White,Textures,https://frankford.b-cdn.net/fabric_swatches/sens_eternal-ice_D-111.jpg
D116,Eternal Oat,Recasens / SENS,C,Beige,Beige,Textures,https://frankford.b-cdn.net/fabric_swatches/sens_eternal-oat_D-116.jpg
D123,Lukla Titanium,Recasens / SENS,C,Grey,Grey,Geometrics,https://frankford.b-cdn.net/fabric_swatches/sens_lukla-titanium_D-123.jpg
D128,Eternal Jungle,Recasens / SENS,C,Green,Green | Grey,Textures,https://frankford.b-cdn.net/fabric_swatches/sens_eternal-jungle_D-128.jpg
D137,Eternal Graphite,Recasens / SENS,C,Grey,White | Grey,Textures,https://frankford.b-cdn.net/fabric_swatches/sens_eternal-graphite_D-137.jpg
D138,Lukla Cadet,Recasens / SENS,C,Grey,Grey | White,Geometrics,https://frankford.b-cdn.net/fabric_swatches/sens_lukla-cadet_D-138.jpg
D243,Eternal Tapenade,Recasens / SENS,C,White,White,Textures,https://frankford.b-cdn.net/fabric_swatches/sens_eternal-tapenade_D-243.jpg
D287,Riva Jade,Recasens / SENS,C,Green,Green | Grey,Textures,https://frankford.b-cdn.net/fabric_swatches/sens_riva-jade_D-287.jpg
T407/305,Ivy Tweed,Tempotest®,C,Green,Green,Textures,https://frankford.b-cdn.net/fabric_swatches/tempotest_awning_ivy-tweed_T407-305.jpg
T407/392,Medit. Tweed,Tempotest®,C,Blue,Blue,Textures,https://frankford.b-cdn.net/fabric_swatches/tempotest_awning_medit-tweed_T407-392.jpg
T407/52,Beige Tweed,Tempotest®,C,Beige,Beige | Brown,Textures,https://frankford.b-cdn.net/fabric_swatches/tempotest_awning_beige-tweed_T407-52.jpg
T407/6,Forest Tweed,Tempotest®,C,Green,Green,Textures,https://frankford.b-cdn.net/fabric_swatches/tempotest_awning_forest-tweed_T407-6.jpg
T407/79,Silver Tweed,Tempotest®,C,Grey,Grey | Black,Textures,https://frankford.b-cdn.net/fabric_swatches/tempotest_awning_silver-tweed_T407-79.jpg
T407/84,Brick Tweed,Tempotest®,C,Red,Red,Textures,https://frankford.b-cdn.net/fabric_swatches/tempotest_awning_brick-tweed_T407-84.jpg
T407/926,Driftwood Tweed,Tempotest®,C,Beige,Beige,Textures,https://frankford.b-cdn.net/fabric_swatches/tempotest_awning_driftwood-tweed_T407-926.jpg
T407/94,Grey Tweed,Tempotest®,C,Grey,Grey,Textures,https://frankford.b-cdn.net/fabric_swatches/tempotest_awning_grey-tweed_T407-94.jpg
T414,Intense Blue,Tempotest®,C,Blue,Blue,Solids,https://frankford.b-cdn.net/fabric_swatches/tempotest_awning_intense-blue_T414.jpg
T416,Pacific Blue,Tempotest®,C,Blue,Blue,Solids,https://frankford.b-cdn.net/fabric_swatches/tempotest_awning_pacific-blue_T416.jpg
T4215/15,Linen,Tempotest®,C,Beige,Beige,Solids,https://frankford.b-cdn.net/fabric_swatches/tempotest_awning_linen_T4215-15.jpg
T426,Brick,Tempotest®,C,Red,Red,Solids,https://frankford.b-cdn.net/fabric_swatches/tempotest_awning_brick_T426.jpg
T5,Forest Green,Tempotest®,C,Green,Green,Solids,https://frankford.b-cdn.net/fabric_swatches/tempotest_awning_forest-green_T5.jpg
T52,Beige,Tempotest®,C,Beige,Beige,Solids,https://frankford.b-cdn.net/fabric_swatches/tempotest_awning_beige_T52.jpg
T5422/11,Sea Variante,Tempotest®,C,Blue,Blue,Textures,https://frankford.b-cdn.net/fabric_swatches/tempotest_awning_sea-variante_T5422-11.jpg
T5422/12,Grass Variante,Tempotest®,C,Green,Green,Textures,https://frankford.b-cdn.net/fabric_swatches/tempotest_awning_grass-variante_T5422-12.jpg
T5422/2,Clay Variante,Tempotest®,C,Red,Red,Textures,https://frankford.b-cdn.net/fabric_swatches/tempotest_awning_clay-variante_T5422-2.jpg
T5422/4,Sand Variante,Tempotest®,C,Beige,Beige,Textures,https://frankford.b-cdn.net/fabric_swatches/tempotest_awning_sand-variante_T5422-4.jpg
T5422/5,Moon Variante,Tempotest®,C,Grey,Grey | White,Textures,https://frankford.b-cdn.net/fabric_swatches/tempotest_awning_moon-variante_T5422-5.jpg
T5422/8,Fog Variante,Tempotest®,C,Beige,Beige,Textures,https://frankford.b-cdn.net/fabric_swatches/tempotest_awning_fog-variante_T5422-8.jpg
T55,Bright Orange,Tempotest®,C,Orange,Orange,Solids,https://frankford.b-cdn.net/fabric_swatches/tempotest_awning_bright-orange_T55.jpg
T56,Paris Red,Tempotest®,C,Red,Red,Solids,https://frankford.b-cdn.net/fabric_swatches/tempotest_awning_paris-red_T56.jpg
T57,Coffee,Tempotest®,C,Beige,Beige,Solids,https://frankford.b-cdn.net/fabric_swatches/tempotest_awning_coffee_T57.jpg
T57/1,Sequoia,Tempotest®,C,Brown,Brown,Solids,https://frankford.b-cdn.net/fabric_swatches/tempotest_awning_sequoia_T57-1.jpg
T57/54,Henna,Tempotest®,C,Brown,Brown,Solids,https://frankford.b-cdn.net/fabric_swatches/tempotest_awning_henna_T57-54.jpg
T58/15,Camel,Tempotest®,C,Beige,Beige,Solids,https://frankford.b-cdn.net/fabric_swatches/tempotest_awning_camel_T58-15.jpg
T684/12,Sunshine,Tempotest®,C,Yellow,Yellow,Solids,https://frankford.b-cdn.net/fabric_swatches/tempotest_awning_sunshine_T684-12.jpg
T7,Olive,Tempotest®,C,Green,Green,Solids,https://frankford.b-cdn.net/fabric_swatches/tempotest_awning_olive_T7.jpg
T7/14,Chive,Tempotest®,C,Green,Green,Solids,https://frankford.b-cdn.net/fabric_swatches/tempotest_awning_chive_T7-14.jpg
T71/15,Spa,Tempotest®,C,Blue,Blue,Solids,https://frankford.b-cdn.net/fabric_swatches/tempotest_awning_spa_T71-15.jpg
T72,Orange,Tempotest®,C,Orange,Orange,Solids,https://frankford.b-cdn.net/fabric_swatches/tempotest_awning_orange_T72.jpg
T727/15,Pebble,Tempotest®,C,Grey,Grey,Solids,https://frankford.b-cdn.net/fabric_swatches/tempotest_awning_pebble_T727-15.jpg
T727/71,Metal,Tempotest®,C,Grey,Grey,Solids,https://frankford.b-cdn.net/fabric_swatches/tempotest_awning_metal_T727-71.jpg
T73,Burgundy,Tempotest®,C,Red,Red,Solids,https://frankford.b-cdn.net/fabric_swatches/tempotest_awning_burgundy_T73.jpg
T75,Navy,Tempotest®,C,Blue,Blue,Solids,https://frankford.b-cdn.net/fabric_swatches/tempotest_awning_navy_T75.jpg
T77,Bluette,Tempotest®,C,Blue,Blue,Solids,https://frankford.b-cdn.net/fabric_swatches/tempotest_awning_bluette_T77.jpg
T782/14,Durmast,Tempotest®,C,Beige,Beige,Textures,https://frankford.b-cdn.net/fabric_swatches/tempotest_awning_durmast_T782-14.jpg
T81,Chocolate,Tempotest®,C,Brown,Brown,Solids,https://frankford.b-cdn.net/fabric_swatches/tempotest_awning_chocolate_T81.jpg
T84,Rust,Tempotest®,C,Red,Red,Solids,https://frankford.b-cdn.net/fabric_swatches/tempotest_awning_rust_T84.jpg
T84/14,Chutney,Tempotest®,C,Red,Red,Solids,https://frankford.b-cdn.net/fabric_swatches/tempotest_awning_chutney_T84-14.jpg
T873/15,Glacier Tweed,Tempotest®,C,Grey,Grey,Textures,https://frankford.b-cdn.net/fabric_swatches/tempotest_awning_glacier-tweed_T873-15.jpg
T873/151,Dune Tweed,Tempotest®,C,Beige,Beige,Textures,https://frankford.b-cdn.net/fabric_swatches/tempotest_awning_dune-tweed_T873-151.jpg
T873/17,Skyway Tweed,Tempotest®,C,Blue,Blue,Textures,https://frankford.b-cdn.net/fabric_swatches/tempotest_awning_skyway-tweed_T873-17.jpg
T873/2,Bisque Tweed,Tempotest®,C,Brown,Brown | Beige,Textures,https://frankford.b-cdn.net/fabric_swatches/tempotest_awning_bisque-tweed_T873-2.jpg
T873/78,Lettuce Tweed,Tempotest®,C,Green,Green,Textures,https://frankford.b-cdn.net/fabric_swatches/tempotest_awning_lettuce-tweed_T873-78.jpg
T91,Plum,Tempotest®,C,Purple,Purple,Solids,https://frankford.b-cdn.net/fabric_swatches/tempotest_awning_plum_T91.jpg
T92,Indigo,Tempotest®,C,Blue,Blue,Solids,https://frankford.b-cdn.net/fabric_swatches/tempotest_awning_indigo_T92.jpg
T926,Driftwood,Tempotest®,C,Brown,Brown,Solids,https://frankford.b-cdn.net/fabric_swatches/tempotest_awning_driftwood_T926.jpg
T929,Vanilla,Tempotest®,C,Beige,Beige,Solids,https://frankford.b-cdn.net/fabric_swatches/tempotest_awning_vanilla_T929.jpg
T930,Hazelnut,Tempotest®,C,Brown,Brown,Solids,https://frankford.b-cdn.net/fabric_swatches/tempotest_awning_hazelnut_T930.jpg
T94/15,Lead,Tempotest®,C,Grey,Grey,Solids,https://frankford.b-cdn.net/fabric_swatches/tempotest_awning_lead_T94-15.jpg
T97,Charcoal,Tempotest®,C,Grey,Grey,Solids,https://frankford.b-cdn.net/fabric_swatches/tempotest_awning_charcoal_T97.jpg
T98,Clay Court,Tempotest®,C,Red,Red,Solids,https://frankford.b-cdn.net/fabric_swatches/tempotest_awning_clay-court_T98.jpg
T986/106,Bisquit Tweed,Tempotest®,C,Beige,Beige | Brown,Textures,https://frankford.b-cdn.net/fabric_swatches/tempotest_awning_bisquit-tweed_T986-106.jpg
T986/107,Carbon Tweed,Tempotest®,C,Grey,Grey,Textures,https://frankford.b-cdn.net/fabric_swatches/tempotest_awning_carbon-tweed_T986-107.jpg
T986/15,Ice Tweed,Tempotest®,C,Beige,Beige | Grey,Textures,https://frankford.b-cdn.net/fabric_swatches/tempotest_awning_ice-tweed_T986-15.jpg
T986/727,Pebble Tweed,Tempotest®,C,Grey,Grey | White,Textures,https://frankford.b-cdn.net/fabric_swatches/tempotest_awning_pebble-tweed_T986-727.jpg
11006,Sync Smoke,Sattler / Outdura,D,Brown,Brown,Textures,https://frankford.b-cdn.net/fabric_swatches/outdura_sync_sync-smoke_11006.jpg
11012,Sync Aqua,Sattler / Outdura,D,Blue,Blue,Textures,https://frankford.b-cdn.net/fabric_swatches/outdura_sync_sync-aqua_11012.jpg
11014,Sync Basil,Sattler / Outdura,D,Green,Green,Textures,https://frankford.b-cdn.net/fabric_swatches/outdura_sync_sync-basil_11014.jpg
208J,Jinga Granite,Sattler / Outdura,D,Brown,Brown,Stripes,https://frankford.b-cdn.net/fabric_swatches/outdura_jinga_jinga-granite_208J.jpg
209J,Jinga Sienna,Sattler / Outdura,D,Red,Red,Stripes,https://frankford.b-cdn.net/fabric_swatches/outdura_jinga_jinga-sienna_209J.jpg
210J,Jinga Seamist,Sattler / Outdura,D,Green,Green,Stripes,https://frankford.b-cdn.net/fabric_swatches/outdura_jinga_jinga-seamist_210J.jpg
213J,Jinga Nautical,Sattler / Outdura,D,Blue,Blue,Stripes,https://frankford.b-cdn.net/fabric_swatches/outdura_jinga_jinga-nautical_213J.jpg
218J,Jinga Stone,Sattler / Outdura,D,Beige,Beige,Stripes,https://frankford.b-cdn.net/fabric_swatches/outdura_jinga_jinga-stone_218J.jpg
223J,Jinga Espresso,Sattler / Outdura,D,Brown,Brown,Stripes,https://frankford.b-cdn.net/fabric_swatches/outdura_jinga_jinga-espresso_223J.jpg
231J,Jinga Congo,Sattler / Outdura,D,Green,Green,Stripes,https://frankford.b-cdn.net/fabric_swatches/outdura_jinga_jinga-congo_231J.jpg
7036,Bistro Checkboard,Sattler / Outdura,D,Black,Black,Stripes,https://frankford.b-cdn.net/fabric_swatches/outdura_bistro_bistro-checkboard_7036.jpg
7040,Bistro Driftwood,Sattler / Outdura,D,Brown,Brown,Stripes,https://frankford.b-cdn.net/fabric_swatches/outdura_bistro_bistro-driftwood_7040.jpg
7041,Bistro Apple,Sattler / Outdura,D,Green,Green,Stripes,https://frankford.b-cdn.net/fabric_swatches/outdura_bistro_bistro-apple_7041.jpg
7043,Bistro Martime,Sattler / Outdura,D,Blue,Blue,Stripes,https://frankford.b-cdn.net/fabric_swatches/outdura_bistro_bistro-martime_7043.jpg
7045,Bistro Waterworks,Sattler / Outdura,D,Blue,Blue,Stripes,https://frankford.b-cdn.net/fabric_swatches/outdura_bistro_bistro-waterworks_7045.jpg
7047,Bistro Platinum,Sattler / Outdura,D,Grey,Grey,Stripes,https://frankford.b-cdn.net/fabric_swatches/outdura_bistro_bistro-platinum_7047.jpg
831,Soulmate Nectar,Sattler / Outdura,D,Orange,Orange,Stripes,https://frankford.b-cdn.net/fabric_swatches/outdura_soulmate_soulmate-nectar_831.jpg
8325,Summit Pool,Sattler / Outdura,D,Green,Green,Textures,https://frankford.b-cdn.net/fabric_swatches/outdura_summit_summit-pool_8325.jpg
8327,Summit Neptune,Sattler / Outdura,D,Blue,Blue,Textures,https://frankford.b-cdn.net/fabric_swatches/outdura_summit_summit-neptune_8327.jpg
8328,Summit Crimson,Sattler / Outdura,D,Red,Red,Textures,https://frankford.b-cdn.net/fabric_swatches/outdura_summit_summit-crimson_8328.jpg
8329,Summit Graphite,Sattler / Outdura,D,Grey,Grey,Textures,https://frankford.b-cdn.net/fabric_swatches/outdura_summit_summit-graphite_8329.jpg
8330,Summit Wheat,Sattler / Outdura,D,Brown,Brown,Textures,https://frankford.b-cdn.net/fabric_swatches/outdura_summit_summit-wheat_8330.jpg
8331,Summit Crème,Sattler / Outdura,D,Beige,Beige,Textures,https://frankford.b-cdn.net/fabric_swatches/outdura_summit_summit-creme_8331.jpg
8332,Summit Snow,Sattler / Outdura,D,White,White,Textures,https://frankford.b-cdn.net/fabric_swatches/outdura_summit_summit-snow_8332.jpg
8333,Summit Onyx,Sattler / Outdura,D,Black,Black,Textures,https://frankford.b-cdn.net/fabric_swatches/outdura_summit_summit-onyx_8333.jpg
8334,Summit Whiskey,Sattler / Outdura,D,Brown,Brown,Textures,https://frankford.b-cdn.net/fabric_swatches/outdura_summit_summit-whiskey_8334.jpg
8335,Summit Terracotta,Sattler / Outdura,D,Red,Red,Textures,https://frankford.b-cdn.net/fabric_swatches/outdura_summit_summit-terracotta_8335.jpg
835,Soulmate Bronze,Sattler / Outdura,D,Brown,Brown,Stripes,https://frankford.b-cdn.net/fabric_swatches/outdura_soulmate_soulmate-bronze_835.jpg
836,Soulmate Crimson,Sattler / Outdura,D,Red,Red,Stripes,https://frankford.b-cdn.net/fabric_swatches/outdura_soulmate_soulmate-crimson_836.jpg
838,Soulmate Bamboo,Sattler / Outdura,D,Brown,Brown,Stripes,https://frankford.b-cdn.net/fabric_swatches/outdura_soulmate_soulmate-bamboo_838.jpg
D126,Amalfi Linen,Recasens / SENS,D,Beige,Beige | White,Geometrics,https://frankford.b-cdn.net/fabric_swatches/sens_amalfi-linen_D-126.jpg
D170,Amalfi Midnight,Recasens / SENS,D,Grey,Grey | Blue,Geometrics,https://frankford.b-cdn.net/fabric_swatches/sens_amalfi-midnight_D-170.jpg
T1081/24,Stockholm,Tempotest®,D,Black,Black | Grey,Stripes,https://frankford.b-cdn.net/fabric_swatches/tempotest_awning_stockholm_T1081-24.jpg
T1081/305,Lund,Tempotest®,D,Green,Green | White,Stripes,https://frankford.b-cdn.net/fabric_swatches/tempotest_awning_lund_T1081-305.jpg
T1081/392,Oslo,Tempotest®,D,Blue,Blue,Stripes,https://frankford.b-cdn.net/fabric_swatches/tempotest_awning_oslo_T1081-392.jpg
T1081/81,Boras,Tempotest®,D,Brown,Brown | White,Stripes,https://frankford.b-cdn.net/fabric_swatches/tempotest_awning_boras_T1081-81.jpg
T1081/84,Malmo,Tempotest®,D,Red,Red | Beige,Stripes,https://frankford.b-cdn.net/fabric_swatches/tempotest_awning_malmo_T1081-84.jpg
T1081/97,Bergen,Tempotest®,D,Grey,Grey | Black,Stripes,https://frankford.b-cdn.net/fabric_swatches/tempotest_awning_bergen_T1081-97.jpg
T1101,Harvest,Tempotest®,D,Orange,Orange | Beige,Stripes,https://frankford.b-cdn.net/fabric_swatches/tempotest_awning_harvest_T1101.jpg
T1120,Tan Slub,Tempotest®,D,Beige,Beige | Brown,Stripes,https://frankford.b-cdn.net/fabric_swatches/tempotest_awning_tan-slub_T1120.jpg
T1150,Rust  Green  Multi,Tempotest®,D,Red,Red | Green,Stripes,https://frankford.b-cdn.net/fabric_swatches/tempotest_awning_rustgreenmulti_T1150.jpg
T116/15,Blue  White,Tempotest®,D,Blue,Blue | White,Stripes,https://frankford.b-cdn.net/fabric_swatches/tempotest_awning_bluewhite_T116-15.jpg
T1243,Yellow  Multi,Tempotest®,D,Yellow,Yellow | Green,Stripes,https://frankford.b-cdn.net/fabric_swatches/tempotest_awning_yellowmulti_T1243.jpg
T1330/505,Ash Gessato,Tempotest®,D,Grey,Grey | White,Textures,https://frankford.b-cdn.net/fabric_swatches/tempotest_awning_ash-gessato_T1330-505.jpg
T1330/508,Toffee Gessato,Tempotest®,D,Beige,Beige | Blue,Textures,https://frankford.b-cdn.net/fabric_swatches/tempotest_awning_toffee-gessato_T1330-508.jpg
T1330/509,Hazelnut Gessato,Tempotest®,D,Brown,Brown | Beige,Textures,https://frankford.b-cdn.net/fabric_swatches/tempotest_awning_hazelnut-gessato_T1330-509.jpg
T1330/512,Carbon Gessato,Tempotest®,D,Grey,Grey,Textures,https://frankford.b-cdn.net/fabric_swatches/tempotest_awning_carbon-gessato_T1330-512.jpg
T1330/513,Merlot Gessato,Tempotest®,D,Red,Red | White,Textures,https://frankford.b-cdn.net/fabric_swatches/tempotest_awning_merlot-gessato_T1330-513.jpg
T158,Chocolate  Natural,Tempotest®,D,Brown,Brown | Beige,Stripes,https://frankford.b-cdn.net/fabric_swatches/tempotest_awning_chocolatenatural_T158.jpg
T242,Grey  White,Tempotest®,D,Grey,Grey | White,Stripes,https://frankford.b-cdn.net/fabric_swatches/tempotest_awning_greywhite_T242.jpg
T31,Light Blue  White,Tempotest®,D,Blue,Blue | White,Stripes,https://frankford.b-cdn.net/fabric_swatches/tempotest_awning_light-bluewhite_T31.jpg
T33,Forest Green  White,Tempotest®,D,Green,Green | White,Stripes,https://frankford.b-cdn.net/fabric_swatches/tempotest_awning_forest-greenwhite_T33.jpg
T34,Navy Frost  White,Tempotest®,D,Blue,Blue | White,Stripes,https://frankford.b-cdn.net/fabric_swatches/tempotest_awning_navy-frostwhite_T34.jpg
T35,Red  White,Tempotest®,D,Red,Red | White,Stripes,https://frankford.b-cdn.net/fabric_swatches/tempotest_awning_redwhite_T35.jpg
T37,Yellow  White,Tempotest®,D,Yellow,Yellow | White,Stripes,https://frankford.b-cdn.net/fabric_swatches/tempotest_awning_yellowwhite_T37.jpg
T378,Aqua  White,Tempotest®,D,Blue,Blue | White,Stripes,https://frankford.b-cdn.net/fabric_swatches/tempotest_awning_aquawhite_T378.jpg
T439,Dark Grey  White,Tempotest®,D,Grey,Grey | White,Stripes,https://frankford.b-cdn.net/fabric_swatches/tempotest_awning_dark-greywhite_T439.jpg
T5000/57,Cocoa Stripe,Tempotest®,D,Beige,Beige | Brown,Stripes,https://frankford.b-cdn.net/fabric_swatches/tempotest_awning_cocoa-stripe_T5000-57.jpg
T5000/7,Forest  Beige,Tempotest®,D,Green,Green | Beige,Stripes,https://frankford.b-cdn.net/fabric_swatches/tempotest_awning_forestbeige_T5000-7.jpg
T5001/13,Royal  White,Tempotest®,D,Blue,Blue | White,Stripes,https://frankford.b-cdn.net/fabric_swatches/tempotest_awning_royalwhite_T5001-13.jpg
T5001/73,Burgundy  Grey,Tempotest®,D,Red,Red | Grey,Stripes,https://frankford.b-cdn.net/fabric_swatches/tempotest_awning_burgundygrey_T5001-73.jpg
T5011/11,Burgundy  Natural,Tempotest®,D,Red,Red | Beige,Stripes,https://frankford.b-cdn.net/fabric_swatches/tempotest_awning_burgundynatural_T5011-11.jpg
T5011/57,Brown Natural,Tempotest®,D,Brown,Brown | Beige,Stripes,https://frankford.b-cdn.net/fabric_swatches/tempotest_awning_brown-natural_T5011-57.jpg
T5011/7,Forest Natural,Tempotest®,D,Green,Green | Beige,Stripes,https://frankford.b-cdn.net/fabric_swatches/tempotest_awning_forest-natural_T5011-7.jpg
T5167/11,Scarlet  Grey,Tempotest®,D,Red,Red | Grey,Stripes,https://frankford.b-cdn.net/fabric_swatches/tempotest_awning_scarletgrey_T5167-11.jpg
T5167/2,Chambray,Tempotest®,D,Blue,Blue | Grey,Stripes,https://frankford.b-cdn.net/fabric_swatches/tempotest_awning_chambray_T5167-2.jpg
T5173/75,Bomber Blue,Tempotest®,D,Blue,Blue | White,Stripes,https://frankford.b-cdn.net/fabric_swatches/tempotest_awning_bomber-blue_T5173-75.jpg
T5347/62,Meadow White,Tempotest®,D,Green,Green | White,Stripes,https://frankford.b-cdn.net/fabric_swatches/tempotest_awning_meadow-white_T5347-62.jpg
T5347/79,Platinum Grey,Tempotest®,D,Grey,Grey,Stripes,https://frankford.b-cdn.net/fabric_swatches/tempotest_awning_platinum-grey_T5347-79.jpg
T5348/79,Steel Grey,Tempotest®,D,Grey,Grey,Stripes,https://frankford.b-cdn.net/fabric_swatches/tempotest_awning_steel-grey_T5348-79.jpg
T5349/106,Brown Cream,Tempotest®,D,Brown,Brown | White,Stripes,https://frankford.b-cdn.net/fabric_swatches/tempotest_awning_brown-cream_T5349-106.jpg
T5349/426,Cinnabar,Tempotest®,D,Orange,Orange | Beige,Stripes,https://frankford.b-cdn.net/fabric_swatches/tempotest_awning_cinnabar_T5349-426.jpg
T5349/930,Crème Latte,Tempotest®,D,Brown,Brown | Beige,Stripes,https://frankford.b-cdn.net/fabric_swatches/tempotest_awning_creme-latte_T5349-930.jpg
T5361/79,Grey Frost,Tempotest®,D,Grey,Grey,Stripes,https://frankford.b-cdn.net/fabric_swatches/tempotest_awning_grey-frost_T5361-79.jpg
T5369,Charcoal Brown,Tempotest®,D,Brown,Brown | Grey,Stripes,https://frankford.b-cdn.net/fabric_swatches/tempotest_awning_charcoal-brown_T5369.jpg
T5370,Morel,Tempotest®,D,Brown,Brown | Grey,Stripes,https://frankford.b-cdn.net/fabric_swatches/tempotest_awning_morel_T5370.jpg
T5371/106,Champagne Brown,Tempotest®,D,Beige,Beige | Brown,Stripes,https://frankford.b-cdn.net/fabric_swatches/tempotest_awning_champagne-brown_T5371-106.jpg
T5371/727,Phantom Grey,Tempotest®,D,Grey,Grey | Black,Stripes,https://frankford.b-cdn.net/fabric_swatches/tempotest_awning_phantom-grey_T5371-727.jpg
T5372,Pebble Tweed  White,Tempotest®,D,Grey,Grey | White,Stripes,https://frankford.b-cdn.net/fabric_swatches/tempotest_awning_pebble-tweedwhite_T5372.jpg
T5374,Black Pearl,Tempotest®,D,Grey,Grey,Stripes,https://frankford.b-cdn.net/fabric_swatches/tempotest_awning_black-pearl_T5374.jpg
T5396/17,Rebel Blue,Tempotest®,D,Blue,Blue | Grey,Stripes,https://frankford.b-cdn.net/fabric_swatches/tempotest_awning_rebel-blue_T5396-17.jpg
T5396/78,Rebel Green,Tempotest®,D,Green,Green | White,Stripes,https://frankford.b-cdn.net/fabric_swatches/tempotest_awning_rebel-green_T5396-78.jpg
T5396/87,Rebel Sapphire,Tempotest®,D,Blue,Blue,Stripes,https://frankford.b-cdn.net/fabric_swatches/tempotest_awning_rebel-sapphire_T5396-87.jpg
T5396/930,Rebel Hazelnut,Tempotest®,D,Brown,Brown | White,Stripes,https://frankford.b-cdn.net/fabric_swatches/tempotest_awning_rebel-hazelnut_T5396-930.jpg
T5396/97,Rebel Charcoal,Tempotest®,D,Grey,Grey | White,Stripes,https://frankford.b-cdn.net/fabric_swatches/tempotest_awning_rebel-charcoal_T5396-97.jpg
T5398/107,Carbon Blue Blend,Tempotest®,D,Blue,Blue,Stripes,https://frankford.b-cdn.net/fabric_swatches/tempotest_awning_carbon-blue-blend_T5398-107.jpg
T5398/17,Cloudy Sky Blend,Tempotest®,D,Blue,Blue,Stripes,https://frankford.b-cdn.net/fabric_swatches/tempotest_awning_cloudy-sky-blend_T5398-17.jpg
T5398/78,Fresh Meadow Blend,Tempotest®,D,Green,Green | Grey,Stripes,https://frankford.b-cdn.net/fabric_swatches/tempotest_awning_fresh-meadow-blend_T5398-78.jpg
T5398/930,Desert Dune Blend,Tempotest®,D,Brown,Brown | Beige,Stripes,https://frankford.b-cdn.net/fabric_swatches/tempotest_awning_desert-dune-blend_T5398-930.jpg
T5399/107,Winter Grey Harmony,Tempotest®,D,Grey,Grey | White,Stripes,https://frankford.b-cdn.net/fabric_swatches/tempotest_awning_winter-grey-harmony_T5399-107.jpg
T5399/15,Lunar Rock Harmony,Tempotest®,D,Grey,Grey,Stripes,https://frankford.b-cdn.net/fabric_swatches/tempotest_awning_lunar-rock-harmony_T5399-15.jpg
T5399/17,Blue Ice Harmony,Tempotest®,D,Blue,Blue,Stripes,https://frankford.b-cdn.net/fabric_swatches/tempotest_awning_blue-ice-harmony_T5399-17.jpg
T5399/52,Mocha Harmony,Tempotest®,D,Brown,Brown | Beige,Stripes,https://frankford.b-cdn.net/fabric_swatches/tempotest_awning_mocha-harmony_T5399-52.jpg
T5406/107,Carbon Fiber,Tempotest®,D,Grey,Grey,Textures,https://frankford.b-cdn.net/fabric_swatches/tempotest_awning_carbon-fiber_T5406-107.jpg
T5406/15,Ice Grey,Tempotest®,D,Grey,Grey,Textures,https://frankford.b-cdn.net/fabric_swatches/tempotest_awning_ice-grey_T5406-15.jpg
T5406/17,Sky Blue,Tempotest®,D,Blue,Blue,Textures,https://frankford.b-cdn.net/fabric_swatches/tempotest_awning_sky-blue_T5406-17.jpg
T5406/52,Coriander,Tempotest®,D,Beige,Beige | Brown,Textures,https://frankford.b-cdn.net/fabric_swatches/tempotest_awning_coriander_T5406-52.jpg
T5406/94,Mudslide,Tempotest®,D,Brown,Brown,Textures,https://frankford.b-cdn.net/fabric_swatches/tempotest_awning_mudslide_T5406-94.jpg
T5407/107,Turbulence,Tempotest®,D,Grey,Grey,Textures,https://frankford.b-cdn.net/fabric_swatches/tempotest_awning_turbulence_T5407-107.jpg
T5407/15,Silk Grey,Tempotest®,D,Grey,Grey,Textures,https://frankford.b-cdn.net/fabric_swatches/tempotest_awning_silk-grey_T5407-15.jpg
T5407/17,Skydiver,Tempotest®,D,Blue,Blue,Textures,https://frankford.b-cdn.net/fabric_swatches/tempotest_awning_skydiver_T5407-17.jpg
T5407/52,Sesame,Tempotest®,D,Beige,Beige | Brown,Textures,https://frankford.b-cdn.net/fabric_swatches/tempotest_awning_sesame_T5407-52.jpg
T5407/94,Seagrass,Tempotest®,D,Beige,Beige,Textures,https://frankford.b-cdn.net/fabric_swatches/tempotest_awning_seagrass_T5407-94.jpg
T5421/11,Melody Sea,Tempotest®,D,Blue,Blue | Grey,Stripes,https://frankford.b-cdn.net/fabric_swatches/tempotest_awning_melody-sea_T5421-11.jpg
T5421/12,Melody Grass,Tempotest®,D,Green,Green | Grey,Stripes,https://frankford.b-cdn.net/fabric_swatches/tempotest_awning_melody-grass_T5421-12.jpg
T5421/4,Melody Sand,Tempotest®,D,Beige,Beige | Grey,Stripes,https://frankford.b-cdn.net/fabric_swatches/tempotest_awning_melody-sand_T5421-4.jpg
T5421/9,Melody Rock,Tempotest®,D,Grey,Grey | Brown,Stripes,https://frankford.b-cdn.net/fabric_swatches/tempotest_awning_melody-rock_T5421-9.jpg
T5423/14,Melody Dust Multi,Tempotest®,D,Beige,Beige | Grey,Stripes,https://frankford.b-cdn.net/fabric_swatches/tempotest_awning_melody-dust-multi_T5423-14.jpg
T5423/79,Melody Moon Multi,Tempotest®,D,Grey,Grey | Brown,Stripes,https://frankford.b-cdn.net/fabric_swatches/tempotest_awning_melody-moon-multi_T5423-79.jpg
T5429/151,Amalfi Coast,Tempotest®,D,Blue,Blue | Brown,Stripes,https://frankford.b-cdn.net/fabric_swatches/tempotest_awning_amalfi-coast_T5429-151.jpg
T5430/87,Roman Fountain,Tempotest®,D,Blue,Blue | Grey,Stripes,https://frankford.b-cdn.net/fabric_swatches/tempotest_awning_roman-fountain_T5430-87.jpg
T633/79,Grey Rib,Tempotest®,D,Grey,Grey | White,Stripes,https://frankford.b-cdn.net/fabric_swatches/tempotest_awning_grey-rib_T633-79.jpg
T634/97,Forest  Beige Slub,Tempotest®,D,Green,Green | Beige,Stripes,https://frankford.b-cdn.net/fabric_swatches/tempotest_awning_forestbeige-slub_T634-97.jpg
T635/11,Cranberry  Forest,Tempotest®,D,Red,Red | Beige,Stripes,https://frankford.b-cdn.net/fabric_swatches/tempotest_awning_cranberryforest_T635-11.jpg
T636/10,Navy  Grey Rib,Tempotest®,D,Blue,Blue | Grey,Stripes,https://frankford.b-cdn.net/fabric_swatches/tempotest_awning_navygrey-rib_T636-10.jpg
T636/14,Maple Sugar,Tempotest®,D,Brown,Brown | Beige,Stripes,https://frankford.b-cdn.net/fabric_swatches/tempotest_awning_maple-sugar_T636-14.jpg
T636/5,Forest  Beige  Cream,Tempotest®,D,Green,Green | Beige,Stripes,https://frankford.b-cdn.net/fabric_swatches/tempotest_awning_forestbeigecream_T636-5.jpg
T636/84,Rust  Cream,Tempotest®,D,Red,Red | Beige,Stripes,https://frankford.b-cdn.net/fabric_swatches/tempotest_awning_rustcream_T636-84.jpg
T638/5,Forest Rib,Tempotest®,D,Green,Green | White,Stripes,https://frankford.b-cdn.net/fabric_swatches/tempotest_awning_forest-rib_T638-5.jpg
T639/99,Beige Brown Slub,Tempotest®,D,Beige,Beige | Brown,Stripes,https://frankford.b-cdn.net/fabric_swatches/tempotest_awning_beige-brown-slub_T639-99.jpg
T641/10,Navy  Beige,Tempotest®,D,Blue,Blue | Beige,Stripes,https://frankford.b-cdn.net/fabric_swatches/tempotest_awning_navybeige_T641-10.jpg
T68,Black  Grey,Tempotest®,D,Black,Black | Grey,Stripes,https://frankford.b-cdn.net/fabric_swatches/tempotest_awning_blackgrey_T68.jpg
T727/515,Terra Gravel,Tempotest®,D,Grey,Grey,Textures,https://frankford.b-cdn.net/fabric_swatches/tempotest_awning_terra-gravel_T727-515.jpg
T728/79,Grey Dawn,Tempotest®,D,Yellow,Yellow | Grey,Stripes,https://frankford.b-cdn.net/fabric_swatches/tempotest_awning_grey-dawn_T728-79.jpg
T739/701,Key Lime,Tempotest®,D,Green,Green | Beige,Stripes,https://frankford.b-cdn.net/fabric_swatches/tempotest_awning_key-lime_T739-701.jpg
T770/55,Bright Orange  Yellow,Tempotest®,D,Orange,Orange | Yellow,Stripes,https://frankford.b-cdn.net/fabric_swatches/tempotest_awning_bright-orangeyellow_T770-55.jpg
T782/87,Wave,Tempotest®,D,Blue,Blue,Textures,https://frankford.b-cdn.net/fabric_swatches/tempotest_awning_wave_T782-87.jpg
T790,Black  White,Tempotest®,D,Black,Black | White,Stripes,https://frankford.b-cdn.net/fabric_swatches/tempotest_awning_blackwhite_T790.jpg
T792/24,Sweden,Tempotest®,D,Black,Black | Grey,Stripes,https://frankford.b-cdn.net/fabric_swatches/tempotest_awning_sweden_T792-24.jpg
T792/5,Denmark,Tempotest®,D,Green,Green | White,Stripes,https://frankford.b-cdn.net/fabric_swatches/tempotest_awning_denmark_T792-5.jpg
T792/73,Norway,Tempotest®,D,Red,Red | White,Stripes,https://frankford.b-cdn.net/fabric_swatches/tempotest_awning_norway_T792-73.jpg
T792/75,Finland,Tempotest®,D,Blue,Blue | White,Stripes,https://frankford.b-cdn.net/fabric_swatches/tempotest_awning_finland_T792-75.jpg
T945/97,Café Au Lait,Tempotest®,D,Beige,Beige | Green,Stripes,https://frankford.b-cdn.net/fabric_swatches/tempotest_awning_cafe-au-lait_T945-97.jpg
T947/14,Bamboo Sienna,Tempotest®,D,Beige,Beige | Brown,Stripes,https://frankford.b-cdn.net/fabric_swatches/tempotest_awning_bamboo-sienna_T947-14.jpg
T948/21,Winter Sky,Tempotest®,D,Green,Green | Blue,Stripes,https://frankford.b-cdn.net/fabric_swatches/tempotest_awning_winter-sky_T948-21.jpg
T949/91,Chocolate Almond,Tempotest®,D,Brown,Brown | Beige,Stripes,https://frankford.b-cdn.net/fabric_swatches/tempotest_awning_chocolate-almond_T949-91.jpg
T950/24,Tuxedo,Tempotest®,D,Grey,Grey | Black,Stripes,https://frankford.b-cdn.net/fabric_swatches/tempotest_awning_tuxedo_T950-24.jpg
T951/92,Denim Almond,Tempotest®,D,Blue,Blue | Beige,Stripes,https://frankford.b-cdn.net/fabric_swatches/tempotest_awning_denim-almond_T951-92.jpg
T966/426,Roasted Peppers,Tempotest®,D,Red,Red | Orange,Stripes,https://frankford.b-cdn.net/fabric_swatches/tempotest_awning_roasted-peppers_T966-426.jpg
T967/926,Greco Grey,Tempotest®,D,Grey,Grey | Brown,Stripes,https://frankford.b-cdn.net/fabric_swatches/tempotest_awning_greco-grey_T967-926.jpg
1033/929,Sand Vanilla,Tempotest®,E,Beige,Beige,Solids,https://frankford.b-cdn.net/fabric_swatches/tempotest_foundations_sand-vanilla_1033-929.jpg
1039/14,Sand Beige,Tempotest®,E,Beige,Beige,Solids,https://frankford.b-cdn.net/fabric_swatches/tempotest_foundations_sand-beige_1039-14.jpg
1039/15,Sand Parchment,Tempotest®,E,Beige,Beige,Solids,https://frankford.b-cdn.net/fabric_swatches/tempotest_foundations_sand-parchment_1039-15.jpg
1039/930,Sand Beach,Tempotest®,E,Beige,Beige,Solids,https://frankford.b-cdn.net/fabric_swatches/tempotest_foundations_sand-beach_1039-930.jpg
1040/24,Sand Smoke,Tempotest®,E,Beige,Beige,Solids,https://frankford.b-cdn.net/fabric_swatches/tempotest_foundations_sand-smoke_1040-24.jpg
1041/14,Sand Bark,Tempotest®,E,Brown,Brown,Solids,https://frankford.b-cdn.net/fabric_swatches/tempotest_foundations_sand-bark_1041-14.jpg
1042/79,Sand Denim,Tempotest®,E,Blue,Blue,Solids,https://frankford.b-cdn.net/fabric_swatches/tempotest_foundations_sand-denim_1042-79.jpg
1043/929,Sand Silver,Tempotest®,E,Grey,Grey,Solids,https://frankford.b-cdn.net/fabric_swatches/tempotest_foundations_sand-silver_1043-929.jpg
1044/15,Sand White,Tempotest®,E,White,White,Solids,https://frankford.b-cdn.net/fabric_swatches/tempotest_foundations_sand-white_1044-15.jpg
1045/25,Sand Onyx,Tempotest®,E,Black,Black,Solids,https://frankford.b-cdn.net/fabric_swatches/tempotest_foundations_sand-onyx_1045-25.jpg
1045/79,Sand Graphite,Tempotest®,E,Grey,Grey,Solids,https://frankford.b-cdn.net/fabric_swatches/tempotest_foundations_sand-graphite_1045-79.jpg
1046/93,Sand Slate,Tempotest®,E,Grey,Grey,Solids,https://frankford.b-cdn.net/fabric_swatches/tempotest_foundations_sand-slate_1046-93.jpg
3271,Sierra Beach,Sattler / Outdura,E,Beige,Beige,Stripes,https://frankford.b-cdn.net/fabric_swatches/outdura_sierra_sierra-beach_3271.jpg
3273,Sierra Turquoise,Sattler / Outdura,E,Green,Green,Stripes,https://frankford.b-cdn.net/fabric_swatches/outdura_sierra_sierra-turquoise_3273.jpg
3274,Sierra Delft,Sattler / Outdura,E,Blue,Blue,Stripes,https://frankford.b-cdn.net/fabric_swatches/outdura_sierra_sierra-delft_3274.jpg
3279,Sierra Dove,Sattler / Outdura,E,Grey,Grey,Stripes,https://frankford.b-cdn.net/fabric_swatches/outdura_sierra_sierra-dove_3279.jpg
3281,Sierra Meringue,Sattler / Outdura,E,White,White,Stripes,https://frankford.b-cdn.net/fabric_swatches/outdura_sierra_sierra-meringue_3281.jpg
3283,Sierra Terracotta,Sattler / Outdura,E,Red,Red,Stripes,https://frankford.b-cdn.net/fabric_swatches/outdura_sierra_sierra-terracotta_3283.jpg
3287,Sierra Chocolate,Sattler / Outdura,E,Brown,Brown,Stripes,https://frankford.b-cdn.net/fabric_swatches/outdura_sierra_sierra-chocolate_3287.jpg
3721,Sierra Stone,Sattler / Outdura,E,Brown,Brown,Stripes,https://frankford.b-cdn.net/fabric_swatches/outdura_sierra_sierra-stone_3721.jpg
51694/20,Acapella Spring,Tempotest®,E,Green,Green | White,Stripes,https://frankford.b-cdn.net/fabric_swatches/tempotest_foundations_acapella-spring_51694-20.jpg
51695/15,Tivoli Regatta,Tempotest®,E,Blue,Blue | Red,Stripes,https://frankford.b-cdn.net/fabric_swatches/tempotest_foundations_tivoli-regatta_51695-15.jpg
51695/19,Tivoli Canyon,Tempotest®,E,Brown,Brown | Red,Stripes,https://frankford.b-cdn.net/fabric_swatches/tempotest_foundations_tivoli-canyon_51695-19.jpg
51695/20,Tivoli Maritime,Tempotest®,E,Blue,Blue | White,Stripes,https://frankford.b-cdn.net/fabric_swatches/tempotest_foundations_tivoli-maritime_51695-20.jpg
51695/22,Tivoli Burnish,Tempotest®,E,Black,Black | Beige,Stripes,https://frankford.b-cdn.net/fabric_swatches/tempotest_foundations_tivoli-burnish_51695-22.jpg
5436/22,Casanova Lagoon,Tempotest®,E,Blue,Blue,Stripes,https://frankford.b-cdn.net/fabric_swatches/tempotest_foundations_casanova-lagoon_5436-22.jpg
5436/87,Casanova Blues,Tempotest®,E,Blue,Blue,Stripes,https://frankford.b-cdn.net/fabric_swatches/tempotest_foundations_casanova-blues_5436-87.jpg
5436/926,Casanova Timber,Tempotest®,E,Beige,Beige | Brown,Stripes,https://frankford.b-cdn.net/fabric_swatches/tempotest_foundations_casanova-timber_5436-926.jpg
5436/94,Casanova Gunmetal,Tempotest®,E,Grey,Grey,Stripes,https://frankford.b-cdn.net/fabric_swatches/tempotest_foundations_casanova-gunmetal_5436-94.jpg
5438/106,Spumoni Zinnia,Tempotest®,E,Orange,Orange | Brown,Stripes,https://frankford.b-cdn.net/fabric_swatches/tempotest_foundations_spumoni-zinnia_5438-106.jpg
5438/22,Spumoni Fiesta,Tempotest®,E,Pink,Pink | Blue,Stripes,https://frankford.b-cdn.net/fabric_swatches/tempotest_foundations_spumoni-fiesta_5438-22.jpg
5438/701,Spumoni Tidewater,Tempotest®,E,Blue,Blue | Brown,Stripes,https://frankford.b-cdn.net/fabric_swatches/tempotest_foundations_spumoni-tidewater_5438-701.jpg
5438/90,Spumoni Conch,Tempotest®,E,Pink,Pink | Beige,Stripes,https://frankford.b-cdn.net/fabric_swatches/tempotest_foundations_spumoni-conch_5438-90.jpg
D029,Enea Sunflower,Recasens / SENS,E,Yellow,Yellow | Grey | White,Textures,https://frankford.b-cdn.net/fabric_swatches/sens_enea-sunflower_D-029.jpg
T1401/702,Linea Smoke,Tempotest®,E,Grey,Grey | White,Stripes,https://frankford.b-cdn.net/fabric_swatches/tempotest_awning_linea-smoke_T1401-702.jpg
T1403/708,Linea Patina,Tempotest®,E,Red,Red | Beige,Stripes,https://frankford.b-cdn.net/fabric_swatches/tempotest_awning_linea-patina_T1403-708.jpg
T1403/713,Linea Sailor,Tempotest®,E,Blue,Blue | Grey,Stripes,https://frankford.b-cdn.net/fabric_swatches/tempotest_awning_linea-sailor_T1403-713.jpg
T1403/714,Linea Orca,Tempotest®,E,Black,Black | Grey,Stripes,https://frankford.b-cdn.net/fabric_swatches/tempotest_awning_linea-orca_T1403-714.jpg
1276/501,Ottomano Sand,Tempotest®,F,Beige,Beige | White,Solids,https://frankford.b-cdn.net/fabric_swatches/tempotest_foundations_ottomano-sand_1276-501.jpg
1276/502,Ottomano Beach,Tempotest®,F,Beige,Beige,Solids,https://frankford.b-cdn.net/fabric_swatches/tempotest_foundations_ottomano-beach_1276-502.jpg
1276/503,Ottomano Driftwood,Tempotest®,F,Beige,Beige,Solids,https://frankford.b-cdn.net/fabric_swatches/tempotest_foundations_ottomano-driftwood_1276-503.jpg
1276/504,Ottomano Mocha,Tempotest®,F,Beige,Beige,Solids,https://frankford.b-cdn.net/fabric_swatches/tempotest_foundations_ottomano-mocha_1276-504.jpg
1276/506,Ottomano Marmalade,Tempotest®,F,Yellow,Yellow,Solids,https://frankford.b-cdn.net/fabric_swatches/tempotest_foundations_ottomano-marmalade_1276-506.jpg
1276/508,Ottomano Toffee,Tempotest®,F,Brown,Brown | Beige,Solids,https://frankford.b-cdn.net/fabric_swatches/tempotest_foundations_ottomano-toffee_1276-508.jpg
1276/509,Ottomano Smoke,Tempotest®,F,Beige,Beige | Black,Solids,https://frankford.b-cdn.net/fabric_swatches/tempotest_foundations_ottomano-smoke_1276-509.jpg
1276/511,Ottomano Silver,Tempotest®,F,Grey,Grey | Beige,Solids,https://frankford.b-cdn.net/fabric_swatches/tempotest_foundations_ottomano-silver_1276-511.jpg
1276/513,Ottomano Slate,Tempotest®,F,Black,Black | Grey,Solids,https://frankford.b-cdn.net/fabric_swatches/tempotest_foundations_ottomano-slate_1276-513.jpg
1276/514,Ottomano Charcoal,Tempotest®,F,Black,Black | Grey,Solids,https://frankford.b-cdn.net/fabric_swatches/tempotest_foundations_ottomano-charcoal_1276-514.jpg
1276/516,Ottomano Blue,Tempotest®,F,Blue,Blue,Solids,https://frankford.b-cdn.net/fabric_swatches/tempotest_foundations_ottomano-blue_1276-516.jpg
1276/517,Ottomano Evening Sky,Tempotest®,F,Blue,Blue,Solids,https://frankford.b-cdn.net/fabric_swatches/tempotest_foundations_ottomano-evening-sky_1276-517.jpg
1276/518,Ottomano Shore Blue,Tempotest®,F,Blue,Blue,Solids,https://frankford.b-cdn.net/fabric_swatches/tempotest_foundations_ottomano-shore-blue_1276-518.jpg
1276/519,Ottomano Bluegreen,Tempotest®,F,Green,Green | Blue,Solids,https://frankford.b-cdn.net/fabric_swatches/tempotest_foundations_ottomano-bluegreen_1276-519.jpg
1276/520,Ottomano Lime,Tempotest®,F,Green,Green,Solids,https://frankford.b-cdn.net/fabric_swatches/tempotest_foundations_ottomano-lime_1276-520.jpg
1276/521,Ottomano Watermelon,Tempotest®,F,Red,Red,Solids,https://frankford.b-cdn.net/fabric_swatches/tempotest_foundations_ottomano-watermelon_1276-521.jpg
1882,Gypsy Nautical,Sattler / Outdura,F,Blue,Blue,Geometrics,https://frankford.b-cdn.net/fabric_swatches/outdura_gypsy_gypsy-nautical_1882.jpg
2476,Avalon Amber,Sattler / Outdura,F,Orange,Orange,Geometrics,https://frankford.b-cdn.net/fabric_swatches/outdura_avalon_avalon-amber_2476.jpg
2481,Avalon Sapphire,Sattler / Outdura,F,Blue,Blue,Geometrics,https://frankford.b-cdn.net/fabric_swatches/outdura_avalon_avalon-sapphire_2481.jpg
2484,Avalon Charcoal,Sattler / Outdura,F,Grey,Grey,Geometrics,https://frankford.b-cdn.net/fabric_swatches/outdura_avalon_avalon-charcoal_2484.jpg
2485,Avalon Garnet,Sattler / Outdura,F,Red,Red,Geometrics,https://frankford.b-cdn.net/fabric_swatches/outdura_avalon_avalon-garnet_2485.jpg
2675,Sydney Oats,Sattler / Outdura,F,Beige,Beige,Stripes,https://frankford.b-cdn.net/fabric_swatches/outdura_sydney_sydney-oats_2675.jpg
2678,Sydney Metallica,Sattler / Outdura,F,Grey,Grey,Stripes,https://frankford.b-cdn.net/fabric_swatches/outdura_sydney_sydney-metallica_2678.jpg
2689,Sydney Pewter,Sattler / Outdura,F,Brown,Brown,Stripes,https://frankford.b-cdn.net/fabric_swatches/outdura_sydney_sydney-pewter_2689.jpg
2691,Sydney Putty,Sattler / Outdura,F,Brown,Brown,Stripes,https://frankford.b-cdn.net/fabric_swatches/outdura_sydney_sydney-putty_2691.jpg
2693,Sydney Cloud,Sattler / Outdura,F,Blue,Blue,Stripes,https://frankford.b-cdn.net/fabric_swatches/outdura_sydney_sydney-cloud_2693.jpg
2694,Sydney Cadet,Sattler / Outdura,F,Blue,Blue,Stripes,https://frankford.b-cdn.net/fabric_swatches/outdura_sydney_sydney-cadet_2694.jpg
2695,Sydney Peach,Sattler / Outdura,F,Red,Red,Stripes,https://frankford.b-cdn.net/fabric_swatches/outdura_sydney_sydney-peach_2695.jpg
2696,Sydney Birch,Sattler / Outdura,F,White,White,Stripes,https://frankford.b-cdn.net/fabric_swatches/outdura_sydney_sydney-birch_2696.jpg
2731,Wyndham Silver,Sattler / Outdura,F,Grey,Grey,Geometrics,https://frankford.b-cdn.net/fabric_swatches/outdura_wyndham_wyndham-silver_2731.jpg
324001,Firemaster Carmine,Sattler / Outdura,F,Red,Red,Solids,https://frankford.b-cdn.net/fabric_swatches/outdura_firemaster_firemaster-carmine_324001.jpg
324010,Firemaster Frost,Sattler / Outdura,F,White,White,Solids,https://frankford.b-cdn.net/fabric_swatches/outdura_firemaster_firemaster-frost_324010.jpg
324022,Firemaster Storm,Sattler / Outdura,F,Grey,Grey,Solids,https://frankford.b-cdn.net/fabric_swatches/outdura_firemaster_firemaster-storm_324022.jpg
324023,Firemaster Tawny,Sattler / Outdura,F,Beige,Beige,Solids,https://frankford.b-cdn.net/fabric_swatches/outdura_firemaster_firemaster-tawny_324023.jpg
324024,Firemaster Sangria,Sattler / Outdura,F,Red,Red,Solids,https://frankford.b-cdn.net/fabric_swatches/outdura_firemaster_firemaster-sangria_324024.jpg
324025,Firemaster Mist,Sattler / Outdura,F,Grey,Grey,Solids,https://frankford.b-cdn.net/fabric_swatches/outdura_firemaster_firemaster-mist_324025.jpg
324028,Firemaster Raven,Sattler / Outdura,F,Black,Black,Solids,https://frankford.b-cdn.net/fabric_swatches/outdura_firemaster_firemaster-raven_324028.jpg
324029,Firemaster Pebble,Sattler / Outdura,F,Beige,Beige,Solids,https://frankford.b-cdn.net/fabric_swatches/outdura_firemaster_firemaster-pebble_324029.jpg
3376,Whisper Earth,Sattler / Outdura,F,Orange,Orange,Geometrics,https://frankford.b-cdn.net/fabric_swatches/outdura_whisper_whisper-earth_3376.jpg
3381,Whisper Antique,Sattler / Outdura,F,Brown,Brown,Geometrics,https://frankford.b-cdn.net/fabric_swatches/outdura_whisper_whisper-antique_3381.jpg
3710,Bedrock Sky,Sattler / Outdura,F,Blue,Blue,Geometrics,https://frankford.b-cdn.net/fabric_swatches/outdura_bedrock_bedrock-sky_3710.jpg
3711,Bedrock Ice,Sattler / Outdura,F,Blue,Blue,Geometrics,https://frankford.b-cdn.net/fabric_swatches/outdura_bedrock_bedrock-ice_3711.jpg
3714,Bedrock Almond,Sattler / Outdura,F,Brown,Brown,Geometrics,https://frankford.b-cdn.net/fabric_swatches/outdura_bedrock_bedrock-almond_3714.jpg
3715,Bedrock Tamale,Sattler / Outdura,F,Red,Red,Geometrics,https://frankford.b-cdn.net/fabric_swatches/outdura_bedrock_bedrock-tamale_3715.jpg
3717,Bedrock Smoke,Sattler / Outdura,F,Grey,Grey,Geometrics,https://frankford.b-cdn.net/fabric_swatches/outdura_bedrock_bedrock-smoke_3717.jpg
475W,Whitney Palm,Sattler / Outdura,F,Green,Green,Geometrics,https://frankford.b-cdn.net/fabric_swatches/outdura_whitney_whitney-palm_475W.jpg
50963/1,Donatello Cherry,Tempotest®,F,Red,Red,Solids,https://frankford.b-cdn.net/fabric_swatches/tempotest_foundations_donatello-cherry_50963-1.jpg
50963/10,Donatello Nickel,Tempotest®,F,Grey,Grey,Solids,https://frankford.b-cdn.net/fabric_swatches/tempotest_foundations_donatello-nickel_50963-10.jpg
50963/14,Donatello Dark Navy,Tempotest®,F,Blue,Blue,Solids,https://frankford.b-cdn.net/fabric_swatches/tempotest_foundations_donatello-dark-navy_50963-14.jpg
50963/15,Donatello Cobalt,Tempotest®,F,Blue,Blue,Solids,https://frankford.b-cdn.net/fabric_swatches/tempotest_foundations_donatello-cobalt_50963-15.jpg
50963/16,Donatello Toffee,Tempotest®,F,Beige,Beige,Solids,https://frankford.b-cdn.net/fabric_swatches/tempotest_foundations_donatello-toffee_50963-16.jpg
50964/13,Michelangelo Mocha,Tempotest®,F,Beige,Beige,Solids,https://frankford.b-cdn.net/fabric_swatches/tempotest_foundations_michelangelo-mocha_50964-13.jpg
50964/14,Michelangelo Silver,Tempotest®,F,Grey,Grey,Solids,https://frankford.b-cdn.net/fabric_swatches/tempotest_foundations_michelangelo-silver_50964-14.jpg
50964/16,Michelangelo Bark,Tempotest®,F,Brown,Brown | Black,Solids,https://frankford.b-cdn.net/fabric_swatches/tempotest_foundations_michelangelo-bark_50964-16.jpg
50964/17,Michelangelo Carbon,Tempotest®,F,Grey,Grey | Black,Solids,https://frankford.b-cdn.net/fabric_swatches/tempotest_foundations_michelangelo-carbon_50964-17.jpg
50964/18,Michelangelo Nickel,Tempotest®,F,Grey,Grey,Solids,https://frankford.b-cdn.net/fabric_swatches/tempotest_foundations_michelangelo-nickel_50964-18.jpg
50964/19,Michelangelo Midnight,Tempotest®,F,Black,Black | Grey,Solids,https://frankford.b-cdn.net/fabric_swatches/tempotest_foundations_michelangelo-midnight_50964-19.jpg
50964/2,Michelangelo Fire Orange,Tempotest®,F,Orange,Orange,Solids,https://frankford.b-cdn.net/fabric_swatches/tempotest_foundations_michelangelo-fire-orange_50964-2.jpg
50964/20,Michelangelo Deep Blue,Tempotest®,F,Blue,Blue,Solids,https://frankford.b-cdn.net/fabric_swatches/tempotest_foundations_michelangelo-deep-blue_50964-20.jpg
50964/21,Michelangelo Deep Sea,Tempotest®,F,Blue,Blue | Grey,Solids,https://frankford.b-cdn.net/fabric_swatches/tempotest_foundations_michelangelo-deep-sea_50964-21.jpg
50964/22,Michelangelo Toast,Tempotest®,F,Beige,Beige,Solids,https://frankford.b-cdn.net/fabric_swatches/tempotest_foundations_michelangelo-toast_50964-22.jpg
50964/23,Michelangelo Silver Beige,Tempotest®,F,Grey,Grey,Solids,https://frankford.b-cdn.net/fabric_swatches/tempotest_foundations_michelangelo-silver-beige_50964-23.jpg
50964/3,Michelangelo Buttercup,Tempotest®,F,Yellow,Yellow,Solids,https://frankford.b-cdn.net/fabric_swatches/tempotest_foundations_michelangelo-buttercup_50964-3.jpg
50964/4,Michelangelo Lime,Tempotest®,F,Green,Green,Solids,https://frankford.b-cdn.net/fabric_swatches/tempotest_foundations_michelangelo-lime_50964-4.jpg
50964/5,Michelangelo Olive,Tempotest®,F,Green,Green,Solids,https://frankford.b-cdn.net/fabric_swatches/tempotest_foundations_michelangelo-olive_50964-5.jpg
50964/6,Michelangelo Shore Blue,Tempotest®,F,Blue,Blue,Solids,https://frankford.b-cdn.net/fabric_swatches/tempotest_foundations_michelangelo-shore-blue_50964-6.jpg
50964/7,Michelangelo Sky Blue,Tempotest®,F,Blue,Blue,Solids,https://frankford.b-cdn.net/fabric_swatches/tempotest_foundations_michelangelo-sky-blue_50964-7.jpg
50964/8,Michelangelo Lilac,Tempotest®,F,Purple,Purple | Grey,Solids,https://frankford.b-cdn.net/fabric_swatches/tempotest_foundations_michelangelo-lilac_50964-8.jpg
50964/9,Michelangelo Plum,Tempotest®,F,Purple,Purple,Solids,https://frankford.b-cdn.net/fabric_swatches/tempotest_foundations_michelangelo-plum_50964-9.jpg
50965/1,Raffaello Parchment,Tempotest®,F,Beige,Beige,Solids,https://frankford.b-cdn.net/fabric_swatches/tempotest_foundations_raffaello-parchment_50965-1.jpg
50965/10,Raffaello Pebble,Tempotest®,F,Grey,Grey,Solids,https://frankford.b-cdn.net/fabric_swatches/tempotest_foundations_raffaello-pebble_50965-10.jpg
50965/18,Raffaello Navy,Tempotest®,F,Blue,Blue,Solids,https://frankford.b-cdn.net/fabric_swatches/tempotest_foundations_raffaello-navy_50965-18.jpg
50965/2,Raffaello Latte,Tempotest®,F,Beige,Beige,Solids,https://frankford.b-cdn.net/fabric_swatches/tempotest_foundations_raffaello-latte_50965-2.jpg
50965/3,Raffaello Smoke,Tempotest®,F,Grey,Grey,Solids,https://frankford.b-cdn.net/fabric_swatches/tempotest_foundations_raffaello-smoke_50965-3.jpg
50965/36,Raffaello White,Tempotest®,F,White,White,Solids,https://frankford.b-cdn.net/fabric_swatches/tempotest_foundations_raffaello-white_50965-36.jpg
50965/4,Raffaello Nickel,Tempotest®,F,Grey,Grey,Solids,https://frankford.b-cdn.net/fabric_swatches/tempotest_foundations_raffaello-nickel_50965-4.jpg
50965/5,Raffaello Taupe,Tempotest®,F,Grey,Grey,Solids,https://frankford.b-cdn.net/fabric_swatches/tempotest_foundations_raffaello-taupe_50965-5.jpg
50965/51,Raffaello Graphite,Tempotest®,F,Grey,Grey | Black,Solids,https://frankford.b-cdn.net/fabric_swatches/tempotest_foundations_raffaello-graphite_50965-51.jpg
50965/54,Raffaello Shore Blue,Tempotest®,F,Blue,Blue,Solids,https://frankford.b-cdn.net/fabric_swatches/tempotest_foundations_raffaello-shore-blue_50965-54.jpg
50965/6,Raffaello Dark Pewter,Tempotest®,F,Grey,Grey | Black,Solids,https://frankford.b-cdn.net/fabric_swatches/tempotest_foundations_raffaello-dark-pewter_50965-6.jpg
50965/8,Raffaello Charcoal,Tempotest®,F,Grey,Grey | Black,Solids,https://frankford.b-cdn.net/fabric_swatches/tempotest_foundations_raffaello-charcoal_50965-8.jpg
50965/9,Raffaello Mocha,Tempotest®,F,Beige,Beige,Solids,https://frankford.b-cdn.net/fabric_swatches/tempotest_foundations_raffaello-mocha_50965-9.jpg
51377/700,Striato White,Tempotest®,F,White,White,Solids,https://frankford.b-cdn.net/fabric_swatches/tempotest_foundations_striato-white_51377-700.jpg
51377/709,Striato Marlin,Tempotest®,F,Blue,Blue,Solids,https://frankford.b-cdn.net/fabric_swatches/tempotest_foundations_striato-marlin_51377-709.jpg
51377/710,Striato Pebble,Tempotest®,F,Grey,Grey,Solids,https://frankford.b-cdn.net/fabric_swatches/tempotest_foundations_striato-pebble_51377-710.jpg
51377/770,Striato Beach,Tempotest®,F,Beige,Beige,Solids,https://frankford.b-cdn.net/fabric_swatches/tempotest_foundations_striato-beach_51377-770.jpg
51608/16,Caravaggio Pool,Tempotest®,F,Blue,Blue,Solids,https://frankford.b-cdn.net/fabric_swatches/tempotest_pillars_caravaggio-pool_51608-16.jpg
51608/31,Caravaggio Silver,Tempotest®,F,Grey,Grey | White,Solids,https://frankford.b-cdn.net/fabric_swatches/tempotest_pillars_caravaggio-silver_51608-31.jpg
51608/32,Caravaggio Storm,Tempotest®,F,Black,Black | White,Solids,https://frankford.b-cdn.net/fabric_swatches/tempotest_pillars_caravaggio-storm_51608-32.jpg
51608/34,Caravaggio Parchment,Tempotest®,F,White,White,Solids,https://frankford.b-cdn.net/fabric_swatches/tempotest_pillars_caravaggio-parchment_51608-34.jpg
51608/41,Caravaggio Toast,Tempotest®,F,Beige,Beige,Solids,https://frankford.b-cdn.net/fabric_swatches/tempotest_pillars_caravaggio-toast_51608-41.jpg
51608/7,Caravaggio White,Tempotest®,F,White,White,Solids,https://frankford.b-cdn.net/fabric_swatches/tempotest_pillars_caravaggio-white_51608-7.jpg
6550,Lavalier Palm,Sattler / Outdura,F,Green,Green,Geometrics,https://frankford.b-cdn.net/fabric_swatches/outdura_lavalier_lavalier-palm_6550.jpg
6555,Lavalier Apricot,Sattler / Outdura,F,Orange,Orange,Geometrics,https://frankford.b-cdn.net/fabric_swatches/outdura_lavalier_lavalier-apricot_6555.jpg
6651,Rumor Natural,Sattler / Outdura,F,Beige,Beige,Textures,https://frankford.b-cdn.net/fabric_swatches/outdura_rumor_rumor-natural_6651.jpg
6652,Rumor Bamboo,Sattler / Outdura,F,Beige,Beige,Textures,https://frankford.b-cdn.net/fabric_swatches/outdura_rumor_rumor-bamboo_6652.jpg
6655,Rumor Stone,Sattler / Outdura,F,Beige,Beige,Textures,https://frankford.b-cdn.net/fabric_swatches/outdura_rumor_rumor-stone_6655.jpg
6661,Rumor Brick,Sattler / Outdura,F,Red,Red,Textures,https://frankford.b-cdn.net/fabric_swatches/outdura_rumor_rumor-brick_6661.jpg
6662,Rumor Buttercup,Sattler / Outdura,F,Yellow,Yellow,Textures,https://frankford.b-cdn.net/fabric_swatches/outdura_rumor_rumor-buttercup_6662.jpg
6663,Rumor Aquatic,Sattler / Outdura,F,Blue,Blue,Textures,https://frankford.b-cdn.net/fabric_swatches/outdura_rumor_rumor-aquatic_6663.jpg
6665,Rumor Nautical,Sattler / Outdura,F,Blue,Blue,Textures,https://frankford.b-cdn.net/fabric_swatches/outdura_rumor_rumor-nautical_6665.jpg
6667,Rumor Vanilla,Sattler / Outdura,F,Beige,Beige,Textures,https://frankford.b-cdn.net/fabric_swatches/outdura_rumor_rumor-vanilla_6667.jpg
6668,Rumor Slate,Sattler / Outdura,F,Grey,Grey,Textures,https://frankford.b-cdn.net/fabric_swatches/outdura_rumor_rumor-slate_6668.jpg
6669,Rumor Mushroom,Sattler / Outdura,F,Brown,Brown,Textures,https://frankford.b-cdn.net/fabric_swatches/outdura_rumor_rumor-mushroom_6669.jpg
6672,Rumor Midnight,Sattler / Outdura,F,Blue,Blue,Textures,https://frankford.b-cdn.net/fabric_swatches/outdura_rumor_rumor-midnight_6672.jpg
6674,Rumor Peacock,Sattler / Outdura,F,Blue,Blue,Textures,https://frankford.b-cdn.net/fabric_swatches/outdura_rumor_rumor-peacock_6674.jpg
6675,Rumor Snow,Sattler / Outdura,F,White,White,Textures,https://frankford.b-cdn.net/fabric_swatches/outdura_rumor_rumor-snow_6675.jpg
6676,Rumor Waterfall,Sattler / Outdura,F,Blue,Blue,Textures,https://frankford.b-cdn.net/fabric_swatches/outdura_rumor_rumor-waterfall_6676.jpg
6677,Rumor Dove,Sattler / Outdura,F,Grey,Grey,Textures,https://frankford.b-cdn.net/fabric_swatches/outdura_rumor_rumor-dove_6677.jpg
6679,Rumor Coal,Sattler / Outdura,F,Grey,Grey,Textures,https://frankford.b-cdn.net/fabric_swatches/outdura_rumor_rumor-coal_6679.jpg
6680,Rumor Platinum,Sattler / Outdura,F,Grey,Grey,Textures,https://frankford.b-cdn.net/fabric_swatches/outdura_rumor_rumor-platinum_6680.jpg
6683,Rumor Turquoise,Sattler / Outdura,F,Blue,Blue,Textures,https://frankford.b-cdn.net/fabric_swatches/outdura_rumor_rumor-turquoise_6683.jpg
6685,Rumor Burlap,Sattler / Outdura,F,Brown,Brown,Textures,https://frankford.b-cdn.net/fabric_swatches/outdura_rumor_rumor-burlap_6685.jpg
6686,Rumor Limestone,Sattler / Outdura,F,Brown,Brown,Textures,https://frankford.b-cdn.net/fabric_swatches/outdura_rumor_rumor-limestone_6686.jpg
6687,Rumor Chablis,Sattler / Outdura,F,Beige,Beige,Textures,https://frankford.b-cdn.net/fabric_swatches/outdura_rumor_rumor-chablis_6687.jpg
6691,Rumor Clover,Sattler / Outdura,F,Green,Green,Textures,https://frankford.b-cdn.net/fabric_swatches/outdura_rumor_rumor-clover_6691.jpg
6693,Rumor Flamingo,Sattler / Outdura,F,Pink,Pink,Textures,https://frankford.b-cdn.net/fabric_swatches/outdura_rumor_rumor-flamingo_6693.jpg
6925,Flurry Whiskey,Sattler / Outdura,F,Brown,Brown,Textures,https://frankford.b-cdn.net/fabric_swatches/outdura_flurry_flurry-whiskey_6925.jpg
6927,Flurry Spring,Sattler / Outdura,F,Green,Green,Textures,https://frankford.b-cdn.net/fabric_swatches/outdura_flurry_flurry-spring_6927.jpg
6928,Flurry Cherry,Sattler / Outdura,F,Red,Red,Textures,https://frankford.b-cdn.net/fabric_swatches/outdura_flurry_flurry-cherry_6928.jpg
6930,Flurry Granite,Sattler / Outdura,F,Grey,Grey,Textures,https://frankford.b-cdn.net/fabric_swatches/outdura_flurry_flurry-granite_6930.jpg
6932,Flurry Neptune,Sattler / Outdura,F,Blue,Blue,Textures,https://frankford.b-cdn.net/fabric_swatches/outdura_flurry_flurry-neptune_6932.jpg
7430,Loft Charcoal,Sattler / Outdura,F,Grey,Grey,Textures,https://frankford.b-cdn.net/fabric_swatches/outdura_loft_loft-charcoal_7430.jpg
7431,Loft Snow,Sattler / Outdura,F,White,White,Textures,https://frankford.b-cdn.net/fabric_swatches/outdura_loft_loft-snow_7431.jpg
7432,Loft Slate,Sattler / Outdura,F,Grey,Grey,Textures,https://frankford.b-cdn.net/fabric_swatches/outdura_loft_loft-slate_7432.jpg
7433,Loft Buff,Sattler / Outdura,F,White,White,Textures,https://frankford.b-cdn.net/fabric_swatches/outdura_loft_loft-buff_7433.jpg
7434,Loft Basil,Sattler / Outdura,F,Green,Green,Textures,https://frankford.b-cdn.net/fabric_swatches/outdura_loft_loft-basil_7434.jpg
7435,Loft Pool,Sattler / Outdura,F,Blue,Blue,Textures,https://frankford.b-cdn.net/fabric_swatches/outdura_loft_loft-pool_7435.jpg
7436,Loft Midnight,Sattler / Outdura,F,Blue,Blue,Textures,https://frankford.b-cdn.net/fabric_swatches/outdura_loft_loft-midnight_7436.jpg
7437,Loft Crimson,Sattler / Outdura,F,Red,Red,Textures,https://frankford.b-cdn.net/fabric_swatches/outdura_loft_loft-crimson_7437.jpg
7500,Poppy Midnight,Sattler / Outdura,F,Grey,Grey | Blue,Geometrics,https://frankford.b-cdn.net/fabric_swatches/outdura_poppy_poppy-midnight_7500.jpg
7503,Poppy Capri,Sattler / Outdura,F,Blue,Blue,Geometrics,https://frankford.b-cdn.net/fabric_swatches/outdura_poppy_poppy-capri_7503.jpg
7504,Poppy Steel,Sattler / Outdura,F,Grey,Grey | Brown,Geometrics,https://frankford.b-cdn.net/fabric_swatches/outdura_poppy_poppy-steel_7504.jpg
8376,Avila Buff,Sattler / Outdura,F,Beige,Beige,Textures,https://frankford.b-cdn.net/fabric_swatches/outdura_avila_avila-buff_8376.jpg
8378,Avila Cocoa,Sattler / Outdura,F,Brown,Brown,Textures,https://frankford.b-cdn.net/fabric_swatches/outdura_avila_avila-cocoa_8378.jpg
8381,Avila Almond,Sattler / Outdura,F,Beige,Beige,Textures,https://frankford.b-cdn.net/fabric_swatches/outdura_avila_avila-almond_8381.jpg
8385,Avila Chablis,Sattler / Outdura,F,Beige,Beige,Textures,https://frankford.b-cdn.net/fabric_swatches/outdura_avila_avila-chablis_8385.jpg
8387,Avila Granite,Sattler / Outdura,F,Brown,Brown,Textures,https://frankford.b-cdn.net/fabric_swatches/outdura_avila_avila-granite_8387.jpg
8389,Avila Cascade,Sattler / Outdura,F,Blue,Blue,Textures,https://frankford.b-cdn.net/fabric_swatches/outdura_avila_avila-cascade_8389.jpg
8390,Avila Dove,Sattler / Outdura,F,Grey,Grey,Textures,https://frankford.b-cdn.net/fabric_swatches/outdura_avila_avila-dove_8390.jpg
8392,Avila Moon,Sattler / Outdura,F,White,White,Textures,https://frankford.b-cdn.net/fabric_swatches/outdura_avila_avila-moon_8392.jpg
8393,Avila Basalt,Sattler / Outdura,F,Beige,Beige,Textures,https://frankford.b-cdn.net/fabric_swatches/outdura_avila_avila-basalt_8393.jpg
8394,Avila Aqua,Sattler / Outdura,F,Blue,Blue,Textures,https://frankford.b-cdn.net/fabric_swatches/outdura_avila_avila-aqua_8394.jpg
8395,Avila Dusk,Sattler / Outdura,F,Blue,Blue,Textures,https://frankford.b-cdn.net/fabric_swatches/outdura_avila_avila-dusk_8395.jpg
8396,Avila Breeze,Sattler / Outdura,F,Green,Green,Textures,https://frankford.b-cdn.net/fabric_swatches/outdura_avila_avila-breeze_8396.jpg
8397,Avila Spring,Sattler / Outdura,F,Green,Green,Textures,https://frankford.b-cdn.net/fabric_swatches/outdura_avila_avila-spring_8397.jpg
8398,Avila Salsa,Sattler / Outdura,F,Red,Red,Textures,https://frankford.b-cdn.net/fabric_swatches/outdura_avila_avila-salsa_8398.jpg
8526,Spiro Capri,Sattler / Outdura,F,Blue,Blue,Geometrics,https://frankford.b-cdn.net/fabric_swatches/outdura_spiro_spiro-capri_8526.jpg
8530,Spiro Graphite,Sattler / Outdura,F,Grey,Grey,Geometrics,https://frankford.b-cdn.net/fabric_swatches/outdura_spiro_spiro-graphite_8530.jpg
8710,Melody Sapphire,Sattler / Outdura,F,Blue,Blue,Geometrics,https://frankford.b-cdn.net/fabric_swatches/outdura_melody_melody-sapphire_8710.jpg
8711,Melody Lichen,Sattler / Outdura,F,Green,Green,Geometrics,https://frankford.b-cdn.net/fabric_swatches/outdura_melody_melody-lichen_8711.jpg
8712,Melody Lead,Sattler / Outdura,F,Brown,Brown,Geometrics,https://frankford.b-cdn.net/fabric_swatches/outdura_melody_melody-lead_8712.jpg
8713,Melody Chrome,Sattler / Outdura,F,Grey,Grey,Geometrics,https://frankford.b-cdn.net/fabric_swatches/outdura_melody_melody-chrome_8713.jpg
8714,Melody Ruby,Sattler / Outdura,F,Red,Red,Geometrics,https://frankford.b-cdn.net/fabric_swatches/outdura_melody_melody-ruby_8714.jpg
8803,Geo Carbon,Sattler / Outdura,F,Brown,Brown | Grey,Geometrics,https://frankford.b-cdn.net/fabric_swatches/outdura_geo_geo-carbon_8803.jpg
8804,Geo Nautical,Sattler / Outdura,F,Blue,Blue | White,Geometrics,https://frankford.b-cdn.net/fabric_swatches/outdura_geo_geo-nautical_8804.jpg
51791/1,Finestra Aleutian,Tempotest®,F+,Blue,Blue | White,Solids,https://frankford.b-cdn.net/fabric_swatches/tempotest_pillars_finestra-aleutian_51791-1.jpg
51791/3,Finestra Timber,Tempotest®,F+,Black,Black | White,Solids,https://frankford.b-cdn.net/fabric_swatches/tempotest_pillars_finestra-timber_51791-3.jpg
51791/4,Finestra Putty,Tempotest®,F+,Beige,Beige | White,Solids,https://frankford.b-cdn.net/fabric_swatches/tempotest_pillars_finestra-putty_51791-4.jpg
51792/1,Grano Maritime,Tempotest®,F+,Blue,Blue,,https://frankford.b-cdn.net/fabric_swatches/tempotest_pillars_grano-maritime_51792-1.jpg
51792/3,Grano Burnish,Tempotest®,F+,Black,Black | White,,https://frankford.b-cdn.net/fabric_swatches/tempotest_pillars_grano-burnish_51792-3.jpg
51792/4,Grano Desert Taupe,Tempotest®,F+,Beige,Beige | White,,https://frankford.b-cdn.net/fabric_swatches/tempotest_pillars_grano-desert-taupe_51792-4.jpg
52005/1,Palma Fawn,Tempotest®,F+,Beige,Beige,,https://frankford.b-cdn.net/fabric_swatches/tempotest_pillars_palma-fawn_52005-1.jpg
52005/11,Palma Fossil,Tempotest®,F+,Black,Black | Grey,,https://frankford.b-cdn.net/fabric_swatches/tempotest_pillars_palma-fossil_52005-11.jpg
52005/3,Palma Celeste,Tempotest®,F+,Blue,Blue | White,,https://frankford.b-cdn.net/fabric_swatches/tempotest_pillars_palma-celeste_52005-3.jpg
52005/7,Palma Cypress,Tempotest®,F+,Green,Green | Beige,,https://frankford.b-cdn.net/fabric_swatches/tempotest_pillars_palma-cypress_52005-7.jpg
52005/8,Palma Terracotta,Tempotest®,F+,Red,Red | Beige,,https://frankford.b-cdn.net/fabric_swatches/tempotest_pillars_palma-terracotta_52005-8.jpg
52005/9,Palma Cadet,Tempotest®,F+,Blue,Blue,,https://frankford.b-cdn.net/fabric_swatches/tempotest_pillars_palma-cadet_52005-9.jpg
52006/1,Mazzo Fawn,Tempotest®,F+,Beige,Beige,,https://frankford.b-cdn.net/fabric_swatches/tempotest_pillars_mazzo-fawn_52006-1.jpg
52006/11,Mazzo Fossil,Tempotest®,F+,Black,Black | Grey,,https://frankford.b-cdn.net/fabric_swatches/tempotest_pillars_mazzo-fossil_52006-11.jpg
52006/3,Mazzo Celeste,Tempotest®,F+,Blue,Blue | Grey,,https://frankford.b-cdn.net/fabric_swatches/tempotest_pillars_mazzo-celeste_52006-3.jpg
52006/7,Mazzo Cypress,Tempotest®,F+,Green,Green | Beige,,https://frankford.b-cdn.net/fabric_swatches/tempotest_pillars_mazzo-cypress_52006-7.jpg
52006/8,Mazzo Terracotta,Tempotest®,F+,Red,Red | Beige,,https://frankford.b-cdn.net/fabric_swatches/tempotest_pillars_mazzo-terracotta_52006-8.jpg
52006/9,Mazzo Cadet,Tempotest®,F+,Blue,Blue,,https://frankford.b-cdn.net/fabric_swatches/tempotest_pillars_mazzo-cadet_52006-9.jpg
52007/1,Metro Fawn,Tempotest®,F+,Beige,Beige | White,,https://frankford.b-cdn.net/fabric_swatches/tempotest_pillars_metro-fawn_52007-1.jpg
52007/11,Metro Fossil,Tempotest®,F+,Black,Black | Grey,,https://frankford.b-cdn.net/fabric_swatches/tempotest_pillars_metro-fossil_52007-11.jpg
52007/3,Metro Celeste,Tempotest®,F+,Blue,Blue,,https://frankford.b-cdn.net/fabric_swatches/tempotest_pillars_metro-celeste_52007-3.jpg
52007/7,Metro Cypress,Tempotest®,F+,Green,Green | Beige,,https://frankford.b-cdn.net/fabric_swatches/tempotest_pillars_metro-cypress_52007-7.jpg
52007/8,Metro Terracotta,Tempotest®,F+,Red,Red | Beige,,https://frankford.b-cdn.net/fabric_swatches/tempotest_pillars_metro-terracotta_52007-8.jpg
52007/9,Metro Cadet,Tempotest®,F+,Blue,Blue,,https://frankford.b-cdn.net/fabric_swatches/tempotest_pillars_metro-cadet_52007-9.jpg
52008/1,Vimini Fawn,Tempotest®,F+,Beige,Beige,,https://frankford.b-cdn.net/fabric_swatches/tempotest_pillars_vimini-fawn_52008-1.jpg
52008/11,Vimini Fossil,Tempotest®,F+,Black,Black | White,,https://frankford.b-cdn.net/fabric_swatches/tempotest_pillars_vimini-fossil_52008-11.jpg
52008/3,Vimini Celeste,Tempotest®,F+,Blue,Blue | White,,https://frankford.b-cdn.net/fabric_swatches/tempotest_pillars_vimini-celeste_52008-3.jpg
52008/8,Vimini Terracotta,Tempotest®,F+,Red,Red | Beige,,https://frankford.b-cdn.net/fabric_swatches/tempotest_pillars_vimini-terracotta_52008-8.jpg
52008/9,Vimini Cadet,Tempotest®,F+,Blue,Blue,,https://frankford.b-cdn.net/fabric_swatches/tempotest_pillars_vimini-cadet_52008-9.jpg
52009/1,Cortile Fawn,Tempotest®,F+,Beige,Beige,,https://frankford.b-cdn.net/fabric_swatches/tempotest_pillars_cortile-fawn_52009-1.jpg
52009/11,Cortile Fossil,Tempotest®,F+,Black,Black | Grey,,https://frankford.b-cdn.net/fabric_swatches/tempotest_pillars_cortile-fossil_52009-11.jpg
52009/3,Cortile Celeste,Tempotest®,F+,Blue,Blue | Grey,,https://frankford.b-cdn.net/fabric_swatches/tempotest_pillars_cortile-celeste_52009-3.jpg
52009/7,Cortile Cypress,Tempotest®,F+,Green,Green | Beige,,https://frankford.b-cdn.net/fabric_swatches/tempotest_pillars_cortile-cypress_52009-7.jpg
52009/8,Cortile Terracotta,Tempotest®,F+,Red,Red | Beige,,https://frankford.b-cdn.net/fabric_swatches/tempotest_pillars_cortile-terracotta_52009-8.jpg
52009/9,Cortile Cadet,Tempotest®,F+,Blue,Blue,,https://frankford.b-cdn.net/fabric_swatches/tempotest_pillars_cortile-cadet_52009-9.jpg
52011/1,Astratta Fawn,Tempotest®,F+,Beige,Beige,,https://frankford.b-cdn.net/fabric_swatches/tempotest_pillars_astratta-fawn_52011-1.jpg
52011/11,Astratta Fossil,Tempotest®,F+,Black,Black | Grey,,https://frankford.b-cdn.net/fabric_swatches/tempotest_pillars_astratta-fossil_52011-11.jpg
52011/3,Astratta Celeste,Tempotest®,F+,Blue,Blue | Grey,,https://frankford.b-cdn.net/fabric_swatches/tempotest_pillars_astratta-celeste_52011-3.jpg
52011/7,Astratta Cypress,Tempotest®,F+,Green,Green | Beige,,https://frankford.b-cdn.net/fabric_swatches/tempotest_pillars_astratta-cypress_52011-7.jpg
52011/8,Astratta Terracotta,Tempotest®,F+,Red,Red | Beige,,https://frankford.b-cdn.net/fabric_swatches/tempotest_pillars_astratta-terracotta_52011-8.jpg
52011/9,Astratta Cadet,Tempotest®,F+,Blue,Blue,,https://frankford.b-cdn.net/fabric_swatches/tempotest_pillars_astratta-cadet_52011-9.jpg
52016/1,Menzino Fawn,Tempotest®,F+,Beige,Beige | White,Solids,https://frankford.b-cdn.net/fabric_swatches/tempotest_pillars_menzino-fawn_52016-1.jpg
52016/11,Menzino Fossil,Tempotest®,F+,Black,Black | White,Solids,https://frankford.b-cdn.net/fabric_swatches/tempotest_pillars_menzino-fossil_52016-11.jpg
52016/3,Menzino Celeste,Tempotest®,F+,Blue,Blue | White,Solids,https://frankford.b-cdn.net/fabric_swatches/tempotest_pillars_menzino-celeste_52016-3.jpg
52016/8,Menzino Terracotta,Tempotest®,F+,Red,Red | Beige,Solids,https://frankford.b-cdn.net/fabric_swatches/tempotest_pillars_menzino-terracotta_52016-8.jpg
52016/9,Menzino Cadet,Tempotest®,F+,Blue,Blue,Solids,https://frankford.b-cdn.net/fabric_swatches/tempotest_pillars_menzino-cadet_52016-9.jpg
52017/1,Carzano Fawn,Tempotest®,F+,Beige,Beige,Solids,https://frankford.b-cdn.net/fabric_swatches/tempotest_pillars_carzano-fawn_52017-1.jpg
52017/11,Carzano Fossil,Tempotest®,F+,Black,Black | Grey,Solids,https://frankford.b-cdn.net/fabric_swatches/tempotest_pillars_carzano-fossil_52017-11.jpg
52017/3,Carzano Celeste,Tempotest®,F+,Blue,Blue | Grey,Solids,https://frankford.b-cdn.net/fabric_swatches/tempotest_pillars_carzano-celeste_52017-3.jpg
52017/7,Carzano Cypress,Tempotest®,F+,Green,Green | Beige,Solids,https://frankford.b-cdn.net/fabric_swatches/tempotest_pillars_carzano-cypress_52017-7.jpg
52017/8,Carzano Terracotta,Tempotest®,F+,Red,Red | Beige,Solids,https://frankford.b-cdn.net/fabric_swatches/tempotest_pillars_carzano-terracotta_52017-8.jpg
52017/9,Carzano Cadet,Tempotest®,F+,Blue,Blue,Solids,https://frankford.b-cdn.net/fabric_swatches/tempotest_pillars_carzano-cadet_52017-9.jpg
52018/1,Variegata Fawn,Tempotest®,F+,Beige,Beige,Solids,https://frankford.b-cdn.net/fabric_swatches/tempotest_pillars_variegata-fawn_52018-1.jpg
52018/11,Variegata Fossil,Tempotest®,F+,Black,Black | Grey,Solids,https://frankford.b-cdn.net/fabric_swatches/tempotest_pillars_variegata-fossil_52018-11.jpg
52018/3,Variegata Celeste,Tempotest®,F+,Blue,Blue | White,Solids,https://frankford.b-cdn.net/fabric_swatches/tempotest_pillars_variegata-celeste_52018-3.jpg
52018/7,Variegata Cypress,Tempotest®,F+,Green,Green | Beige,Solids,https://frankford.b-cdn.net/fabric_swatches/tempotest_pillars_variegata-cypress_52018-7.jpg
52018/8,Variegata Terracotta,Tempotest®,F+,Red,Red | Beige,Solids,https://frankford.b-cdn.net/fabric_swatches/tempotest_pillars_variegata-terracotta_52018-8.jpg
52018/9,Variegata Cadet,Tempotest®,F+,Blue,Blue,Solids,https://frankford.b-cdn.net/fabric_swatches/tempotest_pillars_variegata-cadet_52018-9.jpg
52019/1,Costa Fawn,Tempotest®,F+,Beige,Beige,Stripes,https://frankford.b-cdn.net/fabric_swatches/tempotest_pillars_costa-fawn_52019-1.jpg
52019/11,Costa Fossil,Tempotest®,F+,Black,Black | Grey,Stripes,https://frankford.b-cdn.net/fabric_swatches/tempotest_pillars_costa-fossil_52019-11.jpg
52019/3,Costa Celeste,Tempotest®,F+,Blue,Blue | Grey,Stripes,https://frankford.b-cdn.net/fabric_swatches/tempotest_pillars_costa-celeste_52019-3.jpg
52019/7,Costa Cypress,Tempotest®,F+,Green,Green | Beige,Stripes,https://frankford.b-cdn.net/fabric_swatches/tempotest_pillars_costa-cypress_52019-7.jpg
52019/8,Costa Terracotta,Tempotest®,F+,Red,Red | Beige,Stripes,https://frankford.b-cdn.net/fabric_swatches/tempotest_pillars_costa-terracotta_52019-8.jpg
52019/9,Costa Cadet,Tempotest®,F+,Blue,Blue,Stripes,https://frankford.b-cdn.net/fabric_swatches/tempotest_pillars_costa-cadet_52019-9.jpg
52020/1,Regata Fawn,Tempotest®,F+,Beige,Beige,Stripes,https://frankford.b-cdn.net/fabric_swatches/tempotest_pillars_regata-fawn_52020-1.jpg
52020/11,Regata Fossil,Tempotest®,F+,Black,Black | Grey,Stripes,https://frankford.b-cdn.net/fabric_swatches/tempotest_pillars_regata-fossil_52020-11.jpg
52020/3,Regata Celeste,Tempotest®,F+,Blue,Blue,Stripes,https://frankford.b-cdn.net/fabric_swatches/tempotest_pillars_regata-celeste_52020-3.jpg
52020/7,Regata Cypress,Tempotest®,F+,Green,Green | Beige,Stripes,https://frankford.b-cdn.net/fabric_swatches/tempotest_pillars_regata-cypress_52020-7.jpg
52020/8,Regata Terracotta,Tempotest®,F+,Red,Red | Beige,Stripes,https://frankford.b-cdn.net/fabric_swatches/tempotest_pillars_regata-terracotta_52020-8.jpg
52020/9,Regata Cadet,Tempotest®,F+,Blue,Blue,Stripes,https://frankford.b-cdn.net/fabric_swatches/tempotest_pillars_regata-cadet_52020-9.jpg
52024/1,Prateria Fawn,Tempotest®,F+,Beige,Beige,,https://frankford.b-cdn.net/fabric_swatches/tempotest_pillars_prateria-fawn_52024-1.jpg
52024/11,Prateria Fossil,Tempotest®,F+,Black,Black | Grey,,https://frankford.b-cdn.net/fabric_swatches/tempotest_pillars_prateria-fossil_52024-11.jpg
52024/3,Prateria Celeste,Tempotest®,F+,Blue,Blue | White,,https://frankford.b-cdn.net/fabric_swatches/tempotest_pillars_prateria-celeste_52024-3.jpg
52024/7,Prateria Cypress,Tempotest®,F+,Green,Green | Beige,,https://frankford.b-cdn.net/fabric_swatches/tempotest_pillars_prateria-cypress_52024-7.jpg
52024/8,Prateria Terracotta,Tempotest®,F+,Red,Red | Beige,,https://frankford.b-cdn.net/fabric_swatches/tempotest_pillars_prateria-terracotta_52024-8.jpg
52024/9,Prateria Cadet,Tempotest®,F+,Blue,Blue,,https://frankford.b-cdn.net/fabric_swatches/tempotest_pillars_prateria-cadet_52024-9.jpg
52039/7,Vimini Cypress,Tempotest®,F+,Green,Green | Beige,,https://frankford.b-cdn.net/fabric_swatches/tempotest_pillars_vimini-cypress_52039-7.jpg
52040/7,Menzino Cypress,Tempotest®,F+,Green,Green | Beige,Solids,https://frankford.b-cdn.net/fabric_swatches/tempotest_pillars_menzino-cypress_52040-7.jpg
