Product Name,SKU,Price,Availability,Category,Collection,Description,Brand,Product URL,Image URL,Additional Images
Amari Club Chair,279413-116,$499,In Stock,Deep Seating & Lounge,Amari,"Amari club chair in meteor finish. Cushion not included, see cushion 684201.",Hanamint,https://hanamintstore.com/amari-club-chair/,https://cdn11.bigcommerce.com/s-qgjte8dlii/products/707/images/3124/279413__54763.1693234673.386.513.JPG,https://cdn11.bigcommerce.com/s-qgjte8dlii/images/stencil/1280x1280/products/707/3124/279413__54763.1693234673.JPG?c=1
Amari Club Swivel Rocker,279418-116,$650,In Stock,Deep Seating & Lounge,Amari,"Amari club swivel rocker in meteor finish. Cushion not included, see cushion 684201.",Hanamint,https://hanamintstore.com/amari-club-swivel-rocker/,https://cdn11.bigcommerce.com/s-qgjte8dlii/products/708/images/3125/279418__90340.1693234778.386.513.jpg,https://cdn11.bigcommerce.com/s-qgjte8dlii/images/stencil/1280x1280/products/708/3125/279418__90340.1693234778.jpg?c=1
Amari Loveseat,279423-116,$799,In Stock,Deep Seating & Lounge,Amari,"Amari Loveseat in meteor finish. Cushion not included, see cushion 684401.",Hanamint,https://hanamintstore.com/amari-loveseat/,https://cdn11.bigcommerce.com/s-qgjte8dlii/products/709/images/3126/279423__81483.1693234911.386.513.jpg,https://cdn11.bigcommerce.com/s-qgjte8dlii/images/stencil/1280x1280/products/709/3126/279423__81483.1693234911.jpg?c=1
Cedar Sling Chaise Lounge,309336,$949,In Stock,Deep Seating & Lounge,Cedar Sling,Cedar Sling chaise lounge in black with choice of two slings.,Hanamint,https://hanamintstore.com/cedar-sling-chaise-lounge/,https://cdn11.bigcommerce.com/s-qgjte8dlii/products/4136/images/3568/309336-BK-5828067__24970.1766972046.386.513.jpg,https://cdn11.bigcommerce.com/s-qgjte8dlii/images/stencil/1280x1280/products/4136/3568/309336-BK-5828067__24970.1766972046.jpg?c=1 | https://cdn11.bigcommerce.com/s-qgjte8dlii/images/stencil/1280x1280/products/4136/3569/Augustine_Shadow__19180.1766971622.1280.1280__65377.1766971787.1280.1280__69616.1766972046.jpg?c=1 | https://cdn11.bigcommerce.com/s-qgjte8dlii/images/stencil/1280x1280/products/4136/3567/5928-0044_62_Augustine_Silver__53511.1766972046.jpg?c=1
Clayton Sling Chaise Lounge,299336-06-59283,$849,In Stock,Deep Seating & Lounge,Clayton Sling,Clayton Sling chaise lounge in desert bronze with augustine fennel sling.,Hanamint,https://hanamintstore.com/clayton-sling-chaise-lounge/,https://cdn11.bigcommerce.com/s-qgjte8dlii/products/4132/images/3560/299336__58988.1766971317.386.513.JPG,https://cdn11.bigcommerce.com/s-qgjte8dlii/images/stencil/1280x1280/products/4132/3560/299336__58988.1766971317.JPG?c=1 | https://cdn11.bigcommerce.com/s-qgjte8dlii/images/stencil/1280x1280/products/4132/3559/5928-0033_46_Augustine_Fennel__93811.1766971199.1280.1280__52619.1766971316.jpg?c=1
Clayton Sling Swivel Rocker,299342-06-59283,$649,In Stock,Deep Seating & Lounge,Clayton Sling,Clayton Sling swivel rocker in desert bronze with augustine fennel sling.,Hanamint,https://hanamintstore.com/clayton-sling-swivel-rocker/,https://cdn11.bigcommerce.com/s-qgjte8dlii/products/4133/images/3562/299342__37561.1766971419.386.513.JPG,https://cdn11.bigcommerce.com/s-qgjte8dlii/images/stencil/1280x1280/products/4133/3562/299342__37561.1766971419.JPG?c=1 | https://cdn11.bigcommerce.com/s-qgjte8dlii/images/stencil/1280x1280/products/4133/3561/5928-0033_46_Augustine_Fennel__93811.1766971199.1280.1280__59351.1766971418.jpg?c=1
Mayfair Estate Club Glider in Desert Bronze,208419-06,$899,In Stock,Deep Seating & Lounge,Mayfair,Mayfair Estate Club Glider in Desert Bronze,Hanamint,https://hanamintstore.com/mayfair-estate-club-glider-in-desert-bronze/,https://cdn11.bigcommerce.com/s-qgjte8dlii/products/4103/images/3525/208419_DB_b__58473.1765322474.386.513.jpg,https://cdn11.bigcommerce.com/s-qgjte8dlii/images/stencil/1280x1280/products/4103/3525/208419_DB_b__58473.1765322474.jpg?c=1
Mayfair Swivel Rocker,208341-06,$459,In Stock,Deep Seating & Lounge,Mayfair,Mayfair Swivel Rocker in Desert Bronze.,Hanamint,https://hanamintstore.com/mayfair-swivel-rocker/,https://cdn11.bigcommerce.com/s-qgjte8dlii/products/4165/images/3655/208341__72870.1778173701.386.513.jpg,https://cdn11.bigcommerce.com/s-qgjte8dlii/images/stencil/1280x1280/products/4165/3655/208341__72870.1778173701.jpg?c=1
PInecrest Estate Club Swivel Rocker,811418-109,$699,In Stock,Deep Seating & Lounge,Pinecrest,"Pinecrest Club Swivel Rocker cushion not included. Golden Mist Finish. Pinecrest Club Swivel Rocker Dimensions W: 27.6"" D: 25.4"" H: 33.7"" Back Matching cushion #694184 or #684108.",Hanamint,https://hanamintstore.com/pinecrest-estate-club-swivel-rocker/,https://cdn11.bigcommerce.com/s-qgjte8dlii/products/4022/images/3363/811418_b__46746.1736699088.386.513.JPG,https://cdn11.bigcommerce.com/s-qgjte8dlii/images/stencil/1280x1280/products/4022/3363/811418_b__46746.1736699088.JPG?c=1
Pinecrest Swivel Rocker,811341-109,$475,In Stock,Deep Seating & Lounge,Pinecrest,"Pinecrest swivel rocker in golden mist finish. Cushion not included, see cushion 681107.",Hanamint,https://hanamintstore.com/pinecrest-swivel-rocker/,https://cdn11.bigcommerce.com/s-qgjte8dlii/products/4021/images/3362/811341__34096.1736698821.386.513.JPG,https://cdn11.bigcommerce.com/s-qgjte8dlii/images/stencil/1280x1280/products/4021/3362/811341__34096.1736698821.JPG?c=1
Santa Barbara Club Chair,704411,$499,In Stock,Deep Seating & Lounge,Santa Barbara,Santa Barbara Club Chair. Choice of KD requiring assembly or fully welded model. Finish is Terra Mist. Uses Cushion Style #684102,Hanamint,https://hanamintstore.com/santa-barbara-club-chair/,https://cdn11.bigcommerce.com/s-qgjte8dlii/products/4174/images/3699/704413B__45424.1778434296.386.513.jpg,https://cdn11.bigcommerce.com/s-qgjte8dlii/images/stencil/1280x1280/products/4174/3699/704413B__45424.1778434296.jpg?c=1
Savannah Club Chair,188411-06,$499,In Stock,Deep Seating & Lounge,Savannah,Savannah Club Chair in Terra Mist finish. Assembly Required Cushion not included. Matching cushion 684103,Hanamint,https://hanamintstore.com/savannah-club-chair/,https://cdn11.bigcommerce.com/s-qgjte8dlii/products/4024/images/3365/188411_Club_Chair__35569.1736700046.386.513.jpg,https://cdn11.bigcommerce.com/s-qgjte8dlii/images/stencil/1280x1280/products/4024/3365/188411_Club_Chair__35569.1736700046.jpg?c=1
Somerset Club Swivel Rocker,724418-18,$699,In Stock,Deep Seating & Lounge,Somerset,Somerset Club Swivel Rocker. Finish is Terra Mist. Includes choice of cushion.,Hanamint,https://hanamintstore.com/somerset-club-swivel-rocker/,https://cdn11.bigcommerce.com/s-qgjte8dlii/products/4175/images/3717/H70418__92304.1778435484.386.513.jpg,https://cdn11.bigcommerce.com/s-qgjte8dlii/images/stencil/1280x1280/products/4175/3717/H70418__92304.1778435484.jpg?c=1 | https://cdn11.bigcommerce.com/s-qgjte8dlii/images/stencil/1280x1280/products/4175/3709/Cast_Slate_40434-0000__39482.1778435484.jpg?c=1 | https://cdn11.bigcommerce.com/s-qgjte8dlii/images/stencil/1280x1280/products/4175/3707/Cast_Lagoon_40456-0000__72016.1778435484.jpg?c=1 | https://cdn11.bigcommerce.com/s-qgjte8dlii/images/stencil/1280x1280/products/4175/3701/Model_Sand__05355.1778435483.JPG?c=1 | https://cdn11.bigcommerce.com/s-qgjte8dlii/images/stencil/1280x1280/products/4175/3708/Spectrum_Coffee_48029-0000__67065.1778435484.jpg?c=1 | https://cdn11.bigcommerce.com/s-qgjte8dlii/images/stencil/1280x1280/products/4175/3714/Spectrum_Indigo_48080-0000__11382.1778435484.jpg?c=1 | https://cdn11.bigcommerce.com/s-qgjte8dlii/images/stencil/1280x1280/products/4175/3704/Cast_Teak__74003.1778435484.jpg?c=1 | https://cdn11.bigcommerce.com/s-qgjte8dlii/images/stencil/1280x1280/products/4175/3705/cast-pomegranate__43192.1778435484.jpg?c=1 | https://cdn11.bigcommerce.com/s-qgjte8dlii/images/stencil/1280x1280/products/4175/3703/Canvas_Jockey_Red_5403-0000__96349.1778435484.jpg?c=1 | https://cdn11.bigcommerce.com/s-qgjte8dlii/images/stencil/1280x1280/products/4175/3718/Canvas_Henna_5407-0000__10238.1778435484.jpg?c=1 | https://cdn11.bigcommerce.com/s-qgjte8dlii/images/stencil/1280x1280/products/4175/3702/Canvas_Brick__02751.1778435483.jpg?c=1 | https://cdn11.bigcommerce.com/s-qgjte8dlii/images/stencil/1280x1280/products/4175/3700/Canvas_Aruba__01015.1778435483.jpg?c=1 | https://cdn11.bigcommerce.com/s-qgjte8dlii/images/stencil/1280x1280/products/4175/3710/Canvas_Heather_Beige_5476-0000__90538.1778435484.jpg?c=1 | https://cdn11.bigcommerce.com/s-qgjte8dlii/images/stencil/1280x1280/products/4175/3715/Canvas_Teak_5488-0000__56104.1778435484.jpg?c=1 | https://cdn11.bigcommerce.com/s-qgjte8dlii/images/stencil/1280x1280/products/4175/3716/Frequency_Ash_56092-0000__10354.1778435484.jpg?c=1 | https://cdn11.bigcommerce.com/s-qgjte8dlii/images/stencil/1280x1280/products/4175/3706/Frequency_Sand_56094-0000__54243.1778435484.jpg?c=1 | https://cdn11.bigcommerce.com/s-qgjte8dlii/images/stencil/1280x1280/products/4175/3711/Echo_Dune_57007-0000__16937.1778435484.jpg?c=1 | https://cdn11.bigcommerce.com/s-qgjte8dlii/images/stencil/1280x1280/products/4175/3712/Linen_Pampas_8317-0000__53018.1778435484.jpg?c=1 | https://cdn11.bigcommerce.com/s-qgjte8dlii/images/stencil/1280x1280/products/4175/3713/Linen_Sesame_8318-0000__98418.1778435484.jpg?c=1
Somerset Loveseat,724421-18,$899,In Stock,Deep Seating & Lounge,Somerset,Somerset Loveseat. Finish is Terra Mist. Includes choice of cushion.,Hanamint,https://hanamintstore.com/somerset-loveseat/,https://cdn11.bigcommerce.com/s-qgjte8dlii/products/4176/images/3719/724421__75189.1778435892.386.513.jpg,https://cdn11.bigcommerce.com/s-qgjte8dlii/images/stencil/1280x1280/products/4176/3719/724421__75189.1778435892.jpg?c=1 | https://cdn11.bigcommerce.com/s-qgjte8dlii/images/stencil/1280x1280/products/4176/3729/Cast_Slate_40434-0000__39482.1778435484.1280.1280__64229.1778435892.jpg?c=1 | https://cdn11.bigcommerce.com/s-qgjte8dlii/images/stencil/1280x1280/products/4176/3723/Cast_Lagoon_40456-0000__72016.1778435484.1280.1280__63419.1778435892.jpg?c=1 | https://cdn11.bigcommerce.com/s-qgjte8dlii/images/stencil/1280x1280/products/4176/3735/Model_Sand__05355.1778435483.1280.1280__08121.1778435892.jpg?c=1 | https://cdn11.bigcommerce.com/s-qgjte8dlii/images/stencil/1280x1280/products/4176/3737/Spectrum_Coffee_48029-0000__67065.1778435484.1280.1280__69576.1778435892.jpg?c=1 | https://cdn11.bigcommerce.com/s-qgjte8dlii/images/stencil/1280x1280/products/4176/3721/Spectrum_Indigo_48080-0000__11382.1778435484.1280.1280__45324.1778435892.jpg?c=1 | https://cdn11.bigcommerce.com/s-qgjte8dlii/images/stencil/1280x1280/products/4176/3726/Cast_Teak__74003.1778435484.1280.1280__03084.1778435892.jpg?c=1 | https://cdn11.bigcommerce.com/s-qgjte8dlii/images/stencil/1280x1280/products/4176/3733/cast-pomegranate__43192.1778435484.1280.1280__86337.1778435892.jpg?c=1 | https://cdn11.bigcommerce.com/s-qgjte8dlii/images/stencil/1280x1280/products/4176/3720/Canvas_Jockey_Red_5403-0000__96349.1778435484.1280.1280__01832.1778435892.jpg?c=1 | https://cdn11.bigcommerce.com/s-qgjte8dlii/images/stencil/1280x1280/products/4176/3727/Canvas_Henna_5407-0000__10238.1778435484.1280.1280__54491.1778435892.jpg?c=1 | https://cdn11.bigcommerce.com/s-qgjte8dlii/images/stencil/1280x1280/products/4176/3730/Canvas_Brick__02751.1778435483.1280.1280__74800.1778435892.jpg?c=1 | https://cdn11.bigcommerce.com/s-qgjte8dlii/images/stencil/1280x1280/products/4176/3725/Canvas_Aruba__01015.1778435483.1280.1280__72450.1778435892.jpg?c=1 | https://cdn11.bigcommerce.com/s-qgjte8dlii/images/stencil/1280x1280/products/4176/3724/Canvas_Heather_Beige_5476-0000__90538.1778435484.1280.1280__06628.1778435892.jpg?c=1 | https://cdn11.bigcommerce.com/s-qgjte8dlii/images/stencil/1280x1280/products/4176/3728/Canvas_Teak_5488-0000__56104.1778435484.1280.1280__01556.1778435892.jpg?c=1 | https://cdn11.bigcommerce.com/s-qgjte8dlii/images/stencil/1280x1280/products/4176/3734/Frequency_Ash_56092-0000__10354.1778435484.1280.1280__20827.1778435892.jpg?c=1 | https://cdn11.bigcommerce.com/s-qgjte8dlii/images/stencil/1280x1280/products/4176/3722/Frequency_Sand_56094-0000__54243.1778435484.1280.1280__07095.1778435892.jpg?c=1 | https://cdn11.bigcommerce.com/s-qgjte8dlii/images/stencil/1280x1280/products/4176/3732/Echo_Dune_57007-0000__16937.1778435484.1280.1280__86991.1778435892.jpg?c=1 | https://cdn11.bigcommerce.com/s-qgjte8dlii/images/stencil/1280x1280/products/4176/3731/Linen_Pampas_8317-0000__53018.1778435484.1280.1280__03875.1778435892.jpg?c=1 | https://cdn11.bigcommerce.com/s-qgjte8dlii/images/stencil/1280x1280/products/4176/3736/Linen_Sesame_8318-0000__98418.1778435484.1280.1280__76183.1778435892.jpg?c=1
Somerset Ottoman,724451-18,$299,In Stock,Deep Seating & Lounge,Somerset,Somerset Ottoman. Finish is Terra Mist. Includes choice of cushion.,Hanamint,https://hanamintstore.com/somerset-ottoman/,https://cdn11.bigcommerce.com/s-qgjte8dlii/products/4177/images/3740/724451__19758.1778436290.386.513.jpg,https://cdn11.bigcommerce.com/s-qgjte8dlii/images/stencil/1280x1280/products/4177/3740/724451__19758.1778436290.jpg?c=1 | https://cdn11.bigcommerce.com/s-qgjte8dlii/images/stencil/1280x1280/products/4177/3738/Cast_Lagoon_40456-0000__72016.1778435484.1280.1280__62731.1778436290.jpg?c=1 | https://cdn11.bigcommerce.com/s-qgjte8dlii/images/stencil/1280x1280/products/4177/3741/Cast_Teak__74003.1778435484.1280.1280__04014.1778436290.jpg?c=1 | https://cdn11.bigcommerce.com/s-qgjte8dlii/images/stencil/1280x1280/products/4177/3742/Canvas_Heather_Beige_5476-0000__90538.1778435484.1280.1280__53046.1778436290.jpg?c=1 | https://cdn11.bigcommerce.com/s-qgjte8dlii/images/stencil/1280x1280/products/4177/3743/Canvas_Teak_5488-0000__56104.1778435484.1280.1280__87765.1778436290.jpg?c=1 | https://cdn11.bigcommerce.com/s-qgjte8dlii/images/stencil/1280x1280/products/4177/3739/Frequency_Sand_56094-0000__54243.1778435484.1280.1280__55890.1778436290.jpg?c=1
St. Augustine Sling Spring Based Club Chair,156416-92-5016,$699,In Stock,Deep Seating & Lounge,St. Augustine,St. Augustine Sling spring based club chair in fossil with Stafford Cedar sling.,Hanamint,https://hanamintstore.com/st-augustine-sling-spring-based-club-chair/,https://cdn11.bigcommerce.com/s-qgjte8dlii/products/579/images/2663/156416__47534.1662071849.386.513.jpg,https://cdn11.bigcommerce.com/s-qgjte8dlii/images/stencil/1280x1280/products/579/2663/156416__47534.1662071849.jpg?c=1 | https://cdn11.bigcommerce.com/s-qgjte8dlii/images/stencil/1280x1280/products/579/3272/Stafford_Cedar__81419.1715276523.jpg?c=1
St. Augustine Sling Swivel Rocker,156341,$573,In Stock,Deep Seating & Lounge,St. Augustine,St. Augustine Sling swivel rockers in Desert Bronze. Available in 2 different sling fabrics.,Hanamint,https://hanamintstore.com/st-augustine-sling-swivel-rocker/,https://cdn11.bigcommerce.com/s-qgjte8dlii/products/4052/images/3422/156341__16191.1751933296.386.513.JPG,https://cdn11.bigcommerce.com/s-qgjte8dlii/images/stencil/1280x1280/products/4052/3422/156341__16191.1751933296.JPG?c=1 | https://cdn11.bigcommerce.com/s-qgjte8dlii/images/stencil/1280x1280/products/4052/3421/5928-0007_49_Augustine_Gravel__33680.1751933175.1280.1280__70240.1751933295.jpg?c=1 | https://cdn11.bigcommerce.com/s-qgjte8dlii/images/stencil/1280x1280/products/4052/3420/Burdock_Sand__36639.1751933175.1280.1280__69596.1751933295.jpg?c=1
St. James Swivel Rocker in Black,055240-05,$499,In Stock,Deep Seating & Lounge,St. James,St. James Swivel Rocker in Black,Hanamint,https://hanamintstore.com/st-james-swivel-rocker-in-black/,https://cdn11.bigcommerce.com/s-qgjte8dlii/products/4096/images/3515/055240_Swivel_Rocker__84618.1765318697.386.513.jpg,https://cdn11.bigcommerce.com/s-qgjte8dlii/images/stencil/1280x1280/products/4096/3515/055240_Swivel_Rocker__84618.1765318697.jpg?c=1
Stratford Chaise Lounge,247331-18,$899,In Stock,Deep Seating & Lounge,Stratford,Stratford Chaise Lounge in Terra Mist. Includes choice of cushion.,Hanamint,https://hanamintstore.com/stratford-chaise-lounge/,https://cdn11.bigcommerce.com/s-qgjte8dlii/products/4117/images/3539/247331_b__02711.1766961149.386.513.jpg,https://cdn11.bigcommerce.com/s-qgjte8dlii/images/stencil/1280x1280/products/4117/3539/247331_b__02711.1766961149.jpg?c=1 | https://cdn11.bigcommerce.com/s-qgjte8dlii/images/stencil/1280x1280/products/4117/3610/Canvas_Heather_Beige_5476-0000__16027.1767040612.jpg?c=1 | https://cdn11.bigcommerce.com/s-qgjte8dlii/images/stencil/1280x1280/products/4117/3612/Canvas_Teak_5488-0000__90954.1767040612.jpg?c=1 | https://cdn11.bigcommerce.com/s-qgjte8dlii/images/stencil/1280x1280/products/4117/3614/Linen_Chili_8306-0000__66035.1767040612.jpg?c=1 | https://cdn11.bigcommerce.com/s-qgjte8dlii/images/stencil/1280x1280/products/4117/3611/Cast_Lagoon_40456-0000__13280.1767040612.jpg?c=1 | https://cdn11.bigcommerce.com/s-qgjte8dlii/images/stencil/1280x1280/products/4117/3616/Canvas_Henna_5407-0000__78883.1767040612.jpg?c=1
Stratford Estate Club Chair,247412-18,$429,In Stock,Deep Seating & Lounge,Stratford,Stratford Estate Club Chair in Terra Mist. Uses cushion style 684108.,Hanamint,https://hanamintstore.com/stratford-estate-club-chair/,https://cdn11.bigcommerce.com/s-qgjte8dlii/products/4123/images/3549/247412_b__02222.1766962856.386.513.jpg,https://cdn11.bigcommerce.com/s-qgjte8dlii/images/stencil/1280x1280/products/4123/3549/247412_b__02222.1766962856.jpg?c=1
Stratford Estate Club Swivel Rocker,247415-06,$899,In Stock,Deep Seating & Lounge,Stratford,Stratford Estate Club Swivel Rocker in Desert Bronze. Uses cushion style 684108.,Hanamint,https://hanamintstore.com/stratford-estate-club-swivel-rocker/,https://cdn11.bigcommerce.com/s-qgjte8dlii/products/4124/images/3550/247415_b__19190.1766962987.386.513.jpg,https://cdn11.bigcommerce.com/s-qgjte8dlii/images/stencil/1280x1280/products/4124/3550/247415_b__19190.1766962987.jpg?c=1
Stratford Sling Chaise Lounge,247336,$829,In Stock,Deep Seating & Lounge,Stratford,Stratford Sling Chaise Lounge. Choice of four different slings.,Hanamint,https://hanamintstore.com/stratford-sling-chaise-lounge/,https://cdn11.bigcommerce.com/s-qgjte8dlii/products/4118/images/3543/247336__84634.1766961863.386.513.JPG,https://cdn11.bigcommerce.com/s-qgjte8dlii/images/stencil/1280x1280/products/4118/3543/247336__84634.1766961863.JPG?c=1
Stratford Sling Swivel Rocker,247342,$479,In Stock,Deep Seating & Lounge,Stratford,Stratford Sling Swivel Rocker. Choice of three different slings.,Hanamint,https://hanamintstore.com/stratford-sling-swivel-rocker/,https://cdn11.bigcommerce.com/s-qgjte8dlii/products/4119/images/3544/247342__13755.1766962109.386.513.JPG,https://cdn11.bigcommerce.com/s-qgjte8dlii/images/stencil/1280x1280/products/4119/3544/247342__13755.1766962109.JPG?c=1
Stratford Swivel Rocker,247341-18,$429,In Stock,Deep Seating & Lounge,Stratford,Stratford Swivel Rocker in Terra Mist.,Hanamint,https://hanamintstore.com/stratford-swivel-rocker/,https://cdn11.bigcommerce.com/s-qgjte8dlii/products/4158/images/3632/247341__35648.1770764126.386.513.jpg,https://cdn11.bigcommerce.com/s-qgjte8dlii/images/stencil/1280x1280/products/4158/3632/247341__35648.1770764126.jpg?c=1
Sydney Sling Club Chair,317412-05-59286,$579,In Stock,Deep Seating & Lounge,Sydney,Sydney Sling club chair in black with augustine shadow sling.,Hanamint,https://hanamintstore.com/sydney-sling-club-chair/,https://cdn11.bigcommerce.com/s-qgjte8dlii/products/4140/images/3576/317412-BK__64191.1766972656.386.513.jpg,https://cdn11.bigcommerce.com/s-qgjte8dlii/images/stencil/1280x1280/products/4140/3576/317412-BK__64191.1766972656.jpg?c=1 | https://cdn11.bigcommerce.com/s-qgjte8dlii/images/stencil/1280x1280/products/4140/3577/1766972553.1280.1280__24125.1766972656.jpg?c=1
Sydney Sling Swivel Rocker,317342-05-59286,$599,In Stock,Deep Seating & Lounge,Sydney,Sydney Sling swivel rocker in black with augustine shadow sling.,Hanamint,https://hanamintstore.com/sydney-sling-swivel-rocker/,https://cdn11.bigcommerce.com/s-qgjte8dlii/products/4139/images/3574/317342-BK__36471.1766972553.386.513.jpg,https://cdn11.bigcommerce.com/s-qgjte8dlii/images/stencil/1280x1280/products/4139/3574/317342-BK__36471.1766972553.jpg?c=1 | https://cdn11.bigcommerce.com/s-qgjte8dlii/images/stencil/1280x1280/products/4139/3575/1766972331.1280.1280__19175.1766972462.1280.1280__42779.1766972553.jpg?c=1
Sydney Sling Chaise Lounge,317336-05-59286,$999,In Stock,Deep Seating & Lounge,Sydney Sling,Sydney Sling chaise lounge in black with augustine shadow sling.,Hanamint,https://hanamintstore.com/sydney-sling-chaise-lounge/,https://cdn11.bigcommerce.com/s-qgjte8dlii/products/4138/images/3572/317336-BK-5928067__50815.1766972462.386.513.jpg,https://cdn11.bigcommerce.com/s-qgjte8dlii/images/stencil/1280x1280/products/4138/3572/317336-BK-5928067__50815.1766972462.jpg?c=1 | https://cdn11.bigcommerce.com/s-qgjte8dlii/images/stencil/1280x1280/products/4138/3573/1766972331.1280.1280__19175.1766972462.jpg?c=1
Sydney Sling Club Swivel Rocker,317418-05-59286,$799,In Stock,Deep Seating & Lounge,Sydney Sling,Sydney Sling club swivel rocker in black with augustine shadow sling.,Hanamint,https://hanamintstore.com/sydney-sling-club-swivel-rocker/,https://cdn11.bigcommerce.com/s-qgjte8dlii/products/4141/images/3578/317418-BK__56010.1766972749.386.513.jpg,https://cdn11.bigcommerce.com/s-qgjte8dlii/images/stencil/1280x1280/products/4141/3578/317418-BK__56010.1766972749.jpg?c=1 | https://cdn11.bigcommerce.com/s-qgjte8dlii/images/stencil/1280x1280/products/4141/3579/1766972553.1280.1280__24125.1766972656.1280.1280__59373.1766972749.jpg?c=1
Sydney Sling Loveseat,317422-05-59286,$959,In Stock,Deep Seating & Lounge,Sydney Sling,Sydney Sling loveseat in black with augustine shadow sling.,Hanamint,https://hanamintstore.com/sydney-sling-loveseat/,https://cdn11.bigcommerce.com/s-qgjte8dlii/products/4142/images/3580/317422-BK-5928067__23403.1766972823.386.513.jpg,https://cdn11.bigcommerce.com/s-qgjte8dlii/images/stencil/1280x1280/products/4142/3580/317422-BK-5928067__23403.1766972823.jpg?c=1 | https://cdn11.bigcommerce.com/s-qgjte8dlii/images/stencil/1280x1280/products/4142/3581/1766972749.1280.1280__39544.1766972823.jpg?c=1
Sydney Sling Ottoman,317452-05-59286,$399,In Stock,Deep Seating & Lounge,Sydney Sling,Sydney Sling ottoman in black with augustine shadow sling.,Hanamint,https://hanamintstore.com/sydney-sling-ottoman/,https://cdn11.bigcommerce.com/s-qgjte8dlii/products/4143/images/3582/317452-BK-5928067__42913.1766972904.386.513.jpg,https://cdn11.bigcommerce.com/s-qgjte8dlii/images/stencil/1280x1280/products/4143/3582/317452-BK-5928067__42913.1766972904.jpg?c=1 | https://cdn11.bigcommerce.com/s-qgjte8dlii/images/stencil/1280x1280/products/4143/3583/1766972749.1280.1280__39544.1766972823.1280.1280__34442.1766972904.jpg?c=1
Grand Tuscany Loveseat (slat seat) in Desert Bronze,048422-06,$799,In Stock,Deep Seating & Lounge,Tuscany,"Grand Tuscany Loveseat in Desert Bronze Grand Tuscany Loveseat Dimensions W: 52.6"" D: 25.4”"" H: 34.8"" Back Cushions not included, see styles below for matching cushions: 684103 Non-Welted Cushions",Hanamint,https://hanamintstore.com/grand-tuscany-loveseat-slat-seat-in-desert-bronze/,https://cdn11.bigcommerce.com/s-qgjte8dlii/products/4064/images/3436/048422_b__32827.1753287935.386.513.JPG,https://cdn11.bigcommerce.com/s-qgjte8dlii/images/stencil/1280x1280/products/4064/3436/048422_b__32827.1753287935.JPG?c=1
Westfield Swivel Rocker,248341-156,$429,In Stock,Deep Seating & Lounge,Westfield,Westfield Swivel Rocker in Desert Mist. Includes choice of cushion.,Hanamint,https://hanamintstore.com/westfield-swivel-rocker/,https://cdn11.bigcommerce.com/s-qgjte8dlii/products/4125/images/3551/248341__63981.1766963192.386.513.jpg,https://cdn11.bigcommerce.com/s-qgjte8dlii/images/stencil/1280x1280/products/4125/3551/248341__63981.1766963192.jpg?c=1 | https://cdn11.bigcommerce.com/s-qgjte8dlii/images/stencil/1280x1280/products/4125/3600/Spectrum_Coffee_48029-0000__82485.1767039692.jpg?c=1 | https://cdn11.bigcommerce.com/s-qgjte8dlii/images/stencil/1280x1280/products/4125/3598/Canvas_Rust__19948.1767039691.jpg?c=1 | https://cdn11.bigcommerce.com/s-qgjte8dlii/images/stencil/1280x1280/products/4125/3602/Canvas_Cork_5448-0000__72130.1767039692.jpg?c=1 | https://cdn11.bigcommerce.com/s-qgjte8dlii/images/stencil/1280x1280/products/4125/3601/Canvas_Teak_5488-0000__87875.1767039692.jpg?c=1 | https://cdn11.bigcommerce.com/s-qgjte8dlii/images/stencil/1280x1280/products/4125/3603/Dupione_Sand_8011-0000__53751.1767039692.jpg?c=1 | https://cdn11.bigcommerce.com/s-qgjte8dlii/images/stencil/1280x1280/products/4125/3599/Wyndham_Mocha_8036000__45631.1767039692.jpg?c=1
Cedar Sling Dining Chair,309112-05-59286,$519,In Stock,Dining,Cedar Sling,Cedar Sling dining chair in black with augustine shadow sling.,Hanamint,https://hanamintstore.com/cedar-sling-dining-chair/,https://cdn11.bigcommerce.com/s-qgjte8dlii/products/4135/images/3565/309112-BK-6835003__13501.1766971786.386.513.jpg,https://cdn11.bigcommerce.com/s-qgjte8dlii/images/stencil/1280x1280/products/4135/3565/309112-BK-6835003__13501.1766971786.jpg?c=1 | https://cdn11.bigcommerce.com/s-qgjte8dlii/images/stencil/1280x1280/products/4135/3566/Augustine_Shadow__19180.1766971622.1280.1280__65377.1766971787.jpg?c=1
Clayton Sling Dining Chair,299132-06-59283,$499,In Stock,Dining,Clayton Sling,Clayton Sling Dining chair in desert bronze with augustine fennel sling.,Hanamint,https://hanamintstore.com/clayton-sling-dining-chair/,https://cdn11.bigcommerce.com/s-qgjte8dlii/products/4131/images/3558/299132__24889.1766971200.386.513.JPG,https://cdn11.bigcommerce.com/s-qgjte8dlii/images/stencil/1280x1280/products/4131/3558/299132__24889.1766971200.JPG?c=1 | https://cdn11.bigcommerce.com/s-qgjte8dlii/images/stencil/1280x1280/products/4131/3557/5928-0033_46_Augustine_Fennel__93811.1766971199.jpg?c=1
La Scala Dining Chair,520141-06,$249,In Stock,Dining,La Scala,La Scala Dining Chair Finish is Desert Bronze,Hanamint,https://hanamintstore.com/la-scala-dining-chair/,https://cdn11.bigcommerce.com/s-qgjte8dlii/products/618/images/2770/520141__91511.1674853712.386.513.jpg,https://cdn11.bigcommerce.com/s-qgjte8dlii/images/stencil/1280x1280/products/618/2770/520141__91511.1674853712.jpg?c=1
Pinecrest Dining Chair,811111-109,$399,In Stock,Dining,Pinecrest,"Pinecrest dining chair in golden mist finish. Cushion not included, see cushion 681107.",Hanamint,https://hanamintstore.com/pinecrest-dining-chair/,https://cdn11.bigcommerce.com/s-qgjte8dlii/products/4020/images/3361/811111__25792.1736698610.386.513.JPG,https://cdn11.bigcommerce.com/s-qgjte8dlii/images/stencil/1280x1280/products/4020/3361/811111__25792.1736698610.JPG?c=1
St. Augustine Sling Dining Chair,156111,$435,In Stock,Dining,St. Augustine,St. Augustine Sling dining chairs in Desert Bronze. Available in 2 different sling fabrics.,Hanamint,https://hanamintstore.com/st-augustine-sling-dining-chair/,https://cdn11.bigcommerce.com/s-qgjte8dlii/products/4051/images/3418/156111__06473.1751933174.386.513.JPG,https://cdn11.bigcommerce.com/s-qgjte8dlii/images/stencil/1280x1280/products/4051/3418/156111__06473.1751933174.JPG?c=1 | https://cdn11.bigcommerce.com/s-qgjte8dlii/images/stencil/1280x1280/products/4051/3417/5928-0007_49_Augustine_Gravel__33680.1751933175.jpg?c=1 | https://cdn11.bigcommerce.com/s-qgjte8dlii/images/stencil/1280x1280/products/4051/3419/Burdock_Sand__36639.1751933175.jpg?c=1
Stratford Sling Dining Chair,247142,$329,In Stock,Dining,Stratford,Stratford Sling Dining Chair. Choice of three different slings.,Hanamint,https://hanamintstore.com/stratford-sling-dining-chair/,https://cdn11.bigcommerce.com/s-qgjte8dlii/products/4166/images/3656/247142__67988.1778173950.386.513.JPG,https://cdn11.bigcommerce.com/s-qgjte8dlii/images/stencil/1280x1280/products/4166/3656/247142__67988.1778173950.JPG?c=1
Sydney Sling Dining Chair,317112-05-59286,$519,In Stock,Dining,Sydney Sling,Sydney Sling dining chair in black with augustine shadow sling.,Hanamint,https://hanamintstore.com/sydney-sling-dining-chair/,https://cdn11.bigcommerce.com/s-qgjte8dlii/products/4137/images/3571/317112-BK__47705.1766972332.386.513.jpg,https://cdn11.bigcommerce.com/s-qgjte8dlii/images/stencil/1280x1280/products/4137/3571/317112-BK__47705.1766972332.jpg?c=1 | https://cdn11.bigcommerce.com/s-qgjte8dlii/images/stencil/1280x1280/products/4137/3570/Augustine_Shadow__19180.1766971622.1280.1280__65377.1766971787.1280.1280__84421.1766972331.jpg?c=1
Valbonne Sling 5pc Dining Set - 4 Dining Chairs,511-1,$1999,In Stock,Dining,Valbonne,"Valbonne sling 5 pc dining set. Choice of two different slings. 4 sling dining chairs with a 48"" dining table.",Hanamint,https://hanamintstore.com/valbonne-sling-5pc-dining-set-4-dining-chairs/,https://cdn11.bigcommerce.com/s-qgjte8dlii/products/4004/images/3310/511112__76342.1692193247.1280.1280__60609.1764788564.386.513.jpg,https://cdn11.bigcommerce.com/s-qgjte8dlii/images/stencil/1280x1280/products/4004/3310/511112__76342.1692193247.1280.1280__60609.1764788564.jpg?c=1 | https://cdn11.bigcommerce.com/s-qgjte8dlii/images/stencil/1280x1280/products/4004/3489/507548_48_Round_Table__24720.1764788564.jpg?c=1 | https://cdn11.bigcommerce.com/s-qgjte8dlii/images/stencil/1280x1280/products/4004/3308/Augustine_sable__05742.1692193247.1280.1280__78867.1764788564.jpg?c=1
Valbonne Sling Dining Chair,511112-06-59286,$349,In Stock,Dining,Valbonne,Valbonne Sling Dining Chair in desert bronze with Augustine Sable fabric.,Hanamint,https://hanamintstore.com/valbonne-sling-dining-chair/,https://cdn11.bigcommerce.com/s-qgjte8dlii/products/4144/images/3586/511112__56301.1766973345.386.513.jpg,https://cdn11.bigcommerce.com/s-qgjte8dlii/images/stencil/1280x1280/products/4144/3586/511112__56301.1766973345.jpg?c=1 | https://cdn11.bigcommerce.com/s-qgjte8dlii/images/stencil/1280x1280/products/4144/3589/Augustine_sable__49538.1766973346.jpg?c=1
"Amari 22"" Square Tea Table",279622-116,$289,In Stock,Tables,Amari,"Amari 22"" Square Tea Table in Meteor.",Hanamint,https://hanamintstore.com/amari-22-square-tea-table/,https://cdn11.bigcommerce.com/s-qgjte8dlii/products/4130/images/3556/279622__29862.1766966265.386.513.jpg,https://cdn11.bigcommerce.com/s-qgjte8dlii/images/stencil/1280x1280/products/4130/3556/279622__29862.1766966265.jpg?c=1
"Amari 36"" Round Coffee Table",279537-116,$450,In Stock,Tables,Amari,"Amari 36"" round coffee table meteor finish.",Hanamint,https://hanamintstore.com/amari-36-coffee-table/,https://cdn11.bigcommerce.com/s-qgjte8dlii/products/718/images/3139/279537-2__21246.1698436160.386.513.jpg,https://cdn11.bigcommerce.com/s-qgjte8dlii/images/stencil/1280x1280/products/718/3139/279537-2__21246.1698436160.jpg?c=1
"Carlisle 36"" Square Dining Table",722636-18,$715,In Stock,Tables,Carlisle Tables,"Carlisle 36"" Square Dining Table in Terra Mist finish",Hanamint,https://hanamintstore.com/carlisle-36-square-dining-table/,https://cdn11.bigcommerce.com/s-qgjte8dlii/products/4186/images/3753/722636__66249.1778518095.386.513.JPG,https://cdn11.bigcommerce.com/s-qgjte8dlii/images/stencil/1280x1280/products/4186/3753/722636__66249.1778518095.JPG?c=1
"Carlisle 36"" x 60"" Rect. Dining Table",722784-18,$839,In Stock,Tables,Carlisle Tables,"Carlisle 36"" x 60"" Rect. Dining Table in Terra Mist finish",Hanamint,https://hanamintstore.com/carlisle-36-x-60-rect-dining-table/,https://cdn11.bigcommerce.com/s-qgjte8dlii/products/4187/images/3754/722784b__26995.1778518205.386.513.jpg,https://cdn11.bigcommerce.com/s-qgjte8dlii/images/stencil/1280x1280/products/4187/3754/722784b__26995.1778518205.jpg?c=1
"Carlisle 48"" Round Dining Table",722548-18,$715,In Stock,Tables,Carlisle Tables,"Carlisle 48"" Round Dining Table in Terra Mist finish",Hanamint,https://hanamintstore.com/carlisle-48-round-dining-table/,https://cdn11.bigcommerce.com/s-qgjte8dlii/products/4185/images/3752/722548BK__99625.1778517990.386.513.jpg,https://cdn11.bigcommerce.com/s-qgjte8dlii/images/stencil/1280x1280/products/4185/3752/722548BK__99625.1778517990.jpg?c=1
"Chateau 20"" Round Ice Bucket Table in Desert Bronze",020010-06,$299,In Stock,Tables,Chateau,"Chateau 20"" Round Ice Bucket Table in Desert Bronze",Hanamint,https://hanamintstore.com/chateau-20-round-ice-bucket-table-in-desert-bronze/,https://cdn11.bigcommerce.com/s-qgjte8dlii/products/4045/images/3405/020010__85705.1749927638.386.513.jpg,https://cdn11.bigcommerce.com/s-qgjte8dlii/images/stencil/1280x1280/products/4045/3405/020010__85705.1749927638.jpg?c=1
"Chateau 20""x 28"" Rect. Ice Bucket Table in Desert Bronze",020011-06,$399,In Stock,Tables,Chateau,"Chateau 20""x 28"" Rect. Ice Bucket Table in Desert Bronze",Hanamint,https://hanamintstore.com/chateau-20-x-28-rect-ice-bucket-table-in-desert-bronze/,https://cdn11.bigcommerce.com/s-qgjte8dlii/products/4090/images/3507/020011__31854.1765234727.386.513.jpg,https://cdn11.bigcommerce.com/s-qgjte8dlii/images/stencil/1280x1280/products/4090/3507/020011__31854.1765234727.jpg?c=1
"Chateau 21"" Round Tea Table in Desert Bronze",020620-06,$199,In Stock,Tables,Chateau,"Chateau 21"" Round Tea Table in Desert Bronze",Hanamint,https://hanamintstore.com/chateau-21-round-tea-table-in-desert-bronze/,https://cdn11.bigcommerce.com/s-qgjte8dlii/products/4044/images/3404/020620__07585.1749927549.386.513.jpg,https://cdn11.bigcommerce.com/s-qgjte8dlii/images/stencil/1280x1280/products/4044/3404/020620__07585.1749927549.jpg?c=1
"Chateau 42"" Round Umbrella Chat Table",020049-06,$1039,In Stock,Tables,Chateau,"Chateau 42"" Round Umbrella Chat Table. Desert Bronze Finish. Table 22"" High",Hanamint,https://hanamintstore.com/chateau-42-round-umbrella-chat-table/,https://cdn11.bigcommerce.com/s-qgjte8dlii/products/4057/images/3429/020049__64930.1752247633.386.513.jpg,https://cdn11.bigcommerce.com/s-qgjte8dlii/images/stencil/1280x1280/products/4057/3429/020049__64930.1752247633.jpg?c=1
"Chateau 54"" Round Inlaid Susan Dining Table",020480-06,$1206,In Stock,Tables,Chateau,"Chateau 54"" Round Inlaid Susan Dining Table Desert Bronze Finish.",Hanamint,https://hanamintstore.com/chateau-54-round-inlaid-susan-dining-table/,https://cdn11.bigcommerce.com/s-qgjte8dlii/products/4061/images/3433/020480__51956.1752248095.386.513.jpg,https://cdn11.bigcommerce.com/s-qgjte8dlii/images/stencil/1280x1280/products/4061/3433/020480__51956.1752248095.jpg?c=1
"Classic 20"" Round Ice Bucket Side Table in Terra Mist",703010-18,$299,In Stock,Tables,Classic Tables,"Classic 20"" Round Ice Bucker Side Table in Terra Mist.",Hanamint,https://hanamintstore.com/classic-20-round-ice-bucket-side-table-in-terra-mist/,https://cdn11.bigcommerce.com/s-qgjte8dlii/products/4170/images/3668/703010__34058.1778341982.386.513.jpg,https://cdn11.bigcommerce.com/s-qgjte8dlii/images/stencil/1280x1280/products/4170/3668/703010__34058.1778341982.jpg?c=1
"Classic 42"" Round Bar Table",711600-18,$499,In Stock,Tables,Classic Tables,"Classic 42"" Round Bar Table. 41"" High in Terra Mist finish",Hanamint,https://hanamintstore.com/classic-42-round-bar-table/,https://cdn11.bigcommerce.com/s-qgjte8dlii/products/612/images/3483/711600__90736.1761437646.386.513.JPG,https://cdn11.bigcommerce.com/s-qgjte8dlii/images/stencil/1280x1280/products/612/3483/711600__90736.1761437646.JPG?c=1
"Classic 42"" Round Counter Table",711035-18,$599,In Stock,Tables,Classic Tables,"Classic 42"" Round Counter Table. 37"" High in Terra Mist finish",Hanamint,https://hanamintstore.com/classic-42-round-counter-table/,https://cdn11.bigcommerce.com/s-qgjte8dlii/products/4179/images/3745/711035__39928.1778517222.386.513.JPG,https://cdn11.bigcommerce.com/s-qgjte8dlii/images/stencil/1280x1280/products/4179/3745/711035__39928.1778517222.JPG?c=1
"Classic 42"" Round Dining Table",711542-18,$589,In Stock,Tables,Classic Tables,"Classic 42"" Round Dining Table in Terra Mist finish",Hanamint,https://hanamintstore.com/classic-42-round-dining-table/,https://cdn11.bigcommerce.com/s-qgjte8dlii/products/4182/images/3749/711542__29532.1778517651.386.513.jpg,https://cdn11.bigcommerce.com/s-qgjte8dlii/images/stencil/1280x1280/products/4182/3749/711542__29532.1778517651.jpg?c=1
"Classic 42""x76"" Extension Table - Expands to 100""",711081-18,$1799,In Stock,Tables,Classic Tables,"Classic 42""x76"" Extension Table - Expands to 100"" in Terra Mist finish",Hanamint,https://hanamintstore.com/classic-42-x76-extension-table-expands-to-100/,https://cdn11.bigcommerce.com/s-qgjte8dlii/products/4180/images/3747/711081_b__52653.1778517434.386.513.JPG,https://cdn11.bigcommerce.com/s-qgjte8dlii/images/stencil/1280x1280/products/4180/3747/711081_b__52653.1778517434.JPG?c=1 | https://cdn11.bigcommerce.com/s-qgjte8dlii/images/stencil/1280x1280/products/4180/3746/711081__27069.1778517434.JPG?c=1
"Classic 42""x84"" Oval Dining Table",711927-18,$1139,In Stock,Tables,Classic Tables,"Classic 42""x84"" Oval Dining Table in Terra Mist finish",Hanamint,https://hanamintstore.com/classic-42-x84-oval-dining-table/,https://cdn11.bigcommerce.com/s-qgjte8dlii/products/4184/images/3751/711927__14766.1778517829.386.513.JPG,https://cdn11.bigcommerce.com/s-qgjte8dlii/images/stencil/1280x1280/products/4184/3751/711927__14766.1778517829.JPG?c=1
"Classic 48"" Round Dining Table",711548-18,$689,In Stock,Tables,Classic Tables,"Classic 48"" Round Dining Table in Terra Mist finish",Hanamint,https://hanamintstore.com/classic-48-round-dining-table/,https://cdn11.bigcommerce.com/s-qgjte8dlii/products/4183/images/3750/711548__03226.1778517716.386.513.JPG,https://cdn11.bigcommerce.com/s-qgjte8dlii/images/stencil/1280x1280/products/4183/3750/711548__03226.1778517716.JPG?c=1
"Classic 54"" Rd. Inlaid Lazy Susan Table",711084-18,$1129,In Stock,Tables,Classic Tables,"Classic 54"" Rd. Inlaid Lazy Susan Table in Terra Mist finish",Hanamint,https://hanamintstore.com/classic-54-rd-inlaid-lazy-susan-table/,https://cdn11.bigcommerce.com/s-qgjte8dlii/products/4181/images/3748/711084__34037.1778517548.386.513.JPG,https://cdn11.bigcommerce.com/s-qgjte8dlii/images/stencil/1280x1280/products/4181/3748/711084__34037.1778517548.JPG?c=1
"Garden Trellis 54"" Round Dining Table",507554-06,$649,In Stock,Tables,Garden Trellis,"Garden Trellis 54"" Round Dining Table in desert bronze finish.",Hanamint,https://hanamintstore.com/garden-trellis-54-round-dining-table/,https://cdn11.bigcommerce.com/s-qgjte8dlii/products/4151/images/3597/507548_48_Round_Table__05909.1767024495.386.513.jpg,https://cdn11.bigcommerce.com/s-qgjte8dlii/images/stencil/1280x1280/products/4151/3597/507548_48_Round_Table__05909.1767024495.jpg?c=1
"Mayfair 20"" Round Ice Bucket Side Table in Desert Bronze",208010-06,$299,In Stock,Tables,Mayfair,"Mayfair 20"" Round Ice Bucker Side Table in Desert Bronze",Hanamint,https://hanamintstore.com/mayfair-20-round-ice-bucket-side-table-in-desert-bronze/,https://cdn11.bigcommerce.com/s-qgjte8dlii/products/4097/images/3516/208010__23262.1765318956.386.513.jpg,https://cdn11.bigcommerce.com/s-qgjte8dlii/images/stencil/1280x1280/products/4097/3516/208010__23262.1765318956.jpg?c=1
"Mayfair 22""x 32""Rect. Ice Bucket Table in Desert Bronze",208011-06,$499,In Stock,Tables,Mayfair,"Mayfair 22""x 32""Rect. Ice Bucket Table in Desert Bronze",Hanamint,https://hanamintstore.com/mayfair-22-x-32-rect-ice-bucket-table-in-desert-bronze/,https://cdn11.bigcommerce.com/s-qgjte8dlii/products/4098/images/3517/208011__55969.1765319064.386.513.jpg,https://cdn11.bigcommerce.com/s-qgjte8dlii/images/stencil/1280x1280/products/4098/3517/208011__55969.1765319064.jpg?c=1
"Mayfair 22""x28"" Rect. Counter Height Table",208741-06,$319,In Stock,Tables,Mayfair,"Mayfair 22""x28"" Rect. Counter Height Table in Desert Bronze Finish.",Hanamint,https://hanamintstore.com/mayfair-22-x28-rect-counter-height-table/,https://cdn11.bigcommerce.com/s-qgjte8dlii/products/4106/images/3528/208741__52736.1766952188.386.513.jpg,https://cdn11.bigcommerce.com/s-qgjte8dlii/images/stencil/1280x1280/products/4106/3528/208741__52736.1766952188.jpg?c=1
"Mayfair 24"" Round Tea Table",208524-06,$199,In Stock,Tables,Mayfair,"Mayfair 24"" Round Tea Table in Desert Bronze Finish.",Hanamint,https://hanamintstore.com/mayfair-24-round-tea-table/,https://cdn11.bigcommerce.com/s-qgjte8dlii/products/4077/images/3488/208524__16900.1764611758.386.513.jpg,https://cdn11.bigcommerce.com/s-qgjte8dlii/images/stencil/1280x1280/products/4077/3488/208524__16900.1764611758.jpg?c=1
"Mayfair 30"" Round Pedestal Bar Table in Desert Bronze",208042-06,$699,In Stock,Tables,Mayfair,"Mayfair 30"" Round Pedestal Bar Table in Desert Bronze",Hanamint,https://hanamintstore.com/mayfair-30-round-pedestal-bar-table-in-desert-bronze/,https://cdn11.bigcommerce.com/s-qgjte8dlii/products/4154/images/3627/208042__92012.1765321364.1280.1280__58018.1770763298.386.513.jpg,https://cdn11.bigcommerce.com/s-qgjte8dlii/images/stencil/1280x1280/products/4154/3627/208042__92012.1765321364.1280.1280__58018.1770763298.jpg?c=1
"Mayfair 30"" Round Pedestal Counter Table in Desert Bronze",208032-06,$699,In Stock,Tables,Mayfair,"Mayfair 30"" Round Pedestal Counter Table in Desert Bronze",Hanamint,https://hanamintstore.com/mayfair-30-round-pedestal-counter-table-in-desert-bronze/,https://cdn11.bigcommerce.com/s-qgjte8dlii/products/4100/images/3520/208042__92012.1765321364.386.513.jpg,https://cdn11.bigcommerce.com/s-qgjte8dlii/images/stencil/1280x1280/products/4100/3520/208042__92012.1765321364.jpg?c=1
"Mayfair 42""x84"" Rectangular Table",208827-06,$1199,In Stock,Tables,Mayfair,"Mayfair 42""x84"" Rectangular Table Desert Bronze Finish",Hanamint,https://hanamintstore.com/mayfair-42-x84-rectangular-table/,https://cdn11.bigcommerce.com/s-qgjte8dlii/products/4076/images/3487/208827__59951.1763417952.386.513.jpg,https://cdn11.bigcommerce.com/s-qgjte8dlii/images/stencil/1280x1280/products/4076/3487/208827__59951.1763417952.jpg?c=1
"Mayfair 48"" Round Counter Height Table",208549-06,$739,In Stock,Tables,Mayfair,"Mayfair 48"" Round Counter Height Table in Desert Bronze Finish.",Hanamint,https://hanamintstore.com/mayfair-48-round-counter-height-table/,https://cdn11.bigcommerce.com/s-qgjte8dlii/products/4105/images/3527/208549__08669.1766952078.386.513.jpg,https://cdn11.bigcommerce.com/s-qgjte8dlii/images/stencil/1280x1280/products/4105/3527/208549__08669.1766952078.jpg?c=1
"Mayfair 48"" Round Dining Table",208548-06,$699,In Stock,Tables,Mayfair,"Mayfair 48"" Round Dining Table in Desert Bronze Finish.",Hanamint,https://hanamintstore.com/mayfair-48-round-dining-table/,https://cdn11.bigcommerce.com/s-qgjte8dlii/products/4104/images/3526/208548__69530.1766951975.386.513.jpg,https://cdn11.bigcommerce.com/s-qgjte8dlii/images/stencil/1280x1280/products/4104/3526/208548__69530.1766951975.jpg?c=1
Mayfair Tea Cart,613208-06,$795,In Stock,Tables,Mayfair,Mayfair Tea Cart in Desert Bronze Finish.,Hanamint,https://hanamintstore.com/mayfair-tea-cart/,https://cdn11.bigcommerce.com/s-qgjte8dlii/products/4146/images/3592/613208__11911.1766974069.386.513.jpg,https://cdn11.bigcommerce.com/s-qgjte8dlii/images/stencil/1280x1280/products/4146/3592/613208__11911.1766974069.jpg?c=1
Newport/ Chateau Tea or Coffee Table Leg,020620T20-06,$29,In Stock,Tables,Newport/ Chateau Tea or Coffee Table Leg,"Newport/ Chateau End Table or Coffee Table 17"" Leg.",Hanamint,https://hanamintstore.com/newport-chateau-tea-or-coffee-table-leg/,https://cdn11.bigcommerce.com/s-qgjte8dlii/products/696/images/3032/010610T21__20477.1647292198.1280.1280__64267.1693228801.386.513.jpg,https://cdn11.bigcommerce.com/s-qgjte8dlii/images/stencil/1280x1280/products/696/3032/010610T21__20477.1647292198.1280.1280__64267.1693228801.jpg?c=1
"Sherwood 16"" x 18"" Rect. Tea Table",245711-18,$216,In Stock,Tables,Sherwood,"Sherwood 16"" x 18"" Tea Table in Terra Mist Finish. Height is 22"".",Hanamint,https://hanamintstore.com/sherwood-16-x-18-rect-tea-table/,https://cdn11.bigcommerce.com/s-qgjte8dlii/products/4075/images/3486/245711__17979.1762801276.386.513.jpg,https://cdn11.bigcommerce.com/s-qgjte8dlii/images/stencil/1280x1280/products/4075/3486/245711__17979.1762801276.jpg?c=1
"Sherwood 16""x70"" Counter Ht. Console Table",245715-06,$839,In Stock,Tables,Sherwood,"Sherwood 16""x70"" Counter Ht. Console Table in Desert Bronze Finish.",Hanamint,https://hanamintstore.com/sherwood-16-x70-counter-ht-console-table/,https://cdn11.bigcommerce.com/s-qgjte8dlii/products/4167/images/3657/245P27__38590.1778174191.386.513.jpg,https://cdn11.bigcommerce.com/s-qgjte8dlii/images/stencil/1280x1280/products/4167/3657/245P27__38590.1778174191.jpg?c=1
"Sherwood 24"" Square Ice Bucket Side Table",245010-18,$529,In Stock,Tables,Sherwood,"Sherwood 24"" Square Ice Bucker Side Table in Terra Mist Finish.",Hanamint,https://hanamintstore.com/sherwood-24-square-ice-bucket-side-table/,https://cdn11.bigcommerce.com/s-qgjte8dlii/products/4107/images/3529/245010_b__84258.1766952410.386.513.jpg,https://cdn11.bigcommerce.com/s-qgjte8dlii/images/stencil/1280x1280/products/4107/3529/245010_b__84258.1766952410.jpg?c=1
"Sherwood 24""x48"" Rect. Coffee Table",245743-18,$589,In Stock,Tables,Sherwood,"Sherwood 24""x48"" Rect. Coffee Table in Terra Mist Finish.",Hanamint,https://hanamintstore.com/sherwood-24-x48-rect-coffee-table/,https://cdn11.bigcommerce.com/s-qgjte8dlii/products/4116/images/3538/245743__37303.1766956067.386.513.jpg,https://cdn11.bigcommerce.com/s-qgjte8dlii/images/stencil/1280x1280/products/4116/3538/245743__37303.1766956067.jpg?c=1
"Sherwood 44"" Sq Coffee Table",245647-18,$549,In Stock,Tables,Sherwood,"Sherwood 44"" square coffee table in terra mist finish. 22"" high.",Hanamint,https://hanamintstore.com/sherwood-44-square-coffee-table/,https://cdn11.bigcommerce.com/s-qgjte8dlii/products/624/images/2778/245647__15351.1674855506.386.513.jpg,https://cdn11.bigcommerce.com/s-qgjte8dlii/images/stencil/1280x1280/products/624/2778/245647__15351.1674855506.jpg?c=1
"Sherwood 44"" Square Dining Table",245644-18,$869,In Stock,Tables,Sherwood,"Sherwood 44"" Square Dining Table in Terra Mist Finish.",Hanamint,https://hanamintstore.com/sherwood-44-square-dining-table/,https://cdn11.bigcommerce.com/s-qgjte8dlii/products/4115/images/3537/245644__71347.1766955931.386.513.jpg,https://cdn11.bigcommerce.com/s-qgjte8dlii/images/stencil/1280x1280/products/4115/3537/245644__71347.1766955931.jpg?c=1
"Grand Tuscany 21""x42"" Coffee Table in Desert Bronze",048630-06,$399,In Stock,Tables,Tuscany,"Grand Tuscany 21""x42"" Coffee Table in Desert Bronze",Hanamint,https://hanamintstore.com/grand-tuscany-21-x42-coffee-table-in-desert-bronze/,https://cdn11.bigcommerce.com/s-qgjte8dlii/products/4095/images/3514/048630__26828.1765238231.386.513.jpg,https://cdn11.bigcommerce.com/s-qgjte8dlii/images/stencil/1280x1280/products/4095/3514/048630__26828.1765238231.jpg?c=1
"Tuscany 20""x 28"" Rect. Ice Bucket Table in Desert Bronze",018011-06,$399,In Stock,Tables,Tuscany,"Tuscany 20""x 28"" Rect. Ice Bucket Table in Desert Bronze",Hanamint,https://hanamintstore.com/tuscany-20-x-28-rect-ice-bucket-table-in-desert-bronze/,https://cdn11.bigcommerce.com/s-qgjte8dlii/products/4080/images/3497/018011__54799.1764802998.386.513.jpg,https://cdn11.bigcommerce.com/s-qgjte8dlii/images/stencil/1280x1280/products/4080/3497/018011__54799.1764802998.jpg?c=1
"Tuscany 30"" Pedestal Counter Table in Black Finish",018062-05,$599,In Stock,Tables,Tuscany,"Tuscany 30"" Round Pedestal Counter Table in black. 37"" high - weight 77lbs",Hanamint,https://hanamintstore.com/tuscany-30-pedestal-counter-table-in-black-finish/,https://cdn11.bigcommerce.com/s-qgjte8dlii/products/526/images/2480/018062__01029.1642704227.386.513.jpg,https://cdn11.bigcommerce.com/s-qgjte8dlii/images/stencil/1280x1280/products/526/2480/018062__01029.1642704227.jpg?c=1
Bella Swivel Bar Stool,243351-06,$459,In Stock,Bar & Counter Stools,Bella,"Bella swivel bar stool in desert bronze finish. Cushion not included, see cushion 681104.",Hanamint,https://hanamintstore.com/bella-swivel-bar-stool/,https://cdn11.bigcommerce.com/s-qgjte8dlii/products/3996/images/3270/243351__92150.1715275555.386.513.jpg,https://cdn11.bigcommerce.com/s-qgjte8dlii/images/stencil/1280x1280/products/3996/3270/243351__92150.1715275555.jpg?c=1
Bella Swivel Counter Stool,243353-06,$449,In Stock,Bar & Counter Stools,Bella,"Bella swivel counter stool in desert bronze finish. Cushion not included, see cushion 681104.",Hanamint,https://hanamintstore.com/bella-swivel-counter-stool/,https://cdn11.bigcommerce.com/s-qgjte8dlii/products/3997/images/3271/243353__96416.1715275623.386.513.JPG,https://cdn11.bigcommerce.com/s-qgjte8dlii/images/stencil/1280x1280/products/3997/3271/243353__96416.1715275623.JPG?c=1
Hanamint Armless Bar Stool,263315-18,$229,In Stock,Bar & Counter Stools,Hanamint,Armless bar stool in terra mist.,Hanamint,https://hanamintstore.com/hanamint-armless-bar-stool/,https://cdn11.bigcommerce.com/s-qgjte8dlii/products/4128/images/3554/263315__15590.1766965974.386.513.jpg,https://cdn11.bigcommerce.com/s-qgjte8dlii/images/stencil/1280x1280/products/4128/3554/263315__15590.1766965974.jpg?c=1
Hanamint Armless Counter Stool,263355,$219,In Stock,Bar & Counter Stools,Hanamint,Armless counter stool in desert bronze or terra mist.,Hanamint,https://hanamintstore.com/hanamint-armless-counter-stool/,https://cdn11.bigcommerce.com/s-qgjte8dlii/products/4129/images/3555/263355__81397.1766966117.386.513.jpg,https://cdn11.bigcommerce.com/s-qgjte8dlii/images/stencil/1280x1280/products/4129/3555/263355__81397.1766966117.jpg?c=1
Mayfair Swivel Bar Stool in Desert Bronze,208351-06,$459,In Stock,Bar & Counter Stools,Mayfair,Mayfair Swivel Bar Stool in Desert Bronze,Hanamint,https://hanamintstore.com/mayfair-swivel-bar-stool-in-desert-bronze/,https://cdn11.bigcommerce.com/s-qgjte8dlii/products/4163/images/3645/208353_-_Copy__75482.1770763900.1280.1280__88185.1778173193.386.513.jpg,https://cdn11.bigcommerce.com/s-qgjte8dlii/images/stencil/1280x1280/products/4163/3645/208353_-_Copy__75482.1770763900.1280.1280__88185.1778173193.jpg?c=1
Mayfair Swivel Counter Stool in Desert Bronze,208353-06,$459,In Stock,Bar & Counter Stools,Mayfair,Mayfair Swivel Counter Stool in Desert Bronze,Hanamint,https://hanamintstore.com/mayfair-swivel-counter-stool-in-desert-bronze/,https://cdn11.bigcommerce.com/s-qgjte8dlii/products/4156/images/3630/208353_-_Copy__75482.1770763900.386.513.jpg,https://cdn11.bigcommerce.com/s-qgjte8dlii/images/stencil/1280x1280/products/4156/3630/208353_-_Copy__75482.1770763900.jpg?c=1
Sherwood Counter Stool,245115-18,$329,In Stock,Bar & Counter Stools,Sherwood,Sherwood Counter Stool in Terra Mist Finish.,Hanamint,https://hanamintstore.com/sherwood-counter-stool/,https://cdn11.bigcommerce.com/s-qgjte8dlii/products/4112/images/3534/245115__99305.1766955524.386.513.jpg,https://cdn11.bigcommerce.com/s-qgjte8dlii/images/stencil/1280x1280/products/4112/3534/245115__99305.1766955524.jpg?c=1
Stratford Sling Swivel Bar Stool,247352,$529,In Stock,Bar & Counter Stools,Stratford,Stratford Sling Swivel Bar Stool. Choice of two different slings.,Hanamint,https://hanamintstore.com/stratford-sling-swivel-bar-stool/,https://cdn11.bigcommerce.com/s-qgjte8dlii/products/4120/images/3546/247352__11439.1766962267.386.513.JPG,https://cdn11.bigcommerce.com/s-qgjte8dlii/images/stencil/1280x1280/products/4120/3546/247352__11439.1766962267.JPG?c=1
Stratford Sling Swivel Counter Stool,247354,$519,In Stock,Bar & Counter Stools,Stratford,Stratford Sling Swivel Counter Stool. Choice of two different slings.,Hanamint,https://hanamintstore.com/stratford-sling-swivel-counter-stool/,https://cdn11.bigcommerce.com/s-qgjte8dlii/products/4121/images/3547/247352__11439.1766962267.1280.1280__99975.1766962369.386.513.jpg,https://cdn11.bigcommerce.com/s-qgjte8dlii/images/stencil/1280x1280/products/4121/3547/247352__11439.1766962267.1280.1280__99975.1766962369.jpg?c=1
Stratford Swivel Bar Stool,247351-18,$519,In Stock,Bar & Counter Stools,Stratford,Stratford Swivel Bar Stool in Terra Mist. Includes choices of cushion.,Hanamint,https://hanamintstore.com/stratford-swivel-bar-stool/,https://cdn11.bigcommerce.com/s-qgjte8dlii/products/4122/images/3548/247351__01732.1766962646.386.513.jpg,https://cdn11.bigcommerce.com/s-qgjte8dlii/images/stencil/1280x1280/products/4122/3548/247351__01732.1766962646.jpg?c=1 | https://cdn11.bigcommerce.com/s-qgjte8dlii/images/stencil/1280x1280/products/4122/3607/Spectrum_Coffee_48029-0000__04497.1767040322.jpg?c=1 | https://cdn11.bigcommerce.com/s-qgjte8dlii/images/stencil/1280x1280/products/4122/3609/Canvas_Teak_5488-0000__37589.1767040322.jpg?c=1 | https://cdn11.bigcommerce.com/s-qgjte8dlii/images/stencil/1280x1280/products/4122/3605/Canvas_Rust__97835.1767040322.jpg?c=1 | https://cdn11.bigcommerce.com/s-qgjte8dlii/images/stencil/1280x1280/products/4122/3608/Canvas_Cork_5448-0000__32809.1767040322.jpg?c=1 | https://cdn11.bigcommerce.com/s-qgjte8dlii/images/stencil/1280x1280/products/4122/3606/Dupione_Sand_8011-0000__34664.1767040322.jpg?c=1 | https://cdn11.bigcommerce.com/s-qgjte8dlii/images/stencil/1280x1280/products/4122/3604/Wyndham_Mocha_8036000__28923.1767040322.jpg?c=1
Stratford Swivel Counter Stool,247353-18,$499,In Stock,Bar & Counter Stools,Stratford,Stratford Swivel Counter Stool in Terra Mist. Includes choices of cushion.,Hanamint,https://hanamintstore.com/stratford-swivel-counter-stool/,https://cdn11.bigcommerce.com/s-qgjte8dlii/products/4169/images/3665/247351__01732.1766962646.1280.1280__17730.1778341716.386.513.jpg,https://cdn11.bigcommerce.com/s-qgjte8dlii/images/stencil/1280x1280/products/4169/3665/247351__01732.1766962646.1280.1280__17730.1778341716.jpg?c=1 | https://cdn11.bigcommerce.com/s-qgjte8dlii/images/stencil/1280x1280/products/4169/3666/Spectrum_Coffee_48029-0000__04497.1767040322.1280.1280__06443.1778341716.jpg?c=1 | https://cdn11.bigcommerce.com/s-qgjte8dlii/images/stencil/1280x1280/products/4169/3661/Canvas_Teak_5488-0000__37589.1767040322.1280.1280__52963.1778341716.jpg?c=1 | https://cdn11.bigcommerce.com/s-qgjte8dlii/images/stencil/1280x1280/products/4169/3664/Canvas_Rust__97835.1767040322.1280.1280__29684.1778341716.jpg?c=1 | https://cdn11.bigcommerce.com/s-qgjte8dlii/images/stencil/1280x1280/products/4169/3667/Canvas_Cork_5448-0000__32809.1767040322.1280.1280__43837.1778341716.jpg?c=1 | https://cdn11.bigcommerce.com/s-qgjte8dlii/images/stencil/1280x1280/products/4169/3663/Dupione_Sand_8011-0000__34664.1767040322.1280.1280__15984.1778341716.jpg?c=1 | https://cdn11.bigcommerce.com/s-qgjte8dlii/images/stencil/1280x1280/products/4169/3662/Wyndham_Mocha_8036000__28923.1767040322.1280.1280__68829.1778341716.jpg?c=1
Tuscany Swivel Counter Stool in Desert Bronze,018280-06,$379,In Stock,Bar & Counter Stools,Tuscany,Tuscany Swivel Counter Stool in Desert Bronze,Hanamint,https://hanamintstore.com/tuscany-swivel-counter-stool-in-desert-bronze/,https://cdn11.bigcommerce.com/s-qgjte8dlii/products/4083/images/3500/018250__89746.1764803518.1280.1280__64189.1764803593.386.513.jpg,https://cdn11.bigcommerce.com/s-qgjte8dlii/images/stencil/1280x1280/products/4083/3500/018250__89746.1764803518.1280.1280__64189.1764803593.jpg?c=1
Hanamint Bench,263215-18,$359,In Stock,Benches,Hanamint,Bench in terra mist. Dimensions: 47.2” wide x 17.3” depth x 18” high,Hanamint,https://hanamintstore.com/hanamint-bench/,https://cdn11.bigcommerce.com/s-qgjte8dlii/products/4126/images/3552/263215__84483.1766965525.386.513.jpg,https://cdn11.bigcommerce.com/s-qgjte8dlii/images/stencil/1280x1280/products/4126/3552/263215__84483.1766965525.jpg?c=1
Hanamint Counter Height Bench,263216,$499,In Stock,Benches,Hanamint,Counter Height Bench in black or terra mist. Dimensions: 47.2” wide x 17.3” depth x 27” high,Hanamint,https://hanamintstore.com/hanamint-counter-height-bench/,https://cdn11.bigcommerce.com/s-qgjte8dlii/products/4127/images/3553/263216-TM__68285.1766965830.386.513.jpg,https://cdn11.bigcommerce.com/s-qgjte8dlii/images/stencil/1280x1280/products/4127/3553/263216-TM__68285.1766965830.jpg?c=1
"Sherwood 16""x25"" Short Bench",245212-18,$299,In Stock,Benches,Sherwood,"Sherwood 16'x25"" Short Bench in Terra Mist Finish.",Hanamint,https://hanamintstore.com/sherwood-16-x25-short-bench/,https://cdn11.bigcommerce.com/s-qgjte8dlii/products/4113/images/3535/245212__67465.1766955667.386.513.jpg,https://cdn11.bigcommerce.com/s-qgjte8dlii/images/stencil/1280x1280/products/4113/3535/245212__67465.1766955667.jpg?c=1
"Sherwood 16""x70"" Long Bench",245245,$559,In Stock,Benches,Sherwood,"Sherwood 16'x70"" Long Bench in choice of 2 finishes. Desert Bronze or Terra Mist",Hanamint,https://hanamintstore.com/sherwood-16-x70-long-bench/,https://cdn11.bigcommerce.com/s-qgjte8dlii/products/4114/images/3536/245245__07541.1766955832.386.513.jpg,https://cdn11.bigcommerce.com/s-qgjte8dlii/images/stencil/1280x1280/products/4114/3536/245245__07541.1766955832.jpg?c=1
"Classic 48"" Rd Wood Buring Fire Pit Table",703012FIRE,$699,In Stock,Fire Pits,Classic Tables,"Classic 48"" round wood burning fire pit in terra mist finish. Includes Stainless Steel Bowl that can be used as ice bucket or fire bowl.",Hanamint,https://hanamintstore.com/classic-48-rd-wood-buring-fire-pit-table/,https://cdn11.bigcommerce.com/s-qgjte8dlii/products/4168/images/3660/703012__81631.1778177113.386.513.jpg,https://cdn11.bigcommerce.com/s-qgjte8dlii/images/stencil/1280x1280/products/4168/3660/703012__81631.1778177113.jpg?c=1 | https://cdn11.bigcommerce.com/s-qgjte8dlii/images/stencil/1280x1280/products/4168/3658/616607__76920.1765236270.1280.1280__93175.1765319440.1280.1280__32642.1778176386.jpg?c=1
Door Knob for Fire Pit Tables,,$13,In Stock,Fire Pits,Fire Pit Parts,"Replacement door knob for fire pit tables. Choose size needed - 58mm Fits 010013, 020091, 020092, 020096, 048091, 048092, 072091, 124091, 124096, 189091, 208091, 208092 208096, 245094, 504091 & 703091 61mm Fits 245094 & 245098 78mm Fits 245090, 245095, 316098, 722090, 722094, 722095 & 725090",Hanamint,https://hanamintstore.com/door-knob-for-fire-pit-tables/,https://cdn11.bigcommerce.com/s-qgjte8dlii/products/171/images/693/Fire_Pit_Door_Knob__89455.1571264823.386.513.jpg,https://cdn11.bigcommerce.com/s-qgjte8dlii/images/stencil/1280x1280/products/171/693/Fire_Pit_Door_Knob__89455.1571264823.jpg?c=1
Fire Pit Screen Cover,HG100I(C)4,$59,In Stock,Fire Pits,Fire Pit Parts,Fire Pit Screen Cover for all Hanamint wood burning fire pits. .,Hanamint,https://hanamintstore.com/fire-pit-screen-cover/,https://cdn11.bigcommerce.com/s-qgjte8dlii/products/120/images/382/th__41994.1571264803.386.513.jpg,https://cdn11.bigcommerce.com/s-qgjte8dlii/images/stencil/1280x1280/products/120/382/th__41994.1571264803.jpg?c=1
Sherwood Fire Pit Lid,245090T03-18,$149,In Stock,Fire Pits,Fire Pit Parts,Sherwood replacement fire pit lid.,Hanamint,https://hanamintstore.com/sherwood-fire-pit-lid/,https://cdn11.bigcommerce.com/s-qgjte8dlii/products/4162/images/3644/hana_logo_spc__55267.1702312132.1280.1280__50784.1777568188.386.513.jpg,https://cdn11.bigcommerce.com/s-qgjte8dlii/images/stencil/1280x1280/products/4162/3644/hana_logo_spc__55267.1702312132.1280.1280__50784.1777568188.jpg?c=1
"Inverness 37""x49"" Rect. Gas Fire Pit w/burner & fire glass",725090FIRE,$1899,In Stock,Fire Pits,Fire Pits,"Inverness 37""x49"" Rect. gas fire pit in black with sling side. Includes burner and clear fire glass.",Hanamint,https://hanamintstore.com/inverness-37-x49-rect-gas-fire-pit-w-burner-fire-glass/,https://cdn11.bigcommerce.com/s-qgjte8dlii/products/4178/images/3744/725090-ME-5928066-1__64881.1778436657.386.513.jpg,https://cdn11.bigcommerce.com/s-qgjte8dlii/images/stencil/1280x1280/products/4178/3744/725090-ME-5928066-1__64881.1778436657.jpg?c=1
"Tuscany 48"" Rd Wood Buring Fire Pit Table",048012FIRE,$699,In Stock,Fire Pits,Fire Pits,"Tuscany 48"" round wood burning fire pit in desert bronze finish. Includes Stainless Steel Bowl that can be used as ice bucket or fire bowl.",Hanamint,https://hanamintstore.com/tuscany-48-rd-wood-buring-fire-pit-table/,https://cdn11.bigcommerce.com/s-qgjte8dlii/products/4035/images/3510/048012_Fire_Pit__38109.1765236270.386.513.jpg,https://cdn11.bigcommerce.com/s-qgjte8dlii/images/stencil/1280x1280/products/4035/3510/048012_Fire_Pit__38109.1765236270.jpg?c=1 | https://cdn11.bigcommerce.com/s-qgjte8dlii/images/stencil/1280x1280/products/4035/3511/616607__76920.1765236270.jpg?c=1
"Mayfair 39"" x 52"" Oval Gas Fire Pit with Burner and Clear Fire Glass",208091FIRE,$1899,In Stock,Fire Pits,Mayfair,"Mayfair 39"" x 52"" Oval gas fire pit in Desert Bronze. Includes burner and clear fire glass.",Hanamint,https://hanamintstore.com/mayfair-39-x-52-oval-gas-fire-pit-with-burner-and-clear-fire-glass/,https://cdn11.bigcommerce.com/s-qgjte8dlii/products/4101/images/3522/208091__41349.1765321717.386.513.jpg,https://cdn11.bigcommerce.com/s-qgjte8dlii/images/stencil/1280x1280/products/4101/3522/208091__41349.1765321717.jpg?c=1
"Mayfair 48"" Rd Wood Buring Fire Pit Table",208012FIRE,$699,In Stock,Fire Pits,Mayfair,"Mayfair 48"" round wood burning fire pit in desert bronze finish. Includes Stainless Steel Bowl that can be used as ice bucket or fire bowl.",Hanamint,https://hanamintstore.com/mayfair-48-rd-wood-buring-fire-pit-table/,https://cdn11.bigcommerce.com/s-qgjte8dlii/products/4099/images/3518/208012FIRE__79280.1765319440.386.513.jpg,https://cdn11.bigcommerce.com/s-qgjte8dlii/images/stencil/1280x1280/products/4099/3518/208012FIRE__79280.1765319440.jpg?c=1 | https://cdn11.bigcommerce.com/s-qgjte8dlii/images/stencil/1280x1280/products/4099/3519/616607__76920.1765236270.1280.1280__93175.1765319440.jpg?c=1
"Mayfair 54"" Round Counter Gas Fire Pit with Burner and Clear Fire Glass",208096FIRE,$2399,In Stock,Fire Pits,Mayfair,"Mayfair 54"" Round Counter Gas Fire Pit in Desert Bronze Includes burner and clear fire glass.",Hanamint,https://hanamintstore.com/mayfair-54-round-counter-gas-fire-pit-with-burner-and-clear-fire-glass/,https://cdn11.bigcommerce.com/s-qgjte8dlii/products/4102/images/3524/208097__88124.1765322059.386.513.JPG,https://cdn11.bigcommerce.com/s-qgjte8dlii/images/stencil/1280x1280/products/4102/3524/208097__88124.1765322059.JPG?c=1
"Sherwood 39"" x 56"" Rect. Gas Fire Pit with Burner and Clear Fire Glass",245090FIRE,$2499,In Stock,Fire Pits,Sherwood,"Sherwood 39"" x 56"" Rect. gas fire pit in Terra Mist. Includes burner and clear fire glass.",Hanamint,https://hanamintstore.com/sherwood-39-x-56-rect-gas-fire-pit-with-burner-and-clear-fire-glass/,https://cdn11.bigcommerce.com/s-qgjte8dlii/products/4108/images/3530/245090__99002.1766953367.386.513.jpg,https://cdn11.bigcommerce.com/s-qgjte8dlii/images/stencil/1280x1280/products/4108/3530/245090__99002.1766953367.jpg?c=1
"Sherwood 44""x56"" Rect. Gas Fire Pit with Burner and Clear Fire Glass",245095FIRE,$2599,In Stock,Fire Pits,Sherwood,"Sherwood 44""x56"" Rect. gas fire pit in Terra Mist. Includes burner and clear fire glass.",Hanamint,https://hanamintstore.com/sherwood-44-x56-rect-gas-fire-pit-with-burner-and-clear-fire-glass/,https://cdn11.bigcommerce.com/s-qgjte8dlii/products/4110/images/3532/245095__95147.1766953558.386.513.jpg,https://cdn11.bigcommerce.com/s-qgjte8dlii/images/stencil/1280x1280/products/4110/3532/245095__95147.1766953558.jpg?c=1
"Sherwood 47""x64"" Rect. Counter Height Gas Fire Pit w/burner & fire glass",245098FIRE,$2999,In Stock,Fire Pits,Sherwood,"Sherwood 47""x64"" Rect. Counter Height gas fire pit in Terra Mist. Includes burner and clear fire glass.",Hanamint,https://hanamintstore.com/sherwood-47-x64-rect-counter-height-gas-fire-pit-w-burner-fire-glass/,https://cdn11.bigcommerce.com/s-qgjte8dlii/products/4111/images/3533/245098__90666.1766953903.386.513.jpg,https://cdn11.bigcommerce.com/s-qgjte8dlii/images/stencil/1280x1280/products/4111/3533/245098__90666.1766953903.jpg?c=1
Sherwood Hex. Gas Fire Pit with Burner and Clear Fire Glass,245091FIRE,$2299,In Stock,Fire Pits,Sherwood,Sherwood Hex. gas fire pit in Terra Mist. Includes burner and clear fire glass.,Hanamint,https://hanamintstore.com/sherwood-hex-gas-fire-pit-with-burner-and-clear-fire-glass/,https://cdn11.bigcommerce.com/s-qgjte8dlii/products/4109/images/3531/245091__24864.1766953464.386.513.jpg,https://cdn11.bigcommerce.com/s-qgjte8dlii/images/stencil/1280x1280/products/4109/3531/245091__24864.1766953464.jpg?c=1
"Tuscany 48"" Gas Fire Pit with Burner and Clear Fire Glass",048091FIRE,$1999,In Stock,Fire Pits,Tuscany,"Tuscany 48"" round gas fire pit in Desert Bronze. Includes burner and clear fire glass.",Hanamint,https://hanamintstore.com/tuscany-48-gas-fire-pit-with-burner-and-clear-fire-glass/,https://cdn11.bigcommerce.com/s-qgjte8dlii/products/4092/images/3509/048091__81601.1765235373.386.513.jpg,https://cdn11.bigcommerce.com/s-qgjte8dlii/images/stencil/1280x1280/products/4092/3509/048091__81601.1765235373.jpg?c=1
"Dbl Welt Seat Cushion #691064 - 18.5"" x 20""",691064,$49,In Stock,Cushions,Chair Seat Cushions,"Replacement Cushion style 691064 fits all chairs, swivel rockers, bar stools and counter stools in the following collections: Barrington Bella Biscayne Bordeaux Grandview Newport",Hanamint,https://hanamintstore.com/hanamint-chair-seat-cushion-691064-20-x-18-5-x-3/,https://cdn11.bigcommerce.com/s-qgjte8dlii/products/141/images/3153/DBL_Welt_Seat_Cushion__78694.1704925557.386.513.jpg,https://cdn11.bigcommerce.com/s-qgjte8dlii/images/stencil/1280x1280/products/141/3153/DBL_Welt_Seat_Cushion__78694.1704925557.jpg?c=1
"Dbl Welt Seat Cushion #691084 - 18.5"" x 20""",691084,$59,In Stock,Cushions,Chair Seat Cushions,"Replacement Cushion style 691084 fits all chairs, swivel rockers, bar stools and counter stools in the following collections: Andora Berkshire Brighton Dover Greenwich Lakeside Mayfair Molise Orleans Stratford Westfield Venice",Hanamint,https://hanamintstore.com/hanamint-chair-seat-cushion-691084-21-x-18-5-x-3-25/,https://cdn11.bigcommerce.com/s-qgjte8dlii/products/161/images/3158/DBL_Welt_Seat_Cushion__12456.1704926059.386.513.jpg,https://cdn11.bigcommerce.com/s-qgjte8dlii/images/stencil/1280x1280/products/161/3158/DBL_Welt_Seat_Cushion__12456.1704926059.jpg?c=1
"No Welt Chair Seat Cushion #681110 - 20""x19""",681110,$49,In Stock,Cushions,Chair Seat Cushions,NON WELTED Replacement Cushion style 681110 fits all Amari chairs and swivel rockers.,Hanamint,https://hanamintstore.com/no-welt-chair-seat-cushion-681110-20x19/,https://cdn11.bigcommerce.com/s-qgjte8dlii/products/681/images/2930/681110__49931.1692182816.386.513.png,https://cdn11.bigcommerce.com/s-qgjte8dlii/images/stencil/1280x1280/products/681/2930/681110__49931.1692182816.png?c=1 | https://cdn11.bigcommerce.com/s-qgjte8dlii/images/stencil/1280x1280/products/681/2923/Cast_Silver_40433-0000__15535.1692182175.1280.1280__23886.1692182815.jpg?c=1 | https://cdn11.bigcommerce.com/s-qgjte8dlii/images/stencil/1280x1280/products/681/2927/Spectrum_Indigo_48080-0000__62606.1692182175.1280.1280__13118.1692182815.jpg?c=1 | https://cdn11.bigcommerce.com/s-qgjte8dlii/images/stencil/1280x1280/products/681/2926/Cast_Teak__70795.1692182173.1280.1280__48780.1692182815.jpg?c=1 | https://cdn11.bigcommerce.com/s-qgjte8dlii/images/stencil/1280x1280/products/681/2929/Canvas_Henna_5407-0000__91564.1692182175.1280.1280__03425.1692182815.jpg?c=1 | https://cdn11.bigcommerce.com/s-qgjte8dlii/images/stencil/1280x1280/products/681/2924/Canvas_Heather_Beige_5476-0000__67521.1692182175.1280.1280__57557.1692182815.jpg?c=1 | https://cdn11.bigcommerce.com/s-qgjte8dlii/images/stencil/1280x1280/products/681/3228/Canvas_Teak_5488-0000__10695.1707519201.jpg?c=1 | https://cdn11.bigcommerce.com/s-qgjte8dlii/images/stencil/1280x1280/products/681/2928/Frequency_Sand_56094-0000__99949.1692182175.1280.1280__68053.1707519201.jpg?c=1
"No Welt Tuscany Chair Seat Cushion - 17.5"" x 19""",681102,$49,In Stock,Cushions,Chair Seat Cushions,"NON WELTED Replacement Cushion style 681102 fits all chairs, swivel rockers, bar stools and counter stools in the Tuscany collection. (Equivalent welted cushion #691097)",Hanamint,https://hanamintstore.com/hanamint-no-welt-tuscany-chair-seat-cushion-681102-17.5-x-19-x-3/,https://cdn11.bigcommerce.com/s-qgjte8dlii/products/136/images/3156/No_welt_seat_cushion__55497.1704925876.386.513.jpg,https://cdn11.bigcommerce.com/s-qgjte8dlii/images/stencil/1280x1280/products/136/3156/No_welt_seat_cushion__55497.1704925876.jpg?c=1
Santa Barbara Replacement Dining Cushion,681201,$159,In Stock,Cushions,Chair Seat Cushions,Hanamint Replacement Cushion style 681201 fits Santa Barbara dining chairs and swivel rockers.,Hanamint,https://hanamintstore.com/santa-barbara-replacement-dining-cushion/,https://cdn11.bigcommerce.com/s-qgjte8dlii/products/443/images/1580/691901__41288.1621977481.386.513.jpg,https://cdn11.bigcommerce.com/s-qgjte8dlii/images/stencil/1280x1280/products/443/1580/691901__41288.1621977481.jpg?c=1
"Hanamint Chaise Cushion #683104 - 24"" x 82.5""",683104,$259,In Stock,Cushions,Chaise Cushions,"Hanamint Replacement Cushion style 693234-double welted or 683104-non-welted fits all the following collections: Deminsions 24"" x 82.5"" side panel 3"" overall thickness 5"" Bedford Brighton Kensington Orleans Sherwood Stratford Westfield",Hanamint,https://hanamintstore.com/hanamint-chaise-cushion-693234-24-x-82-5-x-4/,https://cdn11.bigcommerce.com/s-qgjte8dlii/products/142/images/3333/693234__99264.1729634296.386.513.jpg,https://cdn11.bigcommerce.com/s-qgjte8dlii/images/stencil/1280x1280/products/142/3333/693234__99264.1729634296.jpg?c=1
"Hanamint Chaise Cushion #683106 - 25"" x 81.5""",683106,$259,In Stock,Cushions,Chaise Cushions,"Hanamint Replacement Cushion style 683106 non-welted version fits all the following chaises: Deminsions: W24.4"" x L80.5"" Top to Hinge: 30"" Overall thichness 5"" Andora Barrington Bella Berkshire Biscayne Bordeaux Dover Grand Tuscany Grandview Cast Greenwich Mayfair Molise Napoli Sienna St. Augustine St. Moritz Turin",Hanamint,https://hanamintstore.com/hanamint-chaise-cushion-693224-25-x-81-5-x-4/,https://cdn11.bigcommerce.com/s-qgjte8dlii/products/204/images/1209/693224__18927.1626616835.386.513.jpg,https://cdn11.bigcommerce.com/s-qgjte8dlii/images/stencil/1280x1280/products/204/1209/693224__18927.1626616835.jpg?c=1
"Hanamint Newport Chaise Cushion - 22.7"" x 72""",693084,$239,In Stock,Cushions,Chaise Cushions,"Hanamint Replacement Cushion style 693084 fits the Newport Chaise Lounge. Deminsions 22.7"" x 72"" side panel 3"" overall thickness 5""",Hanamint,https://hanamintstore.com/hanamint-newport-chaise-cushion-22-7-x-72-x-5/,https://cdn11.bigcommerce.com/s-qgjte8dlii/products/180/images/1393/693224__21531.1612807028.386.513.jpg,https://cdn11.bigcommerce.com/s-qgjte8dlii/images/stencil/1280x1280/products/180/1393/693224__21531.1612807028.jpg?c=1 | https://cdn11.bigcommerce.com/s-qgjte8dlii/images/stencil/1280x1280/products/180/2123/Canvas_Jockey_Red_5403-0000__16531.1641593445.jpg?c=1 | https://cdn11.bigcommerce.com/s-qgjte8dlii/images/stencil/1280x1280/products/180/2127/Volt_Sequoia_1000__15318.1641593447.jpg?c=1
"Tuscany 1pc Chaise Cushion - 24.7"" x 77.5""",683102,$239,In Stock,Cushions,Chaise Cushions,Hanamint Replacement Cushion non welted version of 693094 fits the Tuscany 1pc Chaise Lounge.,Hanamint,https://hanamintstore.com/tuscany-1pc-chaise-cushion-24-7-x-77-5/,https://cdn11.bigcommerce.com/s-qgjte8dlii/products/4031/images/3384/693084693094__51610.1715208424.1280.1280__09007.1743535899.386.513.jpg,https://cdn11.bigcommerce.com/s-qgjte8dlii/images/stencil/1280x1280/products/4031/3384/693084693094__51610.1715208424.1280.1280__09007.1743535899.jpg?c=1
"Hanamint Chaise Cushion #683105 - 24.5"" x 82.5""",683105,$299,In Stock,Cushions,Cushions,"This is the non-welted version of the Hanamint Cushion style 693831 that fits all the following collections: Dimensions 24.5"" x 82.5"" Santa Barbara Catalina Somerset Sundance",Hanamint,https://hanamintstore.com/hanamint-chaise-cushion-683105-24-5-x-82-5/,https://cdn11.bigcommerce.com/s-qgjte8dlii/products/4066/images/3443/693234__99264.1729634296.1280.1280__66283.1753907156.386.513.jpg,https://cdn11.bigcommerce.com/s-qgjte8dlii/images/stencil/1280x1280/products/4066/3443/693234__99264.1729634296.1280.1280__66283.1753907156.jpg?c=1 | https://cdn11.bigcommerce.com/s-qgjte8dlii/images/stencil/1280x1280/products/4066/3445/Cast_Teak__16503.1753907714.jpg?c=1 | https://cdn11.bigcommerce.com/s-qgjte8dlii/images/stencil/1280x1280/products/4066/3448/Canvas_Teak_5488-0000__37831.1753907715.jpg?c=1 | https://cdn11.bigcommerce.com/s-qgjte8dlii/images/stencil/1280x1280/products/4066/3446/Frequency_Sand_56094-0000__12401.1753907715.jpg?c=1 | https://cdn11.bigcommerce.com/s-qgjte8dlii/images/stencil/1280x1280/products/4066/3449/Linen_Chili_8306-0000__37285.1753907714.jpg?c=1 | https://cdn11.bigcommerce.com/s-qgjte8dlii/images/stencil/1280x1280/products/4066/3447/Cast_Silver_40433-0000__04268.1753907715.jpg?c=1 | https://cdn11.bigcommerce.com/s-qgjte8dlii/images/stencil/1280x1280/products/4066/3451/Cast_Slate_40434-0000__33667.1753907714.jpg?c=1 | https://cdn11.bigcommerce.com/s-qgjte8dlii/images/stencil/1280x1280/products/4066/3450/Cast_Lagoon_40456-0000__11320.1753907715.jpg?c=1 | https://cdn11.bigcommerce.com/s-qgjte8dlii/images/stencil/1280x1280/products/4066/3453/Frequency_Sand_56094-0000__32099.1753907715.jpg?c=1 | https://cdn11.bigcommerce.com/s-qgjte8dlii/images/stencil/1280x1280/products/4066/3452/Linen_Pampas_8317-0000__26279.1753907715.jpg?c=1
"No Welt Seat Cushion #681104 - 18.5"" x 20""",681104,$49,In Stock,Cushions,Cushions,"NON WELTED Replacement Cushion style 681104 fits all chairs, swivel rockers, bar stools and counter stools in the following collections: Barrington Bella Biscayne Bordeaux Grandview Newport (Equivalent welted version #691064)",Hanamint,https://hanamintstore.com/hanamint-no-welt-chair-seat-cushion-681104-20-x-18-5-x-3/,https://cdn11.bigcommerce.com/s-qgjte8dlii/products/184/images/3154/No_welt_seat_cushion__03699.1704925689.386.513.jpg,https://cdn11.bigcommerce.com/s-qgjte8dlii/images/stencil/1280x1280/products/184/3154/No_welt_seat_cushion__03699.1704925689.jpg?c=1
"No Welt Seat Cushion #681106 -18.5"" x 20""",681106,$59,In Stock,Cushions,Cushions,"NON WELTED Replacement Cushion style 681106 fits all chairs, swivel rockers, bar stools and counter stools in the following collections: Andora Berkshire Brighton Dover Greenwich Mayfair Molise Orleans Stratford Westfield (Equivalent welted version #691084)",Hanamint,https://hanamintstore.com/hanamint-no-welt-chair-seat-cushion-681106-21-x-18-5-x-3-25/,https://cdn11.bigcommerce.com/s-qgjte8dlii/products/187/images/3155/No_welt_seat_cushion__42051.1704925812.386.513.jpg,https://cdn11.bigcommerce.com/s-qgjte8dlii/images/stencil/1280x1280/products/187/3155/No_welt_seat_cushion__42051.1704925812.jpg?c=1
"No Welt Seat Cushion #681108 - 19.5"" x 20""",681108,$59,In Stock,Cushions,Cushions,"NON WELTED Replacement Cushion style 681108 fits all chairs, swivel rockers, bar stools and counter stools in the following collections: Cedar Hudson (Equivalent welted version #691228)",Hanamint,https://hanamintstore.com/no-welt-seat-cushion-681108-19-5-x-20/,https://cdn11.bigcommerce.com/s-qgjte8dlii/products/4065/images/3439/No_welt_seat_cushion__67853.1704925966.1280.1280__63509.1753906412.386.513.jpg,https://cdn11.bigcommerce.com/s-qgjte8dlii/images/stencil/1280x1280/products/4065/3439/No_welt_seat_cushion__67853.1704925966.1280.1280__63509.1753906412.jpg?c=1
Hanamint Estate Club Chair Cushion #694184,694184,$279,In Stock,Cushions,Deep Seating Cushions,"Hanamint Replacement Cushion style 694184 fits all the following Estate collections: Bedford Bordeaux Estate Mayfair Estate Newport Estate **will not fit regular Newport that uses smaller cushions** Sherwood Somerset St. Augustine Estate St. Moritz Estate Stratford Estate Dimensions: Back - 26""x25.5""x7"" Seat - 28""x24.5"" side panel 7"" overall thickness 10""",Hanamint,https://hanamintstore.com/hanamint-estate-club-chair-cushion-694184/,https://cdn11.bigcommerce.com/s-qgjte8dlii/products/218/images/1324/694184__01163.1626616786.386.513.jpg,https://cdn11.bigcommerce.com/s-qgjte8dlii/images/stencil/1280x1280/products/218/1324/694184__01163.1626616786.jpg?c=1
Hanamint No Welt Club Chair Cushion #684126,684126,$269,In Stock,Cushions,Deep Seating Cushions,Hanamint non-welted replacement cushion style 684126 fits the Cedar deep seating items.,Hanamint,https://hanamintstore.com/copy-of-hanamint-no-welt-estate-club-chair-cushion-684108/,https://cdn11.bigcommerce.com/s-qgjte8dlii/products/4078/images/3495/694108__64355.1764793336.386.513.jpg,https://cdn11.bigcommerce.com/s-qgjte8dlii/images/stencil/1280x1280/products/4078/3495/694108__64355.1764793336.jpg?c=1
Hanamint No Welt Estate Club Chair Cushion #684108,684108,$279,In Stock,Cushions,Deep Seating Cushions,"Hanamint NON WELTED Replacement Cushion style 684108 fits all the following Estate collections: Bedford Bordeaux Estate Mayfair Estate Newport Estate **will not fit regular Newport that uses smaller cushions** Sherwood Somerset St. Augustine Estate St. Moritz Estate Stratford Estate Dimensions: Back - 24.4""x24.4"" Seat - 28""x24.4"" side panel 7"" overall thichness 10"" (Equivalent welted cushion #694184)",Hanamint,https://hanamintstore.com/hanamint-no-welt-estate-club-chair-cushion-684108/,https://cdn11.bigcommerce.com/s-qgjte8dlii/products/135/images/1399/694184__99613.1742857074.386.513.jpg,https://cdn11.bigcommerce.com/s-qgjte8dlii/images/stencil/1280x1280/products/135/1399/694184__99613.1742857074.jpg?c=1
Hanamint No Welt Standard Club Chair Cushion #684103,684103,$269,In Stock,Cushions,Deep Seating Cushions,"Hanamint NON WELTED Replacement Cushion style 684103 fits all the following non-Estate collections: Seat: 26""x 25.6"" Back: 26.8""x22"" side panel 6"" overall thickness 9"" Biscayne Berkshire Grand Tuscany **will not fit older Grand Tuscany with 4"" thick seat cushions** Molise St. James Sienna St. Augustine St. Moritz Turin Westfield (Equivalent welted cushion #694107)",Hanamint,https://hanamintstore.com/hanamint-no-welt-standard-club-chair-cushion-684103/,https://cdn11.bigcommerce.com/s-qgjte8dlii/products/188/images/1390/694107__37204.1612806879.386.513.jpg,https://cdn11.bigcommerce.com/s-qgjte8dlii/images/stencil/1280x1280/products/188/1390/694107__37204.1612806879.jpg?c=1
Hanamint Standard Club Chair Cushion #694107,694107,$269,In Stock,Cushions,Deep Seating Cushions,"Hanamint Replacement Cushion style 694107 fits all the following non-Estate collections: Seat: 25""x 25.3""x7"" Back: 26.5""x22"" side panel 6"" overall thickness 9"" Biscayne Berkshire Grand Tuscany **will not fit older Grand Tuscany with 4"" thick seat cushions** Molise Sienna St. Augustine **will not fit older St. Augustine with 4"" thick seat cushions** St. James St. Moritz Turin Westfield Wexford",Hanamint,https://hanamintstore.com/hanamint-standard-club-chair-cushion-694107/,https://cdn11.bigcommerce.com/s-qgjte8dlii/products/199/images/1294/694107__60511.1626616796.386.513.jpg,https://cdn11.bigcommerce.com/s-qgjte8dlii/images/stencil/1280x1280/products/199/1294/694107__60511.1626616796.jpg?c=1
"No Welt Deep Loveseat Cushion #684401 -39""x21""",684401,$110,In Stock,Cushions,Deep Seating Cushions,NON WELTED Replacement Cushion style 684401 fits Amari loveseat.,Hanamint,https://hanamintstore.com/no-welt-deep-loveseat-cushion-684401-39x21/,https://cdn11.bigcommerce.com/s-qgjte8dlii/products/683/images/2940/684401__97667.1692183437.386.513.png,https://cdn11.bigcommerce.com/s-qgjte8dlii/images/stencil/1280x1280/products/683/2940/684401__97667.1692183437.png?c=1 | https://cdn11.bigcommerce.com/s-qgjte8dlii/images/stencil/1280x1280/products/683/2947/1692183141.1280.1280__75989.1692183437.jpg?c=1 | https://cdn11.bigcommerce.com/s-qgjte8dlii/images/stencil/1280x1280/products/683/2948/1692183141.1280.1280__03360.1692183437.jpg?c=1 | https://cdn11.bigcommerce.com/s-qgjte8dlii/images/stencil/1280x1280/products/683/2945/1692183141.1280.1280__15789.1692183437.jpg?c=1 | https://cdn11.bigcommerce.com/s-qgjte8dlii/images/stencil/1280x1280/products/683/2946/1692183141.1280.1280__38433.1692183437.jpg?c=1 | https://cdn11.bigcommerce.com/s-qgjte8dlii/images/stencil/1280x1280/products/683/2941/1692183141.1280.1280__55220.1692183437.jpg?c=1 | https://cdn11.bigcommerce.com/s-qgjte8dlii/images/stencil/1280x1280/products/683/2943/1692183141.1280.1280__88230.1692183437.jpg?c=1 | https://cdn11.bigcommerce.com/s-qgjte8dlii/images/stencil/1280x1280/products/683/2944/1692183141.1280.1280__63665.1692183437.jpg?c=1 | https://cdn11.bigcommerce.com/s-qgjte8dlii/images/stencil/1280x1280/products/683/3226/Canvas_Teak_5488-0000__93895.1707518258.jpg?c=1 | https://cdn11.bigcommerce.com/s-qgjte8dlii/images/stencil/1280x1280/products/683/2942/1692183141.1280.1280__60010.1707518257.jpg?c=1
"No Welt Deep Seating Seat Cushion #684201 -21.5""x22""",684201,$59,In Stock,Cushions,Deep Seating Cushions,NON WELTED Replacement Cushion style 684201 fits all Amari club chairs and club swivel rockers.,Hanamint,https://hanamintstore.com/no-welt-deep-seating-seat-cushion-684201-21-5x22/,https://cdn11.bigcommerce.com/s-qgjte8dlii/products/682/images/2932/681110__49931.1692182816.1280.1280__61079.1692183141.386.513.png,https://cdn11.bigcommerce.com/s-qgjte8dlii/images/stencil/1280x1280/products/682/2932/681110__49931.1692182816.1280.1280__61079.1692183141.png?c=1 | https://cdn11.bigcommerce.com/s-qgjte8dlii/images/stencil/1280x1280/products/682/2933/Cast_Ash_40428-0000__76961.1692182175.1280.1280__49056.1692182815.1280.1280__14280.1692183141.jpg?c=1 | https://cdn11.bigcommerce.com/s-qgjte8dlii/images/stencil/1280x1280/products/682/2938/Spectrum_Indigo_48080-0000__62606.1692182175.1280.1280__13118.1692182815.1280.1280__28969.1692183141.jpg?c=1 | https://cdn11.bigcommerce.com/s-qgjte8dlii/images/stencil/1280x1280/products/682/2931/Cast_Teak__70795.1692182173.1280.1280__48780.1692182815.1280.1280__51043.1692183141.jpg?c=1 | https://cdn11.bigcommerce.com/s-qgjte8dlii/images/stencil/1280x1280/products/682/2934/Canvas_Henna_5407-0000__91564.1692182175.1280.1280__03425.1692182815.1280.1280__44697.1692183141.jpg?c=1 | https://cdn11.bigcommerce.com/s-qgjte8dlii/images/stencil/1280x1280/products/682/2936/Canvas_Heather_Beige_5476-0000__67521.1692182175.1280.1280__57557.1692182815.1280.1280__52192.1692183141.jpg?c=1 | https://cdn11.bigcommerce.com/s-qgjte8dlii/images/stencil/1280x1280/products/682/3227/Canvas_Teak_5488-0000__60772.1707518862.jpg?c=1 | https://cdn11.bigcommerce.com/s-qgjte8dlii/images/stencil/1280x1280/products/682/2937/Frequency_Sand_56094-0000__99949.1692182175.1280.1280__68053.1692182815.1280.1280__96301.1707518861.jpg?c=1 | https://cdn11.bigcommerce.com/s-qgjte8dlii/images/stencil/1280x1280/products/682/3381/Linen_Chili_8306-0000__68267.1742947948.jpg?c=1
"Old Style Grand Tuscany Club Cushion - 4"" thick Seat",694097,$199,In Stock,Cushions,Deep Seating Cushions,"Old style Grand Tuscany club cushion with 4"" thick seat.",Hanamint,https://hanamintstore.com/694097clubcushion/,https://cdn11.bigcommerce.com/s-qgjte8dlii/products/4034/images/3390/694077__62524.1641850074.1280.1280__47853.1746551159.386.513.jpg,https://cdn11.bigcommerce.com/s-qgjte8dlii/images/stencil/1280x1280/products/4034/3390/694077__62524.1641850074.1280.1280__47853.1746551159.jpg?c=1
Santa Barbara Replacement Club Cushion,684102,$229,In Stock,Cushions,Deep Seating Cushions,Hanamint Replacement Cushion style 684102 is a non-welted cushion that fits Santa Barbara Club seating pieces with the exception of the crescent club pieces.,Hanamint,https://hanamintstore.com/santa-barbara-replacement-club-cushion/,https://cdn11.bigcommerce.com/s-qgjte8dlii/products/419/images/1553/694913__55966.1621977652.386.513.jpg,https://cdn11.bigcommerce.com/s-qgjte8dlii/images/stencil/1280x1280/products/419/1553/694913__55966.1621977652.jpg?c=1
Mayfair Estate Ottoman with cushion,208451-06,$299,In Stock,Cushions,Mayfair,Mayfair Estate Ottoman in Desert Bronze With cushion style 685104 - Choice of fabrics.,Hanamint,https://hanamintstore.com/mayfair-estate-ottoman-with-cushion/,https://cdn11.bigcommerce.com/s-qgjte8dlii/products/4164/images/3646/208451__47296.1778173582.386.513.jpg,https://cdn11.bigcommerce.com/s-qgjte8dlii/images/stencil/1280x1280/products/4164/3646/208451__47296.1778173582.jpg?c=1 | https://cdn11.bigcommerce.com/s-qgjte8dlii/images/stencil/1280x1280/products/4164/3647/Canvas_Heather_Beige_5476-0000__85976.1767726806.1280.1280__13412.1778173582.jpg?c=1 | https://cdn11.bigcommerce.com/s-qgjte8dlii/images/stencil/1280x1280/products/4164/3653/Cast_Lagoon_40456-0000__45648.1767726806.1280.1280__47841.1778173531.jpg?c=1 | https://cdn11.bigcommerce.com/s-qgjte8dlii/images/stencil/1280x1280/products/4164/3648/Cast_Ash_40428-0000__04071.1767726806.1280.1280__81309.1778173531.jpg?c=1 | https://cdn11.bigcommerce.com/s-qgjte8dlii/images/stencil/1280x1280/products/4164/3654/Canvas_Henna_5407-0000__71165.1767726806.1280.1280__18344.1778173531.jpg?c=1 | https://cdn11.bigcommerce.com/s-qgjte8dlii/images/stencil/1280x1280/products/4164/3650/Cast_Teak__52744.1767726806.1280.1280__68761.1778173531.jpg?c=1 | https://cdn11.bigcommerce.com/s-qgjte8dlii/images/stencil/1280x1280/products/4164/3756/Canvas_Teak_5488-0000__78887.1779730463.jpg?c=1 | https://cdn11.bigcommerce.com/s-qgjte8dlii/images/stencil/1280x1280/products/4164/3649/Cast_Silver_40433-0000__74485.1767726806.1280.1280__94191.1779730462.jpg?c=1 | https://cdn11.bigcommerce.com/s-qgjte8dlii/images/stencil/1280x1280/products/4164/3651/Spectrum_Indigo_48080-0000__47717.1767726806.1280.1280__27460.1779730462.jpg?c=1 | https://cdn11.bigcommerce.com/s-qgjte8dlii/images/stencil/1280x1280/products/4164/3652/Canvas_Jockey_Red_5403-0000__73471.1767727173.1280.1280__94786.1779730462.jpg?c=1
694077 Swing Cushion,694077,$159,In Stock,Cushions,Miscellaneous Cushions,Swing cushion that fits all Hanamint swings.,Hanamint,https://hanamintstore.com/694077-swing-cushion/,https://cdn11.bigcommerce.com/s-qgjte8dlii/products/517/images/2197/694077__62524.1641850074.386.513.jpg,https://cdn11.bigcommerce.com/s-qgjte8dlii/images/stencil/1280x1280/products/517/2197/694077__62524.1641850074.jpg?c=1 | https://cdn11.bigcommerce.com/s-qgjte8dlii/images/stencil/1280x1280/products/517/3416/Canvas_Aruba__92890.1751912421.jpg?c=1
"Hanamint Bench Cushion - 18"" x 39""",692064,$89,In Stock,Cushions,Miscellaneous Cushions,Hanamint Replacement Cushion style 692064 fits all benches in the following collections: Biscayne Bordeaux Grandview Molise Newport Tuscany Westfield Also fits these double gliders and A-Frame Swings. Biscayne Double Glider Biscayne A-Frame Swing Grandview Double Glider Molise Double Glider Molise A-Frame Swing,Hanamint,https://hanamintstore.com/hanamint-bench-cushion-18-x-39-x-3/,https://cdn11.bigcommerce.com/s-qgjte8dlii/products/143/images/1396/692064692224__78250.1612807304.386.513.jpg,https://cdn11.bigcommerce.com/s-qgjte8dlii/images/stencil/1280x1280/products/143/1396/692064692224__78250.1612807304.jpg?c=1 | https://cdn11.bigcommerce.com/s-qgjte8dlii/images/stencil/1280x1280/products/143/2104/Canvas_Henna_5407-0000__14055.1641515055.jpg?c=1 | https://cdn11.bigcommerce.com/s-qgjte8dlii/images/stencil/1280x1280/products/143/2103/Frequency_Sand_56094-0000__82940.1641515054.jpg?c=1 | https://cdn11.bigcommerce.com/s-qgjte8dlii/images/stencil/1280x1280/products/143/2114/Volt_Sequoia_1000__18641.1641515056.jpg?c=1 | https://cdn11.bigcommerce.com/s-qgjte8dlii/images/stencil/1280x1280/products/143/2101/Wyndham_Mocha_8036000__86112.1641515050.jpg?c=1
Hanamint Grand Tuscany Back Cushion,696032,$39,In Stock,Cushions,Miscellaneous Cushions,Hanamint replacement cushion style #696032 fits all the following Grand Tuscany items: Dining Chair Swivel Rocker Swivel Bar Stool Swivel Counter Stool,Hanamint,https://hanamintstore.com/hanamint-grand-tuscany-back-cushion/,https://cdn11.bigcommerce.com/s-qgjte8dlii/products/129/images/1401/696032__53235.1612807589.386.513.jpg,https://cdn11.bigcommerce.com/s-qgjte8dlii/images/stencil/1280x1280/products/129/1401/696032__53235.1612807589.jpg?c=1
Hanamint Estate Ottoman Cushion,695124,$129,In Stock,Cushions,Ottoman Cushions,Hanamint Replacement Cushion style 695124-Double Welted or 685104-non-welted fits all the following collections: Astoria Bedford Bordeaux Crestwood Edgewood Hyde Park Lancaster Mayfair Estate Newport Estate Pinecrest Sherwood Somerset St. Augustine Estate Stratford Estate,Hanamint,https://hanamintstore.com/hanamint-estate-ottoman-cushion/,https://cdn11.bigcommerce.com/s-qgjte8dlii/products/383/images/1404/695224__49663.1612807745.386.513.jpg,https://cdn11.bigcommerce.com/s-qgjte8dlii/images/stencil/1280x1280/products/383/1404/695224__49663.1612807745.jpg?c=1
Hanamint Estate Ottoman Cushion.,685104,$129,In Stock,Cushions,Ottoman Cushions,Hanamint Replacement Cushion style 685104-non-welted fits all the following collections: Astoria Bedford Bordeaux Crestwood Edgewood Hyde Park Lancaster Mayfair Estate Newport Estate Pinecrest Sherwood Somerset St. Augustine Estate Stratford Estate,Hanamint,https://hanamintstore.com/hanamint-estate-ottoman-cushion-j6pa/,https://cdn11.bigcommerce.com/s-qgjte8dlii/products/4079/images/3496/695224__49663.1612807745.1280.1280__49206.1764794423.386.513.jpg,https://cdn11.bigcommerce.com/s-qgjte8dlii/images/stencil/1280x1280/products/4079/3496/695224__49663.1612807745.1280.1280__49206.1764794423.jpg?c=1
Hanamint St. Moritz Ottoman Cushion,695064,$119,In Stock,Cushions,Ottoman Cushions,Hanamint Replacement Cushion style 695064 fits the St. Moritz and Wexford ottoman.,Hanamint,https://hanamintstore.com/hanamint-st-moritz-ottoman-cushion/,https://cdn11.bigcommerce.com/s-qgjte8dlii/products/401/images/1414/695064__05113.1612890464.386.513.jpg,https://cdn11.bigcommerce.com/s-qgjte8dlii/images/stencil/1280x1280/products/401/1414/695064__05113.1612890464.jpg?c=1 | https://cdn11.bigcommerce.com/s-qgjte8dlii/images/stencil/1280x1280/products/401/2335/Rachella_Teak__38434.1642024929.jpg?c=1 | https://cdn11.bigcommerce.com/s-qgjte8dlii/images/stencil/1280x1280/products/401/2338/Canvas_Teak_5488-0000__22988.1642024931.jpg?c=1 | https://cdn11.bigcommerce.com/s-qgjte8dlii/images/stencil/1280x1280/products/401/2331/Harwood_Crimson__40613.1642024927.jpg?c=1
Hanamint Standard Ottoman Cushion,685106,$99,In Stock,Cushions,Ottoman Cushions,Hanamint Replacement Cushion style 695224 fits all the following collections: Berkshire Biscayne Grand Tuscany Molise Orleans Sienna St. Augustine Turin Westfield,Hanamint,https://hanamintstore.com/hanamint-standard-ottoman-cushion/,https://cdn11.bigcommerce.com/s-qgjte8dlii/products/163/images/1395/695224__40591.1620671671.386.513.jpg,https://cdn11.bigcommerce.com/s-qgjte8dlii/images/stencil/1280x1280/products/163/1395/695224__40591.1620671671.jpg?c=1
Santa Barbara Standard Ottoman Cushion,685102,$79,In Stock,Cushions,Ottoman Cushions,Hanamint Replacement Cushion style 695453 fits Santa Barbara ottoman.,Hanamint,https://hanamintstore.com/santa-barbara-standard-ottoman-cushion/,https://cdn11.bigcommerce.com/s-qgjte8dlii/products/435/images/1570/695453__80028.1617643786.386.513.jpg,https://cdn11.bigcommerce.com/s-qgjte8dlii/images/stencil/1280x1280/products/435/1570/695453__80028.1617643786.jpg?c=1
"No Welt Seat Cushion #681107 - 20"" x 20""",681107,$59,In Stock,Cushions,Pinecrest,"NON WELTED Replacement Cushion style 681107 fits all chairs, swivel rockers, bar stools and counter stools in the following collections: Grand Tuscany Kensington Sienna St. Augustine St. Moritz Turin (Equivalent welted version #691224)",Hanamint,https://hanamintstore.com/hanamint-no-welt-chair-seat-cushion-681107-20-x-20-x-3-25/,https://cdn11.bigcommerce.com/s-qgjte8dlii/products/132/images/3157/No_welt_seat_cushion__67853.1704925966.386.513.jpg,https://cdn11.bigcommerce.com/s-qgjte8dlii/images/stencil/1280x1280/products/132/3157/No_welt_seat_cushion__67853.1704925966.jpg?c=1
Santa Barbara Chaise Lounge with cushion,704331-18,$999,In Stock,Cushions,Santa Barbara,Santa Barbara Chaise Lounge with cushion. Finish is Terra Mist.,Hanamint,https://hanamintstore.com/santa-barbara-chaise-lounge-with-cushion/,https://cdn11.bigcommerce.com/s-qgjte8dlii/products/4171/images/3677/704331__27620.1778342852.386.513.jpg,https://cdn11.bigcommerce.com/s-qgjte8dlii/images/stencil/1280x1280/products/4171/3677/704331__27620.1778342852.jpg?c=1 | https://cdn11.bigcommerce.com/s-qgjte8dlii/images/stencil/1280x1280/products/4171/3671/Cast_Silver_40433-0000__23009.1778342803.jpg?c=1 | https://cdn11.bigcommerce.com/s-qgjte8dlii/images/stencil/1280x1280/products/4171/3675/Cast_Lagoon_40456-0000__93614.1778342803.jpg?c=1 | https://cdn11.bigcommerce.com/s-qgjte8dlii/images/stencil/1280x1280/products/4171/3672/Spectrum_Indigo_48080-0000__77939.1778342803.jpg?c=1 | https://cdn11.bigcommerce.com/s-qgjte8dlii/images/stencil/1280x1280/products/4171/3670/Cast_Teak__03922.1758898429.1280.1280__87788.1778342803.jpg?c=1 | https://cdn11.bigcommerce.com/s-qgjte8dlii/images/stencil/1280x1280/products/4171/3674/Canvas_Teak_5488-0000__92593.1758898429.1280.1280__07741.1778342803.jpg?c=1 | https://cdn11.bigcommerce.com/s-qgjte8dlii/images/stencil/1280x1280/products/4171/3669/Frequency_Sand_56094-0000__13940.1778342803.jpg?c=1 | https://cdn11.bigcommerce.com/s-qgjte8dlii/images/stencil/1280x1280/products/4171/3676/Linen_Chili_8306-0000__32704.1778342803.jpg?c=1
Santa Barbara Swivel Rocker with cushion,704346-18,$379,In Stock,Cushions,Santa Barbara,Santa Barbara Swivel Rocker with cushion. Finish is Terra Mist.,Hanamint,https://hanamintstore.com/santa-barbara-swivel-rocker-with-cushion/,https://cdn11.bigcommerce.com/s-qgjte8dlii/products/4173/images/3697/704346__34620.1778360860.386.513.JPG,https://cdn11.bigcommerce.com/s-qgjte8dlii/images/stencil/1280x1280/products/4173/3697/704346__34620.1778360860.JPG?c=1 | https://cdn11.bigcommerce.com/s-qgjte8dlii/images/stencil/1280x1280/products/4173/3690/Canvas_Teak_5488-0000__92593.1758898429.1280.1280__07741.1778342803.1280.1280__46306.1778360860.jpg?c=1 | https://cdn11.bigcommerce.com/s-qgjte8dlii/images/stencil/1280x1280/products/4173/3698/Linen_Chili_8306-0000__54720.1778360860.jpg?c=1
"Dbl Welt Seat Cushion #691224 - 20"" x 20""",691224,$59,In Stock,Cushions,St. James,"Hanamint Replacement Cushion style 691224 fits all chairs, swivel rockers, bar stools and counter stools in the following collections: Grand Tuscany Kensington Sienna Somerset St. Augustine St. Moritz Turin",Hanamint,https://hanamintstore.com/hanamint-chair-seat-cushion-691224-20-x-20-x-3-25/,https://cdn11.bigcommerce.com/s-qgjte8dlii/products/113/images/3160/DBL_Welt_Seat_Cushion__10933.1704926193.386.513.jpg,https://cdn11.bigcommerce.com/s-qgjte8dlii/images/stencil/1280x1280/products/113/3160/DBL_Welt_Seat_Cushion__10933.1704926193.jpg?c=1
Stratford Estate Ottoman with cushion,247451-18,$299,In Stock,Cushions,Stratford,Stratford Estate Ottoman in Terra Mist With cushion style 685104 - Choice of fabrics.,Hanamint,https://hanamintstore.com/stratford-estate-ottoman-with-cushion/,https://cdn11.bigcommerce.com/s-qgjte8dlii/products/4152/images/3617/247451__45437.1767726661.386.513.jpg,https://cdn11.bigcommerce.com/s-qgjte8dlii/images/stencil/1280x1280/products/4152/3617/247451__45437.1767726661.jpg?c=1 | https://cdn11.bigcommerce.com/s-qgjte8dlii/images/stencil/1280x1280/products/4152/3619/Canvas_Heather_Beige_5476-0000__85976.1767726806.jpg?c=1 | https://cdn11.bigcommerce.com/s-qgjte8dlii/images/stencil/1280x1280/products/4152/3621/Cast_Lagoon_40456-0000__45648.1767726806.jpg?c=1 | https://cdn11.bigcommerce.com/s-qgjte8dlii/images/stencil/1280x1280/products/4152/3622/Cast_Ash_40428-0000__04071.1767726806.jpg?c=1 | https://cdn11.bigcommerce.com/s-qgjte8dlii/images/stencil/1280x1280/products/4152/3624/Canvas_Henna_5407-0000__71165.1767726806.jpg?c=1 | https://cdn11.bigcommerce.com/s-qgjte8dlii/images/stencil/1280x1280/products/4152/3618/Cast_Teak__52744.1767726806.jpg?c=1 | https://cdn11.bigcommerce.com/s-qgjte8dlii/images/stencil/1280x1280/products/4152/3623/Cast_Silver_40433-0000__74485.1767726806.jpg?c=1 | https://cdn11.bigcommerce.com/s-qgjte8dlii/images/stencil/1280x1280/products/4152/3620/Spectrum_Indigo_48080-0000__47717.1767726806.jpg?c=1 | https://cdn11.bigcommerce.com/s-qgjte8dlii/images/stencil/1280x1280/products/4152/3625/Canvas_Jockey_Red_5403-0000__73471.1767727173.jpg?c=1
30-LB Add on weight,677301-131,$99,In Stock,Planters & Accessories,30-LB Add on weight,30lb add on weight for Alumiron 50lb umbrella bases.,Hanamint,https://hanamintstore.com/30lb-add-on-weight-for-alumiron-umbrella-bases/,https://cdn11.bigcommerce.com/s-qgjte8dlii/products/398/images/1182/677301__63581.1612150569.386.513.jpg,https://cdn11.bigcommerce.com/s-qgjte8dlii/images/stencil/1280x1280/products/398/1182/677301__63581.1612150569.jpg?c=1
Arched Candle Holder,611504-54,$29,In Stock,Planters & Accessories,Arched Candle Holder,"This beautiful cast aluminum arched candle holder will accommodate three candles each up to 3"" in diameter. The finish is Golden Bronze. Dimensions 6"" x 16"" x 4""",Hanamint,https://hanamintstore.com/arched-candle-holder/,https://cdn11.bigcommerce.com/s-qgjte8dlii/products/196/images/471/611504_Arched_Candle_Holder__43412.1627507974.386.513.jpg,https://cdn11.bigcommerce.com/s-qgjte8dlii/images/stencil/1280x1280/products/196/471/611504_Arched_Candle_Holder__43412.1627507974.jpg?c=1
"Garden Pot 19"" Tall",661112-54,$249,In Stock,Planters & Accessories,"Garden Pot 19"" Tall","All Aluminum Garden Pot 19"" Tall",Hanamint,https://hanamintstore.com/garden-pot-19-tall/,https://cdn11.bigcommerce.com/s-qgjte8dlii/products/197/images/1165/661112__32303.1648603042.386.513.jpg,https://cdn11.bigcommerce.com/s-qgjte8dlii/images/stencil/1280x1280/products/197/1165/661112__32303.1648603042.jpg?c=1
"Lattice 18"" Sm.Sq. Planter Box",611213-18,$250,In Stock,Planters & Accessories,Lattice,"All Aluminum Lattice 18"" Square Planter Box Availble in Terra Mist",Hanamint,https://hanamintstore.com/lattice-18-square-planter-box/,https://cdn11.bigcommerce.com/s-qgjte8dlii/products/253/images/899/611213__96287.1589339747.386.513.jpg,https://cdn11.bigcommerce.com/s-qgjte8dlii/images/stencil/1280x1280/products/253/899/611213__96287.1589339747.jpg?c=1
Lattice 18x36 Rect Planter Box,611215-18,$380,In Stock,Planters & Accessories,Lattice,"All Aluminum Lattice 18"" x 36"" Planter Box Availble in Terra Mist",Hanamint,https://hanamintstore.com/lattice-18-x-36-planter-box/,https://cdn11.bigcommerce.com/s-qgjte8dlii/products/256/images/902/611215__01662.1611790557.386.513.jpg,https://cdn11.bigcommerce.com/s-qgjte8dlii/images/stencil/1280x1280/products/256/902/611215__01662.1611790557.jpg?c=1
"Lattice 24""Lg. Sq. Planter Box",611214-18,$400,In Stock,Planters & Accessories,Lattice,"All Aluminum Lattice 24"" Square Planter Box Terra Mist Finish",Hanamint,https://hanamintstore.com/lattice-24-square-planter-box/,https://cdn11.bigcommerce.com/s-qgjte8dlii/products/254/images/900/611214__79011.1589340126.386.513.jpg,https://cdn11.bigcommerce.com/s-qgjte8dlii/images/stencil/1280x1280/products/254/900/611214__79011.1589340126.jpg?c=1
"Lattice Planter 2 Pack - 18"" & 24""",611005,$879,In Stock,Planters & Accessories,"Lattice Planter 2 Pack - 18"" & 24""","2-Pack All Aluminum Lattice 18"" & 24"" Square Planter Boxes Available in Black or Terra Mist",Hanamint,https://hanamintstore.com/copy-of-lattice-planter-2-pack-18-24/,https://cdn11.bigcommerce.com/s-qgjte8dlii/products/4145/images/3591/611213__41307.1766973903.386.513.JPG,https://cdn11.bigcommerce.com/s-qgjte8dlii/images/stencil/1280x1280/products/4145/3591/611213__41307.1766973903.JPG?c=1 | https://cdn11.bigcommerce.com/s-qgjte8dlii/images/stencil/1280x1280/products/4145/3590/611214__30353.1766973903.JPG?c=1
Newport Trash Receptacle,604011-18,$619,In Stock,Planters & Accessories,Newport,All Aluminum Newport Trash Receptacle in Terra Mist Finish Fully welded and includes plastic liner.,Hanamint,https://hanamintstore.com/newport-trash-receptacle/,https://cdn11.bigcommerce.com/s-qgjte8dlii/products/260/images/906/604011_NEW__99975.1642700435.386.513.jpg,https://cdn11.bigcommerce.com/s-qgjte8dlii/images/stencil/1280x1280/products/260/906/604011_NEW__99975.1642700435.jpg?c=1
"Palm 18"" Square Planter Box",611220-05,$220,In Stock,Planters & Accessories,Palm,"All Aluminum Palm 18"" Square Planter Box in Black Finish",Hanamint,https://hanamintstore.com/palm-18-square-planter-box/,https://cdn11.bigcommerce.com/s-qgjte8dlii/products/257/images/903/611220__59890.1589491902.386.513.jpg,https://cdn11.bigcommerce.com/s-qgjte8dlii/images/stencil/1280x1280/products/257/903/611220__59890.1589491902.jpg?c=1
Palm 2 pack Planter Boxes,611006-05,$530,In Stock,Planters & Accessories,Palm,"All Aluminum Palm 2 Pack Planter Box 1 - 18"" Square 1 - 24"" Square Black Finish",Hanamint,https://hanamintstore.com/palm-2-pack-planter-box/,https://cdn11.bigcommerce.com/s-qgjte8dlii/products/259/images/905/611006__67885.1589492667.386.513.jpg,https://cdn11.bigcommerce.com/s-qgjte8dlii/images/stencil/1280x1280/products/259/905/611006__67885.1589492667.jpg?c=1
"Palm 24"" Square Planter Box",611221-05,$360,In Stock,Planters & Accessories,Palm,"All Aluminum Palm 24"" Square Planter Box in Black Finish",Hanamint,https://hanamintstore.com/palm-24-square-planter-box/,https://cdn11.bigcommerce.com/s-qgjte8dlii/products/258/images/904/611221__45749.1589492024.386.513.jpg,https://cdn11.bigcommerce.com/s-qgjte8dlii/images/stencil/1280x1280/products/258/904/611221__45749.1589492024.jpg?c=1
Towel Rack in Pebble Finish,611401-34,$199,In Stock,Planters & Accessories,Towel,"All Aluminum Towel Rack in Pebble. 54.5"" High 21' in diameter",Hanamint,https://hanamintstore.com/towel-rack/,https://cdn11.bigcommerce.com/s-qgjte8dlii/products/151/images/3359/611401-34__82247.1735861749.386.513.jpg,https://cdn11.bigcommerce.com/s-qgjte8dlii/images/stencil/1280x1280/products/151/3359/611401-34__82247.1735861749.jpg?c=1
Alumiron Umbrella Base-50lb,671550-18,$319,In Stock,Planters & Accessories,Tuscany,Alumiron Umbrella Base - 50lb in terra mist. Cast Iron covered with an aluminium shell.,Hanamint,https://hanamintstore.com/alumiron-umbrella-base-50lb/,https://cdn11.bigcommerce.com/s-qgjte8dlii/products/4149/images/3595/671550__77281.1767024181.386.513.jpg,https://cdn11.bigcommerce.com/s-qgjte8dlii/images/stencil/1280x1280/products/4149/3595/671550__77281.1767024181.jpg?c=1
Tuscany 18x36 Rect Planter Box,611212-06,$400,In Stock,Planters & Accessories,Tuscany,"All Aluminum Tuscany 18"" x 36"" Planter Box",Hanamint,https://hanamintstore.com/tuscany-18-x-36-planter-box/,https://cdn11.bigcommerce.com/s-qgjte8dlii/products/252/images/898/611212__92649.1611790763.386.513.jpg,https://cdn11.bigcommerce.com/s-qgjte8dlii/images/stencil/1280x1280/products/252/898/611212__92649.1611790763.jpg?c=1
"Tuscany 24""Lg. Sq. Planter Box",611211-06,$420,In Stock,Planters & Accessories,Tuscany,"All Aluminum Tuscany 24"" Square Planter Box",Hanamint,https://hanamintstore.com/tuscany-24-square-planter-box/,https://cdn11.bigcommerce.com/s-qgjte8dlii/products/250/images/895/611211__04170.1589338515.386.513.jpg,https://cdn11.bigcommerce.com/s-qgjte8dlii/images/stencil/1280x1280/products/250/895/611211__04170.1589338515.jpg?c=1
Tuscany Alumiron Umbrella Base-50lb,671548-06,$319,In Stock,Planters & Accessories,Tuscany,Tuscany Alumiron Umbrella Base - 50lb in desert bronze Cast Iron covered with an aluminium shell.,Hanamint,https://hanamintstore.com/tuscany-alumiron-umbrella-base-50lb/,https://cdn11.bigcommerce.com/s-qgjte8dlii/products/4147/images/3593/671548__12486.1766974412.386.513.jpg,https://cdn11.bigcommerce.com/s-qgjte8dlii/images/stencil/1280x1280/products/4147/3593/671548__12486.1766974412.jpg?c=1
Ventura Umbrella Base-30lb,672301-18,$149,In Stock,Planters & Accessories,Tuscany,Ventura Umbrella Base - 30lb in terra mist. Cast Iron,Hanamint,https://hanamintstore.com/ventura-umbrella-base-30lb/,https://cdn11.bigcommerce.com/s-qgjte8dlii/products/4150/images/3596/672301-18__64517.1767024293.386.513.jpg,https://cdn11.bigcommerce.com/s-qgjte8dlii/images/stencil/1280x1280/products/4150/3596/672301-18__64517.1767024293.jpg?c=1
Wine Bottle Holder,611503-54,$29,In Stock,Planters & Accessories,Wine,This beautiful cast aluminum wine bottle holder will compliment your table or makes a perfect gift for the wine enthusiast. (wine not included),Hanamint,https://hanamintstore.com/wine-bottle-holder/,https://cdn11.bigcommerce.com/s-qgjte8dlii/products/137/images/742/611503__66266.1648603175.386.513.jpg,https://cdn11.bigcommerce.com/s-qgjte8dlii/images/stencil/1280x1280/products/137/742/611503__66266.1648603175.jpg?c=1
Fire Glass 10 lbs,Fire Glass,$29,In Stock,Parts & Hardware,Fire Pit Parts,One 10lb bucket of fire glass - Amber or Black,Hanamint,https://hanamintstore.com/fire-glass-10-lbs/,https://cdn11.bigcommerce.com/s-qgjte8dlii/products/225/images/3492/616624__95897.1764791187.386.513.jpg,https://cdn11.bigcommerce.com/s-qgjte8dlii/images/stencil/1280x1280/products/225/3492/616624__95897.1764791187.jpg?c=1 | https://cdn11.bigcommerce.com/s-qgjte8dlii/images/stencil/1280x1280/products/225/3491/616622__65125.1764791187.jpg?c=1 | https://cdn11.bigcommerce.com/s-qgjte8dlii/images/stencil/1280x1280/products/225/3493/616623__37659.1764791187.jpg?c=1
Fire Poker,Poker,$9,In Stock,Parts & Hardware,Fire Pit Parts,Fire Poker,Hanamint,https://hanamintstore.com/fire-poker/,https://cdn11.bigcommerce.com/s-qgjte8dlii/products/456/images/1609/Fire_Poker__26537.1620687662.386.513.jpg,https://cdn11.bigcommerce.com/s-qgjte8dlii/images/stencil/1280x1280/products/456/1609/Fire_Poker__26537.1620687662.jpg?c=1
Flex Gas Hose for 616608,HG100I(C)16,$19,In Stock,Parts & Hardware,Fire Pit Parts,Replacement gas flex hose for fire pit burners.,Hanamint,https://hanamintstore.com/gas-flex-hose-replacment/,https://cdn11.bigcommerce.com/s-qgjte8dlii/products/679/images/2912/Gas_Flex_Hose__07271.1691690423.386.513.jpg,https://cdn11.bigcommerce.com/s-qgjte8dlii/images/stencil/1280x1280/products/679/2912/Gas_Flex_Hose__07271.1691690423.jpg?c=1
Gas Valve,616615D,$21,In Stock,Parts & Hardware,Fire Pit Parts,"Replacement gas valve for match light burners. Fits burner #616614, #616615, and #616617",Hanamint,https://hanamintstore.com/replacement-gas-valve-for-match-light-burners/,https://cdn11.bigcommerce.com/s-qgjte8dlii/products/665/images/2880/Gas_Valve_wonder_fire__88159.1689707255.386.513.jpg,https://cdn11.bigcommerce.com/s-qgjte8dlii/images/stencil/1280x1280/products/665/2880/Gas_Valve_wonder_fire__88159.1689707255.jpg?c=1
Gas Valve Control Knob,616615A,$5,In Stock,Parts & Hardware,Fire Pit Parts,"Replacement gas valve control knob for match light burners. Fits burner #616614, #616615, and #616617",Hanamint,https://hanamintstore.com/replacement-gas-valve-control-knob-for-match-light-burners/,https://cdn11.bigcommerce.com/s-qgjte8dlii/products/667/images/2879/Gas_control_knob__92862.1689707186.386.513.jpg,https://cdn11.bigcommerce.com/s-qgjte8dlii/images/stencil/1280x1280/products/667/2879/Gas_control_knob__92862.1689707186.jpg?c=1
Glass Guard Replacement,HA40005,$10,In Stock,Parts & Hardware,Fire Pit Parts,Replacement rubber feet of all fire pit glass guards. Set of 4 includes replacement screws for attaching.,Hanamint,https://hanamintstore.com/glass-guard-replacement-rubber-feet-set-of-4/,https://cdn11.bigcommerce.com/s-qgjte8dlii/products/130/images/392/HA40005__74906.1571264803.386.513.jpg,https://cdn11.bigcommerce.com/s-qgjte8dlii/images/stencil/1280x1280/products/130/392/HA40005__74906.1571264803.jpg?c=1
Hardware Set for 616619,616619HARDWARE,$24,In Stock,Parts & Hardware,Fire Pit Parts,Complete set of top and bottom claps for 616619 round glass guard.,Hanamint,https://hanamintstore.com/hardware-set-for-round-glass-guards/,https://cdn11.bigcommerce.com/s-qgjte8dlii/products/386/images/1105/616619hardware__58244.1603474818.386.513.jpg,https://cdn11.bigcommerce.com/s-qgjte8dlii/images/stencil/1280x1280/products/386/1105/616619hardware__58244.1603474818.jpg?c=1
NG Conversion Kit,616690,$69,In Stock,Parts & Hardware,Fire Pit Parts,Natural Gas Converions kit for fire pit table. Not for use with Crystal Burners,Hanamint,https://hanamintstore.com/natural-gas-conversion-kit-for-fire-pit-tables/,https://cdn11.bigcommerce.com/s-qgjte8dlii/products/440/images/1576/NG_conversion_kit__96251.1652135309.386.513.jpg,https://cdn11.bigcommerce.com/s-qgjte8dlii/images/stencil/1280x1280/products/440/1576/NG_conversion_kit__96251.1652135309.jpg?c=1
Rectangular Glass Guard,616621,$149,In Stock,Parts & Hardware,Fire Pit Parts,"Rectangular Glass Guard for 12"" x 24"" burner.",Hanamint,https://hanamintstore.com/rectangular-glass-guard-for-12-x-24-burner/,https://cdn11.bigcommerce.com/s-qgjte8dlii/products/342/images/1125/616621__84246.1607361414.386.513.jpg,https://cdn11.bigcommerce.com/s-qgjte8dlii/images/stencil/1280x1280/products/342/1125/616621__84246.1607361414.jpg?c=1
Replacement Piece of Glass for Round Glass Guard,GLASSPANEL,$49,In Stock,Parts & Hardware,Fire Pit Parts,Replacement piece of glass for the 616619 round glass fire pit wind guard.,Hanamint,https://hanamintstore.com/replacement-piece-of-glass-for-round-glass-guard/,https://cdn11.bigcommerce.com/s-qgjte8dlii/products/432/images/1567/glass__28516.1617044417.386.513.jpg,https://cdn11.bigcommerce.com/s-qgjte8dlii/images/stencil/1280x1280/products/432/1567/glass__28516.1617044417.jpg?c=1
Round Glass Guard,616619,$199,In Stock,Parts & Hardware,Fire Pit Parts,"Round glass fire pit wind guard. For use with gas fire pits only. Not suitable for wood burning fire pits. Fits all round hanamint gas fire pits. 22.5"" diameter",Hanamint,https://hanamintstore.com/round-fire-pit-glass-wind-guard/,https://cdn11.bigcommerce.com/s-qgjte8dlii/products/310/images/1127/616619__60896.1607365274.386.513.jpg,https://cdn11.bigcommerce.com/s-qgjte8dlii/images/stencil/1280x1280/products/310/1127/616619__60896.1607365274.jpg?c=1
Stainless Steel Ice Bucket,616607,$160,In Stock,Parts & Hardware,Fire Pit Parts,"This stainless steel ice bucket fits all Hanamint & Alumont fire pit tables. Can be used as an ice bucket or fire bowl. The bowl is 19.5” in diameter plus a 1” lip all around for a total of 21.5” and is 8"" deep.",Hanamint,https://hanamintstore.com/stainless-steel-ice-bucket-for-fire-pit-tables/,https://cdn11.bigcommerce.com/s-qgjte8dlii/products/192/images/1126/616607__42293.1652477675.386.513.jpg,https://cdn11.bigcommerce.com/s-qgjte8dlii/images/stencil/1280x1280/products/192/1126/616607__42293.1652477675.jpg?c=1
Straight Shot Propane Hose,STRPROPANEHOSE,$25,In Stock,Parts & Hardware,Fire Pit Parts,5' long straight shot propane hose.,Hanamint,https://hanamintstore.com/straight-shot-propane-hose/,https://cdn11.bigcommerce.com/s-qgjte8dlii/products/4153/images/3626/Straight_Shot_Propane_Hose__44684.1768487701.386.513.jpg,https://cdn11.bigcommerce.com/s-qgjte8dlii/images/stencil/1280x1280/products/4153/3626/Straight_Shot_Propane_Hose__44684.1768487701.jpg?c=1
Thermocouple,616615E,$14,In Stock,Parts & Hardware,Fire Pit Parts,"Replacement thermocouple for match light burners. Fits burner #616614, #616615, and #616617",Hanamint,https://hanamintstore.com/replacement-thermocouple-for-match-light-burners/,https://cdn11.bigcommerce.com/s-qgjte8dlii/products/641/images/2805/thermocouple__51247.1680046807.386.513.jpg,https://cdn11.bigcommerce.com/s-qgjte8dlii/images/stencil/1280x1280/products/641/2805/thermocouple__51247.1680046807.jpg?c=1
"1 7/8"" Oval Glide For Alumont Furniture - 16 pack",607,$16,In Stock,Parts & Hardware,Glides,"This 1 7/8"" oval glide fits all older Alumont furniture with 1 7/8"" extrusions. Choose color: Black or White Pack of 16.",Hanamint,https://hanamintstore.com/1-7-8-glide-for-alumont-furniture-16-pack/,https://cdn11.bigcommerce.com/s-qgjte8dlii/products/165/images/1168/IMG_1008_edited-1__74974.1611273519.386.513.jpg,https://cdn11.bigcommerce.com/s-qgjte8dlii/images/stencil/1280x1280/products/165/1168/IMG_1008_edited-1__74974.1611273519.jpg?c=1 | https://cdn11.bigcommerce.com/s-qgjte8dlii/images/stencil/1280x1280/products/165/1167/IMG_1011_edited-1__59500.1611273519.jpg?c=1
Alumont Coved Stem Glide - For older Alumont Swivel Rockers - Pack of 16,,$12,In Stock,Parts & Hardware,Glides,"This Alumont glide is for older furniture, please match your glide to the picture. Sold in packs of 16.",Hanamint,https://hanamintstore.com/alumont-coved-stem-glide-for-older-alumont-swivel-rockers-pack-of-20/,https://cdn11.bigcommerce.com/s-qgjte8dlii/products/200/images/394/302-3310BL__47693.1571264803.386.513.jpg,https://cdn11.bigcommerce.com/s-qgjte8dlii/images/stencil/1280x1280/products/200/394/302-3310BL__47693.1571264803.jpg?c=1 | https://cdn11.bigcommerce.com/s-qgjte8dlii/images/stencil/1280x1280/products/200/410/302-3310WH__53296.1571264804.jpg?c=1
Alumont Flat Stem Glide-White,302-2060WH,$12,In Stock,Parts & Hardware,Glides,Alumont FLAT Stem Glide - For Alumont Swivel Rockers - Pack of 16 Only available in natural color.,Hanamint,https://hanamintstore.com/alumont-flat-stem-glide-for-alumont-swivel-rockers-pack-of-24/,https://cdn11.bigcommerce.com/s-qgjte8dlii/products/339/images/1013/Flat_Stem_Glide__74193.1595630299.386.513.jpg,https://cdn11.bigcommerce.com/s-qgjte8dlii/images/stencil/1280x1280/products/339/1013/Flat_Stem_Glide__74193.1595630299.jpg?c=1
Small Sherwood Glide Set of 4,HM61120,$12,In Stock,Parts & Hardware,Glides,"Replacement 2.5"" Square Insert Glide set of 4",Hanamint,https://hanamintstore.com/replacement-2-5-square-inset-glide-set-of-4/,https://cdn11.bigcommerce.com/s-qgjte8dlii/products/351/images/1043/HM61120__74086.1596746839.386.513.jpg,https://cdn11.bigcommerce.com/s-qgjte8dlii/images/stencil/1280x1280/products/351/1043/HM61120__74086.1596746839.jpg?c=1
Button Caps,BUTTONCAP,$5,In Stock,Parts & Hardware,Misc. Parts,"Button Caps - Pack of 16 Used to cover bolt heads, mainly on sling furniture.",Hanamint,https://hanamintstore.com/button-caps-pack-of-16/,https://cdn11.bigcommerce.com/s-qgjte8dlii/products/414/images/1548/Button_Cap__97540.1616170608.386.513.jpg,https://cdn11.bigcommerce.com/s-qgjte8dlii/images/stencil/1280x1280/products/414/1548/Button_Cap__97540.1616170608.jpg?c=1
Gas Cylinder Rods - Set of 2,GAS CYLINDER,$49,In Stock,Parts & Hardware,Misc. Parts,Set of 2 replacement gas cylinder rods for Tuscany Storage Box Lid. Item #611948.,Hanamint,https://hanamintstore.com/gas-cylinder-rods-set-of-2/,https://cdn11.bigcommerce.com/s-qgjte8dlii/products/119/images/1131/Gas_Cylinder__07236.1607377930.386.513.jpg,https://cdn11.bigcommerce.com/s-qgjte8dlii/images/stencil/1280x1280/products/119/1131/Gas_Cylinder__07236.1607377930.jpg?c=1
Glider Rocker Arm,504428A00,$9,In Stock,Parts & Hardware,Misc. Parts,"Glider Replacement Arm choose from 8"" overall length - 6.5"" hole spacing or 9"" overall length - 7 5/8"" hole spacing",Hanamint,https://hanamintstore.com/glider-rocker-arm/,https://cdn11.bigcommerce.com/s-qgjte8dlii/products/350/images/1132/IMG_1792__94274.1607378066.386.513.jpg,https://cdn11.bigcommerce.com/s-qgjte8dlii/images/stencil/1280x1280/products/350/1132/IMG_1792__94274.1607378066.jpg?c=1
Glider Rocker Arm Hardware Kit,Gliderhardware,$12,In Stock,Parts & Hardware,Misc. Parts,Hardware kit to attach glider rocker arms.,Hanamint,https://hanamintstore.com/glider-rocker-arm-hardware-kit/,https://cdn11.bigcommerce.com/s-qgjte8dlii/products/671/images/2885/Hardware_Pack__00127.1621198257.1280.1280__05292.1686923731.1280.1280__74843.1690572781.386.513.jpg,https://cdn11.bigcommerce.com/s-qgjte8dlii/images/stencil/1280x1280/products/671/2885/Hardware_Pack__00127.1621198257.1280.1280__05292.1686923731.1280.1280__74843.1690572781.jpg?c=1
Grand Tuscany Replacement Ottoman with strap bed Leg,048452C40-06,$24,In Stock,Parts & Hardware,Misc. Parts,Current model of Grand Tuscany ottoman 048452 replacement leg. This model has a strap bed and the legs are side mounted. Finish is Desert Bronze.,Hanamint,https://hanamintstore.com/grand-tuscany-replacement-ottoman-leg/,https://cdn11.bigcommerce.com/s-qgjte8dlii/products/403/images/2699/048452__76572.1663612524.386.513.jpg,https://cdn11.bigcommerce.com/s-qgjte8dlii/images/stencil/1280x1280/products/403/2699/048452__76572.1663612524.jpg?c=1
Lazy Susan Bearing Ring,630101A55,$69,In Stock,Parts & Hardware,Misc. Parts,"Table Top Lazy Susan Replacement Bearing. Bearing measures 15 3/4"" Please choose 3 or 4 mounting holes.",Hanamint,https://hanamintstore.com/table-top-lazy-susan-replacement-bearing/,https://cdn11.bigcommerce.com/s-qgjte8dlii/products/243/images/1709/Lazy_Susan_Bearing__13879.1630866699.386.513.jpg,https://cdn11.bigcommerce.com/s-qgjte8dlii/images/stencil/1280x1280/products/243/1709/Lazy_Susan_Bearing__13879.1630866699.jpg?c=1
Replacement Foot Guards for Bar Stools and Counter Stools- Set of 4,60114,$21,In Stock,Parts & Hardware,Misc. Parts,Plastic foot guard protectors for Bar and Counter Stools. Will fit all Hanamint stools. Will not work on other products. Set of 4 in black.,Hanamint,https://hanamintstore.com/bar-and-counter-stool-foot-guards-set-of-4/,https://cdn11.bigcommerce.com/s-qgjte8dlii/products/146/images/1133/601000014-BK__33419.1649086772.386.513.jpg,https://cdn11.bigcommerce.com/s-qgjte8dlii/images/stencil/1280x1280/products/146/1133/601000014-BK__33419.1649086772.jpg?c=1
Replacement Wheel for Chaise or Tea Cart,,$79,In Stock,Parts & Hardware,Misc. Parts,Replacement Wheel for Chaise or Tea Cart including tire. There is only one size with the rim being 10 3/4” with the tire it measures 12” Must choose your pattern style.,Hanamint,https://hanamintstore.com/wheel-tire/,https://cdn11.bigcommerce.com/s-qgjte8dlii/products/238/images/1710/Wheel_1__73066.1631301981.386.513.jpg,https://cdn11.bigcommerce.com/s-qgjte8dlii/images/stencil/1280x1280/products/238/1710/Wheel_1__73066.1631301981.jpg?c=1 | https://cdn11.bigcommerce.com/s-qgjte8dlii/images/stencil/1280x1280/products/238/1711/Wheel_2__15328.1631301981.jpg?c=1 | https://cdn11.bigcommerce.com/s-qgjte8dlii/images/stencil/1280x1280/products/238/1712/Style_3__28695.1631301981.jpg?c=1 | https://cdn11.bigcommerce.com/s-qgjte8dlii/images/stencil/1280x1280/products/238/2317/Wheel_3__65686.1642007018.jpg?c=1
Sectioanl Connecting Hardware,HB048444,$8,In Stock,Parts & Hardware,Misc. Parts,"Sectional Connecting Hardware - Set of 4 3 3/4"" long bolt with washers and wing nut.",Hanamint,https://hanamintstore.com/sectional-connecting-hardware-set-of-4/,https://cdn11.bigcommerce.com/s-qgjte8dlii/products/368/images/1065/Sectional_Connecting_Hardware__83178.1598992773.386.513.jpg,https://cdn11.bigcommerce.com/s-qgjte8dlii/images/stencil/1280x1280/products/368/1065/Sectional_Connecting_Hardware__83178.1598992773.jpg?c=1
Set of 2 Casters,605000001x2,$10,In Stock,Parts & Hardware,Misc. Parts,Set of 2 Casters.,Hanamint,https://hanamintstore.com/casters_2/,https://cdn11.bigcommerce.com/s-qgjte8dlii/products/231/images/1135/casters__28641.1607378811.386.513.jpg,https://cdn11.bigcommerce.com/s-qgjte8dlii/images/stencil/1280x1280/products/231/1135/casters__28641.1607378811.jpg?c=1
Set of 2 Chaise Back Bushings,61602,$4,In Stock,Parts & Hardware,Misc. Parts,Set of 2 Replacement Chaise Back Bushings These are replacement bushings for chaise backs.,Hanamint,https://hanamintstore.com/set-of-2-replacement-chaise-back-bushings/,https://cdn11.bigcommerce.com/s-qgjte8dlii/products/359/images/1052/61602__69965.1597791005.386.513.jpg,https://cdn11.bigcommerce.com/s-qgjte8dlii/images/stencil/1280x1280/products/359/1052/61602__69965.1597791005.jpg?c=1
Set of 2 Hub Caps for wheels with hardware,HUBCAP,$5,In Stock,Parts & Hardware,Misc. Parts,Replacement Hub Caps for Chaise or Tea Cart Wheels - Set of 2 Plus 2 screws and washers for attaching the wheels.,Hanamint,https://hanamintstore.com/set-of-2-hub-caps-for-wheels-with-hardware/,https://cdn11.bigcommerce.com/s-qgjte8dlii/products/327/images/995/Hub_Caps__53425.1652210922.386.513.jpg,https://cdn11.bigcommerce.com/s-qgjte8dlii/images/stencil/1280x1280/products/327/995/Hub_Caps__53425.1652210922.jpg?c=1
Set of 2 Repl. Wheel Bushing,61601,$4,In Stock,Parts & Hardware,Misc. Parts,Set of 2 Replacement Nylon Wheel Bushings. These are replecement bushings for all wheels used on chaise lounges and tea carts.,Hanamint,https://hanamintstore.com/set-of-2-replacement-wheel-bushings/,https://cdn11.bigcommerce.com/s-qgjte8dlii/products/292/images/951/Wheel_Bushing__08401.1591461780.386.513.jpg,https://cdn11.bigcommerce.com/s-qgjte8dlii/images/stencil/1280x1280/products/292/951/Wheel_Bushing__08401.1591461780.jpg?c=1
St. Augustine Decorative Finial,156112A44-06,$9,In Stock,Parts & Hardware,Misc. Parts,This replacement decorative finial is for St. Augustine chairs and swivel rockers.,Hanamint,https://hanamintstore.com/st-augustine-decorative-finial/,https://cdn11.bigcommerce.com/s-qgjte8dlii/products/381/images/1088/st_aug_finial__73482.1603467869.386.513.jpg,https://cdn11.bigcommerce.com/s-qgjte8dlii/images/stencil/1280x1280/products/381/1088/st_aug_finial__73482.1603467869.jpg?c=1
Storage Box Latch,Latch,$10,In Stock,Parts & Hardware,Misc. Parts,Storage box latch.,Hanamint,https://hanamintstore.com/storage-box-latch/,https://cdn11.bigcommerce.com/s-qgjte8dlii/products/462/images/1624/Storage_Box_Latch__29917.1620921074.386.513.jpg,https://cdn11.bigcommerce.com/s-qgjte8dlii/images/stencil/1280x1280/products/462/1624/Storage_Box_Latch__29917.1620921074.jpg?c=1
Storage Box Latch Plate,Latchplate,$5,In Stock,Parts & Hardware,Misc. Parts,Storage box latch plate.,Hanamint,https://hanamintstore.com/storage-box-latch-plate/,https://cdn11.bigcommerce.com/s-qgjte8dlii/products/461/images/1623/Storage_Box_Latch_Plate__16166.1620920966.386.513.jpg,https://cdn11.bigcommerce.com/s-qgjte8dlii/images/stencil/1280x1280/products/461/1623/Storage_Box_Latch_Plate__16166.1620920966.jpg?c=1
Storage Box Push Button,*Note,$10,In Stock,Parts & Hardware,Misc. Parts,Storage box push button.,Hanamint,https://hanamintstore.com/storage-box-push-button/,https://cdn11.bigcommerce.com/s-qgjte8dlii/products/328/images/1134/Storage_Box_Push_Button__90457.1607378661.386.513.jpg,https://cdn11.bigcommerce.com/s-qgjte8dlii/images/stencil/1280x1280/products/328/1134/Storage_Box_Push_Button__90457.1607378661.jpg?c=1
Tires Set of 2,HA21,$68,In Stock,Parts & Hardware,Misc. Parts,"Replacement tires for all Hanamint chaise lounges and tea carts. 10 3/4"" inside diameter. Will not fit Biltmore Sling Chaise Lounge wheels.",Hanamint,https://hanamintstore.com/tires-for-chaise-lounge-and-tea-carts-set-of-2/,https://cdn11.bigcommerce.com/s-qgjte8dlii/products/202/images/485/HA20001__51384.1652210860.386.513.jpg,https://cdn11.bigcommerce.com/s-qgjte8dlii/images/stencil/1280x1280/products/202/485/HA20001__51384.1652210860.jpg?c=1
Top Cross Section for Towel Rack,611401A03-156,$59,In Stock,Parts & Hardware,Misc. Parts,Replacement top cross bar for towel rack in desert mist.,Hanamint,https://hanamintstore.com/top-cross-section-for-towel-rack/,https://cdn11.bigcommerce.com/s-qgjte8dlii/products/558/images/2617/1653066250.1280.1280__90005.1657215351.386.513.jpg,https://cdn11.bigcommerce.com/s-qgjte8dlii/images/stencil/1280x1280/products/558/2617/1653066250.1280.1280__90005.1657215351.jpg?c=1
Umbrella Base Pole Reducer 2pc,603004581-BK,$5,In Stock,Parts & Hardware,Misc. Parts,"Large 2pc Umbrella Post Insert - Plastic protector Fits 2 1/4"" ID umbrella base post.",Hanamint,https://hanamintstore.com/large-2pc-umbrella-post-insert-plastic-protector/,https://cdn11.bigcommerce.com/s-qgjte8dlii/products/439/images/1575/603004581-BK__01395.1617812942.386.513.jpg,https://cdn11.bigcommerce.com/s-qgjte8dlii/images/stencil/1280x1280/products/439/1575/603004581-BK__01395.1617812942.jpg?c=1
Umbrella Set Screw,HB10000,$5,In Stock,Parts & Hardware,Misc. Parts,Replacement tightening knob for all umbrella bases.,Hanamint,https://hanamintstore.com/umbrella-base-tightening-knob/,https://cdn11.bigcommerce.com/s-qgjte8dlii/products/282/images/1611/Umbrella_Base_Tightening_Knob_BK__19116.1620758054.386.513.jpg,https://cdn11.bigcommerce.com/s-qgjte8dlii/images/stencil/1280x1280/products/282/1611/Umbrella_Base_Tightening_Knob_BK__19116.1620758054.jpg?c=1
"1"" Round Glide - Pack of 16",100-1226,$16,In Stock,Parts & Hardware,"Parts, Glides & Touch Up","These are replacement glides for older Alumont furniture that use 1"" round glides. These glides are only sold in packs of 16.",Hanamint,https://hanamintstore.com/1-round-glide-pack-of-16/,https://cdn11.bigcommerce.com/s-qgjte8dlii/products/4012/images/3319/100-1226wh__18818.1727129759.386.513.jpg,https://cdn11.bigcommerce.com/s-qgjte8dlii/images/stencil/1280x1280/products/4012/3319/100-1226wh__18818.1727129759.jpg?c=1 | https://cdn11.bigcommerce.com/s-qgjte8dlii/images/stencil/1280x1280/products/4012/3320/100-1226bl__31261.1727129759.jpg?c=1
Large Sherwood Glide Set of 4,HM61110,$14,In Stock,Parts & Hardware,"Parts, Glides & Touch Up","Replacement 3 1/8"" Square Insert Glide set of 4",Hanamint,https://hanamintstore.com/replacement-3-1-8-square-inset-glide-set-of-4/,https://cdn11.bigcommerce.com/s-qgjte8dlii/products/352/images/1044/HM61110__42676.1596746637.386.513.jpg,https://cdn11.bigcommerce.com/s-qgjte8dlii/images/stencil/1280x1280/products/352/1044/HM61110__42676.1596746637.jpg?c=1
Standard Adjuster Glide - 20 pack,602,$18,In Stock,Parts & Hardware,"Parts, Glides & Touch Up","Standard adjuster glides for Hanamint furniture. Choose size needed - M8 (1/4"") thread for most furniture or M6 (3/16"") thread for furniture made prior to 2006. M8 are natural color. M6 are black color. Pack of 20 glides.",Hanamint,https://hanamintstore.com/standard-adjuster-glide-20-pack/,https://cdn11.bigcommerce.com/s-qgjte8dlii/products/454/images/1625/60214__84201.1654803978.386.513.jpg,https://cdn11.bigcommerce.com/s-qgjte8dlii/images/stencil/1280x1280/products/454/1625/60214__84201.1654803978.jpg?c=1 | https://cdn11.bigcommerce.com/s-qgjte8dlii/images/stencil/1280x1280/products/454/3128/M6_Glide__30578.1694790617.jpg?c=1
Standard Adjuster Glide - 4 pack Natural Color,60215,$5,In Stock,Parts & Hardware,"Parts, Glides & Touch Up",Standard adjuster natrual color glide fits all Hanamint Furniture with M8 threads. Pack of 4 glides.,Hanamint,https://hanamintstore.com/new-standard-adjuster-glide-4-pack-natural-color/,https://cdn11.bigcommerce.com/s-qgjte8dlii/products/360/images/1626/60214__98041.1654531278.386.513.jpg,https://cdn11.bigcommerce.com/s-qgjte8dlii/images/stencil/1280x1280/products/360/1626/60214__98041.1654531278.jpg?c=1
Swivel Rocker Glides - Pack of 20,60122,$10,In Stock,Parts & Hardware,"Parts, Glides & Touch Up",These push in glides are replacements for the glides on the round bases of dining swivel rockers and club swivel rockers. These glides are only sold in packs of 20.,Hanamint,https://hanamintstore.com/swivel-rocker-push-in-glide-pack-of-20/,https://cdn11.bigcommerce.com/s-qgjte8dlii/products/221/images/530/601000022__13780.1571264810.386.513.jpg,https://cdn11.bigcommerce.com/s-qgjte8dlii/images/stencil/1280x1280/products/221/530/601000022__13780.1571264810.jpg?c=1
Tuscany or Newport Stool Glide - Pack of 16,60331-BK,$17,In Stock,Parts & Hardware,"Parts, Glides & Touch Up",These are replacement glides for the Tuscany or Newport swivel bar stool and swivel counter stool base. These glides are only sold in packs of 16.,Hanamint,https://hanamintstore.com/tuscany-bar-stool-glide-pack-of-16/,https://cdn11.bigcommerce.com/s-qgjte8dlii/products/127/images/464/603000031__98219.1571264807.386.513.jpg,https://cdn11.bigcommerce.com/s-qgjte8dlii/images/stencil/1280x1280/products/127/464/603000031__98219.1571264807.jpg?c=1
Tuscany or Newport Stool Glide - Pack of 4,HJ10000,$6,In Stock,Parts & Hardware,"Parts, Glides & Touch Up",These are replacement glides for the Tuscany or Newport swivel bar stool and swivel counter stool base. These glides are only sold in packs of 4.,Hanamint,https://hanamintstore.com/tuscany-or-newport-stool-glide-pack-of-4/,https://cdn11.bigcommerce.com/s-qgjte8dlii/products/567/images/2632/603000031__98219.1571264807.1280.1280__17954.1661791411.386.513.jpg,https://cdn11.bigcommerce.com/s-qgjte8dlii/images/stencil/1280x1280/products/567/2632/603000031__98219.1571264807.1280.1280__17954.1661791411.jpg?c=1
Umbrella Base and Pedestal Table Base Glides - 4 pack,60211,$5,In Stock,Parts & Hardware,"Parts, Glides & Touch Up",Set of 4 glides for umbrella bases or pedestal table bases.,Hanamint,https://hanamintstore.com/umbrella-base-and-table-base-glides-4-pack/,https://cdn11.bigcommerce.com/s-qgjte8dlii/products/361/images/1054/Table_Base_Glides__89289.1597965566.386.513.jpg,https://cdn11.bigcommerce.com/s-qgjte8dlii/images/stencil/1280x1280/products/361/1054/Table_Base_Glides__89289.1597965566.jpg?c=1
"3.54"" Small Glass Spring - Set of 3",HA40038,$30,In Stock,Parts & Hardware,Swivel Rocker Parts,"These replacement springs are for all spring based club chairs with 1"" hole spacing. Be sure to check the length of the glass springs you are replacing. Two other lengths are available. These Glass Springs are sold in sets of 3. ** Assembly Instruction Download **",Hanamint,https://hanamintstore.com/glass-spring-3-54-set-of-2/,https://cdn11.bigcommerce.com/s-qgjte8dlii/products/138/images/528/HA40039-05__48932.1597171453.386.513.jpg,https://cdn11.bigcommerce.com/s-qgjte8dlii/images/stencil/1280x1280/products/138/528/HA40039-05__48932.1597171453.jpg?c=1
"4.37"" Glass Spring - Set of 2",HA40039,$20,In Stock,Parts & Hardware,Swivel Rocker Parts,"These replacement springs are for Club Swivel Rockers with 1"" hole spacing. Be sure to check the length of the glass springs you are replacing. Two other lengths are available. Glass Springs are only sold in sets of 2. ** Assembly Instruction Download **",Hanamint,https://hanamintstore.com/glass-spring-4-37-set-of-2/,https://cdn11.bigcommerce.com/s-qgjte8dlii/products/206/images/1138/HA40010__79803.1607379225.386.513.jpg,https://cdn11.bigcommerce.com/s-qgjte8dlii/images/stencil/1280x1280/products/206/1138/HA40010__79803.1607379225.jpg?c=1 | https://cdn11.bigcommerce.com/s-qgjte8dlii/images/stencil/1280x1280/products/206/724/Swivel_Rocker_Spring_Replacement__38927.1607379225.jpg?c=1
"5"" Standard Glass Spring Set of 2",HA40010,$23,In Stock,Parts & Hardware,Swivel Rocker Parts,"These replacement glass springs are for all dining swivel rockers with 1"" hole spacing. Spring size: 5"" x 2.5"" Be sure to check the length of the glass springs you are replacing. Two other lengths are available. Glass Springs are only sold in sets of 2. If you have older Alumont furniture check the distance between the holes. If 1.5"" order Alumont glass spring. ** Assembly Instruction Download **",Hanamint,https://hanamintstore.com/glass-spring-standard-5-set-of-2/,https://cdn11.bigcommerce.com/s-qgjte8dlii/products/172/images/1137/HA40010__98435.1607379183.386.513.jpg,https://cdn11.bigcommerce.com/s-qgjte8dlii/images/stencil/1280x1280/products/172/1137/HA40010__98435.1607379183.jpg?c=1 | https://cdn11.bigcommerce.com/s-qgjte8dlii/images/stencil/1280x1280/products/172/725/Swivel_Rocker_Spring_Replacement__62799.1607379122.jpg?c=1
Four Square Swivel Mechanism with Nylon Bushing,TZL992311-131,$45,In Stock,Parts & Hardware,Swivel Rocker Parts,"Four Square Swivel Mechanism with Nylon Bushing. This is used for gliders, Tuscany swivel bar stools and counter stools. Replaces this previous version",Hanamint,https://hanamintstore.com/four-square-swivel-mechanism-with-nylon-bushing/,https://cdn11.bigcommerce.com/s-qgjte8dlii/products/404/images/2615/Foursquare2__66760.1654720419.386.513.jpg,https://cdn11.bigcommerce.com/s-qgjte8dlii/images/stencil/1280x1280/products/404/2615/Foursquare2__66760.1654720419.jpg?c=1
Hardware Set for Swivel Rocker Plates,SWVH-05,$8,In Stock,Parts & Hardware,Swivel Rocker Parts,"Stainless Steel Hardware set for attaching spring plates. Be sure to also use steel backing plates and download instructions below. "" Assembly Instructions """,Hanamint,https://hanamintstore.com/hardware-set-for-swivel-rocker-plates/,https://cdn11.bigcommerce.com/s-qgjte8dlii/products/226/images/727/SVWH__32051.1574549332.386.513.jpg,https://cdn11.bigcommerce.com/s-qgjte8dlii/images/stencil/1280x1280/products/226/727/SVWH__32051.1574549332.jpg?c=1
"Older Alumont Spring - 1 1/2"" - Set of 2",SPLATE,$23,In Stock,Parts & Hardware,Swivel Rocker Parts,"PLEASE CHECK TO MAKE SURE YOUR HOLE SPACING IS 1.5"" BEFORE ORDERING THESE SPRINGS! These replacement glass springs are for older Alumont swivel rockers with hole spacing of 1.5"". ** Assembly Instruction Download **",Hanamint,https://hanamintstore.com/alumont-glass-spring-standard-5-with-1-5-hole-spacing-set-of-2/,https://cdn11.bigcommerce.com/s-qgjte8dlii/products/207/images/414/splate__21651.1597171420.386.513.jpg,https://cdn11.bigcommerce.com/s-qgjte8dlii/images/stencil/1280x1280/products/207/414/splate__21651.1597171420.jpg?c=1 | https://cdn11.bigcommerce.com/s-qgjte8dlii/images/stencil/1280x1280/products/207/723/Swivel_Rocker_Spring_Replacement__77974.1597171420.jpg?c=1
Swivel Bar or Counter Stool Mechanism,081250A34-06,$56,In Stock,Parts & Hardware,Swivel Rocker Parts,Swivel Bar or Counter Stool Mechanism with Nylon Bushing.,Hanamint,https://hanamintstore.com/swivel-bar-or-counter-stool-mechanism/,https://cdn11.bigcommerce.com/s-qgjte8dlii/products/241/images/925/Stool_Swivel_Mech__38806.1590016931.386.513.jpg,https://cdn11.bigcommerce.com/s-qgjte8dlii/images/stencil/1280x1280/products/241/925/Stool_Swivel_Mech__38806.1590016931.jpg?c=1
Swivel Rocker Mechanism with Nylon Bushing,TZL992061-05,$56,In Stock,Parts & Hardware,Swivel Rocker Parts,Swivel Rocker Mechanism with Nylon Bushing.,Hanamint,https://hanamintstore.com/SW-mechanism/,https://cdn11.bigcommerce.com/s-qgjte8dlii/products/233/images/997/Mechanism__15631.1595003713.386.513.jpg,https://cdn11.bigcommerce.com/s-qgjte8dlii/images/stencil/1280x1280/products/233/997/Mechanism__15631.1595003713.jpg?c=1 | https://cdn11.bigcommerce.com/s-qgjte8dlii/images/stencil/1280x1280/products/233/1056/Post_Bushing__95536.1598310000.jpg?c=1
Swivel Rocker Post Bushing,HT31200,$12,In Stock,Parts & Hardware,Swivel Rocker Parts,"Replacement bushing for all dining swivel rockers, club swivel rockers, club swivel gliders, swivel bar stools and swivel counter stools.",Hanamint,https://hanamintstore.com/swivel-post-bushing/,https://cdn11.bigcommerce.com/s-qgjte8dlii/products/203/images/384/Post_Bushing__11921.1571264803.386.513.jpg,https://cdn11.bigcommerce.com/s-qgjte8dlii/images/stencil/1280x1280/products/203/384/Post_Bushing__11921.1571264803.jpg?c=1
Swivel Rocker Steel Rectangular Washers Set of 4,RECTWASHER,$8,In Stock,Parts & Hardware,Swivel Rocker Parts,"These are for mounting the replacment glass springs. Please be sure you need these before ordering. These will not fix swivel rockers that rock back too easily, you will need new glass springs. Set of 4 Steel Swivel Rocker Steel Rectangular Washers for mounting glass spring plates to mechanism. For 1"" hole spacing. Be sure to install correctly. ** Assembly Instruction Download **",Hanamint,https://hanamintstore.com/swivel-rocker-steel-rectangular-washers-set-of-4/,https://cdn11.bigcommerce.com/s-qgjte8dlii/products/224/images/722/Rect_Washer__10173.1573775270.386.513.jpg,https://cdn11.bigcommerce.com/s-qgjte8dlii/images/stencil/1280x1280/products/224/722/Rect_Washer__10173.1573775270.jpg?c=1 | https://cdn11.bigcommerce.com/s-qgjte8dlii/images/stencil/1280x1280/products/224/721/Swivel_Rocker_Spring_Replacement__47966.1573775270.jpg?c=1
010600 Pedestal Table Base,010600T50-06,$230,In Stock,Parts & Hardware,Table Parts,Replacement pedestal table base.,Hanamint,https://hanamintstore.com/010600-pedestal-table-base/,https://cdn11.bigcommerce.com/s-qgjte8dlii/products/4188/images/3755/1686693013.1280.1280__15249.1758579034.1280.1280__72001.1779126144.386.513.jpg,https://cdn11.bigcommerce.com/s-qgjte8dlii/images/stencil/1280x1280/products/4188/3755/1686693013.1280.1280__15249.1758579034.1280.1280__72001.1779126144.jpg?c=1
1 pc Table Grommet for,HT40100,$5,In Stock,Parts & Hardware,Table Parts,This grommet protects the umbrella hole in the middle of the table. USE THIS PART ON: Tables with built in lazy susan Pedestal base tables,Hanamint,https://hanamintstore.com/1-pc-umbrella-hole-protector/,https://cdn11.bigcommerce.com/s-qgjte8dlii/products/124/images/529/Umbrella_Hole_Protector__87923.1571264810.386.513.jpg,https://cdn11.bigcommerce.com/s-qgjte8dlii/images/stencil/1280x1280/products/124/529/Umbrella_Hole_Protector__87923.1571264810.jpg?c=1
2 pc Table Grommet,HT20200,$10,In Stock,Parts & Hardware,Table Parts,This grommet protects the umbrella hole in the middle of the table. NOT FOR USE ON: Tables with built in lazy susans Pedestal base tables Please see 1 pc Umbrella Hole Protector,Hanamint,https://hanamintstore.com/2-pc-umbrella-hole-protector-for-tables/,https://cdn11.bigcommerce.com/s-qgjte8dlii/products/128/images/1170/60316__57203.1611273874.386.513.jpg,https://cdn11.bigcommerce.com/s-qgjte8dlii/images/stencil/1280x1280/products/128/1170/60316__57203.1611273874.jpg?c=1
Carlisle Table Leg Set for 722845,722845T20-05,$249,In Stock,Parts & Hardware,Table Parts,Carlisle Table Leg Set for 722845 in black finish.,Hanamint,https://hanamintstore.com/carlisle-table-leg-set-for-722845/,https://cdn11.bigcommerce.com/s-qgjte8dlii/products/4148/images/3594/1628110279.1280.1280__06548.1630620361.1280.1280__71069.1767023591.386.513.jpg,https://cdn11.bigcommerce.com/s-qgjte8dlii/images/stencil/1280x1280/products/4148/3594/1628110279.1280.1280__06548.1630620361.1280.1280__71069.1767023591.jpg?c=1
Chateau Coffee Table Center Plate,020630T30-156,$79,In Stock,Parts & Hardware,Table Parts,Center plate in desert bronze for Chateau Coffee Table,Hanamint,https://hanamintstore.com/chateau-coffee-table-center-plate/,https://cdn11.bigcommerce.com/s-qgjte8dlii/products/388/images/1140/020630__40314.1607379458.386.513.jpg,https://cdn11.bigcommerce.com/s-qgjte8dlii/images/stencil/1280x1280/products/388/1140/020630__40314.1607379458.jpg?c=1
Chateau Round Center Plate,020620T30-156,$29,In Stock,Parts & Hardware,Table Parts,Chateau Tea Table Replacement Center Plate,Hanamint,https://hanamintstore.com/chateau-round-center-plate/,https://cdn11.bigcommerce.com/s-qgjte8dlii/products/314/images/977/020620_center_plate__51112.1591998959.386.513.jpg,https://cdn11.bigcommerce.com/s-qgjte8dlii/images/stencil/1280x1280/products/314/977/020620_center_plate__51112.1591998959.jpg?c=1
Chateau Square Side Table Center Plate,020650T30-06,$34,In Stock,Parts & Hardware,Table Parts,CheateauSquare Side Table Center Plate in Desert Bronze Finish.,Hanamint,https://hanamintstore.com/chateau-square-side-table-center-plate/,https://cdn11.bigcommerce.com/s-qgjte8dlii/products/4006/images/3312/hana_logo_spc__30834.1721657537.386.513.jpg,https://cdn11.bigcommerce.com/s-qgjte8dlii/images/stencil/1280x1280/products/4006/3312/hana_logo_spc__30834.1721657537.jpg?c=1
Extension Table Set Screw,HB40100,$5,In Stock,Parts & Hardware,Table Parts,Replacement tightening knob for extension table.,Hanamint,https://hanamintstore.com/extension-table-set-screw/,https://cdn11.bigcommerce.com/s-qgjte8dlii/products/4011/images/3318/Ext_Table_Knob_HB40100__22323.1724778697.386.513.jpg,https://cdn11.bigcommerce.com/s-qgjte8dlii/images/stencil/1280x1280/products/4011/3318/Ext_Table_Knob_HB40100__22323.1724778697.jpg?c=1
Long Side Plate for Chateau Dining Table 020570 or 020081,020570T32-06,$119,In Stock,Parts & Hardware,Table Parts,Long Side plate in Desert Bronze Chateau tables - 020570 or 020081,Hanamint,https://hanamintstore.com/center-plate-020570/,https://cdn11.bigcommerce.com/s-qgjte8dlii/products/217/images/988/hana_logo5__91463.1593560359.386.513.jpg,https://cdn11.bigcommerce.com/s-qgjte8dlii/images/stencil/1280x1280/products/217/988/hana_logo5__91463.1593560359.jpg?c=1
Mayfair Table Leg,208084T20-06,$35,In Stock,Parts & Hardware,Table Parts,Replacement table leg for Mayfair dining table in desert bronze finish.,Hanamint,https://hanamintstore.com/mayfair-table-leg/,https://cdn11.bigcommerce.com/s-qgjte8dlii/products/4161/images/3643/208084T20__97456.1776353422.386.513.jpg,https://cdn11.bigcommerce.com/s-qgjte8dlii/images/stencil/1280x1280/products/4161/3643/208084T20__97456.1776353422.jpg?c=1
Newport Bar Table Center Plate,010640T30-05,$49,In Stock,Parts & Hardware,Table Parts,"Newport bar table center plate, available in black.",Hanamint,https://hanamintstore.com/newport-bar-table-center-plate/,https://cdn11.bigcommerce.com/s-qgjte8dlii/products/4067/images/3460/Newport_Bar_Plate__90317.1753974900.386.513.jpg,https://cdn11.bigcommerce.com/s-qgjte8dlii/images/stencil/1280x1280/products/4067/3460/Newport_Bar_Plate__90317.1753974900.jpg?c=1
Newport Square Side Table Center Plate,010650T30-18,$34,In Stock,Parts & Hardware,Table Parts,Newport Square Side Table Center Plate in Desert Bronze Finish.,Hanamint,https://hanamintstore.com/newport-square-side-table-center-plate/,https://cdn11.bigcommerce.com/s-qgjte8dlii/products/239/images/2528/010650T30__62243.1646085452.386.513.jpg,https://cdn11.bigcommerce.com/s-qgjte8dlii/images/stencil/1280x1280/products/239/2528/010650T30__62243.1646085452.jpg?c=1
Newport Table Base Plate,010440T30-06,$39,In Stock,Parts & Hardware,Table Parts,"Newport table base plate, available in black or desert bronze.",Hanamint,https://hanamintstore.com/newport-table-base-plate/,https://cdn11.bigcommerce.com/s-qgjte8dlii/products/411/images/1539/Newport_Plate__53344.1620755699.386.513.jpg,https://cdn11.bigcommerce.com/s-qgjte8dlii/images/stencil/1280x1280/products/411/1539/Newport_Plate__53344.1620755699.jpg?c=1
Newport/Chateau Table Leg,010450T20,$59,In Stock,Parts & Hardware,Table Parts,Newport Table Leg in Black or Desert Bronze. Fits Newport and Chateau Dining Tables.,Hanamint,https://hanamintstore.com/Newport-Table-leg/,https://cdn11.bigcommerce.com/s-qgjte8dlii/products/232/images/1535/Newport_Leg__75947.1614704905.386.513.jpg,https://cdn11.bigcommerce.com/s-qgjte8dlii/images/stencil/1280x1280/products/232/1535/Newport_Leg__75947.1614704905.jpg?c=1
"Replacement Leg for 048610 Grand Tuscany 21"" Square End Table",048610T21,$39,In Stock,Parts & Hardware,Table Parts,"Replacement Leg for 048610 Grand Tuscany 21"" Square End Table. Overall leg length 24""",Hanamint,https://hanamintstore.com/replacement-leg-for-048610-grand-tuscany-21-square-end-table/,https://cdn11.bigcommerce.com/s-qgjte8dlii/products/283/images/1171/048610_Leg__25717.1611274066.386.513.jpg,https://cdn11.bigcommerce.com/s-qgjte8dlii/images/stencil/1280x1280/products/283/1171/048610_Leg__25717.1611274066.jpg?c=1
Replacement Leg for 048650 or 048630 Grand Tuscany Tables,048650T21-06,$29,In Stock,Parts & Hardware,Table Parts,Replacement Leg for 048650 or 048630 Grand Tuscany Tables,Hanamint,https://hanamintstore.com/replacement-leg-for-048650-or-048630-grand-tuscany-tables/,https://cdn11.bigcommerce.com/s-qgjte8dlii/products/313/images/1172/048650_048630_leg__08195.1628296030.386.513.jpg,https://cdn11.bigcommerce.com/s-qgjte8dlii/images/stencil/1280x1280/products/313/1172/048650_048630_leg__08195.1628296030.jpg?c=1
"Sherwood 44"" wide table replacement legs",245644T27-18,$159,In Stock,Parts & Hardware,Table Parts,"Replacement leg for Sherwood 44"" wide table. U shaped set of two legs for one end of the table.",Hanamint,https://hanamintstore.com/sherwood-44-wide-table-replacement-legs/,https://cdn11.bigcommerce.com/s-qgjte8dlii/products/496/images/1698/hana_logo_spc__71525.1624972087.1280.1280__07692.1627577934.386.513.jpg,https://cdn11.bigcommerce.com/s-qgjte8dlii/images/stencil/1280x1280/products/496/1698/hana_logo_spc__71525.1624972087.1280.1280__07692.1627577934.jpg?c=1
Short Side Plate for 020570 Chateau Table,020570T33-06,$39,In Stock,Parts & Hardware,Table Parts,Chateau Replacement Short Side Plate in Desert Bronze 020570 table.,Hanamint,https://hanamintstore.com/short-side-plate-for-020570-chateau-table/,https://cdn11.bigcommerce.com/s-qgjte8dlii/products/4007/images/3314/hana_logo_spc__42554.1722966862.386.513.jpg,https://cdn11.bigcommerce.com/s-qgjte8dlii/images/stencil/1280x1280/products/4007/3314/hana_logo_spc__42554.1722966862.jpg?c=1
Small Ice Bucket replacement,124019T74,$49,In Stock,Parts & Hardware,Table Parts,Replacement ice bucket for all side tables.,Hanamint,https://hanamintstore.com/replacement-ice-bucker-for-side-table/,https://cdn11.bigcommerce.com/s-qgjte8dlii/products/397/images/1181/hana_logo_spc__67382.1597965845.1280.1280__16508.1611619793.1280.1280__38564.1611941094.386.513.jpg,https://cdn11.bigcommerce.com/s-qgjte8dlii/images/stencil/1280x1280/products/397/1181/hana_logo_spc__67382.1597965845.1280.1280__16508.1611619793.1280.1280__38564.1611941094.jpg?c=1
Table Plug,616201,$12,In Stock,Parts & Hardware,Table Parts,Table Plug - Fits all cast aluminum tables. Available in numerous finishes.,Hanamint,https://hanamintstore.com/table-plug-cast-aluminum/,https://cdn11.bigcommerce.com/s-qgjte8dlii/products/115/images/1174/616201__95873.1651870855.386.513.jpg,https://cdn11.bigcommerce.com/s-qgjte8dlii/images/stencil/1280x1280/products/115/1174/616201__95873.1651870855.jpg?c=1
"Tuscany 60"" Round Dining Table Replacement Center Plate",018460T30-06,$59,In Stock,Parts & Hardware,Table Parts,Tuscany Replacement Center Plate in Desert Bronze 018460 table.,Hanamint,https://hanamintstore.com/tuscany-60-round-dining-table-replacement-center-plate/,https://cdn11.bigcommerce.com/s-qgjte8dlii/products/569/images/2635/018460_plate__24989.1661967967.386.513.jpg,https://cdn11.bigcommerce.com/s-qgjte8dlii/images/stencil/1280x1280/products/569/2635/018460_plate__24989.1661967967.jpg?c=1
Tuscany Bakers Rack Front Leg,611703E20-06,$39,In Stock,Parts & Hardware,Table Parts,Tuscany Bakers Rack Front Leg in Desert Bronze,Hanamint,https://hanamintstore.com/tuscany-bakers-rack-front-leg/,https://cdn11.bigcommerce.com/s-qgjte8dlii/products/357/images/1049/hana_logo_spc__29137.1597163285.386.513.jpg,https://cdn11.bigcommerce.com/s-qgjte8dlii/images/stencil/1280x1280/products/357/1049/hana_logo_spc__29137.1597163285.jpg?c=1
Tuscany Curved Plate For Table Base,018450T30,$49,In Stock,Parts & Hardware,Table Parts,This part fits all Tuscany tables with curved end plates used in the table base. Available in Desert Bronze or Black,Hanamint,https://hanamintstore.com/tuscany-curved-plate-for-table-base/,https://cdn11.bigcommerce.com/s-qgjte8dlii/products/193/images/570/018450T30__19735.1571264813.386.513.jpg,https://cdn11.bigcommerce.com/s-qgjte8dlii/images/stencil/1280x1280/products/193/570/018450T30__19735.1571264813.jpg?c=1
Tuscany Dining Table Center Plate 5818,018580T32-05,$99,In Stock,Parts & Hardware,Table Parts,Center plate with 5818 on back of plate in black for Tuscany table.,Hanamint,https://hanamintstore.com/tuscany-dining-table-center-plate-5818/,https://cdn11.bigcommerce.com/s-qgjte8dlii/products/362/images/1055/hana_logo_spc__67382.1597965845.386.513.jpg,https://cdn11.bigcommerce.com/s-qgjte8dlii/images/stencil/1280x1280/products/362/1055/hana_logo_spc__67382.1597965845.jpg?c=1
Tuscany Middle Replacement Table Leg,018500T22,$66,In Stock,Parts & Hardware,Table Parts,This Tuscany table leg fits all dining height tables that have more than 4 legs. This leg is used in the middle between the corners. For the corner legs see part # 018450T20 Tuscany Standard Replacement leg. It is available in Desert Bronze or Black.,Hanamint,https://hanamintstore.com/tuscany-middle-replacement-table-leg/,https://cdn11.bigcommerce.com/s-qgjte8dlii/products/220/images/1175/018450T32__44445.1652910833.386.513.jpg,https://cdn11.bigcommerce.com/s-qgjte8dlii/images/stencil/1280x1280/products/220/1175/018450T32__44445.1652910833.jpg?c=1
Tuscany Standard Replacement Table Leg,018450T20-156,$74,In Stock,Parts & Hardware,Table Parts,"This Tuscany table leg fits all round, square and rectangular dining height tables. Tables with more than 4 legs would use this leg on the 4 corners and the middle leg would be the leg in this link: Tuscany Middle Replacement Table Leg - Hanamint Store It is available in Desert Mist",Hanamint,https://hanamintstore.com/tuscany-standard-replacement-table-leg/,https://cdn11.bigcommerce.com/s-qgjte8dlii/products/147/images/1176/018450T20__80576.1611274667.386.513.jpg,https://cdn11.bigcommerce.com/s-qgjte8dlii/images/stencil/1280x1280/products/147/1176/018450T20__80576.1611274667.jpg?c=1
Tuscany Table Middle Support,018590T22-06,$34,In Stock,Parts & Hardware,Table Parts,This Tuscany table support is for dining height tables that have 4 legs and middle supports from table top to base plate. It is available in Desert Bronze.,Hanamint,https://hanamintstore.com/tuscany-table-middle-support/,https://cdn11.bigcommerce.com/s-qgjte8dlii/products/587/images/2700/Tuscany_Middle_Support__47808.1663707732.386.513.jpg,https://cdn11.bigcommerce.com/s-qgjte8dlii/images/stencil/1280x1280/products/587/2700/Tuscany_Middle_Support__47808.1663707732.jpg?c=1
Sling Rail End Caps,HM61300,$8,In Stock,Replacement Slings,Misc. Parts,"Capri Sling Rail End Caps - Pack of 16 Availble in Black or White 1"" x 3/4""",Hanamint,https://hanamintstore.com/capri-sling-rail-end-caps-pack-of-16/,https://cdn11.bigcommerce.com/s-qgjte8dlii/products/370/images/1069/Capri_Sling_Rail_Cap__97020.1598993786.386.513.jpg,https://cdn11.bigcommerce.com/s-qgjte8dlii/images/stencil/1280x1280/products/370/1069/Capri_Sling_Rail_Cap__97020.1598993786.jpg?c=1 | https://cdn11.bigcommerce.com/s-qgjte8dlii/images/stencil/1280x1280/products/370/1068/Capri_Sling_Rail_Cap_2__06583.1598993786.jpg?c=1
Sling Rail End Caps - 2,HM60100X16,$12,In Stock,Replacement Slings,Misc. Parts,Sling Rail End Caps - Pack of 16 Available in Black,Hanamint,https://hanamintstore.com/sling-rail-end-caps-2/,https://cdn11.bigcommerce.com/s-qgjte8dlii/products/4043/images/3403/Sling_Rail_Glide__09123.1749829102.386.513.jpg,https://cdn11.bigcommerce.com/s-qgjte8dlii/images/stencil/1280x1280/products/4043/3403/Sling_Rail_Glide__09123.1749829102.jpg?c=1
Sling Rail End Caps - Pack of 8,Endcaps2,$8,1,Replacement Slings,Misc. Parts,Sling Rail End Caps - Pack of 8 in Black. HM61500,Hanamint,https://hanamintstore.com/sling-rail-end-caps-pack-of-8/,https://cdn11.bigcommerce.com/s-qgjte8dlii/products/3998/images/3273/HM61500__42428.1715629295.386.513.jpg,https://cdn11.bigcommerce.com/s-qgjte8dlii/images/stencil/1280x1280/products/3998/3273/HM61500__42428.1715629295.jpg?c=1
St. Augustine or Santa Barbara Sling Rail End Caps - Pack of 16,HM6020016-BL,$12,In Stock,Replacement Slings,Misc. Parts,St. Augustine or Santa Barbara Sling Rail End Caps - Pack of 16,Hanamint,https://hanamintstore.com/st-augustine-sling-rail-end-caps-pack-of-16/,https://cdn11.bigcommerce.com/s-qgjte8dlii/products/367/images/1063/St_Aug_Sling_Rail_Cap_2__32958.1598992012.386.513.jpg,https://cdn11.bigcommerce.com/s-qgjte8dlii/images/stencil/1280x1280/products/367/1063/St_Aug_Sling_Rail_Cap_2__32958.1598992012.jpg?c=1 | https://cdn11.bigcommerce.com/s-qgjte8dlii/images/stencil/1280x1280/products/367/1064/St_Aug_Sling_Rail_Cap__13902.1598992012.jpg?c=1
St. Augustine Chair Replacement Sling,S156111,$79,In Stock,Replacement Slings,Replacement Slings,"Replacement sling for: St. Augustine Sling dining chair, dining spring chair, swivel rocker, bar stool, counter stool. Grand Tuscany Sling dining chair and swivel rocker. Hyde Park Sling dining chair, dining spring chair, swivel rocker, bar stool, counter stool.",Hanamint,https://hanamintstore.com/st-augustine-chair-replacement-sling/,https://cdn11.bigcommerce.com/s-qgjte8dlii/products/594/images/2869/Elevation_Oak__62974.1687193900.386.513.jpg,https://cdn11.bigcommerce.com/s-qgjte8dlii/images/stencil/1280x1280/products/594/2869/Elevation_Oak__62974.1687193900.jpg?c=1
St. Augustine Chaise Lounge Replacement Sling,S156336,$199,In Stock,Replacement Slings,Replacement Slings,Replacement sling for: St. Augustine Sling Chaise Lounge,Hanamint,https://hanamintstore.com/st-augustine-chaise-lounge-replacement-sling/,https://cdn11.bigcommerce.com/s-qgjte8dlii/products/595/images/2713/50078-0006_Destiny_Sand__87480.1666303459.1280.1280__17277.1666303837.386.513.jpg,https://cdn11.bigcommerce.com/s-qgjte8dlii/images/stencil/1280x1280/products/595/2713/50078-0006_Destiny_Sand__87480.1666303459.1280.1280__17277.1666303837.jpg?c=1
St. Augustine Ottoman Replacement Sling,S156453,$45,In Stock,Replacement Slings,Replacement Slings,Replacement sling for: St. Augustine Ottoman,Hanamint,https://hanamintstore.com/st-augustine-ottoman-replacement-sling/,https://cdn11.bigcommerce.com/s-qgjte8dlii/products/596/images/2717/Augustin_Pecan__29937.1667503099.386.513.jpg,https://cdn11.bigcommerce.com/s-qgjte8dlii/images/stencil/1280x1280/products/596/2717/Augustin_Pecan__29937.1667503099.jpg?c=1
Almond Touch Up Spray,T35,$24,In Stock,Touch-Up Paint,Touch Up Paint,Almond touch up is a one step spray for the Almond finish.,Hanamint,https://hanamintstore.com/almond-35/,https://cdn11.bigcommerce.com/s-qgjte8dlii/products/167/images/654/TU35__70110.1571264818.386.513.jpg,https://cdn11.bigcommerce.com/s-qgjte8dlii/images/stencil/1280x1280/products/167/654/TU35__70110.1571264818.jpg?c=1
Black Base Spray,T05,$24,In Stock,Touch-Up Paint,Touch Up Paint,Textured Black touch-up is the base color for all the following finishes: Top coats for these finishes must be purchased separately. Antique Bronze Black Bourbon Cornerstone Desert Bronze Golden Bronze Silver Mist Terra Mist,Hanamint,https://hanamintstore.com/textured-black-05/,https://cdn11.bigcommerce.com/s-qgjte8dlii/products/126/images/610/TU05__29306.1571264815.386.513.jpg,https://cdn11.bigcommerce.com/s-qgjte8dlii/images/stencil/1280x1280/products/126/610/TU05__29306.1571264815.jpg?c=1
Black Brush In Cap Bottle,T05B,$12,In Stock,Touch-Up Paint,Touch Up Paint,This textured black has a small brush in the cap of the bottle. In most situations this is your best choice for small chips or scratches without the need to apply the second color that some finishes need when spraying touch up. Can be used on all the following finishes: Antique Bronze Black Bourbon Cornerstone Desert Bronze Golden Bronze Silver Mist Terra Mist,Hanamint,https://hanamintstore.com/textured-black-brush-in-cap-05/,https://cdn11.bigcommerce.com/s-qgjte8dlii/products/122/images/538/TU05B__15411.1597171584.386.513.jpg,https://cdn11.bigcommerce.com/s-qgjte8dlii/images/stencil/1280x1280/products/122/538/TU05B__15411.1597171584.jpg?c=1
DB Brown Spray #02152662162,T06,$24,In Stock,Touch-Up Paint,Touch Up Paint,"THIS IS STEP TWO OF A TWO PART PROCESS The Desert Bronze / Terra Mist finish uses black touch up as the base color. The Black touch up must be ordered separately. You may not be able to duplicate the original finish. This color should be lightly misted on top of the black from a distance of about 24"". Alternatively it can be sprayed on a brush and lightly tapped on to more accurately mimic the original finish.",Hanamint,https://hanamintstore.com/desert-bronze-terra-mist-06/,https://cdn11.bigcommerce.com/s-qgjte8dlii/products/170/images/688/T06__78838.1571264823.386.513.jpg,https://cdn11.bigcommerce.com/s-qgjte8dlii/images/stencil/1280x1280/products/170/688/T06__78838.1571264823.jpg?c=1
Dark Brown Spray #02152682569,DARKB,$24,In Stock,Touch-Up Paint,Touch Up Paint,Dark Brown Spray Touch Up. Best applied with a sponge to duplicate the original finish. This is the top handfinish for Bourbon The base color would be Textured Black.,Hanamint,https://hanamintstore.com/dark-brown/,https://cdn11.bigcommerce.com/s-qgjte8dlii/products/276/images/950/DBrown__26205.1591387273.386.513.jpg,https://cdn11.bigcommerce.com/s-qgjte8dlii/images/stencil/1280x1280/products/276/950/DBrown__26205.1591387273.jpg?c=1
Flint Touch Paint,T104,$24,In Stock,Touch-Up Paint,Touch Up Paint,Flint is a one step spray touch up.,Hanamint,https://hanamintstore.com/flint-104/,https://cdn11.bigcommerce.com/s-qgjte8dlii/products/212/images/590/T104__73857.1571264814.386.513.jpg,https://cdn11.bigcommerce.com/s-qgjte8dlii/images/stencil/1280x1280/products/212/590/T104__73857.1571264814.jpg?c=1
Golden Bronze Highlights Spray,T54,$24,In Stock,Touch-Up Paint,Touch Up Paint,"Golden Bronze finish uses black touch up as the base, then Desert Bronze touch up applied on top, lightly misted from about 24"". Then the Golden Bronze can be sprayed on a brush and used to highlight raised parts of the pattern on the item. Black touch up and Desert Bronze touch up must be purchased separately.",Hanamint,https://hanamintstore.com/golden-bronze-54/,https://cdn11.bigcommerce.com/s-qgjte8dlii/products/179/images/469/T54__18877.1571264808.386.513.jpg,https://cdn11.bigcommerce.com/s-qgjte8dlii/images/stencil/1280x1280/products/179/469/T54__18877.1571264808.jpg?c=1
Meteor Touch Up,T116,$24,In Stock,Touch-Up Paint,Touch Up Paint,Meteor Spray Touch Up.,Hanamint,https://hanamintstore.com/meteor-touch-116-1/,https://cdn11.bigcommerce.com/s-qgjte8dlii/products/559/images/2618/116__60272.1657232730.386.513.jpg,https://cdn11.bigcommerce.com/s-qgjte8dlii/images/stencil/1280x1280/products/559/2618/116__60272.1657232730.jpg?c=1
Pebble Touch Up Step One,T34-1,$24,In Stock,Touch-Up Paint,Touch Up Paint,Pebble base coat is the base color for Pebble finish. You will also need to purchase Pebble Speckle for the 2nd step in this finish.,Hanamint,https://hanamintstore.com/pebble-base-coat-34/,https://cdn11.bigcommerce.com/s-qgjte8dlii/products/133/images/689/TU34-1__59321.1571264823.386.513.jpg,https://cdn11.bigcommerce.com/s-qgjte8dlii/images/stencil/1280x1280/products/133/689/TU34-1__59321.1571264823.jpg?c=1
Pebble Touch Up Step Two,T34-2,$24,In Stock,Touch-Up Paint,Touch Up Paint,"Pebble Speckle is the 2nd step in the Pebble finish after applying Pebble Base coat. (Pebble Base coat must be purchased separately) This should be lightly misted on top from a distance of approximately 24"" to mimic the speckles in the finish.",Hanamint,https://hanamintstore.com/pebble-speckle-34/,https://cdn11.bigcommerce.com/s-qgjte8dlii/products/145/images/484/TU34-2__40986.1571264808.386.513.jpg,https://cdn11.bigcommerce.com/s-qgjte8dlii/images/stencil/1280x1280/products/145/484/TU34-2__40986.1571264808.jpg?c=1
Saddle Grey & Venetian Base Spray,T112-113,$24,In Stock,Touch-Up Paint,Touch Up Paint,THIS IS STEP TWO OF A TWO PART PROCESS The Saddle Grey & Venetian finishes uses this touch up as the base color. The T113 TOP COAT touch up must be ordered separately. You may not be able to duplicate the original finish.,Hanamint,https://hanamintstore.com/saddle-grey-venetian-base-spray/,https://cdn11.bigcommerce.com/s-qgjte8dlii/products/4049/images/3414/hana_logo_spc__08202.1751887530.386.513.jpg,https://cdn11.bigcommerce.com/s-qgjte8dlii/images/stencil/1280x1280/products/4049/3414/hana_logo_spc__08202.1751887530.jpg?c=1
Saddle Grey & Venetian Top Coat,T113 TOP COAT,$24,In Stock,Touch-Up Paint,Touch Up Paint,"THIS IS STEP TWO OF A TWO PART PROCESS The Saddle Grey finish uses this touch up as the Top Coat Color. The T113-112 base coat must be ordered separately. You may not be able to duplicate the original finish. This color should be lightly misted on top of the base color from a distance of about 24"". Alternatively, it can be sprayed on a brush and lightly tapped on to more accurately mimic the original finish.",Hanamint,https://hanamintstore.com/saddle-grey-top-coat/,https://cdn11.bigcommerce.com/s-qgjte8dlii/products/4050/images/3415/hana_logo_spc__08202.1751887530.1280.1280__62418.1751887676.386.513.jpg,https://cdn11.bigcommerce.com/s-qgjte8dlii/images/stencil/1280x1280/products/4050/3415/hana_logo_spc__08202.1751887530.1280.1280__62418.1751887676.jpg?c=1
Sahara Base Spray,T09,$24,In Stock,Touch-Up Paint,Touch Up Paint,Sahara Spray Touch Up.,Hanamint,https://hanamintstore.com/sahara-touch-up/,https://cdn11.bigcommerce.com/s-qgjte8dlii/products/274/images/926/Sahara__07511.1590102078.386.513.jpg,https://cdn11.bigcommerce.com/s-qgjte8dlii/images/stencil/1280x1280/products/274/926/Sahara__07511.1590102078.jpg?c=1
