collection,name,sku,material,description,specifications,datasheet_url,product_url
Classico,Classico Lounge Chair,956-CCW,Wrought Iron,"If you’re looking for a classic outdoor lounge chair that feels just as good as it looks, the O.W. Lee Classico Lounge Chair delivers. It brings the collection’s signature traditional style into a relaxed, lounge-ready design, complete with decorative metalwork and plush cushions that invite you to sit back and stay awhile. It’s the kind of chair that instantly makes an outdoor space feel warm, comfortable, and refined. Like everything O.W. Lee makes, the Classico Lounge Chair is built to last. The wrought iron frame is backed by a 20-year structural warranty, while the finish is guaranteed for 5 years against fading, blistering, and peeling. Cushions and fabrics are also covered for 5 years, so you can enjoy both comfort and peace of mind season after season. Customization is where this chair really shines. Choose from 10 elegant frame finishes and over 100 fabric options to create a look that fits your space and your style perfectly. Whether you’re furnishing a cozy patio or a full outdoor living area, the Classico Lounge Chair offers timeless design, exceptional comfort, and craftsmanship you can trust.",Weight: 46 lbs,https://www.owlee.com/wp-content/uploads/2026/02/Classico_Retail_SpecSheets_2026-upd_Part9.pdf,https://www.owlee.com/collections/wrought-iron-steel/classico-lounge-chair
Classico,Classico Swivel Rocker Lounge Chair,956-SRW,Wrought Iron,"The O.W. Lee Classico Swivel Rocker Lounge Chair blends graceful design with gentle movement. Featuring smooth swivel and rocking motion, this outdoor lounge chair offers relaxed comfort wrapped in traditional sophistication. O.W. Lee is renowned for its exceptional quality, supported by an industry-leading warranty. Our frames are covered by a 20-year structural warranty, and the finish is guaranteed against fading, blistering, and peeling for 5 years. Cushions and fabrics are also backed by a 5-year warranty. With a selection of 10 elegant frame finishes and over 100 fabric options, customers can easily customize each piece to seamlessly complement their individual style.",Packaged Weight: 57 lbs,https://www.owlee.com/wp-content/uploads/2026/02/Classico_Retail_SpecSheets_2026-upd_Part11.pdf,https://www.owlee.com/collections/wrought-iron-steel/classico-swivel-rocker-lounge-chair
Classico,Classico Spring Base Lounge Chair,956-SBT,Wrought Iron,"If you love the look of classic outdoor furniture but want a little extra comfort, the O.W. Lee Classico Spring Base Lounge Chair is a perfect fit. It takes the timeless elegance of the Classico collection and adds gentle motion, thanks to a spring-supported base that responds as you sit and relax. The result is a lounge chair that feels supportive, comfortable, and effortlessly inviting. Ornate metal details highlight the collection’s European-inspired craftsmanship, giving the chair a refined, old-world appeal. As with all O.W. Lee furniture, this chair is built for long-term outdoor living. The wrought iron frame is protected by a 20-year structural warranty, and the finish is backed for 5 years against fading, blistering, and peeling. Cushions and fabrics also carry a 5-year warranty, so you can enjoy comfort and durability with confidence. Personalizing your chair is easy. Choose from 10 elegant frame finishes and over 100 fabric options to create a look that feels uniquely yours. Whether you’re designing a quiet retreat or a sophisticated outdoor lounge, the Classico Spring Base Lounge Chair delivers classic style, subtle motion, and lasting comfort.",Weight: 58 lbs,https://www.owlee.com/wp-content/uploads/2026/02/Classico_Retail_SpecSheets_2026-upd_Part10.pdf,https://www.owlee.com/collections/wrought-iron-steel/spring-base-lounge-chair
Classico,Classico High-Back Spring Base Lounge Chair,937-SBW,Wrought Iron,"If you want maximum comfort with a more commanding, classic look, the O.W. Lee Classico High Back Spring Base Lounge Chair delivers on all fronts. Its taller back provides extra support for relaxed lounging, while the spring base adds gentle motion that responds naturally as you sit. Together, they create a chair that feels as good as it looks--supportive, comfortable, and inviting. True to the Classico collection, this chair features a stately, Old World silhouette with refined detailing that brings a sense of timeless European elegance to any outdoor space. It’s an ideal choice for those who appreciate traditional design but don’t want to compromise on comfort. Built with O.W. Lee’s legendary craftsmanship, the frame is backed by a 20-year structural warranty, and the finish is guaranteed for 5 years against fading, blistering, and peeling. Cushions and fabrics are also covered for 5 years, ensuring long-lasting performance outdoors. To make it your own, choose from 10 elegant frame finishes and over 100 fabric options. Whether it’s part of a full seating arrangement or a standout lounge piece, the Classico High Back Spring Base Lounge Chair offers elevated comfort, subtle motion, and enduring style.",Weight: 60 lbs,https://www.owlee.com/wp-content/uploads/2021/11/Classico_Retail_SpecSheets_2026_937-SBW-Hi-Back-Spring-Base-Lounge-Chair.pdf,https://www.owlee.com/collections/wrought-iron-steel/high-back-spring-base-lounge-chair
Classico,Classico High-Back Swivel Rocker Lounge Chair,937-SRW,Wrought Iron,"If comfort is your top priority but you still want timeless style, the O.W. Lee Classico High Back Swivel Rocker Lounge Chair checks every box. The tall, supportive back is perfect for leaning in and relaxing, while the smooth swivel and gentle rocking motion let you move naturally and stay comfortable for longer stretches outdoors. It’s an ideal chair for conversations, quiet moments, and everything in between. Design-wise, this chair stays true to the Classico collection’s classic European influence. Refined detailing and an elegant silhouette give it a polished, Old World look that elevates any patio or outdoor living space. As with all O.W. Lee furniture, quality and durability come standard. The wrought iron frame is backed by a 20-year structural warranty, and the finish is guaranteed for 5 years against fading, blistering, and peeling. Cushions and fabrics are also covered for 5 years, so you can relax knowing your chair is built to last. Personalizing your look is easy with 10 elegant frame finishes and over 100 fabric options. Whether it stands alone or completes a full seating group, the Classico High Back Swivel Rocker Lounge Chair offers exceptional comfort, graceful motion, and enduring craftsmanship.",Weight: 58 lbs,https://www.owlee.com/wp-content/uploads/2021/11/Classico_Retail_SpecSheets_2026-upd_Part13.pdf,https://www.owlee.com/collections/wrought-iron-steel/high-back-swivel-rocker-lounge-chair
Classico,Classico Love Seat,956-2SW,Wrought Iron,"The O.W. Lee Classico Love Seat offers intimate seating defined by elegant proportions and ornate detailing. Plush cushions and traditional styling make this outdoor love seat a refined addition to patios and courtyards. O.W. Lee is renowned for its exceptional quality, supported by an industry-leading warranty. Our frames are covered by a 20-year structural warranty, and the finish is guaranteed against fading, blistering, and peeling for 5 years. Cushions and fabrics are also backed by a 5-year warranty. With a selection of 10 elegant frame finishes and over 100 fabric options, customers can easily customize each piece to seamlessly complement their individual style.",Weight: 77 lbs,https://www.owlee.com/wp-content/uploads/2021/11/Classico_Retail_SpecSheets_2026_956-2SW-Love-Seat.pdf,https://www.owlee.com/collections/wrought-iron-steel/classico-love-seat
Classico,Classico Sofa,956-3SW,Wrought Iron,"If you’re looking to anchor your outdoor space with something truly timeless, the O.W. Lee Classico Sofa makes a beautiful statement. Designed as a sophisticated focal point, this outdoor sofa features a classic silhouette, elegant decorative accents, and generous seating that invites everyone to gather. Its European-inspired design brings a sense of tradition and refinement to patios, terraces, and outdoor living rooms alike. Crafted with O.W. Lee’s renowned attention to quality, the Classico Sofa is built to stand up to the elements while maintaining its beauty. The wrought iron frame is backed by a 20-year structural warranty, and the finish is guaranteed for 5 years against fading, blistering, and peeling. Plush cushions and performance fabrics are also covered for 5 years, giving you confidence that your investment will look and feel great for years to come. Customization is simple and seamless. With 10 elegant frame finishes and over 100 fabric options, you can tailor the Classico Sofa to perfectly complement your outdoor décor. Whether you’re creating an intimate seating area or a grand outdoor gathering space, this sofa delivers classic style, lasting comfort, and craftsmanship you can trust.",Weight: 104 lbs,https://www.owlee.com/wp-content/uploads/2021/11/Classico_Retail_SpecSheets_2026_956-3SW-Sofa.pdf,https://www.owlee.com/collections/wrought-iron-steel/classico-sofa
Classico,Classico Ottoman,950-OW,Wrought Iron,"The O.W. Lee Classico Ottoman complements the collection’s seating with functional elegance. Featuring classic detailing and a tailored cushion, this outdoor ottoman works as a footrest or additional seating. O.W. Lee is renowned for its exceptional quality, supported by an industry-leading warranty. Our frames are covered by a 20-year structural warranty, and the finish is guaranteed against fading, blistering, and peeling for 5 years. Cushions and fabrics are also backed by a 5-year warranty. With a selection of 10 elegant frame finishes and over 100 fabric options, customers can easily customize each piece to seamlessly complement their individual style.",Weight: 26 lbs,https://www.owlee.com/wp-content/uploads/2021/11/Classico_Retail_SpecSheets_2026_950-OW-Ottoman.pdf,https://www.owlee.com/collections/wrought-iron-steel/classico-ottoman
Classico,Adjustable Chaise,952-CHW,Wrought Iron,"The O.W. Lee Classico Chaise Lounge brings traditional European style to poolside and patio relaxation. Its elegant frame and comfortable reclining design create a timeless outdoor chaise lounge ideal for leisurely outdoor living. O.W. Lee is renowned for its exceptional quality, supported by an industry-leading warranty. Our frames are covered by a 20-year structural warranty, and the finish is guaranteed against fading, blistering, and peeling for 5 years. Cushions and fabrics are also backed by a 5-year warranty. With a selection of 10 elegant frame finishes and over 100 fabric options, customers can easily customize each piece to seamlessly complement their individual style.",Weight: 72 lbs,https://www.owlee.com/wp-content/uploads/2021/11/Classico_Retail_SpecSheets_2026_952-CHW-Chaise.pdf,https://www.owlee.com/collections/wrought-iron-steel/classico-adjustable-chaise
Classico,Classico Collection Armless Swivel Counter Stool,951-SCS,Wrought Iron,"The O.W. Lee Classico Armless Swivel Counter Stool offers elevated seating with a streamlined, traditional profile. Ornate metal detailing and smooth swivel motion make this outdoor counter-height stool both functional and visually timeless. O.W. Lee is renowned for its exceptional quality, supported by an industry-leading warranty. Our frames are covered by a 20-year structural warranty, and the finish is guaranteed against fading, blistering, and peeling for 5 years. Cushions and fabrics are also backed by a 5-year warranty. With a selection of 10 elegant frame finishes and over 100 fabric options, customers can easily customize each piece to seamlessly complement their individual style.",Weight: 40 lbs,https://www.owlee.com/wp-content/uploads/2021/11/Classico_Retail_SpecSheets_2026_951-SCS-Swivel-Counter-Armless.pdf,https://www.owlee.com/collections/wrought-iron-steel/classico-armless-swivel-counter-stool
Classico,Classico Dining Side Chair,951-S,Wrought Iron,"The O.W. Lee Classico Dining Side Chair reflects traditional European elegance with a refined, timeless silhouette. Ornate detailing, including embossed flat bar and rivet accents, gives this outdoor dining side chair a classic presence well suited for formal and casual outdoor dining spaces. O.W. Lee is renowned for its exceptional quality, supported by an industry-leading warranty. Our frames are covered by a 20-year structural warranty, and the finish is guaranteed against fading, blistering, and peeling for 5 years. Cushions and fabrics are also backed by a 5-year warranty. With a selection of 10 elegant frame finishes and over 100 fabric options, customers can easily customize each piece to seamlessly complement their individual style.",Weight: 19 lbs,https://www.owlee.com/wp-content/uploads/2021/11/Classico_Retail_SpecSheets_2026_951-S.pdf,https://www.owlee.com/collections/wrought-iron-steel/classico-dining-side-chair
Classico,Classico Dining Arm Chair,953-AW,Wrought Iron,"The O.W. Lee Classico Dining Arm Chair brings graceful proportions and decorative craftsmanship to outdoor dining. Featuring classic lines and detailed metalwork, this outdoor dining arm chair offers comfortable support while reinforcing the collection’s traditional aesthetic. O.W. Lee is renowned for its exceptional quality, supported by an industry-leading warranty. Our frames are covered by a 20-year structural warranty, and the finish is guaranteed against fading, blistering, and peeling for 5 years. Cushions and fabrics are also backed by a 5-year warranty. With a selection of 10 elegant frame finishes and over 100 fabric options, customers can easily customize each piece to seamlessly complement their individual style.",Weight: 27 lbs,https://www.owlee.com/wp-content/uploads/2021/11/Classico_Retail_SpecSheets_2026_953-AW-Dining-Arm-Chair.pdf,https://www.owlee.com/collections/wrought-iron-steel/classico-dining-arm-chair
Classico,Classico Swivel Rocker Dining Arm Chair,953-SRW,Wrought Iron,"The O.W. Lee Classico Swivel Rocker Dining Arm Chair combines Old World design with relaxed functionality. Smooth swivel and gentle rocking motion enhance comfort, while embossed detailing and rivets lend timeless character to this outdoor swivel dining chair. O.W. Lee is renowned for its exceptional quality, supported by an industry-leading warranty. Our frames are covered by a 20-year structural warranty, and the finish is guaranteed against fading, blistering, and peeling for 5 years. Cushions and fabrics are also backed by a 5-year warranty. With a selection of 10 elegant frame finishes and over 100 fabric options, customers can easily customize each piece to seamlessly complement their individual style.",Weight: 35 lbs,https://www.owlee.com/wp-content/uploads/2021/11/Classico_Retail_SpecSheets_2026_953-SRW-Swivel-Rocker-Dining.pdf,https://www.owlee.com/collections/wrought-iron-steel/classico-swivel-rocker-dining-arm-chair
Classico,Club Dining Swivel Rocker Arm Chair,942-SRW,Wrought Iron,"Classico Swivel Rocker Club Dining Arm Chair The O.W. Lee Classico Swivel Rocker Club Dining Arm Chair elevates dining comfort with a more generously cushioned seat and back. Designed with classic European styling and smooth swivel rocker motion, this club-style outdoor dining chair blends refined elegance with lounge-like comfort at the table. O.W. Lee is renowned for its exceptional quality, supported by an industry-leading warranty. Our frames are covered by a 20-year structural warranty, and the finish is guaranteed against fading, blistering, and peeling for 5 years. Cushions and fabrics are also backed by a 5-year warranty. With a selection of 10 elegant frame finishes and over 100 fabric options, customers can easily customize each piece to seamlessly complement their individual style.",Weight: 49 lbs,https://www.owlee.com/wp-content/uploads/2021/11/Classico_Retail_SpecSheets_2026_953-SRW-Swivel-Rocker-Dining.pdf,https://www.owlee.com/collections/wrought-iron-steel/classico-club-dining-swivel-rocker-arm-chair
Classico,Classico Swivel Counter Stool With Arms,953-SCSW,Wrought Iron,"The O.W. Lee Classico Swivel Counter Stool with Arms pairs traditional detailing with added comfort and support. Featuring elegant armrests and smooth swivel motion, this counter-height outdoor stool delivers both sophistication and ease of use. O.W. Lee is renowned for its exceptional quality, supported by an industry-leading warranty. Our frames are covered by a 20-year structural warranty, and the finish is guaranteed against fading, blistering, and peeling for 5 years. Cushions and fabrics are also backed by a 5-year warranty. With a selection of 10 elegant frame finishes and over 100 fabric options, customers can easily customize each piece to seamlessly complement their individual style.",Weight: 39 lbs,https://www.owlee.com/wp-content/uploads/2021/11/Classico_Retail_SpecSheets_2026_953-SCSW-Swivel-Counter-Stool-with-Arms.pdf,https://www.owlee.com/collections/wrought-iron-steel/classico-swivel-counter-stool
Classico,Classico Armless Swivel Bar Stool,951-SBS,Wrought Iron,"The O.W. Lee Classico Armless Swivel Bar Stool brings classic European influence to bar-height outdoor spaces. Its clean silhouette, decorative accents, and swivel functionality create a refined outdoor bar stool ideal for entertaining. O.W. Lee is renowned for its exceptional quality, supported by an industry-leading warranty. Our frames are covered by a 20-year structural warranty, and the finish is guaranteed against fading, blistering, and peeling for 5 years. Cushions and fabrics are also backed by a 5-year warranty. With a selection of 10 elegant frame finishes and over 100 fabric options, customers can easily customize each piece to seamlessly complement their individual style.",,,https://www.owlee.com/collections/wrought-iron-steel/classico-armless-swivel-bar-stool
Classico,Swivel Bar Stool With Arms,953-SBSW,Wrought Iron,"The O.W. Lee Classico Swivel Bar Stool with Arms offers elevated comfort with timeless appeal. Ornate accents, supportive arms, and swivel functionality make this outdoor bar-height stool a classic choice for refined outdoor entertaining spaces. O.W. Lee is renowned for its exceptional quality, supported by an industry-leading warranty. Our frames are covered by a 20-year structural warranty, and the finish is guaranteed against fading, blistering, and peeling for 5 years. Cushions and fabrics are also backed by a 5-year warranty. With a selection of 10 elegant frame finishes and over 100 fabric options, customers can easily customize each piece to seamlessly complement their individual style.",Weight: 41 lbs,https://www.owlee.com/wp-content/uploads/2021/11/Classico_Retail_SpecSheets_2026_953-SBSW-Swivel-Bar-Stool-with-Arms.pdf,https://www.owlee.com/collections/wrought-iron-steel/swivel-bar-stool-with-arms-wrought-iron-steel-classico-w
Classico,Classico 01 Side Table Base,9-ST01,Wrought Iron,"If you’re looking for an outdoor side table that’s as beautiful as it is dependable, the Classico Iron Side Table Base is a standout choice. Handcrafted from heavy-gauge wrought iron, it’s designed to provide rock-solid support while bringing a timeless, refined look to any outdoor space. One of the biggest advantages of the Classico base is its flexibility. It pairs effortlessly with a wide range of table top materials and sizes--whether you’re designing with sleek porcelain, ultra-durable Dekton®, or lightweight micro mesh. That means you can create exactly the table you want, without compromising on performance or style. Wrought iron is known for its strength and longevity, and you can feel the difference. The added weight keeps tables stable in windy conditions, while the material’s durability ensures the base holds up year after year outdoors. It’s furniture you can confidently invest in if you want something that truly lasts. With 10 finish options and numerous table top materials to choose from, the Classico Iron Table Base makes customization easy. It’s a smart investment for customers who value craftsmanship, versatility, and outdoor furniture built to stand the test of time. Fits Tops: - 24"" Round (Porcelain, Dekton, or Mesh) - 24"" Square (Porcelain or Dekton) - 30"" Round (Porcelain or Mesh)",Packaged Weight: 22 lbs,,https://www.owlee.com/collections/classico-iron-table-bases/classico-side-table-base
Classico,Classico 05 Occasional Table Base,9-OT05,Wrought Iron,"If you’re looking for an outdoor occasional / coffee table that’s as beautiful as it is dependable, the Classico Iron Occasional Table Base is a standout choice. Handcrafted from heavy-gauge wrought iron, it’s designed to provide rock-solid support while bringing a timeless, refined look to any outdoor space. One of the biggest advantages of the Classico base is its flexibility. It pairs effortlessly with a wide range of table top materials and sizes--whether you’re designing with sleek porcelain, ultra-durable Dekton®, or lightweight micro mesh. That means you can create exactly the table you want, without compromising on performance or style. Wrought iron is known for its strength and longevity, and you can feel the difference. The added weight keeps tables stable in windy conditions, while the material’s durability ensures the base holds up year after year outdoors. It’s furniture you can confidently invest in if you want something that truly lasts. With 10 finish options and numerous table top materials to choose from, the Classico Iron Table Base makes customization easy. It’s a smart investment for customers who value craftsmanship, versatility, and outdoor furniture built to stand the test of time. Fits Tops: - 28x50"" (Porcelain or Mesh) - 31x56"" (Dekton) - 36x58"" (Porcelain or Mesh)",Packaged Weight: 44 lbs,,https://www.owlee.com/collections/classico-iron-table-bases/classico-occasional-table-base
Classico,Classico Dining 07 Table Base,9-DT07,Wrought Iron,"If you’re looking for a table base that’s as beautiful as it is dependable, the Classico Iron Dining Table Base is a standout choice. Handcrafted from heavy-gauge wrought iron, it’s designed to provide rock-solid support while bringing a timeless, refined look to any outdoor space. One of the biggest advantages of the Classico base is its flexibility. It pairs effortlessly with a wide range of table top materials and sizes--whether you’re designing with sleek porcelain, ultra-durable Dekton®, or lightweight micro mesh. That means you can create exactly the table you want, without compromising on performance or style. Wrought iron is known for its strength and longevity, and you can feel the difference. The added weight keeps tables stable in windy conditions, while the material’s durability ensures the base holds up year after year outdoors. It’s furniture you can confidently invest in if you want something that truly lasts. With 10 finish options and numerous table top materials to choose from, the Classico Iron Table Base makes customization easy. It’s a smart investment for customers who value craftsmanship, versatility, and outdoor furniture built to stand the test of time. Fits Tops: - 42x72"" (Porcelain) - 42x84"" (Porcelain, Dekton, or Mesh)",Packaged Weight: 73 lbs,,https://www.owlee.com/collections/classico-iron-table-bases/classico-dining-table-base
Classico,Classico 03 Dining Table Base,9-DT03,Wrought Iron,"If you’re looking for a table base that’s as beautiful as it is dependable, the Classico Iron Dining Table Base is a standout choice. Handcrafted from heavy-gauge wrought iron, it’s designed to provide rock-solid support while bringing a timeless, refined look to any outdoor space. One of the biggest advantages of the Classico base is its flexibility. It pairs effortlessly with a wide range of table top materials and sizes--whether you’re designing with sleek porcelain, ultra-durable Dekton®, or lightweight micro mesh. That means you can create exactly the table you want, without compromising on performance or style. Wrought iron is known for its strength and longevity, and you can feel the difference. The added weight keeps tables stable in windy conditions, while the material’s durability ensures the base holds up year after year outdoors. It’s furniture you can confidently invest in if you want something that truly lasts. With 10 finish options and numerous table top materials to choose from, the Classico Iron Table Base makes customization easy. It’s a smart investment for customers who value craftsmanship, versatility, and outdoor furniture built to stand the test of time. Fits Tops: - 36"" Square (Porcelain) - 42"" Round (Porcelain and Micro Mesh) - 42"" Square (Porcelain and Micro Mesh) - 54"" Round (Porcelain, Dekton, and Micro Mesh)",Packaged Weight: 35 lbs,,https://www.owlee.com/collections/classico-iron-table-bases/dining-table-base-wrought-iron-steel-classico-w-2
Monterra,Monterra Lounge Chair,421-CC,Wrought Iron,"The O.W. Lee Monterra Lounge Chair showcases the collection’s rustic Southwestern and Mediterranean influences with handcrafted detailing and rich textural appeal. Its durable wrought iron frame and plush cushions create a timeless outdoor lounge chair ideal for patios and courtyard seating areas. O.W. Lee is renowned for its exceptional quality, supported by an industry-leading warranty. Our frames are covered by a 20-year structural warranty, and the finish is guaranteed against fading, blistering, and peeling for 5 years. Cushions and fabrics are also backed by a 5-year warranty. With a selection of 10 elegant frame finishes and over 100 fabric options, including 16 sling fabrics, customers can easily customize each piece to seamlessly complement their individual style.",Weight: 80 lbs,https://www.owlee.com/wp-content/uploads/2021/11/2026-Monterra_Retail_SpecSheet_421-CC-Lounge-Chair.pdf,https://www.owlee.com/collections/wrought-iron-steel/lounge-chair-monterra
Monterra,Monterra Spring Base Lounge Chair,421-SB,Wrought Iron,"The O.W. Lee Monterra Spring Base Lounge Chair combines Old World craftsmanship with responsive seating. Its handcrafted wrought iron frame and spring-supported seat provide both comfort and a subtle, refined bounce, making this outdoor lounge chair a sophisticated choice for relaxed outdoor living. O.W. Lee is renowned for its exceptional quality, supported by an industry-leading warranty. Our frames are covered by a 20-year structural warranty, and the finish is guaranteed against fading, blistering, and peeling for 5 years. Cushions and fabrics are also backed by a 5-year warranty. With a selection of 10 elegant frame finishes and over 100 fabric options, including 16 sling fabrics, customers can easily customize each piece to seamlessly complement their individual style.",Packaged Weight: 92 lbs,https://www.owlee.com/wp-content/uploads/2021/11/2026-Monterra_Retail_SpecSheet_421-SB-Spring-Base-Lounge-Chair.pdf,https://www.owlee.com/collections/monterra/spring-base-lounge-chair-monterra
Monterra,Monterra Swivel Rocker Lounge Chair,421-SR,Wrought Iron,"The O.W. Lee Monterra Swivel Rocker Lounge Chair brings Mediterranean elegance to outdoor entertaining with added motion. Featuring a handcrafted wrought iron frame with smooth swivel and gentle rocking action, this outdoor swivel lounge chair delivers comfort, durability, and timeless rustic charm. O.W. Lee is renowned for its exceptional quality, supported by an industry-leading warranty. Our frames are covered by a 20-year structural warranty, and the finish is guaranteed against fading, blistering, and peeling for 5 years. Cushions and fabrics are also backed by a 5-year warranty. With a selection of 10 elegant frame finishes and over 100 fabric options, including 16 sling fabrics, customers can easily customize each piece to seamlessly complement their individual style.",Packaged Weight: 94 lbs,https://www.owlee.com/wp-content/uploads/2021/11/2026-Monterra_Retail_SpecSheet_421-SR-Swivel-Rocker-Lounge-Chair.pdf,https://www.owlee.com/collections/monterra/swivel-rocker-lounge-chair-monterra
Monterra,Monterra Love Seat,427-2S,Wrought Iron,"The O.W. Lee Monterra Love Seat reflects the warm, inviting aesthetic of Southwestern and Mediterranean design. Its decorative wrought iron frame and comfortable cushions make this outdoor love seat a versatile, elegant addition to a variety of outdoor settings. O.W. Lee is renowned for its exceptional quality, supported by an industry-leading warranty. Our frames are covered by a 20-year structural warranty, and the finish is guaranteed against fading, blistering, and peeling for 5 years. Cushions and fabrics are also backed by a 5-year warranty. With a selection of 10 elegant frame finishes and over 100 fabric options, including 16 sling fabrics, customers can easily customize each piece to seamlessly complement their individual style.",Packaged Weight: 120 lbs,https://www.owlee.com/wp-content/uploads/2021/11/2026-Monterra_Retail_SpecSheet_427-2S-Love-Seat.pdf,https://www.owlee.com/collections/monterra/love-seat-monterra
Monterra,Monterra Crescent Love Seat,426-2S,Wrought Iron,"The O.W. Lee Monterra Crescent Love Seat highlights the collection’s signature curves and Old World detailing. Its handcrafted wrought iron frame and plush cushions create a welcoming outdoor love seat that encourages intimate conversation in patios and smaller gathering spaces. O.W. Lee is renowned for its exceptional quality, supported by an industry-leading warranty. Our frames are covered by a 20-year structural warranty, and the finish is guaranteed against fading, blistering, and peeling for 5 years. Cushions and fabrics are also backed by a 5-year warranty. With a selection of 10 elegant frame finishes and over 100 fabric options, including 16 sling fabrics, customers can easily customize each piece to seamlessly complement their individual style.",Packaged Weight: 145 lbs,https://www.owlee.com/wp-content/uploads/2021/11/2026-Monterra_Retail_SpecSheet_426-2S-Crescent-Love-Seat.pdf,https://www.owlee.com/collections/monterra/crescent-love-seat-monterra
Monterra,Monterra Sofa,427-3S,Wrought Iron,"The O.W. Lee Monterra Sofa serves as a striking centerpiece with artisanal character. Built from wrought iron with handcrafted detailing and deep cushions, this outdoor sofa combines Old World craftsmanship with lasting comfort and rustic sophistication. O.W. Lee is renowned for its exceptional quality, supported by an industry-leading warranty. Our frames are covered by a 20-year structural warranty, and the finish is guaranteed against fading, blistering, and peeling for 5 years. Cushions and fabrics are also backed by a 5-year warranty. With a selection of 10 elegant frame finishes and over 100 fabric options, including 16 sling fabrics, customers can easily customize each piece to seamlessly complement their individual style.",Packaged Weight: 182 lbs,https://www.owlee.com/wp-content/uploads/2021/11/2026-Monterra_Retail_SpecSheet_427-3S-Sofa.pdf,https://www.owlee.com/collections/monterra/sofa-monterra
Monterra,Monterra Left Sectional,425-L,Wrought Iron,"The O.W. Lee Monterra Sectional Collection allows for flexible, modular arrangements with Old World craftsmanship at its core. Handcrafted wrought iron frames and plush cushions create outdoor sectional pieces that provide comfort, durability, and the textured warmth of Mediterranean and Southwestern design. O.W. Lee is renowned for its exceptional quality, supported by an industry-leading warranty. Our frames are covered by a 20-year structural warranty, and the finish is guaranteed against fading, blistering, and peeling for 5 years. Cushions and fabrics are also backed by a 5-year warranty. With a selection of 10 elegant frame finishes and over 100 fabric options, including 16 sling fabrics, customers can easily customize each piece to seamlessly complement their individual style.",Packaged Weight: 142 lbs,https://www.owlee.com/wp-content/uploads/2021/11/2026-Monterra_Retail_SpecSheet_425-L-Left-Sectional.pdf,https://www.owlee.com/collections/monterra/left-sectional-monterra
Monterra,Monterra Center Sectional,425-C,Wrought Iron,"The O.W. Lee Monterra Sectional Collection allows for flexible, modular arrangements with Old World craftsmanship at its core. Handcrafted wrought iron frames and plush cushions create outdoor sectional pieces that provide comfort, durability, and the textured warmth of Mediterranean and Southwestern design. O.W. Lee is renowned for its exceptional quality, supported by an industry-leading warranty. Our frames are covered by a 20-year structural warranty, and the finish is guaranteed against fading, blistering, and peeling for 5 years. Cushions and fabrics are also backed by a 5-year warranty. With a selection of 10 elegant frame finishes and over 100 fabric options, including 16 sling fabrics, customers can easily customize each piece to seamlessly complement their individual style.",Packaged Weight: 136 lbs,https://www.owlee.com/wp-content/uploads/2021/11/2026-Monterra_Retail_SpecSheet_425-C-Center-Sectional.pdf,https://www.owlee.com/collections/monterra/center-sectional-monterra
Monterra,Monterra Right Sectional,425-R,Wrought Iron,"The O.W. Lee Monterra Sectional Collection allows for flexible, modular arrangements with Old World craftsmanship at its core. Handcrafted wrought iron frames and plush cushions create outdoor sectional pieces that provide comfort, durability, and the textured warmth of Mediterranean and Southwestern design. O.W. Lee is renowned for its exceptional quality, supported by an industry-leading warranty. Our frames are covered by a 20-year structural warranty, and the finish is guaranteed against fading, blistering, and peeling for 5 years. Cushions and fabrics are also backed by a 5-year warranty. With a selection of 10 elegant frame finishes and over 100 fabric options, including 16 sling fabrics, customers can easily customize each piece to seamlessly complement their individual style.",Packaged Weight: 141 lbs,https://www.owlee.com/wp-content/uploads/2021/11/2026-Monterra_Retail_SpecSheet_425-R-Right-Sectional.pdf,https://www.owlee.com/collections/monterra/right-sectional-monterra
Monterra,Monterra Ottoman,419-O,Wrought Iron,"The O.W. Lee Monterra Ottoman complements seating in the collection with functional, stylish design. Featuring a sturdy wrought iron frame and tailored cushion, this outdoor ottoman can serve as a footrest or extra seating, enhancing patios or courtyards with Mediterranean-inspired charm. O.W. Lee is renowned for its exceptional quality, supported by an industry-leading warranty. Our frames are covered by a 20-year structural warranty, and the finish is guaranteed against fading, blistering, and peeling for 5 years. Cushions and fabrics are also backed by a 5-year warranty. With a selection of 10 elegant frame finishes and over 100 fabric options, including 16 sling fabrics, customers can easily customize each piece to seamlessly complement their individual style.",Packaged Weight: 39 lbs,https://www.owlee.com/wp-content/uploads/2021/11/2026-Monterra_Retail_SpecSheet_419-O-Ottoman.pdf,https://www.owlee.com/collections/monterra/ottoman-monterra
Monterra,Urban-Scale Spring Base Lounge Chair,424-MSB,Wrought Iron,"The O.W. Lee Monterra Spring Base Lounge Chair blends Old World craftsmanship with modern compact design. Our urban scale pieces are thoughtfully scaled down versions of our most popular designs, crafted to suit balconies, apartments, and other compact spaces—without compromising on comfort or quality. Its handcrafted wrought iron frame and responsive spring seat provide stylish, supportive seating for small outdoor spaces. O.W. Lee is renowned for its exceptional quality, supported by an industry-leading warranty. Our frames are covered by a 20-year structural warranty, and the finish is guaranteed against fading, blistering, and peeling for 5 years. Cushions and fabrics are also backed by a 5-year warranty. With a selection of 10 elegant frame finishes and over 100 fabric options, including 16 sling fabrics, customers can easily customize each piece to seamlessly complement their individual style.",Weight: 74 lbs,https://www.owlee.com/wp-content/uploads/2021/11/2026-Monterra_Retail_SpecSheet_424-MSB-Urban-Scale-Spring-Base-Lounge.pdf,https://www.owlee.com/collections/monterra/urban-scale-spring-base-lounge-chair-monterra
Monterra,Urban-Scale Swivel Rocker Lounge Chair,424-MSR,Wrought Iron,"The O.W. Lee Monterra Swivel Rocker Lounge Chair offers rustic elegance in a compact footprint. Our urban scale pieces are thoughtfully scaled down versions of our most popular designs, crafted to suit balconies, apartments, and other compact spaces—without compromising on comfort or quality. Featuring a durable wrought iron frame with smooth swivel and gentle rocking motion, this outdoor lounge chair delivers versatile comfort with Mediterranean-inspired character. O.W. Lee is renowned for its exceptional quality, supported by an industry-leading warranty. Our frames are covered by a 20-year structural warranty, and the finish is guaranteed against fading, blistering, and peeling for 5 years. Cushions and fabrics are also backed by a 5-year warranty. With a selection of 10 elegant frame finishes and over 100 fabric options, including 16 sling fabrics, customers can easily customize each piece to seamlessly complement their individual style.",Weight: 73 lbs,https://www.owlee.com/wp-content/uploads/2021/11/2026-Monterra_Retail_SpecSheet_424-MSR-Urban-Scale-Swivel-Rocker-Lounge-Chair.pdf,https://www.owlee.com/collections/monterra/urban-scale-swivel-rocker-lounge-chair-monterra
Monterra,Urban-Scale Crescent Love Seat,423-2MS,Wrought Iron,"The O.W. Lee Monterra Crescent Love Seat reflects the collection’s Mediterranean and Southwestern influence in a cozy, curved design. Our urban scale pieces are thoughtfully scaled down versions of our most popular designs, crafted to suit balconies, apartments, and other compact spaces—without compromising on comfort or quality. Handcrafted from wrought iron with plush cushions, it provides inviting seating for smaller patios or intimate arrangements. O.W. Lee is renowned for its exceptional quality, supported by an industry-leading warranty. Our frames are covered by a 20-year structural warranty, and the finish is guaranteed against fading, blistering, and peeling for 5 years. Cushions and fabrics are also backed by a 5-year warranty. With a selection of 10 elegant frame finishes and over 100 fabric options, including 16 sling fabrics, customers can easily customize each piece to seamlessly complement their individual style.",Weight: 123 lbs,https://www.owlee.com/wp-content/uploads/2021/11/2026-Monterra_Retail_SpecSheet_423-2MS-Urban-Scale-Crescent-Love-Seat.pdf,https://www.owlee.com/collections/monterra/urban-scale-crescent-love-seat-monterra
Monterra,Urban Scale Love Seat,424-2MS,Wrought Iron,"The O.W. Lee Monterra Urban Love Seat combines rustic charm with space-conscious proportions. Our urban scale pieces are thoughtfully scaled down versions of our most popular designs, crafted to suit balconies, apartments, and other compact spaces—without compromising on comfort or quality. Its handcrafted wrought iron frame and tailored cushions make this outdoor love seat perfect for cozy, elevated outdoor living. O.W. Lee is renowned for its exceptional quality, supported by an industry-leading warranty. Our frames are covered by a 20-year structural warranty, and the finish is guaranteed against fading, blistering, and peeling for 5 years. Cushions and fabrics are also backed by a 5-year warranty. With a selection of 10 elegant frame finishes and over 100 fabric options, including 16 sling fabrics, customers can easily customize each piece to seamlessly complement their individual style.",Weight: 108 lbs,https://www.owlee.com/wp-content/uploads/2024/07/2026-Monterra_Retail_SpecSheet_424-2MS-Urban-Scale-Love-Seat.pdf,https://www.owlee.com/collections/monterra/urban-scale-love-seat-monterra
Monterra,Monterra Urban Scale Sofa,424-3MS,Wrought Iron,"The O.W. Lee Monterra Urban Sofa delivers Old World elegance in a compact, streamlined form. Our urban scale pieces are thoughtfully scaled down versions of our most popular designs, crafted to suit balconies, apartments, and other compact spaces—without compromising on comfort or quality. Crafted with a sturdy wrought iron frame and deep cushions, this sofa provides refined comfort for smaller outdoor seating areas. O.W. Lee is renowned for its exceptional quality, supported by an industry-leading warranty. Our frames are covered by a 20-year structural warranty, and the finish is guaranteed against fading, blistering, and peeling for 5 years. Cushions and fabrics are also backed by a 5-year warranty. With a selection of 10 elegant frame finishes and over 100 fabric options, including 16 sling fabrics, customers can easily customize each piece to seamlessly complement their individual style.",Weight: 108 lbs,https://www.owlee.com/wp-content/uploads/2025/09/2026-Monterra_Retail_SpecSheet_424-3MS-Urban-Scale-Sofa.pdf,https://www.owlee.com/collections/monterra/urban-scale-sofa-monterra
Monterra,Urban Scale Ottoman,4120-O,Wrought Iron,"The O.W. Lee Monterra Urban Ottoman complements the collection’s scaled-down seating while adding versatile comfort. Our urban scale pieces are thoughtfully scaled down versions of our most popular designs, crafted to suit balconies, apartments, and other compact spaces—without compromising on comfort or quality. Featuring a handcrafted wrought iron frame and tailored cushion, it serves as a footrest or additional seating with timeless style. O.W. Lee is renowned for its exceptional quality, supported by an industry-leading warranty. Our frames are covered by a 20-year structural warranty, and the finish is guaranteed against fading, blistering, and peeling for 5 years. Cushions and fabrics are also backed by a 5-year warranty. With a selection of 10 elegant frame finishes and over 100 fabric options, including 16 sling fabrics, customers can easily customize each piece to seamlessly complement their individual style.",Weight: 26 lbs,https://www.owlee.com/wp-content/uploads/2021/11/2026-Monterra_Retail_SpecSheet_4120-O-Urban-Scale-Ottoman-1.pdf,https://www.owlee.com/collections/monterra/urban-scale-ottoman-monterra
Monterra,Dining Arm Chair,404-A,Wrought Iron,"The O.W. Lee Monterra Dining Arm Chair reflects the collection’s blend of Southwestern warmth and Mediterranean influence through handcrafted detail and rich texture. Its decorative wrought iron frame and supportive design create a timeless outdoor dining chair that brings Old World character to inviting outdoor dining spaces. O.W. Lee is renowned for its exceptional quality, supported by an industry-leading warranty. Our frames are covered by a 20-year structural warranty, and the finish is guaranteed against fading, blistering, and peeling for 5 years. Cushions and fabrics are also backed by a 5-year warranty. With a selection of 10 elegant frame finishes and over 100 fabric options, including 16 sling fabrics, customers can easily customize each piece to seamlessly complement their individual style.",Weight: 27 lbs,https://www.owlee.com/wp-content/uploads/2021/11/2026-Monterra_Retail_SpecSheet_404-A-Dining-Arm-Chair.pdf,https://www.owlee.com/collections/monterra/dining-arm-chair-monterra
Monterra,Dining Swivel Rocker Arm Chair,404-SR,Wrought Iron,"The O.W. Lee Monterra Swivel Rocker Dining Arm Chair combines classic craftsmanship with relaxed functionality inspired by traditional outdoor gathering spaces. Featuring a handcrafted wrought iron frame with smooth swivel and gentle rocking motion, this outdoor swivel dining chair offers comfort and rustic elegance at the table. O.W. Lee is renowned for its exceptional quality, supported by an industry-leading warranty. Our frames are covered by a 20-year structural warranty, and the finish is guaranteed against fading, blistering, and peeling for 5 years. Cushions and fabrics are also backed by a 5-year warranty. With a selection of 10 elegant frame finishes and over 100 fabric options, including 16 sling fabrics, customers can easily customize each piece to seamlessly complement their individual style.",Weight: 44 lbs,https://www.owlee.com/wp-content/uploads/2021/11/2026-Monterra_Retail_SpecSheet_404-SR-Swivel-Rocker-Dining-Arm-Chair.pdf,https://www.owlee.com/collections/monterra/dining-swivel-rocker-arm-chair-monterra
Monterra,Swivel Counter Stool With Arms,404-SCS,Wrought Iron,"The O.W. Lee Monterra Swivel Counter Stool captures the collection’s earthy tones and artisanal appeal in an elevated seating design. Crafted from durable wrought iron with a smooth swivel motion, this outdoor counter-height stool provides comfortable, versatile seating with timeless Southwestern and Mediterranean character. O.W. Lee is renowned for its exceptional quality, supported by an industry-leading warranty. Our frames are covered by a 20-year structural warranty, and the finish is guaranteed against fading, blistering, and peeling for 5 years. Cushions and fabrics are also backed by a 5-year warranty. With a selection of 10 elegant frame finishes and over 100 fabric options, including 16 sling fabrics, customers can easily customize each piece to seamlessly complement their individual style.",Weight: 50 lbs,https://www.owlee.com/wp-content/uploads/2021/11/2026-Monterra_Retail_SpecSheet_404-SCS-Swivel-Counter-Stool.pdf,https://www.owlee.com/collections/monterra/swivel-counter-stool-monterra
Monterra,Swivel Bar Stool With Arms,404-SBS,Wrought Iron,"The O.W. Lee Monterra Swivel Bar Stool embodies Monterra’s Old World craftsmanship and textural richness. Its handcrafted wrought iron frame and smooth swivel function create a bar-height outdoor stool that blends rustic charm with lasting durability for outdoor entertaining areas. O.W. Lee is renowned for its exceptional quality, supported by an industry-leading warranty. Our frames are covered by a 20-year structural warranty, and the finish is guaranteed against fading, blistering, and peeling for 5 years. Cushions and fabrics are also backed by a 5-year warranty. With a selection of 10 elegant frame finishes and over 100 fabric options, including 16 sling fabrics, customers can easily customize each piece to seamlessly complement their individual style.",Weight: 50 lbs,https://www.owlee.com/wp-content/uploads/2021/11/2026-Monterra_Retail_SpecSheet_404-SBS-Swivel-Bar-Stool.pdf,https://www.owlee.com/collections/monterra/swivel-bar-stool-monterra
Monterra,Monterra Curved Ottoman,487-O,Wrought Iron,"The O.W. Lee Monterra Curved Ottoman adds sculptural elegance and versatility to seating arrangements. Its handcrafted wrought iron frame and cushioned top create a functional outdoor ottoman that mirrors the collection’s signature curves and rustic sophistication. O.W. Lee is renowned for its exceptional quality, supported by an industry-leading warranty. Our frames are covered by a 20-year structural warranty, and the finish is guaranteed against fading, blistering, and peeling for 5 years. Cushions and fabrics are also backed by a 5-year warranty. With a selection of 10 elegant frame finishes and over 100 fabric options, including 16 sling fabrics, customers can easily customize each piece to seamlessly complement their individual style.",Packaged Weight: 56 lbs,https://www.owlee.com/wp-content/uploads/2021/11/2026-Monterra_Retail_SpecSheet_487-O-Curved-Ottoman.pdf,https://www.owlee.com/collections/monterra/curved-ottoman-monterra
Monterra,Monterra Adjustable Chaise,428-CH,Wrought Iron,"The O.W. Lee Monterra Adjustable Chaise combines timeless Mediterranean influence with customizable comfort. Featuring a robust wrought iron frame and adjustable reclining positions, this outdoor chaise lounge offers a relaxing retreat with classic, rustic style. O.W. Lee is renowned for its exceptional quality, supported by an industry-leading warranty. Our frames are covered by a 20-year structural warranty, and the finish is guaranteed against fading, blistering, and peeling for 5 years. Cushions and fabrics are also backed by a 5-year warranty. With a selection of 10 elegant frame finishes and over 100 fabric options, including 16 sling fabrics, customers can easily customize each piece to seamlessly complement their individual style.",Packaged Weight: 120 lbs,https://www.owlee.com/wp-content/uploads/2026/03/2026-Monterra_Retail_SpecSheet_428-CH-Adjustable-Chaise.pdf,https://www.owlee.com/collections/monterra/adjustable-chaise-monterra
Pasadera,Lounge Chair,86156-CC,Wrought Iron,"The O.W. Lee Pasadera Lounge Chair blends rustic charm with refined elegance, inspired by traditional Spanish architecture. Featuring ornate detailing, a durable steel frame, and plush cushions, this outdoor steel lounge chair delivers timeless style and lasting comfort for inviting outdoor spaces. O.W. Lee is renowned for its exceptional quality, supported by an industry-leading warranty. Our frames are covered by a 20-year structural warranty, and the finish is guaranteed against fading, blistering, and peeling for 5 years. Cushions and fabrics are also backed by a 5-year warranty. With a selection of 10 elegant frame finishes and over 100 fabric options, including 16 sling fabrics, customers can easily customize each piece to seamlessly complement their individual style.",Weight: 68 lbs,https://www.owlee.com/wp-content/uploads/2021/11/Pasadera_Retail_SpecSheet_2026_86156-CC-Lounge-Chair.pdf,https://www.owlee.com/collections/pasadera/lounge-chair-pasadera
Pasadera,Spring Base Lounge Chair,86156-SB,Wrought Iron,"The O.W. Lee Pasadera Lounge Chair blends rustic charm with refined elegance, inspired by traditional Spanish architecture. Featuring ornate detailing, a durable steel frame, and plush cushions, this outdoor steel lounge chair delivers timeless style and lasting comfort for inviting outdoor spaces. O.W. Lee is renowned for its exceptional quality, supported by an industry-leading warranty. Our frames are covered by a 20-year structural warranty, and the finish is guaranteed against fading, blistering, and peeling for 5 years. Cushions and fabrics are also backed by a 5-year warranty. With a selection of 10 elegant frame finishes and over 100 fabric options, including 16 sling fabrics, customers can easily customize each piece to seamlessly complement their individual style.",Weight: 78 lbs,https://www.owlee.com/wp-content/uploads/2021/11/Pasadera_Retail_SpecSheet_2026_86156-SB-Spring-Base-Lounge-Chair.pdf,https://www.owlee.com/collections/pasadera/spring-base-lounge-chair-pasadera
Pasadera,Swivel Rocker Lounge Chair,86156-SR,Wrought Iron,"The O.W. Lee Pasadera Lounge Chair blends rustic charm with refined elegance, inspired by traditional Spanish architecture. Featuring ornate detailing, a durable steel frame, and plush cushions, this outdoor steel lounge chair delivers timeless style and lasting comfort for inviting outdoor spaces. O.W. Lee is renowned for its exceptional quality, supported by an industry-leading warranty. Our frames are covered by a 20-year structural warranty, and the finish is guaranteed against fading, blistering, and peeling for 5 years. Cushions and fabrics are also backed by a 5-year warranty. With a selection of 10 elegant frame finishes and over 100 fabric options, including 16 sling fabrics, customers can easily customize each piece to seamlessly complement their individual style.",Weight: 78 lbs,https://www.owlee.com/wp-content/uploads/2021/11/Pasadera_Retail_SpecSheet_2026_86156-SR-Swivel-Rocker-Lounge-Chair.pdf,https://www.owlee.com/collections/pasadera/swivel-rocker-lounge-chair-pasadera
Pasadera,Love Seat,86156-2S,Wrought Iron,"The O.W. Lee Pasadera Love Seat offers intimate seating with classic design influence and old-world character. Its decorative steel frame, warm aesthetic, and comfortable cushions make this outdoor steel love seat a welcoming addition to patios, courtyards, and covered outdoor living areas. O.W. Lee is renowned for its exceptional quality, supported by an industry-leading warranty. Our frames are covered by a 20-year structural warranty, and the finish is guaranteed against fading, blistering, and peeling for 5 years. Cushions and fabrics are also backed by a 5-year warranty. With a selection of 10 elegant frame finishes and over 100 fabric options, including 16 sling fabrics, customers can easily customize each piece to seamlessly complement their individual style.",Weight: 107 lbs,https://www.owlee.com/wp-content/uploads/2021/11/Pasadera_Retail_SpecSheet_2026_86156-2S-Love-Seat.pdf,https://www.owlee.com/collections/pasadera/love-seat-pasadera
Pasadera,Sofa,86156-3S,Wrought Iron,"The O.W. Lee Pasadera Sofa creates a sophisticated focal point by combining traditional craftsmanship with modern outdoor durability. Designed with an ornate steel frame and deep cushions, this luxury outdoor steel sofa brings comfort, strength, and timeless appeal to larger outdoor settings. O.W. Lee is renowned for its exceptional quality, supported by an industry-leading warranty. Our frames are covered by a 20-year structural warranty, and the finish is guaranteed against fading, blistering, and peeling for 5 years. Cushions and fabrics are also backed by a 5-year warranty. With a selection of 10 elegant frame finishes and over 100 fabric options, including 16 sling fabrics, customers can easily customize each piece to seamlessly complement their individual style.",Weight: 150 lbs,https://www.owlee.com/wp-content/uploads/2021/11/Pasadera_Retail_SpecSheet_2026_86156-3S-Sofa.pdf,https://www.owlee.com/collections/pasadera/sofa-pasadera
Pasadera,Right Sectional,86158-R,Wrought Iron,"The O.W. Lee Pasadera Sectional Collection allows for customized seating configurations that balance classic design with modern performance. With modular steel frames, ornamental detailing, and plush cushions, these outdoor steel sectional pieces offer flexibility, durability, and enduring style for expansive outdoor living spaces. O.W. Lee is renowned for its exceptional quality, supported by an industry-leading warranty. Our frames are covered by a 20-year structural warranty, and the finish is guaranteed against fading, blistering, and peeling for 5 years. Cushions and fabrics are also backed by a 5-year warranty. With a selection of 10 elegant frame finishes and over 100 fabric options, including 16 sling fabrics, customers can easily customize each piece to seamlessly complement their individual style.",Weight: 124 lbs,https://www.owlee.com/wp-content/uploads/2021/11/Pasadera_Retail_SpecSheet_2026_86158-R-Right-Sectional.pdf,https://www.owlee.com/collections/pasadera/right-sectional-pasadera
Pasadera,Center Sectional,86158-C,Wrought Iron,"The O.W. Lee Pasadera Sectional Collection allows for customized seating configurations that balance classic design with modern performance. With modular steel frames, ornamental detailing, and plush cushions, these outdoor steel sectional pieces offer flexibility, durability, and enduring style for expansive outdoor living spaces. O.W. Lee is renowned for its exceptional quality, supported by an industry-leading warranty. Our frames are covered by a 20-year structural warranty, and the finish is guaranteed against fading, blistering, and peeling for 5 years. Cushions and fabrics are also backed by a 5-year warranty. With a selection of 10 elegant frame finishes and over 100 fabric options, including 16 sling fabrics, customers can easily customize each piece to seamlessly complement their individual style.",Weight: 116 lbs,https://www.owlee.com/wp-content/uploads/2021/11/Pasadera_Retail_SpecSheet_2026_86158-C-Center-Sectional.pdf,https://www.owlee.com/collections/pasadera/center-sectional-pasadera
Pasadera,Left Sectional,86158-L,Wrought Iron,"The O.W. Lee Pasadera Sectional Collection allows for customized seating configurations that balance classic design with modern performance. With modular steel frames, ornamental detailing, and plush cushions, these outdoor steel sectional pieces offer flexibility, durability, and enduring style for expansive outdoor living spaces. O.W. Lee is renowned for its exceptional quality, supported by an industry-leading warranty. Our frames are covered by a 20-year structural warranty, and the finish is guaranteed against fading, blistering, and peeling for 5 years. Cushions and fabrics are also backed by a 5-year warranty. With a selection of 10 elegant frame finishes and over 100 fabric options, including 16 sling fabrics, customers can easily customize each piece to seamlessly complement their individual style.",Weight: 124 lbs,https://www.owlee.com/wp-content/uploads/2021/11/Pasadera_Retail_SpecSheet_2026_86158-L-Left-Sectional.pdf,https://www.owlee.com/collections/pasadera/left-sectional-pasadera
Pasadera,Ottoman,8690-O,Wrought Iron,"The O.W. Lee Pasadera Ottoman adds versatile comfort while echoing the collection’s decorative steel detailing. Featuring a sturdy steel frame and tailored cushion, this outdoor patio ottoman functions beautifully as a footrest or additional seating. O.W. Lee is renowned for its exceptional quality, supported by an industry-leading warranty. Our frames are covered by a 20-year structural warranty, and the finish is guaranteed against fading, blistering, and peeling for 5 years. Cushions and fabrics are also backed by a 5-year warranty. With a selection of 10 elegant frame finishes and over 100 fabric options, including 16 sling fabrics, customers can easily customize each piece to seamlessly complement their individual style.",Weight: 29 lbs,https://www.owlee.com/wp-content/uploads/2021/11/Pasadera_Retail_SpecSheet_2026_8690-O-Ottoman.pdf,https://www.owlee.com/collections/pasadera/ottoman-pasadera
San Cristobal,San Cristobal Lounge Chair,695-CC,Wrought Iron,"The O.W. Lee San Cristóbal Lounge Chair captures the romance of Old Havana through flowing curves and handcrafted metalwork. Plush cushions and refined detailing make this outdoor lounge chair ideal for relaxed yet elegant outdoor living. O.W. Lee is renowned for its exceptional quality, supported by an industry-leading warranty. Our frames are covered by a 20-year structural warranty, and the finish is guaranteed against fading, blistering, and peeling for 5 years. Cushions and fabrics are also backed by a 5-year warranty. With a selection of 10 elegant frame finishes and over 100 fabric options, customers can easily customize each piece to seamlessly complement their individual style.",Weight: 60 lbs,https://www.owlee.com/wp-content/uploads/2025/09/San-Cristobal_Retail_SpecSheet_2026_695-CC-Lounge-Chair.pdf,https://www.owlee.com/collections/san-cristobal/lounge-chair-san-cristobal
San Cristobal,San Cristobal Spring Base Lounge Chair,695-SB,Wrought Iron,"The O.W. Lee San Cristóbal Spring Base Lounge Chair enhances comfort with subtle movement while preserving the collection’s ornate character. Its spring base adds flexibility, making it a luxurious choice for leisurely outdoor seating. O.W. Lee is renowned for its exceptional quality, supported by an industry-leading warranty. Our frames are covered by a 20-year structural warranty, and the finish is guaranteed against fading, blistering, and peeling for 5 years. Cushions and fabrics are also backed by a 5-year warranty. With a selection of 10 elegant frame finishes and over 100 fabric options, customers can easily customize each piece to seamlessly complement their individual style.",Weight: 80 lbs,https://www.owlee.com/wp-content/uploads/2025/09/San-Cristobal_Retail_SpecSheet_2026_695-SB-Spring-Base-Lounge-Chair.pdf,https://www.owlee.com/collections/san-cristobal/spring-base-lounge-chair-san-cristobal
San Cristobal,San Cristobal Swivel Rocker Lounge Chair,695-SR,Wrought Iron,"The O.W. Lee San Cristóbal Swivel Rocker Lounge Chair blends artistic craftsmanship with smooth motion. Swivel and gentle rocking combine with intricate scrollwork to create a lounge chair that is both expressive and exceptionally comfortable. O.W. Lee is renowned for its exceptional quality, supported by an industry-leading warranty. Our frames are covered by a 20-year structural warranty, and the finish is guaranteed against fading, blistering, and peeling for 5 years. Cushions and fabrics are also backed by a 5-year warranty. With a selection of 10 elegant frame finishes and over 100 fabric options, customers can easily customize each piece to seamlessly complement their individual style.",Weight: 80 lbs,https://www.owlee.com/wp-content/uploads/2025/09/San-Cristobal_Retail_SpecSheet_2026_695-SR-Swivel-Rocker-Lounge-Chair.pdf,https://www.owlee.com/collections/san-cristobal/swivel-rocker-lounge-chair-san-cristobal
San Cristobal,San Cristobal Love Seat,695-2S,Wrought Iron,"The O.W. Lee San Cristóbal Love Seat offers intimate seating infused with Old World charm. Its elegant curves and decorative metal details create a welcoming focal point for refined outdoor conversations. Quality & Customization O.W. Lee is renowned for its exceptional quality, supported by an industry-leading warranty. Our frames are covered by a 20-year structural warranty, and the finish is guaranteed against fading, blistering, and peeling for 5 years. Cushions and fabrics are also backed by a 5-year warranty. With a selection of 10 elegant frame finishes and over 100 fabric options, customers can easily customize each piece to seamlessly complement their individual style.",Weight: 121 lbs,https://www.owlee.com/wp-content/uploads/2025/09/San-Cristobal_Retail_SpecSheet_2026_695-2S-Love-Seat.pdf,https://www.owlee.com/collections/san-cristobal/love-seat-san-cristobal
San Cristobal,San Cristobal Sofa,695-3S,Wrought Iron,"The O.W. Lee San Cristóbal Sofa delivers spacious comfort framed by Spanish Baroque artistry. Hand-forged detailing and generous cushions make this outdoor sofa a statement piece for sophisticated outdoor environments. O.W. Lee is renowned for its exceptional quality, supported by an industry-leading warranty. Our frames are covered by a 20-year structural warranty, and the finish is guaranteed against fading, blistering, and peeling for 5 years. Cushions and fabrics are also backed by a 5-year warranty. With a selection of 10 elegant frame finishes and over 100 fabric options, customers can easily customize each piece to seamlessly complement their individual style.",Weight: 170 lbs,https://www.owlee.com/wp-content/uploads/2025/09/San-Cristobal_Retail_SpecSheet_2026_695-3S-Sofa.pdf,https://www.owlee.com/collections/san-cristobal/sofa-san-cristobal
San Cristobal,San Cristobal Right Sectional,692-R,Wrought Iron,"The O.W. Lee San Cristóbal Sectional allows for flexible seating arrangements while maintaining the collection’s ornate elegance. Flowing lines and detailed craftsmanship create a cohesive, luxurious outdoor seating experience. O.W. Lee is renowned for its exceptional quality, supported by an industry-leading warranty. Our frames are covered by a 20-year structural warranty, and the finish is guaranteed against fading, blistering, and peeling for 5 years. Cushions and fabrics are also backed by a 5-year warranty. With a selection of 10 elegant frame finishes and over 100 fabric options, customers can easily customize each piece to seamlessly complement their individual style.",Weight: 130 lbs,https://www.owlee.com/wp-content/uploads/2025/09/San-Cristobal_Retail_SpecSheet_2026_692-R-Right-Sectional.pdf,https://www.owlee.com/collections/san-cristobal/right-sectional-san-cristobal
San Cristobal,San Cristobal Center Sectional,692-C,Wrought Iron,"The O.W. Lee San Cristóbal Sectional allows for flexible seating arrangements while maintaining the collection’s ornate elegance. Flowing lines and detailed craftsmanship create a cohesive, luxurious outdoor seating experience. O.W. Lee is renowned for its exceptional quality, supported by an industry-leading warranty. Our frames are covered by a 20-year structural warranty, and the finish is guaranteed against fading, blistering, and peeling for 5 years. Cushions and fabrics are also backed by a 5-year warranty. With a selection of 10 elegant frame finishes and over 100 fabric options, customers can easily customize each piece to seamlessly complement their individual style.",Weight: 124 lbs,https://www.owlee.com/wp-content/uploads/2025/09/San-Cristobal_Retail_SpecSheet_2026_692-C-Center-Sectional.pdf,https://www.owlee.com/collections/san-cristobal/center-sectional-san-cristobal
San Cristobal,San Cristobal Left Sectional,692-L,Wrought Iron,"The O.W. Lee San Cristóbal Sectional allows for flexible seating arrangements while maintaining the collection’s ornate elegance. Flowing lines and detailed craftsmanship create a cohesive, luxurious outdoor seating experience. O.W. Lee is renowned for its exceptional quality, supported by an industry-leading warranty. Our frames are covered by a 20-year structural warranty, and the finish is guaranteed against fading, blistering, and peeling for 5 years. Cushions and fabrics are also backed by a 5-year warranty. With a selection of 10 elegant frame finishes and over 100 fabric options, customers can easily customize each piece to seamlessly complement their individual style.",Weight: 130 lbs,https://www.owlee.com/wp-content/uploads/2025/09/San-Cristobal_Retail_SpecSheet_2026_692-R-Right-Sectional-1.pdf,https://www.owlee.com/collections/san-cristobal/left-sectional-san-cristobal
San Cristobal,San Cristobal Ottoman,696-O,Wrought Iron,"The O.W. Lee San Cristóbal Ottoman adds versatility and comfort to seating groupings. Its sculpted frame and plush cushion echo the collection’s Old World influence while serving as a functional accent piece. O.W. Lee is renowned for its exceptional quality, supported by an industry-leading warranty. Our frames are covered by a 20-year structural warranty, and the finish is guaranteed against fading, blistering, and peeling for 5 years. Cushions and fabrics are also backed by a 5-year warranty. With a selection of 10 elegant frame finishes and over 100 fabric options, customers can easily customize each piece to seamlessly complement their individual style.",Weight: 34 lbs,https://www.owlee.com/wp-content/uploads/2025/09/San-Cristobal_Retail_SpecSheet_2026_696-O-Ottoman.pdf,https://www.owlee.com/collections/san-cristobal/ottoman-san-cristobal
San Cristobal,San Cristobal Chaise Lounge,699-CHW,Wrought Iron,"The O.W. Lee San Cristóbal Chaise offers elegant relaxation inspired by historic Spanish design. Flowing contours and refined detailing make this outdoor chaise lounge a graceful addition to patios, poolsides, and garden retreats. O.W. Lee is renowned for its exceptional quality, supported by an industry-leading warranty. Our frames are covered by a 20-year structural warranty, and the finish is guaranteed against fading, blistering, and peeling for 5 years. Cushions and fabrics are also backed by a 5-year warranty. With a selection of 10 elegant frame finishes and over 100 fabric options, customers can easily customize each piece to seamlessly complement their individual style.",Weight: 106 lbs,https://www.owlee.com/wp-content/uploads/2025/09/San-Cristobal_Retail_SpecSheet_2026_699-CH-Chaise.pdf,https://www.owlee.com/collections/san-cristobal/chaise-lounge-san-cristobal
San Cristobal,San Cristobal Side Chair,651-S,Wrought Iron,"The O.W. Lee San Cristóbal Dining Side Chair reflects the elegance of Spanish Baroque design through graceful curves and refined detailing. Inspired by Old Havana architecture, this outdoor dining side chair offers timeless beauty and artisanal craftsmanship for sophisticated outdoor dining spaces. O.W. Lee is renowned for its exceptional quality, supported by an industry-leading warranty. Our frames are covered by a 20-year structural warranty, and the finish is guaranteed against fading, blistering, and peeling for 5 years. Cushions and fabrics are also backed by a 5-year warranty. With a selection of 10 elegant frame finishes and over 100 fabric options, customers can easily customize each piece to seamlessly complement their individual style.",Weight: 35 lbs,https://www.owlee.com/wp-content/uploads/2025/09/San-Cristobal_Retail_SpecSheet_2026_651-S-Side-Chair.pdf,https://www.owlee.com/collections/san-cristobal/side-chair-san-cristobal
San Cristobal,San Cristobal Dining Arm Chair,653-A,Wrought Iron,"The O.W. Lee San Cristóbal Dining Arm Chair blends flowing lines with supportive comfort. Intricate metalwork and classic proportions evoke Spanish Baroque artistry, creating an outdoor dining arm chair that feels both luxurious and inviting. O.W. Lee is renowned for its exceptional quality, supported by an industry-leading warranty. Our frames are covered by a 20-year structural warranty, and the finish is guaranteed against fading, blistering, and peeling for 5 years. Cushions and fabrics are also backed by a 5-year warranty. With a selection of 10 elegant frame finishes and over 100 fabric options, customers can easily customize each piece to seamlessly complement their individual style.",Weight: 45 lbs,https://www.owlee.com/wp-content/uploads/2025/09/San-Cristobal_Retail_SpecSheet_2026_653-A-Dining-Arm-Chair.pdf,https://www.owlee.com/collections/san-cristobal/dining-chair-san-cristobal
San Cristobal,San Cristobal Swivel Rocker Dining Chair,653-SR,Wrought Iron,"The O.W. Lee San Cristóbal Swivel Rocker Dining Arm Chair enhances traditional elegance with smooth swivel and gentle rocking motion. Ornate detailing and graceful curves bring movement and comfort to refined outdoor dining settings. O.W. Lee is renowned for its exceptional quality, supported by an industry-leading warranty. Our frames are covered by a 20-year structural warranty, and the finish is guaranteed against fading, blistering, and peeling for 5 years. Cushions and fabrics are also backed by a 5-year warranty. With a selection of 10 elegant frame finishes and over 100 fabric options, customers can easily customize each piece to seamlessly complement their individual style.",Weight: 52 lbs,https://www.owlee.com/wp-content/uploads/2025/09/San-Cristobal_Retail_SpecSheet_2026_653-SR-Swivel-Rocker-Dining-Arm-Chair.pdf,https://www.owlee.com/collections/san-cristobal/swivel-rocker-dining-chair-san-cristobal
San Cristobal,San Cristobal Armless Swivel Counter Stool,651-SCS,Wrought Iron,"The O.W. Lee San Cristóbal Armless Swivel Counter Stool offers elevated seating with a lighter, open profile. Its sculpted frame and handcrafted details reflect Old World influence while providing modern swivel functionality. O.W. Lee is renowned for its exceptional quality, supported by an industry-leading warranty. Our frames are covered by a 20-year structural warranty, and the finish is guaranteed against fading, blistering, and peeling for 5 years. Cushions and fabrics are also backed by a 5-year warranty. With a selection of 10 elegant frame finishes and over 100 fabric options, customers can easily customize each piece to seamlessly complement their individual style.",Weight: 46 lbs,https://www.owlee.com/wp-content/uploads/2025/09/San-Cristobal_Retail_SpecSheet_2026_651-SCS-Armless-Swivel-Counter-Stool.pdf,https://www.owlee.com/collections/san-cristobal/san-cristobal-armless-swivel-counter-stool
San Cristobal,San Cristobal Swivel Counter Stool,653-SCS,Wrought Iron,"The O.W. Lee San Cristóbal Swivel Counter Stool adds supportive arms and graceful curves to elevated seating. Its hand-forged appearance and smooth swivel motion deliver both comfort and Old World sophistication. O.W. Lee is renowned for its exceptional quality, supported by an industry-leading warranty. Our frames are covered by a 20-year structural warranty, and the finish is guaranteed against fading, blistering, and peeling for 5 years. Cushions and fabrics are also backed by a 5-year warranty. With a selection of 10 elegant frame finishes and over 100 fabric options, customers can easily customize each piece to seamlessly complement their individual style.",Weight: 56 lbs,https://www.owlee.com/wp-content/uploads/2025/09/San-Cristobal_Retail_SpecSheet_2026_653-SCS-Swivel-Counter-Stool.pdf,https://www.owlee.com/collections/san-cristobal/swivel-counter-stool-san-cristobal
San Cristobal,San Cristobal Armless Swivel Bar Stool,651-SBS,Wrought Iron,"The O.W. Lee San Cristóbal Armless Swivel Bar Stool pairs elegant scrollwork with a refined silhouette. Designed for comfort and visual impact, this outdoor bar stool brings Spanish Baroque charm to bar-height seating areas. O.W. Lee is renowned for its exceptional quality, supported by an industry-leading warranty. Our frames are covered by a 20-year structural warranty, and the finish is guaranteed against fading, blistering, and peeling for 5 years. Cushions and fabrics are also backed by a 5-year warranty. With a selection of 10 elegant frame finishes and over 100 fabric options, customers can easily customize each piece to seamlessly complement their individual style.",Weight: 48 lbs,https://www.owlee.com/wp-content/uploads/2025/09/San-Cristobal_Retail_SpecSheet_2026_651-SBS-Armless-Swivel-Bar-Stool.pdf,https://www.owlee.com/collections/san-cristobal/armless-swivel-bar-stool-san-cristobal
San Cristobal,San Cristobal Swivel Bar Stool,653-SBS,Wrought Iron,"The O.W. Lee San Cristóbal Swivel Bar Stool combines ornate detailing with a commanding presence. Designed to echo the artistry of Spanish Baroque architecture, this outdoor swivel bar stool brings elegance and ease to bar-height entertaining. O.W. Lee is renowned for its exceptional quality, supported by an industry-leading warranty. Our frames are covered by a 20-year structural warranty, and the finish is guaranteed against fading, blistering, and peeling for 5 years. Cushions and fabrics are also backed by a 5-year warranty. With a selection of 10 elegant frame finishes and over 100 fabric options, customers can easily customize each piece to seamlessly complement their individual style.",Weight: 57 lbs,https://www.owlee.com/wp-content/uploads/2025/09/San-Cristobal_Retail_SpecSheet_2026_653-SBS-Swivel-Bar-Stool.pdf,https://www.owlee.com/collections/san-cristobal/swivel-bar-stool-san-cristobal
San Cristobal,San Cristobal 01 Side Table Base,6-ST01,Wrought Iron,"Designed to support a variety of table tops with strength and stability, these bases are built to last, with a durable finish that resists fading, blistering, and peeling. Backed by O.W. Lee’s 20-year structural warranty and 5-year finish guarantee, the San Cristóbal table bases combine timeless beauty with enduring performance.",Weight: 29 lbs,,https://www.owlee.com/collections/table-bases/01-side-table-base-san-cristobal
San Cristobal,San Cristobal 05 Occasional Table Base,6-OT05,Wrought Iron,"Designed to support a variety of table tops with strength and stability, these bases are built to last, with a durable finish that resists fading, blistering, and peeling. Backed by O.W. Lee’s 20-year structural warranty and 5-year finish guarantee, the San Cristóbal table bases combine timeless beauty with enduring performance.",Weight: 49 lbs,,https://www.owlee.com/collections/table-bases/05-occasional-table-base-san-cristobal
San Cristobal,San Cristobal 03 Occasional Table Base,6-OT03,Wrought Iron,"Fits table tops: 36"" Square, 42"" Round, 42"" Square, 54"" Round",Weight: 42 lbs,,https://www.owlee.com/collections/san-cristobal/03-occasional-table-base-san-cristobal
San Cristobal,San Cristobal 07 Dining Table Base,6-DT07,Wrought Iron,"Designed to support a variety of table tops with strength and stability, these bases are built to last, with a durable finish that resists fading, blistering, and peeling. Backed by O.W. Lee’s 20-year structural warranty and 5-year finish guarantee, the San Cristóbal table bases combine timeless beauty with enduring performance.",Packaged Weight: 135 lbs,,https://www.owlee.com/collections/san-cristobal/07-dining-table-base-san-cristobal
San Cristobal,San Cristobal 03 Dining Table Base,6-DT03,Wrought Iron,"Fits table tops: 36"" Square, 42"" Round, 42"" Square, 54"" Round",Packaged Weight: 78 lbs,,https://www.owlee.com/collections/san-cristobal/03-dining-table-base-san-cristobal
Arc,Arc Lounge Chair,34184-CC,Aluminum,"The O.W. Lee Arc Lounge Chair embodies relaxed sophistication through sculpted curves and a minimalist aesthetic. Designed for comfort and visual impact, this outdoor lounge chair offers a modern retreat for patios, terraces, and poolside spaces. O.W. Lee is renowned for its exceptional quality, supported by an industry-leading warranty. Our frames are covered by a 20-year structural warranty, and the finish is guaranteed against fading, blistering, and peeling for 5 years. Cushions and fabrics are also backed by a 5-year warranty. With a selection of 10 elegant frame finishes and over 100 fabric options, including 16 sling fabrics, customers can easily customize each piece to seamlessly complement their individual style.",Weight: 57 lbs,https://www.owlee.com/wp-content/uploads/2024/07/ARC_Retail_SpecSheet_2026_34184-CC-Lounge-Chair.pdf,https://www.owlee.com/collections/arc/lounge-chair
Arc,Arc Swivel Rocker Lounge Chair,34184-SR,Aluminum,"The O.W. Lee Arc Swivel Rocker Lounge Chair adds fluid motion to modern outdoor relaxation. Smooth swivel and gentle rocking complement the collection’s flowing design language, creating a lounge chair that feels both dynamic and serene. O.W. Lee is renowned for its exceptional quality, supported by an industry-leading warranty. Our frames are covered by a 20-year structural warranty, and the finish is guaranteed against fading, blistering, and peeling for 5 years. Cushions and fabrics are also backed by a 5-year warranty. With a selection of 10 elegant frame finishes and over 100 fabric options, including 16 sling fabrics, customers can easily customize each piece to seamlessly complement their individual style.",Packaged Weight: 62 lbs,https://www.owlee.com/wp-content/uploads/2024/07/ARC_Retail_SpecSheet_2026_34184-SR-Swivel-Rocker-Lounge-Chair.pdf,https://www.owlee.com/collections/arc/swivel-rocker-lounge-chair
Arc,Arc Love Seat,34184-2S,Aluminum,"The O.W. Lee Arc Love Seat provides intimate seating defined by bold curves and contemporary styling. Its sculptural form and plush cushions create a refined outdoor love seat designed for comfortable conversation and modern outdoor living. O.W. Lee is renowned for its exceptional quality, supported by an industry-leading warranty. Our frames are covered by a 20-year structural warranty, and the finish is guaranteed against fading, blistering, and peeling for 5 years. Cushions and fabrics are also backed by a 5-year warranty. With a selection of 10 elegant frame finishes and over 100 fabric options, including 16 sling fabrics, customers can easily customize each piece to seamlessly complement their individual style.",Packaged Weight: 100 lbs,https://www.owlee.com/wp-content/uploads/2024/07/ARC_Retail_SpecSheet_2026_34184-2S-Love-Seat.pdf,https://www.owlee.com/collections/arc/arc-love-seat
Arc,Arc Sofa,34184-3S,Aluminum,"The O.W. Lee Arc Sofa delivers spacious seating with a sleek, modern presence. Sculpted lines and generous cushions make this outdoor sofa a striking focal point that balances luxury, comfort, and minimalist design. O.W. Lee is renowned for its exceptional quality, supported by an industry-leading warranty. Our frames are covered by a 20-year structural warranty, and the finish is guaranteed against fading, blistering, and peeling for 5 years. Cushions and fabrics are also backed by a 5-year warranty. With a selection of 10 elegant frame finishes and over 100 fabric options, including 16 sling fabrics, customers can easily customize each piece to seamlessly complement their individual style.",Packaged Weight: 138 lbs,https://www.owlee.com/wp-content/uploads/2024/07/ARC_Retail_SpecSheet_2026_34184-3S-Sofa.pdf,https://www.owlee.com/collections/arc/sofa
Arc,Arc Right Sectional,34185-R,Aluminum,"The O.W. Lee Arc Sectional offers flexible seating arrangements while maintaining the collection’s sculptural, yacht-inspired aesthetic. Modular components allow for customized layouts that enhance both comfort and visual flow. Left, Right, Center, and Corner pieces available so you can design your ideal sectional. Quality & Customization O.W. Lee is renowned for its exceptional quality, supported by an industry-leading warranty. Our frames are covered by a 20-year structural warranty, and the finish is guaranteed against fading, blistering, and peeling for 5 years. Cushions and fabrics are also backed by a 5-year warranty. With a selection of 10 elegant frame finishes and over 100 fabric options, including 16 sling fabrics, customers can easily customize each piece to seamlessly complement their individual style.",Weight: 70 lbs,https://www.owlee.com/wp-content/uploads/2025/09/ARC_Retail_SpecSheet_2026_34185-R-Right-Sectional.pdf,https://www.owlee.com/collections/arc/arc-right-sectional
Arc,Arc Center Sectional,34185-C,Aluminum,"The O.W. Lee Arc Sectional offers flexible seating arrangements while maintaining the collection’s sculptural, yacht-inspired aesthetic. Modular components allow for customized layouts that enhance both comfort and visual flow. Left, Right, Center, and Corner pieces available so you can design your ideal sectional. Quality & Customization O.W. Lee is renowned for its exceptional quality, supported by an industry-leading warranty. Our frames are covered by a 20-year structural warranty, and the finish is guaranteed against fading, blistering, and peeling for 5 years. Cushions and fabrics are also backed by a 5-year warranty. With a selection of 10 elegant frame finishes and over 100 fabric options, including 16 sling fabrics, customers can easily customize each piece to seamlessly complement their individual style.",Weight: 68 lbs,https://www.owlee.com/wp-content/uploads/2025/09/ARC_Retail_SpecSheet_2026_34185-C-Center-Sectional.pdf,https://www.owlee.com/collections/arc/arc-center-sectional
Arc,Arc Corner Sectional,34185-CR,Aluminum,"The O.W. Lee Arc Sectional offers flexible seating arrangements while maintaining the collection’s sculptural, yacht-inspired aesthetic. Modular components allow for customized layouts that enhance both comfort and visual flow. Left, Right, Center, and Corner pieces available so you can design your ideal sectional. Quality & Customization O.W. Lee is renowned for its exceptional quality, supported by an industry-leading warranty. Our frames are covered by a 20-year structural warranty, and the finish is guaranteed against fading, blistering, and peeling for 5 years. Cushions and fabrics are also backed by a 5-year warranty. With a selection of 10 elegant frame finishes and over 100 fabric options, including 16 sling fabrics, customers can easily customize each piece to seamlessly complement their individual style.",Weight: 89 lbs,https://www.owlee.com/wp-content/uploads/2025/09/ARC_Retail_SpecSheet_2026_34185-CR-Corner-Sectional.pdf,https://www.owlee.com/collections/arc/arc-corner-sectional
Arc,Arc Left Sectional,34185-L,Aluminum,"The O.W. Lee Arc Sectional offers flexible seating arrangements while maintaining the collection’s sculptural, yacht-inspired aesthetic. Modular components allow for customized layouts that enhance both comfort and visual flow. Left, Right, Center, and Corner pieces available so you can design your ideal sectional. Quality & Customization O.W. Lee is renowned for its exceptional quality, supported by an industry-leading warranty. Our frames are covered by a 20-year structural warranty, and the finish is guaranteed against fading, blistering, and peeling for 5 years. Cushions and fabrics are also backed by a 5-year warranty. With a selection of 10 elegant frame finishes and over 100 fabric options, including 16 sling fabrics, customers can easily customize each piece to seamlessly complement their individual style.",Weight: 70 lbs,https://www.owlee.com/wp-content/uploads/2025/09/ARC_Retail_SpecSheet_2026_34185-L-Left-Sectional.pdf,https://www.owlee.com/collections/arc/arc-left-sectional
Arc,Ottoman,34170-O,Aluminum,"The O.W. Lee Arc Ottoman adds versatility and comfort to Arc seating groupings. Its clean form and tailored cushion echo the collection’s modern elegance while serving as a functional accent piece. O.W. Lee is renowned for its exceptional quality, supported by an industry-leading warranty. Our frames are covered by a 20-year structural warranty, and the finish is guaranteed against fading, blistering, and peeling for 5 years. Cushions and fabrics are also backed by a 5-year warranty. With a selection of 10 elegant frame finishes and over 100 fabric options, including 16 sling fabrics, customers can easily customize each piece to seamlessly complement their individual style.",Packaged Weight: 30 lbs,https://www.owlee.com/wp-content/uploads/2024/07/ARC_Retail_SpecSheet_2026_34170-O-Ottoman.pdf,https://www.owlee.com/collections/arc/ottoman
Arc,Sling Adjustable Chaise Lounge,34198-CH,Aluminum,"The O.W. Lee Arc Sling Chaise offers streamlined relaxation with a contemporary edge. Featuring a sculpted aluminum frame and supportive sling seating, this outdoor chaise lounge reflects the collection’s nautical inspiration and minimalist design philosophy. O.W. Lee is renowned for its exceptional quality, supported by an industry-leading warranty. Our frames are covered by a 20-year structural warranty, and the finish is guaranteed against fading, blistering, and peeling for 5 years. Cushions and fabrics are also backed by a 5-year warranty. With a selection of 10 elegant frame finishes and over 100 fabric options, including 16 sling fabrics, customers can easily customize each piece to seamlessly complement their individual style.",Weight: 53 lbs,https://www.owlee.com/wp-content/uploads/2024/07/ARC_Retail_SpecSheet_2026_34198-CH-Chaise.pdf,https://www.owlee.com/collections/arc/50314-2
Arc,Dining Side Chair,3433-S,Aluminum,"The O.W. Lee Arc Dining Side Chair showcases a sculptural silhouette inspired by the sleek curves of modern yacht design. Clean lines and a minimalist form create a refined outdoor dining side chair that brings contemporary elegance to any outdoor dining setting. Quality & Customization O.W. Lee is renowned for its exceptional quality, supported by an industry-leading warranty. Our frames are covered by a 20-year structural warranty, and the finish is guaranteed against fading, blistering, and peeling for 5 years. Cushions and fabrics are also backed by a 5-year warranty. With a selection of 10 elegant frame finishes and over 100 fabric options, including 16 sling fabrics, customers can easily customize each piece to seamlessly complement their individual style.",Weight: 29 lbs,https://www.owlee.com/wp-content/uploads/2024/07/ARC_Retail_SpecSheet_3433-S-Dining-Side-Chair.pdf,https://www.owlee.com/collections/arc/dining-side-chair-aluminum-wrought-aluminum-arc
Arc,Dining Arm Chair,3433-A,Aluminum,"The O.W. Lee Arc Dining Arm Chair blends bold curves with supportive comfort. Its sculpted frame and gently contoured arms reflect the collection’s modern, nautical inspiration, creating an outdoor dining arm chair that feels both sophisticated and inviting. O.W. Lee is renowned for its exceptional quality, supported by an industry-leading warranty. Our frames are covered by a 20-year structural warranty, and the finish is guaranteed against fading, blistering, and peeling for 5 years. Cushions and fabrics are also backed by a 5-year warranty. With a selection of 10 elegant frame finishes and over 100 fabric options, including 16 sling fabrics, customers can easily customize each piece to seamlessly complement their individual style.",Weight: 30 lbs,https://www.owlee.com/wp-content/uploads/2024/07/ARC_Retail_SpecSheet_2026_3433-A-Dining-Arm-Chair.pdf,https://www.owlee.com/collections/arc/dining-arm-chair
Arc,Swivel Rocker Dining Arm Chair,3433-SR,Aluminum,"The O.W. Lee Arc Swivel Rocker Dining Arm Chair enhances contemporary dining with smooth swivel and gentle rocking motion. Flowing lines and minimalist detailing echo the collection’s yacht-inspired design while offering relaxed functionality. Quality & Customization O.W. Lee is renowned for its exceptional quality, supported by an industry-leading warranty. Our frames are covered by a 20-year structural warranty, and the finish is guaranteed against fading, blistering, and peeling for 5 years. Cushions and fabrics are also backed by a 5-year warranty. With a selection of 10 elegant frame finishes and over 100 fabric options, including 16 sling fabrics, customers can easily customize each piece to seamlessly complement their individual style.",Weight: 38 lbs,https://www.owlee.com/wp-content/uploads/2024/07/ARC_Retail_SpecSheet_2026_3433-SR-Swivel-Rocker-Dining-Arm-Chair.pdf,https://www.owlee.com/collections/arc/swivel-rocker-dining-arm-chair
Arc,Counter Stool,3433-CS,Aluminum,,Weight: 31 lbs,https://www.owlee.com/wp-content/uploads/2024/07/ARC_Retail_SpecSheet_2026_3433-CS-Counter-Stool.pdf,https://www.owlee.com/collections/arc/counter-stool
Arc,Bar Stool,3433-BS,Aluminum,"The O.W. Lee Arc Bar Stool brings contemporary elegance to bar-height seating. Its bold yet minimal form captures the essence of modern design while delivering comfortable, refined outdoor seating. O.W. Lee is renowned for its exceptional quality, supported by an industry-leading warranty. Our frames are covered by a 20-year structural warranty, and the finish is guaranteed against fading, blistering, and peeling for 5 years. Cushions and fabrics are also backed by a 5-year warranty. With a selection of 10 elegant frame finishes and over 100 fabric options, including 16 sling fabrics, customers can easily customize each piece to seamlessly complement their individual style.",Weight: 32 lbs,https://www.owlee.com/wp-content/uploads/2024/07/ARC_Retail_SpecSheet_2026_3433-BS-Bar-Stool.pdf,https://www.owlee.com/collections/arc/bar-stool
Aris,Lounge Chair,27175-CC,Aluminum,"O.W. Lee is renowned for its exceptional quality, supported by an industry-leading warranty. Our frames are covered by a 20-year structural warranty, and the finish is guaranteed against fading, blistering, and peeling for 5 years. Cushions and fabrics are also backed by a 5-year warranty. With a selection of 10 elegant frame finishes and over 100 fabric options, customers can easily customize each piece to seamlessly complement their individual style.",Weight: 58 lbs,https://www.owlee.com/wp-content/uploads/2021/11/Aris_Retail_Spec_Sheets_2026_27175-CC-Lounge-Chair.pdf,https://www.owlee.com/collections/aluminum-wrought-aluminum/aris-lounge-chair
Aris,Swivel Rocker Lounge Chair,27175-SR,Aluminum,"The O.W. Lee Aris Swivel Rocker Lounge Chair adds effortless motion to modern outdoor relaxation. Smooth swivel and gentle rocking enhance comfort while preserving the collection’s clean, retro-inspired aesthetic. O.W. Lee is renowned for its exceptional quality, supported by an industry-leading warranty. Our frames are covered by a 20-year structural warranty, and the finish is guaranteed against fading, blistering, and peeling for 5 years. Cushions and fabrics are also backed by a 5-year warranty. With a selection of 10 elegant frame finishes and over 100 fabric options, customers can easily customize each piece to seamlessly complement their individual style.",Weight: 68 lbs,https://www.owlee.com/wp-content/uploads/2021/11/Aris_Retail_Spec_Sheets_2026_27175-SR-Swivel-Rocker-Lounge-Chair.pdf,https://www.owlee.com/collections/aluminum-wrought-aluminum/aris-swivel-rocker-lounge-chair
Aris,Max Swivel Rocker Lounge Chair,27275-SR,Aluminum,"The O.W. Lee Aris Max Swivel Rocker Lounge Chair offers an expanded scale with added side cushions for enhanced comfort. Designed for those who prefer a more generous seating experience, this Max lounge chair combines Mid-Century Modern style with maximum relaxation. O.W. Lee is renowned for its exceptional quality, supported by an industry-leading warranty. Our frames are covered by a 20-year structural warranty, and the finish is guaranteed against fading, blistering, and peeling for 5 years. Cushions and fabrics are also backed by a 5-year warranty. With a selection of 10 elegant frame finishes and over 100 fabric options, customers can easily customize each piece to seamlessly complement their individual style.",Weight: 68 lbs,https://www.owlee.com/wp-content/uploads/2025/03/Aris_Retail_SpecSheet_2025_Max-Swivel-Rocker-Lounge-27275-SR.pdf,https://www.owlee.com/collections/aluminum-wrought-aluminum/aris-max-swivel-rocker-lounge-chair
Aris,Love Seat,27175-2S,Aluminum,"The O.W. Lee Aris Love Seat offers intimate seating with classic Mid-Century Modern character. Its balanced proportions, refined lines, and comfortable cushions create an inviting outdoor love seat for relaxed conversation. O.W. Lee is renowned for its exceptional quality, supported by an industry-leading warranty. Our frames are covered by a 20-year structural warranty, and the finish is guaranteed against fading, blistering, and peeling for 5 years. Cushions and fabrics are also backed by a 5-year warranty. With a selection of 10 elegant frame finishes and over 100 fabric options, customers can easily customize each piece to seamlessly complement their individual style.",,https://www.owlee.com/wp-content/uploads/2021/11/Aris_Retail_Spec_Sheets_2026_27175-2S-Love-Seat.pdf,https://www.owlee.com/collections/aluminum-wrought-aluminum/aris-love-seat
Aris,Max Love Seat,27276-2S,Aluminum,"The O.W. Lee Aris Max Love Seat elevates comfort with a larger profile and additional side cushioning. While maintaining the collection’s iconic modern lines, this Max-scale love seat provides an exceptionally inviting outdoor seating experience. O.W. Lee is renowned for its exceptional quality, supported by an industry-leading warranty. Our frames are covered by a 20-year structural warranty, and the finish is guaranteed against fading, blistering, and peeling for 5 years. Cushions and fabrics are also backed by a 5-year warranty. With a selection of 10 elegant frame finishes and over 100 fabric options, customers can easily customize each piece to seamlessly complement their individual style.",Weight: 100 lbs,https://www.owlee.com/wp-content/uploads/2021/11/Aris_Retail_Spec_Sheets_2026_27276-2S-Max-Love-Seat.pdf,https://www.owlee.com/collections/aluminum-wrought-aluminum/aris-max-love-seat
Aris,Aris Sofa,27175-3S,Aluminum,"The O.W. Lee Aris Sofa offers intimate seating for 3 with classic Mid-Century Modern character. Its balanced proportions, refined lines, and comfortable cushions create an inviting outdoor love seat for relaxed conversation. O.W. Lee is renowned for its exceptional quality, supported by an industry-leading warranty. Our frames are covered by a 20-year structural warranty, and the finish is guaranteed against fading, blistering, and peeling for 5 years. Cushions and fabrics are also backed by a 5-year warranty. With a selection of 10 elegant frame finishes and over 100 fabric options, customers can easily customize each piece to seamlessly complement their individual style.",Packaged Weight: 138 lbs,https://www.owlee.com/wp-content/uploads/2021/11/Aris_Retail_Spec_Sheets_2026_27175-3S-Sofa.pdf,https://www.owlee.com/collections/aluminum-wrought-aluminum/aris-sofa
Aris,Max Sofa,27277-3S,Aluminum,"The O.W. Lee Aris Max Sofa delivers generous proportions and enhanced comfort without sacrificing design integrity. Added side cushions and a larger scale make this Max outdoor sofa ideal for lounging in ultimate comfort while enjoying Mid-Century Modern style. O.W. Lee is renowned for its exceptional quality, supported by an industry-leading warranty. Our frames are covered by a 20-year structural warranty, and the finish is guaranteed against fading, blistering, and peeling for 5 years. Cushions and fabrics are also backed by a 5-year warranty. With a selection of 10 elegant frame finishes and over 100 fabric options, customers can easily customize each piece to seamlessly complement their individual style.",Weight: 138 lbs,https://www.owlee.com/wp-content/uploads/2021/11/Aris_Retail_Spec_Sheets_2026_27277-3S-Max-Sofa.pdf,https://www.owlee.com/collections/aluminum-wrought-aluminum/aris-max-sofa
Aris,Ottoman,27170-O,Aluminum,"The O.W. Lee Aris Ottoman adds versatility and comfort to Aris seating arrangements. Its clean-lined form complements the collection’s modern aesthetic while functioning as a footrest or additional seating option. O.W. Lee is renowned for its exceptional quality, supported by an industry-leading warranty. Our frames are covered by a 20-year structural warranty, and the finish is guaranteed against fading, blistering, and peeling for 5 years. Cushions and fabrics are also backed by a 5-year warranty. With a selection of 10 elegant frame finishes and over 100 fabric options, customers can easily customize each piece to seamlessly complement their individual style.",Weight: 27 lbs,https://www.owlee.com/wp-content/uploads/2021/11/Aris_Retail_Spec_Sheets_2026_27170-O-Ottoman.pdf,https://www.owlee.com/collections/aluminum-wrought-aluminum/aris-ottoman
Aris,Adjustable Chaise,27179-CH,Aluminum,"O.W. Lee is renowned for its exceptional quality, supported by an industry-leading warranty. Our frames are covered by a 20-year structural warranty, and the finish is guaranteed against fading, blistering, and peeling for 5 years. Cushions and fabrics are also backed by a 5-year warranty.",Weight: 83 lbs,https://www.owlee.com/wp-content/uploads/2021/11/Aris_Retail_Spec_Sheets_2026_27179-CH-Adjustable-Chaise.pdf,https://www.owlee.com/collections/aluminum-wrought-aluminum/aris-adjustable-chaise
Aris,Dining Side Chair,2731-S,Aluminum,"The O.W. Lee Aris Dining Side Chair reflects the timeless appeal of Mid-Century Modern design through clean lines and a refined, minimalist profile. Its streamlined silhouette and durable construction make it an elegant outdoor dining chair suited for contemporary and retro-inspired spaces alike. O.W. Lee is renowned for its exceptional quality, supported by an industry-leading warranty. Our frames are covered by a 20-year structural warranty, and the finish is guaranteed against fading, blistering, and peeling for 5 years. Cushions and fabrics are also backed by a 5-year warranty. With a selection of 10 elegant frame finishes and over 100 fabric options, customers can easily customize each piece to seamlessly complement their individual style.",Weight: 22 lbs,https://www.owlee.com/wp-content/uploads/2021/11/Aris_Retail_Spec_Sheets_2026_2731-S-Dining-Side-Chair.pdf,https://www.owlee.com/collections/aluminum-wrought-aluminum/aris-dining-side-chair
Aris,Dining Arm Chair,2733-A,Aluminum,"The O.W. Lee Aris Dining Arm Chair combines functional comfort with iconic Mid-Century Modern styling. Gently contoured lines and supportive arms create a welcoming outdoor dining arm chair that balances simplicity, comfort, and timeless design. O.W. Lee is renowned for its exceptional quality, supported by an industry-leading warranty. Our frames are covered by a 20-year structural warranty, and the finish is guaranteed against fading, blistering, and peeling for 5 years. Cushions and fabrics are also backed by a 5-year warranty. With a selection of 10 elegant frame finishes and over 100 fabric options, customers can easily customize each piece to seamlessly complement their individual style.",Weight: 34 lbs,https://www.owlee.com/wp-content/uploads/2021/11/Aris_Retail_Spec_Sheets_2026_2733-A-Dining-Arm-Chair.pdf,https://www.owlee.com/collections/aluminum-wrought-aluminum/aris-dining-arm-chair
Aris,Swivel Rocker Dining Arm Chair,2733-SR,Aluminum,"The O.W. Lee Aris Swivel Rocker Dining Arm Chair enhances classic dining comfort with smooth swivel and gentle rocking motion. Its clean, retro-inspired form delivers relaxed functionality while maintaining the collection’s modern, architectural aesthetic. O.W. Lee is renowned for its exceptional quality, supported by an industry-leading warranty. Our frames are covered by a 20-year structural warranty, and the finish is guaranteed against fading, blistering, and peeling for 5 years. Cushions and fabrics are also backed by a 5-year warranty. With a selection of 10 elegant frame finishes and over 100 fabric options, customers can easily customize each piece to seamlessly complement their individual style.",Weight: 41 lbs,https://www.owlee.com/wp-content/uploads/2021/11/Aris_Retail_Spec_Sheets_2026_2733-SR-Swivel-Rocker-Dining-Arm-Chair.pdf,https://www.owlee.com/collections/aluminum-wrought-aluminum/aris-swivel-rocker-dining-arm-chair
Aris,Backless Counter Stool,2731-MCS,Aluminum,"O.W. Lee is renowned for its exceptional quality, supported by an industry-leading warranty. Our frames are covered by a 20-year structural warranty, and the finish is guaranteed against fading, blistering, and peeling for 5 years. Cushions and fabrics are also backed by a 5-year warranty.",Weight: 21 lbs,https://www.owlee.com/wp-content/uploads/2021/11/Aris_Retail_Spec_Sheets_2026_2731-MCS-Backless-Counter-Stool.pdf,https://www.owlee.com/collections/aluminum-wrought-aluminum/aris-backless-counter-stool
Aris,Armless Counter Stool,2731-CS,Aluminum,"The O.W. Lee Aris Armless Counter Stool provides understated comfort with a refined, modern silhouette. Designed for versatility, this outdoor counter stool pairs clean lines with durable craftsmanship for timeless appeal. O.W. Lee is renowned for its exceptional quality, supported by an industry-leading warranty. Our frames are covered by a 20-year structural warranty, and the finish is guaranteed against fading, blistering, and peeling for 5 years. Cushions and fabrics are also backed by a 5-year warranty. With a selection of 10 elegant frame finishes and over 100 fabric options, customers can easily customize each piece to seamlessly complement their individual style.",Weight: 27 lbs,https://www.owlee.com/wp-content/uploads/2021/11/Aris_Retail_Spec_Sheets_2026_2731-CS-Armless-Counter-Stool.pdf,https://www.owlee.com/collections/aluminum-wrought-aluminum/armless-counter-stool-aluminum-wrought-aluminum-aris
Aris,Backless Bar Stool,2731-MBS,Aluminum,"The O.W. Lee Aris Backless Bar Stool brings Mid-Century Modern elegance to elevated seating. Its slim, uncluttered design emphasizes simplicity and function, making it a stylish addition to outdoor bar-height settings. O.W. Lee is renowned for its exceptional quality, supported by an industry-leading warranty. Our frames are covered by a 20-year structural warranty, and the finish is guaranteed against fading, blistering, and peeling for 5 years. Cushions and fabrics are also backed by a 5-year warranty. With a selection of 10 elegant frame finishes and over 100 fabric options, customers can easily customize each piece to seamlessly complement their individual style.",Weight: 22 lbs,https://www.owlee.com/wp-content/uploads/2021/11/Aris_Retail_Spec_Sheets_2026_2731-MBS-Backless-Bar-Stool.pdf,https://www.owlee.com/collections/aluminum-wrought-aluminum/aris-backless-bar-stool
Aris,Armless Bar Stool,2731-BS,Aluminum,"The O.W. Lee Aris Armless Bar Stool combines contemporary comfort with retro-inspired styling. Clean lines and a supportive seat create a refined outdoor bar stool designed for both casual and sophisticated environments. O.W. Lee is renowned for its exceptional quality, supported by an industry-leading warranty. Our frames are covered by a 20-year structural warranty, and the finish is guaranteed against fading, blistering, and peeling for 5 years. Cushions and fabrics are also backed by a 5-year warranty. With a selection of 10 elegant frame finishes and over 100 fabric options, customers can easily customize each piece to seamlessly complement their individual style.",Weight: 28 lbs,https://www.owlee.com/wp-content/uploads/2021/11/Aris_Retail_Spec_Sheets_2026_2731-BS.pdf,https://www.owlee.com/collections/aluminum-wrought-aluminum/aris-armless-bar-stool
Avana,Avana Crescent Sofa,65168-3S,Aluminum,"The Avana Crescent Sofa makes a statement without saying a word. With its sweeping crescent silhouette and sculptural frame, this piece is designed to anchor a space beautifully--whether gathered around a fire feature or positioned as a standalone focal point. The curved profile naturally encourages conversation, creating an intimate, inviting atmosphere while offering generous seating. Handcrafted with the signature quality and durability you expect from O.W. Lee, the Avana Crescent Sofa features a fully welded aluminum frame built to withstand the elements. Plush, tailored cushions provide exceptional comfort and long-lasting performance, available in a wide range of premium outdoor fabrics to suit any design vision. Elegant from every angle, the Avana Crescent Sofa blends refined lines with enduring construction—bringing both drama and comfort to luxury outdoor living spaces.",,,https://www.owlee.com/collections/aluminum-wrought-aluminum/avana-crescent-sofa
Avana,Padded Sling Dining Arm Chair,65192P-A,Aluminum,"The O.W. Lee Avana Padded Sling Dining Arm Chair brings modern elegance and comfort to any outdoor dining space. Its cushioned sling seat combines with a clean-lined aluminum frame to create a chair that feels refined, inviting, and perfectly suited for everyday use. Designed with both style and practicality in mind, it’s a great choice for those who want high-quality outdoor furniture at a more accessible price point without sacrificing design or durability. Quality & Customization Built with O.W. Lee’s legendary craftsmanship, this chair is made to last. The aluminum frame is backed by a 20-year structural warranty, and the finish is guaranteed for 5 years against fading, blistering, and peeling. Cushions and fabrics are also covered for 5 years, ensuring long-lasting comfort and performance outdoors. Customization is effortless. Choose from 10 elegant frame finishes and over 100 fabric options, including 16 durable sling fabrics, to create a look that fits your outdoor space perfectly. The Avana Padded Sling Dining Arm Chair delivers style, comfort, and exceptional value, making it an ideal choice for customers seeking upscale outdoor dining at a smart price.",Weight: 18 lbs,https://www.owlee.com/wp-content/uploads/2021/11/Avana_Retail_SpecSheet_2026_65192P-A-Padded-Sling-Dining-Arm-Chair.pdf,https://www.owlee.com/collections/aluminum-wrought-aluminum/avana-padded-sling-dining-arm-chair
Avana,Sling Dining Arm Chair,65192-A,Aluminum,"The O.W. Lee Avana Sling Dining Arm Chair combines modern elegance with everyday practicality, making it a standout choice for contemporary outdoor dining. Its clean lines, streamlined silhouette, and supportive sling seating provide comfort and style, while the durable aluminum frame ensures long-lasting performance. This chair is ideal for customers who want high-quality, stylish outdoor furniture at a more approachable price point. Quality & Customization Crafted with O.W. Lee’s renowned attention to detail, the frame is backed by a 20-year structural warranty, and the finish is guaranteed for 5 years against fading, blistering, and peeling. Cushions and fabrics are also covered for 5 years, giving you peace of mind alongside comfort. With 10 elegant frame finishes and over 100 fabric options, including 16 durable sling fabrics, the Avana Sling Dining Arm Chair can be easily customized to fit any outdoor style. It’s the perfect blend of contemporary design, reliable craftsmanship, and accessible luxury for outdoor living.",Weight: 18 lbs,https://www.owlee.com/wp-content/uploads/2021/11/Avana_Retail_SpecSheet_2026_65192-A-Sling-Dining-Arm.pdf,https://www.owlee.com/collections/aluminum-wrought-aluminum/avana-sling-dining-arm-chair
Avana,Padded Sling Swivel Rocker Dining Arm Chair,65192P-SR,Aluminum,"The O.W. Lee Avana Padded Sling Swivel Rocker Dining Arm Chair brings comfort, style, and effortless motion to outdoor dining. Its cushioned sling seat pairs with smooth swivel and gentle rocking action, making it perfect for long dinners, relaxed conversations, or casual gatherings. Designed for modern outdoor spaces, this chair delivers upscale comfort and quality at a more approachable price point, making premium outdoor living accessible. Quality & Customization Built with O.W. Lee’s signature craftsmanship, the aluminum frame is backed by a 20-year structural warranty, and the finish is guaranteed for 5 years against fading, blistering, and peeling. Cushions and fabrics also carry a 5-year warranty, ensuring long-lasting comfort and durability. With 10 elegant frame finishes and over 100 fabric options, including 16 durable sling fabrics, the Avana Padded Sling Swivel Rocker Dining Arm Chair can be customized to perfectly complement any outdoor setting. It’s the ideal blend of stylish design, exceptional comfort, and smart value for everyday outdoor living.",Weight: 25 lbs,https://www.owlee.com/wp-content/uploads/2021/11/Avana_Retail_SpecSheet_2026_65192P-SR-Padded-Sling-Swivel-Rocker-Chair.pdf,https://www.owlee.com/collections/aluminum-wrought-aluminum/avana-padded-sling-swivel-rocker-dining-arm-chair
Avana,Sling Swivel Rocker Dining Arm Chair,65192-SR,Aluminum,"The O.W. Lee Avana Sling Swivel Rocker Dining Arm Chair combines sleek, contemporary design with relaxed functionality, making it a perfect addition to modern outdoor dining spaces. Its smooth swivel and gentle rocking motion provide effortless comfort, while the streamlined frame keeps the chair stylish and versatile. This chair is ideal for customers who want high-quality outdoor furniture at an accessible price point without sacrificing design or durability. Quality & Customization Crafted with O.W. Lee’s renowned attention to detail, the frame is backed by a 20-year structural warranty, and the finish is guaranteed for 5 years against fading, blistering, and peeling. Cushions and fabrics are also covered for 5 years, ensuring long-lasting comfort and performance. With 10 elegant frame finishes and over 100 fabric options, including 16 durable sling fabrics, the Avana Sling Swivel Rocker Dining Arm Chair can be customized to perfectly complement any outdoor setting. It’s a smartly priced, stylish, and comfortable choice for contemporary outdoor living.",Weight: 25 lbs,https://www.owlee.com/wp-content/uploads/2021/11/Avana_Retail_SpecSheet_2026_65192-SR-Sling-Swivel-Rocker-Chair.pdf,https://www.owlee.com/collections/aluminum-wrought-aluminum/avana-sling-swivel-rocker-dining-arm-chair
Avana,Sling Adjustable Chaise with Wheels,65198-CHW,Aluminum,"The O.W. Lee Avana Sling Adjustable Chaise with Wheels offers effortless relaxation with modern versatility, making it a perfect addition to any poolside or patio setting. Its adjustable sling seat lets you find the ideal lounging position, while the durable aluminum frame and integrated wheels make moving and arranging the chaise simple and convenient. This chaise is an excellent choice for customers seeking high-quality outdoor furniture at a more accessible price point without compromising on style or durability. Quality & Customization Crafted with O.W. Lee’s renowned attention to detail, the frame is backed by a 20-year structural warranty, and the finish is guaranteed for 5 years against fading, blistering, and peeling. Cushions and fabrics are also covered for 5 years, ensuring lasting comfort and performance. With 10 elegant frame finishes and over 100 fabric options, including 16 durable sling fabrics, the Avana Sling Adjustable Chaise can be customized to perfectly complement any outdoor space. It’s a versatile, stylish, and smartly priced solution for contemporary outdoor lounging.",Weight: 37 lbs,https://www.owlee.com/wp-content/uploads/2021/11/Avana_Retail_SpecSheet_2026_65198-CHW-Sling-Chaise.pdf,https://www.owlee.com/collections/aluminum-wrought-aluminum/avana-sling-adjustable-chaise-with-wheels
Avana,Lounge Chair,65156-CC,Aluminum,"The O.W. Lee Avana Lounge Chair combines comfort, style, and modern sophistication, making it a standout piece for relaxed outdoor living. Its refined aluminum frame and plush cushions provide a welcoming seat that’s perfect for lounging, reading, or entertaining. Designed for customers who want high-quality outdoor furniture at a more approachable price point, it delivers elegance and durability without compromise. Quality & Customization Built with O.W. Lee’s renowned craftsmanship, the frame is backed by a 20-year structural warranty, and the finish is guaranteed for 5 years against fading, blistering, and peeling. Cushions and fabrics are also covered for 5 years, ensuring lasting comfort and performance. With 10 elegant frame finishes and over 100 fabric options, including 16 durable sling fabrics, the Avana Lounge Chair can be customized to seamlessly complement any outdoor setting. It’s a stylish, versatile, and smartly priced choice for contemporary outdoor living.",Weight: 35 lbs,https://www.owlee.com/wp-content/uploads/2021/11/Avana_Retail_SpecSheet_2026_65156-CC-Lounge-Chair.pdf,https://www.owlee.com/collections/aluminum-wrought-aluminum/avana-lounge-chair
Avana,Swivel Rocker Lounge Chair,65156-SR,Aluminum,"The O.W. Lee Avana Swivel Rocker Lounge Chair brings effortless motion and modern style to any outdoor space. Its smooth swivel and gentle rocking action pair perfectly with a clean-lined aluminum frame and plush cushions, creating a versatile lounge chair that’s both comfortable and inviting. This chair is an excellent choice for customers who want high-quality, stylish outdoor furniture at a more accessible price point. Quality & Customization Crafted with O.W. Lee’s signature attention to detail, the frame is backed by a 20-year structural warranty, and the finish is guaranteed for 5 years against fading, blistering, and peeling. Cushions and fabrics also carry a 5-year warranty, ensuring long-lasting comfort and durability. With 10 elegant frame finishes and over 100 fabric options, including 16 durable sling fabrics, the Avana Swivel Rocker Lounge Chair can be customized to perfectly complement any outdoor setting. It’s a stylish, functional, and smartly priced addition to contemporary outdoor living.",Weight: 45 lbs,https://www.owlee.com/wp-content/uploads/2021/11/Avana_Retail_SpecSheet_2026_65156-SR-Swivel-Rocker-Lounge-Chair.pdf,https://www.owlee.com/collections/aluminum-wrought-aluminum/avana-swivel-rocker-lounge-chair
Avana,Love Seat,65156-2S,Aluminum,"The O.W. Lee Avana Love Seat provides cozy, stylish seating for two, making it a perfect choice for intimate outdoor spaces. With clean lines, plush cushions, and a durable aluminum frame, this love seat combines modern elegance with lasting comfort. It’s an ideal option for customers seeking high-quality, thoughtfully designed outdoor furniture at a more accessible price point. Quality & Customization Built with O.W. Lee’s renowned craftsmanship, the frame is backed by a 20-year structural warranty, and the finish is guaranteed for 5 years against fading, blistering, and peeling. Cushions and fabrics are also covered for 5 years, ensuring long-lasting comfort and performance. With 10 elegant frame finishes and over 100 fabric options, including 16 durable sling fabrics, the Avana Love Seat can be easily tailored to fit any outdoor setting. It’s a stylish, versatile, and smartly priced choice for contemporary outdoor living.",Weight: 75 lbs,https://www.owlee.com/wp-content/uploads/2021/11/Avana_Retail_SpecSheet_2026_65156-2S-Love-Seat.pdf,https://www.owlee.com/collections/aluminum-wrought-aluminum/avana-love-seat
Avana,Sofa,65156-3S,Aluminum,"The O.W. Lee Avana Sofa provides spacious seating with a sleek, contemporary aesthetic. Its streamlined aluminum frame and generous cushions create a sophisticated outdoor sofa designed for comfort, versatility, and timeless style. Quality & Customization O.W. Lee is renowned for its exceptional quality, supported by an industry-leading warranty. Our frames are covered by a 20-year structural warranty, and the finish is guaranteed against fading, blistering, and peeling for 5 years. Cushions and fabrics are also backed by a 5-year warranty. With a selection of 10 elegant frame finishes and over 100 fabric options, including 16 sling fabrics, customers can easily customize each piece to seamlessly complement their individual style.",Weight: 86 lbs,https://www.owlee.com/wp-content/uploads/2025/03/Avana_Retail_SpecSheet_2025_Sofa-65156-3S.pdf,https://www.owlee.com/collections/aluminum-wrought-aluminum/avana-sofa
Avana,Ottoman,6590-O,Aluminum,"The O.W. Lee Avana Ottoman brings both comfort and versatility to any outdoor seating arrangement. Its clean-lined aluminum frame and tailored cushion make it a stylish footrest or extra seat, perfectly complementing the modern elegance of the Avana collection. This ottoman is an excellent choice for customers seeking high-quality outdoor furniture at a more accessible price point without compromising on style or durability. Quality & Customization Crafted with O.W. Lee’s renowned attention to detail, the frame is backed by a 20-year structural warranty, and the finish is guaranteed for 5 years against fading, blistering, and peeling. Cushions and fabrics also carry a 5-year warranty, ensuring long-lasting performance and comfort. With 10 elegant frame finishes and over 100 fabric options, including 16 durable sling fabrics, the Avana Ottoman can be customized to perfectly match your outdoor space. It’s a versatile, stylish, and smartly priced addition to any outdoor living area.",Weight: 25 lbs,https://www.owlee.com/wp-content/uploads/2021/11/Avana_Retail_SpecSheet_2026_6590-O-Ottoman.pdf,https://www.owlee.com/collections/aluminum-wrought-aluminum/avana-ottoman
Horizon,Horizon Lounge Chair,62109-CC,Aluminum,"The O.W. Lee Horizon Lounge Chair blends mid-century modern style with comfortable, tailored cushions and a sleek, durable aluminum frame. Ideal for relaxing or entertaining outdoors, it brings architectural sophistication to any patio or deck. Built to last with O.W. Lee craftsmanship, frames are backed by a 20-year structural warranty, finishes by a 5-year no-fade guarantee, and cushions and fabrics by a 5-year warranty. Fully customizable with 10 frame finishes and over 100 fabrics, this lounge chair delivers high-quality, long-lasting style at an affordable price.",Weight: 65 lbs,https://www.owlee.com/wp-content/uploads/2025/09/Horizon_Retail_SpecSheet_2026_Horizon-Lounge-Chair.pdf,https://www.owlee.com/collections/aluminum-wrought-aluminum/horizon-lounge-chair
Horizon,Horizon Swivel Rocker Lounge Chair,62109-SR,Aluminum,"The O.W. Lee Horizon Swivel Rocker Lounge Chair combines mid-century modern style with effortless relaxation. Its smooth swivel and gentle rocking motion make it ideal for lounging outdoors, while the sleek, geometric aluminum frame adds architectural sophistication. Tailored, weather-resistant cushions provide lasting comfort, making this chair both stylish and functional. Part of the Horizon Collection, inspired by iconic mid-century silhouettes, this versatile line includes lounge chairs, a love seat, sofa, ottoman, and matching tables. O.W. Lee’s legendary craftsmanship ensures lasting quality, with a 20-year structural warranty on frames, a 5-year guarantee on finishes, and a 5-year warranty on cushions and fabrics. With 10 frame finishes and over 100 fabric options, this chair can be fully customized to suit any style, offering high-quality, long-lasting outdoor furniture at an affordable price point.",Weight: 69 lbs,https://www.owlee.com/wp-content/uploads/2025/09/Horizon_Retail_SpecSheet_2026_Horizon-Swivel-Rocker-Lounge-Chair.pdf,https://www.owlee.com/collections/horizon/horizon-swivel-rocker-lounge-chair
Horizon,Horizon Love Seat,62109-2S,Aluminum,"The O.W. Lee Horizon Love Seat combines mid-century modern design with deep, supportive cushions and a bold, weather-resistant aluminum frame. Ideal for smaller patios or as part of a larger outdoor seating area, it delivers both comfort and lasting durability. Part of the Horizon Collection, this high-quality, long-lasting love seat is fully customizable with 10 frame finishes and over 100 fabrics—bringing stylish, durable outdoor furniture at an affordable price.",Weight: 105 lbs,,https://www.owlee.com/collections/horizon/horizon-love-seat
Horizon,Horizon Sofa,62109-3S,Aluminum,"The O.W. Lee Horizon Sofa is a striking centerpiece for luxury outdoor seating, blending mid-century modern design with lasting comfort. Its bold aluminum frame and deep, supportive cushions make it perfect for entertaining or relaxing in larger outdoor spaces. Crafted for durability and style, this sofa is backed by O.W. Lee’s renowned craftsmanship, including a 20-year structural warranty on frames, a 5-year guarantee on finishes, and a 5-year warranty on cushions and fabrics. With 10 elegant frame finishes and over 100 fabric options, the Horizon Sofa can be fully customized to suit any style, offering high-quality, long-lasting outdoor furniture at an affordable price point.",Weight: 140 lbs,,https://www.owlee.com/collections/horizon/horizon-sofa
Horizon,Horizon Ottoman,62170-O,Aluminum,"The O.W. Lee Horizon Ottoman offers a versatile and stylish complement to Horizon seating. Its durable aluminum frame and plush, weather-resistant cushion provide comfort and support while maintaining the collection’s mid-century modern aesthetic. Backed by O.W. Lee’s 20-year structural warranty, 5-year finish guarantee, and 5-year cushion and fabric warranty, this ottoman is designed for lasting performance. Fully customizable with 10 frame finishes and over 100 fabrics, it’s a practical, stylish, and affordable addition to any outdoor space.",Weight: 34 lbs,,https://www.owlee.com/collections/horizon/horizon-ottoman
Horizon,Horizon Square Side Table,62-STM20SQ,Aluminum,"The O.W. Lee Horizon Side Table pairs mid-century modern design with a durable aluminum frame, creating a perfect accent for lounge chairs, love seats, or sofas. Ideal for holding drinks, small plates, or decorative items, it adds both style and function to any patio or outdoor space. Part of the Horizon Collection, this high-quality, long-lasting side table is fully customizable with 10 frame finishes and over 100 tabletop options--delivering versatile, stylish outdoor furniture at an affordable price.",Weight: 22 lbs,https://www.owlee.com/wp-content/uploads/2025/09/Horizon_Retail_SpecSheet_2026_Horizon-Side-Table-1.pdf,https://www.owlee.com/collections/horizon-tables/horizon-square-side-table
Horizon,Horizon Occasional Table,62-OTM2846,Aluminum,"The O.W. Lee Horizon Occasional Table brings mid-century modern style and practical function to any outdoor seating area. Perfect as a coffee table or occasional table, its durable aluminum frame provides a sturdy, stylish surface for drinks, snacks, or décor. Designed to complement Horizon lounge seating, it combines architectural sophistication with lasting durability. Fully customizable with 10 frame finishes and over 100 tabletop options, this high-quality, long-lasting table delivers stylish, versatile outdoor furniture at an affordable price.",Packaged Weight: 45 lbs,https://www.owlee.com/wp-content/uploads/2025/10/Horizon_Contract_SpecSheet_2026.pdf,https://www.owlee.com/collections/horizon-tables/horizon-occasional-table
Marin,Lounge Chair,37165-CC,Aluminum,"The O.W. Lee Marin Lounge Chair embodies relaxed coastal sophistication. Its durable aluminum frame and cushioned seating make it a perfect outdoor lounge chair for patios, terraces, or poolside spaces with a modern nautical vibe. O.W. Lee is renowned for its exceptional quality, supported by an industry-leading warranty. Our frames are covered by a 20-year structural warranty, and the finish is guaranteed against fading, blistering, and peeling for 5 years. Cushions and fabrics are also backed by a 5-year warranty. With a selection of 10 elegant frame finishes and over 100 fabric options, including 16 sling fabrics, customers can easily customize each piece to seamlessly complement their individual style.",Weight: 41 lbs,https://www.owlee.com/wp-content/uploads/2025/12/Marin_Retail_SpecSheet_2026_37165-CC-Lounge-Chair.pdf,https://www.owlee.com/collections/marin/marin-lounge-chair
Marin,Swivel Rocker Lounge Chair,37165-SR,Aluminum,"The O.W. Lee Marin Swivel Rocker Lounge Chair blends motion, comfort, and coastal design. Crafted from weather-resistant aluminum with smooth swivel and gentle rocking motion, this outdoor lounge chair invites relaxation in seaside-inspired settings. O.W. Lee is renowned for its exceptional quality, supported by an industry-leading warranty. Our frames are covered by a 20-year structural warranty, and the finish is guaranteed against fading, blistering, and peeling for 5 years. Cushions and fabrics are also backed by a 5-year warranty. With a selection of 10 elegant frame finishes and over 100 fabric options, including 16 sling fabrics, customers can easily customize each piece to seamlessly complement their individual style.",Weight: 52 lbs,https://www.owlee.com/wp-content/uploads/2025/12/Marin_Retail_SpecSheet_2026_37165-SR-Swivel-Rocker-Lounge-Chair.pdf,https://www.owlee.com/collections/marin/marin-swivel-rocker-lounge-chair
Marin,Love Seat,37165-2S,Aluminum,"The O.W. Lee Marin Love Seat offers intimate seating with nautical charm. Featuring a robust aluminum frame and plush cushions, this outdoor love seat combines modern luxury with the relaxed elegance of coastal living. O.W. Lee is renowned for its exceptional quality, supported by an industry-leading warranty. Our frames are covered by a 20-year structural warranty, and the finish is guaranteed against fading, blistering, and peeling for 5 years. Cushions and fabrics are also backed by a 5-year warranty. With a selection of 10 elegant frame finishes and over 100 fabric options, including 16 sling fabrics, customers can easily customize each piece to seamlessly complement their individual style.",Weight: 73 lbs,https://www.owlee.com/wp-content/uploads/2025/12/Marin_Retail_SpecSheet_2026_37165-2S-Love-Seat.pdf,https://www.owlee.com/collections/marin/marin-love-seat
Marin,Sofa,37165-3S,Aluminum,"The O.W. Lee Marin Sofa provides spacious, stylish seating inspired by contemporary coastal design. Built with a durable aluminum frame and deep cushions, this outdoor sofa brings modern nautical sophistication to patios, decks, and seaside terraces. O.W. Lee is renowned for its exceptional quality, supported by an industry-leading warranty. Our frames are covered by a 20-year structural warranty, and the finish is guaranteed against fading, blistering, and peeling for 5 years. Cushions and fabrics are also backed by a 5-year warranty. With a selection of 10 elegant frame finishes and over 100 fabric options, including 16 sling fabrics, customers can easily customize each piece to seamlessly complement their individual style.",Weight: 100 lbs,https://www.owlee.com/wp-content/uploads/2025/12/Marin_Retail_SpecSheet_2026_37165-3S-Sofa.pdf,https://www.owlee.com/collections/marin/marin-sofa
Marin,Ottoman,37170-O,Aluminum,"The O.W. Lee Marin Ottoman complements seating in the collection while adding versatile comfort. Its sturdy aluminum frame and plush cushion make this outdoor patio ottoman perfect as a footrest or additional seating in relaxed, coastal-inspired settings. O.W. Lee is renowned for its exceptional quality, supported by an industry-leading warranty. Our frames are covered by a 20-year structural warranty, and the finish is guaranteed against fading, blistering, and peeling for 5 years. Cushions and fabrics are also backed by a 5-year warranty. With a selection of 10 elegant frame finishes and over 100 fabric options, including 16 sling fabrics, customers can easily customize each piece to seamlessly complement their individual style.",Weight: 23 lbs,https://www.owlee.com/wp-content/uploads/2025/12/Marin_Retail_SpecSheet_2026_37170-O-Ottoman.pdf,https://www.owlee.com/collections/marin/marin-ottoman
Marin,Sling Chaise Lounge Chair,37198-CH,Aluminum,"The O.W. Lee Marin Sling Adjustable Chaise invites ultimate seaside relaxation. Its breathable sling seat and corrosion-resistant aluminum frame provide adjustable comfort, perfect for sunbathing, lounging, or enjoying waterfront outdoor spaces with modern coastal style. O.W. Lee is renowned for its exceptional quality, supported by an industry-leading warranty. Our frames are covered by a 20-year structural warranty, and the finish is guaranteed against fading, blistering, and peeling for 5 years. Cushions and fabrics are also backed by a 5-year warranty. With a selection of 10 elegant frame finishes and over 100 fabric options, including 16 sling fabrics, customers can easily customize each piece to seamlessly complement their individual style.",Weight: 54 lbs,https://www.owlee.com/wp-content/uploads/2025/12/Marin_Retail_SpecSheet_2026_65198-CHW-Sling-Chaise.pdf,https://www.owlee.com/collections/marin/marin-sling-chaise-lounge-chair
Marin,Dining Side Chair,3733-S,Aluminum,"The O.W. Lee Marin Dining Side Chair offers a minimalist, coastal-inspired profile with a strong aluminum frame and comfortable seating. Ideal for casual or formal outdoor dining, this outdoor side chair embodies relaxed, modern nautical elegance. O.W. Lee is renowned for its exceptional quality, supported by an industry-leading warranty. Our frames are covered by a 20-year structural warranty, and the finish is guaranteed against fading, blistering, and peeling for 5 years. Cushions and fabrics are also backed by a 5-year warranty. With a selection of 10 elegant frame finishes and over 100 fabric options, including 16 sling fabrics, customers can easily customize each piece to seamlessly complement their individual style.",Weight: 26 lbs,https://www.owlee.com/wp-content/uploads/2025/12/Marin_Retail_SpecSheet_2026_3733-S-Dining-Side-Chair.pdf,https://www.owlee.com/collections/marin/marin-dining-side-chair
Marin,Dining Arm Chair,3733-A,Aluminum,"The O.W. Lee Marin Dining Arm Chair blends contemporary lines with the breezy charm of coastal living. Built with a lightweight yet durable aluminum frame and comfortable seating, this outdoor dining arm chair is perfect for terraces, patios, and poolside dining. O.W. Lee is renowned for its exceptional quality, supported by an industry-leading warranty. Our frames are covered by a 20-year structural warranty, and the finish is guaranteed against fading, blistering, and peeling for 5 years. Cushions and fabrics are also backed by a 5-year warranty. With a selection of 10 elegant frame finishes and over 100 fabric options, including 16 sling fabrics, customers can easily customize each piece to seamlessly complement their individual style.",Weight: 26 lbs,https://www.owlee.com/wp-content/uploads/2025/12/Marin_Retail_SpecSheet_2026_3733-A-Dining-Arm-Chair.pdf,https://www.owlee.com/collections/marin/marin-dining-arm-chair
Marin,Sling Dining Arm Chair,37192-A,Aluminum,"The O.W. Lee Marin Sling Dining Arm Chair captures the relaxed charm of coastal living with clean-lined modern design. Crafted from durable aluminum and featuring supportive sling seating, this outdoor sling dining chair brings contemporary nautical elegance to patios, terraces, and poolside dining areas. O.W. Lee is renowned for its exceptional quality, supported by an industry-leading warranty. Our frames are covered by a 20-year structural warranty, and the finish is guaranteed against fading, blistering, and peeling for 5 years. Cushions and fabrics are also backed by a 5-year warranty. With a selection of 10 elegant frame finishes and over 100 fabric options, including 16 sling fabrics, customers can easily customize each piece to seamlessly complement their individual style.",Weight: 22 lbs,https://www.owlee.com/wp-content/uploads/2025/03/Marin_Retail_SpecSheet_2025_Sling-Dining-Arm-Chair-37192-A.pdf,https://www.owlee.com/collections/marin/marin-sling-dining-arm-chair
Marin,Padded Sling Dining Arm Chair,37192P-A,Aluminum,"The O.W. Lee Marin Padded Sling Dining Arm Chair combines coastal style with enhanced comfort. Featuring cushioned sling seating and a corrosion-resistant aluminum frame, this outdoor padded sling dining chair offers modern luxury with the relaxed feel of nautical design. O.W. Lee is renowned for its exceptional quality, supported by an industry-leading warranty. Our frames are covered by a 20-year structural warranty, and the finish is guaranteed against fading, blistering, and peeling for 5 years. Cushions and fabrics are also backed by a 5-year warranty. With a selection of 10 elegant frame finishes and over 100 fabric options, including 16 sling fabrics, customers can easily customize each piece to seamlessly complement their individual style.",Weight: 22 lbs,https://www.owlee.com/wp-content/uploads/2025/03/Marin_Retail_SpecSheet_2025_Padded-Sling-Dining-Arm-37192P-A.pdf,https://www.owlee.com/collections/marin/marin-padded-sling-dining-arm-chair
Marin,Swivel Rocker Dining Chair,3733-SR,Aluminum,"The O.W. Lee Marin Swivel Rocker Dining Arm Chair offers functional coastal luxury. Featuring a smooth swivel and gentle rocking motion on a sturdy aluminum frame, this outdoor swivel dining chair enhances comfort while maintaining the collection’s modern nautical aesthetic. O.W. Lee is renowned for its exceptional quality, supported by an industry-leading warranty. Our frames are covered by a 20-year structural warranty, and the finish is guaranteed against fading, blistering, and peeling for 5 years. Cushions and fabrics are also backed by a 5-year warranty. With a selection of 10 elegant frame finishes and over 100 fabric options, including 16 sling fabrics, customers can easily customize each piece to seamlessly complement their individual style.",Weight: 37 lbs,https://www.owlee.com/wp-content/uploads/2025/12/Marin_Retail_SpecSheet_2026_3733-SR-Swivel-Rocker-Dining-Arm-Chair.pdf,https://www.owlee.com/collections/marin/marin-swivel-rocker-dining-chair
Marin,Sling Swivel Rocker Dining Arm Chair,37192-SR,Aluminum,"The O.W. Lee Marin Sling Swivel Rocker Dining Arm Chair pairs beachy sophistication with functional movement. Its aluminum frame supports smooth swivel and gentle rocking motion, while the breathable sling seat provides comfort for long seaside-inspired meals or gatherings. O.W. Lee is renowned for its exceptional quality, supported by an industry-leading warranty. Our frames are covered by a 20-year structural warranty, and the finish is guaranteed against fading, blistering, and peeling for 5 years. Cushions and fabrics are also backed by a 5-year warranty. With a selection of 10 elegant frame finishes and over 100 fabric options, including 16 sling fabrics, customers can easily customize each piece to seamlessly complement their individual style.",Weight: 35 lbs,https://www.owlee.com/wp-content/uploads/2025/12/Marin_Retail_SpecSheet_2026_37192-SR-Sling-Swivel-Rocker-Dining-Arm-Chair.pdf,https://www.owlee.com/collections/marin/marin-sling-swivel-rocker-dining-arm-chair
Marin,Padded Sling Swivel Rocker Dining Arm Chair,37192P-SR,Aluminum,"The O.W. Lee Marin Padded Sling Swivel Rocker Dining Arm Chair brings motion, comfort, and seaside-inspired style together. Its durable aluminum frame and cushioned sling seat offer a gentle rocking and swivel experience, perfect for extended outdoor dining or lounging. O.W. Lee is renowned for its exceptional quality, supported by an industry-leading warranty. Our frames are covered by a 20-year structural warranty, and the finish is guaranteed against fading, blistering, and peeling for 5 years. Cushions and fabrics are also backed by a 5-year warranty. With a selection of 10 elegant frame finishes and over 100 fabric options, including 16 sling fabrics, customers can easily customize each piece to seamlessly complement their individual style.",,https://www.owlee.com/wp-content/uploads/2025/12/Marin_Retail_SpecSheet_2026_37192P-SR-Padded-Sling-Swivel-Rocker-Dining-Arm-Chair.pdf,https://www.owlee.com/collections/marin/marin-padded-sling-swivel-rocker-dining-arm-chair
Marin,Armless Counter Stool,3733-CS,Aluminum,"The O.W. Lee Marin Armless Counter Stool brings sleek coastal style to elevated outdoor dining. Its durable aluminum frame and minimal design make it ideal for patios, terraces, or seaside bar areas, offering relaxed seating without sacrificing style. O.W. Lee is renowned for its exceptional quality, supported by an industry-leading warranty. Our frames are covered by a 20-year structural warranty, and the finish is guaranteed against fading, blistering, and peeling for 5 years. Cushions and fabrics are also backed by a 5-year warranty. With a selection of 10 elegant frame finishes and over 100 fabric options, including 16 sling fabrics, customers can easily customize each piece to seamlessly complement their individual style.",,https://www.owlee.com/wp-content/uploads/2025/12/Marin_Retail_SpecSheet_2026_3733-CS-Armless-Counter-Stool.pdf,https://www.owlee.com/collections/marin/marin-armless-counter-stool
Marin,Armless Bar Stool,3733-BS,Aluminum,"The O.W. Lee Marin Armless Bar Stool brings sleek coastal style to elevated outdoor dining. Its durable aluminum frame and minimal design make it ideal for patios, terraces, or seaside bar areas, offering relaxed seating without sacrificing style. O.W. Lee is renowned for its exceptional quality, supported by an industry-leading warranty. Our frames are covered by a 20-year structural warranty, and the finish is guaranteed against fading, blistering, and peeling for 5 years. Cushions and fabrics are also backed by a 5-year warranty. With a selection of 10 elegant frame finishes and over 100 fabric options, including 16 sling fabrics, customers can easily customize each piece to seamlessly complement their individual style.",Weight: 42 lbs,https://www.owlee.com/wp-content/uploads/2025/12/Marin_Retail_SpecSheet_2026_3733-BS-Armless-Bar-Stool.pdf,https://www.owlee.com/collections/marin/marin-armless-bar-stool
Marin,Marin Side Table,37-ST20RD,Aluminum,"The Marin 20"" Round Porcelain Tile Aluminum Side Table brings refined coastal style and everyday functionality to outdoor lounge settings. Fully welded for strength and stability, this table is designed as a complete piece. Its clean lines and balanced proportions make it an easy companion to lounge chairs, sofas, and chaises. Crafted from durable aluminum, the Marin side table resists corrosion, moisture, and weather-related wear, making it especially well suited for outdoor and coastal environments. The porcelain tile top is engineered for long-lasting performance using a three-layer construction: a porcelain surface layer that resists heat, scratches, stains, and fading; a reinforced backing layer for added strength and impact resistance; and a protective bonding layer that securely fuses the tile to the aluminum frame. This multi-layer approach ensures exceptional durability, stability, and performance in outdoor conditions. Finished in your choice of O.W. Lee’s premium finishes and with your choice of porcelain tile, this table delivers long-lasting performance with a tailored, timeless look. Best for: • Outdoor lounge and seating areas • Poolside, patio, or covered outdoor spaces • Coordinated accent tables with Marin seating Features: • Fully welded aluminum construction for long-term durability • 20"" round porcelain tile top • Weather- and corrosion-resistant materials • Available in O.W. Lee’s wide range of finishes and tiles for a custom look that matches your style",Weight: 25 lbs,,https://www.owlee.com/collections/marin/marin-side-table-table
Marin,Marin 01 Side Table Base,37-ST01,Aluminum,"The Marin Side Table Base is designed to complement seating areas with understated elegance and versatile functionality. Its balanced proportions make it ideal for supporting square or round tabletops, whether placed beside a lounge chair, sectional, or chaise. Built from high-quality aluminum, this base offers exceptional durability without unnecessary weight, making it easy to reposition while remaining stable and secure. The Marin side table base pairs seamlessly with coordinating porcelain, Dekton, or micro mesh tops, allowing you to create a cohesive look across your outdoor space. With its coastal-inspired design and long-lasting construction, this base is a smart, stylish choice for everyday outdoor living. Best for: - Outdoor lounge and seating areas - Square or round side table tops - Coastal, contemporary, or transitional spaces Fits: - 24"" Round (Porcelain, Dekton, or Micro Mesh) - 24"" Square (Porcelain or Dekton) - 30"" Round (Porcelain or Micro Mesh)",Packaged Weight: 10 lbs,,https://www.owlee.com/collections/marin-aluminum-bases/marin-side-table-base
Marin,Marin 05 Occasional Table Base,37-OT05,Aluminum,"The Marin Occasional Table is a versatile option for outdoor living areas that need both function and style. Ideal as a coffee table or accent table, this base offers a low-profile design that enhances conversation areas without overwhelming the space. Made from durable aluminum, it’s built to withstand the elements while maintaining its refined appearance season after season. The rectangular format works well with our porcelain, Dekton , or Micro Mesh tops, making it easy to coordinate with Marin seating and dining pieces. Whether used poolside or on a covered patio, this occasional table base adds practical surface space with a polished, coastal feel. Best for: • Outdoor coffee or accent tables • Rectangular tabletop applications • Coordinated lounge settings Fits: - 28x50"" (Porcelain or Micro Mesh) - 31x56"" (Dekton) - 36x58"" (Porcelain or Micro Mesh)",,,https://www.owlee.com/collections/marin-aluminum-bases/marin-occasional-table-base
Marin,Marin 03 Dining Table Base,37-DT03,Aluminum,"The Marin Dining Table Base for Square or Round Tops offers a refined foundation for intimate outdoor dining. Designed to support a variety of tabletop sizes and materials, this base combines visual lightness with structural integrity and is perfect for smaller patios, balconies, or casual dining areas. Its aluminum construction resists corrosion and weather-related wear, making it especially well-suited for coastal climates. The open, architectural design allows chairs to tuck in comfortably while maintaining excellent stability. Pair this base with one of our porcelain, Dekton, or Micro Mesh tops and select from O.W. Lee’s wide range of finishes to create a dining table that feels both tailored and timeless. Best for: • Outdoor dining with square or round tops • Compact dining spaces • Custom finish and tabletop combinations Fits: - 36” Square (Porcelain) - 42” Round (Porcelain or Micro Mesh) - 42” Square (Porcelain or Micro Mesh) - 54” Round (Porcelain, Dekton, or Micro Mesh)",Weight: 21 lbs,,https://www.owlee.com/collections/marin-aluminum-bases/marin-dining-table-base-dt03
Marin,Marin 07 Dining Table Base,37-DT07,Aluminum,"The Marin Dining Table Base for rectangular tops is designed to anchor larger outdoor dining spaces with stability and understated elegance. Its streamlined profile supports longer tabletops while maintaining the light, architectural feel that defines the Marin collection. Constructed from corrosion-resistant aluminum, this base is well suited for outdoor and coastal environments. The thoughtfully engineered design allows for comfortable chair placement and generous legroom, making it ideal for entertaining. Pair this base with one of our porcelain, Dekton, or Micro Mesh rectangular tops and select from O.W. Lee’s extensive finish options to create a dining table tailored to your space. Best for: • Larger outdoor dining settings • Rectangular dining table configurations • Entertaining and gathering spaces Fits: • 42x72” (Porcelain) • 42x84” Rectangular (Porcelain, Micro Mesh, or Dekton)",Packaged Weight: 33 lbs,,https://www.owlee.com/collections/marin-aluminum-bases/marin-dining-table-base-dt07
Studio,Lounge Chair,77186-CC,Aluminum,"The O.W. Lee Studio Lounge Chair combines minimalist design with inviting comfort. Its clean-lined aluminum frame and plush cushions create a sophisticated outdoor lounge chair that fits effortlessly into modern patios and outdoor living areas. O.W. Lee is renowned for its exceptional quality, supported by an industry-leading warranty. Our frames are covered by a 20-year structural warranty, and the finish is guaranteed against fading, blistering, and peeling for 5 years. Cushions and fabrics are also backed by a 5-year warranty. With a selection of 10 elegant frame finishes and over 100 fabric options, including 16 sling fabrics, customers can easily customize each piece to seamlessly complement their individual style.",Weight: 51 lbs,https://www.owlee.com/wp-content/uploads/2022/08/77186-SR.pdf,https://www.owlee.com/collections/studio/lounge-chair-studio
Studio,Swivel Rocker Lounge Chair,77186-SR,Aluminum,"The O.W. Lee Studio Lounge Chair combines minimalist design with inviting comfort. Its clean-lined aluminum frame and plush cushions create a sophisticated outdoor lounge chair that fits effortlessly into modern patios and outdoor living areas. O.W. Lee is renowned for its exceptional quality, supported by an industry-leading warranty. Our frames are covered by a 20-year structural warranty, and the finish is guaranteed against fading, blistering, and peeling for 5 years. Cushions and fabrics are also backed by a 5-year warranty. With a selection of 10 elegant frame finishes and over 100 fabric options, including 16 sling fabrics, customers can easily customize each piece to seamlessly complement their individual style.",Weight: 53 lbs,https://www.owlee.com/wp-content/uploads/2022/08/77186-SR.pdf,https://www.owlee.com/collections/studio/swivel-rocker-lounge-chair-studio
Studio,Love Seat,77186-2S,Aluminum,"The O.W. Lee Studio Love Seat offers streamlined seating for two with a modern, approachable feel. Built with a durable aluminum frame and comfortable cushions, this outdoor aluminum love seat is ideal for smaller spaces or paired seating arrangements. O.W. Lee is renowned for its exceptional quality, supported by an industry-leading warranty. Our frames are covered by a 20-year structural warranty, and the finish is guaranteed against fading, blistering, and peeling for 5 years. Cushions and fabrics are also backed by a 5-year warranty. With a selection of 10 elegant frame finishes and over 100 fabric options, including 16 sling fabrics, customers can easily customize each piece to seamlessly complement their individual style.",Weight: 81 lbs,https://www.owlee.com/wp-content/uploads/2022/08/77186-2S.pdf,https://www.owlee.com/collections/studio/love-seat-studio
Studio,Sofa,77186-3S,Aluminum,"The O.W. Lee Studio Sofa provides generous seating with a sleek, contemporary presence. Featuring a strong aluminum frame and deep cushions, this outdoor aluminum sofa delivers comfort, durability, and clean-lined style for modern outdoor environments. O.W. Lee is renowned for its exceptional quality, supported by an industry-leading warranty. Our frames are covered by a 20-year structural warranty, and the finish is guaranteed against fading, blistering, and peeling for 5 years. Cushions and fabrics are also backed by a 5-year warranty. With a selection of 10 elegant frame finishes and over 100 fabric options, including 16 sling fabrics, customers can easily customize each piece to seamlessly complement their individual style.",Weight: 113 lbs,https://www.owlee.com/wp-content/uploads/2022/08/77186-3S.pdf,https://www.owlee.com/collections/studio/sofa-studio
Studio,Studio Right Double Sectional,77186-2R,Aluminum,"The O.W. Lee Studio Sectional Collection allows for customized outdoor seating configurations with a clean, modern aesthetic. Featuring modular aluminum frames and plush cushions, these outdoor sectional pieces offer flexibility, comfort, and long-lasting performance for larger outdoor living spaces. O.W. Lee is renowned for its exceptional quality, supported by an industry-leading warranty. Our frames are covered by a 20-year structural warranty, and the finish is guaranteed against fading, blistering, and peeling for 5 years. Cushions and fabrics are also backed by a 5-year warranty. With a selection of 10 elegant frame finishes and over 100 fabric options, including 16 sling fabrics, customers can easily customize each piece to seamlessly complement their individual style.",Weight: 81 lbs,https://www.owlee.com/wp-content/uploads/2022/08/77186-2R.pdf,https://www.owlee.com/collections/studio/right-double-sectional-studio
Studio,Corner Sectional,77186-CR,Aluminum,"The O.W. Lee Studio Sectional Collection allows for customized outdoor seating configurations with a clean, modern aesthetic. Featuring modular aluminum frames and plush cushions, these outdoor sectional pieces offer flexibility, comfort, and long-lasting performance for larger outdoor living spaces. O.W. Lee is renowned for its exceptional quality, supported by an industry-leading warranty. Our frames are covered by a 20-year structural warranty, and the finish is guaranteed against fading, blistering, and peeling for 5 years. Cushions and fabrics are also backed by a 5-year warranty. With a selection of 10 elegant frame finishes and over 100 fabric options, including 16 sling fabrics, customers can easily customize each piece to seamlessly complement their individual style.",Weight: 60 lbs,https://www.owlee.com/wp-content/uploads/2022/08/77186-CR.pdf,https://www.owlee.com/collections/studio/corner-sectional-studio
Studio,Center Sectional,77186-C,Aluminum,"The O.W. Lee Studio Sectional Collection allows for customized outdoor seating configurations with a clean, modern aesthetic. Featuring modular aluminum frames and plush cushions, these outdoor sectional pieces offer flexibility, comfort, and long-lasting performance for larger outdoor living spaces. O.W. Lee is renowned for its exceptional quality, supported by an industry-leading warranty. Our frames are covered by a 20-year structural warranty, and the finish is guaranteed against fading, blistering, and peeling for 5 years. Cushions and fabrics are also backed by a 5-year warranty. With a selection of 10 elegant frame finishes and over 100 fabric options, including 16 sling fabrics, customers can easily customize each piece to seamlessly complement their individual style.",Weight: 44 lbs,https://www.owlee.com/wp-content/uploads/2022/08/77186-C.pdf,https://www.owlee.com/collections/studio/center-sectional-studio
Studio,Studio Left Double Sectional,77186-2L,Aluminum,"The O.W. Lee Studio Sectional Collection allows for customized outdoor seating configurations with a clean, modern aesthetic. Featuring modular aluminum frames and plush cushions, these outdoor sectional pieces offer flexibility, comfort, and long-lasting performance for larger outdoor living spaces. O.W. Lee is renowned for its exceptional quality, supported by an industry-leading warranty. Our frames are covered by a 20-year structural warranty, and the finish is guaranteed against fading, blistering, and peeling for 5 years. Cushions and fabrics are also backed by a 5-year warranty. With a selection of 10 elegant frame finishes and over 100 fabric options, including 16 sling fabrics, customers can easily customize each piece to seamlessly complement their individual style.",Weight: 81 lbs,https://www.owlee.com/wp-content/uploads/2022/08/77186-2L.pdf,https://www.owlee.com/collections/studio/left-double-sectional-studio
Studio,Bench,77187-B,Aluminum,"The O.W. Lee Studio Bench offers flexible seating with a modern, understated profile. Its durable aluminum construction and clean design make this outdoor bench a functional accent for dining tables, entry spaces, or casual gathering areas. O.W. Lee is renowned for its exceptional quality, supported by an industry-leading warranty. Our frames are covered by a 20-year structural warranty, and the finish is guaranteed against fading, blistering, and peeling for 5 years. Cushions and fabrics are also backed by a 5-year warranty. With a selection of 10 elegant frame finishes and over 100 fabric options, including 16 sling fabrics, customers can easily customize each piece to seamlessly complement their individual style.",Weight: 37 lbs,https://www.owlee.com/wp-content/uploads/2022/08/77187-B.pdf,https://www.owlee.com/collections/studio/bench-studio
Studio,Ottoman,77180-O,Aluminum,"The O.W. Lee Studio Ottoman adds versatility and comfort to Studio seating arrangements. Designed with a minimalist aluminum frame and tailored cushion, this outdoor patio ottoman functions as a footrest or additional seating. O.W. Lee is renowned for its exceptional quality, supported by an industry-leading warranty. Our frames are covered by a 20-year structural warranty, and the finish is guaranteed against fading, blistering, and peeling for 5 years. Cushions and fabrics are also backed by a 5-year warranty. With a selection of 10 elegant frame finishes and over 100 fabric options, including 16 sling fabrics, customers can easily customize each piece to seamlessly complement their individual style.",Weight: 24 lbs,https://www.owlee.com/wp-content/uploads/2022/08/77180-O.pdf,https://www.owlee.com/collections/studio/ottoman-studio
Studio,Sling Chaise Lounge,77198-CH,Aluminum,"The O.W. Lee Studio Sling Chaise Lounge is designed for relaxed outdoor lounging with a contemporary edge. Featuring a sleek aluminum frame and supportive sling fabric, this outdoor sling chaise lounge provides comfort, durability, and effortless modern style. O.W. Lee is renowned for its exceptional quality, supported by an industry-leading warranty. Our frames are covered by a 20-year structural warranty, and the finish is guaranteed against fading, blistering, and peeling for 5 years. Cushions and fabrics are also backed by a 5-year warranty. With a selection of 10 elegant frame finishes and over 100 fabric options, including 16 sling fabrics, customers can easily customize each piece to seamlessly complement their individual style.",Weight: 68 lbs,https://www.owlee.com/wp-content/uploads/2022/08/77198-CH.pdf,https://www.owlee.com/collections/studio/sling-chaise-lounge-studio
Studio,Sling Dining Arm Chair,77192-A,Aluminum,"The O.W. Lee Studio Sling Dining Chair features a modern, minimalist design with clean lines and a lightweight aluminum frame. Durable sling seating provides comfortable support and easy maintenance, making this outdoor sling dining chair ideal for contemporary patios and dining spaces. O.W. Lee is renowned for its exceptional quality, supported by an industry-leading warranty. Our frames are covered by a 20-year structural warranty, and the finish is guaranteed against fading, blistering, and peeling for 5 years. Cushions and fabrics are also backed by a 5-year warranty. With a selection of 10 elegant frame finishes and over 100 fabric options, including 16 sling fabrics, customers can easily customize each piece to seamlessly complement their individual style.",Weight: 28 lbs,https://www.owlee.com/wp-content/uploads/2021/11/77192-A.pdf,https://www.owlee.com/collections/studio/sling-dining-arm-chair-studio
Studio,Padded Sling Dining Arm Chair,77192P-A,Aluminum,"The O.W. Lee Studio Padded Sling Dining Chair adds enhanced comfort to sleek, modern outdoor dining. Combining a streamlined aluminum frame with cushioned sling seating, this outdoor padded sling dining chair offers lasting durability with a refined, contemporary look. O.W. Lee is renowned for its exceptional quality, supported by an industry-leading warranty. Our frames are covered by a 20-year structural warranty, and the finish is guaranteed against fading, blistering, and peeling for 5 years. Cushions and fabrics are also backed by a 5-year warranty. With a selection of 10 elegant frame finishes and over 100 fabric options, including 16 sling fabrics, customers can easily customize each piece to seamlessly complement their individual style.",Weight: 28 lbs,https://www.owlee.com/wp-content/uploads/2022/08/77192P-A.pdf,https://www.owlee.com/collections/studio/padded-sling-dining-arm-chair-studio
Studio,Sling Swivel Rocker Dining Arm Chair,77192-SR,Aluminum,"The O.W. Lee Studio Sling Dining Chair features a modern, minimalist design with clean lines and a lightweight aluminum frame. Durable sling seating provides comfortable support and easy maintenance, making this outdoor sling dining chair ideal for contemporary patios and dining spaces. O.W. Lee is renowned for its exceptional quality, supported by an industry-leading warranty. Our frames are covered by a 20-year structural warranty, and the finish is guaranteed against fading, blistering, and peeling for 5 years. Cushions and fabrics are also backed by a 5-year warranty. With a selection of 10 elegant frame finishes and over 100 fabric options, including 16 sling fabrics, customers can easily customize each piece to seamlessly complement their individual style.",Weight: 36 lbs,https://www.owlee.com/wp-content/uploads/2021/11/77192-SR.pdf,https://www.owlee.com/collections/studio/sling-swivel-rocker-arm-chair-studio
Studio,Padded Sling Swivel Rocker Arm Chair,77192P-SR,Aluminum,"The O.W. Lee Studio Padded Sling Dining Chair adds enhanced comfort to sleek, modern outdoor dining. Combining a streamlined aluminum frame with cushioned sling seating, this outdoor padded sling dining chair offers lasting durability with a refined, contemporary look. O.W. Lee is renowned for its exceptional quality, supported by an industry-leading warranty. Our frames are covered by a 20-year structural warranty, and the finish is guaranteed against fading, blistering, and peeling for 5 years. Cushions and fabrics are also backed by a 5-year warranty. With a selection of 10 elegant frame finishes and over 100 fabric options, including 16 sling fabrics, customers can easily customize each piece to seamlessly complement their individual style.",Weight: 36 lbs,https://www.owlee.com/wp-content/uploads/2022/08/77192P-SR.pdf,https://www.owlee.com/collections/studio/padded-sling-swivel-rocker-arm-chair-studio
Studio,Sling Counter Stool,77192-CS,Aluminum,"The O.W. Lee Studio Counter Stool brings modern functionality to elevated outdoor dining areas. Crafted from weather-resistant aluminum and available in sling or padded sling options, this outdoor counter-height stool delivers comfortable support with a clean, minimalist aesthetic. O.W. Lee is renowned for its exceptional quality, supported by an industry-leading warranty. Our frames are covered by a 20-year structural warranty, and the finish is guaranteed against fading, blistering, and peeling for 5 years. Cushions and fabrics are also backed by a 5-year warranty. With a selection of 10 elegant frame finishes and over 100 fabric options, including 16 sling fabrics, customers can easily customize each piece to seamlessly complement their individual style.",Weight: 33 lbs,https://www.owlee.com/wp-content/uploads/2021/11/77192-CS.pdf,https://www.owlee.com/collections/aluminum-wrought-aluminum/sling-counter-stool-studio
Studio,Padded Sling Counter Stool,77192P-CS,Aluminum,"The O.W. Lee Studio Counter Stool brings modern functionality to elevated outdoor dining areas. Crafted from weather-resistant aluminum and available in sling or padded sling options, this outdoor counter-height stool delivers comfortable support with a clean, minimalist aesthetic. O.W. Lee is renowned for its exceptional quality, supported by an industry-leading warranty. Our frames are covered by a 20-year structural warranty, and the finish is guaranteed against fading, blistering, and peeling for 5 years. Cushions and fabrics are also backed by a 5-year warranty. With a selection of 10 elegant frame finishes and over 100 fabric options, including 16 sling fabrics, customers can easily customize each piece to seamlessly complement their individual style.",Weight: 33 lbs,https://www.owlee.com/wp-content/uploads/2022/08/77192P-CS.pdf,https://www.owlee.com/collections/studio/padded-sling-counter-stool-studio
Studio,Sling Bar Stool,77192-BS,Aluminum,"The O.W. Lee Studio Bar Stool is designed for modern outdoor entertaining. Featuring a sleek aluminum frame and supportive sling or padded sling seating, this outdoor bar-height stool offers durability, comfort, and contemporary style for bars and gathering spaces. O.W. Lee is renowned for its exceptional quality, supported by an industry-leading warranty. Our frames are covered by a 20-year structural warranty, and the finish is guaranteed against fading, blistering, and peeling for 5 years. Cushions and fabrics are also backed by a 5-year warranty. With a selection of 10 elegant frame finishes and over 100 fabric options, including 16 sling fabrics, customers can easily customize each piece to seamlessly complement their individual style.",Weight: 35 lbs,https://www.owlee.com/wp-content/uploads/2025/03/Studio_Retail_SpecSheet_2025_Sling-Bar-Stool-77192-BS.pdf,https://www.owlee.com/collections/aluminum-wrought-aluminum/sling-bar-stool-studio
Studio,Padded Sling Bar Stool,77192P-BS,Aluminum,"The O.W. Lee Studio Bar Stool is designed for modern outdoor entertaining. Featuring a sleek aluminum frame and supportive sling or padded sling seating, this outdoor bar-height stool offers durability, comfort, and contemporary style for bars and gathering spaces. O.W. Lee is renowned for its exceptional quality, supported by an industry-leading warranty. Our frames are covered by a 20-year structural warranty, and the finish is guaranteed against fading, blistering, and peeling for 5 years. Cushions and fabrics are also backed by a 5-year warranty. With a selection of 10 elegant frame finishes and over 100 fabric options, including 16 sling fabrics, customers can easily customize each piece to seamlessly complement their individual style.",Weight: 35 lbs,https://www.owlee.com/wp-content/uploads/2022/08/77192P-BS.pdf,https://www.owlee.com/collections/studio/padded-sling-bar-stool-studio
Santorini,"28"" x 72"" Occasional Height Santorini Fire Pit",5110-2872O,Wrought Iron,"Inspired by the timeless beauty of Mediterranean architecture, the iron Santorini Fire Pit blends old-world charm with modern durability, creating a striking focal point for evening gatherings or serene solo moments. Its fully welded iron construction provides exceptional strength and stability while delivering a refined, architectural presence outdoors. Handcrafted in the USA by skilled artisans, the Santorini Fire Pit allows you to tailor every detail to suit your outdoor aesthetic. Choose from 10 elegant iron frame finishes and sixteen striking porcelain tile tops to create your ideal centerpiece. Available with either manual or electronic ignition, each unit comes propane-ready and can be easily converted to natural gas with an optional conversion kit. With two height options and six versatile sizes, Santorini adapts beautifully to any space or style.",Packaged Weight: 293 lbs,https://www.owlee.com/wp-content/uploads/2021/11/Casual-Fireside_Retail_SpecSheets_2026_5110-2872O-Santorini.pdf,https://www.owlee.com/collections/santorini/28x72-occasional-height-santorini-fire-pit
Santorini,"28"" x 72"" Chat Height Santorini Fire Pit",5110-2872C,Wrought Iron,"Inspired by the timeless beauty of Mediterranean architecture, the iron Santorini Fire Pit blends old-world charm with modern durability, creating a striking focal point for evening gatherings or serene solo moments. Its fully welded iron construction provides exceptional strength and stability while delivering a refined, architectural presence outdoors. Handcrafted in the USA by skilled artisans, the Santorini Fire Pit allows you to tailor every detail to suit your outdoor aesthetic. Choose from 10 elegant iron frame finishes and sixteen striking porcelain tile tops to create your ideal centerpiece. Available with either manual or electronic ignition, each unit comes propane-ready and can be easily converted to natural gas with an optional conversion kit. With two height options and six versatile sizes, Santorini adapts beautifully to any space or style.",Packaged Weight: 295 lbs,https://www.owlee.com/wp-content/uploads/2021/11/Casual-Fireside_Retail_SpecSheets_2026_5110-2872C-Santorini.pdf,https://www.owlee.com/collections/santorini/28-x-72-chat-height-santorini-fire-pit
Santorini,"30x50"" Occasional Height Santorini Aluminum Fire Pit",5110-3050O,Aluminum,"Inspired by the timeless beauty of Mediterranean architecture, the iron Santorini Fire Pit blends old-world charm with modern durability, creating a striking focal point for evening gatherings or serene solo moments. Its fully welded iron construction provides exceptional strength and stability while delivering a refined, architectural presence outdoors. Handcrafted in the USA by skilled artisans, the Santorini Fire Pit allows you to tailor every detail to suit your outdoor aesthetic. Choose from 10 elegant iron frame finishes and sixteen striking porcelain tile tops to create your ideal centerpiece. Available with either manual or electronic ignition, each unit comes propane-ready and can be easily converted to natural gas with an optional conversion kit. With two height options and six versatile sizes, Santorini adapts beautifully to any space or style.",Packaged Weight: 200 lbs,https://www.owlee.com/wp-content/uploads/2021/11/Casual-Fireside_Retail_SpecSheets_2026_5110-3050O-Santorini.pdf,https://www.owlee.com/collections/santorini/30x50-occasional-height-santorini-aluminum-fire-pit
Santorini,"30x50"" Chat Height Santorini Fire Pit",5110-3050C,Wrought Iron,"Inspired by the timeless beauty of Mediterranean architecture, the iron Santorini Fire Pit blends old-world charm with modern durability, creating a striking focal point for evening gatherings or serene solo moments. Its fully welded iron construction provides exceptional strength and stability while delivering a refined, architectural presence outdoors. Handcrafted in the USA by skilled artisans, the Santorini Fire Pit allows you to tailor every detail to suit your outdoor aesthetic. Choose from 10 elegant iron frame finishes and sixteen striking porcelain tile tops to create your ideal centerpiece. Available with either manual or electronic ignition, each unit comes propane-ready and can be easily converted to natural gas with an optional conversion kit. With two height options and six versatile sizes, Santorini adapts beautifully to any space or style.",Packaged Weight: 208 lbs,https://www.owlee.com/wp-content/uploads/2021/11/Casual-Fireside_Retail_SpecSheets_2026_5110-3050C-Santorini.pdf,https://www.owlee.com/collections/santorini/30x50-chat-height-santorini-fire-pit
Santorini,"30"" Rd. Chat Height Santorini Fire Pit",5110-30RDC,Wrought Iron,"Inspired by the timeless beauty of Mediterranean architecture, the iron Santorini Fire Pit blends old-world charm with modern durability, creating a striking focal point for evening gatherings or serene solo moments. Its fully welded iron construction provides exceptional strength and stability while delivering a refined, architectural presence outdoors. Handcrafted in the USA by skilled artisans, the Santorini Fire Pit allows you to tailor every detail to suit your outdoor aesthetic. Choose from 10 elegant iron frame finishes and sixteen striking porcelain tile tops to create your ideal centerpiece. Available with either manual or electronic ignition, each unit comes propane-ready and can be easily converted to natural gas with an optional conversion kit. With two height options and six versatile sizes, Santorini adapts beautifully to any space or style.",Packaged Weight: 130 lbs,https://www.owlee.com/wp-content/uploads/2021/11/Casual-Fireside_Retail_SpecSheets_2026_5110-30RDC-Santorini.pdf,https://www.owlee.com/collections/santorini/30-rd-chat-height-santorini-fire-pit
Santorini,"36"" Rd. Chat Height Santorini Fire Pit",5110-36RDC,Wrought Iron,"Inspired by the timeless beauty of Mediterranean architecture, the iron Santorini Fire Pit blends old-world charm with modern durability, creating a striking focal point for evening gatherings or serene solo moments. Its fully welded iron construction provides exceptional strength and stability while delivering a refined, architectural presence outdoors. Handcrafted in the USA by skilled artisans, the Santorini Fire Pit allows you to tailor every detail to suit your outdoor aesthetic. Choose from 10 elegant iron frame finishes and sixteen striking porcelain tile tops to create your ideal centerpiece. Available with either manual or electronic ignition, each unit comes propane-ready and can be easily converted to natural gas with an optional conversion kit. With two height options and six versatile sizes, Santorini adapts beautifully to any space or style.",Packaged Weight: 185 lbs,https://www.owlee.com/wp-content/uploads/2021/11/Casual-Fireside_Retail_SpecSheets_2026_5110-36RDC-Santorini.pdf,https://www.owlee.com/collections/santorini/36-rd-chat-height-santorini-fire-pit
Santorini,"42"" Rd. Occasional Height Santorini Aluminum Fire Pit",5110-RDO,Aluminum,"Inspired by the timeless beauty of Mediterranean architecture, the iron Santorini Fire Pit blends old-world charm with modern durability, creating a striking focal point for evening gatherings or serene solo moments. Its fully welded iron construction provides exceptional strength and stability while delivering a refined, architectural presence outdoors. Handcrafted in the USA by skilled artisans, the Santorini Fire Pit allows you to tailor every detail to suit your outdoor aesthetic. Choose from 10 elegant iron frame finishes and sixteen striking porcelain tile tops to create your ideal centerpiece. Available with either manual or electronic ignition, each unit comes propane-ready and can be easily converted to natural gas with an optional conversion kit. With two height options and six versatile sizes, Santorini adapts beautifully to any space or style.",Packaged Weight: 192 lbs,https://www.owlee.com/wp-content/uploads/2021/11/Casual-Fireside_Retail_SpecSheets_2026_5110-42RDO-Santorini.pdf,https://www.owlee.com/collections/santorini/42-rd-occasional-height-santorini-aluminum-fire-pit
Santorini,"42"" Rd. Chat Height Santorini Fire Pit",5110-42RDC,Wrought Iron,"Inspired by the timeless beauty of Mediterranean architecture, the iron Santorini Fire Pit blends old-world charm with modern durability, creating a striking focal point for evening gatherings or serene solo moments. Its fully welded iron construction provides exceptional strength and stability while delivering a refined, architectural presence outdoors. Handcrafted in the USA by skilled artisans, the Santorini Fire Pit allows you to tailor every detail to suit your outdoor aesthetic. Choose from 10 elegant iron frame finishes and sixteen striking porcelain tile tops to create your ideal centerpiece. Available with either manual or electronic ignition, each unit comes propane-ready and can be easily converted to natural gas with an optional conversion kit. With two height options and six versatile sizes, Santorini adapts beautifully to any space or style.",Packaged Weight: 198 lbs,https://www.owlee.com/wp-content/uploads/2021/11/Casual-Fireside_Retail_SpecSheets_2026_5110-42RDC-Santorini.pdf,https://www.owlee.com/collections/santorini/42-rd-chat-height-santorini-fire-pit
Santorini,"54"" Rd. Occasional Height Santorini Aluminum Fire Pit",51110-54RDO,Aluminum,"Inspired by the timeless beauty of Mediterranean architecture, the iron Santorini Fire Pit blends old-world charm with modern durability, creating a striking focal point for evening gatherings or serene solo moments. Its fully welded iron construction provides exceptional strength and stability while delivering a refined, architectural presence outdoors. Handcrafted in the USA by skilled artisans, the Santorini Fire Pit allows you to tailor every detail to suit your outdoor aesthetic. Choose from 10 elegant iron frame finishes and sixteen striking porcelain tile tops to create your ideal centerpiece. Available with either manual or electronic ignition, each unit comes propane-ready and can be easily converted to natural gas with an optional conversion kit. With two height options and six versatile sizes, Santorini adapts beautifully to any space or style.",Packaged Weight: 248 lbs,,https://www.owlee.com/collections/santorini/54-rd-occasional-height-santorini-aluminum-fire-pit
Santorini,"54"" Rd. Chat Height Santorini Fire Pit",51110-54RDC,Wrought Iron,"Inspired by the timeless beauty of Mediterranean architecture, the iron Santorini Fire Pit blends old-world charm with modern durability, creating a striking focal point for evening gatherings or serene solo moments. Its fully welded iron construction provides exceptional strength and stability while delivering a refined, architectural presence outdoors. Handcrafted in the USA by skilled artisans, the Santorini Fire Pit allows you to tailor every detail to suit your outdoor aesthetic. Choose from 10 elegant iron frame finishes and sixteen striking porcelain tile tops to create your ideal centerpiece. Available with either manual or electronic ignition, each unit comes propane-ready and can be easily converted to natural gas with an optional conversion kit. With two height options and six versatile sizes, Santorini adapts beautifully to any space or style.",Packaged Weight: 254 lbs,https://www.owlee.com/wp-content/uploads/2021/11/Casual-Fireside_Retail_SpecSheets_2026_5110-54RDC-Santorini.pdf,https://www.owlee.com/collections/santorini/54-rd-chat-height-santorini-fire-pit
Santorini,"36"" x 58"" Occasional Height Santorini Fire Pit",5110-3658O,Aluminum,"Inspired by the timeless beauty of Mediterranean architecture, the iron Santorini Fire Pit blends old-world charm with modern durability, creating a striking focal point for evening gatherings or serene solo moments. Its fully welded iron construction provides exceptional strength and stability while delivering a refined, architectural presence outdoors. Handcrafted in the USA by skilled artisans, the Santorini Fire Pit allows you to tailor every detail to suit your outdoor aesthetic. Choose from 10 elegant iron frame finishes and sixteen striking porcelain tile tops to create your ideal centerpiece. Available with either manual or electronic ignition, each unit comes propane-ready and can be easily converted to natural gas with an optional conversion kit. With two height options and six versatile sizes, Santorini adapts beautifully to any space or style.",,https://www.owlee.com/wp-content/uploads/2021/11/Casual-Fireside_Retail_SpecSheets_2026_5110-3658O-Santorini.pdf,https://www.owlee.com/collections/santorini/36-x-58-occasional-height-santorini-aluminum-fire-pit
Santorini,"36"" x 58"" Chat Height Santorini Fire Pit",5110-3658C,Wrought Iron,"Inspired by the timeless beauty of Mediterranean architecture, the iron Santorini Fire Pit blends old-world charm with modern durability, creating a striking focal point for evening gatherings or serene solo moments. Its fully welded iron construction provides exceptional strength and stability while delivering a refined, architectural presence outdoors. Handcrafted in the USA by skilled artisans, the Santorini Fire Pit allows you to tailor every detail to suit your outdoor aesthetic. Choose from 10 elegant iron frame finishes and sixteen striking porcelain tile tops to create your ideal centerpiece. Available with either manual or electronic ignition, each unit comes propane-ready and can be easily converted to natural gas with an optional conversion kit. With two height options and six versatile sizes, Santorini adapts beautifully to any space or style.",Packaged Weight: 251 lbs,https://www.owlee.com/wp-content/uploads/2021/11/Casual-Fireside_Retail_SpecSheets_2026_5110-3658C-Santorini.pdf,https://www.owlee.com/collections/santorini/36-x-58-boat-chat-height-santorini-fire-pit
Capri,"30"" x 50"" Chat Height Capri Fire Pit",5112-3050C,Aluminum,"Elevate your outdoor gatherings with the refined versatility of the O.W. Lee Capri Fire Pit Collection. Designed with clean lines and a timeless modern aesthetic, Capri steel fire pits provide inviting warmth while serving as a sophisticated focal point for patios, terraces, and outdoor living spaces. Expertly crafted in the USA, each Capri Fire Pit pairs a fully welded iron base with a durable porcelain tile top, delivering exceptional strength, stability, and long-term performance. The porcelain surface is engineered to withstand heat, moisture, and outdoor exposure while maintaining its refined appearance. With 16 distinctive porcelain tile options and 10 elegant frame finishes, Capri offers extensive customization to complement both contemporary and transitional outdoor designs. Built to last and backed by one of the best warranties in the industry, Capri fire pits reflect O.W. Lee’s uncompromising commitment to quality. The frame is protected by a 20-year structural warranty, while the finish, porcelain tiles, components, and accessories are covered for 5 years, providing confidence season after season. Designed for flexibility and reliable performance, Capri fire pits are available with manual or electronic ignition. Each unit ships propane-ready and can be easily converted to natural gas using an optional conversion kit. Offered in two height options and seven versatile sizes, the Capri Collection delivers a tailored solution for a wide range of outdoor layouts, combining craftsmanship, customization, and enduring outdoor comfort.",Packaged Weight: 208 lbs,https://www.owlee.com/wp-content/uploads/2021/11/Casual-Fireside_Retail_SpecSheets_2026_5112-3050C-Capri.pdf,https://www.owlee.com/collections/capri/30x50-chat-height-capri-fire-pit
Capri,"42"" Rd. Chat Height Capri Fire Pit",5112-42RDC,Wrought Iron,"Elevate your outdoor gatherings with the sleek sophistication of the iron O.W. Lee Capri Fire Pit Collection. Designed with clean lines and a timeless modern aesthetic, Capri fire pits bring inviting warmth, refined style, and lasting durability to any outdoor living space. Expertly crafted in the USA, each Capri Fire Pit features a fully welded iron base paired with a durable porcelain tile top. This iron construction delivers exceptional strength and stability, while the porcelain surface offers outstanding resistance to heat, moisture, and the elements. With a choice of 10 elegant iron frame finishes and sixteen distinctive porcelain tile options, Capri offers extensive customization for both contemporary and transitional outdoor designs. Designed for flexibility and performance, Capri fire pits are available with manual or electronic ignition. Every unit ships propane-ready and can be easily converted to natural gas using an optional conversion kit. Offered in two height options and six versatile sizes, the Capri Collection provides a tailored solution for a wide range of outdoor layouts.",Packaged Weight: 198 lbs,https://www.owlee.com/wp-content/uploads/2021/11/Casual-Fireside_Retail_SpecSheets_2026_5112-42RDC-Capri.pdf,https://www.owlee.com/collections/capri/42-rd-chat-height-capri-fire-pit
Capri,"30"" Rd. Chat Height Capri Fire Pit",5112-30RDC,Wrought Iron,"Elevate your outdoor gatherings with the sleek sophistication of the iron O.W. Lee Capri Fire Pit Collection. Designed with clean lines and a timeless modern aesthetic, Capri fire pits bring inviting warmth, refined style, and lasting durability to any outdoor living space. Expertly crafted in the USA, each Capri Fire Pit features a fully welded iron base paired with a durable porcelain tile top. This iron construction delivers exceptional strength and stability, while the porcelain surface offers outstanding resistance to heat, moisture, and the elements. With a choice of 10 elegant iron frame finishes and sixteen distinctive porcelain tile options, Capri offers extensive customization for both contemporary and transitional outdoor designs. Designed for flexibility and performance, Capri fire pits are available with manual or electronic ignition. Every unit ships propane-ready and can be easily converted to natural gas using an optional conversion kit. Offered in two height options and six versatile sizes, the Capri Collection provides a tailored solution for a wide range of outdoor layouts.",Packaged Weight: 128 lbs,https://www.owlee.com/wp-content/uploads/2021/11/Casual-Fireside_Retail_SpecSheets_2026_5112-30RDC-Capri.pdf,https://www.owlee.com/collections/capri/30-rd-chat-height-capri-fire-pit
Capri,"36"" Rd. Chat Height Capri Fire Pit",5112-36RDC,Wrought Iron,"Elevate your outdoor gatherings with the sleek sophistication of the iron O.W. Lee Capri Fire Pit Collection. Designed with clean lines and a timeless modern aesthetic, Capri fire pits bring inviting warmth, refined style, and lasting durability to any outdoor living space. Expertly crafted in the USA, each Capri Fire Pit features a fully welded iron base paired with a durable porcelain tile top. This iron construction delivers exceptional strength and stability, while the porcelain surface offers outstanding resistance to heat, moisture, and the elements. With a choice of 10 elegant iron frame finishes and sixteen distinctive porcelain tile options, Capri offers extensive customization for both contemporary and transitional outdoor designs. Designed for flexibility and performance, Capri fire pits are available with manual or electronic ignition. Every unit ships propane-ready and can be easily converted to natural gas using an optional conversion kit. Offered in two height options and six versatile sizes, the Capri Collection provides a tailored solution for a wide range of outdoor layouts.",Packaged Weight: 185 lbs,https://www.owlee.com/wp-content/uploads/2021/11/Casual-Fireside_Retail_SpecSheets_2026_5112-36RDC-Capri.pdf,https://www.owlee.com/collections/capri/36-rd-chat-height-capri-fire-pit
Capri,"42"" Rd. Occasional Height Capri Fire Pit",5112-42RDO,Wrought Iron,"Elevate your outdoor gatherings with the sleek sophistication of the iron O.W. Lee Capri Fire Pit Collection. Designed with clean lines and a timeless modern aesthetic, Capri fire pits bring inviting warmth, refined style, and lasting durability to any outdoor living space. Expertly crafted in the USA, each Capri Fire Pit features a fully welded iron base paired with a durable porcelain tile top. This iron construction delivers exceptional strength and stability, while the porcelain surface offers outstanding resistance to heat, moisture, and the elements. With a choice of 10 elegant iron frame finishes and sixteen distinctive porcelain tile options, Capri offers extensive customization for both contemporary and transitional outdoor designs. Designed for flexibility and performance, Capri fire pits are available with manual or electronic ignition. Every unit ships propane-ready and can be easily converted to natural gas using an optional conversion kit. Offered in two height options and six versatile sizes, the Capri Collection provides a tailored solution for a wide range of outdoor layouts.",Packaged Weight: 192 lbs,https://www.owlee.com/wp-content/uploads/2021/11/Casual-Fireside_Retail_SpecSheets_2026_5112-42RDO-Capri.pdf,https://www.owlee.com/collections/capri/42-rd-occasional-height-capri-fire-pit
Capri,"54"" Rd. Occasional Height Capri Fire Pit",5112-54RDO,Wrought Iron,"Elevate your outdoor gatherings with the sleek sophistication of the iron O.W. Lee Capri Fire Pit Collection. Designed with clean lines and a timeless modern aesthetic, Capri fire pits bring inviting warmth, refined style, and lasting durability to any outdoor living space. Expertly crafted in the USA, each Capri Fire Pit features a fully welded iron base paired with a durable porcelain tile top. This iron construction delivers exceptional strength and stability, while the porcelain surface offers outstanding resistance to heat, moisture, and the elements. With a choice of 10 elegant iron frame finishes and sixteen distinctive porcelain tile options, Capri offers extensive customization for both contemporary and transitional outdoor designs. Designed for flexibility and performance, Capri fire pits are available with manual or electronic ignition. Every unit ships propane-ready and can be easily converted to natural gas using an optional conversion kit. Offered in two height options and six versatile sizes, the Capri Collection provides a tailored solution for a wide range of outdoor layouts.",Packaged Weight: 248 lbs,https://www.owlee.com/wp-content/uploads/2021/11/Casual-Fireside_Retail_SpecSheets_2026_5112-54RDO-Capri.pdf,https://www.owlee.com/collections/capri/54-rd-occasional-height-capri-fire-pit
Capri,"54"" Rd. Chat Height Capri Fire Pit",5112-54RDC,Wrought Iron,"Elevate your outdoor gatherings with the sleek sophistication of the iron O.W. Lee Capri Fire Pit Collection. Designed with clean lines and a timeless modern aesthetic, Capri fire pits bring inviting warmth, refined style, and lasting durability to any outdoor living space. Expertly crafted in the USA, each Capri Fire Pit features a fully welded iron base paired with a durable porcelain tile top. This iron construction delivers exceptional strength and stability, while the porcelain surface offers outstanding resistance to heat, moisture, and the elements. With a choice of 10 elegant iron frame finishes and sixteen distinctive porcelain tile options, Capri offers extensive customization for both contemporary and transitional outdoor designs. Designed for flexibility and performance, Capri fire pits are available with manual or electronic ignition. Every unit ships propane-ready and can be easily converted to natural gas using an optional conversion kit. Offered in two height options and six versatile sizes, the Capri Collection provides a tailored solution for a wide range of outdoor layouts.",Packaged Weight: 254 lbs,https://www.owlee.com/wp-content/uploads/2021/11/Casual-Fireside_Retail_SpecSheets_2026_5112-54RDC-Capri.pdf,https://www.owlee.com/collections/capri/54-rd-chat-height-capri-fire-pit
Capri,"30"" x 50"" Occasional Height Capri Fire Pit",5112-3050O,Wrought Iron,"Elevate your outdoor gatherings with the sleek sophistication of the iron O.W. Lee Capri Fire Pit Collection. Designed with clean lines and a timeless modern aesthetic, Capri fire pits bring inviting warmth, refined style, and lasting durability to any outdoor living space. Expertly crafted in the USA, each Capri Fire Pit features a fully welded iron base paired with a durable porcelain tile top. This iron construction delivers exceptional strength and stability, while the porcelain surface offers outstanding resistance to heat, moisture, and the elements. With a choice of 10 elegant iron frame finishes and sixteen distinctive porcelain tile options, Capri offers extensive customization for both contemporary and transitional outdoor designs. Designed for flexibility and performance, Capri fire pits are available with manual or electronic ignition. Every unit ships propane-ready and can be easily converted to natural gas using an optional conversion kit. Offered in two height options and six versatile sizes, the Capri Collection provides a tailored solution for a wide range of outdoor layouts.",Packaged Weight: 200 lbs,https://www.owlee.com/wp-content/uploads/2021/11/Casual-Fireside_Retail_SpecSheets_2026_5112-3050O-Capri.pdf,https://www.owlee.com/collections/capri/30x50-occasional-height-capri-fire-pit-casual-fireside-capri
Capri,"28"" x 72"" Occasional Height Capri Fire Pit",5112-2872O,Wrought Iron,"Elevate your outdoor gatherings with the sleek sophistication of the iron O.W. Lee Capri Fire Pit Collection. Designed with clean lines and a timeless modern aesthetic, Capri fire pits bring inviting warmth, refined style, and lasting durability to any outdoor living space. Expertly crafted in the USA, each Capri Fire Pit features a fully welded iron base paired with a durable porcelain tile top. This iron construction delivers exceptional strength and stability, while the porcelain surface offers outstanding resistance to heat, moisture, and the elements. With a choice of 10 elegant iron frame finishes and sixteen distinctive porcelain tile options, Capri offers extensive customization for both contemporary and transitional outdoor designs. Designed for flexibility and performance, Capri fire pits are available with manual or electronic ignition. Every unit ships propane-ready and can be easily converted to natural gas using an optional conversion kit. Offered in two height options and six versatile sizes, the Capri Collection provides a tailored solution for a wide range of outdoor layouts.",Packaged Weight: 293 lbs,https://www.owlee.com/wp-content/uploads/2021/11/Casual-Fireside_Retail_SpecSheets_2026_5112-2872O-Capri.pdf,https://www.owlee.com/collections/capri/28x72-occasional-height-capri-fire-pit
Capri,"28"" x 72"" Chat Height Capri Fire Pit",5112-2872C,Wrought Iron,"Elevate your outdoor gatherings with the sleek sophistication of the iron O.W. Lee Capri Fire Pit Collection. Designed with clean lines and a timeless modern aesthetic, Capri fire pits bring inviting warmth, refined style, and lasting durability to any outdoor living space. Expertly crafted in the USA, each Capri Fire Pit features a fully welded iron base paired with a durable porcelain tile top. This iron construction delivers exceptional strength and stability, while the porcelain surface offers outstanding resistance to heat, moisture, and the elements. With a choice of 10 elegant iron frame finishes and sixteen distinctive porcelain tile options, Capri offers extensive customization for both contemporary and transitional outdoor designs. Designed for flexibility and performance, Capri fire pits are available with manual or electronic ignition. Every unit ships propane-ready and can be easily converted to natural gas using an optional conversion kit. Offered in two height options and six versatile sizes, the Capri Collection provides a tailored solution for a wide range of outdoor layouts.",Packaged Weight: 295 lbs,https://www.owlee.com/wp-content/uploads/2021/11/Casual-Fireside_Retail_SpecSheets_2026_5112-2872C-Capri.pdf,https://www.owlee.com/collections/capri/28x72-chat-height-capri-fire-pit
Capri,"36"" x 58"" Occasional Height Capri Fire Pit",5112-3658O,Wrought Iron,"Elevate your outdoor gatherings with the sleek sophistication of the iron O.W. Lee Capri Fire Pit Collection. Designed with clean lines and a timeless modern aesthetic, Capri fire pits bring inviting warmth, refined style, and lasting durability to any outdoor living space. Expertly crafted in the USA, each Capri Fire Pit features a fully welded iron base paired with a durable porcelain tile top. This iron construction delivers exceptional strength and stability, while the porcelain surface offers outstanding resistance to heat, moisture, and the elements. With a choice of 10 elegant iron frame finishes and sixteen distinctive porcelain tile options, Capri offers extensive customization for both contemporary and transitional outdoor designs. Designed for flexibility and performance, Capri fire pits are available with manual or electronic ignition. Every unit ships propane-ready and can be easily converted to natural gas using an optional conversion kit. Offered in two height options and six versatile sizes, the Capri Collection provides a tailored solution for a wide range of outdoor layouts.",Packaged Weight: 243 lbs,https://www.owlee.com/wp-content/uploads/2021/11/Casual-Fireside_Retail_SpecSheets_2026_5112-3658O-Capri.pdf,https://www.owlee.com/collections/capri/36x58-occasional-height-boat-capri-fire-pit
Capri,"36"" x 58"" Capri Chat Height Fire Pit",5112-3658C,Wrought Iron,"Elevate your outdoor gatherings with the sleek sophistication of the iron O.W. Lee Capri Fire Pit Collection. Designed with clean lines and a timeless modern aesthetic, Capri fire pits bring inviting warmth, refined style, and lasting durability to any outdoor living space. Expertly crafted in the USA, each Capri Fire Pit features a fully welded iron base paired with a durable porcelain tile top. This iron construction delivers exceptional strength and stability, while the porcelain surface offers outstanding resistance to heat, moisture, and the elements. With a choice of 10 elegant iron frame finishes and sixteen distinctive porcelain tile options, Capri offers extensive customization for both contemporary and transitional outdoor designs. Designed for flexibility and performance, Capri fire pits are available with manual or electronic ignition. Every unit ships propane-ready and can be easily converted to natural gas using an optional conversion kit. Offered in two height options and six versatile sizes, the Capri Collection provides a tailored solution for a wide range of outdoor layouts.",Packaged Weight: 251 lbs,https://www.owlee.com/wp-content/uploads/2021/11/Casual-Fireside_Retail_SpecSheets_2026_5112-3658C-Capri.pdf,https://www.owlee.com/collections/capri/36-x-58-capri-chat-height-fire-pit
Phoenix,"31x56"" Chat Height Phoenix Fire Pit",5113-3156C,Wrought Iron,"The iron Phoenix Fire Pit by O.W. Lee redefines outdoor luxury with a bold modern design and the unmatched durability of Dekton®--a premium ultra-compact surface known for its resistance to heat, scratches, and weather. Its solid iron construction provides exceptional strength while anchoring the design with a refined, architectural presence. Handcrafted in the USA, Phoenix offers extensive customization with 10 elegant iron frame finishes and two sleek Dekton® tops. Available with manual or electronic ignition, each unit ships propane-ready and can be converted to natural gas with an optional kit. Offered in two heights and two sizes, the Phoenix Fire Pit delivers sculptural beauty with long-lasting iron durability.",Packaged Weight: 145 lbs,https://www.owlee.com/wp-content/uploads/2026/02/Fire-Pits_Retail_SpecSheet_2026_5113-3156O-Phoenix-Chat.pdf,https://www.owlee.com/collections/casual-fireside/30x50-chat-height-phoenix-fire-pit
Phoenix,"42"" Rd. Chat Height Phoenix Fire Pit",5113-42RDC,Wrought Iron,"The iron Phoenix Fire Pit by O.W. Lee redefines outdoor luxury with a bold modern design and the unmatched durability of Dekton®--a premium ultra-compact surface known for its resistance to heat, scratches, and weather. Its solid iron construction provides exceptional strength while anchoring the design with a refined, architectural presence. Handcrafted in the USA, Phoenix offers extensive customization with 10 elegant iron frame finishes and two sleek Dekton® tops. Available with manual or electronic ignition, each unit ships propane-ready and can be converted to natural gas with an optional kit. Offered in two heights and two sizes, the Phoenix Fire Pit delivers sculptural beauty with long-lasting iron durability.",Packaged Weight: 172 lbs,https://www.owlee.com/wp-content/uploads/2021/11/Casual-Fireside_Retail_SpecSheets_2026_Phoenix-5113-42RDC.pdf,https://www.owlee.com/collections/casual-fireside/42-rd-chat-height-phoenix-fire-pit
Phoenix,"42"" Rd. Occasional Height Phoenix Fire Pit",5123-42RDO,Wrought Iron,"The iron Phoenix Fire Pit by O.W. Lee redefines outdoor luxury with a bold modern design and the unmatched durability of Dekton®--a premium ultra-compact surface known for its resistance to heat, scratches, and weather. Its solid iron construction provides exceptional strength while anchoring the design with a refined, architectural presence. Handcrafted in the USA, Phoenix offers extensive customization with 10 elegant iron frame finishes and two sleek Dekton® tops. Available with manual or electronic ignition, each unit ships propane-ready and can be converted to natural gas with an optional kit. Offered in two heights and two sizes, the Phoenix Fire Pit delivers sculptural beauty with long-lasting iron durability.",Packaged Weight: 135 lbs,https://www.owlee.com/wp-content/uploads/2021/11/Casual-Fireside_Retail_SpecSheets_2026_Phoenix-5113-42RDO.pdf,https://www.owlee.com/collections/casual-fireside/42-rd-occasional-height-phoenix-fire-pit-casual-fireside-phoenix
Phoenix,"31"" x 56"" Occasional Height Phoenix Fire Pit",5113-3156O,,"The Phoenix Fire Pit by O.W. Lee redefines outdoor luxury with a bold, modern design and the unmatched durability of Dekton®--a premium ultra-compact surface known for its superior resistance to heat, scratches, and weather. Sophisticated and sleek, Phoenix is the perfect fusion of innovation, elegance, and enduring craftsmanship. Handcrafted in the USA by skilled artisans, the Phoenix Fire Pit offers exceptional customization to suit your outdoor aesthetic. Choose from 10 elegant frame finishes and two sleek Dekton® tops to create your ideal centerpiece. Available with either manual or electronic ignition, each unit comes propane-ready and can be easily converted to natural gas with an optional conversion kit. Available in two heights and two versatile sizes, the Phoenix fire pit makes a striking centerpiece for any outdoor living space.",Packaged Weight: 150 lbs,https://www.owlee.com/wp-content/uploads/2026/02/Fire-Pits_Retail_SpecSheet_2026_5113-3156O-Phoenix-Occ.pdf,https://www.owlee.com/collections/casual-fireside/30-x-50-occasional-height-phoenix-fire-pit
Basso,"36"" Rd. Chat Height Basso Fire Pit",5150-36RDC,Aluminum,"Sleek, grounded, and effortlessly modern, the Basso Fire Pit by O.W. Lee brings a bold architectural presence to contemporary outdoor spaces. Its minimalist, sculptural design features a wide, shallow aluminum bowl with a softly rounded rim that appears to float above a tapered pedestal base. The contrast between the expansive top and narrow foundation creates a clean, balanced silhouette that feels intentional and refined, making Basso a striking focal point without overwhelming its surroundings. Crafted in the USA from premium outdoor-rated aluminum, the Basso Fire Pit is built for long-lasting performance and enduring style. The smooth metal surface and your choice of finish enhance its modern aesthetic, while your choice of fire media adds subtle texture and visual depth when lit. Available in 10 sophisticated finishes, Basso complements a wide range of contemporary patios, poolside lounges, rooftop terraces, and urban outdoor environments. Designed with both form and function in mind, Basso offers a choice of manual or electronic ignition. Each unit ships propane-ready and can be easily converted to natural gas with an optional conversion kit. Thoughtfully engineered and beautifully executed, the Basso Fire Pit delivers warmth, ambiance, and sculptural elegance--serving as both a functional fire feature and a modern outdoor statement piece.",,https://www.owlee.com/wp-content/uploads/2021/11/Casual-Fireside_Retail_SpecSheets_2026_Basso.pdf,https://www.owlee.com/collections/casual-fireside/36-rd-chat-height-basso-fire-pit
Elba,"30"" Rd. Chat Height Elba Aluminum Fire Pit",5122-30RDC,Aluminum,"Sleek, stylish, and distinctly modern, the all-aluminum Elba Fire Pit brings a bold architectural statement to your outdoor space. Designed with a clean, linear aesthetic, Elba illuminates the elegance of O.W. Lee’s unmatched craftsmanship in aluminum with a durable commercial grade porcelain top to create a fire feature that feels both contemporary and timeless. Artisan-crafted in the USA, the Elba Fire Pit offers exceptional customization to suit your outdoor aesthetic. Choose from 10 elegant frame finishes and 16 striking porcelain tile tops to create your ideal centerpiece. Available with either manual or electronic ignition, each unit comes propane-ready and can be easily converted to natural gas with an optional conversion kit. With four height options and six versatile sizes, the Elba fire pit is our most extensive Casual Fireside collection.",Packaged Weight: 104 lbs,https://www.owlee.com/wp-content/uploads/2021/11/Casual-Fireside_Retail_SpecSheets_2026_5122-30RDC-Elba.pdf,https://www.owlee.com/collections/casual-fireside/30-rd-chat-height-elba-aluminum-fire-pit
Elba,"36"" Rd. Chat Height Elba Aluminum Fire Pit",5122-36RDC,Aluminum,"Sleek, stylish, and distinctly modern, the all-aluminum Elba Fire Pit brings a bold architectural statement to your outdoor space. Designed with a clean, linear aesthetic, Elba illuminates the elegance of O.W. Lee’s unmatched craftsmanship in aluminum with a durable commercial grade porcelain top to create a fire feature that feels both contemporary and timeless. Artisan-crafted in the USA, the Elba Fire Pit offers exceptional customization to suit your outdoor aesthetic. Choose from 10 elegant frame finishes and 16 striking porcelain tile tops to create your ideal centerpiece. Available with either manual or electronic ignition, each unit comes propane-ready and can be easily converted to natural gas with an optional conversion kit. With four height options and six versatile sizes, the Elba fire pit is our most extensive Casual Fireside collection.",Packaged Weight: 148 lbs,https://www.owlee.com/wp-content/uploads/2021/11/Casual-Fireside_Retail_SpecSheets_2026_5122-36RDC-Elba.pdf,https://www.owlee.com/collections/casual-fireside/36-rd-chat-height-elba-aluminum-fire-pit
Elba,"42"" Rd. Occasional Height Elba Aluminum Fire Pit",5122-42RDO,Aluminum,"Sleek, stylish, and distinctly modern, the all-aluminum Elba Fire Pit brings a bold architectural statement to your outdoor space. Designed with a clean, linear aesthetic, Elba illuminates the elegance of O.W. Lee’s unmatched craftsmanship in aluminum with a durable commercial grade porcelain top to create a fire feature that feels both contemporary and timeless. Artisan-crafted in the USA, the Elba Fire Pit offers exceptional customization to suit your outdoor aesthetic. Choose from 10 elegant frame finishes and 16 striking porcelain tile tops to create your ideal centerpiece. Available with either manual or electronic ignition, each unit comes propane-ready and can be easily converted to natural gas with an optional conversion kit. With four height options and six versatile sizes, the Elba fire pit is our most extensive Casual Fireside collection.",Packaged Weight: 109 lbs,https://www.owlee.com/wp-content/uploads/2021/11/Casual-Fireside_Retail_SpecSheets_2026_5122-42RDO-Elba.pdf,https://www.owlee.com/collections/casual-fireside/42-rd-occasional-height-elba-aluminum-fire-pit
Elba,"42"" Rd. Chat Height Elba Aluminum Fire Pit",5122-42RDC,Aluminum,"Sleek, stylish, and distinctly modern, the all-aluminum Elba Fire Pit brings a bold architectural statement to your outdoor space. Designed with a clean, linear aesthetic, Elba illuminates the elegance of O.W. Lee’s unmatched craftsmanship in aluminum with a durable commercial grade porcelain top to create a fire feature that feels both contemporary and timeless. Artisan-crafted in the USA, the Elba Fire Pit offers exceptional customization to suit your outdoor aesthetic. Choose from 10 elegant frame finishes and 16 striking porcelain tile tops to create your ideal centerpiece. Available with either manual or electronic ignition, each unit comes propane-ready and can be easily converted to natural gas with an optional conversion kit. With four height options and six versatile sizes, the Elba fire pit is our most extensive Casual Fireside collection.",Packaged Weight: 115 lbs,https://www.owlee.com/wp-content/uploads/2021/11/Casual-Fireside_Retail_SpecSheets_2026_5122-42RDC-Elba.pdf,https://www.owlee.com/collections/casual-fireside/42-rd-chat-height-elba-aluminum-fire-pit
Elba,"54"" Rd. Chat Height Elba Aluminum Fire Pit",5122-54RDC,Aluminum,"Sleek, stylish, and distinctly modern, the all-aluminum Elba Fire Pit brings a bold architectural statement to your outdoor space. Designed with a clean, linear aesthetic, Elba illuminates the elegance of O.W. Lee’s unmatched craftsmanship in aluminum with a durable commercial grade porcelain top to create a fire feature that feels both contemporary and timeless. Artisan-crafted in the USA, the Elba Fire Pit offers exceptional customization to suit your outdoor aesthetic. Choose from 10 elegant frame finishes and 16 striking porcelain tile tops to create your ideal centerpiece. Available with either manual or electronic ignition, each unit comes propane-ready and can be easily converted to natural gas with an optional conversion kit. With four height options and six versatile sizes, the Elba fire pit is our most extensive Casual Fireside collection.",Packaged Weight: 203 lbs,https://www.owlee.com/wp-content/uploads/2021/11/Casual-Fireside_Retail_SpecSheets_2026_5122-54RDC-Elba.pdf,https://www.owlee.com/collections/casual-fireside/54-rd-chat-height-elba-aluminum-fire-pit
Elba,"54"" Rd. Occasional Height Elba Aluminum Fire Pit",5122-54RDO,Aluminum,"Sleek, stylish, and distinctly modern, the all-aluminum Elba Fire Pit brings a bold architectural statement to your outdoor space. Designed with a clean, linear aesthetic, Elba illuminates the elegance of O.W. Lee’s unmatched craftsmanship in aluminum with a durable commercial grade porcelain top to create a fire feature that feels both contemporary and timeless. Artisan-crafted in the USA, the Elba Fire Pit offers exceptional customization to suit your outdoor aesthetic. Choose from 10 elegant frame finishes and 16 striking porcelain tile tops to create your ideal centerpiece. Available with either manual or electronic ignition, each unit comes propane-ready and can be easily converted to natural gas with an optional conversion kit. With four height options and six versatile sizes, the Elba fire pit is our most extensive Casual Fireside collection.",Packaged Weight: 155 lbs,https://www.owlee.com/wp-content/uploads/2021/11/Casual-Fireside_Retail_SpecSheets_2026_5122-54RDO-Elba.pdf,https://www.owlee.com/collections/casual-fireside/54-rd-occasional-height-elba-aluminum-fire-pit
Elba,"54"" Rd. Dining Height Elba Aluminum Fire Pit",5122-54RDD,Aluminum,"Sleek, stylish, and distinctly modern, the all-aluminum Elba Fire Pit brings a bold architectural statement to your outdoor space. Designed with a clean, linear aesthetic, Elba illuminates the elegance of O.W. Lee’s unmatched craftsmanship in aluminum with a durable commercial grade porcelain top to create a fire feature that feels both contemporary and timeless. Artisan-crafted in the USA, the Elba Fire Pit offers exceptional customization to suit your outdoor aesthetic. Choose from 10 elegant frame finishes and 16 striking porcelain tile tops to create your ideal centerpiece. Available with either manual or electronic ignition, each unit comes propane-ready and can be easily converted to natural gas with an optional conversion kit. With four height options and six versatile sizes, the Elba fire pit is our most extensive Casual Fireside collection.",Packaged Weight: 217 lbs,https://www.owlee.com/wp-content/uploads/2021/11/Casual-Fireside_Retail_SpecSheets_2026_5122-54RDD-Elba.pdf,https://www.owlee.com/collections/casual-fireside/54-rd-dining-height-elba-aluminum-fire-pit
Elba,"54"" Rd. Counter Height Elba Aluminum Fire Pit",5122-54RDK,Aluminum,"Sleek, stylish, and distinctly modern, the all-aluminum Elba Fire Pit brings a bold architectural statement to your outdoor space. Designed with a clean, linear aesthetic, Elba illuminates the elegance of O.W. Lee’s unmatched craftsmanship in aluminum with a durable commercial grade porcelain top to create a fire feature that feels both contemporary and timeless. Artisan-crafted in the USA, the Elba Fire Pit offers exceptional customization to suit your outdoor aesthetic. Choose from 10 elegant frame finishes and 16 striking porcelain tile tops to create your ideal centerpiece. Available with either manual or electronic ignition, each unit comes propane-ready and can be easily converted to natural gas with an optional conversion kit. With four height options and six versatile sizes, the Elba fire pit is our most extensive Casual Fireside collection.",Packaged Weight: 235 lbs,https://www.owlee.com/wp-content/uploads/2021/11/Casual-Fireside_Retail_SpecSheets_2026_5122-54RDK-Elba.pdf,https://www.owlee.com/collections/casual-fireside/54-rd-counter-height-elba-aluminum-fire-pit
Elba,"28"" x 72"" Occasional Height Elba Aluminum Fire Pit",5122-2872O,Aluminum,"Sleek, stylish, and distinctly modern, the all-aluminum Elba Fire Pit brings a bold architectural statement to your outdoor space. Designed with a clean, linear aesthetic, Elba illuminates the elegance of O.W. Lee’s unmatched craftsmanship in aluminum with a durable commercial grade porcelain top to create a fire feature that feels both contemporary and timeless. Artisan-crafted in the USA, the Elba Fire Pit offers exceptional customization to suit your outdoor aesthetic. Choose from 10 elegant frame finishes and 16 striking porcelain tile tops to create your ideal centerpiece. Available with either manual or electronic ignition, each unit comes propane-ready and can be easily converted to natural gas with an optional conversion kit. With four height options and six versatile sizes, the Elba fire pit is our most extensive Casual Fireside collection.",Packaged Weight: 234 lbs,https://www.owlee.com/wp-content/uploads/2021/11/Casual-Fireside_Retail_SpecSheets_2026_5122-2872O-Elba.pdf,https://www.owlee.com/collections/casual-fireside/28x72-occasional-height-elba-aluminum-fire-pit-casual-fireside-elba
Elba,"28"" x 72"" Chat Height Elba Aluminum Fire Pit",5122-2872C,Aluminum,,Packaged Weight: 236 lbs,https://www.owlee.com/wp-content/uploads/2021/11/Casual-Fireside_Retail_SpecSheets_2026_5122-2872C-Elba.pdf,https://www.owlee.com/collections/casual-fireside/28x72-chat-height-elba-aluminum-fire-pit-casual-fireside-elba
Elba,"30"" x 50"" Occasional Height Elba Aluminum Fire Pit",5122-3050O,Aluminum,,Packaged Weight: 160 lbs,https://www.owlee.com/wp-content/uploads/2021/11/Casual-Fireside_Retail_SpecSheets_2026_5122-3050O-Elba.pdf,https://www.owlee.com/collections/casual-fireside/30x50-occasional-height-elba-aluminum-fire-pit-casual-fireside-elba
Elba,"30"" x 50"" Chat Height Elba Aluminum Fire Pit",5122-3050C,Aluminum,,Packaged Weight: 168 lbs,https://www.owlee.com/wp-content/uploads/2021/11/Casual-Fireside_Retail_SpecSheets_2026_5122-3050C-Elba.pdf,https://www.owlee.com/collections/casual-fireside/30x50-chat-height-elba-aluminum-fire-pit-casual-fireside-elba
Elba,"36"" x 58"" Occasional Height Elba Aluminum Fire Pit",5122-3658O,Aluminum,,Packaged Weight: 195 lbs,https://www.owlee.com/wp-content/uploads/2021/11/Casual-Fireside_Retail_SpecSheets_2026_5122-3658O-Elba.pdf,https://www.owlee.com/collections/casual-fireside/36x58-occasional-height-elba-aluminum-fire-pit-casual-fireside-elba
Elba,"36"" x 58"" Chat Height Elba Aluminum Fire Pit",5122-3658C,Aluminum,,Packaged Weight: 203 lbs,https://www.owlee.com/wp-content/uploads/2021/11/Casual-Fireside_Retail_SpecSheets_2026_5122-3658C-Elba.pdf,https://www.owlee.com/collections/casual-fireside/36-x-58-chat-height-elba-aluminum-fire-pit-casual-fireside-elba
Elba,"42"" x 72"" Counter Height Elba Aluminum Fire Pit",5122-4272K,Aluminum,,,,https://www.owlee.com/collections/casual-fireside/42x72-counter-height-elba-aluminum-fire-pit-casual-fireside-elba
Nova,"Nova 42"" Round Chat Height Fire Pit",5163-42RDC,,"Introducing the Nova Fire Pit by O.W. Lee—a sleek new design that pairs minimalist form with cutting-edge materials. With its smooth cylindrical base and ultra-durable Dekton® hearth top, Nova offers a refined, architectural presence that anchors any modern outdoor space. Produced in the USA with O.W. Lee’s hallmark craftsmanship, Nova is both visually striking and highly functional. Available with either manual or electronic ignition, each unit comes propane-ready and can be easily converted to natural gas with an optional conversion kit. With 10 premium frame finishes and two sleek Dekton® tops, Nova brings a refined, minimalist aesthetic to any outdoor setting.",Weight: 145 lbs,https://www.owlee.com/wp-content/uploads/2021/11/Casual-Fireside_Retail_SpecSheets_2026_Nova.pdf,https://www.owlee.com/collections/casual-fireside/nova-42-round-chat-height-fire-pit
Anello,"Anello 42"" Round Chat Height Fire Pit",5162-42RDC,Aluminum,"Introducing the aluminum Anello Fire Pit by O.W. Lee, where clean design meets timeless sophistication. Featuring a sleek cylindrical aluminum base and an artisan-crafted porcelain tile top, Anello delivers a refined, minimalist aesthetic with lightweight durability ideal for outdoor environments. Built in the USA with O.W. Lee’s renowned attention to detail, Anello blends standout aluminum design with everyday performance. Available with manual or electronic ignition, each unit ships propane-ready and can be converted to natural gas with an optional kit. With 10 premium aluminum frame finishes and sixteen porcelain tile options, Anello adds a polished modern touch to any outdoor space.",Weight: 145 lbs,https://www.owlee.com/wp-content/uploads/2025/09/Casual-Fireside_Retail_SpecSheets_2026_Anello.pdf,https://www.owlee.com/collections/casual-fireside/anello-42-round-chat-height-fire-pit
Haven,"Haven 42"" Square Chat Height Fire Pit",5125-42SQC,Aluminum,"Introducing the Haven Fire Pit, O.W. Lee’s only square fire pit in Aluminum--a bold blend of clean lines, creative spirit, and welcoming warmth. With its sleek metal surface and gently playful proportions, Haven brings a lighthearted edge to serious craftsmanship. Designed and handcrafted in the USA, Haven features 10 premium frame finishes to suit a variety of aesthetics. Choose between manual or electronic ignition, with each model arriving propane-ready and easily convertible to natural gas using an optional kit. Its square shape makes it a versatile fit for both symmetrical layouts and more eclectic outdoor spaces—creating a fun, functional centerpiece that sparks conversation as easily as it radiates heat.",Packaged Weight: 88 lbs,https://www.owlee.com/wp-content/uploads/2021/11/Casual-Fireside_Retail_SpecSheets_2026_5125-42SQC-Haven.pdf,https://www.owlee.com/collections/casual-fireside/haven-42-square-chat-height-fire-pit
Haven,"Haven 42"" Square Occasional Height Fire Pit",5125-42SQO,Aluminum,"Introducing the Haven Fire Pit, O.W. Lee’s only square fire pit in Aluminum—a bold blend of clean lines, creative spirit, and welcoming warmth. With its sleek metal surface and gently playful proportions, Haven brings a lighthearted edge to serious craftsmanship. Designed and handcrafted in the USA, Haven features 10 premium frame finishes to suit a variety of aesthetics. Choose between manual or electronic ignition, with each model arriving propane-ready and easily convertible to natural gas using an optional kit. Its square shape makes it a versatile fit for both symmetrical layouts and more eclectic outdoor spaces—creating a fun, functional centerpiece that sparks conversation as easily as it radiates heat.",Packaged Weight: 88 lbs,https://www.owlee.com/wp-content/uploads/2021/11/Casual-Fireside_Retail_SpecSheets_2026_5125-42SQO-Haven.pdf,https://www.owlee.com/collections/casual-fireside/haven-square-occasional-fire-pit
Moda,"25"" x 45"" Occasional Heights Moda Fire Pit",5153-2545O,Aluminum,"Clean lines, modern form, and advanced materials define the aluminum Moda Fire Pit by O.W. Lee. Featuring a sleek, low-profile aluminum frame and a premium Dekton® hearth top, Moda delivers contemporary style with lightweight strength and weather-resistant performance. Proudly made in the USA, Moda is available in 10 aluminum frame finishes and two Dekton® top options. Choose manual or electronic ignition, with each model shipping propane-ready and convertible to natural gas. Offered in two streamlined sizes, Moda serves as a refined aluminum focal point for modern outdoor entertaining.",Packaged Weight: 98 lbs,https://www.owlee.com/wp-content/uploads/2021/11/Casual-Fireside_Retail_SpecSheets_2026_5153-2545O-Moda.pdf,https://www.owlee.com/collections/casual-fireside/25-x-45-occasional-heights-moda-fire-pit
Moda,"25"" x 65"" Occasional Heights Moda Fire Pit",5153-2565O,Aluminum,"Clean lines, modern form, and advanced materials define the aluminum Moda Fire Pit by O.W. Lee. Featuring a sleek, low-profile aluminum frame and a premium Dekton® hearth top, Moda delivers contemporary style with lightweight strength and weather-resistant performance. Proudly made in the USA, Moda is available in 10 aluminum frame finishes and two Dekton® top options. Choose manual or electronic ignition, with each model shipping propane-ready and convertible to natural gas. Offered in two streamlined sizes, Moda serves as a refined aluminum focal point for modern outdoor entertaining.",Packaged Weight: 158 lbs,https://www.owlee.com/wp-content/uploads/2021/11/Casual-Fireside_Retail_SpecSheets_2026_5153-2565O-Moda.pdf,https://www.owlee.com/collections/casual-fireside/25-x-65-occasional-heights-moda-fire-pit
Forma,"25"" x 45"" Occasional Heights Forma Fire Pit",5152-2545O,Aluminum,"Strikingly modern and expertly crafted, the aluminum Forma Fire Pit by O.W. Lee brings bold architectural design to outdoor spaces. Defined by clean geometric lines, Forma highlights the strength, precision, and corrosion resistance of premium aluminum construction. Made in the USA, Forma is available in 10 aluminum frame finishes. Choose manual or electronic ignition, with each unit propane-ready and convertible to natural gas. Offered in two streamlined sizes, Forma’s sculptural aluminum form delivers a perfect balance of art and function.",Packaged Weight: 185 lbs,https://www.owlee.com/wp-content/uploads/2021/11/Casual-Fireside_Retail_SpecSheets_2026_5152-2545O-Forma.pdf,https://www.owlee.com/collections/casual-fireside/25x45-occasional-heights-forma-fire-pit
Forma,"25"" x 65"" Occasional Heights Forma Fire Pit",5152-2565O,Aluminum,"Strikingly modern and expertly crafted, the aluminum Forma Fire Pit by O.W. Lee brings bold architectural design to outdoor spaces. Defined by clean geometric lines, Forma highlights the strength, precision, and corrosion resistance of premium aluminum construction. Made in the USA, Forma is available in 10 aluminum frame finishes. Choose manual or electronic ignition, with each unit propane-ready and convertible to natural gas. Offered in two streamlined sizes, Forma’s sculptural aluminum form delivers a perfect balance of art and function.",Packaged Weight: 210 lbs,https://www.owlee.com/wp-content/uploads/2021/11/Casual-Fireside_Retail_SpecSheets_2026_5152-2565O-Forma.pdf,https://www.owlee.com/collections/casual-fireside/25x65-occasional-heights-forma-fire-pit
Volante,"42"" Rd. Occasional Height Volante Aluminum Fire Pit",5113-42RDO,Aluminum,"The Volante Fire Pit from O.W. Lee combines contemporary design with innovative materials to create a fire feature that is both visually striking and exceptionally durable. Crafted from lightweight, rustproof aluminum and topped with ultra-resilient Dekton®, Volante is engineered for modern outdoor living. Handcrafted in the USA, Volante offers customization with 10 aluminum frame finishes and two sleek Dekton® tops. Available with manual or electronic ignition, each unit comes propane-ready and is easily convertible to natural gas. With two height options and two sizes, Volante is a true aluminum statement piece for sophisticated outdoor spaces.",Packaged Weight: 115 lbs,https://www.owlee.com/wp-content/uploads/2021/11/Casual-Fireside_Retail_SpecSheets_2026_5123-42RDO-Volante.pdf,https://www.owlee.com/collections/casual-fireside/42-rd-occasional-height-volante-aluminum-fire-pit
Volante,"42"" Rd. Chat Height Volante Aluminum Fire Pit",5113-42RDC,Aluminum,"The Volante Fire Pit from O.W. Lee combines contemporary design with innovative materials to create a fire feature that is both visually striking and exceptionally durable. Crafted from lightweight, rustproof aluminum and topped with ultra-resilient Dekton®, Volante is engineered for modern outdoor living. Handcrafted in the USA, Volante offers customization with 10 aluminum frame finishes and two sleek Dekton® tops. Available with manual or electronic ignition, each unit comes propane-ready and is easily convertible to natural gas. With two height options and two sizes, Volante is a true aluminum statement piece for sophisticated outdoor spaces.",Packaged Weight: 135 lbs,https://www.owlee.com/wp-content/uploads/2021/11/Casual-Fireside_Retail_SpecSheets_2026_5123-42RDC-Volante.pdf,https://www.owlee.com/collections/casual-fireside/42-rd-chat-height-volante-aluminum-fire-pit
Volante,"31"" x 56"" Occasional Height Volante Aluminum Fire Pit",5113-3156O,Aluminum,"The Volante Fire Pit from O.W. Lee combines contemporary design with innovative materials to create a fire feature that is both visually striking and exceptionally durable. Crafted from lightweight, rustproof aluminum and topped with ultra-resilient Dekton®, Volante is engineered for modern outdoor living. Handcrafted in the USA, Volante offers customization with 10 aluminum frame finishes and two sleek Dekton® tops. Available with manual or electronic ignition, each unit comes propane-ready and is easily convertible to natural gas. With two height options and two sizes, Volante is a true aluminum statement piece for sophisticated outdoor spaces.",Packaged Weight: 150 lbs,https://www.owlee.com/wp-content/uploads/2026/02/Fire-Pits_Retail_SpecSheet_2026__5123-3156O-Volante-Occ.pdf,https://www.owlee.com/collections/casual-fireside/30-x-50-occasional-height-volante-aluminum-fire-pit
Volante,"31"" x 56"" Chat Height Volante Aluminum Fire Pit",5113-3156C,Aluminum,"The Volante Fire Pit from O.W. Lee combines contemporary design with innovative materials to create a fire feature that is both visually striking and exceptionally durable. Crafted from lightweight, rustproof aluminum and topped with ultra-resilient Dekton®, Volante is engineered for modern outdoor living. Handcrafted in the USA, Volante offers customization with 10 aluminum frame finishes and two sleek Dekton® tops. Available with manual or electronic ignition, each unit comes propane-ready and is easily convertible to natural gas. With two height options and two sizes, Volante is a true aluminum statement piece for sophisticated outdoor spaces.",Packaged Weight: 145 lbs,https://www.owlee.com/wp-content/uploads/2026/02/Fire-Pits_Retail_SpecSheet_2026__5123-3156O-Volante-Chat.pdf,https://www.owlee.com/collections/casual-fireside/30-x-50-chat-height-volante-aluminum-fire-pit
Table Tops,"31x56"" Dekton Table Top",K-3156,Wrought Iron,"The 31x56"" top pairs with of our 05 table bases and is available with an umbrella hole. Elevate your outdoor or indoor dining experience with our premium Dekton table tops. Engineered from ultra-compact surfaces, Dekton combines the beauty of natural stone with exceptional performance, offering unmatched durability and elegance. Resistant to scratches, heat, stains, and UV fading, these surfaces maintain their pristine appearance even in the most demanding environments. With a sleek, modern finish and a wide palette of colors and patterns, a Dekton table top is as visually stunning as it is functional--perfect for entertaining, dining, or creating a striking centerpiece in any space.",,,https://www.owlee.com/collections/dekton-tops/31x56-dekton-table-top
Table Tops,"42x84"" Dekton Table Top",K-4284,Wrought Iron,"The 42x84"" Dekton table top pairs with our 07 table bases. Elevate your outdoor or indoor dining experience with our premium Dekton table tops. Engineered from ultra-compact surfaces, Dekton combines the beauty of natural stone with exceptional performance, offering unmatched durability and elegance. Resistant to scratches, heat, stains, and UV fading, these surfaces maintain their pristine appearance even in the most demanding environments. With a sleek, modern finish and a wide palette of colors and patterns, a Dekton table top is as visually stunning as it is functional—perfect for entertaining, dining, or creating a striking centerpiece in any space.",Packaged Weight: 292 lbs,,https://www.owlee.com/collections/table-tops/42x84-dekton-table-top
Table Tops,"54"" Round Dekton Table Top",K-54RD,Wrought Iron,"Our 54"" round Dekton top fits our 03 table bases. It is available with an umbrella hole. Elevate your outdoor or indoor dining experience with our premium Dekton table tops. Engineered from ultra-compact surfaces, Dekton combines the beauty of natural stone with exceptional performance, offering unmatched durability and elegance. Resistant to scratches, heat, stains, and UV fading, these surfaces maintain their pristine appearance even in the most demanding environments. With a sleek, modern finish and a wide palette of colors and patterns, a Dekton table top is as visually stunning as it is functional—perfect for entertaining, dining, or creating a striking centerpiece in any space.",,,https://www.owlee.com/collections/dekton-tops/54-round-dekton-table-top
Table Tops,"24"" Round Dekton Top",K-24RD,Wrought Iron,"The Dekton 24"" round table top fits our 01 table bases. Elevate your outdoor or indoor dining experience with our premium Dekton table tops. Engineered from ultra-compact surfaces, Dekton combines the beauty of natural stone with exceptional performance, offering unmatched durability and elegance. Resistant to scratches, heat, stains, and UV fading, these surfaces maintain their pristine appearance even in the most demanding environments. With a sleek, modern finish and a wide palette of colors and patterns, a Dekton table top is as visually stunning as it is functional—perfect for entertaining, dining, or creating a striking centerpiece in any space.",,,https://www.owlee.com/collections/dekton-tops/24-round-dekton-top
Table Tops,"24"" Square Dekton Top",K-24SQ,Wrought Iron,"Our 24"" Dekton table tops are designed to pair seamlessly with 01 table bases. Elevate your outdoor or indoor experience with our premium Dekton table tops. Engineered from ultra-compact surfaces, Dekton combines the beauty of natural stone with exceptional performance, offering unmatched durability and elegance. Resistant to scratches, heat, stains, and UV fading, these surfaces maintain their pristine appearance even in the most demanding environments.",,,https://www.owlee.com/collections/dekton-tops/24-square-dekton-top
Table Tops,"24"" Round Micro Mesh Top",MM-24RD,,"This 24"" round table top is designed to pair with our 01 table bases. Our Micro Mesh table tops offer a light, durable, and effortlessly functional surface for outdoor living. Crafted from sturdy metal mesh, they allow air and water to pass through easily, helping surfaces dry quickly and stay cooler in the sun. The finely woven pattern adds subtle texture and visual interest while maintaining a clean, understated appearance. Engineered for long-lasting performance, Micro Mesh table tops are resistant to rust, corrosion, and everyday wear, making them ideal for both residential patios and high-traffic commercial settings. Versatile and low-maintenance, they pair beautifully with a variety of table bases and seating styles, delivering practical comfort with enduring style.",,,https://www.owlee.com/collections/micro-mesh-table-tops/24-round-mesh-top
Table Tops,"28"" x 50"" Micro Mesh Top",MM-2850RT,,"This 28x50"" round table top is designed to pair with our 05 table bases. Our Micro Mesh table tops offer a light, durable, and effortlessly functional surface for outdoor living. Crafted from sturdy metal mesh, they allow air and water to pass through easily, helping surfaces dry quickly and stay cooler in the sun. The finely woven pattern adds subtle texture and visual interest while maintaining a clean, understated appearance. Engineered for long-lasting performance, Micro Mesh table tops are resistant to rust, corrosion, and everyday wear, making them ideal for both residential patios and high-traffic commercial settings. Versatile and low-maintenance, they pair beautifully with a variety of table bases and seating styles, delivering practical comfort with enduring style.",,,https://www.owlee.com/collections/micro-mesh-table-tops/28-x-50-mesh-top
Table Tops,"30"" Round Micro Mesh Top",MM-30RD,,"This 30"" round table top is designed to pair with our 01 table bases. Our Micro Mesh table tops offer a light, durable, and effortlessly functional surface for outdoor living. Crafted from sturdy metal mesh, they allow air and water to pass through easily, helping surfaces dry quickly and stay cooler in the sun. The finely woven pattern adds subtle texture and visual interest while maintaining a clean, understated appearance. Engineered for long-lasting performance, Micro Mesh table tops are resistant to rust, corrosion, and everyday wear, making them ideal for both residential patios and high-traffic commercial settings. Versatile and low-maintenance, they pair beautifully with a variety of table bases and seating styles, delivering practical comfort with enduring style.",,,https://www.owlee.com/collections/micro-mesh-table-tops/30-round-mesh-top
Table Tops,"42"" Square Micro Mesh Top with Umbrella Hole",MM-42SQU,,"This 42"" square table top is designed to pair with our 03 table bases. Our Micro Mesh table tops offer a light, durable, and effortlessly functional surface for outdoor living. Crafted from sturdy metal mesh, they allow air and water to pass through easily, helping surfaces dry quickly and stay cooler in the sun. The finely woven pattern adds subtle texture and visual interest while maintaining a clean, understated appearance. Engineered for long-lasting performance, Micro Mesh table tops are resistant to rust, corrosion, and everyday wear, making them ideal for both residential patios and high-traffic commercial settings. Versatile and low-maintenance, they pair beautifully with a variety of table bases and seating styles, delivering practical comfort with enduring style.",,,https://www.owlee.com/collections/micro-mesh-table-tops/42-square-mesh-top-with-umbrella
Table Tops,"42"" x 84"" Micro Mesh Top with Umbrella Hole",MM-4284U,,"This 42x84"" table top is designed to pair with our 07 table bases. Our Micro Mesh table tops offer a light, durable, and effortlessly functional surface for outdoor living. Crafted from sturdy metal mesh, they allow air and water to pass through easily, helping surfaces dry quickly and stay cooler in the sun. The finely woven pattern adds subtle texture and visual interest while maintaining a clean, understated appearance. Engineered for long-lasting performance, Micro Mesh table tops are resistant to rust, corrosion, and everyday wear, making them ideal for both residential patios and high-traffic commercial settings. Versatile and low-maintenance, they pair beautifully with a variety of table bases and seating styles, delivering practical comfort with enduring style.",,,https://www.owlee.com/collections/micro-mesh-table-tops/42-x-84-square-mesh-top-with-umbrella
Table Tops,"42"" Round Micro Mesh Top with Umbrella Hole",MM-42RDU,,"This 42"" round table top is designed to pair with our 03 table bases. Our Micro Mesh table tops offer a light, durable, and effortlessly functional surface for outdoor living. Crafted from sturdy metal mesh, they allow air and water to pass through easily, helping surfaces dry quickly and stay cooler in the sun. The finely woven pattern adds subtle texture and visual interest while maintaining a clean, understated appearance. Engineered for long-lasting performance, Micro Mesh table tops are resistant to rust, corrosion, and everyday wear, making them ideal for both residential patios and high-traffic commercial settings. Versatile and low-maintenance, they pair beautifully with a variety of table bases and seating styles, delivering practical comfort with enduring style.",,,https://www.owlee.com/collections/micro-mesh-table-tops/42-round-mesh-top-with-umbrella
Table Tops,"54"" Round Micro Mesh Top with Umbrella Hole",MM-54RD,,"This 54"" round table top is designed to pair with our 03 table bases. Our Micro Mesh table tops offer a light, durable, and effortlessly functional surface for outdoor living. Crafted from sturdy metal mesh, they allow air and water to pass through easily, helping surfaces dry quickly and stay cooler in the sun. The finely woven pattern adds subtle texture and visual interest while maintaining a clean, understated appearance. Engineered for long-lasting performance, Micro Mesh table tops are resistant to rust, corrosion, and everyday wear, making them ideal for both residential patios and high-traffic commercial settings. Versatile and low-maintenance, they pair beautifully with a variety of table bases and seating styles, delivering practical comfort with enduring style.",Packaged Weight: 34 lbs,,https://www.owlee.com/collections/micro-mesh-table-tops/54-round-micro-mesh-top
Pre-Designed Tables,"33"" x 75"" Dining Table",QD-3375DT,Wrought Iron,"Clean-lined and architecturally modern, the Quadra Iron Tables bring refined structure to outdoor spaces. Defined by their squared iron frame and crisp geometry, Quadra tables offer a contemporary look that feels substantial yet uncluttered. Crafted from durable iron and built to withstand the elements, these tables deliver lasting strength and stability for everyday outdoor living. Available in a wide range of sizes--including side tables, occasional tables, counter height, console, and dining--Quadra tables provide versatile solutions for everything from intimate seating areas to large entertaining spaces. Their simple, modern profile pairs seamlessly with a variety of collections, making Quadra a timeless foundation for both residential and commercial environments.",,,https://www.owlee.com/collections/quadra-iron-tables/33-x-75-dining-table-fully-welded-tables-quadra-iron-tables
Pre-Designed Tables,"45"" x 87"" Quadra Iron Dining Table",QD-4587DT,Wrought Iron,"Clean-lined and architecturally modern, the Quadra Iron Tables bring refined structure to outdoor spaces. Defined by their squared iron frame and crisp geometry, Quadra tables offer a contemporary look that feels substantial yet uncluttered. Crafted from durable iron and built to withstand the elements, these tables deliver lasting strength and stability for everyday outdoor living. Available in a wide range of sizes--including side tables, occasional tables, counter height, console, and dining--Quadra tables provide versatile solutions for everything from intimate seating areas to large entertaining spaces. Their simple, modern profile pairs seamlessly with a variety of collections, making Quadra a timeless foundation for both residential and commercial environments.",Packaged Weight: 285 lbs,,https://www.owlee.com/collections/quadra-iron-tables/45-x-87-dining-table-fully-welded-tables-quadra-iron-tables
Pre-Designed Tables,"21"" x 57"" Quadra Iron Counter Table",QD-2157,Wrought Iron,"Clean-lined and architecturally modern, the Quadra Iron Tables bring refined structure to outdoor spaces. Defined by their squared iron frame and crisp geometry, Quadra tables offer a contemporary look that feels substantial yet uncluttered. Crafted from durable iron and built to withstand the elements, these tables deliver lasting strength and stability for everyday outdoor living. Available in a wide range of sizes--including side tables, occasional tables, counter height, console, and dining--Quadra tables provide versatile solutions for everything from intimate seating areas to large entertaining spaces. Their simple, modern profile pairs seamlessly with a variety of collections, making Quadra a timeless foundation for both residential and commercial environments.",Packaged Weight: 66 lbs,,https://www.owlee.com/collections/quadra-iron-tables/21-x-57-counter-table-fully-welded-tables-quadra-iron-tables
Pre-Designed Tables,"33"" x 75"" Quadra Iron Counter Table",QD-3375CT,Wrought Iron,"Clean-lined and architecturally modern, the Quadra Iron Tables bring refined structure to outdoor spaces. Defined by their squared iron frame and crisp geometry, Quadra tables offer a contemporary look that feels substantial yet uncluttered. Crafted from durable iron and built to withstand the elements, these tables deliver lasting strength and stability for everyday outdoor living. Available in a wide range of sizes--including side tables, occasional tables, counter height, console, and dining--Quadra tables provide versatile solutions for everything from intimate seating areas to large entertaining spaces. Their simple, modern profile pairs seamlessly with a variety of collections, making Quadra a timeless foundation for both residential and commercial environments.",Packaged Weight: 284 lbs,,https://www.owlee.com/collections/quadra-iron-tables/33-x-75-counter-table-fully-welded-tables-quadra-iron-tables
Pre-Designed Tables,"23"" Square Quadra Iron Side Table",QD-2323ST,Wrought Iron,"Clean-lined and architecturally modern, the Quadra Iron Tables bring refined structure to outdoor spaces. Defined by their squared iron frame and crisp geometry, Quadra tables offer a contemporary look that feels substantial yet uncluttered. Crafted from durable iron and built to withstand the elements, these tables deliver lasting strength and stability for everyday outdoor living. Available in a wide range of sizes--including side tables, occasional tables, counter height, console, and dining--Quadra tables provide versatile solutions for everything from intimate seating areas to large entertaining spaces. Their simple, modern profile pairs seamlessly with a variety of collections, making Quadra a timeless foundation for both residential and commercial environments.",Packaged Weight: 38 lbs,,https://www.owlee.com/collections/quadra-iron-tables/23-sq-side-table-fully-welded-tables-quadra-iron-tables
Pre-Designed Tables,"31"" x 53"" Quadra Iron Occasional Table",QD-3153OT,Wrought Iron,"Clean-lined and architecturally modern, the Quadra Iron Tables bring refined structure to outdoor spaces. Defined by their squared iron frame and crisp geometry, Quadra tables offer a contemporary look that feels substantial yet uncluttered. Crafted from durable iron and built to withstand the elements, these tables deliver lasting strength and stability for everyday outdoor living. Available in a wide range of sizes--including side tables, occasional tables, counter height, console, and dining--Quadra tables provide versatile solutions for everything from intimate seating areas to large entertaining spaces. Their simple, modern profile pairs seamlessly with a variety of collections, making Quadra a timeless foundation for both residential and commercial environments.",Packaged Weight: 151 lbs,,https://www.owlee.com/collections/quadra-iron-tables/31-x-53-occasional-table-fully-welded-tables-quadra-iron-tables
Pre-Designed Tables,"21"" x 57"" Quadra Iron Dining Table",QD-2157DT,Wrought Iron,"Clean-lined and architecturally modern, the Quadra Iron Tables bring refined structure to outdoor spaces. Defined by their squared iron frame and crisp geometry, Quadra tables offer a contemporary look that feels substantial yet uncluttered. Crafted from durable iron and built to withstand the elements, these tables deliver lasting strength and stability for everyday outdoor living. Available in a wide range of sizes--including side tables, occasional tables, counter height, console, and dining--Quadra tables provide versatile solutions for everything from intimate seating areas to large entertaining spaces. Their simple, modern profile pairs seamlessly with a variety of collections, making Quadra a timeless foundation for both residential and commercial environments.",Packaged Weight: 66 lbs,,https://www.owlee.com/collections/quadra-iron-tables/21-x-57-dining-table-fully-welded-tables-quadra-iron-tables
Pre-Designed Tables,"20"" Round Micro Mesh Iron Side Table",51-LT20MMRD,Wrought Iron,"Compact, classic, and built for outdoor durability, the 20"" Round Micro Mesh Iron Side Table offers a versatile surface with timeless appeal. Featuring a micro mesh top, it provides a lighter, breathable look while allowing water to pass through with ease. Crafted from sturdy iron, this side table is designed to withstand the elements and pair seamlessly with a wide range of seating styles. Perfect for holding drinks, décor, or everyday essentials, it’s a functional accent that brings both charm and durability to any outdoor space.",Packaged Weight: 26 lbs,,https://www.owlee.com/collections/fully-welded-tables/20-rd-side-table-fully-welded-tables-micro-mesh-iron-tables
Pre-Designed Tables,Kensington Square Side Table,91-ST18SQ,Aluminum,"The Standard Aluminum table base offers a timeless, versatile foundation designed to complement a wide range of outdoor styles. Crafted from durable aluminum, it provides excellent strength, stability, and resistance to the elements for long-term outdoor use. Clean lines and a balanced profile make it an easy pairing with multiple tabletop shapes and materials, while its dependable construction ensures lasting performance in both residential and commercial settings. Fits table tops: - 36"" Square (Porcelain) - 42"" Round (Porcelain, Micro Mesh) - 42"" Square (Porcelain, Micro Mesh) - 54"" Round (Porcelain, Dekton, Micro Mesh)",Packaged Weight: 37 lbs,,https://www.owlee.com/collections/fully-welded-tables/square-side-table-aluminum-wrought-aluminum-kensington
Pre-Designed Tables,Kensington Occasional Table with Lower Shelf,91-OTS285ORT,Aluminum,"Kensington tables combine refined style with everyday durability, making them a versatile choice for elevated outdoor spaces. Crafted from sturdy aluminum, each table is topped with a sleek porcelain surface that offers exceptional resistance to the elements while delivering a sophisticated look. Available in 10 premium finishes, Kensington tables provide the flexibility to complement a wide range of outdoor furnishings and design aesthetics.",Packaged Weight: 144 lbs,,https://www.owlee.com/collections/fully-welded-tables/occasional-table-with-lower-shelf-aluminum-wrought-aluminum-kensington
Pre-Designed Tables,Kensington Console Table,91-WT1650RT,Aluminum,"Kensington tables combine refined style with everyday durability, making them a versatile choice for elevated outdoor spaces. Crafted from sturdy aluminum, each table is topped with a sleek porcelain surface that offers exceptional resistance to the elements while delivering a sophisticated look. Available in 10 premium finishes, Kensington tables provide the flexibility to complement a wide range of outdoor furnishings and design aesthetics.",Packaged Weight: 110 lbs,,https://www.owlee.com/collections/fully-welded-tables/console-table-aluminum-wrought-aluminum-kensington
Pre-Designed Tables,"20"" Square Slat Top Side Table",MA-2020ST,Aluminum,"Sleek, minimal, and perfectly suited for contemporary outdoor living, this 20"" side table features a durable aluminum top with clean slats, creating a light, airy design. Crafted from powder-coated aluminum, it is lightweight yet built to withstand the elements--resistant to rust, corrosion, and fading. Its simple modern silhouette complements any outdoor seating arrangement, making it an ideal addition to patios, decks, or commercial spaces. Stylish, functional, and low-maintenance, this side table brings both elegance and practicality to your outdoor spaces.",Packaged Weight: 22 lbs,,https://www.owlee.com/collections/fully-welded-tables/20-square-slat-top-side-table
Pre-Designed Tables,"20"" Round Porcelain Tile Iron Side Table",51-LT20RD,Wrought Iron,"Elegant and durable, the 20"" Round Porcelain Tile Iron Side Table adds a refined touch to any outdoor setting. Featuring a porcelain tile top, it offers the beauty of natural stone with exceptional resistance to moisture, stains, heat, and fading. The sturdy iron base provides lasting strength and stability, making this side table well suited for everyday outdoor use. Perfectly sized for drinks, décor, or small essentials, it combines timeless style with dependable performance for patios, lounges, and commercial spaces.",Packaged Weight: 26 lbs,,https://www.owlee.com/collections/fully-welded-tables/20-round-porcelain-tile-iron-side-table
Table Bases,Standard Iron 01 Side Table Base,ST01-BASE,Wrought Iron,"Timeless and sturdy, our Standard Iron table bases provide a strong foundation for your outdoor tables. Crafted from durable iron with a refined finish, they combine classic design with long-lasting performance. These versatile bases pair beautifully with the Monterra and Pasadera collections, enhancing both traditional and contemporary outdoor spaces. This base fits the following tops: - 24"" Round (Porcelain, Dekton, or Mesh) - 24"" Square (Porcelain or Dekton) - 30"" Round (Porcelain or Mesh)",Packaged Weight: 16 lbs,,https://www.owlee.com/collections/standard-iron-bases/side-table-base-table-bases-standard-iron-bases
Table Bases,Standard Iron 05 Occasional Table Base,OT05-BASE,Wrought Iron,"Timeless and sturdy, our Standard Iron table bases provide a strong foundation for your outdoor tables. Crafted from durable iron with a refined finish, they combine classic design with long-lasting performance. These versatile bases pair beautifully with the Monterra and Pasadera collections, enhancing both traditional and contemporary outdoor spaces. This base fits the following tops: - 28x50"" (Porcelain, Micro Mesh) - 31x56"" (Dekton) - 36x58"" (Porcelain, Micro Mesh)",Packaged Weight: 34 lbs,,https://www.owlee.com/collections/standard-iron-bases/coffee-table-base-table-bases-standard-iron-bases-2
Table Bases,Standard Iron 03 Occasional Table Base,OT03-BASE,Wrought Iron,"Timeless and sturdy, our Standard Iron table bases provide a strong foundation for your outdoor tables. Crafted from durable iron with a refined finish, they combine classic design with long-lasting performance. These versatile bases pair beautifully with the Monterra and Pasadera collections, enhancing both traditional and contemporary outdoor spaces. This base fits the following tops: - 36"" Square (Porcelain) - 42"" Round (Porcelain and Micro Mesh) - 42"" Square (Porcelain and Micro Mesh) - 54"" Round (Porcelain, Dekton, and Micro Mesh)",Packaged Weight: 29 lbs,,https://www.owlee.com/collections/standard-iron-bases/coffee-table-base-table-bases-standard-iron-bases
Table Bases,Standard Iron 01 Dining Table Base,DT01-BASE,Wrought Iron,"Timeless and sturdy, our Standard Iron table bases provide a strong foundation for your outdoor tables. Crafted from durable iron with a refined finish, they combine classic design with long-lasting performance. These versatile bases pair beautifully with the Monterra and Pasadera collections, enhancing both traditional and contemporary outdoor spaces. This base fits the following tops: - 24"" Round (Porcelain, Dekton, or Mesh) - 24"" Square (Porcelain or Dekton) - 30"" Round (Porcelain or Mesh)",Packaged Weight: 19 lbs,,https://www.owlee.com/collections/standard-iron-bases/dining-table-base-table-bases-standard-iron-bases
Table Bases,Standard Iron 03 Dining Table Base,DT03-BASE,Wrought Iron,"Timeless and sturdy, our Standard Iron table bases provide a strong foundation for your outdoor tables. Crafted from durable iron with a refined finish, they combine classic design with long-lasting performance. These versatile bases pair beautifully with the Monterra and Pasadera collections, enhancing both traditional and contemporary outdoor spaces. This base fits the following tops: - 36"" Square (Porcelain) - 42"" Round (Porcelain and Micro Mesh) - 42"" Square (Porcelain and Micro Mesh) - 54"" Round (Porcelain, Dekton, and Micro Mesh)",Packaged Weight: 30 lbs,,https://www.owlee.com/collections/standard-iron-bases/dining-table-base-table-bases-standard-iron-bases-2
Table Bases,Standard Iron 05 Dining Table Base,DT05-BASE,Wrought Iron,"Timeless and sturdy, our Standard Iron table bases provide a strong foundation for your outdoor tables. Crafted from durable iron with a refined finish, they combine classic design with long-lasting performance. These versatile bases pair beautifully with the Monterra and Pasadera collections, enhancing both traditional and contemporary outdoor spaces. This base fits the following tops: - 28x50"" (Porcelain, Micro Mesh) - 31x56"" (Dekton) - 36x58"" (Porcelain, Micro Mesh)",Packaged Weight: 38 lbs,,https://www.owlee.com/collections/standard-iron-bases/dining-table-base-table-bases-standard-iron-bases-3
Table Bases,Standard Iron 07 Dining Table Base,DT07-BASE,Wrought Iron,"Timeless and sturdy, our Standard Iron table bases provide a strong foundation for your outdoor tables. Crafted from durable iron with a refined finish, they combine classic design with long-lasting performance. These versatile bases pair beautifully with the Monterra and Pasadera collections, enhancing both traditional and contemporary outdoor spaces. This base fits the following tops: - 42x72"" (Porcelain) - 42x84"" (Porcelain, Dekton, Micro Mesh)",Packaged Weight: 61 lbs,,https://www.owlee.com/collections/standard-iron-bases/dining-table-base-table-bases-standard-iron-bases-4
Table Bases,Standard Iron 01 Counter Table Base,CT01-BASE,Wrought Iron,"Timeless and sturdy, our Standard Iron table bases provide a strong foundation for your outdoor tables. Crafted from durable iron with a refined finish, they combine classic design with long-lasting performance. These versatile bases pair beautifully with the Monterra and Pasadera collections, enhancing both traditional and contemporary outdoor spaces. This base fits the following tops: - 24"" Round (Porcelain, Dekton, or Mesh) - 24"" Square (Porcelain or Dekton) - 30"" Round (Porcelain or Mesh)",Packaged Weight: 23 lbs,,https://www.owlee.com/collections/standard-iron-bases/counter-table-base-table-bases-standard-iron-bases
Table Bases,Standard Iron 03 Counter Table Base,CT03-BASE,Wrought Iron,"Timeless and sturdy, our Standard Iron table bases provide a strong foundation for your outdoor tables. Crafted from durable iron with a refined finish, they combine classic design with long-lasting performance. These versatile bases pair beautifully with the Monterra and Pasadera collections, enhancing both traditional and contemporary outdoor spaces. This base fits the following tops: - 36"" Square (Porcelain) - 42"" Round (Porcelain and Micro Mesh) - 42"" Square (Porcelain and Micro Mesh) - 54"" Round (Porcelain, Dekton, and Micro Mesh)",Packaged Weight: 42 lbs,,https://www.owlee.com/collections/standard-iron-bases/counter-table-base-table-bases-standard-iron-bases-2
Table Bases,Standard Iron 01 Bar Table Base,BT01-BASE,Wrought Iron,"Timeless and sturdy, our Standard Iron table bases provide a strong foundation for your outdoor tables. Crafted from durable iron with a refined finish, they combine classic design with long-lasting performance. These versatile bases pair beautifully with the Monterra and Pasadera collections, enhancing both traditional and contemporary outdoor spaces. This base fits the following tops: - 24"" Round (Porcelain, Dekton, or Mesh) - 24"" Square (Porcelain or Dekton) - 30"" Round (Porcelain or Mesh)",Packaged Weight: 25 lbs,,https://www.owlee.com/collections/standard-iron-bases/bar-table-base-table-bases-standard-iron-bases-3
Table Bases,Standard Iron 03 Bar Table Base,BT03-BASE,Wrought Iron,"Timeless and sturdy, our Standard Iron table bases provide a strong foundation for your outdoor tables. Crafted from durable iron with a refined finish, they combine classic design with long-lasting performance. These versatile bases pair beautifully with the Monterra and Pasadera collections, enhancing both traditional and contemporary outdoor spaces. This base fits the following tops: - 36"" Square (Porcelain) - 42"" Round (Porcelain and Micro Mesh) - 42"" Square (Porcelain and Micro Mesh) - 54"" Round (Porcelain, Dekton, and Micro Mesh)",Packaged Weight: 44 lbs,,https://www.owlee.com/collections/standard-iron-bases/bar-table-base-table-bases-standard-iron-bases
Table Bases,Standard Aluminum 03 Dining Table Base,AT-DT03,Aluminum,"The Standard Aluminum table base offers a timeless, versatile foundation designed to complement a wide range of outdoor styles. Crafted from durable aluminum, it provides excellent strength, stability, and resistance to the elements for long-term outdoor use. Clean lines and a balanced profile make it an easy pairing with multiple tabletop shapes and materials, while its dependable construction ensures lasting performance in both residential and commercial settings. Fits table tops: - 36"" square - 42"" round - 42"" square - 54"" round",,,https://www.owlee.com/collections/table-bases/standard-aluminum-03-dining-table-base
Table Bases,Standard Aluminum 01 Dining Table Base,AT-DT01,Aluminum,"The Standard Aluminum table base offers a timeless, versatile foundation designed to complement a wide range of outdoor styles. Crafted from durable aluminum, it provides excellent strength, stability, and resistance to the elements for long-term outdoor use. Clean lines and a balanced profile make it an easy pairing with multiple tabletop shapes and materials, while its dependable construction ensures lasting performance in both residential and commercial settings. Fits table tops: - 24"" Round (Porcelain, Dekton, Micro Mesh) - 24"" Square (Porcelain, Dekton) - 30"" Round (Porcelain, Micro Mesh)",Packaged Weight: 19 lbs,,https://www.owlee.com/collections/table-bases/dining-table-base-table-bases-standard-aluminum-bases
Table Bases,Standard Aluminum 07 Dining Table Base,AT-DT07,Aluminum,"The Standard Aluminum table base offers a timeless, versatile foundation designed to complement a wide range of outdoor styles. Crafted from durable aluminum, it provides excellent strength, stability, and resistance to the elements for long-term outdoor use. Clean lines and a balanced profile make it an easy pairing with multiple tabletop shapes and materials, while its dependable construction ensures lasting performance in both residential and commercial settings. Fits table tops: - 42x72"" (Porcelain) - 42x84"" (Porcelain, Dekton, Micro Mesh)",Packaged Weight: 48 lbs,,https://www.owlee.com/collections/table-bases/dining-table-base-table-bases-standard-aluminum-bases-3
Table Bases,Standard Aluminum 10 Dining Table Base,AT-DT10,Aluminum,"The Standard Aluminum table base offers a timeless, versatile foundation designed to complement a wide range of outdoor styles. Crafted from durable aluminum, it provides excellent strength, stability, and resistance to the elements for long-term outdoor use. Clean lines and a balanced profile make it an easy pairing with multiple tabletop shapes and materials, while its dependable construction ensures lasting performance in both residential and commercial settings. This table is made to fit a 42x120"" table top and is great for entertaining and for hosting large groups. Fits table tops: - 42x120"" (Porcelain only)",Packaged Weight: 41 lbs,,https://www.owlee.com/collections/table-bases/dining-table-base-table-bases-standard-aluminum-bases-5
Table Bases,Standard Aluminum 01 Counter Table Base,AT-CT01,Aluminum,"The Standard Aluminum table base offers a timeless, versatile foundation designed to complement a wide range of outdoor styles. Crafted from durable aluminum, it provides excellent strength, stability, and resistance to the elements for long-term outdoor use. Clean lines and a balanced profile make it an easy pairing with multiple tabletop shapes and materials, while its dependable construction ensures lasting performance in both residential and commercial settings. Fits table tops: - 24"" Round (Porcelain, Dekton, Micro Mesh) - 24"" Square (Porcelain, Dekton) - 30"" Round (Porcelain, Micro Mesh)",Packaged Weight: 32 lbs,,https://www.owlee.com/collections/table-bases/counter-table-base-table-bases-standard-aluminum-bases
Table Bases,Standard Aluminum 03 Counter Table Base,AT-CT03,Aluminum,"The Standard Aluminum table base offers a timeless, versatile foundation designed to complement a wide range of outdoor styles. Crafted from durable aluminum, it provides excellent strength, stability, and resistance to the elements for long-term outdoor use. Clean lines and a balanced profile make it an easy pairing with multiple tabletop shapes and materials, while its dependable construction ensures lasting performance in both residential and commercial settings. Fits table tops: - 36"" square - 42"" round - 42"" square - 54"" round",Weight: 37 lbs,,https://www.owlee.com/collections/table-bases/counter-table-base-table-bases-standard-aluminum-bases-2
Table Bases,Modern Aluminum 05 Bar Table Base,MA-BT05,Aluminum,"Sleek, minimal, and designed for contemporary outdoor living, our Modern Aluminum table bases provide a clean foundation for any table top. Crafted from durable, powder-coated aluminum, they are lightweight yet built to withstand the elements--resistant to rust, corrosion, and fading. Their streamlined design pairs effortlessly with porcelain, Dekton, or micro mesh tops and complements our Arc, Aris, Avana, and Studio collections, making them a versatile choice for both residential and commercial settings. Combining modern style with long-lasting performance, these bases are as practical as they are elegant. This base fits the following tops: - 28x50"" (Porcelain, Micro Mesh) - 31x56"" (Dekton) - 36x58"" (porcelain, Micro Mesh)",Packaged Weight: 29 lbs,,https://www.owlee.com/collections/table-bases/modern-aluminum-05-bar-table-base
Table Bases,Modern Aluminum 05 Counter Table Base,MA-CT05,Aluminum,"Sleek, minimal, and designed for contemporary outdoor living, our Modern Aluminum table bases provide a clean foundation for any table top. Crafted from durable, powder-coated aluminum, they are lightweight yet built to withstand the elements--resistant to rust, corrosion, and fading. Their streamlined design pairs effortlessly with porcelain, Dekton, or micro mesh tops and complements our Arc, Aris, Avana, and Studio collections, making them a versatile choice for both residential and commercial settings. Combining modern style with long-lasting performance, these bases are as practical as they are elegant. This base fits the following tops: - 28x50"" (Porcelain, Micro Mesh) - 31x56"" (Dekton) - 36x58"" (porcelain, Micro Mesh)",Packaged Weight: 28 lbs,,https://www.owlee.com/collections/table-bases/modern-aluminum-05-counter-table-base
Table Bases,Modern Aluminum 03 Occasional Table Base,MA-OT03,Aluminum,"Sleek, minimal, and designed for contemporary outdoor living, our Modern Aluminum table bases provide a clean foundation for any table top. Crafted from durable, powder-coated aluminum, they are lightweight yet built to withstand the elements—resistant to rust, corrosion, and fading. Their streamlined design pairs effortlessly with porcelain, Dekton, or micro mesh tops and complements our Arc, Aris, Avana, and Studio collections, making them a versatile choice for both residential and commercial settings. Combining modern style with long-lasting performance, these bases are as practical as they are elegant. This base fits the following tops: - 36"" Square (Porcelain) - 42"" Round (Porcelain and Micro Mesh) - 42"" Square (Porcelain and Micro Mesh) - 54"" Round (Porcelain, Dekton, and Micro Mesh)",Packaged Weight: 20 lbs,,https://www.owlee.com/collections/table-bases/occasional-table-base-table-bases-modern-aluminum-2
Table Bases,Modern Aluminum 01 Side Table Base,MA-ST01,Aluminum,"Sleek, minimal, and designed for contemporary outdoor living, our Modern Aluminum table bases provide a clean foundation for any table top. Crafted from durable, powder-coated aluminum, they are lightweight yet built to withstand the elements--resistant to rust, corrosion, and fading. Their streamlined design pairs effortlessly with porcelain, Dekton, or micro mesh tops and complements our Arc, Aris, Avana, and Studio collections, making them a versatile choice for both residential and commercial settings. Combining modern style with long-lasting performance, these bases are as practical as they are elegant. This base fits the following tops: - 24"" Round (Porcelain, Dekton, or Mesh) - 24"" Square (Porcelain or Dekton) - 30"" Round (Porcelain or Mesh)",Weight: 11 lbs,,https://www.owlee.com/collections/table-bases/side-table-base-table-bases-modern-aluminum
Table Bases,Modern Aluminum 05 Occasional Table Base,MA-OT05,Aluminum,"Sleek, minimal, and designed for contemporary outdoor living, our Modern Aluminum table bases provide a clean foundation for any table top. Crafted from durable, powder-coated aluminum, they are lightweight yet built to withstand the elements--resistant to rust, corrosion, and fading. Their streamlined design pairs effortlessly with porcelain, Dekton, or micro mesh tops and complements our Arc, Aris, Avana, and Studio collections, making them a versatile choice for both residential and commercial settings. Combining modern style with long-lasting performance, these bases are as practical as they are elegant. This base fits the following tops: - 28x50"" (Porcelain, Micro Mesh) - 31x56"" (Dekton) - 36x58"" (porcelain, Micro Mesh)",Packaged Weight: 20 lbs,,https://www.owlee.com/collections/table-bases/occasional-table-base-table-bases-modern-aluminum
Table Bases,Modern Aluminum 03 Dining Table Base,MA-DT03,Aluminum,"Sleek, minimal, and designed for contemporary outdoor living, our Modern Aluminum table bases provide a clean foundation for any table top. Crafted from durable, powder-coated aluminum, they are lightweight yet built to withstand the elements—resistant to rust, corrosion, and fading. Their streamlined design pairs effortlessly with porcelain, Dekton, or micro mesh tops and complements our Arc, Aris, Avana, and Studio collections, making them a versatile choice for both residential and commercial settings. Combining modern style with long-lasting performance, these bases are as practical as they are elegant. This base fits the following tops: - 36"" Square (Porcelain) - 42"" Round (Porcelain and Micro Mesh) - 42"" Square (Porcelain and Micro Mesh) - 54"" Round (Porcelain, Dekton, and Micro Mesh)",Packaged Weight: 21 lbs,,https://www.owlee.com/collections/table-bases/dining-table-base-table-bases-modern-aluminum
Table Bases,Modern Aluminum 07 Dining Table Base,MA-DT07,Aluminum,"Sleek, minimal, and designed for contemporary outdoor living, our Modern Aluminum table bases provide a clean foundation for any table top. Crafted from durable, powder-coated aluminum, they are lightweight yet built to withstand the elements—resistant to rust, corrosion, and fading. Their streamlined design pairs effortlessly with porcelain, Dekton, or micro mesh tops and complements our Arc, Aris, Avana, and Studio collections, making them a versatile choice for both residential and commercial settings. Combining modern style with long-lasting performance, these bases are as practical as they are elegant. This base fits the following tops: - 42x72"" (Porcelain) - 42x84"" (Porcelain, Dekton, Micro Mesh)",Weight: 40 lbs,,https://www.owlee.com/collections/table-bases/dining-table-base-table-bases-modern-aluminum-2
Table Bases,Modern Aluminum 03 Counter Table Base,MA-CT03,Aluminum,"Sleek, minimal, and designed for contemporary outdoor living, our Modern Aluminum table bases provide a clean foundation for any table top. Crafted from durable, powder-coated aluminum, they are lightweight yet built to withstand the elements—resistant to rust, corrosion, and fading. Their streamlined design pairs effortlessly with porcelain, Dekton, or micro mesh tops and complements our Arc, Aris, Avana, and Studio collections, making them a versatile choice for both residential and commercial settings. Combining modern style with long-lasting performance, these bases are as practical as they are elegant. This base fits the following tops: - 36"" Square (Porcelain) - 42"" Round (Porcelain and Micro Mesh) - 42"" Square (Porcelain and Micro Mesh) - 54"" Round (Porcelain, Dekton, and Micro Mesh)",Packaged Weight: 25 lbs,,https://www.owlee.com/collections/table-bases/counter-table-base-table-bases-modern-aluminum
Table Bases,Modern Aluminum 03 Bar Table Base,MA-BT03,Aluminum,"Sleek, minimal, and designed for contemporary outdoor living, our Modern Aluminum table bases provide a clean foundation for any table top. Crafted from durable, powder-coated aluminum, they are lightweight yet built to withstand the elements—resistant to rust, corrosion, and fading. Their streamlined design pairs effortlessly with porcelain, Dekton, or micro mesh tops and complements our Arc, Aris, Avana, and Studio collections, making them a versatile choice for both residential and commercial settings. Combining modern style with long-lasting performance, these bases are as practical as they are elegant. This base fits the following tops: - 36"" Square (Porcelain) - 42"" Round (Porcelain and Micro Mesh) - 42"" Square (Porcelain and Micro Mesh) - 54"" Round (Porcelain, Dekton, and Micro Mesh)",Weight: 30 lbs,,https://www.owlee.com/collections/table-bases/bar-table-base-table-bases-modern-aluminum
Table Bases,Parsons 07 Table Base,PA-DT07,Aluminum,"The Parsons table base delivers a bold yet understated presence, defined by clean lines and a simple modern aesthetic. Crafted from high-quality durable aluminum and paired with a substantial Dekton® top, this large-scale table is ideal for entertaining and gathering outdoors. Its impressive weight and solid construction provide exceptional stability and long-lasting performance, ensuring it’s built to endure season after season while serving as a timeless centerpiece for any outdoor dining space. This base fits the following top: - 42x84"" (Dekton only)",,,https://www.owlee.com/collections/table-bases/parsons-table-base
Table Bases,Table Bases Modern Aluminum 10 Dining Table Base,Table_Bases_Modern_Aluminum_10_Dining_Table_Base,Aluminum,"Sleek, minimal, and designed for contemporary outdoor living, our Modern Aluminum table bases provide a clean foundation for any table top. Crafted from durable, powder-coated aluminum, they are lightweight yet built to withstand the elements--resistant to rust, corrosion, and fading. Their streamlined design pairs effortlessly with porcelain, Dekton, or micro mesh tops and complements our Arc, Aris, Avana, and Studio collections, making them a versatile choice for both residential and commercial settings. Combining modern style with long-lasting performance, these bases are as practical as they are elegant.
This base fits the following top: - 42x120"" (Porcelain only)","Height (in): 28"" | Width/Diameter (in): 67"" | Depth/Length (in): 32""",,
Table Tops,Table Tops 24 Round Porcelain Top,Table_Tops_24_Round_Porcelain_Top,,"Our 24"" porcelain table tops are designed to pair seamlessly with any of our 01 table bases and are available in a selection of 16 porcelain finishes. Each top is thoughtfully constructed in three durable layers and finished with a protective metal rim for long-lasting performance outdoors.
At the core is a lightweight aluminum honeycomb substrate that provides exceptional strength without added weight. This advanced structure creates a stable foundation that resists bending and warping, even in changing temperatures. The porcelain tiles are permanently bonded to the substrate using a waterproof epoxy adhesive, creating a stronger, longer-lasting bond than traditional tile methods.
The surface is made with commercial-grade porcelain tile and epoxy grout, resulting in a dense, non-porous top that resists moisture, stains, scratches, and fading. Because porcelain does not absorb water, it will not crack or split in freezing conditions, and spills won't leave lasting marks. A surrounding metal rim helps protect the tile from everyday impacts, ensuring your table maintains its beauty and integrity season after season.","Width/Diameter (in): 24"" | Depth/Length (in): 24""",,
Table Tops,Table Tops 24 Square Porcelain Table Top,Table_Tops_24_Square_Porcelain_Table_Top,,"Our 24"" porcelain table tops are designed to pair seamlessly with any of our 01 table bases and are available in a selection of 16 porcelain finishes. Each top is thoughtfully constructed in three durable layers and finished with a protective metal rim for long-lasting performance outdoors.
At the core is a lightweight aluminum honeycomb substrate that provides exceptional strength without added weight. This advanced structure creates a stable foundation that resists bending and warping, even in changing temperatures. The porcelain tiles are permanently bonded to the substrate using a waterproof epoxy adhesive, creating a stronger, longer-lasting bond than traditional tile methods.
The surface is made with commercial-grade porcelain tile and epoxy grout, resulting in a dense, non-porous top that resists moisture, stains, scratches, and fading. Because porcelain does not absorb water, it will not crack or split in freezing conditions, and spills won't leave lasting marks. A surrounding metal rim helps protect the tile from everyday impacts, ensuring your table maintains its beauty and integrity season after season.","Width/Diameter (in): 24"" | Depth/Length (in): 24""",,
Table Tops,Table Tops 28 x 50 Porcelain Table Top,Table_Tops_28_x_50_Porcelain_Table_Top,,"Our 28x50"" porcelain table tops are designed to pair seamlessly with 05 table bases and are available in a selection of 16 porcelain finishes. Each top is thoughtfully constructed in three durable layers and finished with a protective metal rim for long-lasting performance outdoors.
At the core is a lightweight aluminum honeycomb substrate that provides exceptional strength without added weight. This advanced structure creates a stable foundation that resists bending and warping, even in changing temperatures. The porcelain tiles are permanently bonded to the substrate using a waterproof epoxy adhesive, creating a stronger, longer-lasting bond than traditional tile methods. The surface is made with commercial-grade porcelain tile and epoxy grout, resulting in a dense, non-porous top that resists moisture, stains, scratches, and fading. Because porcelain does not absorb water, it will not crack or split in freezing conditions, and spills won't leave lasting marks. A surrounding metal rim helps protect the tile from everyday impacts, ensuring your table maintains its beauty and integrity season after season.","Width/Diameter (in): 28"" | Depth/Length (in): 50"" | Packaged Weight: 70 lbs",,
Table Tops,Table Tops 30 Round Porcelain Table Top,Table_Tops_30_Round_Porcelain_Table_Top,,"Our 30"" porcelain table tops are designed to pair seamlessly with any of our 01 table bases and are available in a selection of 16 porcelain finishes. Each top is thoughtfully constructed in three durable layers and finished with a protective metal rim for long-lasting performance outdoors.
At the core is a lightweight aluminum honeycomb substrate that provides exceptional strength without added weight. This advanced structure creates a stable foundation that resists bending and warping, even in changing temperatures. The porcelain tiles are permanently bonded to the substrate using a waterproof epoxy adhesive, creating a stronger, longer-lasting bond than traditional tile methods.
The surface is made with commercial-grade porcelain tile and epoxy grout, resulting in a dense, non-porous top that resists moisture, stains, scratches, and fading. Because porcelain does not absorb water, it will not crack or split in freezing conditions, and spills won't leave lasting marks. A surrounding metal rim helps protect the tile from everyday impacts, ensuring your table maintains its beauty and integrity season after season.","Width/Diameter (in): 30"" | Depth/Length (in): 30"" | Special Notes: Pairs with 01 Table Bases",,
Table Tops,Table Tops 36 Square Porcelain Table Top,Table_Tops_36_Square_Porcelain_Table_Top,,"Our 36"" square porcelain table tops are designed to pair seamlessly with our 03 table bases and are available in a selection of 16 porcelain finishes. Each top is thoughtfully constructed in three durable layers and finished with a protective metal rim for long-lasting performance outdoors.
At the core is a lightweight aluminum honeycomb substrate that provides exceptional strength without added weight. This advanced structure creates a stable foundation that resists bending and warping, even in changing temperatures. The porcelain tiles are permanently bonded to the substrate using a waterproof epoxy adhesive, creating a stronger, longer-lasting bond than traditional tile methods. The surface is made with commercial-grade porcelain tile and epoxy grout, resulting in a dense, non-porous top that resists moisture, stains, scratches, and fading. Because porcelain does not absorb water, it will not crack or split in freezing conditions, and spills won't leave lasting marks. A surrounding metal rim helps protect the tile from everyday impacts, ensuring your table maintains its beauty and integrity season after season.","Width/Diameter (in): 36"" | Depth/Length (in): 36""",,
Table Tops,Table Tops 36 x 58 Micro Mesh Top with Umbrella Hole,MM-3658RTU,,"This 36x58"" table top is designed to pair with our 05 table bases. Our Micro Mesh table tops offer a light, durable, and effortlessly functional surface for outdoor living. Crafted from sturdy metal mesh, they allow air and water to pass through easily, helping surfaces dry quickly and stay cooler in the sun. The finely woven pattern adds subtle texture and visual interest while maintaining a clean, understated appearance.
Engineered for long-lasting performance, Micro Mesh table tops are resistant to rust, corrosion, and everyday wear, making them ideal for both residential patios and high-traffic commercial settings. Versatile and low-maintenance, they pair beautifully with a variety of table bases and seating styles, delivering practical comfort with enduring style.","Width/Diameter (in): 36"" | Depth/Length (in): 58"" | Special Notes: Fits -05 Style Bases",,
Table Tops,Table Tops 36 x 58 Porcelain Table Top,Table_Tops_36_x_58_Porcelain_Table_Top,,"Our 36x58"" porcelain table tops are designed to pair seamlessly with 05 table bases and are available in a selection of 16 porcelain finishes. Each top is thoughtfully constructed in three durable layers and finished with a protective metal rim for long-lasting performance outdoors.
At the core is a lightweight aluminum honeycomb substrate that provides exceptional strength without added weight. This advanced structure creates a stable foundation that resists bending and warping, even in changing temperatures. The porcelain tiles are permanently bonded to the substrate using a waterproof epoxy adhesive, creating a stronger, longer-lasting bond than traditional tile methods. The surface is made with commercial-grade porcelain tile and epoxy grout, resulting in a dense, non-porous top that resists moisture, stains, scratches, and fading. Because porcelain does not absorb water, it will not crack or split in freezing conditions, and spills won't leave lasting marks. A surrounding metal rim helps protect the tile from everyday impacts, ensuring your table maintains its beauty and integrity season after season.","Width/Diameter (in): 36"" | Depth/Length (in): 58"" | Packaged Weight: 92 lbs",,
Table Tops,Table Tops 42 Round Porcelain Table Top,Table_Tops_42_Round_Porcelain_Table_Top,,"Our 42"" round porcelain table tops are designed to pair seamlessly with 03 table bases and are available in a selection of 16 porcelain finishes. Each top is thoughtfully constructed in three durable layers and finished with a protective metal rim for long-lasting performance outdoors.
At the core is a lightweight aluminum honeycomb substrate that provides exceptional strength without added weight. This advanced structure creates a stable foundation that resists bending and warping, even in changing temperatures. The porcelain tiles are permanently bonded to the substrate using a waterproof epoxy adhesive, creating a stronger, longer-lasting bond than traditional tile methods. The surface is made with commercial-grade porcelain tile and epoxy grout, resulting in a dense, non-porous top that resists moisture, stains, scratches, and fading. Because porcelain does not absorb water, it will not crack or split in freezing conditions, and spills won't leave lasting marks. A surrounding metal rim helps protect the tile from everyday impacts, ensuring your table maintains its beauty and integrity season after season.","Width/Diameter (in): 42"" | Depth/Length (in): 42"" | Packaged Weight: 66 lbs",,
Table Tops,Table Tops 42 Square Porcelain Table Top,Table_Tops_42_Square_Porcelain_Table_Top,,"Our 42"" square porcelain table tops are designed to pair seamlessly with 03 table bases and are available in a selection of 16 porcelain finishes. Each top is thoughtfully constructed in three durable layers and finished with a protective metal rim for long-lasting performance outdoors.
At the core is a lightweight aluminum honeycomb substrate that provides exceptional strength without added weight. This advanced structure creates a stable foundation that resists bending and warping, even in changing temperatures. The porcelain tiles are permanently bonded to the substrate using a waterproof epoxy adhesive, creating a stronger, longer-lasting bond than traditional tile methods. The surface is made with commercial-grade porcelain tile and epoxy grout, resulting in a dense, non-porous top that resists moisture, stains, scratches, and fading. Because porcelain does not absorb water, it will not crack or split in freezing conditions, and spills won't leave lasting marks. A surrounding metal rim helps protect the tile from everyday impacts, ensuring your table maintains its beauty and integrity season after season.","Width/Diameter (in): 42"" | Depth/Length (in): 42"" | Packaged Weight: 70 lbs",,
Table Tops,Table Tops 42 x 120 Porcelain Table Top,Table_Tops_42_x_120_Porcelain_Table_Top,,"Our 42x120"" porcelain table tops are designed to pair seamlessly with our 10 table bases and are available in a selection of 16 porcelain finishes. Each top is thoughtfully constructed in three durable layers and finished with a protective metal rim for long-lasting performance outdoors.
At the core is a lightweight aluminum honeycomb substrate that provides exceptional strength without added weight. This advanced structure creates a stable foundation that resists bending and warping, even in changing temperatures. The porcelain tiles are permanently bonded to the substrate using a waterproof epoxy adhesive, creating a stronger, longer-lasting bond than traditional tile methods. The surface is made with commercial-grade porcelain tile and epoxy grout, resulting in a dense, non-porous top that resists moisture, stains, scratches, and fading. Because porcelain does not absorb water, it will not crack or split in freezing conditions, and spills won't leave lasting marks. A surrounding metal rim helps protect the tile from everyday impacts, ensuring your table maintains its beauty and integrity season after season.","Height (in): 1.5"" | Width/Diameter (in): 42"" | Depth/Length (in): 120"" | Packaged Weight: 390 lbs",,
Table Tops,Table Tops 42 x 72 Porcelain Table Top,Table_Tops_42_x_72_Porcelain_Table_Top,,"Our 42x72"" porcelain table tops are designed to pair seamlessly with 07 table bases and are available in a selection of 16 porcelain finishes. Each top is thoughtfully constructed in three durable layers and finished with a protective metal rim for long-lasting performance outdoors.
At the core is a lightweight aluminum honeycomb substrate that provides exceptional strength without added weight. This advanced structure creates a stable foundation that resists bending and warping, even in changing temperatures. The porcelain tiles are permanently bonded to the substrate using a waterproof epoxy adhesive, creating a stronger, longer-lasting bond than traditional tile methods. The surface is made with commercial-grade porcelain tile and epoxy grout, resulting in a dense, non-porous top that resists moisture, stains, scratches, and fading. Because porcelain does not absorb water, it will not crack or split in freezing conditions, and spills won't leave lasting marks. A surrounding metal rim helps protect the tile from everyday impacts, ensuring your table maintains its beauty and integrity season after season.","Width/Diameter (in): 42"" | Depth/Length (in): 72"" | Packaged Weight: 150 lbs",,
Table Tops,Table Tops 42 x 84 Porcelain Table Top,E-4284RTD,,"Our 42x84"" porcelain table tops are designed to pair seamlessly with 07 table bases and are available in a selection of 16 porcelain finishes. Each top is thoughtfully constructed in three durable layers and finished with a protective metal rim for long-lasting performance outdoors.
At the core is a lightweight aluminum honeycomb substrate that provides exceptional strength without added weight. This advanced structure creates a stable foundation that resists bending and warping, even in changing temperatures. The porcelain tiles are permanently bonded to the substrate using a waterproof epoxy adhesive, creating a stronger, longer-lasting bond than traditional tile methods. The surface is made with commercial-grade porcelain tile and epoxy grout, resulting in a dense, non-porous top that resists moisture, stains, scratches, and fading. Because porcelain does not absorb water, it will not crack or split in freezing conditions, and spills won't leave lasting marks. A surrounding metal rim helps protect the tile from everyday impacts, ensuring your table maintains its beauty and integrity season after season.","Width/Diameter (in): 42"" | Depth/Length (in): 84"" | Packaged Weight: 170 lbs",,
Table Tops,Table Tops 54 Round Porcelain Table Top,Table_Tops_54_Round_Porcelain_Table_Top,,"Our 54"" round porcelain table tops are designed to pair seamlessly with 03 table bases and are available in a selection of 16 porcelain finishes. Each top is thoughtfully constructed in three durable layers and finished with a protective metal rim for long-lasting performance outdoors.
At the core is a lightweight aluminum honeycomb substrate that provides exceptional strength without added weight. This advanced structure creates a stable foundation that resists bending and warping, even in changing temperatures. The porcelain tiles are permanently bonded to the substrate using a waterproof epoxy adhesive, creating a stronger, longer-lasting bond than traditional tile methods. The surface is made with commercial-grade porcelain tile and epoxy grout, resulting in a dense, non-porous top that resists moisture, stains, scratches, and fading. Because porcelain does not absorb water, it will not crack or split in freezing conditions, and spills won't leave lasting marks. A surrounding metal rim helps protect the tile from everyday impacts, ensuring your table maintains its beauty and integrity season after season.","Width/Diameter (in): 54"" | Depth/Length (in): 54"" | Packaged Weight: 112 lbs",,
