item_number,product_name,collection_name,image_count,overall_width,overall_depth,overall_height,diameter,product_weight,seat_height,arm_height,reclined_length,retail_warranty,contract_warranty,image_1_path,image_1_url,image_2_path,image_2_url,image_3_path,image_3_url,image_4_path,image_4_url
9A70,Chat Height Arm Chair,Adirondack MGP Sling,4,"30.75""","29.5""","38.5""",,24 lbs,,,,15 years,5 years,images/adirondack_mgp_sling/chat_height_arm_chair/product_1.jpg,https://img.telescopecasual.com/PR/233/479_1.jpg,images/adirondack_mgp_sling/chat_height_arm_chair/product_2.jpg,https://img.telescopecasual.com/PR/233/479_2.jpg,images/adirondack_mgp_sling/chat_height_arm_chair/product_3.jpg,https://img.telescopecasual.com/PR/233/479_3.jpg,images/adirondack_mgp_sling/chat_height_arm_chair/product_4.jpg,https://img.telescopecasual.com/PR/233/479_4.jpg
86X0,Arm Chair,Antero MGP Cushion,1,"33""","36""","37""",,50 lbs,,,,15 years,3 years,images/antero_cushion/arm_chair/product_1.jpg,https://img.telescopecasual.com/PR/233/3360_1.jpg,,,,,,
,Ottoman,Antero MGP Cushion,1,,,,,,,,,,,images/antero_cushion/ottoman/product_1.jpg,https://img.telescopecasual.com/PR/233/3368_1.jpg,,,,,,
8690,Swivel Rocker,Antero MGP Cushion,1,"33""","35""","39""",,66 lbs,,,,15 years,1 years,images/antero_cushion/swivel_rocker/product_1.jpg,https://img.telescopecasual.com/PR/233/3362_1.jpg,,,,,,
,Three-Seat Sofa,Antero MGP Cushion,1,,,,,,,,,,,images/antero_cushion/three_seat_sofa/product_1.jpg,https://img.telescopecasual.com/PR/233/3366_1.jpg,,,,,,
,Two-Seat Loveseat,Antero MGP Cushion,1,,,,,,,,,,,images/antero_cushion/two_seat_loveseat/product_1.jpg,https://img.telescopecasual.com/PR/233/3364_1.jpg,,,,,,
,Balcony Height Armless Cafe Chair,Aruba Sling,2,,,,,,,,,,,images/aruba_sling/balcony_height_armless_cafe_chair/product_1.jpg,https://img.telescopecasual.com/PR/233/1272_1.jpg,images/aruba_sling/balcony_height_armless_cafe_chair/product_2.jpg,https://img.telescopecasual.com/PR/233/1272_2.jpg,,,,
,Balcony Height Swivel Cafe Chair,Aruba Sling,2,,,,,,,,,,,images/aruba_sling/balcony_height_swivel_cafe_chair/product_1.jpg,https://img.telescopecasual.com/PR/233/54_1.jpg,images/aruba_sling/balcony_height_swivel_cafe_chair/product_2.jpg,https://img.telescopecasual.com/PR/233/54_2.jpg,,,,
,Bar Height Armless Cafe Chair,Aruba Sling,2,,,,,,,,,,,images/aruba_sling/bar_height_armless_cafe_chair/product_1.jpg,https://img.telescopecasual.com/PR/233/1274_1.jpg,images/aruba_sling/bar_height_armless_cafe_chair/product_2.jpg,https://img.telescopecasual.com/PR/233/1274_2.jpg,,,,
,Bar Height Swivel Cafe Chair,Aruba Sling,2,,,,,,,,,,,images/aruba_sling/bar_height_swivel_cafe_chair/product_1.jpg,https://img.telescopecasual.com/PR/233/53_1.jpg,images/aruba_sling/bar_height_swivel_cafe_chair/product_2.jpg,https://img.telescopecasual.com/PR/233/53_2.jpg,,,,
,Dining Height Armless Cafe Chair,Aruba Sling,2,,,,,,,,,,,images/aruba_sling/dining_height_armless_cafe_chair/product_1.jpg,https://img.telescopecasual.com/PR/233/1270_1.jpg,images/aruba_sling/dining_height_armless_cafe_chair/product_2.jpg,https://img.telescopecasual.com/PR/233/1270_2.jpg,,,,
7R30,Four-Position High Bed Lay-flat Stacking Chaise,Aruba Sling,2,"27""","69""","43""",,21.25 lbs,,,"78""",15 years,5 years,images/aruba_sling/four_position_high_bed_lay_flat_stacking_chaise/product_1.jpg,https://img.telescopecasual.com/PR/233/1840_1.jpg,images/aruba_sling/four_position_high_bed_lay_flat_stacking_chaise/product_2.jpg,https://img.telescopecasual.com/PR/233/1840_2.jpg,,,,
8R60,Stacking Arm Chair,Aruba Sling,2,"21""","25.75""","34.5""",,9 lbs,,,,15 years,5 years,images/aruba_sling/stacking_arm_chair/product_1.jpg,https://img.telescopecasual.com/PR/233/48_1.jpg,images/aruba_sling/stacking_arm_chair/product_2.jpg,https://img.telescopecasual.com/PR/233/48_2.jpg,,,,
8R60,Stacking Cafe Chair,Aruba Sling,2,"21""","25.75""","34.5""",,9 lbs,,,,15 years,5 years,images/aruba_sling/stacking_cafe_chair/product_1.jpg,https://img.telescopecasual.com/PR/233/51_1.jpg,images/aruba_sling/stacking_cafe_chair/product_2.jpg,https://img.telescopecasual.com/PR/233/51_2.jpg,,,,
8R60,Supreme Stacking Arm Chair,Aruba Sling,2,"21""","25.75""","34.5""",,9 lbs,,,,15 years,5 years,images/aruba_sling/supreme_stacking_arm_chair/product_1.jpg,https://img.telescopecasual.com/PR/233/52_1.jpg,images/aruba_sling/supreme_stacking_arm_chair/product_2.jpg,https://img.telescopecasual.com/PR/233/52_2.jpg,,,,
,Supreme Swivel Rocker,Aruba Sling,2,,,,,,,,,,,images/aruba_sling/supreme_swivel_rocker/product_1.jpg,https://img.telescopecasual.com/PR/233/44_1.jpg,images/aruba_sling/supreme_swivel_rocker/product_2.jpg,https://img.telescopecasual.com/PR/233/44_2.jpg,,,,
,Swivel Rocker,Aruba Sling,2,,,,,,,,,,,images/aruba_sling/swivel_rocker/product_1.jpg,https://img.telescopecasual.com/PR/233/47_1.jpg,images/aruba_sling/swivel_rocker/product_2.jpg,https://img.telescopecasual.com/PR/233/47_2.jpg,,,,
,Balcony Height  Swivel Chair,Avant Polymer / Aluminum,3,,,,,,,,,,,images/avant_mgp_aluminum/balcony_height_swivel_chair/product_1.jpg,https://img.telescopecasual.com/PR/233/2025_1.jpg,images/avant_mgp_aluminum/balcony_height_swivel_chair/product_2.jpg,https://img.telescopecasual.com/PR/233/2025_2.jpg,images/avant_mgp_aluminum/balcony_height_swivel_chair/product_3.jpg,https://img.telescopecasual.com/PR/233/2025_3.jpg,,
8R60,Balcony Height Stacking Chair,Avant Polymer / Aluminum,3,"21""","25.75""","34.5""",,9 lbs,,,,15 years,5 years,images/avant_mgp_aluminum/balcony_height_stacking_chair/product_1.jpg,https://img.telescopecasual.com/PR/233/1828_1.jpg,images/avant_mgp_aluminum/balcony_height_stacking_chair/product_2.jpg,https://img.telescopecasual.com/PR/233/1828_2.jpg,images/avant_mgp_aluminum/balcony_height_stacking_chair/product_3.jpg,https://img.telescopecasual.com/PR/233/1828_3.jpg,,
,Bar Height  Swivel Chair,Avant Polymer / Aluminum,3,,,,,,,,,,,images/avant_mgp_aluminum/bar_height_swivel_chair/product_1.jpg,https://img.telescopecasual.com/PR/233/2024_1.jpg,images/avant_mgp_aluminum/bar_height_swivel_chair/product_2.jpg,https://img.telescopecasual.com/PR/233/2024_2.jpg,images/avant_mgp_aluminum/bar_height_swivel_chair/product_3.jpg,https://img.telescopecasual.com/PR/233/2024_3.jpg,,
8R60,Bar Height Stacking  Chair,Avant Polymer / Aluminum,3,"21""","25.75""","34.5""",,9 lbs,,,,15 years,5 years,images/avant_mgp_aluminum/bar_height_stacking_chair/product_1.jpg,https://img.telescopecasual.com/PR/233/1830_1.jpg,images/avant_mgp_aluminum/bar_height_stacking_chair/product_2.jpg,https://img.telescopecasual.com/PR/233/1830_2.jpg,images/avant_mgp_aluminum/bar_height_stacking_chair/product_3.jpg,https://img.telescopecasual.com/PR/233/1830_3.jpg,,
8R60,Stacking Bistro Chair,Avant Polymer / Aluminum,3,"21""","25.75""","34.5""",,9 lbs,,,,15 years,5 years,images/avant_mgp_aluminum/stacking_bistro_chair/product_1.jpg,https://img.telescopecasual.com/PR/233/1829_1.jpg,images/avant_mgp_aluminum/stacking_bistro_chair/product_2.jpg,https://img.telescopecasual.com/PR/233/1829_2.jpg,images/avant_mgp_aluminum/stacking_bistro_chair/product_3.jpg,https://img.telescopecasual.com/PR/233/1829_3.jpg,,
8R60,Stacking Dining Chair,Avant Polymer / Aluminum,2,"21""","25.75""","34.5""",,9 lbs,,,,15 years,5 years,images/avant_mgp_aluminum/stacking_dining_chair/product_1.jpg,https://img.telescopecasual.com/PR/233/2409_1.jpg,images/avant_mgp_aluminum/stacking_dining_chair/product_2.jpg,https://img.telescopecasual.com/PR/233/2409_2.jpg,,,,
,"54"" Flat Bench",Bazza Bench,2,,,,,,,,,,,images/bazza_bench/54_flat_bench/product_1.jpg,https://img.telescopecasual.com/PR/233/2702_1.jpg,images/bazza_bench/54_flat_bench/product_2.jpg,https://img.telescopecasual.com/PR/233/2702_2.jpg,,,,
8930,"56"" Stacking Armless Bench",Bazza Bench,2,"15.75""","20.25""","40.5""",,12 lbs,,,,15 years,5 years,images/bazza_bench/56_stacking_armless_bench/product_1.jpg,https://img.telescopecasual.com/PR/233/1837_1.jpg,images/bazza_bench/56_stacking_armless_bench/product_2.jpg,https://img.telescopecasual.com/PR/233/1837_2.jpg,,,,
,"64"" Flat Bench",Bazza Bench,2,,,,,,,,,,,images/bazza_bench/64_flat_bench/product_1.jpg,https://img.telescopecasual.com/PR/233/2660_1.jpg,images/bazza_bench/64_flat_bench/product_2.jpg,https://img.telescopecasual.com/PR/233/2660_2.jpg,,,,
,Bench Anchor Kit,Bazza Bench,1,,,,,,,,,,,images/bazza_bench/bench_anchor_kit/product_1.jpg,https://img.telescopecasual.com/PR/233/795_1.jpg,,,,,,
8900,Stacking Bistro Chair,Bazza Bench,1,"15.5""","20.25""","32.75""",,8 lbs,,,,15 years,5 years,images/bazza_bench/stacking_bistro_chair/product_1.jpg,https://img.telescopecasual.com/PR/233/2408_1.jpg,,,,,,
,"26.5"" x 10.25"" Add-On Chaise Table Connector Kit",Bazza Sling,1,,,,,,,,,,,images/bazza_sling/26_5_x_10_25_add_on_chaise_table_connector_kit/product_1.jpg,https://img.telescopecasual.com/PR/233/2438_1.jpg,,,,,,
,Add-On Chaise Connector Kit,Bazza Sling,2,,,,,,,,,,,images/bazza_sling/add_on_chaise_connector_kit/product_1.jpg,https://img.telescopecasual.com/PR/233/2434_1.jpg,images/bazza_sling/add_on_chaise_connector_kit/product_2.jpg,https://img.telescopecasual.com/PR/233/2434_2.jpg,,,,
8R60,Balcony Height Stacking Armless Cafe Chair,Bazza Sling,1,"21""","25.75""","34.5""",,9 lbs,,,,15 years,5 years,images/bazza_sling/balcony_height_stacking_armless_cafe_chair/product_1.jpg,https://img.telescopecasual.com/PR/233/3332_1.jpg,,,,,,
8R60,Bar Height Stacking Armless Cafe Chair,Bazza Sling,1,"21""","25.75""","34.5""",,9 lbs,,,,15 years,5 years,images/bazza_sling/bar_height_stacking_armless_cafe_chair/product_1.jpg,https://img.telescopecasual.com/PR/233/3333_1.jpg,,,,,,
8R60,Bistro Stacking Chair w/ Polymer Accents,Bazza Sling,2,"21""","25.75""","34.5""",,9 lbs,,,,15 years,5 years,images/bazza_sling/bistro_stacking_chair_w_polymer_accents/product_1.jpg,https://img.telescopecasual.com/PR/233/2222_1.jpg,images/bazza_sling/bistro_stacking_chair_w_polymer_accents/product_2.jpg,https://img.telescopecasual.com/PR/233/2222_2.jpg,,,,
7R30,Four-Position Contour Armless Chaise w/ Polymer Overlay,Bazza Sling,3,"27""","69""","43""",,21.25 lbs,,,"78""",15 years,5 years,images/bazza_sling/four_position_contour_armless_chaise_w_polymer_ove/product_1.jpg,https://img.telescopecasual.com/PR/233/2474_1.jpg,images/bazza_sling/four_position_contour_armless_chaise_w_polymer_ove/product_2.jpg,https://img.telescopecasual.com/PR/233/2474_2.jpg,images/bazza_sling/four_position_contour_armless_chaise_w_polymer_ove/product_3.jpg,https://img.telescopecasual.com/PR/233/2474_3.jpg,,
8R60,Stacking Armless Cafe Chair,Bazza Sling,2,"21""","25.75""","34.5""",,9 lbs,,,,15 years,5 years,images/bazza_sling/stacking_armless_cafe_chair/product_1.jpg,https://img.telescopecasual.com/PR/233/2896_1.jpg,images/bazza_sling/stacking_armless_cafe_chair/product_2.jpg,https://img.telescopecasual.com/PR/233/2896_2.jpg,,,,
8R60,Stacking Balcony Height Cafe Chair w/ Polymer Accents,Bazza Sling,2,"21""","25.75""","34.5""",,9 lbs,,,,15 years,5 years,images/bazza_sling/stacking_balcony_height_cafe_chair_w_polymer_accen/product_1.jpg,https://img.telescopecasual.com/PR/233/1332_1.jpg,images/bazza_sling/stacking_balcony_height_cafe_chair_w_polymer_accen/product_2.jpg,https://img.telescopecasual.com/PR/233/1332_2.jpg,,,,
8R60,Stacking Bar Height Cafe Chair w/ Polymer Accents,Bazza Sling,2,"21""","25.75""","34.5""",,9 lbs,,,,15 years,5 years,images/bazza_sling/stacking_bar_height_cafe_chair_w_polymer_accents/product_1.jpg,https://img.telescopecasual.com/PR/233/1335_1.jpg,images/bazza_sling/stacking_bar_height_cafe_chair_w_polymer_accents/product_2.jpg,https://img.telescopecasual.com/PR/233/1335_2.jpg,,,,
8R60,Stacking Cafe Chair w/ Polymer Accents,Bazza Sling,2,"21""","25.75""","34.5""",,9 lbs,,,,15 years,5 years,images/bazza_sling/stacking_cafe_chair_w_polymer_accents/product_1.jpg,https://img.telescopecasual.com/PR/233/1021_1.jpg,images/bazza_sling/stacking_cafe_chair_w_polymer_accents/product_2.jpg,https://img.telescopecasual.com/PR/233/1021_2.jpg,,,,
HH60,Swivel Rocker w/ Polymer Accents,Bazza Sling,2,"26""","28.75""","39""",,22 lbs,,,,15 years,1 years,images/bazza_sling/swivel_rocker_w_polymer_accents/product_1.jpg,https://img.telescopecasual.com/PR/233/2241_1.jpg,images/bazza_sling/swivel_rocker_w_polymer_accents/product_2.jpg,https://img.telescopecasual.com/PR/233/2241_2.jpg,,,,
,Arm Chair w/ Polymer Accents,Belle Isle Cushion,1,,,,,,,,,,,images/belle_isle_cushion/arm_chair_w_polymer_accents/product_1.jpg,https://img.telescopecasual.com/PR/233/1207_1.jpg,,,,,,
9A70,Armless Cafe Chair,Belle Isle Cushion,1,"30.75""","29.5""","38.5""",,24 lbs,,,,15 years,5 years,images/belle_isle_cushion/armless_cafe_chair/product_1.jpg,https://img.telescopecasual.com/PR/233/3371_1.jpg,,,,,,
,Cafe Arm Chair w/ Polymer Accents,Belle Isle Cushion,1,,,,,,,,,,,images/belle_isle_cushion/cafe_arm_chair_w_polymer_accents/product_1.jpg,https://img.telescopecasual.com/PR/233/3373_1.jpg,,,,,,
Z000,Ottoman,Belle Isle Cushion,1,"24.25""","21""","19""",,11 lbs,,,,15 years,3 years,images/belle_isle_cushion/ottoman/product_1.jpg,https://img.telescopecasual.com/PR/233/1233_1.jpg,,,,,,
,Single-Seat Glider w/ Polymer Accents,Belle Isle Cushion,4,,,,,,,,,,,images/belle_isle_cushion/single_seat_glider_w_polymer_accents/product_1.jpg,https://img.telescopecasual.com/PR/233/3248_1.jpg,images/belle_isle_cushion/single_seat_glider_w_polymer_accents/product_2.jpg,https://img.telescopecasual.com/PR/233/3248_2.jpg,images/belle_isle_cushion/single_seat_glider_w_polymer_accents/product_3.jpg,https://img.telescopecasual.com/PR/233/3248_3.jpg,images/belle_isle_cushion/single_seat_glider_w_polymer_accents/product_4.jpg,https://img.telescopecasual.com/PR/233/3248_4.jpg
,Supreme Adjustable Back Chair w/ Polymer Accents,Belle Isle Cushion,1,,,,,,,,,,,images/belle_isle_cushion/supreme_adjustable_back_chair_w_polymer_accents/product_1.jpg,https://img.telescopecasual.com/PR/233/1815_1.jpg,,,,,,
,Supreme Single-Seat Glider w/ Polymer Accents,Belle Isle Cushion,1,,,,,,,,,,,images/belle_isle_cushion/supreme_single_seat_glider_w_polymer_accents/product_1.jpg,https://img.telescopecasual.com/PR/233/3375_1.jpg,,,,,,
,Supreme Swivel Rocker w/ Polymer Accents,Belle Isle Cushion,1,,,,,,,,,,,images/belle_isle_cushion/supreme_swivel_rocker_w_polymer_accents/product_1.jpg,https://img.telescopecasual.com/PR/233/1865_1.jpg,,,,,,
,Swivel Rocker w/ Polymer Accents,Belle Isle Cushion,1,,,,,,,,,,,images/belle_isle_cushion/swivel_rocker_w_polymer_accents/product_1.jpg,https://img.telescopecasual.com/PR/233/1212_1.jpg,,,,,,
,Three-Seat Sofa w/ Polymer Accents,Belle Isle Cushion,1,,,,,,,,,,,images/belle_isle_cushion/three_seat_sofa_w_polymer_accents/product_1.jpg,https://img.telescopecasual.com/PR/233/1795_1.jpg,,,,,,
,Two-Seat Glider w/ Polymer Accents,Belle Isle Cushion,1,,,,,,,,,,,images/belle_isle_cushion/two_seat_glider_w_polymer_accents/product_1.jpg,https://img.telescopecasual.com/PR/233/1224_1.jpg,,,,,,
Z090,Arm Chair w/ Polymer Accents,Belle Isle Sling,1,"26.5""","26.5""","47.5""",,17 lbs,,,,15 years,5 years,images/belle_isle_sling/arm_chair_w_polymer_accents/product_1.jpg,https://img.telescopecasual.com/PR/233/1352_1.jpg,,,,,,
Z090,Balcony Height  Swivel Arm Chair w/ Polymer Accents,Belle Isle Sling,2,"26.5""","26.5""","47.5""",,17 lbs,,,,15 years,5 years,images/belle_isle_sling/balcony_height_swivel_arm_chair_w_polymer_accents/product_1.jpg,https://img.telescopecasual.com/PR/233/2818_1.jpg,images/belle_isle_sling/balcony_height_swivel_arm_chair_w_polymer_accents/product_2.jpg,https://img.telescopecasual.com/PR/233/2818_2.jpg,,,,
Z090,Bar Height Swivel Arm Chair w/ Polymer Accents,Belle Isle Sling,2,"26.5""","26.5""","47.5""",,17 lbs,,,,15 years,5 years,images/belle_isle_sling/bar_height_swivel_arm_chair_w_polymer_accents/product_1.jpg,https://img.telescopecasual.com/PR/233/2820_1.jpg,images/belle_isle_sling/bar_height_swivel_arm_chair_w_polymer_accents/product_2.jpg,https://img.telescopecasual.com/PR/233/2820_2.jpg,,,,
7R30,Four Position Lay-flat Chaise w/ Polymer Accents,Belle Isle Sling,2,"27""","69""","43""",,21.25 lbs,,,"78""",15 years,5 years,images/belle_isle_sling/four_position_lay_flat_chaise_w_polymer_accents/product_1.jpg,https://img.telescopecasual.com/PR/233/1478_1.jpg,images/belle_isle_sling/four_position_lay_flat_chaise_w_polymer_accents/product_2.jpg,https://img.telescopecasual.com/PR/233/1478_2.jpg,,,,
Z090,Hidden Motion Chat Chair w/ Polymer Accents,Belle Isle Sling,1,"26.5""","26.5""","47.5""",,17 lbs,,,,15 years,5 years,images/belle_isle_sling/hidden_motion_chat_chair_w_polymer_accents/product_1.jpg,https://img.telescopecasual.com/PR/233/1605_1.jpg,,,,,,
,Ottoman,Belle Isle Sling,1,,,,,,,,,,,images/belle_isle_sling/ottoman/product_1.jpg,https://img.telescopecasual.com/PR/233/1515_1.jpg,,,,,,
Z090,Single-Seat Glider w/ Polymer Accents,Belle Isle Sling,4,"26.5""","26.5""","47.5""",,17 lbs,,,,15 years,5 years,images/belle_isle_sling/single_seat_glider_w_polymer_accents/product_1.jpg,https://img.telescopecasual.com/PR/233/3266_1.jpg,images/belle_isle_sling/single_seat_glider_w_polymer_accents/product_2.jpg,https://img.telescopecasual.com/PR/233/3266_2.jpg,images/belle_isle_sling/single_seat_glider_w_polymer_accents/product_3.jpg,https://img.telescopecasual.com/PR/233/3266_3.jpg,images/belle_isle_sling/single_seat_glider_w_polymer_accents/product_4.jpg,https://img.telescopecasual.com/PR/233/3266_4.jpg
Z090,Supreme Arm Chair w/ Polymer Accents,Belle Isle Sling,1,"26.5""","26.5""","47.5""",,17 lbs,,,,15 years,5 years,images/belle_isle_sling/supreme_arm_chair_w_polymer_accents/product_1.jpg,https://img.telescopecasual.com/PR/233/1390_1.jpg,,,,,,
Z090,Supreme Single-Seat Glider w/ Polymer Accents,Belle Isle Sling,1,"26.5""","26.5""","47.5""",,17 lbs,,,,15 years,5 years,images/belle_isle_sling/supreme_single_seat_glider_w_polymer_accents/product_1.jpg,https://img.telescopecasual.com/PR/233/3403_1.jpg,,,,,,
Z060,Supreme Swivel Rocker w/ Polymer Accents,Belle Isle Sling,1,"26.5""","26""","36""",,20 lbs,,,,15 years,1 years,images/belle_isle_sling/supreme_swivel_rocker_w_polymer_accents/product_1.jpg,https://img.telescopecasual.com/PR/233/1376_1.jpg,,,,,,
Z060,Swivel Rocker w/ Polymer Accents,Belle Isle Sling,1,"26.5""","26""","36""",,20 lbs,,,,15 years,1 years,images/belle_isle_sling/swivel_rocker_w_polymer_accents/product_1.jpg,https://img.telescopecasual.com/PR/233/1365_1.jpg,,,,,,
Z090,Three-Seat Sofa w/ Polymer Accents,Belle Isle Sling,2,"26.5""","26.5""","47.5""",,17 lbs,,,,15 years,5 years,images/belle_isle_sling/three_seat_sofa_w_polymer_accents/product_1.jpg,https://img.telescopecasual.com/PR/233/2822_1.jpg,images/belle_isle_sling/three_seat_sofa_w_polymer_accents/product_2.jpg,https://img.telescopecasual.com/PR/233/2822_2.jpg,,,,
Z090,Two-Seat Glider w/ Polymer Accents,Belle Isle Sling,2,"26.5""","26.5""","47.5""",,17 lbs,,,,15 years,5 years,images/belle_isle_sling/two_seat_glider_w_polymer_accents/product_1.jpg,https://img.telescopecasual.com/PR/233/1791_1.jpg,images/belle_isle_sling/two_seat_glider_w_polymer_accents/product_2.jpg,https://img.telescopecasual.com/PR/233/1791_2.jpg,,,,
1P80,"17 1/2"" Square Side Table",Cascade MGP Tables,1,"64""","66.25""","29""",,120 lbs,,,,15 years,5 years,images/cascade_mgp_top_table/17_1_2_square_side_table/product_1.jpg,https://img.telescopecasual.com/PR/233/3562_1.jpg,,,,,,
1P80,"17"" Square End Table",Cascade MGP Tables,1,"64""","66.25""","29""",,120 lbs,,,,15 years,5 years,images/cascade_mgp_top_table/17_square_end_table/product_1.jpg,https://img.telescopecasual.com/PR/233/3561_1.jpg,,,,,,
1P80,"18"" Round  End Table",Cascade MGP Tables,1,"64""","66.25""","29""",,120 lbs,,,,15 years,5 years,images/cascade_mgp_top_table/18_round_end_table/product_1.jpg,https://img.telescopecasual.com/PR/233/3560_1.jpg,,,,,,
1P80,"18"" Square End Table",Cascade MGP Tables,1,"64""","66.25""","29""",,120 lbs,,,,15 years,5 years,images/cascade_mgp_top_table/18_square_end_table/product_1.jpg,https://img.telescopecasual.com/PR/233/3559_1.jpg,,,,,,
,"30"" Round Balcony ""X"" Pedestal Table w/ hole",Cascade MGP Tables,1,,,,,,,,,,,images/cascade_mgp_top_table/30_round_balcony_x_pedestal_table_w_hole/product_1.jpg,https://img.telescopecasual.com/PR/233/3474_1.jpg,,,,,,
,"30"" Round Balcony Table w/ hole",Cascade MGP Tables,1,,,,,,,,,,,images/cascade_mgp_top_table/30_round_balcony_table_w_hole/product_1.jpg,https://img.telescopecasual.com/PR/233/3470_1.jpg,,,,,,
,"30"" Round Bar ""X"" Pedestal Table w/ hole",Cascade MGP Tables,1,,,,,,,,,,,images/cascade_mgp_top_table/30_round_bar_x_pedestal_table_w_hole/product_1.jpg,https://img.telescopecasual.com/PR/233/3475_1.jpg,,,,,,
,"30"" Round Bar Table w/ hole",Cascade MGP Tables,1,,,,,,,,,,,images/cascade_mgp_top_table/30_round_bar_table_w_hole/product_1.jpg,https://img.telescopecasual.com/PR/233/3471_1.jpg,,,,,,
,"30"" Round Dining ""X"" Pedestal Table w/ hole",Cascade MGP Tables,1,,,,,,,,,,,images/cascade_mgp_top_table/30_round_dining_x_pedestal_table_w_hole/product_1.jpg,https://img.telescopecasual.com/PR/233/3473_1.jpg,,,,,,
,"30"" Round Dining Table w/ hole",Cascade MGP Tables,1,,,,,,,,,,,images/cascade_mgp_top_table/30_round_dining_table_w_hole/product_1.jpg,https://img.telescopecasual.com/PR/233/3469_1.jpg,,,,,,
,"30"" Round End Table Height ""X"" Pedestal Table w/ hole",Cascade MGP Tables,1,,,,,,,,,,,images/cascade_mgp_top_table/30_round_end_table_height_x_pedestal_table_w_hole/product_1.jpg,https://img.telescopecasual.com/PR/233/3472_1.jpg,,,,,,
,"36"" Square Balcony ""X"" Pedestal Table w/ hole",Cascade MGP Tables,1,,,,,,,,,,,images/cascade_mgp_top_table/36_square_balcony_x_pedestal_table_w_hole/product_1.jpg,https://img.telescopecasual.com/PR/233/3485_1.jpg,,,,,,
,"36"" Square Balcony Table w/ hole",Cascade MGP Tables,1,,,,,,,,,,,images/cascade_mgp_top_table/36_square_balcony_table_w_hole/product_1.jpg,https://img.telescopecasual.com/PR/233/3481_1.jpg,,,,,,
,"36"" Square Bar ""X"" Pedestal Table w/ hole",Cascade MGP Tables,1,,,,,,,,,,,images/cascade_mgp_top_table/36_square_bar_x_pedestal_table_w_hole/product_1.jpg,https://img.telescopecasual.com/PR/233/3486_1.jpg,,,,,,
,"36"" Square Bar Table w/ hole",Cascade MGP Tables,1,,,,,,,,,,,images/cascade_mgp_top_table/36_square_bar_table_w_hole/product_1.jpg,https://img.telescopecasual.com/PR/233/3482_1.jpg,,,,,,
,"36"" Square Dining ""X"" Pedestal Table w/ hole",Cascade MGP Tables,1,,,,,,,,,,,images/cascade_mgp_top_table/36_square_dining_x_pedestal_table_w_hole/product_1.jpg,https://img.telescopecasual.com/PR/233/3484_1.jpg,,,,,,
,"36"" Square Dining Table w/ hole",Cascade MGP Tables,1,,,,,,,,,,,images/cascade_mgp_top_table/36_square_dining_table_w_hole/product_1.jpg,https://img.telescopecasual.com/PR/233/3480_1.jpg,,,,,,
,"36"" Square End Table Height ""X"" Pedestal Table w/ hole",Cascade MGP Tables,1,,,,,,,,,,,images/cascade_mgp_top_table/36_square_end_table_height_x_pedestal_table_w_hole/product_1.jpg,https://img.telescopecasual.com/PR/233/3483_1.jpg,,,,,,
,"42"" Round Balcony ""X"" Pedestal Table w/ hole",Cascade MGP Tables,1,,,,,,,,,,,images/cascade_mgp_top_table/42_round_balcony_x_pedestal_table_w_hole/product_1.jpg,https://img.telescopecasual.com/PR/233/3496_1.jpg,,,,,,
,"42"" Round Balcony Table w/ hole",Cascade MGP Tables,1,,,,,,,,,,,images/cascade_mgp_top_table/42_round_balcony_table_w_hole/product_1.jpg,https://img.telescopecasual.com/PR/233/3492_1.jpg,,,,,,
,"42"" Round Bar ""X"" Pedestal Table w/ hole",Cascade MGP Tables,1,,,,,,,,,,,images/cascade_mgp_top_table/42_round_bar_x_pedestal_table_w_hole/product_1.jpg,https://img.telescopecasual.com/PR/233/3497_1.jpg,,,,,,
,"42"" Round Bar Table w/ hole",Cascade MGP Tables,1,,,,,,,,,,,images/cascade_mgp_top_table/42_round_bar_table_w_hole/product_1.jpg,https://img.telescopecasual.com/PR/233/3493_1.jpg,,,,,,
,"42"" Round Dining ""X"" Pedestal Table w/ hole",Cascade MGP Tables,1,,,,,,,,,,,images/cascade_mgp_top_table/42_round_dining_x_pedestal_table_w_hole/product_1.jpg,https://img.telescopecasual.com/PR/233/3495_1.jpg,,,,,,
,"42"" Round Dining Table w/ hole",Cascade MGP Tables,1,,,,,,,,,,,images/cascade_mgp_top_table/42_round_dining_table_w_hole/product_1.jpg,https://img.telescopecasual.com/PR/233/3491_1.jpg,,,,,,
,"42"" x 84"" Oval Dining Table w/ hole",Cascade MGP Tables,1,,,,,,,,,,,images/cascade_mgp_top_table/42_x_84_oval_dining_table_w_hole/product_1.jpg,https://img.telescopecasual.com/PR/233/3510_1.jpg,,,,,,
,"48"" Round Balcony ""X"" Pedestal Table w/ hole",Cascade MGP Tables,1,,,,,,,,,,,images/cascade_mgp_top_table/48_round_balcony_x_pedestal_table_w_hole/product_1.jpg,https://img.telescopecasual.com/PR/233/3505_1.jpg,,,,,,
,"48"" Round Bar ""X"" Pedestal Table w/ hole",Cascade MGP Tables,1,,,,,,,,,,,images/cascade_mgp_top_table/48_round_bar_x_pedestal_table_w_hole/product_1.jpg,https://img.telescopecasual.com/PR/233/3506_1.jpg,,,,,,
,"48"" Round Dining ""X"" Pedestal Table w/ hole",Cascade MGP Tables,1,,,,,,,,,,,images/cascade_mgp_top_table/48_round_dining_x_pedestal_table_w_hole/product_1.jpg,https://img.telescopecasual.com/PR/233/3504_1.jpg,,,,,,
,"48"" Round Dining Table w/ hole",Cascade MGP Tables,1,,,,,,,,,,,images/cascade_mgp_top_table/48_round_dining_table_w_hole/product_1.jpg,https://img.telescopecasual.com/PR/233/3501_1.jpg,,,,,,
,7 1/2' Powdercoat Aluminum Umbrella,Commercial Market Umbrellas,1,,,,,,,,,,,images/commercial_market_umbrella/7_1_2_powdercoat_aluminum_umbrella/product_1.jpg,https://img.telescopecasual.com/PR/233/58_1.jpg,,,,,,
,9' Powdercoat Aluminum Umbrella,Commercial Market Umbrellas,1,,,,,,,,,,,images/commercial_market_umbrella/9_powdercoat_aluminum_umbrella/product_1.jpg,https://img.telescopecasual.com/PR/233/59_1.jpg,,,,,,
,Script Bag,Director Chair Accessories,1,,,,,,,,,,,images/director_chair_accessories/script_bag/product_1.jpg,https://img.telescopecasual.com/PR/233/128_1.jpg,,,,,,
,Canvas Seat/Back,Director Chair Covers,1,,,,,,,,,,,images/director_chair_covers/canvas_seat_back/product_1.jpg,https://img.telescopecasual.com/PR/233/366_1.jpg,,,,,,
8R60,Armless Stacking Side Chair,Dune MGP Sling,1,"21""","25.75""","34.5""",,9 lbs,,,,15 years,5 years,images/dune_mgp_sling/armless_stacking_side_chair/product_1.jpg,https://img.telescopecasual.com/PR/233/2897_1.jpg,,,,,,
7R30,Stacking Armless Chaise w/ Wheels,Dune MGP Sling,3,"27""","69""","43""",,21.25 lbs,,,"78""",15 years,5 years,images/dune_mgp_sling/stacking_armless_chaise_w_wheels/product_1.jpg,https://img.telescopecasual.com/PR/233/480_1.jpg,images/dune_mgp_sling/stacking_armless_chaise_w_wheels/product_2.jpg,https://img.telescopecasual.com/PR/233/480_2.jpg,images/dune_mgp_sling/stacking_armless_chaise_w_wheels/product_3.jpg,https://img.telescopecasual.com/PR/233/480_3.jpg,,
7R30,Stacking Armless Lay-flat Chaise w/ Wheels,Dune MGP Sling,4,"27""","69""","43""",,21.25 lbs,,,"78""",15 years,5 years,images/dune_mgp_sling/stacking_armless_lay_flat_chaise_w_wheels/product_1.jpg,https://img.telescopecasual.com/PR/233/2946_1.jpg,images/dune_mgp_sling/stacking_armless_lay_flat_chaise_w_wheels/product_2.jpg,https://img.telescopecasual.com/PR/233/2946_2.jpg,images/dune_mgp_sling/stacking_armless_lay_flat_chaise_w_wheels/product_3.jpg,https://img.telescopecasual.com/PR/233/2946_3.jpg,images/dune_mgp_sling/stacking_armless_lay_flat_chaise_w_wheels/product_4.jpg,https://img.telescopecasual.com/PR/233/2946_4.jpg
8R60,Stacking Cafe Chair,Dune MGP Sling,1,"21""","25.75""","34.5""",,9 lbs,,,,15 years,5 years,images/dune_mgp_sling/stacking_cafe_chair/product_1.jpg,https://img.telescopecasual.com/PR/233/2898_1.jpg,,,,,,
,Stacking Hydro-Lounge Chaise,Dune MGP Sling,1,,,,,,,,,,,images/dune_mgp_sling/stacking_hydro_lounge_chaise/product_1.jpg,https://img.telescopecasual.com/PR/233/1941_1.jpg,,,,,,
,"Balcony Height Lift Kit for 3F10,3F40,3F70,CF40&amp;CF30",Fire Table Accessories,1,,,,,,,,,,,images/fire_table_accessories/balcony_height_lift_kit_for_3f10_3f40_3f70_cf40_am/product_1.jpg,https://img.telescopecasual.com/PR/233/1789_1.jpg,,,,,,
,"Bar Height Lift Kit for 3F10,3F40,3F70,CF40&amp;CF30",Fire Table Accessories,1,,,,,,,,,,,images/fire_table_accessories/bar_height_lift_kit_for_3f10_3f40_3f70_cf40_amp_cf/product_1.jpg,https://img.telescopecasual.com/PR/233/1793_1.jpg,,,,,,
,"Dining Height Lift Kit for 3F10,3F40,3F70,CF40&amp;CF30",Fire Table Accessories,1,,,,,,,,,,,images/fire_table_accessories/dining_height_lift_kit_for_3f10_3f40_3f70_cf40_amp/product_1.jpg,https://img.telescopecasual.com/PR/233/1792_1.jpg,,,,,,
,10lb Weighted Add-on Bar,Furniture Accessories,1,,,,,,,,,,,images/furniture_accessories/10lb_weighted_add_on_bar/product_1.jpg,https://img.telescopecasual.com/PR/233/532_1.jpg,,,,,,
,"17"" Throw Pillow",Furniture Accessories,1,,,,,,,,,,,images/furniture_accessories/17_throw_pillow/product_1.jpg,https://img.telescopecasual.com/PR/233/10_1.jpg,,,,,,
,"20"" Throw Pillow",Furniture Accessories,1,,,,,,,,,,,images/furniture_accessories/20_throw_pillow/product_1.jpg,https://img.telescopecasual.com/PR/233/8_1.jpg,,,,,,
,ADA-Compliant Leg Plugs for 3850 Legs (Set of 4),Furniture Accessories,1,,,,,,,,,,,images/furniture_accessories/ada_compliant_leg_plugs_for_3850_legs_set_of_4/product_1.jpg,https://img.telescopecasual.com/PR/233/1_1.jpg,,,,,,
,Attachable Pillow,Furniture Accessories,1,,,,,,,,,,,images/furniture_accessories/attachable_pillow/product_1.jpg,https://img.telescopecasual.com/PR/233/3_1.jpg,,,,,,
,Bench Anchor Kit,Furniture Accessories,1,,,,,,,,,,,images/furniture_accessories/bench_anchor_kit/product_1.jpg,https://img.telescopecasual.com/PR/233/2629_1.jpg,,,,,,
,Bolster Pillow,Furniture Accessories,1,,,,,,,,,,,images/furniture_accessories/bolster_pillow/product_1.jpg,https://img.telescopecasual.com/PR/233/1180_1.jpg,,,,,,
,Lumbar Pillow,Furniture Accessories,1,,,,,,,,,,,images/furniture_accessories/lumbar_pillow/product_1.jpg,https://img.telescopecasual.com/PR/233/9_1.jpg,,,,,,
,Sling Starter Tools for Replacement Slings (Set includes 2 of each style),Furniture Accessories,1,,,,,,,,,,,images/furniture_accessories/sling_starter_tools_for_replacement_slings_set_inc/product_1.jpg,https://img.telescopecasual.com/PR/233/3345_1.jpg,,,,,,
,Spreader Bar Tool,Furniture Accessories,1,,,,,,,,,,,images/furniture_accessories/spreader_bar_tool/product_1.jpg,https://img.telescopecasual.com/PR/233/1620_1.jpg,,,,,,
,Universal Chaise Pad,Furniture Accessories,1,,,,,,,,,,,images/furniture_accessories/universal_chaise_pad/product_1.jpg,https://img.telescopecasual.com/PR/233/2285_1.jpg,,,,,,
,Furniture Cover,Furniture Covers,1,,,,,,,,,,,images/furniture_covers/furniture_cover/product_1.jpg,https://img.telescopecasual.com/PR/233/2713_1.jpg,,,,,,
7R30,Four-Position Lay-flat Stacking Armless Chaise,Gardenella Sling,4,"27""","69""","43""",,21.25 lbs,,,"78""",15 years,5 years,images/gardenella_sling/four_position_lay_flat_stacking_armless_chaise/product_1.jpg,https://img.telescopecasual.com/PR/233/430_1.jpg,images/gardenella_sling/four_position_lay_flat_stacking_armless_chaise/product_2.jpg,https://img.telescopecasual.com/PR/233/430_2.jpg,images/gardenella_sling/four_position_lay_flat_stacking_armless_chaise/product_3.jpg,https://img.telescopecasual.com/PR/233/430_3.jpg,images/gardenella_sling/four_position_lay_flat_stacking_armless_chaise/product_4.jpg,https://img.telescopecasual.com/PR/233/430_4.jpg
7R30,Four-Position Stacking Chaise,Gardenella Sling,3,"27""","69""","43""",,21.25 lbs,,,"78""",15 years,5 years,images/gardenella_sling/four_position_stacking_chaise/product_1.jpg,https://img.telescopecasual.com/PR/233/1918_1.jpg,images/gardenella_sling/four_position_stacking_chaise/product_2.jpg,https://img.telescopecasual.com/PR/233/1918_2.jpg,images/gardenella_sling/four_position_stacking_chaise/product_3.jpg,https://img.telescopecasual.com/PR/233/1918_3.jpg,,
SS70,Stacking Arm Chair,Gardenella Sling,2,"28""","27.5""","36.5""",,12.5 lbs,,,,15 years,5 years,images/gardenella_sling/stacking_arm_chair/product_1.jpg,https://img.telescopecasual.com/PR/233/433_1.jpg,images/gardenella_sling/stacking_arm_chair/product_2.jpg,https://img.telescopecasual.com/PR/233/433_2.jpg,,,,
8R60,Stacking Bistro Chair,Gardenella Sling,2,"21""","25.75""","34.5""",,9 lbs,,,,15 years,5 years,images/gardenella_sling/stacking_bistro_chair/product_1.jpg,https://img.telescopecasual.com/PR/233/2048_1.jpg,images/gardenella_sling/stacking_bistro_chair/product_2.jpg,https://img.telescopecasual.com/PR/233/2048_2.jpg,,,,
SS70,Stacking Poolside Chair,Gardenella Sling,2,"28""","27.5""","36.5""",,12.5 lbs,,,,15 years,5 years,images/gardenella_sling/stacking_poolside_chair/product_1.jpg,https://img.telescopecasual.com/PR/233/979_1.jpg,images/gardenella_sling/stacking_poolside_chair/product_2.jpg,https://img.telescopecasual.com/PR/233/979_2.jpg,,,,
,Attachable Pillow,Helios Contract Sling,1,,,,,,,,,,,images/helios_contract_sling/attachable_pillow/product_1.jpg,https://img.telescopecasual.com/PR/233/3567_1.jpg,,,,,,
70D0,Four-Position Lay-flat Stacking Chaise,Helios Contract Sling,1,"27.75""","69""","43""",,20 lbs,,,"78""",15 years,5 years,images/helios_contract_sling/four_position_lay_flat_stacking_chaise/product_1.jpg,https://img.telescopecasual.com/PR/233/3449_1.jpg,,,,,,
70D0,Four-Position Lay-flat Stacking Chaise w/ Polymer Accents,Helios Contract Sling,4,"27.75""","69""","43""",,20 lbs,,,"78""",15 years,5 years,images/helios_contract_sling/four_position_lay_flat_stacking_chaise_w_polymer_a/product_1.jpg,https://img.telescopecasual.com/PR/233/2458_1.jpg,images/helios_contract_sling/four_position_lay_flat_stacking_chaise_w_polymer_a/product_2.jpg,https://img.telescopecasual.com/PR/233/2458_2.jpg,images/helios_contract_sling/four_position_lay_flat_stacking_chaise_w_polymer_a/product_3.jpg,https://img.telescopecasual.com/PR/233/2458_3.jpg,images/helios_contract_sling/four_position_lay_flat_stacking_chaise_w_polymer_a/product_4.jpg,https://img.telescopecasual.com/PR/233/2458_4.jpg
,Universal Chaise Pad,Helios Contract Sling,1,,,,,,,,,,,images/helios_contract_sling/universal_chaise_pad/product_1.jpg,https://img.telescopecasual.com/PR/233/3568_1.jpg,,,,,,
8R60,Stacking Armless Cafe Chair,Kendall / Bazza Sling,1,"21""","25.75""","34.5""",,9 lbs,,,,15 years,5 years,images/kendall_bazza_sling/stacking_armless_cafe_chair/product_1.jpg,https://img.telescopecasual.com/PR/233/2814_1.jpg,,,,,,
,Add-on Arm Kit for 9KS0 Chaise (includes left &amp; right arm),Kendall Sling,1,,,,,,,,,,,images/kendall_sling/add_on_arm_kit_for_9ks0_chaise_includes_left_amp_r/product_1.jpg,https://img.telescopecasual.com/PR/233/3434_1.jpg,,,,,,
8R60,Balcony Height Stacking Armless Cafe Chair,Kendall Sling,4,"21""","25.75""","34.5""",,9 lbs,,,,15 years,5 years,images/kendall_sling/balcony_height_stacking_armless_cafe_chair/product_1.jpg,https://img.telescopecasual.com/PR/233/3268_1.jpg,images/kendall_sling/balcony_height_stacking_armless_cafe_chair/product_2.jpg,https://img.telescopecasual.com/PR/233/3268_2.jpg,images/kendall_sling/balcony_height_stacking_armless_cafe_chair/product_3.jpg,https://img.telescopecasual.com/PR/233/3268_3.jpg,images/kendall_sling/balcony_height_stacking_armless_cafe_chair/product_4.jpg,https://img.telescopecasual.com/PR/233/3268_4.jpg
8R60,Bar Height Stacking Armless Cafe Chair,Kendall Sling,4,"21""","25.75""","34.5""",,9 lbs,,,,15 years,5 years,images/kendall_sling/bar_height_stacking_armless_cafe_chair/product_1.jpg,https://img.telescopecasual.com/PR/233/3270_1.jpg,images/kendall_sling/bar_height_stacking_armless_cafe_chair/product_2.jpg,https://img.telescopecasual.com/PR/233/3270_2.jpg,images/kendall_sling/bar_height_stacking_armless_cafe_chair/product_3.jpg,https://img.telescopecasual.com/PR/233/3270_3.jpg,images/kendall_sling/bar_height_stacking_armless_cafe_chair/product_4.jpg,https://img.telescopecasual.com/PR/233/3270_4.jpg
7R30,Lay-flat Stacking Armless Chaise,Kendall Sling,1,"27""","69""","43""",,21.25 lbs,,,"78""",15 years,5 years,images/kendall_sling/lay_flat_stacking_armless_chaise/product_1.jpg,https://img.telescopecasual.com/PR/233/3432_1.jpg,,,,,,
8R60,Stacking Armless Cafe Chair,Kendall Sling,2,"21""","25.75""","34.5""",,9 lbs,,,,15 years,5 years,images/kendall_sling/stacking_armless_cafe_chair/product_1.jpg,https://img.telescopecasual.com/PR/233/2895_1.jpg,images/kendall_sling/stacking_armless_cafe_chair/product_2.jpg,https://img.telescopecasual.com/PR/233/2895_2.jpg,,,,
7R30,Stacking Armless Lay-flat Chaise,Kendall Sling,1,"27""","69""","43""",,21.25 lbs,,,"78""",15 years,5 years,images/kendall_sling/stacking_armless_lay_flat_chaise/product_1.jpg,https://img.telescopecasual.com/PR/233/527_1.jpg,,,,,,
8R60,Stacking Balcony Height Arm Chair,Kendall Sling,1,"21""","25.75""","34.5""",,9 lbs,,,,15 years,5 years,images/kendall_sling/stacking_balcony_height_arm_chair/product_1.jpg,https://img.telescopecasual.com/PR/233/1324_1.jpg,,,,,,
8R60,Stacking Bar Height Arm Chair,Kendall Sling,1,"21""","25.75""","34.5""",,9 lbs,,,,15 years,5 years,images/kendall_sling/stacking_bar_height_arm_chair/product_1.jpg,https://img.telescopecasual.com/PR/233/1333_1.jpg,,,,,,
8R60,Stacking Cafe Chair,Kendall Sling,1,"21""","25.75""","34.5""",,9 lbs,,,,15 years,5 years,images/kendall_sling/stacking_cafe_chair/product_1.jpg,https://img.telescopecasual.com/PR/233/1088_1.jpg,,,,,,
9A70,Stacking Chat Height Chair,Kendall Sling,1,"30.75""","29.5""","38.5""",,24 lbs,,,,15 years,5 years,images/kendall_sling/stacking_chat_height_chair/product_1.jpg,https://img.telescopecasual.com/PR/233/2385_1.jpg,,,,,,
KK70,Arm Chair,Larssen Cushion,2,"30""","35.25""","36.25""",,33.25 lbs,,,,15 years,3 years,images/larssen_cushion_collection/arm_chair/product_1.jpg,https://img.telescopecasual.com/PR/233/1642_1.jpg,images/larssen_cushion_collection/arm_chair/product_2.jpg,https://img.telescopecasual.com/PR/233/1642_2.jpg,,,,
KK70,Arm Chair w/ Polymer Arms,Larssen Cushion,4,"30""","35.25""","36.25""",,33.25 lbs,,,,15 years,3 years,images/larssen_cushion_collection/arm_chair_w_polymer_arms/product_1.jpg,https://img.telescopecasual.com/PR/233/3225_1.jpg,images/larssen_cushion_collection/arm_chair_w_polymer_arms/product_2.jpg,https://img.telescopecasual.com/PR/233/3225_2.jpg,images/larssen_cushion_collection/arm_chair_w_polymer_arms/product_3.jpg,https://img.telescopecasual.com/PR/233/3225_3.jpg,images/larssen_cushion_collection/arm_chair_w_polymer_arms/product_4.jpg,https://img.telescopecasual.com/PR/233/3225_4.jpg
KK60,Swivel Rocker,Larssen Cushion,2,"30""","35.25""","36.25""",,43.25 lbs,,,,15 years,1 years,images/larssen_cushion_collection/swivel_rocker/product_1.jpg,https://img.telescopecasual.com/PR/233/2659_1.jpg,images/larssen_cushion_collection/swivel_rocker/product_2.jpg,https://img.telescopecasual.com/PR/233/2659_2.jpg,,,,
KK60,Swivel Rocker w/ Polymer Arms,Larssen Cushion,1,"30""","35.25""","36.25""",,43.25 lbs,,,,15 years,1 years,images/larssen_cushion_collection/swivel_rocker_w_polymer_arms/product_1.jpg,https://img.telescopecasual.com/PR/233/3227_1.jpg,,,,,,
,Three-Seat Sofa,Larssen Cushion,4,,,,,,,,,,,images/larssen_cushion_collection/three_seat_sofa/product_1.jpg,https://img.telescopecasual.com/PR/233/2936_1.jpg,images/larssen_cushion_collection/three_seat_sofa/product_2.jpg,https://img.telescopecasual.com/PR/233/2936_2.jpg,images/larssen_cushion_collection/three_seat_sofa/product_3.jpg,https://img.telescopecasual.com/PR/233/2936_3.jpg,images/larssen_cushion_collection/three_seat_sofa/product_4.jpg,https://img.telescopecasual.com/PR/233/2936_4.jpg
,Three-Seat Sofa w/ Polymer Arms,Larssen Cushion,1,,,,,,,,,,,images/larssen_cushion_collection/three_seat_sofa_w_polymer_arms/product_1.jpg,https://img.telescopecasual.com/PR/233/3231_1.jpg,,,,,,
,Two-Seat Loveseat,Larssen Cushion,4,,,,,,,,,,,images/larssen_cushion_collection/two_seat_loveseat/product_1.jpg,https://img.telescopecasual.com/PR/233/2937_1.jpg,images/larssen_cushion_collection/two_seat_loveseat/product_2.jpg,https://img.telescopecasual.com/PR/233/2937_2.jpg,images/larssen_cushion_collection/two_seat_loveseat/product_3.jpg,https://img.telescopecasual.com/PR/233/2937_3.jpg,images/larssen_cushion_collection/two_seat_loveseat/product_4.jpg,https://img.telescopecasual.com/PR/233/2937_4.jpg
,Two-Seat Loveseat w/ Polymer Arms,Larssen Cushion,1,,,,,,,,,,,images/larssen_cushion_collection/two_seat_loveseat_w_polymer_arms/product_1.jpg,https://img.telescopecasual.com/PR/233/3229_1.jpg,,,,,,
8R60,Armless Stacking Side Chair,Leeward / Dune MGP Sling,1,"21""","25.75""","34.5""",,9 lbs,,,,15 years,5 years,images/leeward_dune_mgp_sling/armless_stacking_side_chair/product_1.jpg,https://img.telescopecasual.com/PR/233/2261_1.jpg,,,,,,
8R60,Stacking Cafe Chair,Leeward / Dune MGP Sling,1,"21""","25.75""","34.5""",,9 lbs,,,,15 years,5 years,images/leeward_dune_mgp_sling/stacking_cafe_chair/product_1.jpg,https://img.telescopecasual.com/PR/233/502_1.jpg,,,,,,
8R60,Stacking Cafe Chair w/ Rustic Arms,Leeward / Dune MGP Sling,1,"21""","25.75""","34.5""",,9 lbs,,,,15 years,5 years,images/leeward_dune_mgp_sling/stacking_cafe_chair_w_rustic_arms/product_1.jpg,https://img.telescopecasual.com/PR/233/3252_1.jpg,,,,,,
9410,Arm Chair w/ MGP Arms,Leeward MGP Sling,1,"29""","28.5""","38.5""",,24 lbs,,,,15 years,5 years,images/leeward_mgp_sling/arm_chair_w_mgp_arms/product_1.jpg,https://img.telescopecasual.com/PR/233/501_1.jpg,,,,,,
9410,Arm Chair w/ Rustic Arms,Leeward MGP Sling,1,"29""","28.5""","38.5""",,24 lbs,,,,15 years,5 years,images/leeward_mgp_sling/arm_chair_w_rustic_arms/product_1.jpg,https://img.telescopecasual.com/PR/233/3250_1.jpg,,,,,,
9L10,Armless Stacking Side Chair,Leeward MGP Sling,1,"21.5""","23.5""","33.75""",,,,,,15 years,5 years,images/leeward_mgp_sling/armless_stacking_side_chair/product_1.jpg,https://img.telescopecasual.com/PR/233/2899_1.jpg,,,,,,
,Balcony Height  Swivel Arm Chair w/ MGP Arms,Leeward MGP Sling,1,,,,,,,,,,,images/leeward_mgp_sling/balcony_height_swivel_arm_chair_w_mgp_arms/product_1.jpg,https://img.telescopecasual.com/PR/233/491_1.jpg,,,,,,
,Balcony Height Swivel Arm Chair w/ Rustic Arms,Leeward MGP Sling,1,,,,,,,,,,,images/leeward_mgp_sling/balcony_height_swivel_arm_chair_w_rustic_arms/product_1.jpg,https://img.telescopecasual.com/PR/233/3262_1.jpg,,,,,,
,Bar Height Swivel Arm Chair w/ MGP Arms,Leeward MGP Sling,1,,,,,,,,,,,images/leeward_mgp_sling/bar_height_swivel_arm_chair_w_mgp_arms/product_1.jpg,https://img.telescopecasual.com/PR/233/490_1.jpg,,,,,,
,Bar Height Swivel Arm Chair w/ Rustic Arms,Leeward MGP Sling,1,,,,,,,,,,,images/leeward_mgp_sling/bar_height_swivel_arm_chair_w_rustic_arms/product_1.jpg,https://img.telescopecasual.com/PR/233/3264_1.jpg,,,,,,
9N30,Lay-flat Stacking Armless Chaise w/ Wheels,Leeward MGP Sling,1,"25.5""","73.75""","40""",,34 lbs,,,"79""",15 years,5 years,images/leeward_mgp_sling/lay_flat_stacking_armless_chaise_w_wheels/product_1.jpg,https://img.telescopecasual.com/PR/233/496_1.jpg,,,,,,
9L20,Lay-flat Stacking Armless Long Frame Chaise w/ Wheels,Leeward MGP Sling,2,"28.5""","72""","43.75""",,45 lbs,"18""",,"78""",15 years,5 years,images/leeward_mgp_sling/lay_flat_stacking_armless_long_frame_chaise_w_whee/product_1.jpg,https://img.telescopecasual.com/PR/233/991_1.jpg,images/leeward_mgp_sling/lay_flat_stacking_armless_long_frame_chaise_w_whee/product_2.jpg,https://img.telescopecasual.com/PR/233/991_2.jpg,,,,
,MGP Arm Kit for 9400 &amp; 9L20 Chaises,Leeward MGP Sling,1,,,,,,,,,,,images/leeward_mgp_sling/mgp_arm_kit_for_9400_amp_9l20_chaises/product_1.jpg,https://img.telescopecasual.com/PR/233/3399_1.jpg,,,,,,
,Rustic Arm Kit for 9400 &amp; 9L20 Chaises,Leeward MGP Sling,1,,,,,,,,,,,images/leeward_mgp_sling/rustic_arm_kit_for_9400_amp_9l20_chaises/product_1.jpg,https://img.telescopecasual.com/PR/233/3400_1.jpg,,,,,,
9500,Stacking Cafe Chair,Leeward MGP Sling,1,"28.5""","26""","34""",,17 lbs,,,,15 years,5 years,images/leeward_mgp_sling/stacking_cafe_chair/product_1.jpg,https://img.telescopecasual.com/PR/233/2900_1.jpg,,,,,,
9500,Stacking Cafe Chair w/ Rustic Arms,Leeward MGP Sling,1,"28.5""","26""","34""",,17 lbs,,,,15 years,5 years,images/leeward_mgp_sling/stacking_cafe_chair_w_rustic_arms/product_1.jpg,https://img.telescopecasual.com/PR/233/3321_1.jpg,,,,,,
9530,Supreme Arm Chair w/ MGP Arms,Leeward MGP Sling,1,"29""","28.5""","44.25""",,26 lbs,,,,15 years,5 years,images/leeward_mgp_sling/supreme_arm_chair_w_mgp_arms/product_1.jpg,https://img.telescopecasual.com/PR/233/503_1.jpg,,,,,,
9530,Supreme Arm Chair w/ Rustic Arms,Leeward MGP Sling,1,"29""","28.5""","44.25""",,26 lbs,,,,15 years,5 years,images/leeward_mgp_sling/supreme_arm_chair_w_rustic_arms/product_1.jpg,https://img.telescopecasual.com/PR/233/3254_1.jpg,,,,,,
9550,Supreme Rocker w/ MGP Arms,Leeward MGP Sling,1,"29""","31""","44""",,29 lbs,,,,15 years,5 years,images/leeward_mgp_sling/supreme_rocker_w_mgp_arms/product_1.jpg,https://img.telescopecasual.com/PR/233/504_1.jpg,,,,,,
9550,Supreme Rocker w/ Rustic Arms,Leeward MGP Sling,1,"29""","31""","44""",,29 lbs,,,,15 years,5 years,images/leeward_mgp_sling/supreme_rocker_w_rustic_arms/product_1.jpg,https://img.telescopecasual.com/PR/233/3260_1.jpg,,,,,,
9540,Supreme Swivel Rocker w/ MGP Arms,Leeward MGP Sling,1,"29""","28.5""","44.25""",,31 lbs,,,,15 years,1 years,images/leeward_mgp_sling/supreme_swivel_rocker_w_mgp_arms/product_1.jpg,https://img.telescopecasual.com/PR/233/498_1.jpg,,,,,,
9540,Supreme Swivel Rocker w/ Rustic Arms,Leeward MGP Sling,1,"29""","28.5""","44.25""",,31 lbs,,,,15 years,1 years,images/leeward_mgp_sling/supreme_swivel_rocker_w_rustic_arms/product_1.jpg,https://img.telescopecasual.com/PR/233/3258_1.jpg,,,,,,
9450,Swivel Rocker w/ MGP Arms,Leeward MGP Sling,1,"29""","28.5""","38.5""",,29 lbs,,,,15 years,1 years,images/leeward_mgp_sling/swivel_rocker_w_mgp_arms/product_1.jpg,https://img.telescopecasual.com/PR/233/497_1.jpg,,,,,,
9450,Swivel Rocker w/ Rustic Arms,Leeward MGP Sling,1,"29""","28.5""","38.5""",,29 lbs,,,,15 years,1 years,images/leeward_mgp_sling/swivel_rocker_w_rustic_arms/product_1.jpg,https://img.telescopecasual.com/PR/233/3256_1.jpg,,,,,,
,Add-On Chaise Connector Kit,Leeward Supreme / Leeward MGP Cushion,1,,,,,,,,,,,images/leeward_mgp_cushion/add_on_chaise_connector_kit/product_1.jpg,https://img.telescopecasual.com/PR/233/3165_1.jpg,,,,,,
,Armless Single-Seat Fixed Section,Leeward Supreme / Leeward MGP Cushion,2,,,,,,,,,,,images/leeward_mgp_cushion/armless_single_seat_fixed_section/product_1.jpg,https://img.telescopecasual.com/PR/233/1826_1.jpg,images/leeward_mgp_cushion/armless_single_seat_fixed_section/product_2.jpg,https://img.telescopecasual.com/PR/233/1826_2.jpg,,,,
,Armless Single-Seat Hidden Motion Section,Leeward Supreme / Leeward MGP Cushion,1,,,,,,,,,,,images/leeward_mgp_cushion/armless_single_seat_hidden_motion_section/product_1.jpg,https://img.telescopecasual.com/PR/233/2929_1.jpg,,,,,,
,Corner Fixed Section,Leeward Supreme / Leeward MGP Cushion,2,,,,,,,,,,,images/leeward_mgp_cushion/corner_fixed_section/product_1.jpg,https://img.telescopecasual.com/PR/233/1825_1.jpg,images/leeward_mgp_cushion/corner_fixed_section/product_2.jpg,https://img.telescopecasual.com/PR/233/1825_2.jpg,,,,
,Furniture Clip (Set of 2),Leeward Supreme / Leeward MGP Cushion,1,,,,,,,,,,,images/leeward_mgp_cushion/furniture_clip_set_of_2/product_1.jpg,https://img.telescopecasual.com/PR/233/1897_1.jpg,,,,,,
,Hidden Motion Arm Chair w/ MGP Arms,Leeward Supreme / Leeward MGP Cushion,2,,,,,,,,,,,images/leeward_mgp_cushion/hidden_motion_arm_chair_w_mgp_arms/product_1.jpg,https://img.telescopecasual.com/PR/233/466_1.jpg,images/leeward_mgp_cushion/hidden_motion_arm_chair_w_mgp_arms/product_2.jpg,https://img.telescopecasual.com/PR/233/466_2.jpg,,,,
,Hidden Motion Arm Chair w/ Rustic Arms,Leeward Supreme / Leeward MGP Cushion,1,,,,,,,,,,,images/leeward_mgp_cushion/hidden_motion_arm_chair_w_rustic_arms/product_1.jpg,https://img.telescopecasual.com/PR/233/3203_1.jpg,,,,,,
,Hidden Motion Loveseat w/ MGP Arms,Leeward Supreme / Leeward MGP Cushion,2,,,,,,,,,,,images/leeward_mgp_cushion/hidden_motion_loveseat_w_mgp_arms/product_1.jpg,https://img.telescopecasual.com/PR/233/467_1.jpg,images/leeward_mgp_cushion/hidden_motion_loveseat_w_mgp_arms/product_2.jpg,https://img.telescopecasual.com/PR/233/467_2.jpg,,,,
,Hidden Motion Loveseat w/ Rustic Arms,Leeward Supreme / Leeward MGP Cushion,1,,,,,,,,,,,images/leeward_mgp_cushion/hidden_motion_loveseat_w_rustic_arms/product_1.jpg,https://img.telescopecasual.com/PR/233/3209_1.jpg,,,,,,
,Left Arm Two-Seat Hidden Motion Section w/ MGP Arms,Leeward Supreme / Leeward MGP Cushion,2,,,,,,,,,,,images/leeward_mgp_cushion/left_arm_two_seat_hidden_motion_section_w_mgp_arms/product_1.jpg,https://img.telescopecasual.com/PR/233/1817_1.jpg,images/leeward_mgp_cushion/left_arm_two_seat_hidden_motion_section_w_mgp_arms/product_2.jpg,https://img.telescopecasual.com/PR/233/1817_2.jpg,,,,
,Left Arm Two-Seat Hidden Motion Section w/ Rustic Arms,Leeward Supreme / Leeward MGP Cushion,1,,,,,,,,,,,images/leeward_mgp_cushion/left_arm_two_seat_hidden_motion_section_w_rustic_a/product_1.jpg,https://img.telescopecasual.com/PR/233/3215_1.jpg,,,,,,
,MGP Arm Kit for 86N0 Chaise,Leeward Supreme / Leeward MGP Cushion,3,,,,,,,,,,,images/leeward_mgp_cushion/mgp_arm_kit_for_86n0_chaise/product_1.jpg,https://img.telescopecasual.com/PR/233/3331_1.jpg,images/leeward_mgp_cushion/mgp_arm_kit_for_86n0_chaise/product_2.jpg,https://img.telescopecasual.com/PR/233/3331_2.jpg,images/leeward_mgp_cushion/mgp_arm_kit_for_86n0_chaise/product_3.jpg,https://img.telescopecasual.com/PR/233/3331_3.jpg,,
85S0,Ottoman,Leeward Supreme / Leeward MGP Cushion,4,"23""","23""","19""",,,,,,15 years,3 years,images/leeward_mgp_cushion/ottoman/product_1.jpg,https://img.telescopecasual.com/PR/233/2928_1.jpg,images/leeward_mgp_cushion/ottoman/product_2.jpg,https://img.telescopecasual.com/PR/233/2928_2.jpg,images/leeward_mgp_cushion/ottoman/product_3.jpg,https://img.telescopecasual.com/PR/233/2928_3.jpg,images/leeward_mgp_cushion/ottoman/product_4.jpg,https://img.telescopecasual.com/PR/233/2928_4.jpg
85S0,Ottoman Clip,Leeward Supreme / Leeward MGP Cushion,1,"23""","23""","19""",,,,,,15 years,3 years,images/leeward_mgp_cushion/ottoman_clip/product_1.jpg,https://img.telescopecasual.com/PR/233/3156_1.jpg,,,,,,
,Right Arm Two-Seat Hidden Motion Section w/ Rustic Arms,Leeward Supreme / Leeward MGP Cushion,1,,,,,,,,,,,images/leeward_mgp_cushion/right_arm_two_seat_hidden_motion_section_w_rustic_/product_1.jpg,https://img.telescopecasual.com/PR/233/3213_1.jpg,,,,,,
,Stationary Arm Chair w/ MGP Arms,Leeward Supreme / Leeward MGP Cushion,1,,,,,,,,,,,images/leeward_mgp_cushion/stationary_arm_chair_w_mgp_arms/product_1.jpg,https://img.telescopecasual.com/PR/233/3356_1.jpg,,,,,,
,Stationary Arm Chair w/ Rustic Arms,Leeward Supreme / Leeward MGP Cushion,1,,,,,,,,,,,images/leeward_mgp_cushion/stationary_arm_chair_w_rustic_arms/product_1.jpg,https://img.telescopecasual.com/PR/233/3358_1.jpg,,,,,,
86A0,Supreme Hidden Motion Arm Chair w/ MGP Arms,Leeward Supreme / Leeward MGP Cushion,4,"33""","37""","43""",,,,,,15 years,3 years,images/leeward_mgp_cushion/supreme_hidden_motion_arm_chair_w_mgp_arms/product_1.jpg,https://img.telescopecasual.com/PR/233/3193_1.jpg,images/leeward_mgp_cushion/supreme_hidden_motion_arm_chair_w_mgp_arms/product_2.jpg,https://img.telescopecasual.com/PR/233/3193_2.jpg,images/leeward_mgp_cushion/supreme_hidden_motion_arm_chair_w_mgp_arms/product_3.jpg,https://img.telescopecasual.com/PR/233/3193_3.jpg,images/leeward_mgp_cushion/supreme_hidden_motion_arm_chair_w_mgp_arms/product_4.jpg,https://img.telescopecasual.com/PR/233/3193_4.jpg
86A0,Supreme Hidden Motion Arm Chair w/ Rustic Arms,Leeward Supreme / Leeward MGP Cushion,4,"33""","37""","43""",,,,,,15 years,3 years,images/leeward_mgp_cushion/supreme_hidden_motion_arm_chair_w_rustic_arms/product_1.jpg,https://img.telescopecasual.com/PR/233/3217_1.jpg,images/leeward_mgp_cushion/supreme_hidden_motion_arm_chair_w_rustic_arms/product_2.jpg,https://img.telescopecasual.com/PR/233/3217_2.jpg,images/leeward_mgp_cushion/supreme_hidden_motion_arm_chair_w_rustic_arms/product_3.jpg,https://img.telescopecasual.com/PR/233/3217_3.jpg,images/leeward_mgp_cushion/supreme_hidden_motion_arm_chair_w_rustic_arms/product_4.jpg,https://img.telescopecasual.com/PR/233/3217_4.jpg
86K0,Supreme Hidden Motion Loveseat w/ MGP Arms,Leeward Supreme / Leeward MGP Cushion,4,"56.5""","37""","43""",,88 lbs,,,"77.5""",15 years,3 years,images/leeward_mgp_cushion/supreme_hidden_motion_loveseat_w_mgp_arms/product_1.jpg,https://img.telescopecasual.com/PR/233/3197_1.jpg,images/leeward_mgp_cushion/supreme_hidden_motion_loveseat_w_mgp_arms/product_2.jpg,https://img.telescopecasual.com/PR/233/3197_2.jpg,images/leeward_mgp_cushion/supreme_hidden_motion_loveseat_w_mgp_arms/product_3.jpg,https://img.telescopecasual.com/PR/233/3197_3.jpg,images/leeward_mgp_cushion/supreme_hidden_motion_loveseat_w_mgp_arms/product_4.jpg,https://img.telescopecasual.com/PR/233/3197_4.jpg
86K0,Supreme Hidden Motion Loveseat w/ Rustic Arms,Leeward Supreme / Leeward MGP Cushion,4,"56.5""","37""","43""",,88 lbs,,,"77.5""",15 years,3 years,images/leeward_mgp_cushion/supreme_hidden_motion_loveseat_w_rustic_arms/product_1.jpg,https://img.telescopecasual.com/PR/233/3221_1.jpg,images/leeward_mgp_cushion/supreme_hidden_motion_loveseat_w_rustic_arms/product_2.jpg,https://img.telescopecasual.com/PR/233/3221_2.jpg,images/leeward_mgp_cushion/supreme_hidden_motion_loveseat_w_rustic_arms/product_3.jpg,https://img.telescopecasual.com/PR/233/3221_3.jpg,images/leeward_mgp_cushion/supreme_hidden_motion_loveseat_w_rustic_arms/product_4.jpg,https://img.telescopecasual.com/PR/233/3221_4.jpg
86J0,Supreme Swivel Hidden Rocker w/ MGP Arms,Leeward Supreme / Leeward MGP Cushion,4,"33""","37""","44""",,,,,,15 years,1 years,images/leeward_mgp_cushion/supreme_swivel_hidden_rocker_w_mgp_arms/product_1.jpg,https://img.telescopecasual.com/PR/233/3195_1.jpg,images/leeward_mgp_cushion/supreme_swivel_hidden_rocker_w_mgp_arms/product_2.jpg,https://img.telescopecasual.com/PR/233/3195_2.jpg,images/leeward_mgp_cushion/supreme_swivel_hidden_rocker_w_mgp_arms/product_3.jpg,https://img.telescopecasual.com/PR/233/3195_3.jpg,images/leeward_mgp_cushion/supreme_swivel_hidden_rocker_w_mgp_arms/product_4.jpg,https://img.telescopecasual.com/PR/233/3195_4.jpg
86J0,Supreme Swivel Hidden Rocker w/ Rustic Arms,Leeward Supreme / Leeward MGP Cushion,4,"33""","37""","44""",,,,,,15 years,1 years,images/leeward_mgp_cushion/supreme_swivel_hidden_rocker_w_rustic_arms/product_1.jpg,https://img.telescopecasual.com/PR/233/3219_1.jpg,images/leeward_mgp_cushion/supreme_swivel_hidden_rocker_w_rustic_arms/product_2.jpg,https://img.telescopecasual.com/PR/233/3219_2.jpg,images/leeward_mgp_cushion/supreme_swivel_hidden_rocker_w_rustic_arms/product_3.jpg,https://img.telescopecasual.com/PR/233/3219_3.jpg,images/leeward_mgp_cushion/supreme_swivel_hidden_rocker_w_rustic_arms/product_4.jpg,https://img.telescopecasual.com/PR/233/3219_4.jpg
,Supreme Three-Seat Sofa w/ MGP Arms,Leeward Supreme / Leeward MGP Cushion,4,,,,,,,,,,,images/leeward_mgp_cushion/supreme_three_seat_sofa_w_mgp_arms/product_1.jpg,https://img.telescopecasual.com/PR/233/3199_1.jpg,images/leeward_mgp_cushion/supreme_three_seat_sofa_w_mgp_arms/product_2.jpg,https://img.telescopecasual.com/PR/233/3199_2.jpg,images/leeward_mgp_cushion/supreme_three_seat_sofa_w_mgp_arms/product_3.jpg,https://img.telescopecasual.com/PR/233/3199_3.jpg,images/leeward_mgp_cushion/supreme_three_seat_sofa_w_mgp_arms/product_4.jpg,https://img.telescopecasual.com/PR/233/3199_4.jpg
,Supreme Three-Seat Sofa w/ Rustic Arms,Leeward Supreme / Leeward MGP Cushion,4,,,,,,,,,,,images/leeward_mgp_cushion/supreme_three_seat_sofa_w_rustic_arms/product_1.jpg,https://img.telescopecasual.com/PR/233/3223_1.jpg,images/leeward_mgp_cushion/supreme_three_seat_sofa_w_rustic_arms/product_2.jpg,https://img.telescopecasual.com/PR/233/3223_2.jpg,images/leeward_mgp_cushion/supreme_three_seat_sofa_w_rustic_arms/product_3.jpg,https://img.telescopecasual.com/PR/233/3223_3.jpg,images/leeward_mgp_cushion/supreme_three_seat_sofa_w_rustic_arms/product_4.jpg,https://img.telescopecasual.com/PR/233/3223_4.jpg
86S0,Swivel Hidden Rocker w/ MGP Arms,Leeward Supreme / Leeward MGP Cushion,2,"39""","38""","45""",,73 lbs,,,,15 years,1 years,images/leeward_mgp_cushion/swivel_hidden_rocker_w_mgp_arms/product_1.jpg,https://img.telescopecasual.com/PR/233/470_1.jpg,images/leeward_mgp_cushion/swivel_hidden_rocker_w_mgp_arms/product_2.jpg,https://img.telescopecasual.com/PR/233/470_2.jpg,,,,
86S0,Swivel Hidden Rocker w/ Rustic Arms,Leeward Supreme / Leeward MGP Cushion,1,"39""","38""","45""",,73 lbs,,,,15 years,1 years,images/leeward_mgp_cushion/swivel_hidden_rocker_w_rustic_arms/product_1.jpg,https://img.telescopecasual.com/PR/233/3207_1.jpg,,,,,,
86N0,Three Position Lay-flat Armless Chaise,Leeward Supreme / Leeward MGP Cushion,4,"23""","77.5""","43.5""",,56 lbs,,,"77.5""",15 years,3 years,images/leeward_mgp_cushion/three_position_lay_flat_armless_chaise/product_1.jpg,https://img.telescopecasual.com/PR/233/2930_1.jpg,images/leeward_mgp_cushion/three_position_lay_flat_armless_chaise/product_2.jpg,https://img.telescopecasual.com/PR/233/2930_2.jpg,images/leeward_mgp_cushion/three_position_lay_flat_armless_chaise/product_3.jpg,https://img.telescopecasual.com/PR/233/2930_3.jpg,images/leeward_mgp_cushion/three_position_lay_flat_armless_chaise/product_4.jpg,https://img.telescopecasual.com/PR/233/2930_4.jpg
,Three-Seat Sofa w/ MGP Arms,Leeward Supreme / Leeward MGP Cushion,2,,,,,,,,,,,images/leeward_mgp_cushion/three_seat_sofa_w_mgp_arms/product_1.jpg,https://img.telescopecasual.com/PR/233/469_1.jpg,images/leeward_mgp_cushion/three_seat_sofa_w_mgp_arms/product_2.jpg,https://img.telescopecasual.com/PR/233/469_2.jpg,,,,
,Three-Seat Sofa w/ Rustic Arms,Leeward Supreme / Leeward MGP Cushion,1,,,,,,,,,,,images/leeward_mgp_cushion/three_seat_sofa_w_rustic_arms/product_1.jpg,https://img.telescopecasual.com/PR/233/3211_1.jpg,,,,,,
1P80,"17 1/2"" Square Side Table",MGP Dash Top Tables,1,"64""","66.25""","29""",,120 lbs,,,,15 years,5 years,images/mgp_top_tables_dash/17_1_2_square_side_table/product_1.jpg,https://img.telescopecasual.com/PR/233/3335_1.jpg,,,,,,
1P80,"17"" Square End Table",MGP Dash Top Tables,1,"64""","66.25""","29""",,120 lbs,,,,15 years,5 years,images/mgp_top_tables_dash/17_square_end_table/product_1.jpg,https://img.telescopecasual.com/PR/233/3334_1.jpg,,,,,,
1P80,"18"" Round  End Table",MGP Dash Top Tables,1,"64""","66.25""","29""",,120 lbs,,,,15 years,5 years,images/mgp_top_tables_dash/18_round_end_table/product_1.jpg,https://img.telescopecasual.com/PR/233/3337_1.jpg,,,,,,
1P80,"18"" Square End Table",MGP Dash Top Tables,1,"64""","66.25""","29""",,120 lbs,,,,15 years,5 years,images/mgp_top_tables_dash/18_square_end_table/product_1.jpg,https://img.telescopecasual.com/PR/233/3336_1.jpg,,,,,,
1P80,"21"" Square End Table",MGP Dash Top Tables,1,"64""","66.25""","29""",,120 lbs,,,,15 years,5 years,images/mgp_top_tables_dash/21_square_end_table/product_1.jpg,https://img.telescopecasual.com/PR/233/2962_1.jpg,,,,,,
1P80,"21"" x 42"" Coffee Table",MGP Dash Top Tables,1,"64""","66.25""","29""",,120 lbs,,,,15 years,5 years,images/mgp_top_tables_dash/21_x_42_coffee_table/product_1.jpg,https://img.telescopecasual.com/PR/233/2963_1.jpg,,,,,,
1P80,"23"" Round End Table",MGP Dash Top Tables,1,"64""","66.25""","29""",,120 lbs,,,,15 years,5 years,images/mgp_top_tables_dash/23_round_end_table/product_1.jpg,https://img.telescopecasual.com/PR/233/3338_1.jpg,,,,,,
,"24"" Square Balcony ""X"" Pedestal Table w/ hole",MGP Dash Top Tables,1,,,,,,,,,,,images/mgp_top_tables_dash/24_square_balcony_x_pedestal_table_w_hole/product_1.jpg,https://img.telescopecasual.com/PR/233/3565_1.jpg,,,,,,
,"24"" Square Bar ""X"" Pedestal Table w/ hole",MGP Dash Top Tables,1,,,,,,,,,,,images/mgp_top_tables_dash/24_square_bar_x_pedestal_table_w_hole/product_1.jpg,https://img.telescopecasual.com/PR/233/3566_1.jpg,,,,,,
,"24"" Square Dining ""X"" Pedestal Table w/ hole",MGP Dash Top Tables,1,,,,,,,,,,,images/mgp_top_tables_dash/24_square_dining_x_pedestal_table_w_hole/product_1.jpg,https://img.telescopecasual.com/PR/233/3564_1.jpg,,,,,,
,"24"" Square End Table Height ""X"" Pedestal Table w/ hole",MGP Dash Top Tables,1,,,,,,,,,,,images/mgp_top_tables_dash/24_square_end_table_height_x_pedestal_table_w_hole/product_1.jpg,https://img.telescopecasual.com/PR/233/3563_1.jpg,,,,,,
1P80,"24"" x 42"" Oval Coffee Table",MGP Dash Top Tables,1,"64""","66.25""","29""",,120 lbs,,,,15 years,5 years,images/mgp_top_tables_dash/24_x_42_oval_coffee_table/product_1.jpg,https://img.telescopecasual.com/PR/233/3340_1.jpg,,,,,,
1P80,"24"" x 48"" Rectangular Coffee Table",MGP Dash Top Tables,1,"64""","66.25""","29""",,120 lbs,,,,15 years,5 years,images/mgp_top_tables_dash/24_x_48_rectangular_coffee_table/product_1.jpg,https://img.telescopecasual.com/PR/233/2964_1.jpg,,,,,,
,"30"" Round Balcony Table w/ hole",MGP Dash Top Tables,1,,,,,,,,,,,images/mgp_top_tables_dash/30_round_balcony_table_w_hole/product_1.jpg,https://img.telescopecasual.com/PR/233/3527_1.jpg,,,,,,
,"30"" Round Bar ""X"" Pedestal Table w/ hole",MGP Dash Top Tables,1,,,,,,,,,,,images/mgp_top_tables_dash/30_round_bar_x_pedestal_table_w_hole/product_1.jpg,https://img.telescopecasual.com/PR/233/3532_1.jpg,,,,,,
,"30"" Round Bar Table w/ hole",MGP Dash Top Tables,1,,,,,,,,,,,images/mgp_top_tables_dash/30_round_bar_table_w_hole/product_1.jpg,https://img.telescopecasual.com/PR/233/3528_1.jpg,,,,,,
,"30"" Round Dining ""X"" Pedestal Table w/ hole",MGP Dash Top Tables,1,,,,,,,,,,,images/mgp_top_tables_dash/30_round_dining_x_pedestal_table_w_hole/product_1.jpg,https://img.telescopecasual.com/PR/233/3530_1.jpg,,,,,,
,"30"" Round Dining Table w/ hole",MGP Dash Top Tables,1,,,,,,,,,,,images/mgp_top_tables_dash/30_round_dining_table_w_hole/product_1.jpg,https://img.telescopecasual.com/PR/233/3526_1.jpg,,,,,,
,"30"" Round End Table Height ""X"" Pedestal Table w/ hole",MGP Dash Top Tables,1,,,,,,,,,,,images/mgp_top_tables_dash/30_round_end_table_height_x_pedestal_table_w_hole/product_1.jpg,https://img.telescopecasual.com/PR/233/3529_1.jpg,,,,,,
,"36"" Square Balcony ""X"" Pedestal Table w/ hole",MGP Dash Top Tables,1,,,,,,,,,,,images/mgp_top_tables_dash/36_square_balcony_x_pedestal_table_w_hole/product_1.jpg,https://img.telescopecasual.com/PR/233/3030_1.jpg,,,,,,
,"36"" Square Balcony Parson Table w/ hole",MGP Dash Top Tables,1,,,,,,,,,,,images/mgp_top_tables_dash/36_square_balcony_parson_table_w_hole/product_1.jpg,https://img.telescopecasual.com/PR/233/3058_1.jpg,,,,,,
,"36"" Square Balcony Table w/ hole",MGP Dash Top Tables,1,,,,,,,,,,,images/mgp_top_tables_dash/36_square_balcony_table_w_hole/product_1.jpg,https://img.telescopecasual.com/PR/233/3026_1.jpg,,,,,,
,"36"" Square Bar ""X"" Pedestal Table w/ hole",MGP Dash Top Tables,1,,,,,,,,,,,images/mgp_top_tables_dash/36_square_bar_x_pedestal_table_w_hole/product_1.jpg,https://img.telescopecasual.com/PR/233/3031_1.jpg,,,,,,
,"36"" Square Bar Parson Table w/ hole",MGP Dash Top Tables,1,,,,,,,,,,,images/mgp_top_tables_dash/36_square_bar_parson_table_w_hole/product_1.jpg,https://img.telescopecasual.com/PR/233/3059_1.jpg,,,,,,
,"36"" Square Bar Table w/ hole",MGP Dash Top Tables,1,,,,,,,,,,,images/mgp_top_tables_dash/36_square_bar_table_w_hole/product_1.jpg,https://img.telescopecasual.com/PR/233/3027_1.jpg,,,,,,
,"36"" Square Coffee Height Parson Table w/ hole",MGP Dash Top Tables,1,,,,,,,,,,,images/mgp_top_tables_dash/36_square_coffee_height_parson_table_w_hole/product_1.jpg,https://img.telescopecasual.com/PR/233/3060_1.jpg,,,,,,
,"36"" Square Dining ""X"" Pedestal Table w/ hole",MGP Dash Top Tables,1,,,,,,,,,,,images/mgp_top_tables_dash/36_square_dining_x_pedestal_table_w_hole/product_1.jpg,https://img.telescopecasual.com/PR/233/3029_1.jpg,,,,,,
,"36"" Square Dining Parson Table w/ hole",MGP Dash Top Tables,1,,,,,,,,,,,images/mgp_top_tables_dash/36_square_dining_parson_table_w_hole/product_1.jpg,https://img.telescopecasual.com/PR/233/3057_1.jpg,,,,,,
,"36"" Square Dining Table w/ hole",MGP Dash Top Tables,1,,,,,,,,,,,images/mgp_top_tables_dash/36_square_dining_table_w_hole/product_1.jpg,https://img.telescopecasual.com/PR/233/3025_1.jpg,,,,,,
,"36"" Square End Table Height ""X"" Pedestal Table w/ hole",MGP Dash Top Tables,1,,,,,,,,,,,images/mgp_top_tables_dash/36_square_end_table_height_x_pedestal_table_w_hole/product_1.jpg,https://img.telescopecasual.com/PR/233/3459_1.jpg,,,,,,
,"36"" x 64"" Rectangular Balcony Parson Table w/ hole",MGP Dash Top Tables,1,,,,,,,,,,,images/mgp_top_tables_dash/36_x_64_rectangular_balcony_parson_table_w_hole/product_1.jpg,https://img.telescopecasual.com/PR/233/3048_1.jpg,,,,,,
,"36"" x 64"" Rectangular Bar Parson Table w/ hole",MGP Dash Top Tables,1,,,,,,,,,,,images/mgp_top_tables_dash/36_x_64_rectangular_bar_parson_table_w_hole/product_1.jpg,https://img.telescopecasual.com/PR/233/3049_1.jpg,,,,,,
,"36"" x 64"" Rectangular Coffee Height Parson Table w/ hole",MGP Dash Top Tables,1,,,,,,,,,,,images/mgp_top_tables_dash/36_x_64_rectangular_coffee_height_parson_table_w_h/product_1.jpg,https://img.telescopecasual.com/PR/233/3050_1.jpg,,,,,,
,"36"" x 64"" Rectangular Dining Parson Table w/ hole",MGP Dash Top Tables,1,,,,,,,,,,,images/mgp_top_tables_dash/36_x_64_rectangular_dining_parson_table_w_hole/product_1.jpg,https://img.telescopecasual.com/PR/233/3047_1.jpg,,,,,,
,"42"" Round Balcony ""X"" Pedestal Table w/ hole",MGP Dash Top Tables,1,,,,,,,,,,,images/mgp_top_tables_dash/42_round_balcony_x_pedestal_table_w_hole/product_1.jpg,https://img.telescopecasual.com/PR/233/3020_1.jpg,,,,,,
,"42"" Round Balcony Parson Table w/ hole",MGP Dash Top Tables,1,,,,,,,,,,,images/mgp_top_tables_dash/42_round_balcony_parson_table_w_hole/product_1.jpg,https://img.telescopecasual.com/PR/233/3139_1.jpg,,,,,,
,"42"" Round Balcony Table w/ hole",MGP Dash Top Tables,1,,,,,,,,,,,images/mgp_top_tables_dash/42_round_balcony_table_w_hole/product_1.jpg,https://img.telescopecasual.com/PR/233/3014_1.jpg,,,,,,
,"42"" Round Bar ""X"" Pedestal Table w/ hole",MGP Dash Top Tables,1,,,,,,,,,,,images/mgp_top_tables_dash/42_round_bar_x_pedestal_table_w_hole/product_1.jpg,https://img.telescopecasual.com/PR/233/3018_1.jpg,,,,,,
,"42"" Round Bar Parson Table w/ hole",MGP Dash Top Tables,1,,,,,,,,,,,images/mgp_top_tables_dash/42_round_bar_parson_table_w_hole/product_1.jpg,https://img.telescopecasual.com/PR/233/3141_1.jpg,,,,,,
,"42"" Round Bar Table w/ hole",MGP Dash Top Tables,1,,,,,,,,,,,images/mgp_top_tables_dash/42_round_bar_table_w_hole/product_1.jpg,https://img.telescopecasual.com/PR/233/3015_1.jpg,,,,,,
,"42"" Round Coffee Height Parson Table w/ hole",MGP Dash Top Tables,1,,,,,,,,,,,images/mgp_top_tables_dash/42_round_coffee_height_parson_table_w_hole/product_1.jpg,https://img.telescopecasual.com/PR/233/3180_1.jpg,,,,,,
,"42"" Round Dining ""X"" Pedestal Table w/ hole",MGP Dash Top Tables,1,,,,,,,,,,,images/mgp_top_tables_dash/42_round_dining_x_pedestal_table_w_hole/product_1.jpg,https://img.telescopecasual.com/PR/233/3017_1.jpg,,,,,,
,"42"" Round Dining Parson Table w/ hole",MGP Dash Top Tables,1,,,,,,,,,,,images/mgp_top_tables_dash/42_round_dining_parson_table_w_hole/product_1.jpg,https://img.telescopecasual.com/PR/233/3140_1.jpg,,,,,,
,"42"" Round Dining Table w/ hole",MGP Dash Top Tables,1,,,,,,,,,,,images/mgp_top_tables_dash/42_round_dining_table_w_hole/product_1.jpg,https://img.telescopecasual.com/PR/233/3013_1.jpg,,,,,,
,"42"" Square Balcony ""X"" Pedestal Table w/ hole",MGP Dash Top Tables,1,,,,,,,,,,,images/mgp_top_tables_dash/42_square_balcony_x_pedestal_table_w_hole/product_1.jpg,https://img.telescopecasual.com/PR/233/3183_1.jpg,,,,,,
,"42"" Square Balcony Table w/ hole",MGP Dash Top Tables,1,,,,,,,,,,,images/mgp_top_tables_dash/42_square_balcony_table_w_hole/product_1.jpg,https://img.telescopecasual.com/PR/233/3009_1.jpg,,,,,,
,"42"" Square Bar ""X"" Pedestal Table w/ hole",MGP Dash Top Tables,1,,,,,,,,,,,images/mgp_top_tables_dash/42_square_bar_x_pedestal_table_w_hole/product_1.jpg,https://img.telescopecasual.com/PR/233/3182_1.jpg,,,,,,
,"42"" Square Bar Table w/ hole",MGP Dash Top Tables,1,,,,,,,,,,,images/mgp_top_tables_dash/42_square_bar_table_w_hole/product_1.jpg,https://img.telescopecasual.com/PR/233/3010_1.jpg,,,,,,
,"42"" Square Coffee Height Table w/ hole",MGP Dash Top Tables,1,,,,,,,,,,,images/mgp_top_tables_dash/42_square_coffee_height_table_w_hole/product_1.jpg,https://img.telescopecasual.com/PR/233/3011_1.jpg,,,,,,
,"42"" Square Dining Table w/ hole",MGP Dash Top Tables,1,,,,,,,,,,,images/mgp_top_tables_dash/42_square_dining_table_w_hole/product_1.jpg,https://img.telescopecasual.com/PR/233/3008_1.jpg,,,,,,
,"42"" x 84"" Rectangular Balcony Parson Table w/ hole",MGP Dash Top Tables,1,,,,,,,,,,,images/mgp_top_tables_dash/42_x_84_rectangular_balcony_parson_table_w_hole/product_1.jpg,https://img.telescopecasual.com/PR/233/3286_1.jpg,,,,,,
,"42"" x 84"" Rectangular Bar Parson Table w/ hole",MGP Dash Top Tables,1,,,,,,,,,,,images/mgp_top_tables_dash/42_x_84_rectangular_bar_parson_table_w_hole/product_1.jpg,https://img.telescopecasual.com/PR/233/3287_1.jpg,,,,,,
,"42"" x 84"" Rectangular Dining Parson Table w/ hole",MGP Dash Top Tables,1,,,,,,,,,,,images/mgp_top_tables_dash/42_x_84_rectangular_dining_parson_table_w_hole/product_1.jpg,https://img.telescopecasual.com/PR/233/3285_1.jpg,,,,,,
,"48"" Round Balcony ""X"" Pedestal Table w/ hole",MGP Dash Top Tables,1,,,,,,,,,,,images/mgp_top_tables_dash/48_round_balcony_x_pedestal_table_w_hole/product_1.jpg,https://img.telescopecasual.com/PR/233/3043_1.jpg,,,,,,
,"48"" Round Bar ""X"" Pedestal Table w/ hole",MGP Dash Top Tables,1,,,,,,,,,,,images/mgp_top_tables_dash/48_round_bar_x_pedestal_table_w_hole/product_1.jpg,https://img.telescopecasual.com/PR/233/3041_1.jpg,,,,,,
,"48"" Round Dining ""X"" Pedestal Table w/ hole",MGP Dash Top Tables,1,,,,,,,,,,,images/mgp_top_tables_dash/48_round_dining_x_pedestal_table_w_hole/product_1.jpg,https://img.telescopecasual.com/PR/233/3040_1.jpg,,,,,,
,"48"" Round Dining Table w/ hole",MGP Dash Top Tables,1,,,,,,,,,,,images/mgp_top_tables_dash/48_round_dining_table_w_hole/product_1.jpg,https://img.telescopecasual.com/PR/233/3039_1.jpg,,,,,,
,"16"" x 32"" Rectangular Tempered Glass Surround",MGP Slat Top Fire Table,1,,,,,,,,,,,images/mgp_top_fire_tables/16_x_32_rectangular_tempered_glass_surround/product_2.jpg,https://img.telescopecasual.com/PR/233/3173_2.jpg,,,,,,
,"25"" Round Tempered Glass Surround",MGP Slat Top Fire Table,2,,,,,,,,,,,images/mgp_top_fire_tables/25_round_tempered_glass_surround/product_1.jpg,https://img.telescopecasual.com/PR/233/3174_1.jpg,images/mgp_top_fire_tables/25_round_tempered_glass_surround/product_2.jpg,https://img.telescopecasual.com/PR/233/3174_2.jpg,,,,
,"36"" x 54"" Rectangular MGP Top Fire Table",MGP Slat Top Fire Table,3,,,,,,,,,,,images/mgp_top_fire_tables/36_x_54_rectangular_mgp_top_fire_table/product_1.jpg,https://img.telescopecasual.com/PR/233/2947_1.jpg,images/mgp_top_fire_tables/36_x_54_rectangular_mgp_top_fire_table/product_2.jpg,https://img.telescopecasual.com/PR/233/2947_2.jpg,images/mgp_top_fire_tables/36_x_54_rectangular_mgp_top_fire_table/product_3.jpg,https://img.telescopecasual.com/PR/233/2947_3.jpg,,
,"54"" Round MGP Top Fire Table",MGP Slat Top Fire Table,3,,,,,,,,,,,images/mgp_top_fire_tables/54_round_mgp_top_fire_table/product_1.jpg,https://img.telescopecasual.com/PR/233/2951_1.jpg,images/mgp_top_fire_tables/54_round_mgp_top_fire_table/product_2.jpg,https://img.telescopecasual.com/PR/233/2951_2.jpg,images/mgp_top_fire_tables/54_round_mgp_top_fire_table/product_3.jpg,https://img.telescopecasual.com/PR/233/2951_3.jpg,,
,"Balcony Height Lift Kit for 3F10,3F40,3F70,CF40&amp;CF30",MGP Slat Top Fire Table,1,,,,,,,,,,,images/mgp_top_fire_tables/balcony_height_lift_kit_for_3f10_3f40_3f70_cf40_am/product_1.jpg,https://img.telescopecasual.com/PR/233/2055_1.jpg,,,,,,
,"Bar Height Lift Kit for 3F10,3F40,3F70,CF40&amp;CF30",MGP Slat Top Fire Table,1,,,,,,,,,,,images/mgp_top_fire_tables/bar_height_lift_kit_for_3f10_3f40_3f70_cf40_amp_cf/product_1.jpg,https://img.telescopecasual.com/PR/233/2054_1.jpg,,,,,,
,"Dining Height Lift Kit for 3F10,3F40,3F70,CF40&amp;CF30",MGP Slat Top Fire Table,1,,,,,,,,,,,images/mgp_top_fire_tables/dining_height_lift_kit_for_3f10_3f40_3f70_cf40_amp/product_1.jpg,https://img.telescopecasual.com/PR/233/2053_1.jpg,,,,,,
1P80,"10"" x 27"" Chaise Table",MGP Slat Top Tables,1,"64""","66.25""","29""",,120 lbs,,,,15 years,5 years,images/mgp_top_tables_slat/10_x_27_chaise_table/product_1.jpg,https://img.telescopecasual.com/PR/233/1158_1.jpg,,,,,,
1P80,"17 1/2"" Square Side Table",MGP Slat Top Tables,1,"64""","66.25""","29""",,120 lbs,,,,15 years,5 years,images/mgp_top_tables_slat/17_1_2_square_side_table/product_1.jpg,https://img.telescopecasual.com/PR/233/1917_1.jpg,,,,,,
5100,"17"" Square End Table",MGP Slat Top Tables,1,,,,"28.5""",,,,,15 years,3 years,images/mgp_top_tables_slat/17_square_end_table/product_1.jpg,https://img.telescopecasual.com/PR/233/216_1.jpg,,,,,,
1P80,"18"" Round  End Table",MGP Slat Top Tables,1,"64""","66.25""","29""",,120 lbs,,,,15 years,5 years,images/mgp_top_tables_slat/18_round_end_table/product_1.jpg,https://img.telescopecasual.com/PR/233/2391_1.jpg,,,,,,
5100,"18"" Square End Table",MGP Slat Top Tables,1,,,,"28.5""",,,,,15 years,3 years,images/mgp_top_tables_slat/18_square_end_table/product_1.jpg,https://img.telescopecasual.com/PR/233/221_1.jpg,,,,,,
50Q0,"18""x54"" Rectangular Balcony Parson Table w/o hole",MGP Slat Top Tables,1,,,,"48""",,,,,15 years,3 years,images/mgp_top_tables_slat/18_x54_rectangular_balcony_parson_table_w_o_hole/product_1.jpg,https://img.telescopecasual.com/PR/233/2740_1.jpg,,,,,,
50Q0,"18""x54"" Rectangular Bar Parson Table w/o hole",MGP Slat Top Tables,1,,,,"48""",,,,,15 years,3 years,images/mgp_top_tables_slat/18_x54_rectangular_bar_parson_table_w_o_hole/product_1.jpg,https://img.telescopecasual.com/PR/233/2741_1.jpg,,,,,,
50Q0,"18""x54"" Rectangular Dining Parson Table w/o hole",MGP Slat Top Tables,1,,,,"48""",,,,,15 years,3 years,images/mgp_top_tables_slat/18_x54_rectangular_dining_parson_table_w_o_hole/product_1.jpg,https://img.telescopecasual.com/PR/233/2739_1.jpg,,,,,,
,"21"" Round Deluxe End Table",MGP Slat Top Tables,1,,,,,,,,,,,images/mgp_top_tables_slat/21_round_deluxe_end_table/product_1.jpg,https://img.telescopecasual.com/PR/233/212_1.jpg,,,,,,
5100,"21"" Square End Table",MGP Slat Top Tables,1,,,,"28.5""",,,,,15 years,3 years,images/mgp_top_tables_slat/21_square_end_table/product_1.jpg,https://img.telescopecasual.com/PR/233/214_1.jpg,,,,,,
1P80,"21"" x 42"" Coffee Table",MGP Slat Top Tables,1,"64""","66.25""","29""",,120 lbs,,,,15 years,5 years,images/mgp_top_tables_slat/21_x_42_coffee_table/product_1.jpg,https://img.telescopecasual.com/PR/233/2984_1.jpg,,,,,,
1P80,"23"" Round End Table",MGP Slat Top Tables,1,"64""","66.25""","29""",,120 lbs,,,,15 years,5 years,images/mgp_top_tables_slat/23_round_end_table/product_1.jpg,https://img.telescopecasual.com/PR/233/2272_1.jpg,,,,,,
50Q0,"24"" Square Balcony ""X"" Pedestal Table w/ hole",MGP Slat Top Tables,1,,,,"48""",,,,,15 years,3 years,images/mgp_top_tables_slat/24_square_balcony_x_pedestal_table_w_hole/product_1.jpg,https://img.telescopecasual.com/PR/233/3552_1.jpg,,,,,,
50Q0,"24"" Square Bar ""X"" Pedestal Table w/ hole",MGP Slat Top Tables,1,,,,"48""",,,,,15 years,3 years,images/mgp_top_tables_slat/24_square_bar_x_pedestal_table_w_hole/product_1.jpg,https://img.telescopecasual.com/PR/233/3553_1.jpg,,,,,,
50Q0,"24"" Square Dining ""X"" Pedestal Table w/ hole",MGP Slat Top Tables,1,,,,"48""",,,,,15 years,3 years,images/mgp_top_tables_slat/24_square_dining_x_pedestal_table_w_hole/product_1.jpg,https://img.telescopecasual.com/PR/233/3551_1.jpg,,,,,,
50Q0,"24"" Square End Table Height ""X"" Pedestal Table w/ hole",MGP Slat Top Tables,1,,,,"48""",,,,,15 years,3 years,images/mgp_top_tables_slat/24_square_end_table_height_x_pedestal_table_w_hole/product_1.jpg,https://img.telescopecasual.com/PR/233/3554_1.jpg,,,,,,
1P80,"24"" x 42"" Oval Coffee Table",MGP Slat Top Tables,1,"64""","66.25""","29""",,120 lbs,,,,15 years,5 years,images/mgp_top_tables_slat/24_x_42_oval_coffee_table/product_1.jpg,https://img.telescopecasual.com/PR/233/2268_1.jpg,,,,,,
1P80,"24"" x 48"" Rectangular Coffee Table",MGP Slat Top Tables,1,"64""","66.25""","29""",,120 lbs,,,,15 years,5 years,images/mgp_top_tables_slat/24_x_48_rectangular_coffee_table/product_1.jpg,https://img.telescopecasual.com/PR/233/2986_1.jpg,,,,,,
50Q0,"30"" Round Balcony ""X"" Pedestal Table w/ hole",MGP Slat Top Tables,1,,,,"48""",,,,,15 years,3 years,images/mgp_top_tables_slat/30_round_balcony_x_pedestal_table_w_hole/product_1.jpg,https://img.telescopecasual.com/PR/233/3520_1.jpg,,,,,,
50Q0,"30"" Round Balcony Table w/ hole",MGP Slat Top Tables,1,,,,"48""",,,,,15 years,3 years,images/mgp_top_tables_slat/30_round_balcony_table_w_hole/product_1.jpg,https://img.telescopecasual.com/PR/233/3516_1.jpg,,,,,,
50Q0,"30"" Round Bar ""X"" Pedestal Table w/ hole",MGP Slat Top Tables,1,,,,"48""",,,,,15 years,3 years,images/mgp_top_tables_slat/30_round_bar_x_pedestal_table_w_hole/product_1.jpg,https://img.telescopecasual.com/PR/233/3521_1.jpg,,,,,,
50Q0,"30"" Round Bar Table w/ hole",MGP Slat Top Tables,1,,,,"48""",,,,,15 years,3 years,images/mgp_top_tables_slat/30_round_bar_table_w_hole/product_1.jpg,https://img.telescopecasual.com/PR/233/3517_1.jpg,,,,,,
50Q0,"30"" Round Dining ""X"" Pedestal Table w/ hole",MGP Slat Top Tables,1,,,,"48""",,,,,15 years,3 years,images/mgp_top_tables_slat/30_round_dining_x_pedestal_table_w_hole/product_1.jpg,https://img.telescopecasual.com/PR/233/3519_1.jpg,,,,,,
50Q0,"30"" Round Dining Table w/ hole",MGP Slat Top Tables,1,,,,"48""",,,,,15 years,3 years,images/mgp_top_tables_slat/30_round_dining_table_w_hole/product_1.jpg,https://img.telescopecasual.com/PR/233/3515_1.jpg,,,,,,
50Q0,"30"" Round End Table Height ""X"" Pedestal Table w/ hole",MGP Slat Top Tables,1,,,,"48""",,,,,15 years,3 years,images/mgp_top_tables_slat/30_round_end_table_height_x_pedestal_table_w_hole/product_1.jpg,https://img.telescopecasual.com/PR/233/3518_1.jpg,,,,,,
50Q0,"36"" Round Balcony ""X"" Pedestal Table w/ hole",MGP Slat Top Tables,1,,,,"48""",,,,,15 years,3 years,images/mgp_top_tables_slat/36_round_balcony_x_pedestal_table_w_hole/product_1.jpg,https://img.telescopecasual.com/PR/233/3298_1.jpg,,,,,,
50Q0,"36"" Round Balcony Table w/ hole",MGP Slat Top Tables,1,,,,"48""",,,,,15 years,3 years,images/mgp_top_tables_slat/36_round_balcony_table_w_hole/product_1.jpg,https://img.telescopecasual.com/PR/233/3295_1.jpg,,,,,,
50Q0,"36"" Round Bar ""X"" Pedestal Table w/ hole",MGP Slat Top Tables,1,,,,"48""",,,,,15 years,3 years,images/mgp_top_tables_slat/36_round_bar_x_pedestal_table_w_hole/product_1.jpg,https://img.telescopecasual.com/PR/233/3299_1.jpg,,,,,,
50Q0,"36"" Round Bar Table w/ hole",MGP Slat Top Tables,1,,,,"48""",,,,,15 years,3 years,images/mgp_top_tables_slat/36_round_bar_table_w_hole/product_1.jpg,https://img.telescopecasual.com/PR/233/3296_1.jpg,,,,,,
50Q0,"36"" Round Dining ""X"" Pedestal Table w/ hole",MGP Slat Top Tables,1,,,,"48""",,,,,15 years,3 years,images/mgp_top_tables_slat/36_round_dining_x_pedestal_table_w_hole/product_1.jpg,https://img.telescopecasual.com/PR/233/3297_1.jpg,,,,,,
50Q0,"36"" Round Dining Table w/ hole",MGP Slat Top Tables,1,,,,"48""",,,,,15 years,3 years,images/mgp_top_tables_slat/36_round_dining_table_w_hole/product_1.jpg,https://img.telescopecasual.com/PR/233/3294_1.jpg,,,,,,
50Q0,"36"" Round End Table Height ""X"" Pedestal Table w/ hole",MGP Slat Top Tables,1,,,,"48""",,,,,15 years,3 years,images/mgp_top_tables_slat/36_round_end_table_height_x_pedestal_table_w_hole/product_1.jpg,https://img.telescopecasual.com/PR/233/3452_1.jpg,,,,,,
50Q0,"36"" Square Balcony ""X"" Pedestal Table w/ hole",MGP Slat Top Tables,1,,,,"48""",,,,,15 years,3 years,images/mgp_top_tables_slat/36_square_balcony_x_pedestal_table_w_hole/product_1.jpg,https://img.telescopecasual.com/PR/233/2297_1.jpg,,,,,,
50Q0,"36"" Square Balcony Parson Table w/ hole",MGP Slat Top Tables,1,,,,"48""",,,,,15 years,3 years,images/mgp_top_tables_slat/36_square_balcony_parson_table_w_hole/product_1.jpg,https://img.telescopecasual.com/PR/233/2746_1.jpg,,,,,,
50Q0,"36"" Square Balcony Table w/ hole",MGP Slat Top Tables,2,,,,"48""",,,,,15 years,3 years,images/mgp_top_tables_slat/36_square_balcony_table_w_hole/product_1.jpg,https://img.telescopecasual.com/PR/233/2293_1.jpg,images/mgp_top_tables_slat/36_square_balcony_table_w_hole/product_2.jpg,https://img.telescopecasual.com/PR/233/2293_2.jpg,,,,
50Q0,"36"" Square Bar ""X"" Pedestal Table w/ hole",MGP Slat Top Tables,1,,,,"48""",,,,,15 years,3 years,images/mgp_top_tables_slat/36_square_bar_x_pedestal_table_w_hole/product_1.jpg,https://img.telescopecasual.com/PR/233/2298_1.jpg,,,,,,
50Q0,"36"" Square Bar Parson Table w/ hole",MGP Slat Top Tables,1,,,,"48""",,,,,15 years,3 years,images/mgp_top_tables_slat/36_square_bar_parson_table_w_hole/product_1.jpg,https://img.telescopecasual.com/PR/233/2747_1.jpg,,,,,,
50Q0,"36"" Square Bar Table w/ hole",MGP Slat Top Tables,2,,,,"48""",,,,,15 years,3 years,images/mgp_top_tables_slat/36_square_bar_table_w_hole/product_1.jpg,https://img.telescopecasual.com/PR/233/2294_1.jpg,images/mgp_top_tables_slat/36_square_bar_table_w_hole/product_2.jpg,https://img.telescopecasual.com/PR/233/2294_2.jpg,,,,
50Q0,"36"" Square Coffee Height Parson Table w/ hole",MGP Slat Top Tables,1,,,,"48""",,,,,15 years,3 years,images/mgp_top_tables_slat/36_square_coffee_height_parson_table_w_hole/product_1.jpg,https://img.telescopecasual.com/PR/233/2748_1.jpg,,,,,,
50Q0,"36"" Square Dining ""X"" Pedestal Table w/ hole",MGP Slat Top Tables,1,,,,"48""",,,,,15 years,3 years,images/mgp_top_tables_slat/36_square_dining_x_pedestal_table_w_hole/product_1.jpg,https://img.telescopecasual.com/PR/233/2296_1.jpg,,,,,,
50Q0,"36"" Square Dining Parson Table w/ hole",MGP Slat Top Tables,1,,,,"48""",,,,,15 years,3 years,images/mgp_top_tables_slat/36_square_dining_parson_table_w_hole/product_1.jpg,https://img.telescopecasual.com/PR/233/2745_1.jpg,,,,,,
50Q0,"36"" Square Dining Table w/ hole",MGP Slat Top Tables,2,,,,"48""",,,,,15 years,3 years,images/mgp_top_tables_slat/36_square_dining_table_w_hole/product_1.jpg,https://img.telescopecasual.com/PR/233/2292_1.jpg,images/mgp_top_tables_slat/36_square_dining_table_w_hole/product_2.jpg,https://img.telescopecasual.com/PR/233/2292_2.jpg,,,,
50Q0,"36"" Square End Table Height ""X"" Pedestal Table w/ hole",MGP Slat Top Tables,1,,,,"48""",,,,,15 years,3 years,images/mgp_top_tables_slat/36_square_end_table_height_x_pedestal_table_w_hole/product_1.jpg,https://img.telescopecasual.com/PR/233/3455_1.jpg,,,,,,
50Q0,"36"" x 64"" Rectangular Balcony Parson Table w/ hole",MGP Slat Top Tables,1,,,,"48""",,,,,15 years,3 years,images/mgp_top_tables_slat/36_x_64_rectangular_balcony_parson_table_w_hole/product_1.jpg,https://img.telescopecasual.com/PR/233/2552_1.jpg,,,,,,
50Q0,"36"" x 64"" Rectangular Bar Parson Table w/ hole",MGP Slat Top Tables,1,,,,"48""",,,,,15 years,3 years,images/mgp_top_tables_slat/36_x_64_rectangular_bar_parson_table_w_hole/product_1.jpg,https://img.telescopecasual.com/PR/233/2553_1.jpg,,,,,,
50Q0,"36"" x 64"" Rectangular Coffee Height Parson Table w/ hole",MGP Slat Top Tables,1,,,,"48""",,,,,15 years,3 years,images/mgp_top_tables_slat/36_x_64_rectangular_coffee_height_parson_table_w_h/product_1.jpg,https://img.telescopecasual.com/PR/233/2912_1.jpg,,,,,,
50Q0,"36"" x 64"" Rectangular Dining Parson Table w/ hole",MGP Slat Top Tables,1,,,,"48""",,,,,15 years,3 years,images/mgp_top_tables_slat/36_x_64_rectangular_dining_parson_table_w_hole/product_1.jpg,https://img.telescopecasual.com/PR/233/2551_1.jpg,,,,,,
50Q0,"42"" Round Balcony ""X"" Pedestal Table w/ hole",MGP Slat Top Tables,1,,,,"48""",,,,,15 years,3 years,images/mgp_top_tables_slat/42_round_balcony_x_pedestal_table_w_hole/product_1.jpg,https://img.telescopecasual.com/PR/233/2202_1.jpg,,,,,,
50Q0,"42"" Round Balcony Parson Table w/ hole",MGP Slat Top Tables,1,,,,"48""",,,,,15 years,3 years,images/mgp_top_tables_slat/42_round_balcony_parson_table_w_hole/product_1.jpg,https://img.telescopecasual.com/PR/233/3136_1.jpg,,,,,,
50Q0,"42"" Round Balcony Table w/ hole",MGP Slat Top Tables,1,,,,"48""",,,,,15 years,3 years,images/mgp_top_tables_slat/42_round_balcony_table_w_hole/product_1.jpg,https://img.telescopecasual.com/PR/233/624_1.jpg,,,,,,
50Q0,"42"" Round Bar ""X"" Pedestal Table w/ hole",MGP Slat Top Tables,1,,,,"48""",,,,,15 years,3 years,images/mgp_top_tables_slat/42_round_bar_x_pedestal_table_w_hole/product_1.jpg,https://img.telescopecasual.com/PR/233/2200_1.jpg,,,,,,
50Q0,"42"" Round Bar Parson Table w/ hole",MGP Slat Top Tables,1,,,,"48""",,,,,15 years,3 years,images/mgp_top_tables_slat/42_round_bar_parson_table_w_hole/product_1.jpg,https://img.telescopecasual.com/PR/233/3138_1.jpg,,,,,,
50Q0,"42"" Round Bar Table w/ hole",MGP Slat Top Tables,1,,,,"48""",,,,,15 years,3 years,images/mgp_top_tables_slat/42_round_bar_table_w_hole/product_1.jpg,https://img.telescopecasual.com/PR/233/640_1.jpg,,,,,,
50Q0,"42"" Round Dining ""X"" Pedestal Table w/ hole",MGP Slat Top Tables,1,,,,"48""",,,,,15 years,3 years,images/mgp_top_tables_slat/42_round_dining_x_pedestal_table_w_hole/product_1.jpg,https://img.telescopecasual.com/PR/233/2199_1.jpg,,,,,,
50Q0,"42"" Round Dining Parson Table w/ hole",MGP Slat Top Tables,1,,,,"48""",,,,,15 years,3 years,images/mgp_top_tables_slat/42_round_dining_parson_table_w_hole/product_1.jpg,https://img.telescopecasual.com/PR/233/3137_1.jpg,,,,,,
50Q0,"42"" Round Dining Table w/ hole",MGP Slat Top Tables,1,,,,"48""",,,,,15 years,3 years,images/mgp_top_tables_slat/42_round_dining_table_w_hole/product_1.jpg,https://img.telescopecasual.com/PR/233/454_1.jpg,,,,,,
50Q0,"42"" Square Balcony ""X"" Pedestal Table w/ hole",MGP Slat Top Tables,1,,,,"48""",,,,,15 years,3 years,images/mgp_top_tables_slat/42_square_balcony_x_pedestal_table_w_hole/product_1.jpg,https://img.telescopecasual.com/PR/233/3178_1.jpg,,,,,,
50Q0,"42"" Square Balcony Table w/ hole",MGP Slat Top Tables,1,,,,"48""",,,,,15 years,3 years,images/mgp_top_tables_slat/42_square_balcony_table_w_hole/product_1.jpg,https://img.telescopecasual.com/PR/233/276_1.jpg,,,,,,
50Q0,"42"" Square Bar ""X"" Pedestal Table w/ hole",MGP Slat Top Tables,1,,,,"48""",,,,,15 years,3 years,images/mgp_top_tables_slat/42_square_bar_x_pedestal_table_w_hole/product_1.jpg,https://img.telescopecasual.com/PR/233/3177_1.jpg,,,,,,
50Q0,"42"" Square Bar Table w/ hole",MGP Slat Top Tables,1,,,,"48""",,,,,15 years,3 years,images/mgp_top_tables_slat/42_square_bar_table_w_hole/product_1.jpg,https://img.telescopecasual.com/PR/233/362_1.jpg,,,,,,
50Q0,"42"" Square Coffee Height Table w/ hole",MGP Slat Top Tables,1,,,,"48""",,,,,15 years,3 years,images/mgp_top_tables_slat/42_square_coffee_height_table_w_hole/product_1.jpg,https://img.telescopecasual.com/PR/233/2345_1.jpg,,,,,,
50Q0,"42"" Square Dining ""X"" Pedestal Table w/ hole",MGP Slat Top Tables,1,,,,"48""",,,,,15 years,3 years,images/mgp_top_tables_slat/42_square_dining_x_pedestal_table_w_hole/product_1.jpg,https://img.telescopecasual.com/PR/233/3176_1.jpg,,,,,,
50Q0,"42"" Square Dining Table w/ hole",MGP Slat Top Tables,1,,,,"48""",,,,,15 years,3 years,images/mgp_top_tables_slat/42_square_dining_table_w_hole/product_1.jpg,https://img.telescopecasual.com/PR/233/177_1.jpg,,,,,,
,"42"" x 120"" Rectangular Extension Dining Table",MGP Slat Top Tables,2,,,,,,,,,,,images/mgp_top_tables_slat/42_x_120_rectangular_extension_dining_table/product_1.jpg,https://img.telescopecasual.com/PR/233/2369_1.jpg,images/mgp_top_tables_slat/42_x_120_rectangular_extension_dining_table/product_2.jpg,https://img.telescopecasual.com/PR/233/2369_2.jpg,,,,
50Q0,"42"" x 84"" Rectangular Balcony Parson Table w/ hole",MGP Slat Top Tables,1,,,,"48""",,,,,15 years,3 years,images/mgp_top_tables_slat/42_x_84_rectangular_balcony_parson_table_w_hole/product_1.jpg,https://img.telescopecasual.com/PR/233/3283_1.jpg,,,,,,
50Q0,"42"" x 84"" Rectangular Bar Parson Table w/ hole",MGP Slat Top Tables,1,,,,"48""",,,,,15 years,3 years,images/mgp_top_tables_slat/42_x_84_rectangular_bar_parson_table_w_hole/product_1.jpg,https://img.telescopecasual.com/PR/233/3284_1.jpg,,,,,,
50Q0,"42"" x 84"" Rectangular Dining Parson Table w/ hole",MGP Slat Top Tables,1,,,,"48""",,,,,15 years,3 years,images/mgp_top_tables_slat/42_x_84_rectangular_dining_parson_table_w_hole/product_1.jpg,https://img.telescopecasual.com/PR/233/3282_1.jpg,,,,,,
50Q0,"48"" Round Balcony ""X"" Pedestal Table w/ hole",MGP Slat Top Tables,1,,,,"48""",,,,,15 years,3 years,images/mgp_top_tables_slat/48_round_balcony_x_pedestal_table_w_hole/product_1.jpg,https://img.telescopecasual.com/PR/233/2206_1.jpg,,,,,,
50Q0,"48"" Round Bar ""X"" Pedestal Table w/ hole",MGP Slat Top Tables,1,,,,"48""",,,,,15 years,3 years,images/mgp_top_tables_slat/48_round_bar_x_pedestal_table_w_hole/product_1.jpg,https://img.telescopecasual.com/PR/233/2204_1.jpg,,,,,,
50Q0,"48"" Round Dining ""X"" Pedestal Table w/ hole",MGP Slat Top Tables,1,,,,"48""",,,,,15 years,3 years,images/mgp_top_tables_slat/48_round_dining_x_pedestal_table_w_hole/product_1.jpg,https://img.telescopecasual.com/PR/233/2203_1.jpg,,,,,,
50Q0,"48"" Round Dining Table w/ hole",MGP Slat Top Tables,1,,,,"48""",,,,,15 years,3 years,images/mgp_top_tables_slat/48_round_dining_table_w_hole/product_1.jpg,https://img.telescopecasual.com/PR/233/2193_1.jpg,,,,,,
50Q0,"48"" x 96"" Rectangular Balcony Parson Table w/ hole",MGP Slat Top Tables,1,,,,"48""",,,,,15 years,3 years,images/mgp_top_tables_slat/48_x_96_rectangular_balcony_parson_table_w_hole/product_1.jpg,https://img.telescopecasual.com/PR/233/2841_1.jpg,,,,,,
50Q0,"48"" x 96"" Rectangular Bar Parson Table w/ hole",MGP Slat Top Tables,1,,,,"48""",,,,,15 years,3 years,images/mgp_top_tables_slat/48_x_96_rectangular_bar_parson_table_w_hole/product_1.jpg,https://img.telescopecasual.com/PR/233/2842_1.jpg,,,,,,
50Q0,"48"" x 96"" Rectangular Dining Parson Table w/ hole",MGP Slat Top Tables,1,,,,"48""",,,,,15 years,3 years,images/mgp_top_tables_slat/48_x_96_rectangular_dining_parson_table_w_hole/product_1.jpg,https://img.telescopecasual.com/PR/233/2840_1.jpg,,,,,,
50Q0,"54"" Round Balcony Table w/ hole",MGP Slat Top Tables,1,,,,"48""",,,,,15 years,3 years,images/mgp_top_tables_slat/54_round_balcony_table_w_hole/product_1.jpg,https://img.telescopecasual.com/PR/233/643_1.jpg,,,,,,
50Q0,"54"" Round Bar Table w/ hole",MGP Slat Top Tables,1,,,,"48""",,,,,15 years,3 years,images/mgp_top_tables_slat/54_round_bar_table_w_hole/product_1.jpg,https://img.telescopecasual.com/PR/233/644_1.jpg,,,,,,
50Q0,"54"" Round Coffee Height Table w/ hole",MGP Slat Top Tables,1,,,,"48""",,,,,15 years,3 years,images/mgp_top_tables_slat/54_round_coffee_height_table_w_hole/product_1.jpg,https://img.telescopecasual.com/PR/233/2363_1.jpg,,,,,,
50Q0,"54"" Round Dining Table w/ hole",MGP Slat Top Tables,1,,,,"48""",,,,,15 years,3 years,images/mgp_top_tables_slat/54_round_dining_table_w_hole/product_1.jpg,https://img.telescopecasual.com/PR/233/642_1.jpg,,,,,,
50Q0,"62"" Hexagonal Balcony Table w/ hole",MGP Slat Top Tables,1,,,,"48""",,,,,15 years,3 years,images/mgp_top_tables_slat/62_hexagonal_balcony_table_w_hole/product_1.jpg,https://img.telescopecasual.com/PR/233/1753_1.jpg,,,,,,
50Q0,"62"" Hexagonal Bar Table w/ hole",MGP Slat Top Tables,1,,,,"48""",,,,,15 years,3 years,images/mgp_top_tables_slat/62_hexagonal_bar_table_w_hole/product_1.jpg,https://img.telescopecasual.com/PR/233/1752_1.jpg,,,,,,
50Q0,"62"" Hexagonal Dining Table w/ hole",MGP Slat Top Tables,1,,,,"48""",,,,,15 years,3 years,images/mgp_top_tables_slat/62_hexagonal_dining_table_w_hole/product_1.jpg,https://img.telescopecasual.com/PR/233/1754_1.jpg,,,,,,
50Q0,"64"" Round Balcony Table w/ hole",MGP Slat Top Tables,1,,,,"48""",,,,,15 years,3 years,images/mgp_top_tables_slat/64_round_balcony_table_w_hole/product_1.jpg,https://img.telescopecasual.com/PR/233/2666_1.jpg,,,,,,
50Q0,"64"" Round Bar Table w/ hole",MGP Slat Top Tables,1,,,,"48""",,,,,15 years,3 years,images/mgp_top_tables_slat/64_round_bar_table_w_hole/product_1.jpg,https://img.telescopecasual.com/PR/233/2667_1.jpg,,,,,,
50Q0,"64"" Round Dining Table w/ hole",MGP Slat Top Tables,1,,,,"48""",,,,,15 years,3 years,images/mgp_top_tables_slat/64_round_dining_table_w_hole/product_1.jpg,https://img.telescopecasual.com/PR/233/2665_1.jpg,,,,,,
50Q0,"64"" Square Balcony Table w/ hole",MGP Slat Top Tables,1,,,,"48""",,,,,15 years,3 years,images/mgp_top_tables_slat/64_square_balcony_table_w_hole/product_1.jpg,https://img.telescopecasual.com/PR/233/646_1.jpg,,,,,,
50Q0,"64"" Square Bar Table w/ hole",MGP Slat Top Tables,1,,,,"48""",,,,,15 years,3 years,images/mgp_top_tables_slat/64_square_bar_table_w_hole/product_1.jpg,https://img.telescopecasual.com/PR/233/647_1.jpg,,,,,,
50Q0,"64"" Square Dining Table w/ hole",MGP Slat Top Tables,1,,,,"48""",,,,,15 years,3 years,images/mgp_top_tables_slat/64_square_dining_table_w_hole/product_1.jpg,https://img.telescopecasual.com/PR/233/645_1.jpg,,,,,,
1P80,Picnic Table,MGP Slat Top Tables,1,"64""","66.25""","29""",,120 lbs,,,,15 years,5 years,images/mgp_top_tables_slat/picnic_table/product_1.jpg,https://img.telescopecasual.com/PR/233/2550_1.jpg,,,,,,
9A70,Armless Cafe Chair,Montego MGP Cushion,1,"30.75""","29.5""","38.5""",,24 lbs,,,,15 years,5 years,images/montego_cushion_collection/armless_cafe_chair/product_1.jpg,https://img.telescopecasual.com/PR/233/3394_1.jpg,,,,,,
,Ottoman,Montego MGP Cushion,1,,,,,,,,,,,images/montego_cushion_collection/ottoman/product_1.jpg,https://img.telescopecasual.com/PR/233/3393_1.jpg,,,,,,
,Ottoman,Montego MGP Sling,1,,,,,,,,,,,images/montego_sling_collection/ottoman/product_1.jpg,https://img.telescopecasual.com/PR/233/3429_1.jpg,,,,,,
9A70,Adirondack Chair,Newport Adirondack,1,"30.75""","29.5""","38.5""",,24 lbs,,,,15 years,5 years,images/newport/adirondack_chair/product_1.jpg,https://img.telescopecasual.com/PR/233/2257_1.jpg,,,,,,
1P80,"21"" Round End Table",Origins Solid Surface Top Tables,1,"64""","66.25""","29""",,120 lbs,,,,15 years,5 years,images/origins_table/21_round_end_table/product_1.jpg,https://img.telescopecasual.com/PR/233/2705_1.jpg,,,,,,
1P80,"21"" x 42"" Coffee Table",Origins Solid Surface Top Tables,1,"64""","66.25""","29""",,120 lbs,,,,15 years,5 years,images/origins_table/21_x_42_coffee_table/product_1.jpg,https://img.telescopecasual.com/PR/233/3158_1.jpg,,,,,,
CT10,"42"" Square Balcony ""X"" Pedestal Table w/ hole",Origins Solid Surface Top Tables,1,,,,"21""",,,,,15 years,3 years,images/origins_table/42_square_balcony_x_pedestal_table_w_hole/product_1.jpg,https://img.telescopecasual.com/PR/233/3343_1.jpg,,,,,,
CT10,"42"" Square Balcony Table w/ hole",Origins Solid Surface Top Tables,1,,,,"21""",,,,,15 years,3 years,images/origins_table/42_square_balcony_table_w_hole/product_1.jpg,https://img.telescopecasual.com/PR/233/2731_1.jpg,,,,,,
CT10,"42"" Square Bar ""X"" Pedestal Table w/ hole",Origins Solid Surface Top Tables,1,,,,"21""",,,,,15 years,3 years,images/origins_table/42_square_bar_x_pedestal_table_w_hole/product_1.jpg,https://img.telescopecasual.com/PR/233/3344_1.jpg,,,,,,
CT10,"42"" Square Bar Table w/ hole",Origins Solid Surface Top Tables,1,,,,"21""",,,,,15 years,3 years,images/origins_table/42_square_bar_table_w_hole/product_1.jpg,https://img.telescopecasual.com/PR/233/2732_1.jpg,,,,,,
CT10,"42"" Square Coffee Height Table w/ hole",Origins Solid Surface Top Tables,1,,,,"21""",,,,,15 years,3 years,images/origins_table/42_square_coffee_height_table_w_hole/product_1.jpg,https://img.telescopecasual.com/PR/233/2753_1.jpg,,,,,,
CT10,"42"" Square Dining ""X"" Pedestal Table w/ hole",Origins Solid Surface Top Tables,1,,,,"21""",,,,,15 years,3 years,images/origins_table/42_square_dining_x_pedestal_table_w_hole/product_1.jpg,https://img.telescopecasual.com/PR/233/3342_1.jpg,,,,,,
CT10,"42"" Square Dining Table w/ hole",Origins Solid Surface Top Tables,1,,,,"21""",,,,,15 years,3 years,images/origins_table/42_square_dining_table_w_hole/product_1.jpg,https://img.telescopecasual.com/PR/233/2730_1.jpg,,,,,,
,"42"" x 84"" Rectangular Balcony Parson Table w/ hole",Origins Solid Surface Top Tables,1,,,,,,,,,,,images/origins_table/42_x_84_rectangular_balcony_parson_table_w_hole/product_1.jpg,https://img.telescopecasual.com/PR/233/3292_1.jpg,,,,,,
,"42"" x 84"" Rectangular Bar Parson Table w/ hole",Origins Solid Surface Top Tables,1,,,,,,,,,,,images/origins_table/42_x_84_rectangular_bar_parson_table_w_hole/product_1.jpg,https://img.telescopecasual.com/PR/233/3293_1.jpg,,,,,,
,"42"" x 84"" Rectangular Dining Parson Table w/ hole",Origins Solid Surface Top Tables,1,,,,,,,,,,,images/origins_table/42_x_84_rectangular_dining_parson_table_w_hole/product_1.jpg,https://img.telescopecasual.com/PR/233/3291_1.jpg,,,,,,
1P80,Picnic Table,Plymouth Bay Picnic Table,1,"64""","66.25""","29""",,120 lbs,,,,15 years,5 years,images/plymouth_bay/picnic_table/product_1.jpg,https://img.telescopecasual.com/PR/233/2402_1.jpg,,,,,,
,Attachable Pillow,Reliance Contract Strap,1,,,,,,,,,,,images/reliance_contract_strap/attachable_pillow/product_1.jpg,https://img.telescopecasual.com/PR/233/2905_1.jpg,,,,,,
7R30,Four-Position Lay-flat Stacking Armless Chaise,Reliance Contract Strap,1,"27""","69""","43""",,21.25 lbs,,,"78""",15 years,5 years,images/reliance_contract_strap/four_position_lay_flat_stacking_armless_chaise/product_1.jpg,https://img.telescopecasual.com/PR/233/2247_1.jpg,,,,,,
8R60,Stacking Bistro Chair,Reliance Contract Strap,2,"21""","25.75""","34.5""",,9 lbs,,,,15 years,5 years,images/reliance_contract_strap/stacking_bistro_chair/product_1.jpg,https://img.telescopecasual.com/PR/233/2050_1.jpg,images/reliance_contract_strap/stacking_bistro_chair/product_2.jpg,https://img.telescopecasual.com/PR/233/2050_2.jpg,,,,
,Universal Chaise Pad,Reliance Contract Strap,1,,,,,,,,,,,images/reliance_contract_strap/universal_chaise_pad/product_1.jpg,https://img.telescopecasual.com/PR/233/2906_1.jpg,,,,,,
,"16"" x 32"" Rectangular Tempered Glass Surround",Rustic Polymer Top Fire Table,2,,,,,,,,,,,images/rustic_fire_tables/16_x_32_rectangular_tempered_glass_surround/product_1.jpg,https://img.telescopecasual.com/PR/233/3167_1.jpg,images/rustic_fire_tables/16_x_32_rectangular_tempered_glass_surround/product_2.jpg,https://img.telescopecasual.com/PR/233/3167_2.jpg,,,,
,"25"" Round Tempered Glass Surround",Rustic Polymer Top Fire Table,2,,,,,,,,,,,images/rustic_fire_tables/25_round_tempered_glass_surround/product_1.jpg,https://img.telescopecasual.com/PR/233/3168_1.jpg,images/rustic_fire_tables/25_round_tempered_glass_surround/product_2.jpg,https://img.telescopecasual.com/PR/233/3168_2.jpg,,,,
,"36"" x 54"" Rectangular Rustic Top Fire Table",Rustic Polymer Top Fire Table,3,,,,,,,,,,,images/rustic_fire_tables/36_x_54_rectangular_rustic_top_fire_table/product_1.jpg,https://img.telescopecasual.com/PR/233/2948_1.jpg,images/rustic_fire_tables/36_x_54_rectangular_rustic_top_fire_table/product_2.jpg,https://img.telescopecasual.com/PR/233/2948_2.jpg,images/rustic_fire_tables/36_x_54_rectangular_rustic_top_fire_table/product_3.jpg,https://img.telescopecasual.com/PR/233/2948_3.jpg,,
,"54"" Round Rustic Top Fire Table",Rustic Polymer Top Fire Table,4,,,,,,,,,,,images/rustic_fire_tables/54_round_rustic_top_fire_table/product_1.jpg,https://img.telescopecasual.com/PR/233/2952_1.jpg,images/rustic_fire_tables/54_round_rustic_top_fire_table/product_2.jpg,https://img.telescopecasual.com/PR/233/2952_2.jpg,images/rustic_fire_tables/54_round_rustic_top_fire_table/product_3.jpg,https://img.telescopecasual.com/PR/233/2952_3.jpg,images/rustic_fire_tables/54_round_rustic_top_fire_table/product_4.jpg,https://img.telescopecasual.com/PR/233/2952_4.jpg
2F00,"Balcony Height Lift Kit for 3F10,3F40,3F70,CF40&amp;CF30",Rustic Polymer Top Fire Table,1,"27.25""","27.25""","17""",,8.5 lbs,,,,,,images/rustic_fire_tables/balcony_height_lift_kit_for_3f10_3f40_3f70_cf40_am/product_1.jpg,https://img.telescopecasual.com/PR/233/2915_1.jpg,,,,,,
2F00,"Bar Height Lift Kit for 3F10,3F40,3F70,CF40&amp;CF30",Rustic Polymer Top Fire Table,1,"27.25""","27.25""","17""",,8.5 lbs,,,,,,images/rustic_fire_tables/bar_height_lift_kit_for_3f10_3f40_3f70_cf40_amp_cf/product_1.jpg,https://img.telescopecasual.com/PR/233/2916_1.jpg,,,,,,
2F00,"Dining Height Lift Kit for 3F10,3F40,3F70,CF40&amp;CF30",Rustic Polymer Top Fire Table,1,"27.25""","27.25""","17""",,8.5 lbs,,,,,,images/rustic_fire_tables/dining_height_lift_kit_for_3f10_3f40_3f70_cf40_amp/product_1.jpg,https://img.telescopecasual.com/PR/233/2914_1.jpg,,,,,,
1P80,"10"" x 27"" Chaise Table",Rustic Polymer Top Tables,1,"64""","66.25""","29""",,120 lbs,,,,15 years,5 years,images/rustic_polymer_top_tables/10_x_27_chaise_table/product_1.jpg,https://img.telescopecasual.com/PR/233/2979_1.jpg,,,,,,
6M90,"17 1/2"" Square Side Table",Rustic Polymer Top Tables,1,,,,"28.5""",,,,,15 years,3 years,images/rustic_polymer_top_tables/17_1_2_square_side_table/product_1.jpg,https://img.telescopecasual.com/PR/233/2980_1.jpg,,,,,,
,"18""x54"" Rectangular Balcony Parson Table w/o hole",Rustic Polymer Top Tables,1,,,,,,,,,,,images/rustic_polymer_top_tables/18_x54_rectangular_balcony_parson_table_w_o_hole/product_1.jpg,https://img.telescopecasual.com/PR/233/2743_1.jpg,,,,,,
,"18""x54"" Rectangular Bar Parson Table w/o hole",Rustic Polymer Top Tables,1,,,,,,,,,,,images/rustic_polymer_top_tables/18_x54_rectangular_bar_parson_table_w_o_hole/product_1.jpg,https://img.telescopecasual.com/PR/233/2744_1.jpg,,,,,,
,"18""x54"" Rectangular Dining Parson Table w/o hole",Rustic Polymer Top Tables,1,,,,,,,,,,,images/rustic_polymer_top_tables/18_x54_rectangular_dining_parson_table_w_o_hole/product_1.jpg,https://img.telescopecasual.com/PR/233/2742_1.jpg,,,,,,
5000,"21"" Round End Table",Rustic Polymer Top Tables,1,,,,"28.5""",,,,,15 years,3 years,images/rustic_polymer_top_tables/21_round_end_table/product_1.jpg,https://img.telescopecasual.com/PR/233/2677_1.jpg,,,,,,
5000,"21"" Square End Table",Rustic Polymer Top Tables,1,,,,"28.5""",,,,,15 years,3 years,images/rustic_polymer_top_tables/21_square_end_table/product_1.jpg,https://img.telescopecasual.com/PR/233/2238_1.jpg,,,,,,
1P80,"21"" x 42"" Coffee Table",Rustic Polymer Top Tables,1,"64""","66.25""","29""",,120 lbs,,,,15 years,5 years,images/rustic_polymer_top_tables/21_x_42_coffee_table/product_1.jpg,https://img.telescopecasual.com/PR/233/2985_1.jpg,,,,,,
5000,"23"" Round End Table",Rustic Polymer Top Tables,2,,,,"28.5""",,,,,15 years,3 years,images/rustic_polymer_top_tables/23_round_end_table/product_1.jpg,https://img.telescopecasual.com/PR/233/2777_1.jpg,images/rustic_polymer_top_tables/23_round_end_table/product_2.jpg,https://img.telescopecasual.com/PR/233/2777_2.jpg,,,,
5000,"24"" Square Balcony ""X"" Pedestal Table w/ hole",Rustic Polymer Top Tables,1,,,,"28.5""",,,,,15 years,3 years,images/rustic_polymer_top_tables/24_square_balcony_x_pedestal_table_w_hole/product_1.jpg,https://img.telescopecasual.com/PR/233/3557_1.jpg,,,,,,
5000,"24"" Square Bar ""X"" Pedestal Table w/ hole",Rustic Polymer Top Tables,1,,,,"28.5""",,,,,15 years,3 years,images/rustic_polymer_top_tables/24_square_bar_x_pedestal_table_w_hole/product_1.jpg,https://img.telescopecasual.com/PR/233/3558_1.jpg,,,,,,
5000,"24"" Square Dining ""X"" Pedestal Table w/ hole",Rustic Polymer Top Tables,1,,,,"28.5""",,,,,15 years,3 years,images/rustic_polymer_top_tables/24_square_dining_x_pedestal_table_w_hole/product_1.jpg,https://img.telescopecasual.com/PR/233/3556_1.jpg,,,,,,
5000,"24"" Square End Table Height ""X"" Pedestal Table w/ hole",Rustic Polymer Top Tables,1,,,,"28.5""",,,,,15 years,3 years,images/rustic_polymer_top_tables/24_square_end_table_height_x_pedestal_table_w_hole/product_1.jpg,https://img.telescopecasual.com/PR/233/3555_1.jpg,,,,,,
1P80,"24"" x 42"" Oval Coffee Table",Rustic Polymer Top Tables,2,"64""","66.25""","29""",,120 lbs,,,,15 years,5 years,images/rustic_polymer_top_tables/24_x_42_oval_coffee_table/product_1.jpg,https://img.telescopecasual.com/PR/233/2776_1.jpg,images/rustic_polymer_top_tables/24_x_42_oval_coffee_table/product_2.jpg,https://img.telescopecasual.com/PR/233/2776_2.jpg,,,,
1P80,"24"" x 48"" Rectangular Coffee Table",Rustic Polymer Top Tables,1,"64""","66.25""","29""",,120 lbs,,,,15 years,5 years,images/rustic_polymer_top_tables/24_x_48_rectangular_coffee_table/product_1.jpg,https://img.telescopecasual.com/PR/233/2987_1.jpg,,,,,,
,"30"" Round Balcony ""X"" Pedestal Table w/ hole",Rustic Polymer Top Tables,1,,,,,,,,,,,images/rustic_polymer_top_tables/30_round_balcony_x_pedestal_table_w_hole/product_1.jpg,https://img.telescopecasual.com/PR/233/3542_1.jpg,,,,,,
,"30"" Round Balcony Table w/ hole",Rustic Polymer Top Tables,1,,,,,,,,,,,images/rustic_polymer_top_tables/30_round_balcony_table_w_hole/product_1.jpg,https://img.telescopecasual.com/PR/233/3538_1.jpg,,,,,,
,"30"" Round Bar ""X"" Pedestal Table w/ hole",Rustic Polymer Top Tables,1,,,,,,,,,,,images/rustic_polymer_top_tables/30_round_bar_x_pedestal_table_w_hole/product_1.jpg,https://img.telescopecasual.com/PR/233/3543_1.jpg,,,,,,
,"30"" Round Bar Table w/ hole",Rustic Polymer Top Tables,1,,,,,,,,,,,images/rustic_polymer_top_tables/30_round_bar_table_w_hole/product_1.jpg,https://img.telescopecasual.com/PR/233/3539_1.jpg,,,,,,
,"30"" Round Dining ""X"" Pedestal Table w/ hole",Rustic Polymer Top Tables,1,,,,,,,,,,,images/rustic_polymer_top_tables/30_round_dining_x_pedestal_table_w_hole/product_1.jpg,https://img.telescopecasual.com/PR/233/3541_1.jpg,,,,,,
,"30"" Round Dining Table w/ hole",Rustic Polymer Top Tables,1,,,,,,,,,,,images/rustic_polymer_top_tables/30_round_dining_table_w_hole/product_1.jpg,https://img.telescopecasual.com/PR/233/3537_1.jpg,,,,,,
5000,"30"" Round End Table Height ""X"" Pedestal Table w/ hole",Rustic Polymer Top Tables,1,,,,"28.5""",,,,,15 years,3 years,images/rustic_polymer_top_tables/30_round_end_table_height_x_pedestal_table_w_hole/product_1.jpg,https://img.telescopecasual.com/PR/233/3540_1.jpg,,,,,,
,"36"" Round Balcony ""X"" Pedestal Table w/ hole",Rustic Polymer Top Tables,1,,,,,,,,,,,images/rustic_polymer_top_tables/36_round_balcony_x_pedestal_table_w_hole/product_1.jpg,https://img.telescopecasual.com/PR/233/3316_1.jpg,,,,,,
,"36"" Round Balcony Table w/ hole",Rustic Polymer Top Tables,1,,,,,,,,,,,images/rustic_polymer_top_tables/36_round_balcony_table_w_hole/product_1.jpg,https://img.telescopecasual.com/PR/233/3313_1.jpg,,,,,,
,"36"" Round Bar ""X"" Pedestal Table w/ hole",Rustic Polymer Top Tables,1,,,,,,,,,,,images/rustic_polymer_top_tables/36_round_bar_x_pedestal_table_w_hole/product_1.jpg,https://img.telescopecasual.com/PR/233/3317_1.jpg,,,,,,
,"36"" Round Bar Table w/ hole",Rustic Polymer Top Tables,1,,,,,,,,,,,images/rustic_polymer_top_tables/36_round_bar_table_w_hole/product_1.jpg,https://img.telescopecasual.com/PR/233/3314_1.jpg,,,,,,
,"36"" Round Dining ""X"" Pedestal Table w/ hole",Rustic Polymer Top Tables,1,,,,,,,,,,,images/rustic_polymer_top_tables/36_round_dining_x_pedestal_table_w_hole/product_1.jpg,https://img.telescopecasual.com/PR/233/3315_1.jpg,,,,,,
,"36"" Round Dining Table w/ hole",Rustic Polymer Top Tables,1,,,,,,,,,,,images/rustic_polymer_top_tables/36_round_dining_table_w_hole/product_1.jpg,https://img.telescopecasual.com/PR/233/3312_1.jpg,,,,,,
5000,"36"" Round End Table Height ""X"" Pedestal Table w/ hole",Rustic Polymer Top Tables,1,,,,"28.5""",,,,,15 years,3 years,images/rustic_polymer_top_tables/36_round_end_table_height_x_pedestal_table_w_hole/product_1.jpg,https://img.telescopecasual.com/PR/233/3466_1.jpg,,,,,,
5000,"36"" Square Balcony ""X"" Pedestal Table w/ hole",Rustic Polymer Top Tables,1,,,,"28.5""",,,,,15 years,3 years,images/rustic_polymer_top_tables/36_square_balcony_x_pedestal_table_w_hole/product_1.jpg,https://img.telescopecasual.com/PR/233/2333_1.jpg,,,,,,
5000,"36"" Square Balcony Parson Table w/ hole",Rustic Polymer Top Tables,1,,,,"28.5""",,,,,15 years,3 years,images/rustic_polymer_top_tables/36_square_balcony_parson_table_w_hole/product_1.jpg,https://img.telescopecasual.com/PR/233/2750_1.jpg,,,,,,
5000,"36"" Square Balcony Table w/ hole",Rustic Polymer Top Tables,1,,,,"28.5""",,,,,15 years,3 years,images/rustic_polymer_top_tables/36_square_balcony_table_w_hole/product_1.jpg,https://img.telescopecasual.com/PR/233/2329_1.jpg,,,,,,
5000,"36"" Square Bar ""X"" Pedestal Table w/ hole",Rustic Polymer Top Tables,1,,,,"28.5""",,,,,15 years,3 years,images/rustic_polymer_top_tables/36_square_bar_x_pedestal_table_w_hole/product_1.jpg,https://img.telescopecasual.com/PR/233/2334_1.jpg,,,,,,
5000,"36"" Square Bar Parson Table w/ hole",Rustic Polymer Top Tables,1,,,,"28.5""",,,,,15 years,3 years,images/rustic_polymer_top_tables/36_square_bar_parson_table_w_hole/product_1.jpg,https://img.telescopecasual.com/PR/233/2751_1.jpg,,,,,,
5000,"36"" Square Bar Table w/ hole",Rustic Polymer Top Tables,1,,,,"28.5""",,,,,15 years,3 years,images/rustic_polymer_top_tables/36_square_bar_table_w_hole/product_1.jpg,https://img.telescopecasual.com/PR/233/2330_1.jpg,,,,,,
5000,"36"" Square Coffee Height Parson Table w/ hole",Rustic Polymer Top Tables,1,,,,"28.5""",,,,,15 years,3 years,images/rustic_polymer_top_tables/36_square_coffee_height_parson_table_w_hole/product_1.jpg,https://img.telescopecasual.com/PR/233/2752_1.jpg,,,,,,
5000,"36"" Square Dining ""X"" Pedestal Table w/ hole",Rustic Polymer Top Tables,1,,,,"28.5""",,,,,15 years,3 years,images/rustic_polymer_top_tables/36_square_dining_x_pedestal_table_w_hole/product_1.jpg,https://img.telescopecasual.com/PR/233/2332_1.jpg,,,,,,
5000,"36"" Square Dining Parson Table w/ hole",Rustic Polymer Top Tables,1,,,,"28.5""",,,,,15 years,3 years,images/rustic_polymer_top_tables/36_square_dining_parson_table_w_hole/product_1.jpg,https://img.telescopecasual.com/PR/233/2749_1.jpg,,,,,,
5000,"36"" Square Dining Table w/ hole",Rustic Polymer Top Tables,1,,,,"28.5""",,,,,15 years,3 years,images/rustic_polymer_top_tables/36_square_dining_table_w_hole/product_1.jpg,https://img.telescopecasual.com/PR/233/2328_1.jpg,,,,,,
,"36"" x 64"" Rectangular Balcony Parson Table w/ hole",Rustic Polymer Top Tables,1,,,,,,,,,,,images/rustic_polymer_top_tables/36_x_64_rectangular_balcony_parson_table_w_hole/product_1.jpg,https://img.telescopecasual.com/PR/233/2571_1.jpg,,,,,,
,"36"" x 64"" Rectangular Bar Parson Table w/ hole",Rustic Polymer Top Tables,1,,,,,,,,,,,images/rustic_polymer_top_tables/36_x_64_rectangular_bar_parson_table_w_hole/product_1.jpg,https://img.telescopecasual.com/PR/233/2570_1.jpg,,,,,,
,"36"" x 64"" Rectangular Coffee Height Parson Table w/ hole",Rustic Polymer Top Tables,1,,,,,,,,,,,images/rustic_polymer_top_tables/36_x_64_rectangular_coffee_height_parson_table_w_h/product_1.jpg,https://img.telescopecasual.com/PR/233/2913_1.jpg,,,,,,
,"36"" x 64"" Rectangular Dining Parson Table w/ hole",Rustic Polymer Top Tables,1,,,,,,,,,,,images/rustic_polymer_top_tables/36_x_64_rectangular_dining_parson_table_w_hole/product_1.jpg,https://img.telescopecasual.com/PR/233/2569_1.jpg,,,,,,
,"42"" Round Balcony ""X"" Pedestal Table w/ hole",Rustic Polymer Top Tables,1,,,,,,,,,,,images/rustic_polymer_top_tables/42_round_balcony_x_pedestal_table_w_hole/product_1.jpg,https://img.telescopecasual.com/PR/233/3074_1.jpg,,,,,,
,"42"" Round Balcony Parson Table w/ hole",Rustic Polymer Top Tables,1,,,,,,,,,,,images/rustic_polymer_top_tables/42_round_balcony_parson_table_w_hole/product_1.jpg,https://img.telescopecasual.com/PR/233/3142_1.jpg,,,,,,
,"42"" Round Balcony Table w/ hole",Rustic Polymer Top Tables,1,,,,,,,,,,,images/rustic_polymer_top_tables/42_round_balcony_table_w_hole/product_1.jpg,https://img.telescopecasual.com/PR/233/3068_1.jpg,,,,,,
,"42"" Round Bar ""X"" Pedestal Table w/ hole",Rustic Polymer Top Tables,1,,,,,,,,,,,images/rustic_polymer_top_tables/42_round_bar_x_pedestal_table_w_hole/product_1.jpg,https://img.telescopecasual.com/PR/233/3072_1.jpg,,,,,,
,"42"" Round Bar Parson Table w/ hole",Rustic Polymer Top Tables,1,,,,,,,,,,,images/rustic_polymer_top_tables/42_round_bar_parson_table_w_hole/product_1.jpg,https://img.telescopecasual.com/PR/233/3144_1.jpg,,,,,,
,"42"" Round Bar Table w/ hole",Rustic Polymer Top Tables,1,,,,,,,,,,,images/rustic_polymer_top_tables/42_round_bar_table_w_hole/product_1.jpg,https://img.telescopecasual.com/PR/233/3069_1.jpg,,,,,,
,"42"" Round Coffee Height Parson Table w/ hole",Rustic Polymer Top Tables,1,,,,,,,,,,,images/rustic_polymer_top_tables/42_round_coffee_height_parson_table_w_hole/product_1.jpg,https://img.telescopecasual.com/PR/233/3184_1.jpg,,,,,,
,"42"" Round Dining ""X"" Pedestal Table w/ hole",Rustic Polymer Top Tables,1,,,,,,,,,,,images/rustic_polymer_top_tables/42_round_dining_x_pedestal_table_w_hole/product_1.jpg,https://img.telescopecasual.com/PR/233/3071_1.jpg,,,,,,
,"42"" Round Dining Parson Table w/ hole",Rustic Polymer Top Tables,1,,,,,,,,,,,images/rustic_polymer_top_tables/42_round_dining_parson_table_w_hole/product_1.jpg,https://img.telescopecasual.com/PR/233/3143_1.jpg,,,,,,
,"42"" Round Dining Table w/ hole",Rustic Polymer Top Tables,1,,,,,,,,,,,images/rustic_polymer_top_tables/42_round_dining_table_w_hole/product_1.jpg,https://img.telescopecasual.com/PR/233/3067_1.jpg,,,,,,
5000,"42"" Square Balcony ""X"" Pedestal Table w/ hole",Rustic Polymer Top Tables,1,,,,"28.5""",,,,,15 years,3 years,images/rustic_polymer_top_tables/42_square_balcony_x_pedestal_table_w_hole/product_1.jpg,https://img.telescopecasual.com/PR/233/3191_1.jpg,,,,,,
5000,"42"" Square Balcony Table w/ hole",Rustic Polymer Top Tables,1,,,,"28.5""",,,,,15 years,3 years,images/rustic_polymer_top_tables/42_square_balcony_table_w_hole/product_1.jpg,https://img.telescopecasual.com/PR/233/3080_1.jpg,,,,,,
5000,"42"" Square Bar ""X"" Pedestal Table w/ hole",Rustic Polymer Top Tables,1,,,,"28.5""",,,,,15 years,3 years,images/rustic_polymer_top_tables/42_square_bar_x_pedestal_table_w_hole/product_1.jpg,https://img.telescopecasual.com/PR/233/3190_1.jpg,,,,,,
5000,"42"" Square Bar Table w/ hole",Rustic Polymer Top Tables,1,,,,"28.5""",,,,,15 years,3 years,images/rustic_polymer_top_tables/42_square_bar_table_w_hole/product_1.jpg,https://img.telescopecasual.com/PR/233/3081_1.jpg,,,,,,
5000,"42"" Square Coffee Height Table w/ hole",Rustic Polymer Top Tables,1,,,,"28.5""",,,,,15 years,3 years,images/rustic_polymer_top_tables/42_square_coffee_height_table_w_hole/product_1.jpg,https://img.telescopecasual.com/PR/233/3082_1.jpg,,,,,,
5000,"42"" Square Dining Table w/ hole",Rustic Polymer Top Tables,1,,,,"28.5""",,,,,15 years,3 years,images/rustic_polymer_top_tables/42_square_dining_table_w_hole/product_1.jpg,https://img.telescopecasual.com/PR/233/3079_1.jpg,,,,,,
,"42"" x 120"" Rectangular Extension Dining Table",Rustic Polymer Top Tables,2,,,,,,,,,,,images/rustic_polymer_top_tables/42_x_120_rectangular_extension_dining_table/product_1.jpg,https://img.telescopecasual.com/PR/233/2398_1.jpg,images/rustic_polymer_top_tables/42_x_120_rectangular_extension_dining_table/product_2.jpg,https://img.telescopecasual.com/PR/233/2398_2.jpg,,,,
,"42"" x 84"" Rectangular Balcony Parson Table w/ hole",Rustic Polymer Top Tables,1,,,,,,,,,,,images/rustic_polymer_top_tables/42_x_84_rectangular_balcony_parson_table_w_hole/product_1.jpg,https://img.telescopecasual.com/PR/233/3289_1.jpg,,,,,,
,"42"" x 84"" Rectangular Bar Parson Table w/ hole",Rustic Polymer Top Tables,1,,,,,,,,,,,images/rustic_polymer_top_tables/42_x_84_rectangular_bar_parson_table_w_hole/product_1.jpg,https://img.telescopecasual.com/PR/233/3290_1.jpg,,,,,,
,"42"" x 84"" Rectangular Dining Parson Table w/ hole",Rustic Polymer Top Tables,1,,,,,,,,,,,images/rustic_polymer_top_tables/42_x_84_rectangular_dining_parson_table_w_hole/product_1.jpg,https://img.telescopecasual.com/PR/233/3288_1.jpg,,,,,,
,"48"" Round Balcony ""X"" Pedestal Table w/ hole",Rustic Polymer Top Tables,1,,,,,,,,,,,images/rustic_polymer_top_tables/48_round_balcony_x_pedestal_table_w_hole/product_1.jpg,https://img.telescopecasual.com/PR/233/2576_1.jpg,,,,,,
,"48"" Round Bar ""X"" Pedestal Table w/ hole",Rustic Polymer Top Tables,1,,,,,,,,,,,images/rustic_polymer_top_tables/48_round_bar_x_pedestal_table_w_hole/product_1.jpg,https://img.telescopecasual.com/PR/233/2577_1.jpg,,,,,,
,"48"" Round Dining ""X"" Pedestal Table w/ hole",Rustic Polymer Top Tables,1,,,,,,,,,,,images/rustic_polymer_top_tables/48_round_dining_x_pedestal_table_w_hole/product_1.jpg,https://img.telescopecasual.com/PR/233/2575_1.jpg,,,,,,
,"48"" Round Dining Table w/ hole",Rustic Polymer Top Tables,1,,,,,,,,,,,images/rustic_polymer_top_tables/48_round_dining_table_w_hole/product_1.jpg,https://img.telescopecasual.com/PR/233/2573_1.jpg,,,,,,
,"48"" x 96"" Rectangular Balcony Parson Table w/ hole",Rustic Polymer Top Tables,1,,,,,,,,,,,images/rustic_polymer_top_tables/48_x_96_rectangular_balcony_parson_table_w_hole/product_1.jpg,https://img.telescopecasual.com/PR/233/2844_1.jpg,,,,,,
,"48"" x 96"" Rectangular Bar Parson Table w/ hole",Rustic Polymer Top Tables,1,,,,,,,,,,,images/rustic_polymer_top_tables/48_x_96_rectangular_bar_parson_table_w_hole/product_1.jpg,https://img.telescopecasual.com/PR/233/2845_1.jpg,,,,,,
,"48"" x 96"" Rectangular Dining Parson Table w/ hole",Rustic Polymer Top Tables,1,,,,,,,,,,,images/rustic_polymer_top_tables/48_x_96_rectangular_dining_parson_table_w_hole/product_1.jpg,https://img.telescopecasual.com/PR/233/2843_1.jpg,,,,,,
,"54"" Round Balcony Table w/ hole",Rustic Polymer Top Tables,1,,,,,,,,,,,images/rustic_polymer_top_tables/54_round_balcony_table_w_hole/product_1.jpg,https://img.telescopecasual.com/PR/233/2343_1.jpg,,,,,,
,"54"" Round Bar Table w/ hole",Rustic Polymer Top Tables,1,,,,,,,,,,,images/rustic_polymer_top_tables/54_round_bar_table_w_hole/product_1.jpg,https://img.telescopecasual.com/PR/233/2344_1.jpg,,,,,,
,"54"" Round Coffee Height Table w/ hole",Rustic Polymer Top Tables,1,,,,,,,,,,,images/rustic_polymer_top_tables/54_round_coffee_height_table_w_hole/product_1.jpg,https://img.telescopecasual.com/PR/233/2364_1.jpg,,,,,,
,"54"" Round Dining Table w/ hole",Rustic Polymer Top Tables,1,,,,,,,,,,,images/rustic_polymer_top_tables/54_round_dining_table_w_hole/product_1.jpg,https://img.telescopecasual.com/PR/233/2342_1.jpg,,,,,,
,"62"" Hexagonal Balcony Table w/ hole",Rustic Polymer Top Tables,1,,,,,,,,,,,images/rustic_polymer_top_tables/62_hexagonal_balcony_table_w_hole/product_1.jpg,https://img.telescopecasual.com/PR/233/2586_1.jpg,,,,,,
,"62"" Hexagonal Bar Table w/ hole",Rustic Polymer Top Tables,1,,,,,,,,,,,images/rustic_polymer_top_tables/62_hexagonal_bar_table_w_hole/product_1.jpg,https://img.telescopecasual.com/PR/233/2587_1.jpg,,,,,,
,"62"" Hexagonal Dining Table w/ hole",Rustic Polymer Top Tables,1,,,,,,,,,,,images/rustic_polymer_top_tables/62_hexagonal_dining_table_w_hole/product_1.jpg,https://img.telescopecasual.com/PR/233/2585_1.jpg,,,,,,
,"64"" Round Balcony Table w/ hole",Rustic Polymer Top Tables,1,,,,,,,,,,,images/rustic_polymer_top_tables/64_round_balcony_table_w_hole/product_1.jpg,https://img.telescopecasual.com/PR/233/2672_1.jpg,,,,,,
,"64"" Round Bar Table w/ hole",Rustic Polymer Top Tables,1,,,,,,,,,,,images/rustic_polymer_top_tables/64_round_bar_table_w_hole/product_1.jpg,https://img.telescopecasual.com/PR/233/2673_1.jpg,,,,,,
,"64"" Round Dining Table w/ hole",Rustic Polymer Top Tables,1,,,,,,,,,,,images/rustic_polymer_top_tables/64_round_dining_table_w_hole/product_1.jpg,https://img.telescopecasual.com/PR/233/2671_1.jpg,,,,,,
5000,"64"" Square Balcony Table w/ hole",Rustic Polymer Top Tables,1,,,,"28.5""",,,,,15 years,3 years,images/rustic_polymer_top_tables/64_square_balcony_table_w_hole/product_1.jpg,https://img.telescopecasual.com/PR/233/2340_1.jpg,,,,,,
5000,"64"" Square Bar Table w/ hole",Rustic Polymer Top Tables,1,,,,"28.5""",,,,,15 years,3 years,images/rustic_polymer_top_tables/64_square_bar_table_w_hole/product_1.jpg,https://img.telescopecasual.com/PR/233/2341_1.jpg,,,,,,
5000,"64"" Square Dining Table w/ hole",Rustic Polymer Top Tables,1,,,,"28.5""",,,,,15 years,3 years,images/rustic_polymer_top_tables/64_square_dining_table_w_hole/product_1.jpg,https://img.telescopecasual.com/PR/233/2339_1.jpg,,,,,,
1P80,Picnic Table,Rustic Polymer Top Tables,1,"64""","66.25""","29""",,120 lbs,,,,15 years,5 years,images/rustic_polymer_top_tables/picnic_table/product_1.jpg,https://img.telescopecasual.com/PR/233/2572_1.jpg,,,,,,
,Ottoman,Soho Sling,1,,,,,,,,,,,images/soho_sling_collection/ottoman/product_1.jpg,https://img.telescopecasual.com/PR/233/3446_1.jpg,,,,,,
9K10,Stacking Arm Chair,Soho Sling,1,"25.5""","25""","35.5""",,9 lbs,,,,15 years,5 years,images/soho_sling_collection/stacking_arm_chair/product_1.jpg,https://img.telescopecasual.com/PR/233/3436_1.jpg,,,,,,
9K10,Stacking Supreme Arm Chair,Soho Sling,1,"25.5""","25""","35.5""",,9 lbs,,,,15 years,5 years,images/soho_sling_collection/stacking_supreme_arm_chair/product_1.jpg,https://img.telescopecasual.com/PR/233/3440_1.jpg,,,,,,
9K40,Stacking Two-Seat Loveseat,Soho Sling,1,"25""","31.25""","38""",,,,,,15 years,5 years,images/soho_sling_collection/stacking_two_seat_loveseat/product_1.jpg,https://img.telescopecasual.com/PR/233/3444_1.jpg,,,,,,
,Supreme Swivel Rocker,Soho Sling,1,,,,,,,,,,,images/soho_sling_collection/supreme_swivel_rocker/product_1.jpg,https://img.telescopecasual.com/PR/233/3442_1.jpg,,,,,,
,Swivel Rocker,Soho Sling,1,,,,,,,,,,,images/soho_sling_collection/swivel_rocker/product_1.jpg,https://img.telescopecasual.com/PR/233/3438_1.jpg,,,,,,
EM70,Arm Chair w/ MGP Arms,St. Catherine MGP Cushion,1,"33""","34.5""","38""",,54 lbs,,,,15 years,3 years,images/st_catherine_mgp_cushion/arm_chair_w_mgp_arms/product_1.jpg,https://img.telescopecasual.com/PR/233/2796_1.jpg,,,,,,
EM70,Arm Chair w/ Rustic Arms,St. Catherine MGP Cushion,2,"33""","34.5""","38""",,54 lbs,,,,15 years,3 years,images/st_catherine_mgp_cushion/arm_chair_w_rustic_arms/product_1.jpg,https://img.telescopecasual.com/PR/233/2856_1.jpg,images/st_catherine_mgp_cushion/arm_chair_w_rustic_arms/product_2.jpg,https://img.telescopecasual.com/PR/233/2856_2.jpg,,,,
,Ottoman,St. Catherine MGP Cushion,1,,,,,,,,,,,images/st_catherine_mgp_cushion/ottoman/product_1.jpg,https://img.telescopecasual.com/PR/233/3131_1.jpg,,,,,,
EM60,Swivel Rocker w/ MGP Arms,St. Catherine MGP Cushion,1,"33""","34.5""","38""",,61 lbs,,,,15 years,1 years,images/st_catherine_mgp_cushion/swivel_rocker_w_mgp_arms/product_1.jpg,https://img.telescopecasual.com/PR/233/2798_1.jpg,,,,,,
EM60,Swivel Rocker w/ Rustic Arms,St. Catherine MGP Cushion,2,"33""","34.5""","38""",,61 lbs,,,,15 years,1 years,images/st_catherine_mgp_cushion/swivel_rocker_w_rustic_arms/product_1.jpg,https://img.telescopecasual.com/PR/233/2859_1.jpg,images/st_catherine_mgp_cushion/swivel_rocker_w_rustic_arms/product_2.jpg,https://img.telescopecasual.com/PR/233/2859_2.jpg,,,,
,Three-Seat Sofa w/ MGP Arms,St. Catherine MGP Cushion,1,,,,,,,,,,,images/st_catherine_mgp_cushion/three_seat_sofa_w_mgp_arms/product_1.jpg,https://img.telescopecasual.com/PR/233/2802_1.jpg,,,,,,
,Three-Seat Sofa w/ Rustic Arms,St. Catherine MGP Cushion,2,,,,,,,,,,,images/st_catherine_mgp_cushion/three_seat_sofa_w_rustic_arms/product_1.jpg,https://img.telescopecasual.com/PR/233/2869_1.jpg,images/st_catherine_mgp_cushion/three_seat_sofa_w_rustic_arms/product_2.jpg,https://img.telescopecasual.com/PR/233/2869_2.jpg,,,,
,Two-Seat Loveseat w/ MGP Arms,St. Catherine MGP Cushion,1,,,,,,,,,,,images/st_catherine_mgp_cushion/two_seat_loveseat_w_mgp_arms/product_1.jpg,https://img.telescopecasual.com/PR/233/2800_1.jpg,,,,,,
,Two-Seat Loveseat w/ Rustic Arms,St. Catherine MGP Cushion,2,,,,,,,,,,,images/st_catherine_mgp_cushion/two_seat_loveseat_w_rustic_arms/product_1.jpg,https://img.telescopecasual.com/PR/233/2868_1.jpg,images/st_catherine_mgp_cushion/two_seat_loveseat_w_rustic_arms/product_2.jpg,https://img.telescopecasual.com/PR/233/2868_2.jpg,,,,
,Arm Chair w/ MGP Arms,St. Catherine MGP Sling,1,,,,,,,,,,,images/st_catherine_mgp_sling/arm_chair_w_mgp_arms/product_1.jpg,https://img.telescopecasual.com/PR/233/2804_1.jpg,,,,,,
,Arm Chair w/ Rustic Arms,St. Catherine MGP Sling,1,,,,,,,,,,,images/st_catherine_mgp_sling/arm_chair_w_rustic_arms/product_1.jpg,https://img.telescopecasual.com/PR/233/2871_1.jpg,,,,,,
7R30,Lay-flat Stacking Armless Chaise w/ Wheels,St. Catherine MGP Sling,1,"27""","69""","43""",,21.25 lbs,,,"78""",15 years,5 years,images/st_catherine_mgp_sling/lay_flat_stacking_armless_chaise_w_wheels/product_1.jpg,https://img.telescopecasual.com/PR/233/3402_1.jpg,,,,,,
7R30,Lay-flat Stacking Armless Long Frame Chaise w/ Wheels,St. Catherine MGP Sling,1,"27""","69""","43""",,21.25 lbs,,,"78""",15 years,5 years,images/st_catherine_mgp_sling/lay_flat_stacking_armless_long_frame_chaise_w_whee/product_1.jpg,https://img.telescopecasual.com/PR/233/3401_1.jpg,,,,,,
,Supreme Arm Chair w/ MGP Arms,St. Catherine MGP Sling,1,,,,,,,,,,,images/st_catherine_mgp_sling/supreme_arm_chair_w_mgp_arms/product_1.jpg,https://img.telescopecasual.com/PR/233/2808_1.jpg,,,,,,
,Supreme Arm Chair w/ Rustic Arms,St. Catherine MGP Sling,1,,,,,,,,,,,images/st_catherine_mgp_sling/supreme_arm_chair_w_rustic_arms/product_1.jpg,https://img.telescopecasual.com/PR/233/2875_1.jpg,,,,,,
,Supreme Swivel Rocker w/ MGP Arms,St. Catherine MGP Sling,1,,,,,,,,,,,images/st_catherine_mgp_sling/supreme_swivel_rocker_w_mgp_arms/product_1.jpg,https://img.telescopecasual.com/PR/233/2810_1.jpg,,,,,,
,Supreme Swivel Rocker w/ Rustic Arms,St. Catherine MGP Sling,1,,,,,,,,,,,images/st_catherine_mgp_sling/supreme_swivel_rocker_w_rustic_arms/product_1.jpg,https://img.telescopecasual.com/PR/233/2877_1.jpg,,,,,,
6W30,Swivel Rocker w/ MGP Arms,St. Catherine MGP Sling,1,"29.75""","32.75""","40.5""",,30 lbs,"15.5""",,,15 years,5 years,images/st_catherine_mgp_sling/swivel_rocker_w_mgp_arms/product_1.jpg,https://img.telescopecasual.com/PR/233/2806_1.jpg,,,,,,
6W30,Swivel Rocker w/ Rustic Arms,St. Catherine MGP Sling,1,"29.75""","32.75""","40.5""",,30 lbs,"15.5""",,,15 years,5 years,images/st_catherine_mgp_sling/swivel_rocker_w_rustic_arms/product_1.jpg,https://img.telescopecasual.com/PR/233/2873_1.jpg,,,,,,
,Replacement Label Set for Receptacle,Trash / Towel Receptacle,1,,,,,,,,,,,images/trash_towel_receptacle/replacement_label_set_for_receptacle/product_1.jpg,https://img.telescopecasual.com/PR/233/1766_1.jpg,,,,,,
,Trash / Towel Receptacle,Trash / Towel Receptacle,3,,,,,,,,,,,images/trash_towel_receptacle/trash_towel_receptacle/product_1.jpg,https://img.telescopecasual.com/PR/233/1723_1.jpg,images/trash_towel_receptacle/trash_towel_receptacle/product_2.jpg,https://img.telescopecasual.com/PR/233/1723_2.jpg,images/trash_towel_receptacle/trash_towel_receptacle/product_3.jpg,https://img.telescopecasual.com/PR/233/1723_3.jpg,,
,"16"" Weighted Base w/ Handle",Umbrella Bases,1,,,,,,,,,,,images/umbrella_base_amp_accessories/16_weighted_base_w_handle/product_1.jpg,https://img.telescopecasual.com/PR/233/374_1.jpg,,,,,,
,"21"" Round Weighted Base w/ Wheels",Umbrella Bases,1,,,,,,,,,,,images/umbrella_base_amp_accessories/21_round_weighted_base_w_wheels/product_1.jpg,https://img.telescopecasual.com/PR/233/2051_1.jpg,,,,,,
,"24"" Round Weighted Base w/ Wheels",Umbrella Bases,1,,,,,,,,,,,images/umbrella_base_amp_accessories/24_round_weighted_base_w_wheels/product_1.jpg,https://img.telescopecasual.com/PR/233/2275_1.jpg,,,,,,
,"24"" Square Steel Umbrella Base",Umbrella Bases,1,,,,,,,,,,,images/umbrella_base_amp_accessories/24_square_steel_umbrella_base/product_1.jpg,https://img.telescopecasual.com/PR/233/375_1.jpg,,,,,,
,Silver Pole Extension,Umbrella Bases,1,,,,,,,,,,,images/umbrella_base_amp_accessories/silver_pole_extension/product_1.jpg,https://img.telescopecasual.com/PR/233/772_1.jpg,,,,,,
,7 1/2' Powdercoat Aluminum Frame w/ Autotilt,Value Market Umbrellas,1,,,,,,,,,,,images/value_market_umbrella/7_1_2_powdercoat_aluminum_frame_w_autotilt/product_1.jpg,https://img.telescopecasual.com/PR/233/1718_1.jpg,,,,,,
,9' Powdercoat Aluminum Frame w/ Autotilt,Value Market Umbrellas,2,,,,,,,,,,,images/value_market_umbrella/9_powdercoat_aluminum_frame_w_autotilt/product_1.jpg,https://img.telescopecasual.com/PR/233/280_1.jpg,images/value_market_umbrella/9_powdercoat_aluminum_frame_w_autotilt/product_2.jpg,https://img.telescopecasual.com/PR/233/280_2.jpg,,,,
1P80,"23"" Round End Table",Wexler MGP Sling,1,"64""","66.25""","29""",,120 lbs,,,,15 years,5 years,images/wexler_sling/23_round_end_table/product_1.jpg,https://img.telescopecasual.com/PR/233/2356_1.jpg,,,,,,
1P80,"24"" x 42"" Oval Coffee Table",Wexler MGP Sling,1,"64""","66.25""","29""",,120 lbs,,,,15 years,5 years,images/wexler_sling/24_x_42_oval_coffee_table/product_1.jpg,https://img.telescopecasual.com/PR/233/2357_1.jpg,,,,,,
9A70,Chat Height Arm Chair w/ MGP Arms,Wexler MGP Sling,2,"30.75""","29.5""","38.5""",,24 lbs,,,,15 years,5 years,images/wexler_sling/chat_height_arm_chair_w_mgp_arms/product_1.jpg,https://img.telescopecasual.com/PR/233/2224_1.jpg,images/wexler_sling/chat_height_arm_chair_w_mgp_arms/product_2.jpg,https://img.telescopecasual.com/PR/233/2224_2.jpg,,,,
,Chat Height Loveseat w/ MGP Arms,Wexler MGP Sling,2,,,,,,,,,,,images/wexler_sling/chat_height_loveseat_w_mgp_arms/product_1.jpg,https://img.telescopecasual.com/PR/233/2244_1.jpg,images/wexler_sling/chat_height_loveseat_w_mgp_arms/product_2.jpg,https://img.telescopecasual.com/PR/233/2244_2.jpg,,,,
,Chat Height Supreme Rocker w/ MGP Arms,Wexler MGP Sling,3,,,,,,,,,,,images/wexler_sling/chat_height_supreme_rocker_w_mgp_arms/product_1.jpg,https://img.telescopecasual.com/PR/233/2399_1.jpg,images/wexler_sling/chat_height_supreme_rocker_w_mgp_arms/product_2.jpg,https://img.telescopecasual.com/PR/233/2399_2.jpg,images/wexler_sling/chat_height_supreme_rocker_w_mgp_arms/product_3.jpg,https://img.telescopecasual.com/PR/233/2399_3.jpg,,
,Chat Height Swivel Rocker w/ MGP Arms,Wexler MGP Sling,3,,,,,,,,,,,images/wexler_sling/chat_height_swivel_rocker_w_mgp_arms/product_1.jpg,https://img.telescopecasual.com/PR/233/2387_1.jpg,images/wexler_sling/chat_height_swivel_rocker_w_mgp_arms/product_2.jpg,https://img.telescopecasual.com/PR/233/2387_2.jpg,images/wexler_sling/chat_height_swivel_rocker_w_mgp_arms/product_3.jpg,https://img.telescopecasual.com/PR/233/2387_3.jpg,,
,Chat Height Three-Seat Sofa w/ MGP Arms,Wexler MGP Sling,2,,,,,,,,,,,images/wexler_sling/chat_height_three_seat_sofa_w_mgp_arms/product_1.jpg,https://img.telescopecasual.com/PR/233/2383_1.jpg,images/wexler_sling/chat_height_three_seat_sofa_w_mgp_arms/product_2.jpg,https://img.telescopecasual.com/PR/233/2383_2.jpg,,,,
,Bar Height Arm Chair,World Famous Director Chair,4,,,,,,,,,,,images/world_famous_director_chair/bar_height_arm_chair/product_1.jpg,https://img.telescopecasual.com/PR/233/738_1.jpg,images/world_famous_director_chair/bar_height_arm_chair/product_2.jpg,https://img.telescopecasual.com/PR/233/738_2.jpg,images/world_famous_director_chair/bar_height_arm_chair/product_3.jpg,https://img.telescopecasual.com/PR/233/738_3.jpg,images/world_famous_director_chair/bar_height_arm_chair/product_4.jpg,https://img.telescopecasual.com/PR/233/738_4.jpg
,Dining Height Arm Chair,World Famous Director Chair,4,,,,,,,,,,,images/world_famous_director_chair/dining_height_arm_chair/product_1.jpg,https://img.telescopecasual.com/PR/233/742_1.jpg,images/world_famous_director_chair/dining_height_arm_chair/product_2.jpg,https://img.telescopecasual.com/PR/233/742_2.jpg,images/world_famous_director_chair/dining_height_arm_chair/product_3.jpg,https://img.telescopecasual.com/PR/233/742_3.jpg,images/world_famous_director_chair/dining_height_arm_chair/product_4.jpg,https://img.telescopecasual.com/PR/233/742_4.jpg
