sku,name,category,grade,color_family,image_url,detail_url
89066,Evergreen,Sling Fabrics,,Green,"https://platform.brownjordan.com/media/catalog/product/8/9/89066_tropitone_large_bee0.jpg?quality=80&bg-color=255,255,255&fit=bounds&height=&width=",https://www.tropitone.com/materials/fabrics/sling-fabrics/89066
10276,Poppy Red,Sling Fabrics,,Red / Coral / Pink,"https://platform.brownjordan.com/media/catalog/product/1/0/10276_tropitone_large_e3fc.jpg?quality=80&bg-color=255,255,255&fit=bounds&height=&width=",https://www.tropitone.com/materials/fabrics/sling-fabrics/10276
12334,Calistoga,Sling Fabrics,,Multi / Pattern,"https://platform.brownjordan.com/media/catalog/product/1/2/12334_tropitone_large_1015.jpg?quality=80&bg-color=255,255,255&fit=bounds&height=&width=",https://www.tropitone.com/materials/fabrics/sling-fabrics/12334
89059,Caramel,Sling Fabrics,,Brown / Bronze / Earth,"https://platform.brownjordan.com/media/catalog/product/8/9/89059_tropitone_large_0bd3.jpg?quality=80&bg-color=255,255,255&fit=bounds&height=&width=",https://www.tropitone.com/materials/fabrics/sling-fabrics/89059
89028,Chestnut,Sling Fabrics,,Brown / Bronze / Earth,"https://platform.brownjordan.com/media/catalog/product/8/9/89028_tropitone_large_89a4.jpg?quality=80&bg-color=255,255,255&fit=bounds&height=&width=",https://www.tropitone.com/materials/fabrics/sling-fabrics/89028
14346,Royal Blue,Sling Fabrics,,Blue / Navy / Teal,"https://platform.brownjordan.com/media/catalog/product/1/4/14346_tropitone_large_0cbc.jpg?quality=80&bg-color=255,255,255&fit=bounds&height=&width=",https://www.tropitone.com/materials/fabrics/sling-fabrics/14346
89148,Pasadena Cobblestone,Sling Fabrics,,Gray / Charcoal,"https://platform.brownjordan.com/media/catalog/product/8/9/89148_tropitone_large_1fb2.jpg?quality=80&bg-color=255,255,255&fit=bounds&height=&width=",https://www.tropitone.com/materials/fabrics/sling-fabrics/89148
89029,Ebony,Sling Fabrics,,Black,"https://platform.brownjordan.com/media/catalog/product/8/9/89029_tropitone_large_04f8.jpg?quality=80&bg-color=255,255,255&fit=bounds&height=&width=",https://www.tropitone.com/materials/fabrics/sling-fabrics/89029
89025,Cloud,Sling Fabrics,,White / Ivory / Cream,"https://platform.brownjordan.com/media/catalog/product/8/9/89025_tropitone_large_844b.jpg?quality=80&bg-color=255,255,255&fit=bounds&height=&width=",https://www.tropitone.com/materials/fabrics/sling-fabrics/89025
89146,Pasadena Navy,Sling Fabrics,,Blue / Navy / Teal,"https://platform.brownjordan.com/media/catalog/product/8/9/89146_tropitone_large_91a5.jpg?quality=80&bg-color=255,255,255&fit=bounds&height=&width=",https://www.tropitone.com/materials/fabrics/sling-fabrics/89146
89068,Sodalite,Sling Fabrics,,Blue / Navy / Teal,"https://platform.brownjordan.com/media/catalog/product/8/9/89068_tropitone_large_42cc.jpg?quality=80&bg-color=255,255,255&fit=bounds&height=&width=",https://www.tropitone.com/materials/fabrics/sling-fabrics/89068
89055,Aloe Vera,Sling Fabrics,,Green,"https://platform.brownjordan.com/media/catalog/product/8/9/89055_tropitone_large_c00d.jpg?quality=80&bg-color=255,255,255&fit=bounds&height=&width=",https://www.tropitone.com/materials/fabrics/sling-fabrics/89055
89143,Galaxite,Sling Fabrics,,Gray / Charcoal,"https://platform.brownjordan.com/media/catalog/product/8/9/89143_tropitone_large_4484.jpg?quality=80&bg-color=255,255,255&fit=bounds&height=&width=",https://www.tropitone.com/materials/fabrics/sling-fabrics/89143
20301,Valencia,Sling Fabrics,,Gray / Charcoal,"https://platform.brownjordan.com/media/catalog/product/2/0/20301_tropitone_large_9214.jpg?quality=80&bg-color=255,255,255&fit=bounds&height=&width=",https://www.tropitone.com/materials/fabrics/sling-fabrics/20301
17423,Foothills,Sling Fabrics,,Gray / Charcoal,"https://platform.brownjordan.com/media/catalog/product/1/7/17423_tropitone_large_e574.jpg?quality=80&bg-color=255,255,255&fit=bounds&height=&width=",https://www.tropitone.com/materials/fabrics/sling-fabrics/17423
37110,Midnight,Sling Fabrics,,Black,"https://platform.brownjordan.com/media/catalog/product/3/7/37110_tropitone_large_b750.jpg?quality=80&bg-color=255,255,255&fit=bounds&height=&width=",https://www.tropitone.com/materials/fabrics/sling-fabrics/37110
12331,Palmer,Sling Fabrics,,Green,"https://platform.brownjordan.com/media/catalog/product/1/2/12331_tropitone_large_2221.jpg?quality=80&bg-color=255,255,255&fit=bounds&height=&width=",https://www.tropitone.com/materials/fabrics/sling-fabrics/12331
89131,Charm Tango,Sling Fabrics,,Multi / Pattern,"https://platform.brownjordan.com/media/catalog/product/8/9/89131_tropitone_large_a1e2.jpg?quality=80&bg-color=255,255,255&fit=bounds&height=&width=",https://www.tropitone.com/materials/fabrics/sling-fabrics/89131
10399,Waffle Wicker Blue,Sling Fabrics,,Blue / Navy / Teal,"https://platform.brownjordan.com/media/catalog/product/1/0/10399_tropitone_large_50a1.jpg?quality=80&bg-color=255,255,255&fit=bounds&height=&width=",https://www.tropitone.com/materials/fabrics/sling-fabrics/10399
89021,Almond,Sling Fabrics,,Beige / Sand / Tan,"https://platform.brownjordan.com/media/catalog/product/8/9/89021_tropitone_large_2f88.jpg?quality=80&bg-color=255,255,255&fit=bounds&height=&width=",https://www.tropitone.com/materials/fabrics/sling-fabrics/89021
22356,Rocky Coast,Sling Fabrics,,Gray / Charcoal,"https://platform.brownjordan.com/media/catalog/product/2/2/22356_tropitone_large_2fdc.jpg?quality=80&bg-color=255,255,255&fit=bounds&height=&width=",https://www.tropitone.com/materials/fabrics/sling-fabrics/22356
14130,Nocciola,Sling Fabrics,,Brown / Bronze / Earth,"https://platform.brownjordan.com/media/catalog/product/1/4/14130_tropitone_large_6341.jpg?quality=80&bg-color=255,255,255&fit=bounds&height=&width=",https://www.tropitone.com/materials/fabrics/sling-fabrics/14130
14204,Blue Sky,Sling Fabrics,,Blue / Navy / Teal,"https://platform.brownjordan.com/media/catalog/product/1/4/14204_tropitone_large_48b8.jpg?quality=80&bg-color=255,255,255&fit=bounds&height=&width=",https://www.tropitone.com/materials/fabrics/sling-fabrics/14204
1174,Bogota,Sling Fabrics,,Gray / Charcoal,"https://platform.brownjordan.com/media/catalog/product/1/1/1174_tropitone_large_1f84.jpg?quality=80&bg-color=255,255,255&fit=bounds&height=&width=",https://www.tropitone.com/materials/fabrics/sling-fabrics/1174
89026,Platinum Grey,Sling Fabrics,,Gray / Charcoal,"https://platform.brownjordan.com/media/catalog/product/8/9/89026_tropitone_large_60b9.jpg?quality=80&bg-color=255,255,255&fit=bounds&height=&width=",https://www.tropitone.com/materials/fabrics/sling-fabrics/89026
89065,Sparrow,Sling Fabrics,,Brown / Bronze / Earth,"https://platform.brownjordan.com/media/catalog/product/8/9/89065_tropitone_large_1b29.jpg?quality=80&bg-color=255,255,255&fit=bounds&height=&width=",https://www.tropitone.com/materials/fabrics/sling-fabrics/89065
40330,Caballeros,Sling Fabrics,,Gray / Charcoal,"https://platform.brownjordan.com/media/catalog/product/4/0/40330_tropitone_large_3d03.jpg?quality=80&bg-color=255,255,255&fit=bounds&height=&width=",https://www.tropitone.com/materials/fabrics/sling-fabrics/40330
23256,Mountain Stone,Sling Fabrics,,Gray / Charcoal,"https://platform.brownjordan.com/media/catalog/product/2/3/23256_tropitone_large_a403.jpg?quality=80&bg-color=255,255,255&fit=bounds&height=&width=",https://www.tropitone.com/materials/fabrics/sling-fabrics/23256
24312,Caribbean Breeze,Sling Fabrics,,Blue / Navy / Teal,"https://platform.brownjordan.com/media/catalog/product/2/4/24312_tropitone_large_337f.jpg?quality=80&bg-color=255,255,255&fit=bounds&height=&width=",https://www.tropitone.com/materials/fabrics/sling-fabrics/24312
20273,Lemon Lime,Sling Fabrics,,Yellow / Gold,"https://platform.brownjordan.com/media/catalog/product/2/0/20273_tropitone_large_110f.jpg?quality=80&bg-color=255,255,255&fit=bounds&height=&width=",https://www.tropitone.com/materials/fabrics/sling-fabrics/20273
24324,Night River,Sling Fabrics,,Gray / Charcoal,"https://platform.brownjordan.com/media/catalog/product/2/4/24324_tropitone_large_2fc8.jpg?quality=80&bg-color=255,255,255&fit=bounds&height=&width=",https://www.tropitone.com/materials/fabrics/sling-fabrics/24324
10325,Coral Bay,Sling Fabrics,,Red / Coral / Pink,"https://platform.brownjordan.com/media/catalog/product/1/0/10325_tropitone_large_cca1.jpg?quality=80&bg-color=255,255,255&fit=bounds&height=&width=",https://www.tropitone.com/materials/fabrics/sling-fabrics/10325
39105,Breezeway,Sling Fabrics,,Gray / Charcoal,"https://platform.brownjordan.com/media/catalog/product/3/9/39105_tropitone_large_add0.jpg?quality=80&bg-color=255,255,255&fit=bounds&height=&width=",https://www.tropitone.com/materials/fabrics/sling-fabrics/39105
23255,Dark Carbon,Sling Fabrics,,Gray / Charcoal,"https://platform.brownjordan.com/media/catalog/product/2/3/23255_tropitone_large_7cc6.jpg?quality=80&bg-color=255,255,255&fit=bounds&height=&width=",https://www.tropitone.com/materials/fabrics/sling-fabrics/23255
12229,Blue Lantern,Sling Fabrics,,Blue / Navy / Teal,"https://platform.brownjordan.com/media/catalog/product/1/2/12229_tropitone_large_bfa8.jpg?quality=80&bg-color=255,255,255&fit=bounds&height=&width=",https://www.tropitone.com/materials/fabrics/sling-fabrics/12229
11233,Corniche,Sling Fabrics,,Beige / Sand / Tan,"https://platform.brownjordan.com/media/catalog/product/1/1/11233_tropitone_large_636e.jpg?quality=80&bg-color=255,255,255&fit=bounds&height=&width=",https://www.tropitone.com/materials/fabrics/sling-fabrics/11233
89056,Atoll,Sling Fabrics,,Blue / Navy / Teal,"https://platform.brownjordan.com/media/catalog/product/8/9/89056_tropitone_large_e62e.jpg?quality=80&bg-color=255,255,255&fit=bounds&height=&width=",https://www.tropitone.com/materials/fabrics/sling-fabrics/89056
12344,Silver Spoon,Sling Fabrics,,Gray / Charcoal,"https://platform.brownjordan.com/media/catalog/product/1/2/12344_tropitone_large_7856.jpg?quality=80&bg-color=255,255,255&fit=bounds&height=&width=",https://www.tropitone.com/materials/fabrics/sling-fabrics/12344
89137,Smokey Quartz,Sling Fabrics,,Gray / Charcoal,"https://platform.brownjordan.com/media/catalog/product/8/9/89137_tropitone_large_e366.jpg?quality=80&bg-color=255,255,255&fit=bounds&height=&width=",https://www.tropitone.com/materials/fabrics/sling-fabrics/89137
89132,Napa Batik Blue,Sling Fabrics,,Blue / Navy / Teal,"https://platform.brownjordan.com/media/catalog/product/8/9/89132_tropitone_large_82a3.jpg?quality=80&bg-color=255,255,255&fit=bounds&height=&width=",https://www.tropitone.com/materials/fabrics/sling-fabrics/89132
17418,Carbonite,Sling Fabrics,,Gray / Charcoal,"https://platform.brownjordan.com/media/catalog/product/1/7/17418_tropitone_large_828c.jpg?quality=80&bg-color=255,255,255&fit=bounds&height=&width=",https://www.tropitone.com/materials/fabrics/sling-fabrics/17418
89030,Peacock,Sling Fabrics,,Blue / Navy / Teal,"https://platform.brownjordan.com/media/catalog/product/8/9/89030_tropitone_large_35c2.jpg?quality=80&bg-color=255,255,255&fit=bounds&height=&width=",https://www.tropitone.com/materials/fabrics/sling-fabrics/89030
89147,Pasadena Grey Topaz,Sling Fabrics,,Gray / Charcoal,"https://platform.brownjordan.com/media/catalog/product/8/9/89147_tropitone_large_43cf.jpg?quality=80&bg-color=255,255,255&fit=bounds&height=&width=",https://www.tropitone.com/materials/fabrics/sling-fabrics/89147
29323,Pepperwood,Sling Fabrics,,Gray / Charcoal,"https://platform.brownjordan.com/media/catalog/product/2/9/29323_tropitone_large_1226.jpg?quality=80&bg-color=255,255,255&fit=bounds&height=&width=",https://www.tropitone.com/materials/fabrics/sling-fabrics/29323
89140,Satelite,Sling Fabrics,,Gray / Charcoal,"https://platform.brownjordan.com/media/catalog/product/8/9/89140_tropitone_large_1ecb.jpg?quality=80&bg-color=255,255,255&fit=bounds&height=&width=",https://www.tropitone.com/materials/fabrics/sling-fabrics/89140
89149,Madras Tweed Niko,Sling Fabrics,,Multi / Pattern,"https://platform.brownjordan.com/media/catalog/product/8/9/89149_tropitone_large_f1b7.jpg?quality=80&bg-color=255,255,255&fit=bounds&height=&width=",https://www.tropitone.com/materials/fabrics/sling-fabrics/89149
41118,Seagull,Sling Fabrics,,Gray / Charcoal,"https://platform.brownjordan.com/media/catalog/product/4/1/41118_tropitone_large_9e01.jpg?quality=80&bg-color=255,255,255&fit=bounds&height=&width=",https://www.tropitone.com/materials/fabrics/sling-fabrics/41118
10321,Rincon,Sling Fabrics,,Beige / Sand / Tan,"https://platform.brownjordan.com/media/catalog/product/1/0/10321_tropitone_large_89ca.jpg?quality=80&bg-color=255,255,255&fit=bounds&height=&width=",https://www.tropitone.com/materials/fabrics/sling-fabrics/10321
11309,Metallica,Sling Fabrics,,Gray / Charcoal,"https://platform.brownjordan.com/media/catalog/product/1/1/11309_tropitone_large_9ea4.jpg?quality=80&bg-color=255,255,255&fit=bounds&height=&width=",https://www.tropitone.com/materials/fabrics/sling-fabrics/11309
89150,Madras Tweed Blueprint,Sling Fabrics,,Multi / Pattern,"https://platform.brownjordan.com/media/catalog/product/8/9/89150_tropitone_large_b722.jpg?quality=80&bg-color=255,255,255&fit=bounds&height=&width=",https://www.tropitone.com/materials/fabrics/sling-fabrics/89150
89145,Pyrite,Sling Fabrics,,Gray / Charcoal,"https://platform.brownjordan.com/media/catalog/product/8/9/89145_tropitone_large_ab6c.jpg?quality=80&bg-color=255,255,255&fit=bounds&height=&width=",https://www.tropitone.com/materials/fabrics/sling-fabrics/89145
27523,Wintermoor,Sling Fabrics,,Gray / Charcoal,"https://platform.brownjordan.com/media/catalog/product/2/7/27523_tropitone_large_e43d.jpg?quality=80&bg-color=255,255,255&fit=bounds&height=&width=",https://www.tropitone.com/materials/fabrics/sling-fabrics/27523
10272,Blue Lagoon,Sling Fabrics,,Blue / Navy / Teal,"https://platform.brownjordan.com/media/catalog/product/1/0/10272_tropitone_large_8cbf.jpg?quality=80&bg-color=255,255,255&fit=bounds&height=&width=",https://www.tropitone.com/materials/fabrics/sling-fabrics/10272
89136,Jasper,Sling Fabrics,,Brown / Bronze / Earth,"https://platform.brownjordan.com/media/catalog/product/8/9/89136_tropitone_large_7a5f.jpg?quality=80&bg-color=255,255,255&fit=bounds&height=&width=",https://www.tropitone.com/materials/fabrics/sling-fabrics/89136
12327,Watercolor Tweed,Sling Fabrics,,Multi / Pattern,"https://platform.brownjordan.com/media/catalog/product/1/2/12327_tropitone_large_b9b4.jpg?quality=80&bg-color=255,255,255&fit=bounds&height=&width=",https://www.tropitone.com/materials/fabrics/sling-fabrics/12327
12360,Mia II,Sling Fabrics,,Black,"https://platform.brownjordan.com/media/catalog/product/1/2/12360_tropitone_large_c012.jpg?quality=80&bg-color=255,255,255&fit=bounds&height=&width=",https://www.tropitone.com/materials/fabrics/sling-fabrics/12360
89054,Mica,Sling Fabrics,,Gray / Charcoal,"https://platform.brownjordan.com/media/catalog/product/8/9/89054_tropitone_large_cec7.jpg?quality=80&bg-color=255,255,255&fit=bounds&height=&width=",https://www.tropitone.com/materials/fabrics/sling-fabrics/89054
27519,Mossy Bark,Sling Fabrics,,Gray / Charcoal,"https://platform.brownjordan.com/media/catalog/product/2/7/27519_tropitone_large_fab5.jpg?quality=80&bg-color=255,255,255&fit=bounds&height=&width=",https://www.tropitone.com/materials/fabrics/sling-fabrics/27519
17415,Deep Woods,Sling Fabrics,,Black,"https://platform.brownjordan.com/media/catalog/product/1/7/17415_tropitone_large_b873.jpg?quality=80&bg-color=255,255,255&fit=bounds&height=&width=",https://www.tropitone.com/materials/fabrics/sling-fabrics/17415
5900,Deerfield,Sling Fabrics,,Beige / Sand / Tan,"https://platform.brownjordan.com/media/catalog/product/5/9/5900_tropitone_large_1a4b.jpg?quality=80&bg-color=255,255,255&fit=bounds&height=&width=",https://www.tropitone.com/materials/fabrics/sling-fabrics/5900
89060,Ladybird,Sling Fabrics,,Red / Coral / Pink,"https://platform.brownjordan.com/media/catalog/product/8/9/89060_tropitone_large_2e17.jpg?quality=80&bg-color=255,255,255&fit=bounds&height=&width=",https://www.tropitone.com/materials/fabrics/sling-fabrics/89060
17417,Facets,Sling Fabrics,,Gray / Charcoal,"https://platform.brownjordan.com/media/catalog/product/1/7/17417_tropitone_large_cab4.jpg?quality=80&bg-color=255,255,255&fit=bounds&height=&width=",https://www.tropitone.com/materials/fabrics/sling-fabrics/17417
89061,Birch,Sling Fabrics,,Beige / Sand / Tan,"https://platform.brownjordan.com/media/catalog/product/8/9/89061_tropitone_large_eacb.jpg?quality=80&bg-color=255,255,255&fit=bounds&height=&width=",https://www.tropitone.com/materials/fabrics/sling-fabrics/89061
23257,Glamis Dunes,Sling Fabrics,,Gray / Charcoal,"https://platform.brownjordan.com/media/catalog/product/2/3/23257_tropitone_large_b9d9.jpg?quality=80&bg-color=255,255,255&fit=bounds&height=&width=",https://www.tropitone.com/materials/fabrics/sling-fabrics/23257
89023,Raffia,Sling Fabrics,,White / Ivory / Cream,"https://platform.brownjordan.com/media/catalog/product/8/9/89023_tropitone_large_65c3.jpg?quality=80&bg-color=255,255,255&fit=bounds&height=&width=",https://www.tropitone.com/materials/fabrics/sling-fabrics/89023
27520,Westlands,Sling Fabrics,,Gray / Charcoal,"https://platform.brownjordan.com/media/catalog/product/2/7/27520_tropitone_large_369a.jpg?quality=80&bg-color=255,255,255&fit=bounds&height=&width=",https://www.tropitone.com/materials/fabrics/sling-fabrics/27520
27515,Cafe,Sling Fabrics,,Gray / Charcoal,"https://platform.brownjordan.com/media/catalog/product/2/7/27515_tropitone_large_b504.jpg?quality=80&bg-color=255,255,255&fit=bounds&height=&width=",https://www.tropitone.com/materials/fabrics/sling-fabrics/27515
14279,Gun Metal,Sling Fabrics,,Gray / Charcoal,"https://platform.brownjordan.com/media/catalog/product/1/4/14279_tropitone_large_033b.jpg?quality=80&bg-color=255,255,255&fit=bounds&height=&width=",https://www.tropitone.com/materials/fabrics/sling-fabrics/14279
15110,Rosetta Stone,Sling Fabrics,,Gray / Charcoal,"https://platform.brownjordan.com/media/catalog/product/1/5/15110_tropitone_large_bad9.jpg?quality=80&bg-color=255,255,255&fit=bounds&height=&width=",https://www.tropitone.com/materials/fabrics/sling-fabrics/15110
45334,Turquesa,Sling Fabrics,,Black,"https://platform.brownjordan.com/media/catalog/product/4/5/45334_tropitone_large_4af1.jpg?quality=80&bg-color=255,255,255&fit=bounds&height=&width=",https://www.tropitone.com/materials/fabrics/sling-fabrics/45334
29134,Gaviota,Sling Fabrics,,Black,"https://platform.brownjordan.com/media/catalog/product/2/9/29134_tropitone_large_19bd.jpg?quality=80&bg-color=255,255,255&fit=bounds&height=&width=",https://www.tropitone.com/materials/fabrics/sling-fabrics/29134
11370,Gold Coast,Sling Fabrics,,Yellow / Gold,"https://platform.brownjordan.com/media/catalog/product/1/1/11370_tropitone_large_17d7.jpg?quality=80&bg-color=255,255,255&fit=bounds&height=&width=",https://www.tropitone.com/materials/fabrics/sling-fabrics/11370
89067,Dark Night,Sling Fabrics,,Gray / Charcoal,"https://platform.brownjordan.com/media/catalog/product/8/9/89067_tropitone_large_8ead.jpg?quality=80&bg-color=255,255,255&fit=bounds&height=&width=",https://www.tropitone.com/materials/fabrics/sling-fabrics/89067
13268,Gray Gate,Sling Fabrics,,Gray / Charcoal,"https://platform.brownjordan.com/media/catalog/product/1/3/13268_tropitone_large_f4f8.jpg?quality=80&bg-color=255,255,255&fit=bounds&height=&width=",https://www.tropitone.com/materials/fabrics/sling-fabrics/13268
18303,Sutter,Sling Fabrics,,Gray / Charcoal,"https://platform.brownjordan.com/media/catalog/product/1/8/18303_tropitone_large_f7e8.jpg?quality=80&bg-color=255,255,255&fit=bounds&height=&width=",https://www.tropitone.com/materials/fabrics/sling-fabrics/18303
89142,Moss,Sling Fabrics,,Green,"https://platform.brownjordan.com/media/catalog/product/8/9/89142_tropitone_large_d550.jpg?quality=80&bg-color=255,255,255&fit=bounds&height=&width=",https://www.tropitone.com/materials/fabrics/sling-fabrics/89142
13381,Sparkling Water,Sling Fabrics,,Beige / Sand / Tan,"https://platform.brownjordan.com/media/catalog/product/1/3/13381_tropitone_large_3ae9.jpg?quality=80&bg-color=255,255,255&fit=bounds&height=&width=",https://www.tropitone.com/materials/fabrics/sling-fabrics/13381
12326,Twilight,Sling Fabrics,,Black,"https://platform.brownjordan.com/media/catalog/product/1/2/12326_tropitone_large_e59f.jpg?quality=80&bg-color=255,255,255&fit=bounds&height=&width=",https://www.tropitone.com/materials/fabrics/sling-fabrics/12326
89057,Duck,Sling Fabrics,,Green,"https://platform.brownjordan.com/media/catalog/product/8/9/89057_tropitone_large_7005.jpg?quality=80&bg-color=255,255,255&fit=bounds&height=&width=",https://www.tropitone.com/materials/fabrics/sling-fabrics/89057
20325,Mariner,Sling Fabrics,,Gray / Charcoal,"https://platform.brownjordan.com/media/catalog/product/2/0/20325_tropitone_large_b10b.jpg?quality=80&bg-color=255,255,255&fit=bounds&height=&width=",https://www.tropitone.com/materials/fabrics/sling-fabrics/20325
89062,Spring,Sling Fabrics,,Green,"https://platform.brownjordan.com/media/catalog/product/8/9/89062_tropitone_large_f606.jpg?quality=80&bg-color=255,255,255&fit=bounds&height=&width=",https://www.tropitone.com/materials/fabrics/sling-fabrics/89062
89069,Beige Grey,Sling Fabrics,,Beige / Sand / Tan,"https://platform.brownjordan.com/media/catalog/product/8/9/89069_tropitone_large_4f51.jpg?quality=80&bg-color=255,255,255&fit=bounds&height=&width=",https://www.tropitone.com/materials/fabrics/sling-fabrics/89069
89024,Mist,Sling Fabrics,,Gray / Charcoal,"https://platform.brownjordan.com/media/catalog/product/8/9/89024_tropitone_large_d608.jpg?quality=80&bg-color=255,255,255&fit=bounds&height=&width=",https://www.tropitone.com/materials/fabrics/sling-fabrics/89024
17419,Pathway,Sling Fabrics,,Gray / Charcoal,"https://platform.brownjordan.com/media/catalog/product/1/7/17419_tropitone_large_e2e8.jpg?quality=80&bg-color=255,255,255&fit=bounds&height=&width=",https://www.tropitone.com/materials/fabrics/sling-fabrics/17419
15223,Skyline Steel,Sling Fabrics,,Black,"https://platform.brownjordan.com/media/catalog/product/1/5/15223_tropitone_large_41c6.jpg?quality=80&bg-color=255,255,255&fit=bounds&height=&width=",https://www.tropitone.com/materials/fabrics/sling-fabrics/15223
19210,Cape Cove,Sling Fabrics,,Gray / Charcoal,"https://platform.brownjordan.com/media/catalog/product/1/9/19210_tropitone_large_d896.jpg?quality=80&bg-color=255,255,255&fit=bounds&height=&width=",https://www.tropitone.com/materials/fabrics/sling-fabrics/19210
89022,Snow,Sling Fabrics,,White / Ivory / Cream,"https://platform.brownjordan.com/media/catalog/product/8/9/89022_tropitone_large_56be.jpg?quality=80&bg-color=255,255,255&fit=bounds&height=&width=",https://www.tropitone.com/materials/fabrics/sling-fabrics/89022
89027,Slate,Sling Fabrics,,Gray / Charcoal,"https://platform.brownjordan.com/media/catalog/product/8/9/89027_tropitone_large_6b3f.jpg?quality=80&bg-color=255,255,255&fit=bounds&height=&width=",https://www.tropitone.com/materials/fabrics/sling-fabrics/89027
40335,Chimayo,Sling Fabrics,,Gray / Charcoal,"https://platform.brownjordan.com/media/catalog/product/4/0/40335_tropitone_large_7647.jpg?quality=80&bg-color=255,255,255&fit=bounds&height=&width=",https://www.tropitone.com/materials/fabrics/sling-fabrics/40335
89058,Orange,Sling Fabrics,,Orange / Rust,"https://platform.brownjordan.com/media/catalog/product/8/9/89058_tropitone_large_31b6.jpg?quality=80&bg-color=255,255,255&fit=bounds&height=&width=",https://www.tropitone.com/materials/fabrics/sling-fabrics/89058
12340,Polo Blue,Sling Fabrics,,Blue / Navy / Teal,"https://platform.brownjordan.com/media/catalog/product/1/2/12340_tropitone_large_14a8.jpg?quality=80&bg-color=255,255,255&fit=bounds&height=&width=",https://www.tropitone.com/materials/fabrics/sling-fabrics/12340
1176,Caracas,Sling Fabrics,,Black,"https://platform.brownjordan.com/media/catalog/product/1/1/1176_tropitone_large_a90f.jpg?quality=80&bg-color=255,255,255&fit=bounds&height=&width=",https://www.tropitone.com/materials/fabrics/sling-fabrics/1176
1131,Forest Hills,Sling Fabrics,,Green,"https://platform.brownjordan.com/media/catalog/product/1/1/1131_tropitone_large_53cb.jpg?quality=80&bg-color=255,255,255&fit=bounds&height=&width=",https://www.tropitone.com/materials/fabrics/sling-fabrics/1131
1183,Winchester,Sling Fabrics,,Beige / Sand / Tan,"https://platform.brownjordan.com/media/catalog/product/1/1/1183_tropitone_large_30f5.jpg?quality=80&bg-color=255,255,255&fit=bounds&height=&width=",https://www.tropitone.com/materials/fabrics/sling-fabrics/1183
89032,Cherry,Sling Fabrics,,Red / Coral / Pink,"https://platform.brownjordan.com/media/catalog/product/8/9/89032_tropitone_large_b5ef.jpg?quality=80&bg-color=255,255,255&fit=bounds&height=&width=",https://www.tropitone.com/materials/fabrics/sling-fabrics/89032
89063,Basalt,Sling Fabrics,,Gray / Charcoal,"https://platform.brownjordan.com/media/catalog/product/8/9/89063_tropitone_large_44ad.jpg?quality=80&bg-color=255,255,255&fit=bounds&height=&width=",https://www.tropitone.com/materials/fabrics/sling-fabrics/89063
89144,Onyx,Sling Fabrics,,Black,"https://platform.brownjordan.com/media/catalog/product/8/9/89144_tropitone_large_ef13.jpg?quality=80&bg-color=255,255,255&fit=bounds&height=&width=",https://www.tropitone.com/materials/fabrics/sling-fabrics/89144
89031,Buttercup,Sling Fabrics,,Orange / Rust,"https://platform.brownjordan.com/media/catalog/product/8/9/89031_tropitone_large_1b01.jpg?quality=80&bg-color=255,255,255&fit=bounds&height=&width=",https://www.tropitone.com/materials/fabrics/sling-fabrics/89031
89151,Madras Tweed Caramel,Sling Fabrics,,Multi / Pattern,"https://platform.brownjordan.com/media/catalog/product/8/9/89151_tropitone_large_bb7b.jpg?quality=80&bg-color=255,255,255&fit=bounds&height=&width=",https://www.tropitone.com/materials/fabrics/sling-fabrics/89151
89138,Cobalt,Sling Fabrics,,Blue / Navy / Teal,"https://platform.brownjordan.com/media/catalog/product/8/9/89138_tropitone_large_fc5d.jpg?quality=80&bg-color=255,255,255&fit=bounds&height=&width=",https://www.tropitone.com/materials/fabrics/sling-fabrics/89138
29321,Cobble Stone,Sling Fabrics,,Gray / Charcoal,"https://platform.brownjordan.com/media/catalog/product/2/9/29321_tropitone_large_4c5a.jpg?quality=80&bg-color=255,255,255&fit=bounds&height=&width=",https://www.tropitone.com/materials/fabrics/sling-fabrics/29321
19209,Champagne,Sling Fabrics,,Beige / Sand / Tan,"https://platform.brownjordan.com/media/catalog/product/1/9/19209_tropitone_large_cd9e.jpg?quality=80&bg-color=255,255,255&fit=bounds&height=&width=",https://www.tropitone.com/materials/fabrics/sling-fabrics/19209
12235,Suri,Sling Fabrics,,Gray / Charcoal,"https://platform.brownjordan.com/media/catalog/product/1/2/12235_tropitone_large_556a.jpg?quality=80&bg-color=255,255,255&fit=bounds&height=&width=",https://www.tropitone.com/materials/fabrics/sling-fabrics/12235
14302,Indigo Path,Sling Fabrics,,Blue / Navy / Teal,"https://platform.brownjordan.com/media/catalog/product/1/4/14302_tropitone_large_8a49.jpg?quality=80&bg-color=255,255,255&fit=bounds&height=&width=",https://www.tropitone.com/materials/fabrics/sling-fabrics/14302
1186,Noir,Sling Fabrics,,Black,"https://platform.brownjordan.com/media/catalog/product/1/1/1186_tropitone_large_688d.jpg?quality=80&bg-color=255,255,255&fit=bounds&height=&width=",https://www.tropitone.com/materials/fabrics/sling-fabrics/1186
61176,Chinchilla Spa,Padded Sling Fabrics (Front),,Gray / Charcoal,"https://platform.brownjordan.com/media/catalog/product/C/h/ChinchillaSpa_61176_Swatch_12inX12in_c68c.jpg?quality=80&bg-color=255,255,255&fit=bounds&height=&width=",https://www.tropitone.com/materials/fabrics/padded-sling-fabrics-front/61176
61191,Hayden Grey,Padded Sling Fabrics (Front),,Gray / Charcoal,"https://platform.brownjordan.com/media/catalog/product/H/a/HaydenGrey_61191_Swatch_12inX12in_a885.jpg?quality=80&bg-color=255,255,255&fit=bounds&height=&width=",https://www.tropitone.com/materials/fabrics/padded-sling-fabrics-front/61191
61184,Zenith Oatmeal,Padded Sling Fabrics (Front),,Beige / Sand / Tan,"https://platform.brownjordan.com/media/catalog/product/Z/e/ZenithOatmeal_61184_Swatch_12inX12in_2c34.jpg?quality=80&bg-color=255,255,255&fit=bounds&height=&width=",https://www.tropitone.com/materials/fabrics/padded-sling-fabrics-front/61184
61175,Chinchilla Granite,Padded Sling Fabrics (Front),,Gray / Charcoal,"https://platform.brownjordan.com/media/catalog/product/C/h/ChinchillaGranite_61175_Swatch_12inX12in_b9dd.jpg?quality=80&bg-color=255,255,255&fit=bounds&height=&width=",https://www.tropitone.com/materials/fabrics/padded-sling-fabrics-front/61175
61173,Chinchilla Navy,Padded Sling Fabrics (Front),,Blue / Navy / Teal,"https://platform.brownjordan.com/media/catalog/product/C/h/ChinchillaNavy_61173_Swatch_12inX12in_b15f.jpg?quality=80&bg-color=255,255,255&fit=bounds&height=&width=",https://www.tropitone.com/materials/fabrics/padded-sling-fabrics-front/61173
61189,Big Idea Steel,Padded Sling Fabrics (Front),,Black,"https://platform.brownjordan.com/media/catalog/product/B/i/BigIdeaSteel_61189_Swatch_12inX12in_9436.jpg?quality=80&bg-color=255,255,255&fit=bounds&height=&width=",https://www.tropitone.com/materials/fabrics/padded-sling-fabrics-front/61189
61183,Hayden Linen,Padded Sling Fabrics (Front),,White / Ivory / Cream,"https://platform.brownjordan.com/media/catalog/product/H/a/HaydenLinen_61183_Swatch_12inX12in_9723.jpg?quality=80&bg-color=255,255,255&fit=bounds&height=&width=",https://www.tropitone.com/materials/fabrics/padded-sling-fabrics-front/61183
61188,Big Idea Indigo,Padded Sling Fabrics (Front),,Blue / Navy / Teal,"https://platform.brownjordan.com/media/catalog/product/B/i/BigIdeaIndigo_61188_Swatch_12inX12in_9021.jpg?quality=80&bg-color=255,255,255&fit=bounds&height=&width=",https://www.tropitone.com/materials/fabrics/padded-sling-fabrics-front/61188
61180,Hayden Taupe,Padded Sling Fabrics (Front),,White / Ivory / Cream,"https://platform.brownjordan.com/media/catalog/product/H/a/HaydenTaupe_61180_Swatch_12inX12in_dcae.jpg?quality=80&bg-color=255,255,255&fit=bounds&height=&width=",https://www.tropitone.com/materials/fabrics/padded-sling-fabrics-front/61180
61185,Muscle Beach Stone,Padded Sling Fabrics (Front),,Gray / Charcoal,"https://platform.brownjordan.com/media/catalog/product/M/u/MuscleBeachStone_61185_Swatch_12inX12in_352c.jpg?quality=80&bg-color=255,255,255&fit=bounds&height=&width=",https://www.tropitone.com/materials/fabrics/padded-sling-fabrics-front/61185
61178,Chinchilla Storm,Padded Sling Fabrics (Front),,Beige / Sand / Tan,"https://platform.brownjordan.com/media/catalog/product/C/h/ChinchillaStorm_61178_Swatch_12inX12in_ff40.jpg?quality=80&bg-color=255,255,255&fit=bounds&height=&width=",https://www.tropitone.com/materials/fabrics/padded-sling-fabrics-front/61178
61187,Muscle Beach Navy,Padded Sling Fabrics (Front),,Blue / Navy / Teal,"https://platform.brownjordan.com/media/catalog/product/M/u/MuscleBeachNavy_61187_Swatch_12inX12in_cd16.jpg?quality=80&bg-color=255,255,255&fit=bounds&height=&width=",https://www.tropitone.com/materials/fabrics/padded-sling-fabrics-front/61187
61174,Chinchilla Cream,Padded Sling Fabrics (Front),,White / Ivory / Cream,"https://platform.brownjordan.com/media/catalog/product/C/h/ChinchillaCream_61174_Swatch_12inX12in_1aae.jpg?quality=80&bg-color=255,255,255&fit=bounds&height=&width=",https://www.tropitone.com/materials/fabrics/padded-sling-fabrics-front/61174
61186,Muscle Beach Grey,Padded Sling Fabrics (Front),,Gray / Charcoal,"https://platform.brownjordan.com/media/catalog/product/M/u/MuscleBeachGrey_61186_Swatch_12inX12in_a8c3.jpg?quality=80&bg-color=255,255,255&fit=bounds&height=&width=",https://www.tropitone.com/materials/fabrics/padded-sling-fabrics-front/61186
61177,Chinchilla Marble,Padded Sling Fabrics (Front),,White / Ivory / Cream,"https://platform.brownjordan.com/media/catalog/product/C/h/ChinchillaMarble_61177_Swatch_12inX12in_afdd.jpg?quality=80&bg-color=255,255,255&fit=bounds&height=&width=",https://www.tropitone.com/materials/fabrics/padded-sling-fabrics-front/61177
61170,Chinchilla Aqua,Padded Sling Fabrics (Front),,Gray / Charcoal,"https://platform.brownjordan.com/media/catalog/product/C/h/ChinchillaAqua_61170_Swatch_12inX12in_0a52.jpg?quality=80&bg-color=255,255,255&fit=bounds&height=&width=",https://www.tropitone.com/materials/fabrics/padded-sling-fabrics-front/61170
61172,Chinchilla Willow,Padded Sling Fabrics (Front),,Gray / Charcoal,"https://platform.brownjordan.com/media/catalog/product/C/h/ChinchillaWillow_61172_Swatch_12inX12in_bd73.jpg?quality=80&bg-color=255,255,255&fit=bounds&height=&width=",https://www.tropitone.com/materials/fabrics/padded-sling-fabrics-front/61172
61190,Big Idea Tweed,Padded Sling Fabrics (Front),,Multi / Pattern,"https://platform.brownjordan.com/media/catalog/product/B/i/BigIdeaTweed_61190_Swatch_12inX12in_36af.jpg?quality=80&bg-color=255,255,255&fit=bounds&height=&width=",https://www.tropitone.com/materials/fabrics/padded-sling-fabrics-front/61190
61179,Falcon Spa,Padded Sling Fabrics (Front),,Beige / Sand / Tan,"https://platform.brownjordan.com/media/catalog/product/F/a/FalconSpa_61179_Swatch_12inX12in_43d7.jpg?quality=80&bg-color=255,255,255&fit=bounds&height=&width=",https://www.tropitone.com/materials/fabrics/padded-sling-fabrics-front/61179
61182,Zenith Linen,Padded Sling Fabrics (Front),,White / Ivory / Cream,"https://platform.brownjordan.com/media/catalog/product/Z/e/ZenithLinen_61182_Swatch_12inX12in_5980.jpg?quality=80&bg-color=255,255,255&fit=bounds&height=&width=",https://www.tropitone.com/materials/fabrics/padded-sling-fabrics-front/61182
61171,Chinchilla Blue,Padded Sling Fabrics (Front),,Blue / Navy / Teal,"https://platform.brownjordan.com/media/catalog/product/C/h/ChinchillaBlue_61171_Swatch_12inX12in_d10a.jpg?quality=80&bg-color=255,255,255&fit=bounds&height=&width=",https://www.tropitone.com/materials/fabrics/padded-sling-fabrics-front/61171
61181,Big Idea Flax,Padded Sling Fabrics (Front),,Beige / Sand / Tan,"https://platform.brownjordan.com/media/catalog/product/B/i/BigIdeaFlax_61181_Swatch_12inX12in_779d.jpg?quality=80&bg-color=255,255,255&fit=bounds&height=&width=",https://www.tropitone.com/materials/fabrics/padded-sling-fabrics-front/61181
61168,Seascape,Padded Sling Fabrics (Front),,Gray / Charcoal,"https://platform.brownjordan.com/media/catalog/product/6/1/61168_seascape_8b69.jpg?quality=80&bg-color=255,255,255&fit=bounds&height=&width=",https://www.tropitone.com/materials/fabrics/padded-sling-fabrics-front/61168
61167,Luxe Black,Padded Sling Fabrics (Front),,Black,"https://platform.brownjordan.com/media/catalog/product/6/1/61167_luxe_black_59fd.jpg?quality=80&bg-color=255,255,255&fit=bounds&height=&width=",https://www.tropitone.com/materials/fabrics/padded-sling-fabrics-front/61167
61166,Sage Blue,Padded Sling Fabrics (Front),,Green,"https://platform.brownjordan.com/media/catalog/product/6/1/61166_sage_blue_4133.jpg?quality=80&bg-color=255,255,255&fit=bounds&height=&width=",https://www.tropitone.com/materials/fabrics/padded-sling-fabrics-front/61166
61165,White Hot,Padded Sling Fabrics (Front),,White / Ivory / Cream,"https://platform.brownjordan.com/media/catalog/product/6/1/61165_whitehot_1839.jpg?quality=80&bg-color=255,255,255&fit=bounds&height=&width=",https://www.tropitone.com/materials/fabrics/padded-sling-fabrics-front/61165
89066,Evergreen,Padded Sling Fabrics (Front),,Green,"https://platform.brownjordan.com/media/catalog/product/8/9/89066_tropitone_large_bee0.jpg?quality=80&bg-color=255,255,255&fit=bounds&height=&width=",https://www.tropitone.com/materials/fabrics/padded-sling-fabrics-front/89066
10276,Poppy Red,Padded Sling Fabrics (Front),,Red / Coral / Pink,"https://platform.brownjordan.com/media/catalog/product/1/0/10276_tropitone_large_e3fc.jpg?quality=80&bg-color=255,255,255&fit=bounds&height=&width=",https://www.tropitone.com/materials/fabrics/padded-sling-fabrics-front/10276
12334,Calistoga,Padded Sling Fabrics (Front),,Multi / Pattern,"https://platform.brownjordan.com/media/catalog/product/1/2/12334_tropitone_large_1015.jpg?quality=80&bg-color=255,255,255&fit=bounds&height=&width=",https://www.tropitone.com/materials/fabrics/padded-sling-fabrics-front/12334
89059,Caramel,Padded Sling Fabrics (Front),,Brown / Bronze / Earth,"https://platform.brownjordan.com/media/catalog/product/8/9/89059_tropitone_large_0bd3.jpg?quality=80&bg-color=255,255,255&fit=bounds&height=&width=",https://www.tropitone.com/materials/fabrics/padded-sling-fabrics-front/89059
89028,Chestnut,Padded Sling Fabrics (Front),,Brown / Bronze / Earth,"https://platform.brownjordan.com/media/catalog/product/8/9/89028_tropitone_large_89a4.jpg?quality=80&bg-color=255,255,255&fit=bounds&height=&width=",https://www.tropitone.com/materials/fabrics/padded-sling-fabrics-front/89028
14346,Royal Blue,Padded Sling Fabrics (Front),,Blue / Navy / Teal,"https://platform.brownjordan.com/media/catalog/product/1/4/14346_tropitone_large_0cbc.jpg?quality=80&bg-color=255,255,255&fit=bounds&height=&width=",https://www.tropitone.com/materials/fabrics/padded-sling-fabrics-front/14346
89148,Pasadena Cobblestone,Padded Sling Fabrics (Front),,Gray / Charcoal,"https://platform.brownjordan.com/media/catalog/product/8/9/89148_tropitone_large_1fb2.jpg?quality=80&bg-color=255,255,255&fit=bounds&height=&width=",https://www.tropitone.com/materials/fabrics/padded-sling-fabrics-front/89148
89029,Ebony,Padded Sling Fabrics (Front),,Black,"https://platform.brownjordan.com/media/catalog/product/8/9/89029_tropitone_large_04f8.jpg?quality=80&bg-color=255,255,255&fit=bounds&height=&width=",https://www.tropitone.com/materials/fabrics/padded-sling-fabrics-front/89029
89025,Cloud,Padded Sling Fabrics (Front),,White / Ivory / Cream,"https://platform.brownjordan.com/media/catalog/product/8/9/89025_tropitone_large_844b.jpg?quality=80&bg-color=255,255,255&fit=bounds&height=&width=",https://www.tropitone.com/materials/fabrics/padded-sling-fabrics-front/89025
89146,Pasadena Navy,Padded Sling Fabrics (Front),,Blue / Navy / Teal,"https://platform.brownjordan.com/media/catalog/product/8/9/89146_tropitone_large_91a5.jpg?quality=80&bg-color=255,255,255&fit=bounds&height=&width=",https://www.tropitone.com/materials/fabrics/padded-sling-fabrics-front/89146
89068,Sodalite,Padded Sling Fabrics (Front),,Blue / Navy / Teal,"https://platform.brownjordan.com/media/catalog/product/8/9/89068_tropitone_large_42cc.jpg?quality=80&bg-color=255,255,255&fit=bounds&height=&width=",https://www.tropitone.com/materials/fabrics/padded-sling-fabrics-front/89068
89055,Aloe Vera,Padded Sling Fabrics (Front),,Green,"https://platform.brownjordan.com/media/catalog/product/8/9/89055_tropitone_large_c00d.jpg?quality=80&bg-color=255,255,255&fit=bounds&height=&width=",https://www.tropitone.com/materials/fabrics/padded-sling-fabrics-front/89055
89143,Galaxite,Padded Sling Fabrics (Front),,Gray / Charcoal,"https://platform.brownjordan.com/media/catalog/product/8/9/89143_tropitone_large_4484.jpg?quality=80&bg-color=255,255,255&fit=bounds&height=&width=",https://www.tropitone.com/materials/fabrics/padded-sling-fabrics-front/89143
20301,Valencia,Padded Sling Fabrics (Front),,Gray / Charcoal,"https://platform.brownjordan.com/media/catalog/product/2/0/20301_tropitone_large_9214.jpg?quality=80&bg-color=255,255,255&fit=bounds&height=&width=",https://www.tropitone.com/materials/fabrics/padded-sling-fabrics-front/20301
17423,Foothills,Padded Sling Fabrics (Front),,Gray / Charcoal,"https://platform.brownjordan.com/media/catalog/product/1/7/17423_tropitone_large_e574.jpg?quality=80&bg-color=255,255,255&fit=bounds&height=&width=",https://www.tropitone.com/materials/fabrics/padded-sling-fabrics-front/17423
37110,Midnight,Padded Sling Fabrics (Front),,Black,"https://platform.brownjordan.com/media/catalog/product/3/7/37110_tropitone_large_b750.jpg?quality=80&bg-color=255,255,255&fit=bounds&height=&width=",https://www.tropitone.com/materials/fabrics/padded-sling-fabrics-front/37110
89131,Charm Tango,Padded Sling Fabrics (Front),,Multi / Pattern,"https://platform.brownjordan.com/media/catalog/product/8/9/89131_tropitone_large_a1e2.jpg?quality=80&bg-color=255,255,255&fit=bounds&height=&width=",https://www.tropitone.com/materials/fabrics/padded-sling-fabrics-front/89131
10399,Waffle Wicker Blue,Padded Sling Fabrics (Front),,Blue / Navy / Teal,"https://platform.brownjordan.com/media/catalog/product/1/0/10399_tropitone_large_50a1.jpg?quality=80&bg-color=255,255,255&fit=bounds&height=&width=",https://www.tropitone.com/materials/fabrics/padded-sling-fabrics-front/10399
89021,Almond,Padded Sling Fabrics (Front),,Beige / Sand / Tan,"https://platform.brownjordan.com/media/catalog/product/8/9/89021_tropitone_large_2f88.jpg?quality=80&bg-color=255,255,255&fit=bounds&height=&width=",https://www.tropitone.com/materials/fabrics/padded-sling-fabrics-front/89021
14204,Blue Sky,Padded Sling Fabrics (Front),,Blue / Navy / Teal,"https://platform.brownjordan.com/media/catalog/product/1/4/14204_tropitone_large_48b8.jpg?quality=80&bg-color=255,255,255&fit=bounds&height=&width=",https://www.tropitone.com/materials/fabrics/padded-sling-fabrics-front/14204
1174,Bogota,Padded Sling Fabrics (Front),,Gray / Charcoal,"https://platform.brownjordan.com/media/catalog/product/1/1/1174_tropitone_large_1f84.jpg?quality=80&bg-color=255,255,255&fit=bounds&height=&width=",https://www.tropitone.com/materials/fabrics/padded-sling-fabrics-front/1174
89026,Platinum Grey,Padded Sling Fabrics (Front),,Gray / Charcoal,"https://platform.brownjordan.com/media/catalog/product/8/9/89026_tropitone_large_60b9.jpg?quality=80&bg-color=255,255,255&fit=bounds&height=&width=",https://www.tropitone.com/materials/fabrics/padded-sling-fabrics-front/89026
89065,Sparrow,Padded Sling Fabrics (Front),,Brown / Bronze / Earth,"https://platform.brownjordan.com/media/catalog/product/8/9/89065_tropitone_large_1b29.jpg?quality=80&bg-color=255,255,255&fit=bounds&height=&width=",https://www.tropitone.com/materials/fabrics/padded-sling-fabrics-front/89065
40330,Caballeros,Padded Sling Fabrics (Front),,Gray / Charcoal,"https://platform.brownjordan.com/media/catalog/product/4/0/40330_tropitone_large_3d03.jpg?quality=80&bg-color=255,255,255&fit=bounds&height=&width=",https://www.tropitone.com/materials/fabrics/padded-sling-fabrics-front/40330
23256,Mountain Stone,Padded Sling Fabrics (Front),,Gray / Charcoal,"https://platform.brownjordan.com/media/catalog/product/2/3/23256_tropitone_large_a403.jpg?quality=80&bg-color=255,255,255&fit=bounds&height=&width=",https://www.tropitone.com/materials/fabrics/padded-sling-fabrics-front/23256
24312,Caribbean Breeze,Padded Sling Fabrics (Front),,Blue / Navy / Teal,"https://platform.brownjordan.com/media/catalog/product/2/4/24312_tropitone_large_337f.jpg?quality=80&bg-color=255,255,255&fit=bounds&height=&width=",https://www.tropitone.com/materials/fabrics/padded-sling-fabrics-front/24312
20273,Lemon Lime,Padded Sling Fabrics (Front),,Yellow / Gold,"https://platform.brownjordan.com/media/catalog/product/2/0/20273_tropitone_large_110f.jpg?quality=80&bg-color=255,255,255&fit=bounds&height=&width=",https://www.tropitone.com/materials/fabrics/padded-sling-fabrics-front/20273
24324,Night River,Padded Sling Fabrics (Front),,Gray / Charcoal,"https://platform.brownjordan.com/media/catalog/product/2/4/24324_tropitone_large_2fc8.jpg?quality=80&bg-color=255,255,255&fit=bounds&height=&width=",https://www.tropitone.com/materials/fabrics/padded-sling-fabrics-front/24324
10325,Coral Bay,Padded Sling Fabrics (Front),,Red / Coral / Pink,"https://platform.brownjordan.com/media/catalog/product/1/0/10325_tropitone_large_cca1.jpg?quality=80&bg-color=255,255,255&fit=bounds&height=&width=",https://www.tropitone.com/materials/fabrics/padded-sling-fabrics-front/10325
39105,Breezeway,Padded Sling Fabrics (Front),,Gray / Charcoal,"https://platform.brownjordan.com/media/catalog/product/3/9/39105_tropitone_large_add0.jpg?quality=80&bg-color=255,255,255&fit=bounds&height=&width=",https://www.tropitone.com/materials/fabrics/padded-sling-fabrics-front/39105
23255,Dark Carbon,Padded Sling Fabrics (Front),,Gray / Charcoal,"https://platform.brownjordan.com/media/catalog/product/2/3/23255_tropitone_large_7cc6.jpg?quality=80&bg-color=255,255,255&fit=bounds&height=&width=",https://www.tropitone.com/materials/fabrics/padded-sling-fabrics-front/23255
11233,Corniche,Padded Sling Fabrics (Front),,Beige / Sand / Tan,"https://platform.brownjordan.com/media/catalog/product/1/1/11233_tropitone_large_636e.jpg?quality=80&bg-color=255,255,255&fit=bounds&height=&width=",https://www.tropitone.com/materials/fabrics/padded-sling-fabrics-front/11233
89056,Atoll,Padded Sling Fabrics (Front),,Blue / Navy / Teal,"https://platform.brownjordan.com/media/catalog/product/8/9/89056_tropitone_large_e62e.jpg?quality=80&bg-color=255,255,255&fit=bounds&height=&width=",https://www.tropitone.com/materials/fabrics/padded-sling-fabrics-front/89056
12344,Silver Spoon,Padded Sling Fabrics (Front),,Gray / Charcoal,"https://platform.brownjordan.com/media/catalog/product/1/2/12344_tropitone_large_7856.jpg?quality=80&bg-color=255,255,255&fit=bounds&height=&width=",https://www.tropitone.com/materials/fabrics/padded-sling-fabrics-front/12344
89137,Smokey Quartz,Padded Sling Fabrics (Front),,Gray / Charcoal,"https://platform.brownjordan.com/media/catalog/product/8/9/89137_tropitone_large_e366.jpg?quality=80&bg-color=255,255,255&fit=bounds&height=&width=",https://www.tropitone.com/materials/fabrics/padded-sling-fabrics-front/89137
89132,Napa Batik Blue,Padded Sling Fabrics (Front),,Blue / Navy / Teal,"https://platform.brownjordan.com/media/catalog/product/8/9/89132_tropitone_large_82a3.jpg?quality=80&bg-color=255,255,255&fit=bounds&height=&width=",https://www.tropitone.com/materials/fabrics/padded-sling-fabrics-front/89132
17418,Carbonite,Padded Sling Fabrics (Front),,Gray / Charcoal,"https://platform.brownjordan.com/media/catalog/product/1/7/17418_tropitone_large_828c.jpg?quality=80&bg-color=255,255,255&fit=bounds&height=&width=",https://www.tropitone.com/materials/fabrics/padded-sling-fabrics-front/17418
89030,Peacock,Padded Sling Fabrics (Front),,Blue / Navy / Teal,"https://platform.brownjordan.com/media/catalog/product/8/9/89030_tropitone_large_35c2.jpg?quality=80&bg-color=255,255,255&fit=bounds&height=&width=",https://www.tropitone.com/materials/fabrics/padded-sling-fabrics-front/89030
89147,Pasadena Grey Topaz,Padded Sling Fabrics (Front),,Gray / Charcoal,"https://platform.brownjordan.com/media/catalog/product/8/9/89147_tropitone_large_43cf.jpg?quality=80&bg-color=255,255,255&fit=bounds&height=&width=",https://www.tropitone.com/materials/fabrics/padded-sling-fabrics-front/89147
29323,Pepperwood,Padded Sling Fabrics (Front),,Gray / Charcoal,"https://platform.brownjordan.com/media/catalog/product/2/9/29323_tropitone_large_1226.jpg?quality=80&bg-color=255,255,255&fit=bounds&height=&width=",https://www.tropitone.com/materials/fabrics/padded-sling-fabrics-front/29323
89140,Satelite,Padded Sling Fabrics (Front),,Gray / Charcoal,"https://platform.brownjordan.com/media/catalog/product/8/9/89140_tropitone_large_1ecb.jpg?quality=80&bg-color=255,255,255&fit=bounds&height=&width=",https://www.tropitone.com/materials/fabrics/padded-sling-fabrics-front/89140
89149,Madras Tweed Niko,Padded Sling Fabrics (Front),,Multi / Pattern,"https://platform.brownjordan.com/media/catalog/product/8/9/89149_tropitone_large_f1b7.jpg?quality=80&bg-color=255,255,255&fit=bounds&height=&width=",https://www.tropitone.com/materials/fabrics/padded-sling-fabrics-front/89149
41118,Seagull,Padded Sling Fabrics (Front),,Gray / Charcoal,"https://platform.brownjordan.com/media/catalog/product/4/1/41118_tropitone_large_9e01.jpg?quality=80&bg-color=255,255,255&fit=bounds&height=&width=",https://www.tropitone.com/materials/fabrics/padded-sling-fabrics-front/41118
10321,Rincon,Padded Sling Fabrics (Front),,Beige / Sand / Tan,"https://platform.brownjordan.com/media/catalog/product/1/0/10321_tropitone_large_89ca.jpg?quality=80&bg-color=255,255,255&fit=bounds&height=&width=",https://www.tropitone.com/materials/fabrics/padded-sling-fabrics-front/10321
11309,Metallica,Padded Sling Fabrics (Front),,Gray / Charcoal,"https://platform.brownjordan.com/media/catalog/product/1/1/11309_tropitone_large_9ea4.jpg?quality=80&bg-color=255,255,255&fit=bounds&height=&width=",https://www.tropitone.com/materials/fabrics/padded-sling-fabrics-front/11309
89150,Madras Tweed Blueprint,Padded Sling Fabrics (Front),,Multi / Pattern,"https://platform.brownjordan.com/media/catalog/product/8/9/89150_tropitone_large_b722.jpg?quality=80&bg-color=255,255,255&fit=bounds&height=&width=",https://www.tropitone.com/materials/fabrics/padded-sling-fabrics-front/89150
89145,Pyrite,Padded Sling Fabrics (Front),,Gray / Charcoal,"https://platform.brownjordan.com/media/catalog/product/8/9/89145_tropitone_large_ab6c.jpg?quality=80&bg-color=255,255,255&fit=bounds&height=&width=",https://www.tropitone.com/materials/fabrics/padded-sling-fabrics-front/89145
27523,Wintermoor,Padded Sling Fabrics (Front),,Gray / Charcoal,"https://platform.brownjordan.com/media/catalog/product/2/7/27523_tropitone_large_e43d.jpg?quality=80&bg-color=255,255,255&fit=bounds&height=&width=",https://www.tropitone.com/materials/fabrics/padded-sling-fabrics-front/27523
10272,Blue Lagoon,Padded Sling Fabrics (Front),,Blue / Navy / Teal,"https://platform.brownjordan.com/media/catalog/product/1/0/10272_tropitone_large_8cbf.jpg?quality=80&bg-color=255,255,255&fit=bounds&height=&width=",https://www.tropitone.com/materials/fabrics/padded-sling-fabrics-front/10272
89136,Jasper,Padded Sling Fabrics (Front),,Brown / Bronze / Earth,"https://platform.brownjordan.com/media/catalog/product/8/9/89136_tropitone_large_7a5f.jpg?quality=80&bg-color=255,255,255&fit=bounds&height=&width=",https://www.tropitone.com/materials/fabrics/padded-sling-fabrics-front/89136
12327,Watercolor Tweed,Padded Sling Fabrics (Front),,Multi / Pattern,"https://platform.brownjordan.com/media/catalog/product/1/2/12327_tropitone_large_b9b4.jpg?quality=80&bg-color=255,255,255&fit=bounds&height=&width=",https://www.tropitone.com/materials/fabrics/padded-sling-fabrics-front/12327
12360,Mia II,Padded Sling Fabrics (Front),,Black,"https://platform.brownjordan.com/media/catalog/product/1/2/12360_tropitone_large_c012.jpg?quality=80&bg-color=255,255,255&fit=bounds&height=&width=",https://www.tropitone.com/materials/fabrics/padded-sling-fabrics-front/12360
89054,Mica,Padded Sling Fabrics (Front),,Gray / Charcoal,"https://platform.brownjordan.com/media/catalog/product/8/9/89054_tropitone_large_cec7.jpg?quality=80&bg-color=255,255,255&fit=bounds&height=&width=",https://www.tropitone.com/materials/fabrics/padded-sling-fabrics-front/89054
27519,Mossy Bark,Padded Sling Fabrics (Front),,Gray / Charcoal,"https://platform.brownjordan.com/media/catalog/product/2/7/27519_tropitone_large_fab5.jpg?quality=80&bg-color=255,255,255&fit=bounds&height=&width=",https://www.tropitone.com/materials/fabrics/padded-sling-fabrics-front/27519
17415,Deep Woods,Padded Sling Fabrics (Front),,Black,"https://platform.brownjordan.com/media/catalog/product/1/7/17415_tropitone_large_b873.jpg?quality=80&bg-color=255,255,255&fit=bounds&height=&width=",https://www.tropitone.com/materials/fabrics/padded-sling-fabrics-front/17415
89060,Ladybird,Padded Sling Fabrics (Front),,Red / Coral / Pink,"https://platform.brownjordan.com/media/catalog/product/8/9/89060_tropitone_large_2e17.jpg?quality=80&bg-color=255,255,255&fit=bounds&height=&width=",https://www.tropitone.com/materials/fabrics/padded-sling-fabrics-front/89060
17417,Facets,Padded Sling Fabrics (Front),,Gray / Charcoal,"https://platform.brownjordan.com/media/catalog/product/1/7/17417_tropitone_large_cab4.jpg?quality=80&bg-color=255,255,255&fit=bounds&height=&width=",https://www.tropitone.com/materials/fabrics/padded-sling-fabrics-front/17417
89061,Birch,Padded Sling Fabrics (Front),,Beige / Sand / Tan,"https://platform.brownjordan.com/media/catalog/product/8/9/89061_tropitone_large_eacb.jpg?quality=80&bg-color=255,255,255&fit=bounds&height=&width=",https://www.tropitone.com/materials/fabrics/padded-sling-fabrics-front/89061
23257,Glamis Dunes,Padded Sling Fabrics (Front),,Gray / Charcoal,"https://platform.brownjordan.com/media/catalog/product/2/3/23257_tropitone_large_b9d9.jpg?quality=80&bg-color=255,255,255&fit=bounds&height=&width=",https://www.tropitone.com/materials/fabrics/padded-sling-fabrics-front/23257
89023,Raffia,Padded Sling Fabrics (Front),,White / Ivory / Cream,"https://platform.brownjordan.com/media/catalog/product/8/9/89023_tropitone_large_65c3.jpg?quality=80&bg-color=255,255,255&fit=bounds&height=&width=",https://www.tropitone.com/materials/fabrics/padded-sling-fabrics-front/89023
27520,Westlands,Padded Sling Fabrics (Front),,Gray / Charcoal,"https://platform.brownjordan.com/media/catalog/product/2/7/27520_tropitone_large_369a.jpg?quality=80&bg-color=255,255,255&fit=bounds&height=&width=",https://www.tropitone.com/materials/fabrics/padded-sling-fabrics-front/27520
27515,Cafe,Padded Sling Fabrics (Front),,Gray / Charcoal,"https://platform.brownjordan.com/media/catalog/product/2/7/27515_tropitone_large_b504.jpg?quality=80&bg-color=255,255,255&fit=bounds&height=&width=",https://www.tropitone.com/materials/fabrics/padded-sling-fabrics-front/27515
15110,Rosetta Stone,Padded Sling Fabrics (Front),,Gray / Charcoal,"https://platform.brownjordan.com/media/catalog/product/1/5/15110_tropitone_large_bad9.jpg?quality=80&bg-color=255,255,255&fit=bounds&height=&width=",https://www.tropitone.com/materials/fabrics/padded-sling-fabrics-front/15110
29134,Gaviota,Padded Sling Fabrics (Front),,Black,"https://platform.brownjordan.com/media/catalog/product/2/9/29134_tropitone_large_19bd.jpg?quality=80&bg-color=255,255,255&fit=bounds&height=&width=",https://www.tropitone.com/materials/fabrics/padded-sling-fabrics-front/29134
11370,Gold Coast,Padded Sling Fabrics (Front),,Yellow / Gold,"https://platform.brownjordan.com/media/catalog/product/1/1/11370_tropitone_large_17d7.jpg?quality=80&bg-color=255,255,255&fit=bounds&height=&width=",https://www.tropitone.com/materials/fabrics/padded-sling-fabrics-front/11370
89067,Dark Night,Padded Sling Fabrics (Front),,Gray / Charcoal,"https://platform.brownjordan.com/media/catalog/product/8/9/89067_tropitone_large_8ead.jpg?quality=80&bg-color=255,255,255&fit=bounds&height=&width=",https://www.tropitone.com/materials/fabrics/padded-sling-fabrics-front/89067
13268,Gray Gate,Padded Sling Fabrics (Front),,Gray / Charcoal,"https://platform.brownjordan.com/media/catalog/product/1/3/13268_tropitone_large_f4f8.jpg?quality=80&bg-color=255,255,255&fit=bounds&height=&width=",https://www.tropitone.com/materials/fabrics/padded-sling-fabrics-front/13268
18303,Sutter,Padded Sling Fabrics (Front),,Gray / Charcoal,"https://platform.brownjordan.com/media/catalog/product/1/8/18303_tropitone_large_f7e8.jpg?quality=80&bg-color=255,255,255&fit=bounds&height=&width=",https://www.tropitone.com/materials/fabrics/padded-sling-fabrics-front/18303
89142,Moss,Padded Sling Fabrics (Front),,Green,"https://platform.brownjordan.com/media/catalog/product/8/9/89142_tropitone_large_d550.jpg?quality=80&bg-color=255,255,255&fit=bounds&height=&width=",https://www.tropitone.com/materials/fabrics/padded-sling-fabrics-front/89142
13381,Sparkling Water,Padded Sling Fabrics (Front),,Beige / Sand / Tan,"https://platform.brownjordan.com/media/catalog/product/1/3/13381_tropitone_large_3ae9.jpg?quality=80&bg-color=255,255,255&fit=bounds&height=&width=",https://www.tropitone.com/materials/fabrics/padded-sling-fabrics-front/13381
12326,Twilight,Padded Sling Fabrics (Front),,Black,"https://platform.brownjordan.com/media/catalog/product/1/2/12326_tropitone_large_e59f.jpg?quality=80&bg-color=255,255,255&fit=bounds&height=&width=",https://www.tropitone.com/materials/fabrics/padded-sling-fabrics-front/12326
89057,Duck,Padded Sling Fabrics (Front),,Green,"https://platform.brownjordan.com/media/catalog/product/8/9/89057_tropitone_large_7005.jpg?quality=80&bg-color=255,255,255&fit=bounds&height=&width=",https://www.tropitone.com/materials/fabrics/padded-sling-fabrics-front/89057
20325,Mariner,Padded Sling Fabrics (Front),,Gray / Charcoal,"https://platform.brownjordan.com/media/catalog/product/2/0/20325_tropitone_large_b10b.jpg?quality=80&bg-color=255,255,255&fit=bounds&height=&width=",https://www.tropitone.com/materials/fabrics/padded-sling-fabrics-front/20325
89062,Spring,Padded Sling Fabrics (Front),,Green,"https://platform.brownjordan.com/media/catalog/product/8/9/89062_tropitone_large_f606.jpg?quality=80&bg-color=255,255,255&fit=bounds&height=&width=",https://www.tropitone.com/materials/fabrics/padded-sling-fabrics-front/89062
89069,Beige Grey,Padded Sling Fabrics (Front),,Beige / Sand / Tan,"https://platform.brownjordan.com/media/catalog/product/8/9/89069_tropitone_large_4f51.jpg?quality=80&bg-color=255,255,255&fit=bounds&height=&width=",https://www.tropitone.com/materials/fabrics/padded-sling-fabrics-front/89069
89024,Mist,Padded Sling Fabrics (Front),,Gray / Charcoal,"https://platform.brownjordan.com/media/catalog/product/8/9/89024_tropitone_large_d608.jpg?quality=80&bg-color=255,255,255&fit=bounds&height=&width=",https://www.tropitone.com/materials/fabrics/padded-sling-fabrics-front/89024
17419,Pathway,Padded Sling Fabrics (Front),,Gray / Charcoal,"https://platform.brownjordan.com/media/catalog/product/1/7/17419_tropitone_large_e2e8.jpg?quality=80&bg-color=255,255,255&fit=bounds&height=&width=",https://www.tropitone.com/materials/fabrics/padded-sling-fabrics-front/17419
15223,Skyline Steel,Padded Sling Fabrics (Front),,Black,"https://platform.brownjordan.com/media/catalog/product/1/5/15223_tropitone_large_41c6.jpg?quality=80&bg-color=255,255,255&fit=bounds&height=&width=",https://www.tropitone.com/materials/fabrics/padded-sling-fabrics-front/15223
19210,Cape Cove,Padded Sling Fabrics (Front),,Gray / Charcoal,"https://platform.brownjordan.com/media/catalog/product/1/9/19210_tropitone_large_d896.jpg?quality=80&bg-color=255,255,255&fit=bounds&height=&width=",https://www.tropitone.com/materials/fabrics/padded-sling-fabrics-front/19210
89022,Snow,Padded Sling Fabrics (Front),,White / Ivory / Cream,"https://platform.brownjordan.com/media/catalog/product/8/9/89022_tropitone_large_56be.jpg?quality=80&bg-color=255,255,255&fit=bounds&height=&width=",https://www.tropitone.com/materials/fabrics/padded-sling-fabrics-front/89022
89027,Slate,Padded Sling Fabrics (Front),,Gray / Charcoal,"https://platform.brownjordan.com/media/catalog/product/8/9/89027_tropitone_large_6b3f.jpg?quality=80&bg-color=255,255,255&fit=bounds&height=&width=",https://www.tropitone.com/materials/fabrics/padded-sling-fabrics-front/89027
89058,Orange,Padded Sling Fabrics (Front),,Orange / Rust,"https://platform.brownjordan.com/media/catalog/product/8/9/89058_tropitone_large_31b6.jpg?quality=80&bg-color=255,255,255&fit=bounds&height=&width=",https://www.tropitone.com/materials/fabrics/padded-sling-fabrics-front/89058
12340,Polo Blue,Padded Sling Fabrics (Front),,Blue / Navy / Teal,"https://platform.brownjordan.com/media/catalog/product/1/2/12340_tropitone_large_14a8.jpg?quality=80&bg-color=255,255,255&fit=bounds&height=&width=",https://www.tropitone.com/materials/fabrics/padded-sling-fabrics-front/12340
1176,Caracas,Padded Sling Fabrics (Front),,Black,"https://platform.brownjordan.com/media/catalog/product/1/1/1176_tropitone_large_a90f.jpg?quality=80&bg-color=255,255,255&fit=bounds&height=&width=",https://www.tropitone.com/materials/fabrics/padded-sling-fabrics-front/1176
1131,Forest Hills,Padded Sling Fabrics (Front),,Green,"https://platform.brownjordan.com/media/catalog/product/1/1/1131_tropitone_large_53cb.jpg?quality=80&bg-color=255,255,255&fit=bounds&height=&width=",https://www.tropitone.com/materials/fabrics/padded-sling-fabrics-front/1131
1183,Winchester,Padded Sling Fabrics (Front),,Beige / Sand / Tan,"https://platform.brownjordan.com/media/catalog/product/1/1/1183_tropitone_large_30f5.jpg?quality=80&bg-color=255,255,255&fit=bounds&height=&width=",https://www.tropitone.com/materials/fabrics/padded-sling-fabrics-front/1183
89032,Cherry,Padded Sling Fabrics (Front),,Red / Coral / Pink,"https://platform.brownjordan.com/media/catalog/product/8/9/89032_tropitone_large_b5ef.jpg?quality=80&bg-color=255,255,255&fit=bounds&height=&width=",https://www.tropitone.com/materials/fabrics/padded-sling-fabrics-front/89032
89063,Basalt,Padded Sling Fabrics (Front),,Gray / Charcoal,"https://platform.brownjordan.com/media/catalog/product/8/9/89063_tropitone_large_44ad.jpg?quality=80&bg-color=255,255,255&fit=bounds&height=&width=",https://www.tropitone.com/materials/fabrics/padded-sling-fabrics-front/89063
89144,Onyx,Padded Sling Fabrics (Front),,Black,"https://platform.brownjordan.com/media/catalog/product/8/9/89144_tropitone_large_ef13.jpg?quality=80&bg-color=255,255,255&fit=bounds&height=&width=",https://www.tropitone.com/materials/fabrics/padded-sling-fabrics-front/89144
89031,Buttercup,Padded Sling Fabrics (Front),,Orange / Rust,"https://platform.brownjordan.com/media/catalog/product/8/9/89031_tropitone_large_1b01.jpg?quality=80&bg-color=255,255,255&fit=bounds&height=&width=",https://www.tropitone.com/materials/fabrics/padded-sling-fabrics-front/89031
89151,Madras Tweed Caramel,Padded Sling Fabrics (Front),,Multi / Pattern,"https://platform.brownjordan.com/media/catalog/product/8/9/89151_tropitone_large_bb7b.jpg?quality=80&bg-color=255,255,255&fit=bounds&height=&width=",https://www.tropitone.com/materials/fabrics/padded-sling-fabrics-front/89151
89138,Cobalt,Padded Sling Fabrics (Front),,Blue / Navy / Teal,"https://platform.brownjordan.com/media/catalog/product/8/9/89138_tropitone_large_fc5d.jpg?quality=80&bg-color=255,255,255&fit=bounds&height=&width=",https://www.tropitone.com/materials/fabrics/padded-sling-fabrics-front/89138
29321,Cobble Stone,Padded Sling Fabrics (Front),,Gray / Charcoal,"https://platform.brownjordan.com/media/catalog/product/2/9/29321_tropitone_large_4c5a.jpg?quality=80&bg-color=255,255,255&fit=bounds&height=&width=",https://www.tropitone.com/materials/fabrics/padded-sling-fabrics-front/29321
19209,Champagne,Padded Sling Fabrics (Front),,Beige / Sand / Tan,"https://platform.brownjordan.com/media/catalog/product/1/9/19209_tropitone_large_cd9e.jpg?quality=80&bg-color=255,255,255&fit=bounds&height=&width=",https://www.tropitone.com/materials/fabrics/padded-sling-fabrics-front/19209
14302,Indigo Path,Padded Sling Fabrics (Front),,Blue / Navy / Teal,"https://platform.brownjordan.com/media/catalog/product/1/4/14302_tropitone_large_8a49.jpg?quality=80&bg-color=255,255,255&fit=bounds&height=&width=",https://www.tropitone.com/materials/fabrics/padded-sling-fabrics-front/14302
1186,Noir,Padded Sling Fabrics (Front),,Black,"https://platform.brownjordan.com/media/catalog/product/1/1/1186_tropitone_large_688d.jpg?quality=80&bg-color=255,255,255&fit=bounds&height=&width=",https://www.tropitone.com/materials/fabrics/padded-sling-fabrics-front/1186
61154,BluePoint Mango,Padded Sling Fabrics (Front),,Red / Coral / Pink,"https://platform.brownjordan.com/media/catalog/product/6/1/61154_tropitone_large_f918.jpg?quality=80&bg-color=255,255,255&fit=bounds&height=&width=",https://www.tropitone.com/materials/fabrics/padded-sling-fabrics-front/61154
61042,Posh Linen,Padded Sling Fabrics (Front),,White / Ivory / Cream,"https://platform.brownjordan.com/media/catalog/product/6/1/61042_tropitone_large_dc7b.jpg?quality=80&bg-color=255,255,255&fit=bounds&height=&width=",https://www.tropitone.com/materials/fabrics/padded-sling-fabrics-front/61042
61030,Solo Indigo,Padded Sling Fabrics (Front),,Blue / Navy / Teal,"https://platform.brownjordan.com/media/catalog/product/6/1/61030_tropitone_large_3096.jpg?quality=80&bg-color=255,255,255&fit=bounds&height=&width=",https://www.tropitone.com/materials/fabrics/padded-sling-fabrics-front/61030
61107,Ticking Fog,Padded Sling Fabrics (Front),,Beige / Sand / Tan,"https://platform.brownjordan.com/media/catalog/product/6/1/61107_tropitone_large_5461.jpg?quality=80&bg-color=255,255,255&fit=bounds&height=&width=",https://www.tropitone.com/materials/fabrics/padded-sling-fabrics-front/61107
61120,Posh Graphite,Padded Sling Fabrics (Front),,Gray / Charcoal,"https://platform.brownjordan.com/media/catalog/product/6/1/61120_tropitone_large_db2c.jpg?quality=80&bg-color=255,255,255&fit=bounds&height=&width=",https://www.tropitone.com/materials/fabrics/padded-sling-fabrics-front/61120
61064,Shibori Classic,Padded Sling Fabrics (Front),,Blue / Navy / Teal,"https://platform.brownjordan.com/media/catalog/product/6/1/61064_tropitone_large_8b96.jpg?quality=80&bg-color=255,255,255&fit=bounds&height=&width=",https://www.tropitone.com/materials/fabrics/padded-sling-fabrics-front/61064
61016,Pique Sky,Padded Sling Fabrics (Front),,Blue / Navy / Teal,"https://platform.brownjordan.com/media/catalog/product/6/1/61016_tropitone_large_e55f.jpg?quality=80&bg-color=255,255,255&fit=bounds&height=&width=",https://www.tropitone.com/materials/fabrics/padded-sling-fabrics-front/61016
61032,Tailored Putty,Padded Sling Fabrics (Front),,Gray / Charcoal,"https://platform.brownjordan.com/media/catalog/product/6/1/61032_tropitone_large_d4dd.jpg?quality=80&bg-color=255,255,255&fit=bounds&height=&width=",https://www.tropitone.com/materials/fabrics/padded-sling-fabrics-front/61032
88873,Rumor Midnight,Padded Sling Fabrics (Front),,Black,"https://platform.brownjordan.com/media/catalog/product/8/8/88873_tropitone_large_93de.jpg?quality=80&bg-color=255,255,255&fit=bounds&height=&width=",https://www.tropitone.com/materials/fabrics/padded-sling-fabrics-front/88873
61146,Savvy Indigo,Padded Sling Fabrics (Front),,Blue / Navy / Teal,"https://platform.brownjordan.com/media/catalog/product/6/1/61146_tropitone_large_488b.jpg?quality=80&bg-color=255,255,255&fit=bounds&height=&width=",https://www.tropitone.com/materials/fabrics/padded-sling-fabrics-front/61146
61104,Glimpse Seagull,Padded Sling Fabrics (Front),,Gray / Charcoal,"https://platform.brownjordan.com/media/catalog/product/6/1/61104_tropitone_large_fe00.jpg?quality=80&bg-color=255,255,255&fit=bounds&height=&width=",https://www.tropitone.com/materials/fabrics/padded-sling-fabrics-front/61104
61074,Instinct Dune,Padded Sling Fabrics (Front),,Beige / Sand / Tan,"https://platform.brownjordan.com/media/catalog/product/6/1/61074_tropitone_large_debe.jpg?quality=80&bg-color=255,255,255&fit=bounds&height=&width=",https://www.tropitone.com/materials/fabrics/padded-sling-fabrics-front/61074
61037,Posh Salt,Padded Sling Fabrics (Front),,Beige / Sand / Tan,"https://platform.brownjordan.com/media/catalog/product/6/1/61037_tropitone_large_ad00.jpg?quality=80&bg-color=255,255,255&fit=bounds&height=&width=",https://www.tropitone.com/materials/fabrics/padded-sling-fabrics-front/61037
61058,Agra Indigo,Padded Sling Fabrics (Front),,Blue / Navy / Teal,"https://platform.brownjordan.com/media/catalog/product/6/1/61058_tropitone_large_03f5.jpg?quality=80&bg-color=255,255,255&fit=bounds&height=&width=",https://www.tropitone.com/materials/fabrics/padded-sling-fabrics-front/61058
61001,Piazza Cloud,Padded Sling Fabrics (Front),,White / Ivory / Cream,"https://platform.brownjordan.com/media/catalog/product/6/1/61001_tropitone_large_5901.jpg?quality=80&bg-color=255,255,255&fit=bounds&height=&width=",https://www.tropitone.com/materials/fabrics/padded-sling-fabrics-front/61001
61057,Shore Navy,Padded Sling Fabrics (Front),,Blue / Navy / Teal,"https://platform.brownjordan.com/media/catalog/product/6/1/61057_tropitone_large_652d.jpg?quality=80&bg-color=255,255,255&fit=bounds&height=&width=",https://www.tropitone.com/materials/fabrics/padded-sling-fabrics-front/61057
61084,Escher Greige,Padded Sling Fabrics (Front),,Gray / Charcoal,"https://platform.brownjordan.com/media/catalog/product/6/1/61084_tropitone_large_cbd1.jpg?quality=80&bg-color=255,255,255&fit=bounds&height=&width=",https://www.tropitone.com/materials/fabrics/padded-sling-fabrics-front/61084
57124,Posted,Padded Sling Fabrics (Front),,Gray / Charcoal,"https://platform.brownjordan.com/media/catalog/product/5/7/57124_tropitone_large_6b5e.jpg?quality=80&bg-color=255,255,255&fit=bounds&height=&width=",https://www.tropitone.com/materials/fabrics/padded-sling-fabrics-front/57124
61043,Posh Pebble,Padded Sling Fabrics (Front),,Gray / Charcoal,"https://platform.brownjordan.com/media/catalog/product/6/1/61043_tropitone_large_9c66.jpg?quality=80&bg-color=255,255,255&fit=bounds&height=&width=",https://www.tropitone.com/materials/fabrics/padded-sling-fabrics-front/61043
61155,BluePoint Lagoon,Padded Sling Fabrics (Front),,Gray / Charcoal,"https://platform.brownjordan.com/media/catalog/product/6/1/61155_tropitone_large_b05f.jpg?quality=80&bg-color=255,255,255&fit=bounds&height=&width=",https://www.tropitone.com/materials/fabrics/padded-sling-fabrics-front/61155
61054,Chartres Truffle,Padded Sling Fabrics (Front),,Gray / Charcoal,"https://platform.brownjordan.com/media/catalog/product/6/1/61054_tropitone_large_f77e.jpg?quality=80&bg-color=255,255,255&fit=bounds&height=&width=",https://www.tropitone.com/materials/fabrics/padded-sling-fabrics-front/61054
61103,Glimpse Denim,Padded Sling Fabrics (Front),,Blue / Navy / Teal,"https://platform.brownjordan.com/media/catalog/product/6/1/61103_tropitone_large_7a8a.jpg?quality=80&bg-color=255,255,255&fit=bounds&height=&width=",https://www.tropitone.com/materials/fabrics/padded-sling-fabrics-front/61103
88867,Sydney Metallica,Padded Sling Fabrics (Front),,Gray / Charcoal,"https://platform.brownjordan.com/media/catalog/product/8/8/88867_tropitone_large_e017.jpg?quality=80&bg-color=255,255,255&fit=bounds&height=&width=",https://www.tropitone.com/materials/fabrics/padded-sling-fabrics-front/88867
61056,Chartres Daybreak,Padded Sling Fabrics (Front),,Gray / Charcoal,"https://platform.brownjordan.com/media/catalog/product/6/1/61056_tropitone_large_d305.jpg?quality=80&bg-color=255,255,255&fit=bounds&height=&width=",https://www.tropitone.com/materials/fabrics/padded-sling-fabrics-front/61056
89108,Panama Navy,Padded Sling Fabrics (Front),,Blue / Navy / Teal,"https://platform.brownjordan.com/media/catalog/product/8/9/89108_tropitone_large_78c0.jpg?quality=80&bg-color=255,255,255&fit=bounds&height=&width=",https://www.tropitone.com/materials/fabrics/padded-sling-fabrics-front/89108
52105,Viento Lagoon,Padded Sling Fabrics (Front),,Blue / Navy / Teal,"https://platform.brownjordan.com/media/catalog/product/5/2/52105_tropitone_large_74e2.jpg?quality=80&bg-color=255,255,255&fit=bounds&height=&width=",https://www.tropitone.com/materials/fabrics/padded-sling-fabrics-front/52105
88863,Nomad Charcoal,Padded Sling Fabrics (Front),,Gray / Charcoal,"https://platform.brownjordan.com/media/catalog/product/8/8/88863_tropitone_large_0c8b.jpg?quality=80&bg-color=255,255,255&fit=bounds&height=&width=",https://www.tropitone.com/materials/fabrics/padded-sling-fabrics-front/88863
61069,Capra II Shadow,Padded Sling Fabrics (Front),,Beige / Sand / Tan,"https://platform.brownjordan.com/media/catalog/product/6/1/61069_tropitone_large_39cb.jpg?quality=80&bg-color=255,255,255&fit=bounds&height=&width=",https://www.tropitone.com/materials/fabrics/padded-sling-fabrics-front/61069
8076,Echo Midnight,Padded Sling Fabrics (Front),,Black,"https://platform.brownjordan.com/media/catalog/product/8/0/8076_tropitone_large_d0f4.jpg?quality=80&bg-color=255,255,255&fit=bounds&height=&width=",https://www.tropitone.com/materials/fabrics/padded-sling-fabrics-front/8076
61019,Pashmina Mist,Padded Sling Fabrics (Front),,Gray / Charcoal,"https://platform.brownjordan.com/media/catalog/product/6/1/61019_tropitone_large_134e.jpg?quality=80&bg-color=255,255,255&fit=bounds&height=&width=",https://www.tropitone.com/materials/fabrics/padded-sling-fabrics-front/61019
44902,Solitude,Padded Sling Fabrics (Front),,Beige / Sand / Tan,"https://platform.brownjordan.com/media/catalog/product/4/4/44902_tropitone_large_2c00.jpg?quality=80&bg-color=255,255,255&fit=bounds&height=&width=",https://www.tropitone.com/materials/fabrics/padded-sling-fabrics-front/44902
61024,Switch Salt,Padded Sling Fabrics (Front),,White / Ivory / Cream,"https://platform.brownjordan.com/media/catalog/product/6/1/61024_tropitone_large_a043.jpg?quality=80&bg-color=255,255,255&fit=bounds&height=&width=",https://www.tropitone.com/materials/fabrics/padded-sling-fabrics-front/61024
61008,Piazza Mist,Padded Sling Fabrics (Front),,Gray / Charcoal,"https://platform.brownjordan.com/media/catalog/product/6/1/61008_tropitone_large_822e.jpg?quality=80&bg-color=255,255,255&fit=bounds&height=&width=",https://www.tropitone.com/materials/fabrics/padded-sling-fabrics-front/61008
57139,Woodlands,Padded Sling Fabrics (Front),,Gray / Charcoal,"https://platform.brownjordan.com/media/catalog/product/5/7/57139_tropitone_large_d571.jpg?quality=80&bg-color=255,255,255&fit=bounds&height=&width=",https://www.tropitone.com/materials/fabrics/padded-sling-fabrics-front/57139
61045,Posh Sapphire,Padded Sling Fabrics (Front),,Blue / Navy / Teal,"https://platform.brownjordan.com/media/catalog/product/6/1/61045_tropitone_large_92a4.jpg?quality=80&bg-color=255,255,255&fit=bounds&height=&width=",https://www.tropitone.com/materials/fabrics/padded-sling-fabrics-front/61045
61038,Posh Shamrock,Padded Sling Fabrics (Front),,Gray / Charcoal,"https://platform.brownjordan.com/media/catalog/product/6/1/61038_tropitone_large_44f6.jpg?quality=80&bg-color=255,255,255&fit=bounds&height=&width=",https://www.tropitone.com/materials/fabrics/padded-sling-fabrics-front/61038
89154,Spinnaker Nightfall,Padded Sling Fabrics (Front),,Black,"https://platform.brownjordan.com/media/catalog/product/8/9/89154_tropitone_large_2268.jpg?quality=80&bg-color=255,255,255&fit=bounds&height=&width=",https://www.tropitone.com/materials/fabrics/padded-sling-fabrics-front/89154
88803,Chesterfield Coco,Padded Sling Fabrics (Front),,Black,"https://platform.brownjordan.com/media/catalog/product/8/8/88803_tropitone_large_b943.jpg?quality=80&bg-color=255,255,255&fit=bounds&height=&width=",https://www.tropitone.com/materials/fabrics/padded-sling-fabrics-front/88803
61109,Switch Flax,Padded Sling Fabrics (Front),,Beige / Sand / Tan,"https://platform.brownjordan.com/media/catalog/product/6/1/61109_tropitone_large_3883.jpg?quality=80&bg-color=255,255,255&fit=bounds&height=&width=",https://www.tropitone.com/materials/fabrics/padded-sling-fabrics-front/61109
61087,Eberly Peacock,Padded Sling Fabrics (Front),,Blue / Navy / Teal,"https://platform.brownjordan.com/media/catalog/product/6/1/61087_tropitone_large_aa24.jpg?quality=80&bg-color=255,255,255&fit=bounds&height=&width=",https://www.tropitone.com/materials/fabrics/padded-sling-fabrics-front/61087
61000,Piazza White,Padded Sling Fabrics (Front),,White / Ivory / Cream,"https://platform.brownjordan.com/media/catalog/product/6/1/61000_tropitone_large_5065.jpg?quality=80&bg-color=255,255,255&fit=bounds&height=&width=",https://www.tropitone.com/materials/fabrics/padded-sling-fabrics-front/61000
61102,Scope Cape,Padded Sling Fabrics (Front),,Gray / Charcoal,"https://platform.brownjordan.com/media/catalog/product/6/1/61102_tropitone_large_0f2f.jpg?quality=80&bg-color=255,255,255&fit=bounds&height=&width=",https://www.tropitone.com/materials/fabrics/padded-sling-fabrics-front/61102
61009,Piazza Burlap,Padded Sling Fabrics (Front),,Beige / Sand / Tan,"https://platform.brownjordan.com/media/catalog/product/6/1/61009_tropitone_large_a069.jpg?quality=80&bg-color=255,255,255&fit=bounds&height=&width=",https://www.tropitone.com/materials/fabrics/padded-sling-fabrics-front/61009
61022,Pashmina Coal,Padded Sling Fabrics (Front),,Black,"https://platform.brownjordan.com/media/catalog/product/6/1/61022_tropitone_large_8da0.jpg?quality=80&bg-color=255,255,255&fit=bounds&height=&width=",https://www.tropitone.com/materials/fabrics/padded-sling-fabrics-front/61022
61151,BluePoint Azule,Padded Sling Fabrics (Front),,Black,"https://platform.brownjordan.com/media/catalog/product/6/1/61151_tropitone_large_aa42.jpg?quality=80&bg-color=255,255,255&fit=bounds&height=&width=",https://www.tropitone.com/materials/fabrics/padded-sling-fabrics-front/61151
61055,Chartres Gull,Padded Sling Fabrics (Front),,Gray / Charcoal,"https://platform.brownjordan.com/media/catalog/product/6/1/61055_tropitone_large_3df4.jpg?quality=80&bg-color=255,255,255&fit=bounds&height=&width=",https://www.tropitone.com/materials/fabrics/padded-sling-fabrics-front/61055
61040,Posh Shitake,Padded Sling Fabrics (Front),,Gray / Charcoal,"https://platform.brownjordan.com/media/catalog/product/6/1/61040_tropitone_large_3fd4.jpg?quality=80&bg-color=255,255,255&fit=bounds&height=&width=",https://www.tropitone.com/materials/fabrics/padded-sling-fabrics-front/61040
89100,Panama Cobblestone,Padded Sling Fabrics (Front),,Gray / Charcoal,"https://platform.brownjordan.com/media/catalog/product/8/9/89100_tropitone_large_30ee.jpg?quality=80&bg-color=255,255,255&fit=bounds&height=&width=",https://www.tropitone.com/materials/fabrics/padded-sling-fabrics-front/89100
89090,Asgard Mud,Padded Sling Fabrics (Front),,Gray / Charcoal,"https://platform.brownjordan.com/media/catalog/product/8/9/89090_tropitone_large_b4ed.jpg?quality=80&bg-color=255,255,255&fit=bounds&height=&width=",https://www.tropitone.com/materials/fabrics/padded-sling-fabrics-front/89090
88808,Reflection Straw,Padded Sling Fabrics (Front),,Beige / Sand / Tan,"https://platform.brownjordan.com/media/catalog/product/8/8/88808_tropitone_large_8ed5.jpg?quality=80&bg-color=255,255,255&fit=bounds&height=&width=",https://www.tropitone.com/materials/fabrics/padded-sling-fabrics-front/88808
61121,Esti Lagoon,Padded Sling Fabrics (Front),,Gray / Charcoal,"https://platform.brownjordan.com/media/catalog/product/6/1/61121_tropitone_large_2c85.jpg?quality=80&bg-color=255,255,255&fit=bounds&height=&width=",https://www.tropitone.com/materials/fabrics/padded-sling-fabrics-front/61121
61050,Chartres Malt,Padded Sling Fabrics (Front),,Gray / Charcoal,"https://platform.brownjordan.com/media/catalog/product/6/1/61050_tropitone_large_3e48.jpg?quality=80&bg-color=255,255,255&fit=bounds&height=&width=",https://www.tropitone.com/materials/fabrics/padded-sling-fabrics-front/61050
61071,Precise Spring,Padded Sling Fabrics (Front),,Green,"https://platform.brownjordan.com/media/catalog/product/6/1/61071_tropitone_large_e13e.jpg?quality=80&bg-color=255,255,255&fit=bounds&height=&width=",https://www.tropitone.com/materials/fabrics/padded-sling-fabrics-front/61071
43159,Lautrec Swirl,Padded Sling Fabrics (Front),,Gray / Charcoal,"https://platform.brownjordan.com/media/catalog/product/4/3/43159_tropitone_large_bfe3.jpg?quality=80&bg-color=255,255,255&fit=bounds&height=&width=",https://www.tropitone.com/materials/fabrics/padded-sling-fabrics-front/43159
89153,Crew Peat,Padded Sling Fabrics (Front),,Gray / Charcoal,"https://platform.brownjordan.com/media/catalog/product/8/9/89153_tropitone_large_7db8.jpg?quality=80&bg-color=255,255,255&fit=bounds&height=&width=",https://www.tropitone.com/materials/fabrics/padded-sling-fabrics-front/89153
61123,Esti Onyx,Padded Sling Fabrics (Front),,Black,"https://platform.brownjordan.com/media/catalog/product/6/1/61123_tropitone_large_2f0e.jpg?quality=80&bg-color=255,255,255&fit=bounds&height=&width=",https://www.tropitone.com/materials/fabrics/padded-sling-fabrics-front/61123
61088,Eberly II Linen,Padded Sling Fabrics (Front),,White / Ivory / Cream,"https://platform.brownjordan.com/media/catalog/product/6/1/61088_tropitone_large_04a0.jpg?quality=80&bg-color=255,255,255&fit=bounds&height=&width=",https://www.tropitone.com/materials/fabrics/padded-sling-fabrics-front/61088
61116,Trail Blush,Padded Sling Fabrics (Front),,Red / Coral / Pink,"https://platform.brownjordan.com/media/catalog/product/6/1/61116_tropitone_large_541d.jpg?quality=80&bg-color=255,255,255&fit=bounds&height=&width=",https://www.tropitone.com/materials/fabrics/padded-sling-fabrics-front/61116
47622,Rainfall II,Padded Sling Fabrics (Front),,Beige / Sand / Tan,"https://platform.brownjordan.com/media/catalog/product/4/7/47622_tropitone_large_9bae.jpg?quality=80&bg-color=255,255,255&fit=bounds&height=&width=",https://www.tropitone.com/materials/fabrics/padded-sling-fabrics-front/47622
57137,Garden Walk,Padded Sling Fabrics (Front),,Gray / Charcoal,"https://platform.brownjordan.com/media/catalog/product/5/7/57137_tropitone_large_088d.jpg?quality=80&bg-color=255,255,255&fit=bounds&height=&width=",https://www.tropitone.com/materials/fabrics/padded-sling-fabrics-front/57137
61062,Maritime Nautical,Padded Sling Fabrics (Front),,Beige / Sand / Tan,"https://platform.brownjordan.com/media/catalog/product/6/1/61062_tropitone_large_dba5.jpg?quality=80&bg-color=255,255,255&fit=bounds&height=&width=",https://www.tropitone.com/materials/fabrics/padded-sling-fabrics-front/61062
61100,Pique Denim,Padded Sling Fabrics (Front),,Blue / Navy / Teal,"https://platform.brownjordan.com/media/catalog/product/6/1/61100_tropitone_large_3aaa.jpg?quality=80&bg-color=255,255,255&fit=bounds&height=&width=",https://www.tropitone.com/materials/fabrics/padded-sling-fabrics-front/61100
61067,Ascend Spa,Padded Sling Fabrics (Front),,Gray / Charcoal,"https://platform.brownjordan.com/media/catalog/product/6/1/61067_tropitone_large_f16e.jpg?quality=80&bg-color=255,255,255&fit=bounds&height=&width=",https://www.tropitone.com/materials/fabrics/padded-sling-fabrics-front/61067
61157,BluePoint Flax,Padded Sling Fabrics (Front),,Beige / Sand / Tan,"https://platform.brownjordan.com/media/catalog/product/6/1/61157_tropitone_large_ff18.jpg?quality=80&bg-color=255,255,255&fit=bounds&height=&width=",https://www.tropitone.com/materials/fabrics/padded-sling-fabrics-front/61157
61113,Trail Cloud,Padded Sling Fabrics (Front),,White / Ivory / Cream,"https://platform.brownjordan.com/media/catalog/product/6/1/61113_tropitone_large_1fad.jpg?quality=80&bg-color=255,255,255&fit=bounds&height=&width=",https://www.tropitone.com/materials/fabrics/padded-sling-fabrics-front/61113
61142,Chartres Storm,Padded Sling Fabrics (Front),,Gray / Charcoal,"https://platform.brownjordan.com/media/catalog/product/6/1/61142_tropitone_large_fcfc.jpg?quality=80&bg-color=255,255,255&fit=bounds&height=&width=",https://www.tropitone.com/materials/fabrics/padded-sling-fabrics-front/61142
5424,Canvas Sky Blue,Padded Sling Fabrics (Front),,Blue / Navy / Teal,"https://platform.brownjordan.com/media/catalog/product/5/4/5424_tropitone_large_3ffd.jpg?quality=80&bg-color=255,255,255&fit=bounds&height=&width=",https://www.tropitone.com/materials/fabrics/padded-sling-fabrics-front/5424
12949,Largo Scoop,Padded Sling Fabrics (Front),,Blue / Navy / Teal,"https://platform.brownjordan.com/media/catalog/product/1/2/12949_tropitone_large_6730.jpg?quality=80&bg-color=255,255,255&fit=bounds&height=&width=",https://www.tropitone.com/materials/fabrics/padded-sling-fabrics-front/12949
88872,Rumor Nautical,Padded Sling Fabrics (Front),,Black,"https://platform.brownjordan.com/media/catalog/product/8/8/88872_tropitone_large_ee7d.jpg?quality=80&bg-color=255,255,255&fit=bounds&height=&width=",https://www.tropitone.com/materials/fabrics/padded-sling-fabrics-front/88872
33903,Nautical Isle,Padded Sling Fabrics (Front),,Blue / Navy / Teal,"https://platform.brownjordan.com/media/catalog/product/3/3/33903_tropitone_large_9311.jpg?quality=80&bg-color=255,255,255&fit=bounds&height=&width=",https://www.tropitone.com/materials/fabrics/padded-sling-fabrics-front/33903
89103,Panama Smoke Grey,Padded Sling Fabrics (Front),,Gray / Charcoal,"https://platform.brownjordan.com/media/catalog/product/8/9/89103_tropitone_large_a823.jpg?quality=80&bg-color=255,255,255&fit=bounds&height=&width=",https://www.tropitone.com/materials/fabrics/padded-sling-fabrics-front/89103
61031,Tailored Snow,Padded Sling Fabrics (Front),,White / Ivory / Cream,"https://platform.brownjordan.com/media/catalog/product/6/1/61031_tropitone_large_86a0.jpg?quality=80&bg-color=255,255,255&fit=bounds&height=&width=",https://www.tropitone.com/materials/fabrics/padded-sling-fabrics-front/61031
67001,Congo,Padded Sling Fabrics (Front),,Beige / Sand / Tan,"https://platform.brownjordan.com/media/catalog/product/6/7/67001_tropitone_large_3f04.jpg?quality=80&bg-color=255,255,255&fit=bounds&height=&width=",https://www.tropitone.com/materials/fabrics/padded-sling-fabrics-front/67001
61025,Switch Silver,Padded Sling Fabrics (Front),,Gray / Charcoal,"https://platform.brownjordan.com/media/catalog/product/6/1/61025_tropitone_large_7717.jpg?quality=80&bg-color=255,255,255&fit=bounds&height=&width=",https://www.tropitone.com/materials/fabrics/padded-sling-fabrics-front/61025
61015,Pique Shale,Padded Sling Fabrics (Front),,Multi / Pattern,"https://platform.brownjordan.com/media/catalog/product/6/1/61015_tropitone_large_a352.jpg?quality=80&bg-color=255,255,255&fit=bounds&height=&width=",https://www.tropitone.com/materials/fabrics/padded-sling-fabrics-front/61015
61131,Esti Marine,Padded Sling Fabrics (Front),,Black,"https://platform.brownjordan.com/media/catalog/product/6/1/61131_tropitone_large_803b.jpg?quality=80&bg-color=255,255,255&fit=bounds&height=&width=",https://www.tropitone.com/materials/fabrics/padded-sling-fabrics-front/61131
88012,Blend Nomad,Padded Sling Fabrics (Front),,Gray / Charcoal,"https://platform.brownjordan.com/media/catalog/product/8/8/88012_tropitone_large_8685.jpg?quality=80&bg-color=255,255,255&fit=bounds&height=&width=",https://www.tropitone.com/materials/fabrics/padded-sling-fabrics-front/88012
61085,Escher Indigo,Padded Sling Fabrics (Front),,Blue / Navy / Teal,"https://platform.brownjordan.com/media/catalog/product/6/1/61085_tropitone_large_e7ba.jpg?quality=80&bg-color=255,255,255&fit=bounds&height=&width=",https://www.tropitone.com/materials/fabrics/padded-sling-fabrics-front/61085
88807,Reflections Smoke,Padded Sling Fabrics (Front),,Gray / Charcoal,"https://platform.brownjordan.com/media/catalog/product/8/8/88807_tropitone_large_4b84.jpg?quality=80&bg-color=255,255,255&fit=bounds&height=&width=",https://www.tropitone.com/materials/fabrics/padded-sling-fabrics-front/88807
61098,Viento Nautical,Padded Sling Fabrics (Front),,Black,"https://platform.brownjordan.com/media/catalog/product/6/1/61098_tropitone_large_20cb.jpg?quality=80&bg-color=255,255,255&fit=bounds&height=&width=",https://www.tropitone.com/materials/fabrics/padded-sling-fabrics-front/61098
61006,Piazza Graphite,Padded Sling Fabrics (Front),,Gray / Charcoal,"https://platform.brownjordan.com/media/catalog/product/6/1/61006_tropitone_large_2716.jpg?quality=80&bg-color=255,255,255&fit=bounds&height=&width=",https://www.tropitone.com/materials/fabrics/padded-sling-fabrics-front/61006
61106,Sterling Alpaca,Padded Sling Fabrics (Front),,Gray / Charcoal,"https://platform.brownjordan.com/media/catalog/product/6/1/61106_tropitone_large_b9e9.jpg?quality=80&bg-color=255,255,255&fit=bounds&height=&width=",https://www.tropitone.com/materials/fabrics/padded-sling-fabrics-front/61106
61083,Escher Alabaster,Padded Sling Fabrics (Front),,White / Ivory / Cream,"https://platform.brownjordan.com/media/catalog/product/6/1/61083_tropitone_large_1f97.jpg?quality=80&bg-color=255,255,255&fit=bounds&height=&width=",https://www.tropitone.com/materials/fabrics/padded-sling-fabrics-front/61083
61003,Piazza Parchment,Padded Sling Fabrics (Front),,White / Ivory / Cream,"https://platform.brownjordan.com/media/catalog/product/6/1/61003_tropitone_large_e939.jpg?quality=80&bg-color=255,255,255&fit=bounds&height=&width=",https://www.tropitone.com/materials/fabrics/padded-sling-fabrics-front/61003
57133,Nordic,Padded Sling Fabrics (Front),,Gray / Charcoal,"https://platform.brownjordan.com/media/catalog/product/5/7/57133_tropitone_large_f69d.jpg?quality=80&bg-color=255,255,255&fit=bounds&height=&width=",https://www.tropitone.com/materials/fabrics/padded-sling-fabrics-front/57133
88875,Melody Ruby,Padded Sling Fabrics (Front),,Gray / Charcoal,"https://platform.brownjordan.com/media/catalog/product/8/8/88875_tropitone_large_3514.jpg?quality=80&bg-color=255,255,255&fit=bounds&height=&width=",https://www.tropitone.com/materials/fabrics/padded-sling-fabrics-front/88875
61156,BluePoint Rattan,Padded Sling Fabrics (Front),,Gray / Charcoal,"https://platform.brownjordan.com/media/catalog/product/6/1/61156_tropitone_large_d986.jpg?quality=80&bg-color=255,255,255&fit=bounds&height=&width=",https://www.tropitone.com/materials/fabrics/padded-sling-fabrics-front/61156
61094,Piazza Dune,Padded Sling Fabrics (Front),,Beige / Sand / Tan,"https://platform.brownjordan.com/media/catalog/product/6/1/61094_tropitone_large_a285.jpg?quality=80&bg-color=255,255,255&fit=bounds&height=&width=",https://www.tropitone.com/materials/fabrics/padded-sling-fabrics-front/61094
57165,Grey Maze,Padded Sling Fabrics (Front),,Gray / Charcoal,"https://platform.brownjordan.com/media/catalog/product/5/7/57165_tropitone_large_0f79.jpg?quality=80&bg-color=255,255,255&fit=bounds&height=&width=",https://www.tropitone.com/materials/fabrics/padded-sling-fabrics-front/57165
61079,Boro Walnut,Padded Sling Fabrics (Front),,Brown / Bronze / Earth,"https://platform.brownjordan.com/media/catalog/product/6/1/61079_tropitone_large_beac.jpg?quality=80&bg-color=255,255,255&fit=bounds&height=&width=",https://www.tropitone.com/materials/fabrics/padded-sling-fabrics-front/61079
61114,Trail Dove,Padded Sling Fabrics (Front),,Blue / Navy / Teal,"https://platform.brownjordan.com/media/catalog/product/6/1/61114_tropitone_large_3f85.jpg?quality=80&bg-color=255,255,255&fit=bounds&height=&width=",https://www.tropitone.com/materials/fabrics/padded-sling-fabrics-front/61114
61132,Crete Stone,Padded Sling Fabrics (Front),,Gray / Charcoal,"https://platform.brownjordan.com/media/catalog/product/6/1/61132_tropitone_large_6de0.jpg?quality=80&bg-color=255,255,255&fit=bounds&height=&width=",https://www.tropitone.com/materials/fabrics/padded-sling-fabrics-front/61132
61152,BluePoint Cement,Padded Sling Fabrics (Front),,Gray / Charcoal,"https://platform.brownjordan.com/media/catalog/product/6/1/61152_tropitone_large_3d15.jpg?quality=80&bg-color=255,255,255&fit=bounds&height=&width=",https://www.tropitone.com/materials/fabrics/padded-sling-fabrics-front/61152
61014,Pique Ash,Padded Sling Fabrics (Front),,Gray / Charcoal,"https://platform.brownjordan.com/media/catalog/product/6/1/61014_tropitone_large_9629.jpg?quality=80&bg-color=255,255,255&fit=bounds&height=&width=",https://www.tropitone.com/materials/fabrics/padded-sling-fabrics-front/61014
61158,BluePoint Lime,Padded Sling Fabrics (Front),,Green,"https://platform.brownjordan.com/media/catalog/product/6/1/61158_tropitone_large_7e15.jpg?quality=80&bg-color=255,255,255&fit=bounds&height=&width=",https://www.tropitone.com/materials/fabrics/padded-sling-fabrics-front/61158
61073,Kindle Indigo,Padded Sling Fabrics (Front),,Blue / Navy / Teal,"https://platform.brownjordan.com/media/catalog/product/6/1/61073_tropitone_large_e334.jpg?quality=80&bg-color=255,255,255&fit=bounds&height=&width=",https://www.tropitone.com/materials/fabrics/padded-sling-fabrics-front/61073
19913,Aqua Weave,Padded Sling Fabrics (Front),,Multi / Pattern,"https://platform.brownjordan.com/media/catalog/product/1/9/19913_tropitone_large_eb82.jpg?quality=80&bg-color=255,255,255&fit=bounds&height=&width=",https://www.tropitone.com/materials/fabrics/padded-sling-fabrics-front/19913
61111,Tailored Smoke,Padded Sling Fabrics (Front),,Gray / Charcoal,"https://platform.brownjordan.com/media/catalog/product/6/1/61111_tropitone_large_e263.jpg?quality=80&bg-color=255,255,255&fit=bounds&height=&width=",https://www.tropitone.com/materials/fabrics/padded-sling-fabrics-front/61111
88816,Static Icing,Padded Sling Fabrics (Front),,Beige / Sand / Tan,"https://platform.brownjordan.com/media/catalog/product/8/8/88816_tropitone_large_23e4.jpg?quality=80&bg-color=255,255,255&fit=bounds&height=&width=",https://www.tropitone.com/materials/fabrics/padded-sling-fabrics-front/88816
61096,Piazza Denim,Padded Sling Fabrics (Front),,Blue / Navy / Teal,"https://platform.brownjordan.com/media/catalog/product/6/1/61096_tropitone_large_db70.jpg?quality=80&bg-color=255,255,255&fit=bounds&height=&width=",https://www.tropitone.com/materials/fabrics/padded-sling-fabrics-front/61096
8069,Dupione Dove,Padded Sling Fabrics (Front),,Beige / Sand / Tan,"https://platform.brownjordan.com/media/catalog/product/8/0/8069_tropitone_large_3c07.jpg?quality=80&bg-color=255,255,255&fit=bounds&height=&width=",https://www.tropitone.com/materials/fabrics/padded-sling-fabrics-front/8069
61136,Lure Nautical,Padded Sling Fabrics (Front),,Black,"https://platform.brownjordan.com/media/catalog/product/6/1/61136_tropitone_large_5e9e.jpg?quality=80&bg-color=255,255,255&fit=bounds&height=&width=",https://www.tropitone.com/materials/fabrics/padded-sling-fabrics-front/61136
61110,Solo Ocean,Padded Sling Fabrics (Front),,Blue / Navy / Teal,"https://platform.brownjordan.com/media/catalog/product/6/1/61110_tropitone_large_0e3d.jpg?quality=80&bg-color=255,255,255&fit=bounds&height=&width=",https://www.tropitone.com/materials/fabrics/padded-sling-fabrics-front/61110
61099,Pique Sand,Padded Sling Fabrics (Front),,Beige / Sand / Tan,"https://platform.brownjordan.com/media/catalog/product/6/1/61099_tropitone_large_0cf6.jpg?quality=80&bg-color=255,255,255&fit=bounds&height=&width=",https://www.tropitone.com/materials/fabrics/padded-sling-fabrics-front/61099
15909,Cast Tinsel,Padded Sling Fabrics (Front),,Orange / Rust,"https://platform.brownjordan.com/media/catalog/product/1/5/15909_tropitone_large_a3c1.jpg?quality=80&bg-color=255,255,255&fit=bounds&height=&width=",https://www.tropitone.com/materials/fabrics/padded-sling-fabrics-front/15909
61080,Boro Indigo,Padded Sling Fabrics (Front),,Blue / Navy / Teal,"https://platform.brownjordan.com/media/catalog/product/6/1/61080_tropitone_large_3ae7.jpg?quality=80&bg-color=255,255,255&fit=bounds&height=&width=",https://www.tropitone.com/materials/fabrics/padded-sling-fabrics-front/61080
89164,Shagreen Pebble,Padded Sling Fabrics (Front),,Gray / Charcoal,"https://platform.brownjordan.com/media/catalog/product/8/9/89164_tropitone_large_9eb3.jpg?quality=80&bg-color=255,255,255&fit=bounds&height=&width=",https://www.tropitone.com/materials/fabrics/padded-sling-fabrics-front/89164
89163,Shagreen Parchment,Padded Sling Fabrics (Front),,White / Ivory / Cream,"https://platform.brownjordan.com/media/catalog/product/8/9/89163_tropitone_large_4285.jpg?quality=80&bg-color=255,255,255&fit=bounds&height=&width=",https://www.tropitone.com/materials/fabrics/padded-sling-fabrics-front/89163
61160,Beckon Shell,Padded Sling Fabrics (Front),,Gray / Charcoal,"https://platform.brownjordan.com/media/catalog/product/6/1/61160_tropitone_large_3331.jpg?quality=80&bg-color=255,255,255&fit=bounds&height=&width=",https://www.tropitone.com/materials/fabrics/padded-sling-fabrics-front/61160
61068,Capra Indigo,Padded Sling Fabrics (Front),,Blue / Navy / Teal,"https://platform.brownjordan.com/media/catalog/product/6/1/61068_tropitone_large_2c33.jpg?quality=80&bg-color=255,255,255&fit=bounds&height=&width=",https://www.tropitone.com/materials/fabrics/padded-sling-fabrics-front/61068
61029,Switch Snow,Padded Sling Fabrics (Front),,White / Ivory / Cream,"https://platform.brownjordan.com/media/catalog/product/6/1/61029_tropitone_large_090e.jpg?quality=80&bg-color=255,255,255&fit=bounds&height=&width=",https://www.tropitone.com/materials/fabrics/padded-sling-fabrics-front/61029
61065,Ascend Oasis,Padded Sling Fabrics (Front),,Blue / Navy / Teal,"https://platform.brownjordan.com/media/catalog/product/6/1/61065_tropitone_large_38ca.jpg?quality=80&bg-color=255,255,255&fit=bounds&height=&width=",https://www.tropitone.com/materials/fabrics/padded-sling-fabrics-front/61065
89170,Infinity Tide,Padded Sling Fabrics (Front),,Gray / Charcoal,"https://platform.brownjordan.com/media/catalog/product/8/9/89170_tropitone_large_d7b2.jpg?quality=80&bg-color=255,255,255&fit=bounds&height=&width=",https://www.tropitone.com/materials/fabrics/padded-sling-fabrics-front/89170
61095,Piazza Pebble,Padded Sling Fabrics (Front),,Gray / Charcoal,"https://platform.brownjordan.com/media/catalog/product/6/1/61095_tropitone_large_bc1a.jpg?quality=80&bg-color=255,255,255&fit=bounds&height=&width=",https://www.tropitone.com/materials/fabrics/padded-sling-fabrics-front/61095
61072,Kindle Silk,Padded Sling Fabrics (Front),,White / Ivory / Cream,"https://platform.brownjordan.com/media/catalog/product/6/1/61072_tropitone_large_ac29.jpg?quality=80&bg-color=255,255,255&fit=bounds&height=&width=",https://www.tropitone.com/materials/fabrics/padded-sling-fabrics-front/61072
61047,Chartres Hemp,Padded Sling Fabrics (Front),,Beige / Sand / Tan,"https://platform.brownjordan.com/media/catalog/product/6/1/61047_tropitone_large_19b6.jpg?quality=80&bg-color=255,255,255&fit=bounds&height=&width=",https://www.tropitone.com/materials/fabrics/padded-sling-fabrics-front/61047
89104,Asgard Hazelnut,Padded Sling Fabrics (Front),,Beige / Sand / Tan,"https://platform.brownjordan.com/media/catalog/product/8/9/89104_tropitone_large_85da.jpg?quality=80&bg-color=255,255,255&fit=bounds&height=&width=",https://www.tropitone.com/materials/fabrics/padded-sling-fabrics-front/89104
61101,Dip Dye Chickadee,Padded Sling Fabrics (Front),,Beige / Sand / Tan,"https://platform.brownjordan.com/media/catalog/product/6/1/61101_tropitone_large_178f.jpg?quality=80&bg-color=255,255,255&fit=bounds&height=&width=",https://www.tropitone.com/materials/fabrics/padded-sling-fabrics-front/61101
61135,Lure Denim,Padded Sling Fabrics (Front),,Blue / Navy / Teal,"https://platform.brownjordan.com/media/catalog/product/6/1/61135_tropitone_large_fb5b.jpg?quality=80&bg-color=255,255,255&fit=bounds&height=&width=",https://www.tropitone.com/materials/fabrics/padded-sling-fabrics-front/61135
61013,Pique Midnight,Padded Sling Fabrics (Front),,Black,"https://platform.brownjordan.com/media/catalog/product/6/1/61013_tropitone_large_0fdf.jpg?quality=80&bg-color=255,255,255&fit=bounds&height=&width=",https://www.tropitone.com/materials/fabrics/padded-sling-fabrics-front/61013
61034,Posh Coral,Padded Sling Fabrics (Front),,Red / Coral / Pink,"https://platform.brownjordan.com/media/catalog/product/6/1/61034_tropitone_large_8894.jpg?quality=80&bg-color=255,255,255&fit=bounds&height=&width=",https://www.tropitone.com/materials/fabrics/padded-sling-fabrics-front/61034
61108,Ticking Dove,Padded Sling Fabrics (Front),,Multi / Pattern,"https://platform.brownjordan.com/media/catalog/product/6/1/61108_tropitone_large_0bc7.jpg?quality=80&bg-color=255,255,255&fit=bounds&height=&width=",https://www.tropitone.com/materials/fabrics/padded-sling-fabrics-front/61108
88809,Grace Charcoal,Padded Sling Fabrics (Front),,Gray / Charcoal,"https://platform.brownjordan.com/media/catalog/product/8/8/88809_tropitone_large_175d.jpg?quality=80&bg-color=255,255,255&fit=bounds&height=&width=",https://www.tropitone.com/materials/fabrics/padded-sling-fabrics-front/88809
61063,Shibori Indigo,Padded Sling Fabrics (Front),,Blue / Navy / Teal,"https://platform.brownjordan.com/media/catalog/product/6/1/61063_tropitone_large_0bc9.jpg?quality=80&bg-color=255,255,255&fit=bounds&height=&width=",https://www.tropitone.com/materials/fabrics/padded-sling-fabrics-front/61063
61115,Trail Sky,Padded Sling Fabrics (Front),,Multi / Pattern,"https://platform.brownjordan.com/media/catalog/product/6/1/61115_tropitone_large_61e6.jpg?quality=80&bg-color=255,255,255&fit=bounds&height=&width=",https://www.tropitone.com/materials/fabrics/padded-sling-fabrics-front/61115
89117,Canvas Hazelnut,Padded Sling Fabrics (Front),,Beige / Sand / Tan,"https://platform.brownjordan.com/media/catalog/product/8/9/89117_tropitone_large_288b.jpg?quality=80&bg-color=255,255,255&fit=bounds&height=&width=",https://www.tropitone.com/materials/fabrics/padded-sling-fabrics-front/89117
19935,Timber Weave,Padded Sling Fabrics (Front),,Multi / Pattern,"https://platform.brownjordan.com/media/catalog/product/1/9/19935_tropitone_large_b845.jpg?quality=80&bg-color=255,255,255&fit=bounds&height=&width=",https://www.tropitone.com/materials/fabrics/padded-sling-fabrics-front/19935
61090,Exquisite Aloe,Padded Sling Fabrics (Front),,Green,"https://platform.brownjordan.com/media/catalog/product/6/1/61090_tropitone_large_d911.jpg?quality=80&bg-color=255,255,255&fit=bounds&height=&width=",https://www.tropitone.com/materials/fabrics/padded-sling-fabrics-front/61090
89155,Surf Ink,Padded Sling Fabrics (Front),,Black,"https://platform.brownjordan.com/media/catalog/product/8/9/89155_tropitone_large_b864.jpg?quality=80&bg-color=255,255,255&fit=bounds&height=&width=",https://www.tropitone.com/materials/fabrics/padded-sling-fabrics-front/89155
57130,Quiet Pond,Padded Sling Fabrics (Front),,Gray / Charcoal,"https://platform.brownjordan.com/media/catalog/product/5/7/57130_tropitone_large_680d.jpg?quality=80&bg-color=255,255,255&fit=bounds&height=&width=",https://www.tropitone.com/materials/fabrics/padded-sling-fabrics-front/57130
57132,Fog Bound,Padded Sling Fabrics (Front),,Gray / Charcoal,"https://platform.brownjordan.com/media/catalog/product/5/7/57132_tropitone_large_d31b.jpg?quality=80&bg-color=255,255,255&fit=bounds&height=&width=",https://www.tropitone.com/materials/fabrics/padded-sling-fabrics-front/57132
61021,Pashmina Flannel,Padded Sling Fabrics (Front),,Gray / Charcoal,"https://platform.brownjordan.com/media/catalog/product/6/1/61021_tropitone_large_7282.jpg?quality=80&bg-color=255,255,255&fit=bounds&height=&width=",https://www.tropitone.com/materials/fabrics/padded-sling-fabrics-front/61021
61082,Ariana Dew,Padded Sling Fabrics (Front),,White / Ivory / Cream,"https://platform.brownjordan.com/media/catalog/product/6/1/61082_tropitone_large_acbe.jpg?quality=80&bg-color=255,255,255&fit=bounds&height=&width=",https://www.tropitone.com/materials/fabrics/padded-sling-fabrics-front/61082
61078,Labyrinth Cloud,Padded Sling Fabrics (Front),,White / Ivory / Cream,"https://platform.brownjordan.com/media/catalog/product/6/1/61078_tropitone_large_149e.jpg?quality=80&bg-color=255,255,255&fit=bounds&height=&width=",https://www.tropitone.com/materials/fabrics/padded-sling-fabrics-front/61078
61044,Posh Sky,Padded Sling Fabrics (Front),,Blue / Navy / Teal,"https://platform.brownjordan.com/media/catalog/product/6/1/61044_tropitone_large_2222.jpg?quality=80&bg-color=255,255,255&fit=bounds&height=&width=",https://www.tropitone.com/materials/fabrics/padded-sling-fabrics-front/61044
61139,Kismet Moss,Padded Sling Fabrics (Front),,Green,"https://platform.brownjordan.com/media/catalog/product/6/1/61139_tropitone_large_75e2.jpg?quality=80&bg-color=255,255,255&fit=bounds&height=&width=",https://www.tropitone.com/materials/fabrics/padded-sling-fabrics-front/61139
89092,Asgard Ash,Padded Sling Fabrics (Front),,Gray / Charcoal,"https://platform.brownjordan.com/media/catalog/product/8/9/89092_tropitone_large_b6c4.jpg?quality=80&bg-color=255,255,255&fit=bounds&height=&width=",https://www.tropitone.com/materials/fabrics/padded-sling-fabrics-front/89092
61133,Crete Cloud,Padded Sling Fabrics (Front),,White / Ivory / Cream,"https://platform.brownjordan.com/media/catalog/product/6/1/61133_tropitone_large_3eba.jpg?quality=80&bg-color=255,255,255&fit=bounds&height=&width=",https://www.tropitone.com/materials/fabrics/padded-sling-fabrics-front/61133
61147,Savvy Onyx,Padded Sling Fabrics (Front),,Black,"https://platform.brownjordan.com/media/catalog/product/6/1/61147_tropitone_large_ba14.jpg?quality=80&bg-color=255,255,255&fit=bounds&height=&width=",https://www.tropitone.com/materials/fabrics/padded-sling-fabrics-front/61147
61076,Namibia Grey,Padded Sling Fabrics (Front),,Gray / Charcoal,"https://platform.brownjordan.com/media/catalog/product/6/1/61076_tropitone_large_484d.jpg?quality=80&bg-color=255,255,255&fit=bounds&height=&width=",https://www.tropitone.com/materials/fabrics/padded-sling-fabrics-front/61076
61150,BluePoint Red,Padded Sling Fabrics (Front),,Red / Coral / Pink,"https://platform.brownjordan.com/media/catalog/product/6/1/61150_tropitone_large_0f0e.jpg?quality=80&bg-color=255,255,255&fit=bounds&height=&width=",https://www.tropitone.com/materials/fabrics/padded-sling-fabrics-front/61150
89168,Infinity Dune,Padded Sling Fabrics (Front),,Beige / Sand / Tan,"https://platform.brownjordan.com/media/catalog/product/8/9/89168_tropitone_large_b1aa.jpg?quality=80&bg-color=255,255,255&fit=bounds&height=&width=",https://www.tropitone.com/materials/fabrics/padded-sling-fabrics-front/89168
61059,Agra Pebble,Padded Sling Fabrics (Front),,Gray / Charcoal,"https://platform.brownjordan.com/media/catalog/product/6/1/61059_tropitone_large_e97e.jpg?quality=80&bg-color=255,255,255&fit=bounds&height=&width=",https://www.tropitone.com/materials/fabrics/padded-sling-fabrics-front/61059
88879,Geo Bronze,Padded Sling Fabrics (Front),,Brown / Bronze / Earth,"https://platform.brownjordan.com/media/catalog/product/8/8/88879_tropitone_large_1089.jpg?quality=80&bg-color=255,255,255&fit=bounds&height=&width=",https://www.tropitone.com/materials/fabrics/padded-sling-fabrics-front/88879
61112,Tailored Indigo,Padded Sling Fabrics (Front),,Blue / Navy / Teal,"https://platform.brownjordan.com/media/catalog/product/6/1/61112_tropitone_large_a346.jpg?quality=80&bg-color=255,255,255&fit=bounds&height=&width=",https://www.tropitone.com/materials/fabrics/padded-sling-fabrics-front/61112
33907,Topaz Isle,Padded Sling Fabrics (Front),,Red / Coral / Pink,"https://platform.brownjordan.com/media/catalog/product/3/3/33907_tropitone_large_de4f.jpg?quality=80&bg-color=255,255,255&fit=bounds&height=&width=",https://www.tropitone.com/materials/fabrics/padded-sling-fabrics-front/33907
61145,Chartres Rainfall,Padded Sling Fabrics (Front),,Gray / Charcoal,"https://platform.brownjordan.com/media/catalog/product/6/1/61145_tropitone_large_0ac9.jpg?quality=80&bg-color=255,255,255&fit=bounds&height=&width=",https://www.tropitone.com/materials/fabrics/padded-sling-fabrics-front/61145
61163,Chinchilla Charcoal,Padded Sling Fabrics (Front),,Gray / Charcoal,"https://platform.brownjordan.com/media/catalog/product/6/1/61163_tropitone_large_aafe.jpg?quality=80&bg-color=255,255,255&fit=bounds&height=&width=",https://www.tropitone.com/materials/fabrics/padded-sling-fabrics-front/61163
61036,Posh Aqua,Padded Sling Fabrics (Front),,Gray / Charcoal,"https://platform.brownjordan.com/media/catalog/product/6/1/61036_tropitone_large_1e36.jpg?quality=80&bg-color=255,255,255&fit=bounds&height=&width=",https://www.tropitone.com/materials/fabrics/padded-sling-fabrics-front/61036
88880,Geo Nautical,Padded Sling Fabrics (Front),,Gray / Charcoal,"https://platform.brownjordan.com/media/catalog/product/8/8/88880_tropitone_large_2e98.jpg?quality=80&bg-color=255,255,255&fit=bounds&height=&width=",https://www.tropitone.com/materials/fabrics/padded-sling-fabrics-front/88880
61041,Posh Snow,Padded Sling Fabrics (Front),,White / Ivory / Cream,"https://platform.brownjordan.com/media/catalog/product/6/1/61041_tropitone_large_869c.jpg?quality=80&bg-color=255,255,255&fit=bounds&height=&width=",https://www.tropitone.com/materials/fabrics/padded-sling-fabrics-front/61041
61017,Pique Cloud,Padded Sling Fabrics (Front),,White / Ivory / Cream,"https://platform.brownjordan.com/media/catalog/product/6/1/61017_tropitone_large_af1f.jpg?quality=80&bg-color=255,255,255&fit=bounds&height=&width=",https://www.tropitone.com/materials/fabrics/padded-sling-fabrics-front/61017
57119,Light Brewed,Padded Sling Fabrics (Front),,Gray / Charcoal,"https://platform.brownjordan.com/media/catalog/product/5/7/57119_tropitone_large_009b.jpg?quality=80&bg-color=255,255,255&fit=bounds&height=&width=",https://www.tropitone.com/materials/fabrics/padded-sling-fabrics-front/57119
88866,Sydney Oats,Padded Sling Fabrics (Front),,Gray / Charcoal,"https://platform.brownjordan.com/media/catalog/product/8/8/88866_tropitone_large_349a.jpg?quality=80&bg-color=255,255,255&fit=bounds&height=&width=",https://www.tropitone.com/materials/fabrics/padded-sling-fabrics-front/88866
47621,Burlap II,Padded Sling Fabrics (Front),,Beige / Sand / Tan,"https://platform.brownjordan.com/media/catalog/product/4/7/47621_tropitone_large_2e72.jpg?quality=80&bg-color=255,255,255&fit=bounds&height=&width=",https://www.tropitone.com/materials/fabrics/padded-sling-fabrics-front/47621
61004,Piazza Dove,Padded Sling Fabrics (Front),,Gray / Charcoal,"https://platform.brownjordan.com/media/catalog/product/6/1/61004_tropitone_large_d8e9.jpg?quality=80&bg-color=255,255,255&fit=bounds&height=&width=",https://www.tropitone.com/materials/fabrics/padded-sling-fabrics-front/61004
61097,Piazza Lagoon,Padded Sling Fabrics (Front),,Blue / Navy / Teal,"https://platform.brownjordan.com/media/catalog/product/6/1/61097_tropitone_large_99ad.jpg?quality=80&bg-color=255,255,255&fit=bounds&height=&width=",https://www.tropitone.com/materials/fabrics/padded-sling-fabrics-front/61097
47615,Rainfall I,Padded Sling Fabrics (Front),,Gray / Charcoal,"https://platform.brownjordan.com/media/catalog/product/4/7/47615_tropitone_large_4fa2.jpg?quality=80&bg-color=255,255,255&fit=bounds&height=&width=",https://www.tropitone.com/materials/fabrics/padded-sling-fabrics-front/47615
89413,Sail Away Earth,Padded Sling Fabrics (Front),,Brown / Bronze / Earth,"https://platform.brownjordan.com/media/catalog/product/8/9/89413_tropitone_large_6be5.jpg?quality=80&bg-color=255,255,255&fit=bounds&height=&width=",https://www.tropitone.com/materials/fabrics/padded-sling-fabrics-front/89413
61092,Exquisite Guava,Padded Sling Fabrics (Front),,Beige / Sand / Tan,"https://platform.brownjordan.com/media/catalog/product/6/1/61092_tropitone_large_fca8.jpg?quality=80&bg-color=255,255,255&fit=bounds&height=&width=",https://www.tropitone.com/materials/fabrics/padded-sling-fabrics-front/61092
61007,Piazza Indigo,Padded Sling Fabrics (Front),,Blue / Navy / Teal,"https://platform.brownjordan.com/media/catalog/product/6/1/61007_tropitone_large_9941.jpg?quality=80&bg-color=255,255,255&fit=bounds&height=&width=",https://www.tropitone.com/materials/fabrics/padded-sling-fabrics-front/61007
61026,Switch Ash,Padded Sling Fabrics (Front),,Gray / Charcoal,"https://platform.brownjordan.com/media/catalog/product/6/1/61026_tropitone_large_4868.jpg?quality=80&bg-color=255,255,255&fit=bounds&height=&width=",https://www.tropitone.com/materials/fabrics/padded-sling-fabrics-front/61026
88874,Melody Lead,Padded Sling Fabrics (Front),,Gray / Charcoal,"https://platform.brownjordan.com/media/catalog/product/8/8/88874_tropitone_large_9e1c.jpg?quality=80&bg-color=255,255,255&fit=bounds&height=&width=",https://www.tropitone.com/materials/fabrics/padded-sling-fabrics-front/88874
61020,Pashmina Alpaca,Padded Sling Fabrics (Front),,Gray / Charcoal,"https://platform.brownjordan.com/media/catalog/product/6/1/61020_tropitone_large_df7b.jpg?quality=80&bg-color=255,255,255&fit=bounds&height=&width=",https://www.tropitone.com/materials/fabrics/padded-sling-fabrics-front/61020
61028,Switch Denim,Padded Sling Fabrics (Front),,Blue / Navy / Teal,"https://platform.brownjordan.com/media/catalog/product/6/1/61028_tropitone_large_5eb4.jpg?quality=80&bg-color=255,255,255&fit=bounds&height=&width=",https://www.tropitone.com/materials/fabrics/padded-sling-fabrics-front/61028
61012,Pique Gravel,Padded Sling Fabrics (Front),,Multi / Pattern,"https://platform.brownjordan.com/media/catalog/product/6/1/61012_tropitone_large_85ac.jpg?quality=80&bg-color=255,255,255&fit=bounds&height=&width=",https://www.tropitone.com/materials/fabrics/padded-sling-fabrics-front/61012
61162,LoveBoat Blue Stone,Padded Sling Fabrics (Front),,Gray / Charcoal,"https://platform.brownjordan.com/media/catalog/product/6/1/61162_tropitone_large_a7c8.jpg?quality=80&bg-color=255,255,255&fit=bounds&height=&width=",https://www.tropitone.com/materials/fabrics/padded-sling-fabrics-front/61162
61023,Pashmina Fog,Padded Sling Fabrics (Front),,Gray / Charcoal,"https://platform.brownjordan.com/media/catalog/product/6/1/61023_tropitone_large_f355.jpg?quality=80&bg-color=255,255,255&fit=bounds&height=&width=",https://www.tropitone.com/materials/fabrics/padded-sling-fabrics-front/61023
61143,Chartres Silk,Padded Sling Fabrics (Front),,Beige / Sand / Tan,"https://platform.brownjordan.com/media/catalog/product/6/1/61143_tropitone_large_2b05.jpg?quality=80&bg-color=255,255,255&fit=bounds&height=&width=",https://www.tropitone.com/materials/fabrics/padded-sling-fabrics-front/61143
61129,Esti Limestone,Padded Sling Fabrics (Front),,White / Ivory / Cream,"https://platform.brownjordan.com/media/catalog/product/6/1/61129_tropitone_large_bbd0.jpg?quality=80&bg-color=255,255,255&fit=bounds&height=&width=",https://www.tropitone.com/materials/fabrics/padded-sling-fabrics-front/61129
61010,Pique Salt,Padded Sling Fabrics (Front),,Multi / Pattern,"https://platform.brownjordan.com/media/catalog/product/6/1/61010_tropitone_large_d3fd.jpg?quality=80&bg-color=255,255,255&fit=bounds&height=&width=",https://www.tropitone.com/materials/fabrics/padded-sling-fabrics-front/61010
61052,Chartres Cloud,Padded Sling Fabrics (Front),,White / Ivory / Cream,"https://platform.brownjordan.com/media/catalog/product/6/1/61052_tropitone_large_5a88.jpg?quality=80&bg-color=255,255,255&fit=bounds&height=&width=",https://www.tropitone.com/materials/fabrics/padded-sling-fabrics-front/61052
61070,Precise Fawn,Padded Sling Fabrics (Front),,Beige / Sand / Tan,"https://platform.brownjordan.com/media/catalog/product/6/1/61070_tropitone_large_2a98.jpg?quality=80&bg-color=255,255,255&fit=bounds&height=&width=",https://www.tropitone.com/materials/fabrics/padded-sling-fabrics-front/61070
61077,Labyrinth Fiesta,Padded Sling Fabrics (Front),,White / Ivory / Cream,"https://platform.brownjordan.com/media/catalog/product/6/1/61077_tropitone_large_cea8.jpg?quality=80&bg-color=255,255,255&fit=bounds&height=&width=",https://www.tropitone.com/materials/fabrics/padded-sling-fabrics-front/61077
34494,Dart,Padded Sling Fabrics (Front),,Red / Coral / Pink,"https://platform.brownjordan.com/media/catalog/product/3/4/34494_tropitone_large_be82.jpg?quality=80&bg-color=255,255,255&fit=bounds&height=&width=",https://www.tropitone.com/materials/fabrics/padded-sling-fabrics-front/34494
61138,Kismet Coral,Padded Sling Fabrics (Front),,Red / Coral / Pink,"https://platform.brownjordan.com/media/catalog/product/6/1/61138_tropitone_large_2fc4.jpg?quality=80&bg-color=255,255,255&fit=bounds&height=&width=",https://www.tropitone.com/materials/fabrics/padded-sling-fabrics-front/61138
89066,Evergreen,Padded Sling Fabrics (Back),,Green,"https://platform.brownjordan.com/media/catalog/product/8/9/89066_tropitone_large_bee0.jpg?quality=80&bg-color=255,255,255&fit=bounds&height=&width=",https://www.tropitone.com/materials/fabrics/padded-sling-fabrics-back/89066
10276,Poppy Red,Padded Sling Fabrics (Back),,Red / Coral / Pink,"https://platform.brownjordan.com/media/catalog/product/1/0/10276_tropitone_large_e3fc.jpg?quality=80&bg-color=255,255,255&fit=bounds&height=&width=",https://www.tropitone.com/materials/fabrics/padded-sling-fabrics-back/10276
12334,Calistoga,Padded Sling Fabrics (Back),,Multi / Pattern,"https://platform.brownjordan.com/media/catalog/product/1/2/12334_tropitone_large_1015.jpg?quality=80&bg-color=255,255,255&fit=bounds&height=&width=",https://www.tropitone.com/materials/fabrics/padded-sling-fabrics-back/12334
89059,Caramel,Padded Sling Fabrics (Back),,Brown / Bronze / Earth,"https://platform.brownjordan.com/media/catalog/product/8/9/89059_tropitone_large_0bd3.jpg?quality=80&bg-color=255,255,255&fit=bounds&height=&width=",https://www.tropitone.com/materials/fabrics/padded-sling-fabrics-back/89059
89028,Chestnut,Padded Sling Fabrics (Back),,Brown / Bronze / Earth,"https://platform.brownjordan.com/media/catalog/product/8/9/89028_tropitone_large_89a4.jpg?quality=80&bg-color=255,255,255&fit=bounds&height=&width=",https://www.tropitone.com/materials/fabrics/padded-sling-fabrics-back/89028
14346,Royal Blue,Padded Sling Fabrics (Back),,Blue / Navy / Teal,"https://platform.brownjordan.com/media/catalog/product/1/4/14346_tropitone_large_0cbc.jpg?quality=80&bg-color=255,255,255&fit=bounds&height=&width=",https://www.tropitone.com/materials/fabrics/padded-sling-fabrics-back/14346
89148,Pasadena Cobblestone,Padded Sling Fabrics (Back),,Gray / Charcoal,"https://platform.brownjordan.com/media/catalog/product/8/9/89148_tropitone_large_1fb2.jpg?quality=80&bg-color=255,255,255&fit=bounds&height=&width=",https://www.tropitone.com/materials/fabrics/padded-sling-fabrics-back/89148
89029,Ebony,Padded Sling Fabrics (Back),,Black,"https://platform.brownjordan.com/media/catalog/product/8/9/89029_tropitone_large_04f8.jpg?quality=80&bg-color=255,255,255&fit=bounds&height=&width=",https://www.tropitone.com/materials/fabrics/padded-sling-fabrics-back/89029
89025,Cloud,Padded Sling Fabrics (Back),,White / Ivory / Cream,"https://platform.brownjordan.com/media/catalog/product/8/9/89025_tropitone_large_844b.jpg?quality=80&bg-color=255,255,255&fit=bounds&height=&width=",https://www.tropitone.com/materials/fabrics/padded-sling-fabrics-back/89025
89146,Pasadena Navy,Padded Sling Fabrics (Back),,Blue / Navy / Teal,"https://platform.brownjordan.com/media/catalog/product/8/9/89146_tropitone_large_91a5.jpg?quality=80&bg-color=255,255,255&fit=bounds&height=&width=",https://www.tropitone.com/materials/fabrics/padded-sling-fabrics-back/89146
89068,Sodalite,Padded Sling Fabrics (Back),,Blue / Navy / Teal,"https://platform.brownjordan.com/media/catalog/product/8/9/89068_tropitone_large_42cc.jpg?quality=80&bg-color=255,255,255&fit=bounds&height=&width=",https://www.tropitone.com/materials/fabrics/padded-sling-fabrics-back/89068
89055,Aloe Vera,Padded Sling Fabrics (Back),,Green,"https://platform.brownjordan.com/media/catalog/product/8/9/89055_tropitone_large_c00d.jpg?quality=80&bg-color=255,255,255&fit=bounds&height=&width=",https://www.tropitone.com/materials/fabrics/padded-sling-fabrics-back/89055
89143,Galaxite,Padded Sling Fabrics (Back),,Gray / Charcoal,"https://platform.brownjordan.com/media/catalog/product/8/9/89143_tropitone_large_4484.jpg?quality=80&bg-color=255,255,255&fit=bounds&height=&width=",https://www.tropitone.com/materials/fabrics/padded-sling-fabrics-back/89143
20301,Valencia,Padded Sling Fabrics (Back),,Gray / Charcoal,"https://platform.brownjordan.com/media/catalog/product/2/0/20301_tropitone_large_9214.jpg?quality=80&bg-color=255,255,255&fit=bounds&height=&width=",https://www.tropitone.com/materials/fabrics/padded-sling-fabrics-back/20301
17423,Foothills,Padded Sling Fabrics (Back),,Gray / Charcoal,"https://platform.brownjordan.com/media/catalog/product/1/7/17423_tropitone_large_e574.jpg?quality=80&bg-color=255,255,255&fit=bounds&height=&width=",https://www.tropitone.com/materials/fabrics/padded-sling-fabrics-back/17423
37110,Midnight,Padded Sling Fabrics (Back),,Black,"https://platform.brownjordan.com/media/catalog/product/3/7/37110_tropitone_large_b750.jpg?quality=80&bg-color=255,255,255&fit=bounds&height=&width=",https://www.tropitone.com/materials/fabrics/padded-sling-fabrics-back/37110
89131,Charm Tango,Padded Sling Fabrics (Back),,Multi / Pattern,"https://platform.brownjordan.com/media/catalog/product/8/9/89131_tropitone_large_a1e2.jpg?quality=80&bg-color=255,255,255&fit=bounds&height=&width=",https://www.tropitone.com/materials/fabrics/padded-sling-fabrics-back/89131
10399,Waffle Wicker Blue,Padded Sling Fabrics (Back),,Blue / Navy / Teal,"https://platform.brownjordan.com/media/catalog/product/1/0/10399_tropitone_large_50a1.jpg?quality=80&bg-color=255,255,255&fit=bounds&height=&width=",https://www.tropitone.com/materials/fabrics/padded-sling-fabrics-back/10399
89021,Almond,Padded Sling Fabrics (Back),,Beige / Sand / Tan,"https://platform.brownjordan.com/media/catalog/product/8/9/89021_tropitone_large_2f88.jpg?quality=80&bg-color=255,255,255&fit=bounds&height=&width=",https://www.tropitone.com/materials/fabrics/padded-sling-fabrics-back/89021
14204,Blue Sky,Padded Sling Fabrics (Back),,Blue / Navy / Teal,"https://platform.brownjordan.com/media/catalog/product/1/4/14204_tropitone_large_48b8.jpg?quality=80&bg-color=255,255,255&fit=bounds&height=&width=",https://www.tropitone.com/materials/fabrics/padded-sling-fabrics-back/14204
1174,Bogota,Padded Sling Fabrics (Back),,Gray / Charcoal,"https://platform.brownjordan.com/media/catalog/product/1/1/1174_tropitone_large_1f84.jpg?quality=80&bg-color=255,255,255&fit=bounds&height=&width=",https://www.tropitone.com/materials/fabrics/padded-sling-fabrics-back/1174
89026,Platinum Grey,Padded Sling Fabrics (Back),,Gray / Charcoal,"https://platform.brownjordan.com/media/catalog/product/8/9/89026_tropitone_large_60b9.jpg?quality=80&bg-color=255,255,255&fit=bounds&height=&width=",https://www.tropitone.com/materials/fabrics/padded-sling-fabrics-back/89026
89065,Sparrow,Padded Sling Fabrics (Back),,Brown / Bronze / Earth,"https://platform.brownjordan.com/media/catalog/product/8/9/89065_tropitone_large_1b29.jpg?quality=80&bg-color=255,255,255&fit=bounds&height=&width=",https://www.tropitone.com/materials/fabrics/padded-sling-fabrics-back/89065
40330,Caballeros,Padded Sling Fabrics (Back),,Gray / Charcoal,"https://platform.brownjordan.com/media/catalog/product/4/0/40330_tropitone_large_3d03.jpg?quality=80&bg-color=255,255,255&fit=bounds&height=&width=",https://www.tropitone.com/materials/fabrics/padded-sling-fabrics-back/40330
23256,Mountain Stone,Padded Sling Fabrics (Back),,Gray / Charcoal,"https://platform.brownjordan.com/media/catalog/product/2/3/23256_tropitone_large_a403.jpg?quality=80&bg-color=255,255,255&fit=bounds&height=&width=",https://www.tropitone.com/materials/fabrics/padded-sling-fabrics-back/23256
24312,Caribbean Breeze,Padded Sling Fabrics (Back),,Blue / Navy / Teal,"https://platform.brownjordan.com/media/catalog/product/2/4/24312_tropitone_large_337f.jpg?quality=80&bg-color=255,255,255&fit=bounds&height=&width=",https://www.tropitone.com/materials/fabrics/padded-sling-fabrics-back/24312
20273,Lemon Lime,Padded Sling Fabrics (Back),,Yellow / Gold,"https://platform.brownjordan.com/media/catalog/product/2/0/20273_tropitone_large_110f.jpg?quality=80&bg-color=255,255,255&fit=bounds&height=&width=",https://www.tropitone.com/materials/fabrics/padded-sling-fabrics-back/20273
24324,Night River,Padded Sling Fabrics (Back),,Gray / Charcoal,"https://platform.brownjordan.com/media/catalog/product/2/4/24324_tropitone_large_2fc8.jpg?quality=80&bg-color=255,255,255&fit=bounds&height=&width=",https://www.tropitone.com/materials/fabrics/padded-sling-fabrics-back/24324
10325,Coral Bay,Padded Sling Fabrics (Back),,Red / Coral / Pink,"https://platform.brownjordan.com/media/catalog/product/1/0/10325_tropitone_large_cca1.jpg?quality=80&bg-color=255,255,255&fit=bounds&height=&width=",https://www.tropitone.com/materials/fabrics/padded-sling-fabrics-back/10325
39105,Breezeway,Padded Sling Fabrics (Back),,Gray / Charcoal,"https://platform.brownjordan.com/media/catalog/product/3/9/39105_tropitone_large_add0.jpg?quality=80&bg-color=255,255,255&fit=bounds&height=&width=",https://www.tropitone.com/materials/fabrics/padded-sling-fabrics-back/39105
23255,Dark Carbon,Padded Sling Fabrics (Back),,Gray / Charcoal,"https://platform.brownjordan.com/media/catalog/product/2/3/23255_tropitone_large_7cc6.jpg?quality=80&bg-color=255,255,255&fit=bounds&height=&width=",https://www.tropitone.com/materials/fabrics/padded-sling-fabrics-back/23255
11233,Corniche,Padded Sling Fabrics (Back),,Beige / Sand / Tan,"https://platform.brownjordan.com/media/catalog/product/1/1/11233_tropitone_large_636e.jpg?quality=80&bg-color=255,255,255&fit=bounds&height=&width=",https://www.tropitone.com/materials/fabrics/padded-sling-fabrics-back/11233
89056,Atoll,Padded Sling Fabrics (Back),,Blue / Navy / Teal,"https://platform.brownjordan.com/media/catalog/product/8/9/89056_tropitone_large_e62e.jpg?quality=80&bg-color=255,255,255&fit=bounds&height=&width=",https://www.tropitone.com/materials/fabrics/padded-sling-fabrics-back/89056
12344,Silver Spoon,Padded Sling Fabrics (Back),,Gray / Charcoal,"https://platform.brownjordan.com/media/catalog/product/1/2/12344_tropitone_large_7856.jpg?quality=80&bg-color=255,255,255&fit=bounds&height=&width=",https://www.tropitone.com/materials/fabrics/padded-sling-fabrics-back/12344
89137,Smokey Quartz,Padded Sling Fabrics (Back),,Gray / Charcoal,"https://platform.brownjordan.com/media/catalog/product/8/9/89137_tropitone_large_e366.jpg?quality=80&bg-color=255,255,255&fit=bounds&height=&width=",https://www.tropitone.com/materials/fabrics/padded-sling-fabrics-back/89137
89132,Napa Batik Blue,Padded Sling Fabrics (Back),,Blue / Navy / Teal,"https://platform.brownjordan.com/media/catalog/product/8/9/89132_tropitone_large_82a3.jpg?quality=80&bg-color=255,255,255&fit=bounds&height=&width=",https://www.tropitone.com/materials/fabrics/padded-sling-fabrics-back/89132
17418,Carbonite,Padded Sling Fabrics (Back),,Gray / Charcoal,"https://platform.brownjordan.com/media/catalog/product/1/7/17418_tropitone_large_828c.jpg?quality=80&bg-color=255,255,255&fit=bounds&height=&width=",https://www.tropitone.com/materials/fabrics/padded-sling-fabrics-back/17418
89030,Peacock,Padded Sling Fabrics (Back),,Blue / Navy / Teal,"https://platform.brownjordan.com/media/catalog/product/8/9/89030_tropitone_large_35c2.jpg?quality=80&bg-color=255,255,255&fit=bounds&height=&width=",https://www.tropitone.com/materials/fabrics/padded-sling-fabrics-back/89030
89147,Pasadena Grey Topaz,Padded Sling Fabrics (Back),,Gray / Charcoal,"https://platform.brownjordan.com/media/catalog/product/8/9/89147_tropitone_large_43cf.jpg?quality=80&bg-color=255,255,255&fit=bounds&height=&width=",https://www.tropitone.com/materials/fabrics/padded-sling-fabrics-back/89147
29323,Pepperwood,Padded Sling Fabrics (Back),,Gray / Charcoal,"https://platform.brownjordan.com/media/catalog/product/2/9/29323_tropitone_large_1226.jpg?quality=80&bg-color=255,255,255&fit=bounds&height=&width=",https://www.tropitone.com/materials/fabrics/padded-sling-fabrics-back/29323
89140,Satelite,Padded Sling Fabrics (Back),,Gray / Charcoal,"https://platform.brownjordan.com/media/catalog/product/8/9/89140_tropitone_large_1ecb.jpg?quality=80&bg-color=255,255,255&fit=bounds&height=&width=",https://www.tropitone.com/materials/fabrics/padded-sling-fabrics-back/89140
89149,Madras Tweed Niko,Padded Sling Fabrics (Back),,Multi / Pattern,"https://platform.brownjordan.com/media/catalog/product/8/9/89149_tropitone_large_f1b7.jpg?quality=80&bg-color=255,255,255&fit=bounds&height=&width=",https://www.tropitone.com/materials/fabrics/padded-sling-fabrics-back/89149
41118,Seagull,Padded Sling Fabrics (Back),,Gray / Charcoal,"https://platform.brownjordan.com/media/catalog/product/4/1/41118_tropitone_large_9e01.jpg?quality=80&bg-color=255,255,255&fit=bounds&height=&width=",https://www.tropitone.com/materials/fabrics/padded-sling-fabrics-back/41118
10321,Rincon,Padded Sling Fabrics (Back),,Beige / Sand / Tan,"https://platform.brownjordan.com/media/catalog/product/1/0/10321_tropitone_large_89ca.jpg?quality=80&bg-color=255,255,255&fit=bounds&height=&width=",https://www.tropitone.com/materials/fabrics/padded-sling-fabrics-back/10321
11309,Metallica,Padded Sling Fabrics (Back),,Gray / Charcoal,"https://platform.brownjordan.com/media/catalog/product/1/1/11309_tropitone_large_9ea4.jpg?quality=80&bg-color=255,255,255&fit=bounds&height=&width=",https://www.tropitone.com/materials/fabrics/padded-sling-fabrics-back/11309
89150,Madras Tweed Blueprint,Padded Sling Fabrics (Back),,Multi / Pattern,"https://platform.brownjordan.com/media/catalog/product/8/9/89150_tropitone_large_b722.jpg?quality=80&bg-color=255,255,255&fit=bounds&height=&width=",https://www.tropitone.com/materials/fabrics/padded-sling-fabrics-back/89150
89145,Pyrite,Padded Sling Fabrics (Back),,Gray / Charcoal,"https://platform.brownjordan.com/media/catalog/product/8/9/89145_tropitone_large_ab6c.jpg?quality=80&bg-color=255,255,255&fit=bounds&height=&width=",https://www.tropitone.com/materials/fabrics/padded-sling-fabrics-back/89145
27523,Wintermoor,Padded Sling Fabrics (Back),,Gray / Charcoal,"https://platform.brownjordan.com/media/catalog/product/2/7/27523_tropitone_large_e43d.jpg?quality=80&bg-color=255,255,255&fit=bounds&height=&width=",https://www.tropitone.com/materials/fabrics/padded-sling-fabrics-back/27523
10272,Blue Lagoon,Padded Sling Fabrics (Back),,Blue / Navy / Teal,"https://platform.brownjordan.com/media/catalog/product/1/0/10272_tropitone_large_8cbf.jpg?quality=80&bg-color=255,255,255&fit=bounds&height=&width=",https://www.tropitone.com/materials/fabrics/padded-sling-fabrics-back/10272
89136,Jasper,Padded Sling Fabrics (Back),,Brown / Bronze / Earth,"https://platform.brownjordan.com/media/catalog/product/8/9/89136_tropitone_large_7a5f.jpg?quality=80&bg-color=255,255,255&fit=bounds&height=&width=",https://www.tropitone.com/materials/fabrics/padded-sling-fabrics-back/89136
12327,Watercolor Tweed,Padded Sling Fabrics (Back),,Multi / Pattern,"https://platform.brownjordan.com/media/catalog/product/1/2/12327_tropitone_large_b9b4.jpg?quality=80&bg-color=255,255,255&fit=bounds&height=&width=",https://www.tropitone.com/materials/fabrics/padded-sling-fabrics-back/12327
12360,Mia II,Padded Sling Fabrics (Back),,Black,"https://platform.brownjordan.com/media/catalog/product/1/2/12360_tropitone_large_c012.jpg?quality=80&bg-color=255,255,255&fit=bounds&height=&width=",https://www.tropitone.com/materials/fabrics/padded-sling-fabrics-back/12360
89054,Mica,Padded Sling Fabrics (Back),,Gray / Charcoal,"https://platform.brownjordan.com/media/catalog/product/8/9/89054_tropitone_large_cec7.jpg?quality=80&bg-color=255,255,255&fit=bounds&height=&width=",https://www.tropitone.com/materials/fabrics/padded-sling-fabrics-back/89054
27519,Mossy Bark,Padded Sling Fabrics (Back),,Gray / Charcoal,"https://platform.brownjordan.com/media/catalog/product/2/7/27519_tropitone_large_fab5.jpg?quality=80&bg-color=255,255,255&fit=bounds&height=&width=",https://www.tropitone.com/materials/fabrics/padded-sling-fabrics-back/27519
17415,Deep Woods,Padded Sling Fabrics (Back),,Black,"https://platform.brownjordan.com/media/catalog/product/1/7/17415_tropitone_large_b873.jpg?quality=80&bg-color=255,255,255&fit=bounds&height=&width=",https://www.tropitone.com/materials/fabrics/padded-sling-fabrics-back/17415
89060,Ladybird,Padded Sling Fabrics (Back),,Red / Coral / Pink,"https://platform.brownjordan.com/media/catalog/product/8/9/89060_tropitone_large_2e17.jpg?quality=80&bg-color=255,255,255&fit=bounds&height=&width=",https://www.tropitone.com/materials/fabrics/padded-sling-fabrics-back/89060
17417,Facets,Padded Sling Fabrics (Back),,Gray / Charcoal,"https://platform.brownjordan.com/media/catalog/product/1/7/17417_tropitone_large_cab4.jpg?quality=80&bg-color=255,255,255&fit=bounds&height=&width=",https://www.tropitone.com/materials/fabrics/padded-sling-fabrics-back/17417
89061,Birch,Padded Sling Fabrics (Back),,Beige / Sand / Tan,"https://platform.brownjordan.com/media/catalog/product/8/9/89061_tropitone_large_eacb.jpg?quality=80&bg-color=255,255,255&fit=bounds&height=&width=",https://www.tropitone.com/materials/fabrics/padded-sling-fabrics-back/89061
23257,Glamis Dunes,Padded Sling Fabrics (Back),,Gray / Charcoal,"https://platform.brownjordan.com/media/catalog/product/2/3/23257_tropitone_large_b9d9.jpg?quality=80&bg-color=255,255,255&fit=bounds&height=&width=",https://www.tropitone.com/materials/fabrics/padded-sling-fabrics-back/23257
89023,Raffia,Padded Sling Fabrics (Back),,White / Ivory / Cream,"https://platform.brownjordan.com/media/catalog/product/8/9/89023_tropitone_large_65c3.jpg?quality=80&bg-color=255,255,255&fit=bounds&height=&width=",https://www.tropitone.com/materials/fabrics/padded-sling-fabrics-back/89023
27520,Westlands,Padded Sling Fabrics (Back),,Gray / Charcoal,"https://platform.brownjordan.com/media/catalog/product/2/7/27520_tropitone_large_369a.jpg?quality=80&bg-color=255,255,255&fit=bounds&height=&width=",https://www.tropitone.com/materials/fabrics/padded-sling-fabrics-back/27520
27515,Cafe,Padded Sling Fabrics (Back),,Gray / Charcoal,"https://platform.brownjordan.com/media/catalog/product/2/7/27515_tropitone_large_b504.jpg?quality=80&bg-color=255,255,255&fit=bounds&height=&width=",https://www.tropitone.com/materials/fabrics/padded-sling-fabrics-back/27515
15110,Rosetta Stone,Padded Sling Fabrics (Back),,Gray / Charcoal,"https://platform.brownjordan.com/media/catalog/product/1/5/15110_tropitone_large_bad9.jpg?quality=80&bg-color=255,255,255&fit=bounds&height=&width=",https://www.tropitone.com/materials/fabrics/padded-sling-fabrics-back/15110
29134,Gaviota,Padded Sling Fabrics (Back),,Black,"https://platform.brownjordan.com/media/catalog/product/2/9/29134_tropitone_large_19bd.jpg?quality=80&bg-color=255,255,255&fit=bounds&height=&width=",https://www.tropitone.com/materials/fabrics/padded-sling-fabrics-back/29134
11370,Gold Coast,Padded Sling Fabrics (Back),,Yellow / Gold,"https://platform.brownjordan.com/media/catalog/product/1/1/11370_tropitone_large_17d7.jpg?quality=80&bg-color=255,255,255&fit=bounds&height=&width=",https://www.tropitone.com/materials/fabrics/padded-sling-fabrics-back/11370
89067,Dark Night,Padded Sling Fabrics (Back),,Gray / Charcoal,"https://platform.brownjordan.com/media/catalog/product/8/9/89067_tropitone_large_8ead.jpg?quality=80&bg-color=255,255,255&fit=bounds&height=&width=",https://www.tropitone.com/materials/fabrics/padded-sling-fabrics-back/89067
13268,Gray Gate,Padded Sling Fabrics (Back),,Gray / Charcoal,"https://platform.brownjordan.com/media/catalog/product/1/3/13268_tropitone_large_f4f8.jpg?quality=80&bg-color=255,255,255&fit=bounds&height=&width=",https://www.tropitone.com/materials/fabrics/padded-sling-fabrics-back/13268
18303,Sutter,Padded Sling Fabrics (Back),,Gray / Charcoal,"https://platform.brownjordan.com/media/catalog/product/1/8/18303_tropitone_large_f7e8.jpg?quality=80&bg-color=255,255,255&fit=bounds&height=&width=",https://www.tropitone.com/materials/fabrics/padded-sling-fabrics-back/18303
89142,Moss,Padded Sling Fabrics (Back),,Green,"https://platform.brownjordan.com/media/catalog/product/8/9/89142_tropitone_large_d550.jpg?quality=80&bg-color=255,255,255&fit=bounds&height=&width=",https://www.tropitone.com/materials/fabrics/padded-sling-fabrics-back/89142
13381,Sparkling Water,Padded Sling Fabrics (Back),,Beige / Sand / Tan,"https://platform.brownjordan.com/media/catalog/product/1/3/13381_tropitone_large_3ae9.jpg?quality=80&bg-color=255,255,255&fit=bounds&height=&width=",https://www.tropitone.com/materials/fabrics/padded-sling-fabrics-back/13381
12326,Twilight,Padded Sling Fabrics (Back),,Black,"https://platform.brownjordan.com/media/catalog/product/1/2/12326_tropitone_large_e59f.jpg?quality=80&bg-color=255,255,255&fit=bounds&height=&width=",https://www.tropitone.com/materials/fabrics/padded-sling-fabrics-back/12326
89057,Duck,Padded Sling Fabrics (Back),,Green,"https://platform.brownjordan.com/media/catalog/product/8/9/89057_tropitone_large_7005.jpg?quality=80&bg-color=255,255,255&fit=bounds&height=&width=",https://www.tropitone.com/materials/fabrics/padded-sling-fabrics-back/89057
20325,Mariner,Padded Sling Fabrics (Back),,Gray / Charcoal,"https://platform.brownjordan.com/media/catalog/product/2/0/20325_tropitone_large_b10b.jpg?quality=80&bg-color=255,255,255&fit=bounds&height=&width=",https://www.tropitone.com/materials/fabrics/padded-sling-fabrics-back/20325
89062,Spring,Padded Sling Fabrics (Back),,Green,"https://platform.brownjordan.com/media/catalog/product/8/9/89062_tropitone_large_f606.jpg?quality=80&bg-color=255,255,255&fit=bounds&height=&width=",https://www.tropitone.com/materials/fabrics/padded-sling-fabrics-back/89062
89069,Beige Grey,Padded Sling Fabrics (Back),,Beige / Sand / Tan,"https://platform.brownjordan.com/media/catalog/product/8/9/89069_tropitone_large_4f51.jpg?quality=80&bg-color=255,255,255&fit=bounds&height=&width=",https://www.tropitone.com/materials/fabrics/padded-sling-fabrics-back/89069
89024,Mist,Padded Sling Fabrics (Back),,Gray / Charcoal,"https://platform.brownjordan.com/media/catalog/product/8/9/89024_tropitone_large_d608.jpg?quality=80&bg-color=255,255,255&fit=bounds&height=&width=",https://www.tropitone.com/materials/fabrics/padded-sling-fabrics-back/89024
17419,Pathway,Padded Sling Fabrics (Back),,Gray / Charcoal,"https://platform.brownjordan.com/media/catalog/product/1/7/17419_tropitone_large_e2e8.jpg?quality=80&bg-color=255,255,255&fit=bounds&height=&width=",https://www.tropitone.com/materials/fabrics/padded-sling-fabrics-back/17419
15223,Skyline Steel,Padded Sling Fabrics (Back),,Black,"https://platform.brownjordan.com/media/catalog/product/1/5/15223_tropitone_large_41c6.jpg?quality=80&bg-color=255,255,255&fit=bounds&height=&width=",https://www.tropitone.com/materials/fabrics/padded-sling-fabrics-back/15223
19210,Cape Cove,Padded Sling Fabrics (Back),,Gray / Charcoal,"https://platform.brownjordan.com/media/catalog/product/1/9/19210_tropitone_large_d896.jpg?quality=80&bg-color=255,255,255&fit=bounds&height=&width=",https://www.tropitone.com/materials/fabrics/padded-sling-fabrics-back/19210
89022,Snow,Padded Sling Fabrics (Back),,White / Ivory / Cream,"https://platform.brownjordan.com/media/catalog/product/8/9/89022_tropitone_large_56be.jpg?quality=80&bg-color=255,255,255&fit=bounds&height=&width=",https://www.tropitone.com/materials/fabrics/padded-sling-fabrics-back/89022
89027,Slate,Padded Sling Fabrics (Back),,Gray / Charcoal,"https://platform.brownjordan.com/media/catalog/product/8/9/89027_tropitone_large_6b3f.jpg?quality=80&bg-color=255,255,255&fit=bounds&height=&width=",https://www.tropitone.com/materials/fabrics/padded-sling-fabrics-back/89027
89058,Orange,Padded Sling Fabrics (Back),,Orange / Rust,"https://platform.brownjordan.com/media/catalog/product/8/9/89058_tropitone_large_31b6.jpg?quality=80&bg-color=255,255,255&fit=bounds&height=&width=",https://www.tropitone.com/materials/fabrics/padded-sling-fabrics-back/89058
12340,Polo Blue,Padded Sling Fabrics (Back),,Blue / Navy / Teal,"https://platform.brownjordan.com/media/catalog/product/1/2/12340_tropitone_large_14a8.jpg?quality=80&bg-color=255,255,255&fit=bounds&height=&width=",https://www.tropitone.com/materials/fabrics/padded-sling-fabrics-back/12340
1176,Caracas,Padded Sling Fabrics (Back),,Black,"https://platform.brownjordan.com/media/catalog/product/1/1/1176_tropitone_large_a90f.jpg?quality=80&bg-color=255,255,255&fit=bounds&height=&width=",https://www.tropitone.com/materials/fabrics/padded-sling-fabrics-back/1176
1131,Forest Hills,Padded Sling Fabrics (Back),,Green,"https://platform.brownjordan.com/media/catalog/product/1/1/1131_tropitone_large_53cb.jpg?quality=80&bg-color=255,255,255&fit=bounds&height=&width=",https://www.tropitone.com/materials/fabrics/padded-sling-fabrics-back/1131
1183,Winchester,Padded Sling Fabrics (Back),,Beige / Sand / Tan,"https://platform.brownjordan.com/media/catalog/product/1/1/1183_tropitone_large_30f5.jpg?quality=80&bg-color=255,255,255&fit=bounds&height=&width=",https://www.tropitone.com/materials/fabrics/padded-sling-fabrics-back/1183
89032,Cherry,Padded Sling Fabrics (Back),,Red / Coral / Pink,"https://platform.brownjordan.com/media/catalog/product/8/9/89032_tropitone_large_b5ef.jpg?quality=80&bg-color=255,255,255&fit=bounds&height=&width=",https://www.tropitone.com/materials/fabrics/padded-sling-fabrics-back/89032
89063,Basalt,Padded Sling Fabrics (Back),,Gray / Charcoal,"https://platform.brownjordan.com/media/catalog/product/8/9/89063_tropitone_large_44ad.jpg?quality=80&bg-color=255,255,255&fit=bounds&height=&width=",https://www.tropitone.com/materials/fabrics/padded-sling-fabrics-back/89063
89144,Onyx,Padded Sling Fabrics (Back),,Black,"https://platform.brownjordan.com/media/catalog/product/8/9/89144_tropitone_large_ef13.jpg?quality=80&bg-color=255,255,255&fit=bounds&height=&width=",https://www.tropitone.com/materials/fabrics/padded-sling-fabrics-back/89144
89031,Buttercup,Padded Sling Fabrics (Back),,Orange / Rust,"https://platform.brownjordan.com/media/catalog/product/8/9/89031_tropitone_large_1b01.jpg?quality=80&bg-color=255,255,255&fit=bounds&height=&width=",https://www.tropitone.com/materials/fabrics/padded-sling-fabrics-back/89031
89151,Madras Tweed Caramel,Padded Sling Fabrics (Back),,Multi / Pattern,"https://platform.brownjordan.com/media/catalog/product/8/9/89151_tropitone_large_bb7b.jpg?quality=80&bg-color=255,255,255&fit=bounds&height=&width=",https://www.tropitone.com/materials/fabrics/padded-sling-fabrics-back/89151
89138,Cobalt,Padded Sling Fabrics (Back),,Blue / Navy / Teal,"https://platform.brownjordan.com/media/catalog/product/8/9/89138_tropitone_large_fc5d.jpg?quality=80&bg-color=255,255,255&fit=bounds&height=&width=",https://www.tropitone.com/materials/fabrics/padded-sling-fabrics-back/89138
29321,Cobble Stone,Padded Sling Fabrics (Back),,Gray / Charcoal,"https://platform.brownjordan.com/media/catalog/product/2/9/29321_tropitone_large_4c5a.jpg?quality=80&bg-color=255,255,255&fit=bounds&height=&width=",https://www.tropitone.com/materials/fabrics/padded-sling-fabrics-back/29321
19209,Champagne,Padded Sling Fabrics (Back),,Beige / Sand / Tan,"https://platform.brownjordan.com/media/catalog/product/1/9/19209_tropitone_large_cd9e.jpg?quality=80&bg-color=255,255,255&fit=bounds&height=&width=",https://www.tropitone.com/materials/fabrics/padded-sling-fabrics-back/19209
14302,Indigo Path,Padded Sling Fabrics (Back),,Blue / Navy / Teal,"https://platform.brownjordan.com/media/catalog/product/1/4/14302_tropitone_large_8a49.jpg?quality=80&bg-color=255,255,255&fit=bounds&height=&width=",https://www.tropitone.com/materials/fabrics/padded-sling-fabrics-back/14302
1186,Noir,Padded Sling Fabrics (Back),,Black,"https://platform.brownjordan.com/media/catalog/product/1/1/1186_tropitone_large_688d.jpg?quality=80&bg-color=255,255,255&fit=bounds&height=&width=",https://www.tropitone.com/materials/fabrics/padded-sling-fabrics-back/1186
61176,Chinchilla Spa,Cushion Fabrics,,Gray / Charcoal,"https://platform.brownjordan.com/media/catalog/product/C/h/ChinchillaSpa_61176_Swatch_12inX12in_c68c.jpg?quality=80&bg-color=255,255,255&fit=bounds&height=&width=",https://www.tropitone.com/materials/fabrics/cushion-fabrics/61176
61191,Hayden Grey,Cushion Fabrics,,Gray / Charcoal,"https://platform.brownjordan.com/media/catalog/product/H/a/HaydenGrey_61191_Swatch_12inX12in_a885.jpg?quality=80&bg-color=255,255,255&fit=bounds&height=&width=",https://www.tropitone.com/materials/fabrics/cushion-fabrics/61191
61184,Zenith Oatmeal,Cushion Fabrics,,Beige / Sand / Tan,"https://platform.brownjordan.com/media/catalog/product/Z/e/ZenithOatmeal_61184_Swatch_12inX12in_2c34.jpg?quality=80&bg-color=255,255,255&fit=bounds&height=&width=",https://www.tropitone.com/materials/fabrics/cushion-fabrics/61184
61175,Chinchilla Granite,Cushion Fabrics,,Gray / Charcoal,"https://platform.brownjordan.com/media/catalog/product/C/h/ChinchillaGranite_61175_Swatch_12inX12in_b9dd.jpg?quality=80&bg-color=255,255,255&fit=bounds&height=&width=",https://www.tropitone.com/materials/fabrics/cushion-fabrics/61175
61173,Chinchilla Navy,Cushion Fabrics,,Blue / Navy / Teal,"https://platform.brownjordan.com/media/catalog/product/C/h/ChinchillaNavy_61173_Swatch_12inX12in_b15f.jpg?quality=80&bg-color=255,255,255&fit=bounds&height=&width=",https://www.tropitone.com/materials/fabrics/cushion-fabrics/61173
61189,Big Idea Steel,Cushion Fabrics,,Black,"https://platform.brownjordan.com/media/catalog/product/B/i/BigIdeaSteel_61189_Swatch_12inX12in_9436.jpg?quality=80&bg-color=255,255,255&fit=bounds&height=&width=",https://www.tropitone.com/materials/fabrics/cushion-fabrics/61189
61183,Hayden Linen,Cushion Fabrics,,White / Ivory / Cream,"https://platform.brownjordan.com/media/catalog/product/H/a/HaydenLinen_61183_Swatch_12inX12in_9723.jpg?quality=80&bg-color=255,255,255&fit=bounds&height=&width=",https://www.tropitone.com/materials/fabrics/cushion-fabrics/61183
61188,Big Idea Indigo,Cushion Fabrics,,Blue / Navy / Teal,"https://platform.brownjordan.com/media/catalog/product/B/i/BigIdeaIndigo_61188_Swatch_12inX12in_9021.jpg?quality=80&bg-color=255,255,255&fit=bounds&height=&width=",https://www.tropitone.com/materials/fabrics/cushion-fabrics/61188
61180,Hayden Taupe,Cushion Fabrics,,White / Ivory / Cream,"https://platform.brownjordan.com/media/catalog/product/H/a/HaydenTaupe_61180_Swatch_12inX12in_dcae.jpg?quality=80&bg-color=255,255,255&fit=bounds&height=&width=",https://www.tropitone.com/materials/fabrics/cushion-fabrics/61180
61185,Muscle Beach Stone,Cushion Fabrics,,Gray / Charcoal,"https://platform.brownjordan.com/media/catalog/product/M/u/MuscleBeachStone_61185_Swatch_12inX12in_352c.jpg?quality=80&bg-color=255,255,255&fit=bounds&height=&width=",https://www.tropitone.com/materials/fabrics/cushion-fabrics/61185
61178,Chinchilla Storm,Cushion Fabrics,,Beige / Sand / Tan,"https://platform.brownjordan.com/media/catalog/product/C/h/ChinchillaStorm_61178_Swatch_12inX12in_ff40.jpg?quality=80&bg-color=255,255,255&fit=bounds&height=&width=",https://www.tropitone.com/materials/fabrics/cushion-fabrics/61178
61187,Muscle Beach Navy,Cushion Fabrics,,Blue / Navy / Teal,"https://platform.brownjordan.com/media/catalog/product/M/u/MuscleBeachNavy_61187_Swatch_12inX12in_cd16.jpg?quality=80&bg-color=255,255,255&fit=bounds&height=&width=",https://www.tropitone.com/materials/fabrics/cushion-fabrics/61187
61174,Chinchilla Cream,Cushion Fabrics,,White / Ivory / Cream,"https://platform.brownjordan.com/media/catalog/product/C/h/ChinchillaCream_61174_Swatch_12inX12in_1aae.jpg?quality=80&bg-color=255,255,255&fit=bounds&height=&width=",https://www.tropitone.com/materials/fabrics/cushion-fabrics/61174
61186,Muscle Beach Grey,Cushion Fabrics,,Gray / Charcoal,"https://platform.brownjordan.com/media/catalog/product/M/u/MuscleBeachGrey_61186_Swatch_12inX12in_a8c3.jpg?quality=80&bg-color=255,255,255&fit=bounds&height=&width=",https://www.tropitone.com/materials/fabrics/cushion-fabrics/61186
61177,Chinchilla Marble,Cushion Fabrics,,White / Ivory / Cream,"https://platform.brownjordan.com/media/catalog/product/C/h/ChinchillaMarble_61177_Swatch_12inX12in_afdd.jpg?quality=80&bg-color=255,255,255&fit=bounds&height=&width=",https://www.tropitone.com/materials/fabrics/cushion-fabrics/61177
61170,Chinchilla Aqua,Cushion Fabrics,,Gray / Charcoal,"https://platform.brownjordan.com/media/catalog/product/C/h/ChinchillaAqua_61170_Swatch_12inX12in_0a52.jpg?quality=80&bg-color=255,255,255&fit=bounds&height=&width=",https://www.tropitone.com/materials/fabrics/cushion-fabrics/61170
61172,Chinchilla Willow,Cushion Fabrics,,Gray / Charcoal,"https://platform.brownjordan.com/media/catalog/product/C/h/ChinchillaWillow_61172_Swatch_12inX12in_bd73.jpg?quality=80&bg-color=255,255,255&fit=bounds&height=&width=",https://www.tropitone.com/materials/fabrics/cushion-fabrics/61172
61190,Big Idea Tweed,Cushion Fabrics,,Multi / Pattern,"https://platform.brownjordan.com/media/catalog/product/B/i/BigIdeaTweed_61190_Swatch_12inX12in_36af.jpg?quality=80&bg-color=255,255,255&fit=bounds&height=&width=",https://www.tropitone.com/materials/fabrics/cushion-fabrics/61190
61179,Falcon Spa,Cushion Fabrics,,Beige / Sand / Tan,"https://platform.brownjordan.com/media/catalog/product/F/a/FalconSpa_61179_Swatch_12inX12in_43d7.jpg?quality=80&bg-color=255,255,255&fit=bounds&height=&width=",https://www.tropitone.com/materials/fabrics/cushion-fabrics/61179
61182,Zenith Linen,Cushion Fabrics,,White / Ivory / Cream,"https://platform.brownjordan.com/media/catalog/product/Z/e/ZenithLinen_61182_Swatch_12inX12in_5980.jpg?quality=80&bg-color=255,255,255&fit=bounds&height=&width=",https://www.tropitone.com/materials/fabrics/cushion-fabrics/61182
61171,Chinchilla Blue,Cushion Fabrics,,Blue / Navy / Teal,"https://platform.brownjordan.com/media/catalog/product/C/h/ChinchillaBlue_61171_Swatch_12inX12in_d10a.jpg?quality=80&bg-color=255,255,255&fit=bounds&height=&width=",https://www.tropitone.com/materials/fabrics/cushion-fabrics/61171
61181,Big Idea Flax,Cushion Fabrics,,Beige / Sand / Tan,"https://platform.brownjordan.com/media/catalog/product/B/i/BigIdeaFlax_61181_Swatch_12inX12in_779d.jpg?quality=80&bg-color=255,255,255&fit=bounds&height=&width=",https://www.tropitone.com/materials/fabrics/cushion-fabrics/61181
61168,Seascape,Cushion Fabrics,,Gray / Charcoal,"https://platform.brownjordan.com/media/catalog/product/6/1/61168_seascape_8b69.jpg?quality=80&bg-color=255,255,255&fit=bounds&height=&width=",https://www.tropitone.com/materials/fabrics/cushion-fabrics/61168
61167,Luxe Black,Cushion Fabrics,,Black,"https://platform.brownjordan.com/media/catalog/product/6/1/61167_luxe_black_59fd.jpg?quality=80&bg-color=255,255,255&fit=bounds&height=&width=",https://www.tropitone.com/materials/fabrics/cushion-fabrics/61167
61166,Sage Blue,Cushion Fabrics,,Green,"https://platform.brownjordan.com/media/catalog/product/6/1/61166_sage_blue_4133.jpg?quality=80&bg-color=255,255,255&fit=bounds&height=&width=",https://www.tropitone.com/materials/fabrics/cushion-fabrics/61166
61165,White Hot,Cushion Fabrics,,White / Ivory / Cream,"https://platform.brownjordan.com/media/catalog/product/6/1/61165_whitehot_1839.jpg?quality=80&bg-color=255,255,255&fit=bounds&height=&width=",https://www.tropitone.com/materials/fabrics/cushion-fabrics/61165
89066,Evergreen,Cushion Fabrics,,Green,"https://platform.brownjordan.com/media/catalog/product/8/9/89066_tropitone_large_bee0.jpg?quality=80&bg-color=255,255,255&fit=bounds&height=&width=",https://www.tropitone.com/materials/fabrics/cushion-fabrics/89066
10276,Poppy Red,Cushion Fabrics,,Red / Coral / Pink,"https://platform.brownjordan.com/media/catalog/product/1/0/10276_tropitone_large_e3fc.jpg?quality=80&bg-color=255,255,255&fit=bounds&height=&width=",https://www.tropitone.com/materials/fabrics/cushion-fabrics/10276
12334,Calistoga,Cushion Fabrics,,Multi / Pattern,"https://platform.brownjordan.com/media/catalog/product/1/2/12334_tropitone_large_1015.jpg?quality=80&bg-color=255,255,255&fit=bounds&height=&width=",https://www.tropitone.com/materials/fabrics/cushion-fabrics/12334
89059,Caramel,Cushion Fabrics,,Brown / Bronze / Earth,"https://platform.brownjordan.com/media/catalog/product/8/9/89059_tropitone_large_0bd3.jpg?quality=80&bg-color=255,255,255&fit=bounds&height=&width=",https://www.tropitone.com/materials/fabrics/cushion-fabrics/89059
89028,Chestnut,Cushion Fabrics,,Brown / Bronze / Earth,"https://platform.brownjordan.com/media/catalog/product/8/9/89028_tropitone_large_89a4.jpg?quality=80&bg-color=255,255,255&fit=bounds&height=&width=",https://www.tropitone.com/materials/fabrics/cushion-fabrics/89028
14346,Royal Blue,Cushion Fabrics,,Blue / Navy / Teal,"https://platform.brownjordan.com/media/catalog/product/1/4/14346_tropitone_large_0cbc.jpg?quality=80&bg-color=255,255,255&fit=bounds&height=&width=",https://www.tropitone.com/materials/fabrics/cushion-fabrics/14346
89148,Pasadena Cobblestone,Cushion Fabrics,,Gray / Charcoal,"https://platform.brownjordan.com/media/catalog/product/8/9/89148_tropitone_large_1fb2.jpg?quality=80&bg-color=255,255,255&fit=bounds&height=&width=",https://www.tropitone.com/materials/fabrics/cushion-fabrics/89148
89029,Ebony,Cushion Fabrics,,Black,"https://platform.brownjordan.com/media/catalog/product/8/9/89029_tropitone_large_04f8.jpg?quality=80&bg-color=255,255,255&fit=bounds&height=&width=",https://www.tropitone.com/materials/fabrics/cushion-fabrics/89029
89025,Cloud,Cushion Fabrics,,White / Ivory / Cream,"https://platform.brownjordan.com/media/catalog/product/8/9/89025_tropitone_large_844b.jpg?quality=80&bg-color=255,255,255&fit=bounds&height=&width=",https://www.tropitone.com/materials/fabrics/cushion-fabrics/89025
89146,Pasadena Navy,Cushion Fabrics,,Blue / Navy / Teal,"https://platform.brownjordan.com/media/catalog/product/8/9/89146_tropitone_large_91a5.jpg?quality=80&bg-color=255,255,255&fit=bounds&height=&width=",https://www.tropitone.com/materials/fabrics/cushion-fabrics/89146
89068,Sodalite,Cushion Fabrics,,Blue / Navy / Teal,"https://platform.brownjordan.com/media/catalog/product/8/9/89068_tropitone_large_42cc.jpg?quality=80&bg-color=255,255,255&fit=bounds&height=&width=",https://www.tropitone.com/materials/fabrics/cushion-fabrics/89068
89055,Aloe Vera,Cushion Fabrics,,Green,"https://platform.brownjordan.com/media/catalog/product/8/9/89055_tropitone_large_c00d.jpg?quality=80&bg-color=255,255,255&fit=bounds&height=&width=",https://www.tropitone.com/materials/fabrics/cushion-fabrics/89055
89143,Galaxite,Cushion Fabrics,,Gray / Charcoal,"https://platform.brownjordan.com/media/catalog/product/8/9/89143_tropitone_large_4484.jpg?quality=80&bg-color=255,255,255&fit=bounds&height=&width=",https://www.tropitone.com/materials/fabrics/cushion-fabrics/89143
20301,Valencia,Cushion Fabrics,,Gray / Charcoal,"https://platform.brownjordan.com/media/catalog/product/2/0/20301_tropitone_large_9214.jpg?quality=80&bg-color=255,255,255&fit=bounds&height=&width=",https://www.tropitone.com/materials/fabrics/cushion-fabrics/20301
17423,Foothills,Cushion Fabrics,,Gray / Charcoal,"https://platform.brownjordan.com/media/catalog/product/1/7/17423_tropitone_large_e574.jpg?quality=80&bg-color=255,255,255&fit=bounds&height=&width=",https://www.tropitone.com/materials/fabrics/cushion-fabrics/17423
37110,Midnight,Cushion Fabrics,,Black,"https://platform.brownjordan.com/media/catalog/product/3/7/37110_tropitone_large_b750.jpg?quality=80&bg-color=255,255,255&fit=bounds&height=&width=",https://www.tropitone.com/materials/fabrics/cushion-fabrics/37110
12331,Palmer,Cushion Fabrics,,Green,"https://platform.brownjordan.com/media/catalog/product/1/2/12331_tropitone_large_2221.jpg?quality=80&bg-color=255,255,255&fit=bounds&height=&width=",https://www.tropitone.com/materials/fabrics/cushion-fabrics/12331
89131,Charm Tango,Cushion Fabrics,,Multi / Pattern,"https://platform.brownjordan.com/media/catalog/product/8/9/89131_tropitone_large_a1e2.jpg?quality=80&bg-color=255,255,255&fit=bounds&height=&width=",https://www.tropitone.com/materials/fabrics/cushion-fabrics/89131
10399,Waffle Wicker Blue,Cushion Fabrics,,Blue / Navy / Teal,"https://platform.brownjordan.com/media/catalog/product/1/0/10399_tropitone_large_50a1.jpg?quality=80&bg-color=255,255,255&fit=bounds&height=&width=",https://www.tropitone.com/materials/fabrics/cushion-fabrics/10399
89021,Almond,Cushion Fabrics,,Beige / Sand / Tan,"https://platform.brownjordan.com/media/catalog/product/8/9/89021_tropitone_large_2f88.jpg?quality=80&bg-color=255,255,255&fit=bounds&height=&width=",https://www.tropitone.com/materials/fabrics/cushion-fabrics/89021
22356,Rocky Coast,Cushion Fabrics,,Gray / Charcoal,"https://platform.brownjordan.com/media/catalog/product/2/2/22356_tropitone_large_2fdc.jpg?quality=80&bg-color=255,255,255&fit=bounds&height=&width=",https://www.tropitone.com/materials/fabrics/cushion-fabrics/22356
14130,Nocciola,Cushion Fabrics,,Brown / Bronze / Earth,"https://platform.brownjordan.com/media/catalog/product/1/4/14130_tropitone_large_6341.jpg?quality=80&bg-color=255,255,255&fit=bounds&height=&width=",https://www.tropitone.com/materials/fabrics/cushion-fabrics/14130
14204,Blue Sky,Cushion Fabrics,,Blue / Navy / Teal,"https://platform.brownjordan.com/media/catalog/product/1/4/14204_tropitone_large_48b8.jpg?quality=80&bg-color=255,255,255&fit=bounds&height=&width=",https://www.tropitone.com/materials/fabrics/cushion-fabrics/14204
1174,Bogota,Cushion Fabrics,,Gray / Charcoal,"https://platform.brownjordan.com/media/catalog/product/1/1/1174_tropitone_large_1f84.jpg?quality=80&bg-color=255,255,255&fit=bounds&height=&width=",https://www.tropitone.com/materials/fabrics/cushion-fabrics/1174
89026,Platinum Grey,Cushion Fabrics,,Gray / Charcoal,"https://platform.brownjordan.com/media/catalog/product/8/9/89026_tropitone_large_60b9.jpg?quality=80&bg-color=255,255,255&fit=bounds&height=&width=",https://www.tropitone.com/materials/fabrics/cushion-fabrics/89026
89065,Sparrow,Cushion Fabrics,,Brown / Bronze / Earth,"https://platform.brownjordan.com/media/catalog/product/8/9/89065_tropitone_large_1b29.jpg?quality=80&bg-color=255,255,255&fit=bounds&height=&width=",https://www.tropitone.com/materials/fabrics/cushion-fabrics/89065
40330,Caballeros,Cushion Fabrics,,Gray / Charcoal,"https://platform.brownjordan.com/media/catalog/product/4/0/40330_tropitone_large_3d03.jpg?quality=80&bg-color=255,255,255&fit=bounds&height=&width=",https://www.tropitone.com/materials/fabrics/cushion-fabrics/40330
23256,Mountain Stone,Cushion Fabrics,,Gray / Charcoal,"https://platform.brownjordan.com/media/catalog/product/2/3/23256_tropitone_large_a403.jpg?quality=80&bg-color=255,255,255&fit=bounds&height=&width=",https://www.tropitone.com/materials/fabrics/cushion-fabrics/23256
20273,Lemon Lime,Cushion Fabrics,,Yellow / Gold,"https://platform.brownjordan.com/media/catalog/product/2/0/20273_tropitone_large_110f.jpg?quality=80&bg-color=255,255,255&fit=bounds&height=&width=",https://www.tropitone.com/materials/fabrics/cushion-fabrics/20273
24324,Night River,Cushion Fabrics,,Gray / Charcoal,"https://platform.brownjordan.com/media/catalog/product/2/4/24324_tropitone_large_2fc8.jpg?quality=80&bg-color=255,255,255&fit=bounds&height=&width=",https://www.tropitone.com/materials/fabrics/cushion-fabrics/24324
10325,Coral Bay,Cushion Fabrics,,Red / Coral / Pink,"https://platform.brownjordan.com/media/catalog/product/1/0/10325_tropitone_large_cca1.jpg?quality=80&bg-color=255,255,255&fit=bounds&height=&width=",https://www.tropitone.com/materials/fabrics/cushion-fabrics/10325
39105,Breezeway,Cushion Fabrics,,Gray / Charcoal,"https://platform.brownjordan.com/media/catalog/product/3/9/39105_tropitone_large_add0.jpg?quality=80&bg-color=255,255,255&fit=bounds&height=&width=",https://www.tropitone.com/materials/fabrics/cushion-fabrics/39105
23255,Dark Carbon,Cushion Fabrics,,Gray / Charcoal,"https://platform.brownjordan.com/media/catalog/product/2/3/23255_tropitone_large_7cc6.jpg?quality=80&bg-color=255,255,255&fit=bounds&height=&width=",https://www.tropitone.com/materials/fabrics/cushion-fabrics/23255
12229,Blue Lantern,Cushion Fabrics,,Blue / Navy / Teal,"https://platform.brownjordan.com/media/catalog/product/1/2/12229_tropitone_large_bfa8.jpg?quality=80&bg-color=255,255,255&fit=bounds&height=&width=",https://www.tropitone.com/materials/fabrics/cushion-fabrics/12229
11233,Corniche,Cushion Fabrics,,Beige / Sand / Tan,"https://platform.brownjordan.com/media/catalog/product/1/1/11233_tropitone_large_636e.jpg?quality=80&bg-color=255,255,255&fit=bounds&height=&width=",https://www.tropitone.com/materials/fabrics/cushion-fabrics/11233
89056,Atoll,Cushion Fabrics,,Blue / Navy / Teal,"https://platform.brownjordan.com/media/catalog/product/8/9/89056_tropitone_large_e62e.jpg?quality=80&bg-color=255,255,255&fit=bounds&height=&width=",https://www.tropitone.com/materials/fabrics/cushion-fabrics/89056
12344,Silver Spoon,Cushion Fabrics,,Gray / Charcoal,"https://platform.brownjordan.com/media/catalog/product/1/2/12344_tropitone_large_7856.jpg?quality=80&bg-color=255,255,255&fit=bounds&height=&width=",https://www.tropitone.com/materials/fabrics/cushion-fabrics/12344
89137,Smokey Quartz,Cushion Fabrics,,Gray / Charcoal,"https://platform.brownjordan.com/media/catalog/product/8/9/89137_tropitone_large_e366.jpg?quality=80&bg-color=255,255,255&fit=bounds&height=&width=",https://www.tropitone.com/materials/fabrics/cushion-fabrics/89137
89132,Napa Batik Blue,Cushion Fabrics,,Blue / Navy / Teal,"https://platform.brownjordan.com/media/catalog/product/8/9/89132_tropitone_large_82a3.jpg?quality=80&bg-color=255,255,255&fit=bounds&height=&width=",https://www.tropitone.com/materials/fabrics/cushion-fabrics/89132
17418,Carbonite,Cushion Fabrics,,Gray / Charcoal,"https://platform.brownjordan.com/media/catalog/product/1/7/17418_tropitone_large_828c.jpg?quality=80&bg-color=255,255,255&fit=bounds&height=&width=",https://www.tropitone.com/materials/fabrics/cushion-fabrics/17418
89030,Peacock,Cushion Fabrics,,Blue / Navy / Teal,"https://platform.brownjordan.com/media/catalog/product/8/9/89030_tropitone_large_35c2.jpg?quality=80&bg-color=255,255,255&fit=bounds&height=&width=",https://www.tropitone.com/materials/fabrics/cushion-fabrics/89030
89147,Pasadena Grey Topaz,Cushion Fabrics,,Gray / Charcoal,"https://platform.brownjordan.com/media/catalog/product/8/9/89147_tropitone_large_43cf.jpg?quality=80&bg-color=255,255,255&fit=bounds&height=&width=",https://www.tropitone.com/materials/fabrics/cushion-fabrics/89147
29323,Pepperwood,Cushion Fabrics,,Gray / Charcoal,"https://platform.brownjordan.com/media/catalog/product/2/9/29323_tropitone_large_1226.jpg?quality=80&bg-color=255,255,255&fit=bounds&height=&width=",https://www.tropitone.com/materials/fabrics/cushion-fabrics/29323
89140,Satelite,Cushion Fabrics,,Gray / Charcoal,"https://platform.brownjordan.com/media/catalog/product/8/9/89140_tropitone_large_1ecb.jpg?quality=80&bg-color=255,255,255&fit=bounds&height=&width=",https://www.tropitone.com/materials/fabrics/cushion-fabrics/89140
89149,Madras Tweed Niko,Cushion Fabrics,,Multi / Pattern,"https://platform.brownjordan.com/media/catalog/product/8/9/89149_tropitone_large_f1b7.jpg?quality=80&bg-color=255,255,255&fit=bounds&height=&width=",https://www.tropitone.com/materials/fabrics/cushion-fabrics/89149
41118,Seagull,Cushion Fabrics,,Gray / Charcoal,"https://platform.brownjordan.com/media/catalog/product/4/1/41118_tropitone_large_9e01.jpg?quality=80&bg-color=255,255,255&fit=bounds&height=&width=",https://www.tropitone.com/materials/fabrics/cushion-fabrics/41118
10321,Rincon,Cushion Fabrics,,Beige / Sand / Tan,"https://platform.brownjordan.com/media/catalog/product/1/0/10321_tropitone_large_89ca.jpg?quality=80&bg-color=255,255,255&fit=bounds&height=&width=",https://www.tropitone.com/materials/fabrics/cushion-fabrics/10321
11309,Metallica,Cushion Fabrics,,Gray / Charcoal,"https://platform.brownjordan.com/media/catalog/product/1/1/11309_tropitone_large_9ea4.jpg?quality=80&bg-color=255,255,255&fit=bounds&height=&width=",https://www.tropitone.com/materials/fabrics/cushion-fabrics/11309
89150,Madras Tweed Blueprint,Cushion Fabrics,,Multi / Pattern,"https://platform.brownjordan.com/media/catalog/product/8/9/89150_tropitone_large_b722.jpg?quality=80&bg-color=255,255,255&fit=bounds&height=&width=",https://www.tropitone.com/materials/fabrics/cushion-fabrics/89150
89145,Pyrite,Cushion Fabrics,,Gray / Charcoal,"https://platform.brownjordan.com/media/catalog/product/8/9/89145_tropitone_large_ab6c.jpg?quality=80&bg-color=255,255,255&fit=bounds&height=&width=",https://www.tropitone.com/materials/fabrics/cushion-fabrics/89145
27523,Wintermoor,Cushion Fabrics,,Gray / Charcoal,"https://platform.brownjordan.com/media/catalog/product/2/7/27523_tropitone_large_e43d.jpg?quality=80&bg-color=255,255,255&fit=bounds&height=&width=",https://www.tropitone.com/materials/fabrics/cushion-fabrics/27523
10272,Blue Lagoon,Cushion Fabrics,,Blue / Navy / Teal,"https://platform.brownjordan.com/media/catalog/product/1/0/10272_tropitone_large_8cbf.jpg?quality=80&bg-color=255,255,255&fit=bounds&height=&width=",https://www.tropitone.com/materials/fabrics/cushion-fabrics/10272
89136,Jasper,Cushion Fabrics,,Brown / Bronze / Earth,"https://platform.brownjordan.com/media/catalog/product/8/9/89136_tropitone_large_7a5f.jpg?quality=80&bg-color=255,255,255&fit=bounds&height=&width=",https://www.tropitone.com/materials/fabrics/cushion-fabrics/89136
12327,Watercolor Tweed,Cushion Fabrics,,Multi / Pattern,"https://platform.brownjordan.com/media/catalog/product/1/2/12327_tropitone_large_b9b4.jpg?quality=80&bg-color=255,255,255&fit=bounds&height=&width=",https://www.tropitone.com/materials/fabrics/cushion-fabrics/12327
12360,Mia II,Cushion Fabrics,,Black,"https://platform.brownjordan.com/media/catalog/product/1/2/12360_tropitone_large_c012.jpg?quality=80&bg-color=255,255,255&fit=bounds&height=&width=",https://www.tropitone.com/materials/fabrics/cushion-fabrics/12360
89054,Mica,Cushion Fabrics,,Gray / Charcoal,"https://platform.brownjordan.com/media/catalog/product/8/9/89054_tropitone_large_cec7.jpg?quality=80&bg-color=255,255,255&fit=bounds&height=&width=",https://www.tropitone.com/materials/fabrics/cushion-fabrics/89054
27519,Mossy Bark,Cushion Fabrics,,Gray / Charcoal,"https://platform.brownjordan.com/media/catalog/product/2/7/27519_tropitone_large_fab5.jpg?quality=80&bg-color=255,255,255&fit=bounds&height=&width=",https://www.tropitone.com/materials/fabrics/cushion-fabrics/27519
17415,Deep Woods,Cushion Fabrics,,Black,"https://platform.brownjordan.com/media/catalog/product/1/7/17415_tropitone_large_b873.jpg?quality=80&bg-color=255,255,255&fit=bounds&height=&width=",https://www.tropitone.com/materials/fabrics/cushion-fabrics/17415
5900,Deerfield,Cushion Fabrics,,Beige / Sand / Tan,"https://platform.brownjordan.com/media/catalog/product/5/9/5900_tropitone_large_1a4b.jpg?quality=80&bg-color=255,255,255&fit=bounds&height=&width=",https://www.tropitone.com/materials/fabrics/cushion-fabrics/5900
89060,Ladybird,Cushion Fabrics,,Red / Coral / Pink,"https://platform.brownjordan.com/media/catalog/product/8/9/89060_tropitone_large_2e17.jpg?quality=80&bg-color=255,255,255&fit=bounds&height=&width=",https://www.tropitone.com/materials/fabrics/cushion-fabrics/89060
17417,Facets,Cushion Fabrics,,Gray / Charcoal,"https://platform.brownjordan.com/media/catalog/product/1/7/17417_tropitone_large_cab4.jpg?quality=80&bg-color=255,255,255&fit=bounds&height=&width=",https://www.tropitone.com/materials/fabrics/cushion-fabrics/17417
89061,Birch,Cushion Fabrics,,Beige / Sand / Tan,"https://platform.brownjordan.com/media/catalog/product/8/9/89061_tropitone_large_eacb.jpg?quality=80&bg-color=255,255,255&fit=bounds&height=&width=",https://www.tropitone.com/materials/fabrics/cushion-fabrics/89061
23257,Glamis Dunes,Cushion Fabrics,,Gray / Charcoal,"https://platform.brownjordan.com/media/catalog/product/2/3/23257_tropitone_large_b9d9.jpg?quality=80&bg-color=255,255,255&fit=bounds&height=&width=",https://www.tropitone.com/materials/fabrics/cushion-fabrics/23257
89023,Raffia,Cushion Fabrics,,White / Ivory / Cream,"https://platform.brownjordan.com/media/catalog/product/8/9/89023_tropitone_large_65c3.jpg?quality=80&bg-color=255,255,255&fit=bounds&height=&width=",https://www.tropitone.com/materials/fabrics/cushion-fabrics/89023
27520,Westlands,Cushion Fabrics,,Gray / Charcoal,"https://platform.brownjordan.com/media/catalog/product/2/7/27520_tropitone_large_369a.jpg?quality=80&bg-color=255,255,255&fit=bounds&height=&width=",https://www.tropitone.com/materials/fabrics/cushion-fabrics/27520
27515,Cafe,Cushion Fabrics,,Gray / Charcoal,"https://platform.brownjordan.com/media/catalog/product/2/7/27515_tropitone_large_b504.jpg?quality=80&bg-color=255,255,255&fit=bounds&height=&width=",https://www.tropitone.com/materials/fabrics/cushion-fabrics/27515
14279,Gun Metal,Cushion Fabrics,,Gray / Charcoal,"https://platform.brownjordan.com/media/catalog/product/1/4/14279_tropitone_large_033b.jpg?quality=80&bg-color=255,255,255&fit=bounds&height=&width=",https://www.tropitone.com/materials/fabrics/cushion-fabrics/14279
15110,Rosetta Stone,Cushion Fabrics,,Gray / Charcoal,"https://platform.brownjordan.com/media/catalog/product/1/5/15110_tropitone_large_bad9.jpg?quality=80&bg-color=255,255,255&fit=bounds&height=&width=",https://www.tropitone.com/materials/fabrics/cushion-fabrics/15110
45334,Turquesa,Cushion Fabrics,,Black,"https://platform.brownjordan.com/media/catalog/product/4/5/45334_tropitone_large_4af1.jpg?quality=80&bg-color=255,255,255&fit=bounds&height=&width=",https://www.tropitone.com/materials/fabrics/cushion-fabrics/45334
29134,Gaviota,Cushion Fabrics,,Black,"https://platform.brownjordan.com/media/catalog/product/2/9/29134_tropitone_large_19bd.jpg?quality=80&bg-color=255,255,255&fit=bounds&height=&width=",https://www.tropitone.com/materials/fabrics/cushion-fabrics/29134
11370,Gold Coast,Cushion Fabrics,,Yellow / Gold,"https://platform.brownjordan.com/media/catalog/product/1/1/11370_tropitone_large_17d7.jpg?quality=80&bg-color=255,255,255&fit=bounds&height=&width=",https://www.tropitone.com/materials/fabrics/cushion-fabrics/11370
89067,Dark Night,Cushion Fabrics,,Gray / Charcoal,"https://platform.brownjordan.com/media/catalog/product/8/9/89067_tropitone_large_8ead.jpg?quality=80&bg-color=255,255,255&fit=bounds&height=&width=",https://www.tropitone.com/materials/fabrics/cushion-fabrics/89067
13268,Gray Gate,Cushion Fabrics,,Gray / Charcoal,"https://platform.brownjordan.com/media/catalog/product/1/3/13268_tropitone_large_f4f8.jpg?quality=80&bg-color=255,255,255&fit=bounds&height=&width=",https://www.tropitone.com/materials/fabrics/cushion-fabrics/13268
89142,Moss,Cushion Fabrics,,Green,"https://platform.brownjordan.com/media/catalog/product/8/9/89142_tropitone_large_d550.jpg?quality=80&bg-color=255,255,255&fit=bounds&height=&width=",https://www.tropitone.com/materials/fabrics/cushion-fabrics/89142
13381,Sparkling Water,Cushion Fabrics,,Beige / Sand / Tan,"https://platform.brownjordan.com/media/catalog/product/1/3/13381_tropitone_large_3ae9.jpg?quality=80&bg-color=255,255,255&fit=bounds&height=&width=",https://www.tropitone.com/materials/fabrics/cushion-fabrics/13381
12326,Twilight,Cushion Fabrics,,Black,"https://platform.brownjordan.com/media/catalog/product/1/2/12326_tropitone_large_e59f.jpg?quality=80&bg-color=255,255,255&fit=bounds&height=&width=",https://www.tropitone.com/materials/fabrics/cushion-fabrics/12326
89057,Duck,Cushion Fabrics,,Green,"https://platform.brownjordan.com/media/catalog/product/8/9/89057_tropitone_large_7005.jpg?quality=80&bg-color=255,255,255&fit=bounds&height=&width=",https://www.tropitone.com/materials/fabrics/cushion-fabrics/89057
89062,Spring,Cushion Fabrics,,Green,"https://platform.brownjordan.com/media/catalog/product/8/9/89062_tropitone_large_f606.jpg?quality=80&bg-color=255,255,255&fit=bounds&height=&width=",https://www.tropitone.com/materials/fabrics/cushion-fabrics/89062
89069,Beige Grey,Cushion Fabrics,,Beige / Sand / Tan,"https://platform.brownjordan.com/media/catalog/product/8/9/89069_tropitone_large_4f51.jpg?quality=80&bg-color=255,255,255&fit=bounds&height=&width=",https://www.tropitone.com/materials/fabrics/cushion-fabrics/89069
89024,Mist,Cushion Fabrics,,Gray / Charcoal,"https://platform.brownjordan.com/media/catalog/product/8/9/89024_tropitone_large_d608.jpg?quality=80&bg-color=255,255,255&fit=bounds&height=&width=",https://www.tropitone.com/materials/fabrics/cushion-fabrics/89024
17419,Pathway,Cushion Fabrics,,Gray / Charcoal,"https://platform.brownjordan.com/media/catalog/product/1/7/17419_tropitone_large_e2e8.jpg?quality=80&bg-color=255,255,255&fit=bounds&height=&width=",https://www.tropitone.com/materials/fabrics/cushion-fabrics/17419
15223,Skyline Steel,Cushion Fabrics,,Black,"https://platform.brownjordan.com/media/catalog/product/1/5/15223_tropitone_large_41c6.jpg?quality=80&bg-color=255,255,255&fit=bounds&height=&width=",https://www.tropitone.com/materials/fabrics/cushion-fabrics/15223
19210,Cape Cove,Cushion Fabrics,,Gray / Charcoal,"https://platform.brownjordan.com/media/catalog/product/1/9/19210_tropitone_large_d896.jpg?quality=80&bg-color=255,255,255&fit=bounds&height=&width=",https://www.tropitone.com/materials/fabrics/cushion-fabrics/19210
89022,Snow,Cushion Fabrics,,White / Ivory / Cream,"https://platform.brownjordan.com/media/catalog/product/8/9/89022_tropitone_large_56be.jpg?quality=80&bg-color=255,255,255&fit=bounds&height=&width=",https://www.tropitone.com/materials/fabrics/cushion-fabrics/89022
89027,Slate,Cushion Fabrics,,Gray / Charcoal,"https://platform.brownjordan.com/media/catalog/product/8/9/89027_tropitone_large_6b3f.jpg?quality=80&bg-color=255,255,255&fit=bounds&height=&width=",https://www.tropitone.com/materials/fabrics/cushion-fabrics/89027
40335,Chimayo,Cushion Fabrics,,Gray / Charcoal,"https://platform.brownjordan.com/media/catalog/product/4/0/40335_tropitone_large_7647.jpg?quality=80&bg-color=255,255,255&fit=bounds&height=&width=",https://www.tropitone.com/materials/fabrics/cushion-fabrics/40335
89058,Orange,Cushion Fabrics,,Orange / Rust,"https://platform.brownjordan.com/media/catalog/product/8/9/89058_tropitone_large_31b6.jpg?quality=80&bg-color=255,255,255&fit=bounds&height=&width=",https://www.tropitone.com/materials/fabrics/cushion-fabrics/89058
12340,Polo Blue,Cushion Fabrics,,Blue / Navy / Teal,"https://platform.brownjordan.com/media/catalog/product/1/2/12340_tropitone_large_14a8.jpg?quality=80&bg-color=255,255,255&fit=bounds&height=&width=",https://www.tropitone.com/materials/fabrics/cushion-fabrics/12340
1176,Caracas,Cushion Fabrics,,Black,"https://platform.brownjordan.com/media/catalog/product/1/1/1176_tropitone_large_a90f.jpg?quality=80&bg-color=255,255,255&fit=bounds&height=&width=",https://www.tropitone.com/materials/fabrics/cushion-fabrics/1176
1131,Forest Hills,Cushion Fabrics,,Green,"https://platform.brownjordan.com/media/catalog/product/1/1/1131_tropitone_large_53cb.jpg?quality=80&bg-color=255,255,255&fit=bounds&height=&width=",https://www.tropitone.com/materials/fabrics/cushion-fabrics/1131
1183,Winchester,Cushion Fabrics,,Beige / Sand / Tan,"https://platform.brownjordan.com/media/catalog/product/1/1/1183_tropitone_large_30f5.jpg?quality=80&bg-color=255,255,255&fit=bounds&height=&width=",https://www.tropitone.com/materials/fabrics/cushion-fabrics/1183
89032,Cherry,Cushion Fabrics,,Red / Coral / Pink,"https://platform.brownjordan.com/media/catalog/product/8/9/89032_tropitone_large_b5ef.jpg?quality=80&bg-color=255,255,255&fit=bounds&height=&width=",https://www.tropitone.com/materials/fabrics/cushion-fabrics/89032
89063,Basalt,Cushion Fabrics,,Gray / Charcoal,"https://platform.brownjordan.com/media/catalog/product/8/9/89063_tropitone_large_44ad.jpg?quality=80&bg-color=255,255,255&fit=bounds&height=&width=",https://www.tropitone.com/materials/fabrics/cushion-fabrics/89063
89144,Onyx,Cushion Fabrics,,Black,"https://platform.brownjordan.com/media/catalog/product/8/9/89144_tropitone_large_ef13.jpg?quality=80&bg-color=255,255,255&fit=bounds&height=&width=",https://www.tropitone.com/materials/fabrics/cushion-fabrics/89144
89031,Buttercup,Cushion Fabrics,,Orange / Rust,"https://platform.brownjordan.com/media/catalog/product/8/9/89031_tropitone_large_1b01.jpg?quality=80&bg-color=255,255,255&fit=bounds&height=&width=",https://www.tropitone.com/materials/fabrics/cushion-fabrics/89031
89151,Madras Tweed Caramel,Cushion Fabrics,,Multi / Pattern,"https://platform.brownjordan.com/media/catalog/product/8/9/89151_tropitone_large_bb7b.jpg?quality=80&bg-color=255,255,255&fit=bounds&height=&width=",https://www.tropitone.com/materials/fabrics/cushion-fabrics/89151
89138,Cobalt,Cushion Fabrics,,Blue / Navy / Teal,"https://platform.brownjordan.com/media/catalog/product/8/9/89138_tropitone_large_fc5d.jpg?quality=80&bg-color=255,255,255&fit=bounds&height=&width=",https://www.tropitone.com/materials/fabrics/cushion-fabrics/89138
29321,Cobble Stone,Cushion Fabrics,,Gray / Charcoal,"https://platform.brownjordan.com/media/catalog/product/2/9/29321_tropitone_large_4c5a.jpg?quality=80&bg-color=255,255,255&fit=bounds&height=&width=",https://www.tropitone.com/materials/fabrics/cushion-fabrics/29321
19209,Champagne,Cushion Fabrics,,Beige / Sand / Tan,"https://platform.brownjordan.com/media/catalog/product/1/9/19209_tropitone_large_cd9e.jpg?quality=80&bg-color=255,255,255&fit=bounds&height=&width=",https://www.tropitone.com/materials/fabrics/cushion-fabrics/19209
12235,Suri,Cushion Fabrics,,Gray / Charcoal,"https://platform.brownjordan.com/media/catalog/product/1/2/12235_tropitone_large_556a.jpg?quality=80&bg-color=255,255,255&fit=bounds&height=&width=",https://www.tropitone.com/materials/fabrics/cushion-fabrics/12235
14302,Indigo Path,Cushion Fabrics,,Blue / Navy / Teal,"https://platform.brownjordan.com/media/catalog/product/1/4/14302_tropitone_large_8a49.jpg?quality=80&bg-color=255,255,255&fit=bounds&height=&width=",https://www.tropitone.com/materials/fabrics/cushion-fabrics/14302
1186,Noir,Cushion Fabrics,,Black,"https://platform.brownjordan.com/media/catalog/product/1/1/1186_tropitone_large_688d.jpg?quality=80&bg-color=255,255,255&fit=bounds&height=&width=",https://www.tropitone.com/materials/fabrics/cushion-fabrics/1186
61154,BluePoint Mango,Cushion Fabrics,,Red / Coral / Pink,"https://platform.brownjordan.com/media/catalog/product/6/1/61154_tropitone_large_f918.jpg?quality=80&bg-color=255,255,255&fit=bounds&height=&width=",https://www.tropitone.com/materials/fabrics/cushion-fabrics/61154
61042,Posh Linen,Cushion Fabrics,,White / Ivory / Cream,"https://platform.brownjordan.com/media/catalog/product/6/1/61042_tropitone_large_dc7b.jpg?quality=80&bg-color=255,255,255&fit=bounds&height=&width=",https://www.tropitone.com/materials/fabrics/cushion-fabrics/61042
61030,Solo Indigo,Cushion Fabrics,,Blue / Navy / Teal,"https://platform.brownjordan.com/media/catalog/product/6/1/61030_tropitone_large_3096.jpg?quality=80&bg-color=255,255,255&fit=bounds&height=&width=",https://www.tropitone.com/materials/fabrics/cushion-fabrics/61030
61107,Ticking Fog,Cushion Fabrics,,Beige / Sand / Tan,"https://platform.brownjordan.com/media/catalog/product/6/1/61107_tropitone_large_5461.jpg?quality=80&bg-color=255,255,255&fit=bounds&height=&width=",https://www.tropitone.com/materials/fabrics/cushion-fabrics/61107
61120,Posh Graphite,Cushion Fabrics,,Gray / Charcoal,"https://platform.brownjordan.com/media/catalog/product/6/1/61120_tropitone_large_db2c.jpg?quality=80&bg-color=255,255,255&fit=bounds&height=&width=",https://www.tropitone.com/materials/fabrics/cushion-fabrics/61120
61064,Shibori Classic,Cushion Fabrics,,Blue / Navy / Teal,"https://platform.brownjordan.com/media/catalog/product/6/1/61064_tropitone_large_8b96.jpg?quality=80&bg-color=255,255,255&fit=bounds&height=&width=",https://www.tropitone.com/materials/fabrics/cushion-fabrics/61064
61016,Pique Sky,Cushion Fabrics,,Blue / Navy / Teal,"https://platform.brownjordan.com/media/catalog/product/6/1/61016_tropitone_large_e55f.jpg?quality=80&bg-color=255,255,255&fit=bounds&height=&width=",https://www.tropitone.com/materials/fabrics/cushion-fabrics/61016
61032,Tailored Putty,Cushion Fabrics,,Gray / Charcoal,"https://platform.brownjordan.com/media/catalog/product/6/1/61032_tropitone_large_d4dd.jpg?quality=80&bg-color=255,255,255&fit=bounds&height=&width=",https://www.tropitone.com/materials/fabrics/cushion-fabrics/61032
88873,Rumor Midnight,Cushion Fabrics,,Black,"https://platform.brownjordan.com/media/catalog/product/8/8/88873_tropitone_large_93de.jpg?quality=80&bg-color=255,255,255&fit=bounds&height=&width=",https://www.tropitone.com/materials/fabrics/cushion-fabrics/88873
61146,Savvy Indigo,Cushion Fabrics,,Blue / Navy / Teal,"https://platform.brownjordan.com/media/catalog/product/6/1/61146_tropitone_large_488b.jpg?quality=80&bg-color=255,255,255&fit=bounds&height=&width=",https://www.tropitone.com/materials/fabrics/cushion-fabrics/61146
61104,Glimpse Seagull,Cushion Fabrics,,Gray / Charcoal,"https://platform.brownjordan.com/media/catalog/product/6/1/61104_tropitone_large_fe00.jpg?quality=80&bg-color=255,255,255&fit=bounds&height=&width=",https://www.tropitone.com/materials/fabrics/cushion-fabrics/61104
61074,Instinct Dune,Cushion Fabrics,,Beige / Sand / Tan,"https://platform.brownjordan.com/media/catalog/product/6/1/61074_tropitone_large_debe.jpg?quality=80&bg-color=255,255,255&fit=bounds&height=&width=",https://www.tropitone.com/materials/fabrics/cushion-fabrics/61074
snw,Snow,Cushion Fabrics,,White / Ivory / Cream,"https://platform.brownjordan.com/media/catalog/product/s/n/snw_tropitone_large_4531.jpg?quality=80&bg-color=255,255,255&fit=bounds&height=&width=",https://www.tropitone.com/materials/fabrics/cushion-fabrics/snw
61037,Posh Salt,Cushion Fabrics,,Beige / Sand / Tan,"https://platform.brownjordan.com/media/catalog/product/6/1/61037_tropitone_large_ad00.jpg?quality=80&bg-color=255,255,255&fit=bounds&height=&width=",https://www.tropitone.com/materials/fabrics/cushion-fabrics/61037
61058,Agra Indigo,Cushion Fabrics,,Blue / Navy / Teal,"https://platform.brownjordan.com/media/catalog/product/6/1/61058_tropitone_large_03f5.jpg?quality=80&bg-color=255,255,255&fit=bounds&height=&width=",https://www.tropitone.com/materials/fabrics/cushion-fabrics/61058
61001,Piazza Cloud,Cushion Fabrics,,White / Ivory / Cream,"https://platform.brownjordan.com/media/catalog/product/6/1/61001_tropitone_large_5901.jpg?quality=80&bg-color=255,255,255&fit=bounds&height=&width=",https://www.tropitone.com/materials/fabrics/cushion-fabrics/61001
61057,Shore Navy,Cushion Fabrics,,Blue / Navy / Teal,"https://platform.brownjordan.com/media/catalog/product/6/1/61057_tropitone_large_652d.jpg?quality=80&bg-color=255,255,255&fit=bounds&height=&width=",https://www.tropitone.com/materials/fabrics/cushion-fabrics/61057
spi,Spice,Cushion Fabrics,,Orange / Rust,"https://platform.brownjordan.com/media/catalog/product/s/p/spi_spice_cord_welt_f287.jpg?quality=80&bg-color=255,255,255&fit=bounds&height=&width=",https://www.tropitone.com/materials/fabrics/cushion-fabrics/spi
61084,Escher Greige,Cushion Fabrics,,Gray / Charcoal,"https://platform.brownjordan.com/media/catalog/product/6/1/61084_tropitone_large_cbd1.jpg?quality=80&bg-color=255,255,255&fit=bounds&height=&width=",https://www.tropitone.com/materials/fabrics/cushion-fabrics/61084
57124,Posted,Cushion Fabrics,,Gray / Charcoal,"https://platform.brownjordan.com/media/catalog/product/5/7/57124_tropitone_large_6b5e.jpg?quality=80&bg-color=255,255,255&fit=bounds&height=&width=",https://www.tropitone.com/materials/fabrics/cushion-fabrics/57124
61043,Posh Pebble,Cushion Fabrics,,Gray / Charcoal,"https://platform.brownjordan.com/media/catalog/product/6/1/61043_tropitone_large_9c66.jpg?quality=80&bg-color=255,255,255&fit=bounds&height=&width=",https://www.tropitone.com/materials/fabrics/cushion-fabrics/61043
61155,BluePoint Lagoon,Cushion Fabrics,,Gray / Charcoal,"https://platform.brownjordan.com/media/catalog/product/6/1/61155_tropitone_large_b05f.jpg?quality=80&bg-color=255,255,255&fit=bounds&height=&width=",https://www.tropitone.com/materials/fabrics/cushion-fabrics/61155
61054,Chartres Truffle,Cushion Fabrics,,Gray / Charcoal,"https://platform.brownjordan.com/media/catalog/product/6/1/61054_tropitone_large_f77e.jpg?quality=80&bg-color=255,255,255&fit=bounds&height=&width=",https://www.tropitone.com/materials/fabrics/cushion-fabrics/61054
61103,Glimpse Denim,Cushion Fabrics,,Blue / Navy / Teal,"https://platform.brownjordan.com/media/catalog/product/6/1/61103_tropitone_large_7a8a.jpg?quality=80&bg-color=255,255,255&fit=bounds&height=&width=",https://www.tropitone.com/materials/fabrics/cushion-fabrics/61103
88867,Sydney Metallica,Cushion Fabrics,,Gray / Charcoal,"https://platform.brownjordan.com/media/catalog/product/8/8/88867_tropitone_large_e017.jpg?quality=80&bg-color=255,255,255&fit=bounds&height=&width=",https://www.tropitone.com/materials/fabrics/cushion-fabrics/88867
61056,Chartres Daybreak,Cushion Fabrics,,Gray / Charcoal,"https://platform.brownjordan.com/media/catalog/product/6/1/61056_tropitone_large_d305.jpg?quality=80&bg-color=255,255,255&fit=bounds&height=&width=",https://www.tropitone.com/materials/fabrics/cushion-fabrics/61056
89108,Panama Navy,Cushion Fabrics,,Blue / Navy / Teal,"https://platform.brownjordan.com/media/catalog/product/8/9/89108_tropitone_large_78c0.jpg?quality=80&bg-color=255,255,255&fit=bounds&height=&width=",https://www.tropitone.com/materials/fabrics/cushion-fabrics/89108
52105,Viento Lagoon,Cushion Fabrics,,Blue / Navy / Teal,"https://platform.brownjordan.com/media/catalog/product/5/2/52105_tropitone_large_74e2.jpg?quality=80&bg-color=255,255,255&fit=bounds&height=&width=",https://www.tropitone.com/materials/fabrics/cushion-fabrics/52105
88863,Nomad Charcoal,Cushion Fabrics,,Gray / Charcoal,"https://platform.brownjordan.com/media/catalog/product/8/8/88863_tropitone_large_0c8b.jpg?quality=80&bg-color=255,255,255&fit=bounds&height=&width=",https://www.tropitone.com/materials/fabrics/cushion-fabrics/88863
61069,Capra II Shadow,Cushion Fabrics,,Beige / Sand / Tan,"https://platform.brownjordan.com/media/catalog/product/6/1/61069_tropitone_large_39cb.jpg?quality=80&bg-color=255,255,255&fit=bounds&height=&width=",https://www.tropitone.com/materials/fabrics/cushion-fabrics/61069
88862,Nomad Coffee,Cushion Fabrics,,Gray / Charcoal,"https://platform.brownjordan.com/media/catalog/product/8/8/88862_tropitone_large_c999.jpg?quality=80&bg-color=255,255,255&fit=bounds&height=&width=",https://www.tropitone.com/materials/fabrics/cushion-fabrics/88862
8076,Echo Midnight,Cushion Fabrics,,Black,"https://platform.brownjordan.com/media/catalog/product/8/0/8076_tropitone_large_d0f4.jpg?quality=80&bg-color=255,255,255&fit=bounds&height=&width=",https://www.tropitone.com/materials/fabrics/cushion-fabrics/8076
61019,Pashmina Mist,Cushion Fabrics,,Gray / Charcoal,"https://platform.brownjordan.com/media/catalog/product/6/1/61019_tropitone_large_134e.jpg?quality=80&bg-color=255,255,255&fit=bounds&height=&width=",https://www.tropitone.com/materials/fabrics/cushion-fabrics/61019
44902,Solitude,Cushion Fabrics,,Beige / Sand / Tan,"https://platform.brownjordan.com/media/catalog/product/4/4/44902_tropitone_large_2c00.jpg?quality=80&bg-color=255,255,255&fit=bounds&height=&width=",https://www.tropitone.com/materials/fabrics/cushion-fabrics/44902
61024,Switch Salt,Cushion Fabrics,,White / Ivory / Cream,"https://platform.brownjordan.com/media/catalog/product/6/1/61024_tropitone_large_a043.jpg?quality=80&bg-color=255,255,255&fit=bounds&height=&width=",https://www.tropitone.com/materials/fabrics/cushion-fabrics/61024
88002,Sunburst Yellow (Firesist),Cushion Fabrics,,Yellow / Gold,"https://platform.brownjordan.com/media/catalog/product/8/8/88002_tropitone_large_47fd.jpg?quality=80&bg-color=255,255,255&fit=bounds&height=&width=",https://www.tropitone.com/materials/fabrics/cushion-fabrics/88002
61008,Piazza Mist,Cushion Fabrics,,Gray / Charcoal,"https://platform.brownjordan.com/media/catalog/product/6/1/61008_tropitone_large_822e.jpg?quality=80&bg-color=255,255,255&fit=bounds&height=&width=",https://www.tropitone.com/materials/fabrics/cushion-fabrics/61008
57139,Woodlands,Cushion Fabrics,,Gray / Charcoal,"https://platform.brownjordan.com/media/catalog/product/5/7/57139_tropitone_large_d571.jpg?quality=80&bg-color=255,255,255&fit=bounds&height=&width=",https://www.tropitone.com/materials/fabrics/cushion-fabrics/57139
61045,Posh Sapphire,Cushion Fabrics,,Blue / Navy / Teal,"https://platform.brownjordan.com/media/catalog/product/6/1/61045_tropitone_large_92a4.jpg?quality=80&bg-color=255,255,255&fit=bounds&height=&width=",https://www.tropitone.com/materials/fabrics/cushion-fabrics/61045
4620,Beige (Marine),Cushion Fabrics,,Beige / Sand / Tan,"https://platform.brownjordan.com/media/catalog/product/4/6/4620_tropitone_large_b372.jpg?quality=80&bg-color=255,255,255&fit=bounds&height=&width=",https://www.tropitone.com/materials/fabrics/cushion-fabrics/4620
61038,Posh Shamrock,Cushion Fabrics,,Gray / Charcoal,"https://platform.brownjordan.com/media/catalog/product/6/1/61038_tropitone_large_44f6.jpg?quality=80&bg-color=255,255,255&fit=bounds&height=&width=",https://www.tropitone.com/materials/fabrics/cushion-fabrics/61038
89154,Spinnaker Nightfall,Cushion Fabrics,,Black,"https://platform.brownjordan.com/media/catalog/product/8/9/89154_tropitone_large_2268.jpg?quality=80&bg-color=255,255,255&fit=bounds&height=&width=",https://www.tropitone.com/materials/fabrics/cushion-fabrics/89154
88803,Chesterfield Coco,Cushion Fabrics,,Black,"https://platform.brownjordan.com/media/catalog/product/8/8/88803_tropitone_large_b943.jpg?quality=80&bg-color=255,255,255&fit=bounds&height=&width=",https://www.tropitone.com/materials/fabrics/cushion-fabrics/88803
61109,Switch Flax,Cushion Fabrics,,Beige / Sand / Tan,"https://platform.brownjordan.com/media/catalog/product/6/1/61109_tropitone_large_3883.jpg?quality=80&bg-color=255,255,255&fit=bounds&height=&width=",https://www.tropitone.com/materials/fabrics/cushion-fabrics/61109
61087,Eberly Peacock,Cushion Fabrics,,Blue / Navy / Teal,"https://platform.brownjordan.com/media/catalog/product/6/1/61087_tropitone_large_aa24.jpg?quality=80&bg-color=255,255,255&fit=bounds&height=&width=",https://www.tropitone.com/materials/fabrics/cushion-fabrics/61087
61000,Piazza White,Cushion Fabrics,,White / Ivory / Cream,"https://platform.brownjordan.com/media/catalog/product/6/1/61000_tropitone_large_5065.jpg?quality=80&bg-color=255,255,255&fit=bounds&height=&width=",https://www.tropitone.com/materials/fabrics/cushion-fabrics/61000
61102,Scope Cape,Cushion Fabrics,,Gray / Charcoal,"https://platform.brownjordan.com/media/catalog/product/6/1/61102_tropitone_large_0f2f.jpg?quality=80&bg-color=255,255,255&fit=bounds&height=&width=",https://www.tropitone.com/materials/fabrics/cushion-fabrics/61102
61009,Piazza Burlap,Cushion Fabrics,,Beige / Sand / Tan,"https://platform.brownjordan.com/media/catalog/product/6/1/61009_tropitone_large_a069.jpg?quality=80&bg-color=255,255,255&fit=bounds&height=&width=",https://www.tropitone.com/materials/fabrics/cushion-fabrics/61009
61022,Pashmina Coal,Cushion Fabrics,,Black,"https://platform.brownjordan.com/media/catalog/product/6/1/61022_tropitone_large_8da0.jpg?quality=80&bg-color=255,255,255&fit=bounds&height=&width=",https://www.tropitone.com/materials/fabrics/cushion-fabrics/61022
61151,BluePoint Azule,Cushion Fabrics,,Black,"https://platform.brownjordan.com/media/catalog/product/6/1/61151_tropitone_large_aa42.jpg?quality=80&bg-color=255,255,255&fit=bounds&height=&width=",https://www.tropitone.com/materials/fabrics/cushion-fabrics/61151
61055,Chartres Gull,Cushion Fabrics,,Gray / Charcoal,"https://platform.brownjordan.com/media/catalog/product/6/1/61055_tropitone_large_3df4.jpg?quality=80&bg-color=255,255,255&fit=bounds&height=&width=",https://www.tropitone.com/materials/fabrics/cushion-fabrics/61055
61040,Posh Shitake,Cushion Fabrics,,Gray / Charcoal,"https://platform.brownjordan.com/media/catalog/product/6/1/61040_tropitone_large_3fd4.jpg?quality=80&bg-color=255,255,255&fit=bounds&height=&width=",https://www.tropitone.com/materials/fabrics/cushion-fabrics/61040
89100,Panama Cobblestone,Cushion Fabrics,,Gray / Charcoal,"https://platform.brownjordan.com/media/catalog/product/8/9/89100_tropitone_large_30ee.jpg?quality=80&bg-color=255,255,255&fit=bounds&height=&width=",https://www.tropitone.com/materials/fabrics/cushion-fabrics/89100
89090,Asgard Mud,Cushion Fabrics,,Gray / Charcoal,"https://platform.brownjordan.com/media/catalog/product/8/9/89090_tropitone_large_b4ed.jpg?quality=80&bg-color=255,255,255&fit=bounds&height=&width=",https://www.tropitone.com/materials/fabrics/cushion-fabrics/89090
88808,Reflection Straw,Cushion Fabrics,,Beige / Sand / Tan,"https://platform.brownjordan.com/media/catalog/product/8/8/88808_tropitone_large_8ed5.jpg?quality=80&bg-color=255,255,255&fit=bounds&height=&width=",https://www.tropitone.com/materials/fabrics/cushion-fabrics/88808
61121,Esti Lagoon,Cushion Fabrics,,Gray / Charcoal,"https://platform.brownjordan.com/media/catalog/product/6/1/61121_tropitone_large_2c85.jpg?quality=80&bg-color=255,255,255&fit=bounds&height=&width=",https://www.tropitone.com/materials/fabrics/cushion-fabrics/61121
ash,Ash,Cushion Fabrics,,Gray / Charcoal,"https://platform.brownjordan.com/media/catalog/product/a/s/ash_ash_cord_welt_c559.jpg?quality=80&bg-color=255,255,255&fit=bounds&height=&width=",https://www.tropitone.com/materials/fabrics/cushion-fabrics/ash
61050,Chartres Malt,Cushion Fabrics,,Gray / Charcoal,"https://platform.brownjordan.com/media/catalog/product/6/1/61050_tropitone_large_3e48.jpg?quality=80&bg-color=255,255,255&fit=bounds&height=&width=",https://www.tropitone.com/materials/fabrics/cushion-fabrics/61050
61071,Precise Spring,Cushion Fabrics,,Green,"https://platform.brownjordan.com/media/catalog/product/6/1/61071_tropitone_large_e13e.jpg?quality=80&bg-color=255,255,255&fit=bounds&height=&width=",https://www.tropitone.com/materials/fabrics/cushion-fabrics/61071
43159,Lautrec Swirl,Cushion Fabrics,,Gray / Charcoal,"https://platform.brownjordan.com/media/catalog/product/4/3/43159_tropitone_large_bfe3.jpg?quality=80&bg-color=255,255,255&fit=bounds&height=&width=",https://www.tropitone.com/materials/fabrics/cushion-fabrics/43159
89153,Crew Peat,Cushion Fabrics,,Gray / Charcoal,"https://platform.brownjordan.com/media/catalog/product/8/9/89153_tropitone_large_7db8.jpg?quality=80&bg-color=255,255,255&fit=bounds&height=&width=",https://www.tropitone.com/materials/fabrics/cushion-fabrics/89153
61123,Esti Onyx,Cushion Fabrics,,Black,"https://platform.brownjordan.com/media/catalog/product/6/1/61123_tropitone_large_2f0e.jpg?quality=80&bg-color=255,255,255&fit=bounds&height=&width=",https://www.tropitone.com/materials/fabrics/cushion-fabrics/61123
61088,Eberly II Linen,Cushion Fabrics,,White / Ivory / Cream,"https://platform.brownjordan.com/media/catalog/product/6/1/61088_tropitone_large_04a0.jpg?quality=80&bg-color=255,255,255&fit=bounds&height=&width=",https://www.tropitone.com/materials/fabrics/cushion-fabrics/61088
61116,Trail Blush,Cushion Fabrics,,Red / Coral / Pink,"https://platform.brownjordan.com/media/catalog/product/6/1/61116_tropitone_large_541d.jpg?quality=80&bg-color=255,255,255&fit=bounds&height=&width=",https://www.tropitone.com/materials/fabrics/cushion-fabrics/61116
47622,Rainfall II,Cushion Fabrics,,Beige / Sand / Tan,"https://platform.brownjordan.com/media/catalog/product/4/7/47622_tropitone_large_9bae.jpg?quality=80&bg-color=255,255,255&fit=bounds&height=&width=",https://www.tropitone.com/materials/fabrics/cushion-fabrics/47622
57137,Garden Walk,Cushion Fabrics,,Gray / Charcoal,"https://platform.brownjordan.com/media/catalog/product/5/7/57137_tropitone_large_088d.jpg?quality=80&bg-color=255,255,255&fit=bounds&height=&width=",https://www.tropitone.com/materials/fabrics/cushion-fabrics/57137
61062,Maritime Nautical,Cushion Fabrics,,Beige / Sand / Tan,"https://platform.brownjordan.com/media/catalog/product/6/1/61062_tropitone_large_dba5.jpg?quality=80&bg-color=255,255,255&fit=bounds&height=&width=",https://www.tropitone.com/materials/fabrics/cushion-fabrics/61062
mch,Mocha,Cushion Fabrics,,Brown / Bronze / Earth,"https://platform.brownjordan.com/media/catalog/product/m/c/mch_tropitone_large_a429.jpg?quality=80&bg-color=255,255,255&fit=bounds&height=&width=",https://www.tropitone.com/materials/fabrics/cushion-fabrics/mch
61100,Pique Denim,Cushion Fabrics,,Blue / Navy / Teal,"https://platform.brownjordan.com/media/catalog/product/6/1/61100_tropitone_large_3aaa.jpg?quality=80&bg-color=255,255,255&fit=bounds&height=&width=",https://www.tropitone.com/materials/fabrics/cushion-fabrics/61100
61067,Ascend Spa,Cushion Fabrics,,Gray / Charcoal,"https://platform.brownjordan.com/media/catalog/product/6/1/61067_tropitone_large_f16e.jpg?quality=80&bg-color=255,255,255&fit=bounds&height=&width=",https://www.tropitone.com/materials/fabrics/cushion-fabrics/61067
61157,BluePoint Flax,Cushion Fabrics,,Beige / Sand / Tan,"https://platform.brownjordan.com/media/catalog/product/6/1/61157_tropitone_large_ff18.jpg?quality=80&bg-color=255,255,255&fit=bounds&height=&width=",https://www.tropitone.com/materials/fabrics/cushion-fabrics/61157
61113,Trail Cloud,Cushion Fabrics,,White / Ivory / Cream,"https://platform.brownjordan.com/media/catalog/product/6/1/61113_tropitone_large_1fad.jpg?quality=80&bg-color=255,255,255&fit=bounds&height=&width=",https://www.tropitone.com/materials/fabrics/cushion-fabrics/61113
61142,Chartres Storm,Cushion Fabrics,,Gray / Charcoal,"https://platform.brownjordan.com/media/catalog/product/6/1/61142_tropitone_large_fcfc.jpg?quality=80&bg-color=255,255,255&fit=bounds&height=&width=",https://www.tropitone.com/materials/fabrics/cushion-fabrics/61142
5424,Canvas Sky Blue,Cushion Fabrics,,Blue / Navy / Teal,"https://platform.brownjordan.com/media/catalog/product/5/4/5424_tropitone_large_3ffd.jpg?quality=80&bg-color=255,255,255&fit=bounds&height=&width=",https://www.tropitone.com/materials/fabrics/cushion-fabrics/5424
12949,Largo Scoop,Cushion Fabrics,,Blue / Navy / Teal,"https://platform.brownjordan.com/media/catalog/product/1/2/12949_tropitone_large_6730.jpg?quality=80&bg-color=255,255,255&fit=bounds&height=&width=",https://www.tropitone.com/materials/fabrics/cushion-fabrics/12949
88872,Rumor Nautical,Cushion Fabrics,,Black,"https://platform.brownjordan.com/media/catalog/product/8/8/88872_tropitone_large_ee7d.jpg?quality=80&bg-color=255,255,255&fit=bounds&height=&width=",https://www.tropitone.com/materials/fabrics/cushion-fabrics/88872
33903,Nautical Isle,Cushion Fabrics,,Blue / Navy / Teal,"https://platform.brownjordan.com/media/catalog/product/3/3/33903_tropitone_large_9311.jpg?quality=80&bg-color=255,255,255&fit=bounds&height=&width=",https://www.tropitone.com/materials/fabrics/cushion-fabrics/33903
89103,Panama Smoke Grey,Cushion Fabrics,,Gray / Charcoal,"https://platform.brownjordan.com/media/catalog/product/8/9/89103_tropitone_large_a823.jpg?quality=80&bg-color=255,255,255&fit=bounds&height=&width=",https://www.tropitone.com/materials/fabrics/cushion-fabrics/89103
61031,Tailored Snow,Cushion Fabrics,,White / Ivory / Cream,"https://platform.brownjordan.com/media/catalog/product/6/1/61031_tropitone_large_86a0.jpg?quality=80&bg-color=255,255,255&fit=bounds&height=&width=",https://www.tropitone.com/materials/fabrics/cushion-fabrics/61031
67001,Congo,Cushion Fabrics,,Beige / Sand / Tan,"https://platform.brownjordan.com/media/catalog/product/6/7/67001_tropitone_large_3f04.jpg?quality=80&bg-color=255,255,255&fit=bounds&height=&width=",https://www.tropitone.com/materials/fabrics/cushion-fabrics/67001
61025,Switch Silver,Cushion Fabrics,,Gray / Charcoal,"https://platform.brownjordan.com/media/catalog/product/6/1/61025_tropitone_large_7717.jpg?quality=80&bg-color=255,255,255&fit=bounds&height=&width=",https://www.tropitone.com/materials/fabrics/cushion-fabrics/61025
61015,Pique Shale,Cushion Fabrics,,Multi / Pattern,"https://platform.brownjordan.com/media/catalog/product/6/1/61015_tropitone_large_a352.jpg?quality=80&bg-color=255,255,255&fit=bounds&height=&width=",https://www.tropitone.com/materials/fabrics/cushion-fabrics/61015
61131,Esti Marine,Cushion Fabrics,,Black,"https://platform.brownjordan.com/media/catalog/product/6/1/61131_tropitone_large_803b.jpg?quality=80&bg-color=255,255,255&fit=bounds&height=&width=",https://www.tropitone.com/materials/fabrics/cushion-fabrics/61131
88012,Blend Nomad,Cushion Fabrics,,Gray / Charcoal,"https://platform.brownjordan.com/media/catalog/product/8/8/88012_tropitone_large_8685.jpg?quality=80&bg-color=255,255,255&fit=bounds&height=&width=",https://www.tropitone.com/materials/fabrics/cushion-fabrics/88012
cbt,Cobalt,Cushion Fabrics,,Blue / Navy / Teal,"https://platform.brownjordan.com/media/catalog/product/c/b/cbt_tropitone_large_b084.jpg?quality=80&bg-color=255,255,255&fit=bounds&height=&width=",https://www.tropitone.com/materials/fabrics/cushion-fabrics/cbt
61085,Escher Indigo,Cushion Fabrics,,Blue / Navy / Teal,"https://platform.brownjordan.com/media/catalog/product/6/1/61085_tropitone_large_e7ba.jpg?quality=80&bg-color=255,255,255&fit=bounds&height=&width=",https://www.tropitone.com/materials/fabrics/cushion-fabrics/61085
88807,Reflections Smoke,Cushion Fabrics,,Gray / Charcoal,"https://platform.brownjordan.com/media/catalog/product/8/8/88807_tropitone_large_4b84.jpg?quality=80&bg-color=255,255,255&fit=bounds&height=&width=",https://www.tropitone.com/materials/fabrics/cushion-fabrics/88807
61098,Viento Nautical,Cushion Fabrics,,Black,"https://platform.brownjordan.com/media/catalog/product/6/1/61098_tropitone_large_20cb.jpg?quality=80&bg-color=255,255,255&fit=bounds&height=&width=",https://www.tropitone.com/materials/fabrics/cushion-fabrics/61098
61006,Piazza Graphite,Cushion Fabrics,,Gray / Charcoal,"https://platform.brownjordan.com/media/catalog/product/6/1/61006_tropitone_large_2716.jpg?quality=80&bg-color=255,255,255&fit=bounds&height=&width=",https://www.tropitone.com/materials/fabrics/cushion-fabrics/61006
61106,Sterling Alpaca,Cushion Fabrics,,Gray / Charcoal,"https://platform.brownjordan.com/media/catalog/product/6/1/61106_tropitone_large_b9e9.jpg?quality=80&bg-color=255,255,255&fit=bounds&height=&width=",https://www.tropitone.com/materials/fabrics/cushion-fabrics/61106
61083,Escher Alabaster,Cushion Fabrics,,White / Ivory / Cream,"https://platform.brownjordan.com/media/catalog/product/6/1/61083_tropitone_large_1f97.jpg?quality=80&bg-color=255,255,255&fit=bounds&height=&width=",https://www.tropitone.com/materials/fabrics/cushion-fabrics/61083
61003,Piazza Parchment,Cushion Fabrics,,White / Ivory / Cream,"https://platform.brownjordan.com/media/catalog/product/6/1/61003_tropitone_large_e939.jpg?quality=80&bg-color=255,255,255&fit=bounds&height=&width=",https://www.tropitone.com/materials/fabrics/cushion-fabrics/61003
57133,Nordic,Cushion Fabrics,,Gray / Charcoal,"https://platform.brownjordan.com/media/catalog/product/5/7/57133_tropitone_large_f69d.jpg?quality=80&bg-color=255,255,255&fit=bounds&height=&width=",https://www.tropitone.com/materials/fabrics/cushion-fabrics/57133
88875,Melody Ruby,Cushion Fabrics,,Gray / Charcoal,"https://platform.brownjordan.com/media/catalog/product/8/8/88875_tropitone_large_3514.jpg?quality=80&bg-color=255,255,255&fit=bounds&height=&width=",https://www.tropitone.com/materials/fabrics/cushion-fabrics/88875
61156,BluePoint Rattan,Cushion Fabrics,,Gray / Charcoal,"https://platform.brownjordan.com/media/catalog/product/6/1/61156_tropitone_large_d986.jpg?quality=80&bg-color=255,255,255&fit=bounds&height=&width=",https://www.tropitone.com/materials/fabrics/cushion-fabrics/61156
61094,Piazza Dune,Cushion Fabrics,,Beige / Sand / Tan,"https://platform.brownjordan.com/media/catalog/product/6/1/61094_tropitone_large_a285.jpg?quality=80&bg-color=255,255,255&fit=bounds&height=&width=",https://www.tropitone.com/materials/fabrics/cushion-fabrics/61094
57165,Grey Maze,Cushion Fabrics,,Gray / Charcoal,"https://platform.brownjordan.com/media/catalog/product/5/7/57165_tropitone_large_0f79.jpg?quality=80&bg-color=255,255,255&fit=bounds&height=&width=",https://www.tropitone.com/materials/fabrics/cushion-fabrics/57165
61079,Boro Walnut,Cushion Fabrics,,Brown / Bronze / Earth,"https://platform.brownjordan.com/media/catalog/product/6/1/61079_tropitone_large_beac.jpg?quality=80&bg-color=255,255,255&fit=bounds&height=&width=",https://www.tropitone.com/materials/fabrics/cushion-fabrics/61079
61114,Trail Dove,Cushion Fabrics,,Blue / Navy / Teal,"https://platform.brownjordan.com/media/catalog/product/6/1/61114_tropitone_large_3f85.jpg?quality=80&bg-color=255,255,255&fit=bounds&height=&width=",https://www.tropitone.com/materials/fabrics/cushion-fabrics/61114
61132,Crete Stone,Cushion Fabrics,,Gray / Charcoal,"https://platform.brownjordan.com/media/catalog/product/6/1/61132_tropitone_large_6de0.jpg?quality=80&bg-color=255,255,255&fit=bounds&height=&width=",https://www.tropitone.com/materials/fabrics/cushion-fabrics/61132
61152,BluePoint Cement,Cushion Fabrics,,Gray / Charcoal,"https://platform.brownjordan.com/media/catalog/product/6/1/61152_tropitone_large_3d15.jpg?quality=80&bg-color=255,255,255&fit=bounds&height=&width=",https://www.tropitone.com/materials/fabrics/cushion-fabrics/61152
61014,Pique Ash,Cushion Fabrics,,Gray / Charcoal,"https://platform.brownjordan.com/media/catalog/product/6/1/61014_tropitone_large_9629.jpg?quality=80&bg-color=255,255,255&fit=bounds&height=&width=",https://www.tropitone.com/materials/fabrics/cushion-fabrics/61014
61158,BluePoint Lime,Cushion Fabrics,,Green,"https://platform.brownjordan.com/media/catalog/product/6/1/61158_tropitone_large_7e15.jpg?quality=80&bg-color=255,255,255&fit=bounds&height=&width=",https://www.tropitone.com/materials/fabrics/cushion-fabrics/61158
61073,Kindle Indigo,Cushion Fabrics,,Blue / Navy / Teal,"https://platform.brownjordan.com/media/catalog/product/6/1/61073_tropitone_large_e334.jpg?quality=80&bg-color=255,255,255&fit=bounds&height=&width=",https://www.tropitone.com/materials/fabrics/cushion-fabrics/61073
19913,Aqua Weave,Cushion Fabrics,,Multi / Pattern,"https://platform.brownjordan.com/media/catalog/product/1/9/19913_tropitone_large_eb82.jpg?quality=80&bg-color=255,255,255&fit=bounds&height=&width=",https://www.tropitone.com/materials/fabrics/cushion-fabrics/19913
61111,Tailored Smoke,Cushion Fabrics,,Gray / Charcoal,"https://platform.brownjordan.com/media/catalog/product/6/1/61111_tropitone_large_e263.jpg?quality=80&bg-color=255,255,255&fit=bounds&height=&width=",https://www.tropitone.com/materials/fabrics/cushion-fabrics/61111
88816,Static Icing,Cushion Fabrics,,Beige / Sand / Tan,"https://platform.brownjordan.com/media/catalog/product/8/8/88816_tropitone_large_23e4.jpg?quality=80&bg-color=255,255,255&fit=bounds&height=&width=",https://www.tropitone.com/materials/fabrics/cushion-fabrics/88816
61096,Piazza Denim,Cushion Fabrics,,Blue / Navy / Teal,"https://platform.brownjordan.com/media/catalog/product/6/1/61096_tropitone_large_db70.jpg?quality=80&bg-color=255,255,255&fit=bounds&height=&width=",https://www.tropitone.com/materials/fabrics/cushion-fabrics/61096
8069,Dupione Dove,Cushion Fabrics,,Beige / Sand / Tan,"https://platform.brownjordan.com/media/catalog/product/8/0/8069_tropitone_large_3c07.jpg?quality=80&bg-color=255,255,255&fit=bounds&height=&width=",https://www.tropitone.com/materials/fabrics/cushion-fabrics/8069
61136,Lure Nautical,Cushion Fabrics,,Black,"https://platform.brownjordan.com/media/catalog/product/6/1/61136_tropitone_large_5e9e.jpg?quality=80&bg-color=255,255,255&fit=bounds&height=&width=",https://www.tropitone.com/materials/fabrics/cushion-fabrics/61136
61110,Solo Ocean,Cushion Fabrics,,Blue / Navy / Teal,"https://platform.brownjordan.com/media/catalog/product/6/1/61110_tropitone_large_0e3d.jpg?quality=80&bg-color=255,255,255&fit=bounds&height=&width=",https://www.tropitone.com/materials/fabrics/cushion-fabrics/61110
61099,Pique Sand,Cushion Fabrics,,Beige / Sand / Tan,"https://platform.brownjordan.com/media/catalog/product/6/1/61099_tropitone_large_0cf6.jpg?quality=80&bg-color=255,255,255&fit=bounds&height=&width=",https://www.tropitone.com/materials/fabrics/cushion-fabrics/61099
15909,Cast Tinsel,Cushion Fabrics,,Orange / Rust,"https://platform.brownjordan.com/media/catalog/product/1/5/15909_tropitone_large_a3c1.jpg?quality=80&bg-color=255,255,255&fit=bounds&height=&width=",https://www.tropitone.com/materials/fabrics/cushion-fabrics/15909
61080,Boro Indigo,Cushion Fabrics,,Blue / Navy / Teal,"https://platform.brownjordan.com/media/catalog/product/6/1/61080_tropitone_large_3ae7.jpg?quality=80&bg-color=255,255,255&fit=bounds&height=&width=",https://www.tropitone.com/materials/fabrics/cushion-fabrics/61080
89164,Shagreen Pebble,Cushion Fabrics,,Gray / Charcoal,"https://platform.brownjordan.com/media/catalog/product/8/9/89164_tropitone_large_9eb3.jpg?quality=80&bg-color=255,255,255&fit=bounds&height=&width=",https://www.tropitone.com/materials/fabrics/cushion-fabrics/89164
89163,Shagreen Parchment,Cushion Fabrics,,White / Ivory / Cream,"https://platform.brownjordan.com/media/catalog/product/8/9/89163_tropitone_large_4285.jpg?quality=80&bg-color=255,255,255&fit=bounds&height=&width=",https://www.tropitone.com/materials/fabrics/cushion-fabrics/89163
61160,Beckon Shell,Cushion Fabrics,,Gray / Charcoal,"https://platform.brownjordan.com/media/catalog/product/6/1/61160_tropitone_large_3331.jpg?quality=80&bg-color=255,255,255&fit=bounds&height=&width=",https://www.tropitone.com/materials/fabrics/cushion-fabrics/61160
12185,Ablis Snow,Cushion Fabrics,,White / Ivory / Cream,"https://platform.brownjordan.com/media/catalog/product/1/2/12185_tropitone_large_b14d.jpg?quality=80&bg-color=255,255,255&fit=bounds&height=&width=",https://www.tropitone.com/materials/fabrics/cushion-fabrics/12185
61068,Capra Indigo,Cushion Fabrics,,Blue / Navy / Teal,"https://platform.brownjordan.com/media/catalog/product/6/1/61068_tropitone_large_2c33.jpg?quality=80&bg-color=255,255,255&fit=bounds&height=&width=",https://www.tropitone.com/materials/fabrics/cushion-fabrics/61068
61029,Switch Snow,Cushion Fabrics,,White / Ivory / Cream,"https://platform.brownjordan.com/media/catalog/product/6/1/61029_tropitone_large_090e.jpg?quality=80&bg-color=255,255,255&fit=bounds&height=&width=",https://www.tropitone.com/materials/fabrics/cushion-fabrics/61029
61065,Ascend Oasis,Cushion Fabrics,,Blue / Navy / Teal,"https://platform.brownjordan.com/media/catalog/product/6/1/61065_tropitone_large_38ca.jpg?quality=80&bg-color=255,255,255&fit=bounds&height=&width=",https://www.tropitone.com/materials/fabrics/cushion-fabrics/61065
8051,Dupione Crimson,Cushion Fabrics,,Red / Coral / Pink,"https://platform.brownjordan.com/media/catalog/product/8/0/8051_tropitone_large_7a0a.jpg?quality=80&bg-color=255,255,255&fit=bounds&height=&width=",https://www.tropitone.com/materials/fabrics/cushion-fabrics/8051
89170,Infinity Tide,Cushion Fabrics,,Gray / Charcoal,"https://platform.brownjordan.com/media/catalog/product/8/9/89170_tropitone_large_d7b2.jpg?quality=80&bg-color=255,255,255&fit=bounds&height=&width=",https://www.tropitone.com/materials/fabrics/cushion-fabrics/89170
61095,Piazza Pebble,Cushion Fabrics,,Gray / Charcoal,"https://platform.brownjordan.com/media/catalog/product/6/1/61095_tropitone_large_bc1a.jpg?quality=80&bg-color=255,255,255&fit=bounds&height=&width=",https://www.tropitone.com/materials/fabrics/cushion-fabrics/61095
61072,Kindle Silk,Cushion Fabrics,,White / Ivory / Cream,"https://platform.brownjordan.com/media/catalog/product/6/1/61072_tropitone_large_ac29.jpg?quality=80&bg-color=255,255,255&fit=bounds&height=&width=",https://www.tropitone.com/materials/fabrics/cushion-fabrics/61072
61047,Chartres Hemp,Cushion Fabrics,,Beige / Sand / Tan,"https://platform.brownjordan.com/media/catalog/product/6/1/61047_tropitone_large_19b6.jpg?quality=80&bg-color=255,255,255&fit=bounds&height=&width=",https://www.tropitone.com/materials/fabrics/cushion-fabrics/61047
89104,Asgard Hazelnut,Cushion Fabrics,,Beige / Sand / Tan,"https://platform.brownjordan.com/media/catalog/product/8/9/89104_tropitone_large_85da.jpg?quality=80&bg-color=255,255,255&fit=bounds&height=&width=",https://www.tropitone.com/materials/fabrics/cushion-fabrics/89104
61101,Dip Dye Chickadee,Cushion Fabrics,,Beige / Sand / Tan,"https://platform.brownjordan.com/media/catalog/product/6/1/61101_tropitone_large_178f.jpg?quality=80&bg-color=255,255,255&fit=bounds&height=&width=",https://www.tropitone.com/materials/fabrics/cushion-fabrics/61101
61135,Lure Denim,Cushion Fabrics,,Blue / Navy / Teal,"https://platform.brownjordan.com/media/catalog/product/6/1/61135_tropitone_large_fb5b.jpg?quality=80&bg-color=255,255,255&fit=bounds&height=&width=",https://www.tropitone.com/materials/fabrics/cushion-fabrics/61135
61013,Pique Midnight,Cushion Fabrics,,Black,"https://platform.brownjordan.com/media/catalog/product/6/1/61013_tropitone_large_0fdf.jpg?quality=80&bg-color=255,255,255&fit=bounds&height=&width=",https://www.tropitone.com/materials/fabrics/cushion-fabrics/61013
61034,Posh Coral,Cushion Fabrics,,Red / Coral / Pink,"https://platform.brownjordan.com/media/catalog/product/6/1/61034_tropitone_large_8894.jpg?quality=80&bg-color=255,255,255&fit=bounds&height=&width=",https://www.tropitone.com/materials/fabrics/cushion-fabrics/61034
61108,Ticking Dove,Cushion Fabrics,,Multi / Pattern,"https://platform.brownjordan.com/media/catalog/product/6/1/61108_tropitone_large_0bc7.jpg?quality=80&bg-color=255,255,255&fit=bounds&height=&width=",https://www.tropitone.com/materials/fabrics/cushion-fabrics/61108
88809,Grace Charcoal,Cushion Fabrics,,Gray / Charcoal,"https://platform.brownjordan.com/media/catalog/product/8/8/88809_tropitone_large_175d.jpg?quality=80&bg-color=255,255,255&fit=bounds&height=&width=",https://www.tropitone.com/materials/fabrics/cushion-fabrics/88809
61063,Shibori Indigo,Cushion Fabrics,,Blue / Navy / Teal,"https://platform.brownjordan.com/media/catalog/product/6/1/61063_tropitone_large_0bc9.jpg?quality=80&bg-color=255,255,255&fit=bounds&height=&width=",https://www.tropitone.com/materials/fabrics/cushion-fabrics/61063
61115,Trail Sky,Cushion Fabrics,,Multi / Pattern,"https://platform.brownjordan.com/media/catalog/product/6/1/61115_tropitone_large_61e6.jpg?quality=80&bg-color=255,255,255&fit=bounds&height=&width=",https://www.tropitone.com/materials/fabrics/cushion-fabrics/61115
89117,Canvas Hazelnut,Cushion Fabrics,,Beige / Sand / Tan,"https://platform.brownjordan.com/media/catalog/product/8/9/89117_tropitone_large_288b.jpg?quality=80&bg-color=255,255,255&fit=bounds&height=&width=",https://www.tropitone.com/materials/fabrics/cushion-fabrics/89117
19935,Timber Weave,Cushion Fabrics,,Multi / Pattern,"https://platform.brownjordan.com/media/catalog/product/1/9/19935_tropitone_large_b845.jpg?quality=80&bg-color=255,255,255&fit=bounds&height=&width=",https://www.tropitone.com/materials/fabrics/cushion-fabrics/19935
61090,Exquisite Aloe,Cushion Fabrics,,Green,"https://platform.brownjordan.com/media/catalog/product/6/1/61090_tropitone_large_d911.jpg?quality=80&bg-color=255,255,255&fit=bounds&height=&width=",https://www.tropitone.com/materials/fabrics/cushion-fabrics/61090
89155,Surf Ink,Cushion Fabrics,,Black,"https://platform.brownjordan.com/media/catalog/product/8/9/89155_tropitone_large_b864.jpg?quality=80&bg-color=255,255,255&fit=bounds&height=&width=",https://www.tropitone.com/materials/fabrics/cushion-fabrics/89155
57130,Quiet Pond,Cushion Fabrics,,Gray / Charcoal,"https://platform.brownjordan.com/media/catalog/product/5/7/57130_tropitone_large_680d.jpg?quality=80&bg-color=255,255,255&fit=bounds&height=&width=",https://www.tropitone.com/materials/fabrics/cushion-fabrics/57130
57132,Fog Bound,Cushion Fabrics,,Gray / Charcoal,"https://platform.brownjordan.com/media/catalog/product/5/7/57132_tropitone_large_d31b.jpg?quality=80&bg-color=255,255,255&fit=bounds&height=&width=",https://www.tropitone.com/materials/fabrics/cushion-fabrics/57132
61021,Pashmina Flannel,Cushion Fabrics,,Gray / Charcoal,"https://platform.brownjordan.com/media/catalog/product/6/1/61021_tropitone_large_7282.jpg?quality=80&bg-color=255,255,255&fit=bounds&height=&width=",https://www.tropitone.com/materials/fabrics/cushion-fabrics/61021
61082,Ariana Dew,Cushion Fabrics,,White / Ivory / Cream,"https://platform.brownjordan.com/media/catalog/product/6/1/61082_tropitone_large_acbe.jpg?quality=80&bg-color=255,255,255&fit=bounds&height=&width=",https://www.tropitone.com/materials/fabrics/cushion-fabrics/61082
spa,Spa,Cushion Fabrics,,Gray / Charcoal,"https://platform.brownjordan.com/media/catalog/product/s/p/spa_tropitone_large_17de.jpg?quality=80&bg-color=255,255,255&fit=bounds&height=&width=",https://www.tropitone.com/materials/fabrics/cushion-fabrics/spa
61078,Labyrinth Cloud,Cushion Fabrics,,White / Ivory / Cream,"https://platform.brownjordan.com/media/catalog/product/6/1/61078_tropitone_large_149e.jpg?quality=80&bg-color=255,255,255&fit=bounds&height=&width=",https://www.tropitone.com/materials/fabrics/cushion-fabrics/61078
61044,Posh Sky,Cushion Fabrics,,Blue / Navy / Teal,"https://platform.brownjordan.com/media/catalog/product/6/1/61044_tropitone_large_2222.jpg?quality=80&bg-color=255,255,255&fit=bounds&height=&width=",https://www.tropitone.com/materials/fabrics/cushion-fabrics/61044
61139,Kismet Moss,Cushion Fabrics,,Green,"https://platform.brownjordan.com/media/catalog/product/6/1/61139_tropitone_large_75e2.jpg?quality=80&bg-color=255,255,255&fit=bounds&height=&width=",https://www.tropitone.com/materials/fabrics/cushion-fabrics/61139
89092,Asgard Ash,Cushion Fabrics,,Gray / Charcoal,"https://platform.brownjordan.com/media/catalog/product/8/9/89092_tropitone_large_b6c4.jpg?quality=80&bg-color=255,255,255&fit=bounds&height=&width=",https://www.tropitone.com/materials/fabrics/cushion-fabrics/89092
61133,Crete Cloud,Cushion Fabrics,,White / Ivory / Cream,"https://platform.brownjordan.com/media/catalog/product/6/1/61133_tropitone_large_3eba.jpg?quality=80&bg-color=255,255,255&fit=bounds&height=&width=",https://www.tropitone.com/materials/fabrics/cushion-fabrics/61133
61147,Savvy Onyx,Cushion Fabrics,,Black,"https://platform.brownjordan.com/media/catalog/product/6/1/61147_tropitone_large_ba14.jpg?quality=80&bg-color=255,255,255&fit=bounds&height=&width=",https://www.tropitone.com/materials/fabrics/cushion-fabrics/61147
61076,Namibia Grey,Cushion Fabrics,,Gray / Charcoal,"https://platform.brownjordan.com/media/catalog/product/6/1/61076_tropitone_large_484d.jpg?quality=80&bg-color=255,255,255&fit=bounds&height=&width=",https://www.tropitone.com/materials/fabrics/cushion-fabrics/61076
61150,BluePoint Red,Cushion Fabrics,,Red / Coral / Pink,"https://platform.brownjordan.com/media/catalog/product/6/1/61150_tropitone_large_0f0e.jpg?quality=80&bg-color=255,255,255&fit=bounds&height=&width=",https://www.tropitone.com/materials/fabrics/cushion-fabrics/61150
89168,Infinity Dune,Cushion Fabrics,,Beige / Sand / Tan,"https://platform.brownjordan.com/media/catalog/product/8/9/89168_tropitone_large_b1aa.jpg?quality=80&bg-color=255,255,255&fit=bounds&height=&width=",https://www.tropitone.com/materials/fabrics/cushion-fabrics/89168
61059,Agra Pebble,Cushion Fabrics,,Gray / Charcoal,"https://platform.brownjordan.com/media/catalog/product/6/1/61059_tropitone_large_e97e.jpg?quality=80&bg-color=255,255,255&fit=bounds&height=&width=",https://www.tropitone.com/materials/fabrics/cushion-fabrics/61059
88879,Geo Bronze,Cushion Fabrics,,Brown / Bronze / Earth,"https://platform.brownjordan.com/media/catalog/product/8/8/88879_tropitone_large_1089.jpg?quality=80&bg-color=255,255,255&fit=bounds&height=&width=",https://www.tropitone.com/materials/fabrics/cushion-fabrics/88879
61112,Tailored Indigo,Cushion Fabrics,,Blue / Navy / Teal,"https://platform.brownjordan.com/media/catalog/product/6/1/61112_tropitone_large_a346.jpg?quality=80&bg-color=255,255,255&fit=bounds&height=&width=",https://www.tropitone.com/materials/fabrics/cushion-fabrics/61112
33907,Topaz Isle,Cushion Fabrics,,Red / Coral / Pink,"https://platform.brownjordan.com/media/catalog/product/3/3/33907_tropitone_large_de4f.jpg?quality=80&bg-color=255,255,255&fit=bounds&height=&width=",https://www.tropitone.com/materials/fabrics/cushion-fabrics/33907
lbk,Lodge-Black,Cushion Fabrics,,Gray / Charcoal,"https://platform.brownjordan.com/media/catalog/product/l/b/lbk_lodge_black_cord_welt_be2e.jpg?quality=80&bg-color=255,255,255&fit=bounds&height=&width=",https://www.tropitone.com/materials/fabrics/cushion-fabrics/lbk
61145,Chartres Rainfall,Cushion Fabrics,,Gray / Charcoal,"https://platform.brownjordan.com/media/catalog/product/6/1/61145_tropitone_large_0ac9.jpg?quality=80&bg-color=255,255,255&fit=bounds&height=&width=",https://www.tropitone.com/materials/fabrics/cushion-fabrics/61145
61163,Chinchilla Charcoal,Cushion Fabrics,,Gray / Charcoal,"https://platform.brownjordan.com/media/catalog/product/6/1/61163_tropitone_large_aafe.jpg?quality=80&bg-color=255,255,255&fit=bounds&height=&width=",https://www.tropitone.com/materials/fabrics/cushion-fabrics/61163
61036,Posh Aqua,Cushion Fabrics,,Gray / Charcoal,"https://platform.brownjordan.com/media/catalog/product/6/1/61036_tropitone_large_1e36.jpg?quality=80&bg-color=255,255,255&fit=bounds&height=&width=",https://www.tropitone.com/materials/fabrics/cushion-fabrics/61036
88880,Geo Nautical,Cushion Fabrics,,Gray / Charcoal,"https://platform.brownjordan.com/media/catalog/product/8/8/88880_tropitone_large_2e98.jpg?quality=80&bg-color=255,255,255&fit=bounds&height=&width=",https://www.tropitone.com/materials/fabrics/cushion-fabrics/88880
61041,Posh Snow,Cushion Fabrics,,White / Ivory / Cream,"https://platform.brownjordan.com/media/catalog/product/6/1/61041_tropitone_large_869c.jpg?quality=80&bg-color=255,255,255&fit=bounds&height=&width=",https://www.tropitone.com/materials/fabrics/cushion-fabrics/61041
61017,Pique Cloud,Cushion Fabrics,,White / Ivory / Cream,"https://platform.brownjordan.com/media/catalog/product/6/1/61017_tropitone_large_af1f.jpg?quality=80&bg-color=255,255,255&fit=bounds&height=&width=",https://www.tropitone.com/materials/fabrics/cushion-fabrics/61017
etn,Espresso-Tan,Cushion Fabrics,,Brown / Bronze / Earth,"https://platform.brownjordan.com/media/catalog/product/e/t/etn_espresso_tan_cord_weltjpg_53cf.jpg?quality=80&bg-color=255,255,255&fit=bounds&height=&width=",https://www.tropitone.com/materials/fabrics/cushion-fabrics/etn
57119,Light Brewed,Cushion Fabrics,,Gray / Charcoal,"https://platform.brownjordan.com/media/catalog/product/5/7/57119_tropitone_large_009b.jpg?quality=80&bg-color=255,255,255&fit=bounds&height=&width=",https://www.tropitone.com/materials/fabrics/cushion-fabrics/57119
88866,Sydney Oats,Cushion Fabrics,,Gray / Charcoal,"https://platform.brownjordan.com/media/catalog/product/8/8/88866_tropitone_large_349a.jpg?quality=80&bg-color=255,255,255&fit=bounds&height=&width=",https://www.tropitone.com/materials/fabrics/cushion-fabrics/88866
47621,Burlap II,Cushion Fabrics,,Beige / Sand / Tan,"https://platform.brownjordan.com/media/catalog/product/4/7/47621_tropitone_large_2e72.jpg?quality=80&bg-color=255,255,255&fit=bounds&height=&width=",https://www.tropitone.com/materials/fabrics/cushion-fabrics/47621
61004,Piazza Dove,Cushion Fabrics,,Gray / Charcoal,"https://platform.brownjordan.com/media/catalog/product/6/1/61004_tropitone_large_d8e9.jpg?quality=80&bg-color=255,255,255&fit=bounds&height=&width=",https://www.tropitone.com/materials/fabrics/cushion-fabrics/61004
61097,Piazza Lagoon,Cushion Fabrics,,Blue / Navy / Teal,"https://platform.brownjordan.com/media/catalog/product/6/1/61097_tropitone_large_99ad.jpg?quality=80&bg-color=255,255,255&fit=bounds&height=&width=",https://www.tropitone.com/materials/fabrics/cushion-fabrics/61097
47615,Rainfall I,Cushion Fabrics,,Gray / Charcoal,"https://platform.brownjordan.com/media/catalog/product/4/7/47615_tropitone_large_4fa2.jpg?quality=80&bg-color=255,255,255&fit=bounds&height=&width=",https://www.tropitone.com/materials/fabrics/cushion-fabrics/47615
4637,Forest Green (Marine),Cushion Fabrics,,Green,"https://platform.brownjordan.com/media/catalog/product/4/6/4637_tropitone_large_5178.jpg?quality=80&bg-color=255,255,255&fit=bounds&height=&width=",https://www.tropitone.com/materials/fabrics/cushion-fabrics/4637
89413,Sail Away Earth,Cushion Fabrics,,Brown / Bronze / Earth,"https://platform.brownjordan.com/media/catalog/product/8/9/89413_tropitone_large_6be5.jpg?quality=80&bg-color=255,255,255&fit=bounds&height=&width=",https://www.tropitone.com/materials/fabrics/cushion-fabrics/89413
61092,Exquisite Guava,Cushion Fabrics,,Beige / Sand / Tan,"https://platform.brownjordan.com/media/catalog/product/6/1/61092_tropitone_large_fca8.jpg?quality=80&bg-color=255,255,255&fit=bounds&height=&width=",https://www.tropitone.com/materials/fabrics/cushion-fabrics/61092
61007,Piazza Indigo,Cushion Fabrics,,Blue / Navy / Teal,"https://platform.brownjordan.com/media/catalog/product/6/1/61007_tropitone_large_9941.jpg?quality=80&bg-color=255,255,255&fit=bounds&height=&width=",https://www.tropitone.com/materials/fabrics/cushion-fabrics/61007
61026,Switch Ash,Cushion Fabrics,,Gray / Charcoal,"https://platform.brownjordan.com/media/catalog/product/6/1/61026_tropitone_large_4868.jpg?quality=80&bg-color=255,255,255&fit=bounds&height=&width=",https://www.tropitone.com/materials/fabrics/cushion-fabrics/61026
88874,Melody Lead,Cushion Fabrics,,Gray / Charcoal,"https://platform.brownjordan.com/media/catalog/product/8/8/88874_tropitone_large_9e1c.jpg?quality=80&bg-color=255,255,255&fit=bounds&height=&width=",https://www.tropitone.com/materials/fabrics/cushion-fabrics/88874
61020,Pashmina Alpaca,Cushion Fabrics,,Gray / Charcoal,"https://platform.brownjordan.com/media/catalog/product/6/1/61020_tropitone_large_df7b.jpg?quality=80&bg-color=255,255,255&fit=bounds&height=&width=",https://www.tropitone.com/materials/fabrics/cushion-fabrics/61020
61028,Switch Denim,Cushion Fabrics,,Blue / Navy / Teal,"https://platform.brownjordan.com/media/catalog/product/6/1/61028_tropitone_large_5eb4.jpg?quality=80&bg-color=255,255,255&fit=bounds&height=&width=",https://www.tropitone.com/materials/fabrics/cushion-fabrics/61028
61012,Pique Gravel,Cushion Fabrics,,Multi / Pattern,"https://platform.brownjordan.com/media/catalog/product/6/1/61012_tropitone_large_85ac.jpg?quality=80&bg-color=255,255,255&fit=bounds&height=&width=",https://www.tropitone.com/materials/fabrics/cushion-fabrics/61012
61162,LoveBoat Blue Stone,Cushion Fabrics,,Gray / Charcoal,"https://platform.brownjordan.com/media/catalog/product/6/1/61162_tropitone_large_a7c8.jpg?quality=80&bg-color=255,255,255&fit=bounds&height=&width=",https://www.tropitone.com/materials/fabrics/cushion-fabrics/61162
61023,Pashmina Fog,Cushion Fabrics,,Gray / Charcoal,"https://platform.brownjordan.com/media/catalog/product/6/1/61023_tropitone_large_f355.jpg?quality=80&bg-color=255,255,255&fit=bounds&height=&width=",https://www.tropitone.com/materials/fabrics/cushion-fabrics/61023
61143,Chartres Silk,Cushion Fabrics,,Beige / Sand / Tan,"https://platform.brownjordan.com/media/catalog/product/6/1/61143_tropitone_large_2b05.jpg?quality=80&bg-color=255,255,255&fit=bounds&height=&width=",https://www.tropitone.com/materials/fabrics/cushion-fabrics/61143
61129,Esti Limestone,Cushion Fabrics,,White / Ivory / Cream,"https://platform.brownjordan.com/media/catalog/product/6/1/61129_tropitone_large_bbd0.jpg?quality=80&bg-color=255,255,255&fit=bounds&height=&width=",https://www.tropitone.com/materials/fabrics/cushion-fabrics/61129
61010,Pique Salt,Cushion Fabrics,,Multi / Pattern,"https://platform.brownjordan.com/media/catalog/product/6/1/61010_tropitone_large_d3fd.jpg?quality=80&bg-color=255,255,255&fit=bounds&height=&width=",https://www.tropitone.com/materials/fabrics/cushion-fabrics/61010
61052,Chartres Cloud,Cushion Fabrics,,White / Ivory / Cream,"https://platform.brownjordan.com/media/catalog/product/6/1/61052_tropitone_large_5a88.jpg?quality=80&bg-color=255,255,255&fit=bounds&height=&width=",https://www.tropitone.com/materials/fabrics/cushion-fabrics/61052
61070,Precise Fawn,Cushion Fabrics,,Beige / Sand / Tan,"https://platform.brownjordan.com/media/catalog/product/6/1/61070_tropitone_large_2a98.jpg?quality=80&bg-color=255,255,255&fit=bounds&height=&width=",https://www.tropitone.com/materials/fabrics/cushion-fabrics/61070
61077,Labyrinth Fiesta,Cushion Fabrics,,White / Ivory / Cream,"https://platform.brownjordan.com/media/catalog/product/6/1/61077_tropitone_large_cea8.jpg?quality=80&bg-color=255,255,255&fit=bounds&height=&width=",https://www.tropitone.com/materials/fabrics/cushion-fabrics/61077
34494,Dart,Cushion Fabrics,,Red / Coral / Pink,"https://platform.brownjordan.com/media/catalog/product/3/4/34494_tropitone_large_be82.jpg?quality=80&bg-color=255,255,255&fit=bounds&height=&width=",https://www.tropitone.com/materials/fabrics/cushion-fabrics/34494
61138,Kismet Coral,Cushion Fabrics,,Red / Coral / Pink,"https://platform.brownjordan.com/media/catalog/product/6/1/61138_tropitone_large_2fc4.jpg?quality=80&bg-color=255,255,255&fit=bounds&height=&width=",https://www.tropitone.com/materials/fabrics/cushion-fabrics/61138
88037,Forest Green (Firesist),Cushion Fabrics,,Green,"https://platform.brownjordan.com/media/catalog/product/8/8/88037_tropitone_large_5dce.jpg?quality=80&bg-color=255,255,255&fit=bounds&height=&width=",https://www.tropitone.com/materials/fabrics/cushion-fabrics/88037
61089,Eberly II Spring,Cushion Fabrics,,Green,"https://platform.brownjordan.com/media/catalog/product/6/1/61089_tropitone_large_a17d.jpg?quality=80&bg-color=255,255,255&fit=bounds&height=&width=",https://www.tropitone.com/materials/fabrics/cushion-fabrics/61089
33904,Silver Isle,Cushion Fabrics,,Gray / Charcoal,"https://platform.brownjordan.com/media/catalog/product/3/3/33904_tropitone_large_8cae.jpg?quality=80&bg-color=255,255,255&fit=bounds&height=&width=",https://www.tropitone.com/materials/fabrics/cushion-fabrics/33904
88817,Static Sesame,Cushion Fabrics,,Beige / Sand / Tan,"https://platform.brownjordan.com/media/catalog/product/8/8/88817_tropitone_large_b4a1.jpg?quality=80&bg-color=255,255,255&fit=bounds&height=&width=",https://www.tropitone.com/materials/fabrics/cushion-fabrics/88817
bir,Birch,Cushion Fabrics,,Beige / Sand / Tan,"https://platform.brownjordan.com/media/catalog/product/b/i/bir_birch_cord_welt_0851.jpg?quality=80&bg-color=255,255,255&fit=bounds&height=&width=",https://www.tropitone.com/materials/fabrics/cushion-fabrics/bir
61018,Pashmina Indigo,Cushion Fabrics,,Blue / Navy / Teal,"https://platform.brownjordan.com/media/catalog/product/6/1/61018_tropitone_large_17da.jpg?quality=80&bg-color=255,255,255&fit=bounds&height=&width=",https://www.tropitone.com/materials/fabrics/cushion-fabrics/61018
61140,Kismet Denim,Cushion Fabrics,,Blue / Navy / Teal,"https://platform.brownjordan.com/media/catalog/product/6/1/61140_tropitone_large_d47d.jpg?quality=80&bg-color=255,255,255&fit=bounds&height=&width=",https://www.tropitone.com/materials/fabrics/cushion-fabrics/61140
61093,Exquisite II Indigo,Cushion Fabrics,,Blue / Navy / Teal,"https://platform.brownjordan.com/media/catalog/product/6/1/61093_tropitone_large_3764.jpg?quality=80&bg-color=255,255,255&fit=bounds&height=&width=",https://www.tropitone.com/materials/fabrics/cushion-fabrics/61093
61134,Santara Mist,Cushion Fabrics,,Gray / Charcoal,"https://platform.brownjordan.com/media/catalog/product/6/1/61134_tropitone_large_d4cd.jpg?quality=80&bg-color=255,255,255&fit=bounds&height=&width=",https://www.tropitone.com/materials/fabrics/cushion-fabrics/61134
61081,Boro Elegance,Cushion Fabrics,,White / Ivory / Cream,"https://platform.brownjordan.com/media/catalog/product/6/1/61081_tropitone_large_cc2e.jpg?quality=80&bg-color=255,255,255&fit=bounds&height=&width=",https://www.tropitone.com/materials/fabrics/cushion-fabrics/61081
89412,Static Cashew,Cushion Fabrics,,Beige / Sand / Tan,"https://platform.brownjordan.com/media/catalog/product/8/9/89412_tropitone_large_c784.jpg?quality=80&bg-color=255,255,255&fit=bounds&height=&width=",https://www.tropitone.com/materials/fabrics/cushion-fabrics/89412
61066,Ascend Tropical,Cushion Fabrics,,Red / Coral / Pink,"https://platform.brownjordan.com/media/catalog/product/6/1/61066_tropitone_large_97ad.jpg?quality=80&bg-color=255,255,255&fit=bounds&height=&width=",https://www.tropitone.com/materials/fabrics/cushion-fabrics/61066
61091,Exquisite Mist,Cushion Fabrics,,Gray / Charcoal,"https://platform.brownjordan.com/media/catalog/product/6/1/61091_tropitone_large_357a.jpg?quality=80&bg-color=255,255,255&fit=bounds&height=&width=",https://www.tropitone.com/materials/fabrics/cushion-fabrics/61091
89415,Storm Graphite,Cushion Fabrics,,Gray / Charcoal,"https://platform.brownjordan.com/media/catalog/product/8/9/89415_tropitone_large_162c.jpg?quality=80&bg-color=255,255,255&fit=bounds&height=&width=",https://www.tropitone.com/materials/fabrics/cushion-fabrics/89415
61060,Connection Onyx,Cushion Fabrics,,Black,"https://platform.brownjordan.com/media/catalog/product/6/1/61060_tropitone_large_44b4.jpg?quality=80&bg-color=255,255,255&fit=bounds&height=&width=",https://www.tropitone.com/materials/fabrics/cushion-fabrics/61060
61051,Chartres Rose,Cushion Fabrics,,Red / Coral / Pink,"https://platform.brownjordan.com/media/catalog/product/6/1/61051_tropitone_large_c1d0.jpg?quality=80&bg-color=255,255,255&fit=bounds&height=&width=",https://www.tropitone.com/materials/fabrics/cushion-fabrics/61051
15936,Action Stone,Cushion Fabrics,,Gray / Charcoal,"https://platform.brownjordan.com/media/catalog/product/1/5/15936_tropitone_large_9ccf.jpg?quality=80&bg-color=255,255,255&fit=bounds&height=&width=",https://www.tropitone.com/materials/fabrics/cushion-fabrics/15936
61039,Posh Dove,Cushion Fabrics,,Beige / Sand / Tan,"https://platform.brownjordan.com/media/catalog/product/6/1/61039_tropitone_large_e5e2.jpg?quality=80&bg-color=255,255,255&fit=bounds&height=&width=",https://www.tropitone.com/materials/fabrics/cushion-fabrics/61039
61046,Lure Pebble,Cushion Fabrics,,Gray / Charcoal,"https://platform.brownjordan.com/media/catalog/product/6/1/61046_tropitone_large_e5f4.jpg?quality=80&bg-color=255,255,255&fit=bounds&height=&width=",https://www.tropitone.com/materials/fabrics/cushion-fabrics/61046
47612,Burlap I,Cushion Fabrics,,Beige / Sand / Tan,"https://platform.brownjordan.com/media/catalog/product/4/7/47612_tropitone_large_a0f0.jpg?quality=80&bg-color=255,255,255&fit=bounds&height=&width=",https://www.tropitone.com/materials/fabrics/cushion-fabrics/47612
61193,Exquisite I Indigo,Cushion Fabrics,,Blue / Navy / Teal,"https://platform.brownjordan.com/media/catalog/product/6/1/61193_tropitone_large_b0b5.jpg?quality=80&bg-color=255,255,255&fit=bounds&height=&width=",https://www.tropitone.com/materials/fabrics/cushion-fabrics/61193
61161,LoveBoat Coral,Cushion Fabrics,,Red / Coral / Pink,"https://platform.brownjordan.com/media/catalog/product/6/1/61161_tropitone_large_b8c4.jpg?quality=80&bg-color=255,255,255&fit=bounds&height=&width=",https://www.tropitone.com/materials/fabrics/cushion-fabrics/61161
88877,Avila Dove,Cushion Fabrics,,Gray / Charcoal,"https://platform.brownjordan.com/media/catalog/product/8/8/88877_tropitone_large_41fa.jpg?quality=80&bg-color=255,255,255&fit=bounds&height=&width=",https://www.tropitone.com/materials/fabrics/cushion-fabrics/88877
61049,Chartres Mist,Cushion Fabrics,,Gray / Charcoal,"https://platform.brownjordan.com/media/catalog/product/6/1/61049_tropitone_large_8abf.jpg?quality=80&bg-color=255,255,255&fit=bounds&height=&width=",https://www.tropitone.com/materials/fabrics/cushion-fabrics/61049
61117,Posh Oat,Cushion Fabrics,,Orange / Rust,"https://platform.brownjordan.com/media/catalog/product/6/1/61117_tropitone_large_197c.jpg?quality=80&bg-color=255,255,255&fit=bounds&height=&width=",https://www.tropitone.com/materials/fabrics/cushion-fabrics/61117
61061,Tropics Jungle,Cushion Fabrics,,Black,"https://platform.brownjordan.com/media/catalog/product/6/1/61061_tropitone_large_2b93.jpg?quality=80&bg-color=255,255,255&fit=bounds&height=&width=",https://www.tropitone.com/materials/fabrics/cushion-fabrics/61061
61002,Piazza Vapor,Cushion Fabrics,,Beige / Sand / Tan,"https://platform.brownjordan.com/media/catalog/product/6/1/61002_tropitone_large_695a.jpg?quality=80&bg-color=255,255,255&fit=bounds&height=&width=",https://www.tropitone.com/materials/fabrics/cushion-fabrics/61002
89102,Panama Graphite,Cushion Fabrics,,Gray / Charcoal,"https://platform.brownjordan.com/media/catalog/product/8/9/89102_tropitone_large_f891.jpg?quality=80&bg-color=255,255,255&fit=bounds&height=&width=",https://www.tropitone.com/materials/fabrics/cushion-fabrics/89102
61033,Tailored Fog,Cushion Fabrics,,Gray / Charcoal,"https://platform.brownjordan.com/media/catalog/product/6/1/61033_tropitone_large_658c.jpg?quality=80&bg-color=255,255,255&fit=bounds&height=&width=",https://www.tropitone.com/materials/fabrics/cushion-fabrics/61033
89285,Lennox Espresso,Cushion Fabrics,,Brown / Bronze / Earth,"https://platform.brownjordan.com/media/catalog/product/8/9/89285_tropitone_large_8051.jpg?quality=80&bg-color=255,255,255&fit=bounds&height=&width=",https://www.tropitone.com/materials/fabrics/cushion-fabrics/89285
61119,Posh Lichen,Cushion Fabrics,,Gray / Charcoal,"https://platform.brownjordan.com/media/catalog/product/6/1/61119_tropitone_large_28b2.jpg?quality=80&bg-color=255,255,255&fit=bounds&height=&width=",https://www.tropitone.com/materials/fabrics/cushion-fabrics/61119
88871,Rumor Stone,Cushion Fabrics,,Gray / Charcoal,"https://platform.brownjordan.com/media/catalog/product/8/8/88871_tropitone_large_d48b.jpg?quality=80&bg-color=255,255,255&fit=bounds&height=&width=",https://www.tropitone.com/materials/fabrics/cushion-fabrics/88871
61075,Instinct Espresso,Cushion Fabrics,,Brown / Bronze / Earth,"https://platform.brownjordan.com/media/catalog/product/6/1/61075_tropitone_large_19bc.jpg?quality=80&bg-color=255,255,255&fit=bounds&height=&width=",https://www.tropitone.com/materials/fabrics/cushion-fabrics/61075
14919,Red Bank,Cushion Fabrics,,Red / Coral / Pink,"https://platform.brownjordan.com/media/catalog/product/1/4/14919_tropitone_large_cb2c.jpg?quality=80&bg-color=255,255,255&fit=bounds&height=&width=",https://www.tropitone.com/materials/fabrics/cushion-fabrics/14919
61053,Chartres Opal,Cushion Fabrics,,Beige / Sand / Tan,"https://platform.brownjordan.com/media/catalog/product/6/1/61053_tropitone_large_008f.jpg?quality=80&bg-color=255,255,255&fit=bounds&height=&width=",https://www.tropitone.com/materials/fabrics/cushion-fabrics/61053
88813,Summit Graphite,Cushion Fabrics,,Gray / Charcoal,"https://platform.brownjordan.com/media/catalog/product/8/8/88813_tropitone_large_551f.jpg?quality=80&bg-color=255,255,255&fit=bounds&height=&width=",https://www.tropitone.com/materials/fabrics/cushion-fabrics/88813
5425,Canvas Cocoa,Cushion Fabrics,,Brown / Bronze / Earth,"https://platform.brownjordan.com/media/catalog/product/5/4/5425_tropitone_large_e45c.jpg?quality=80&bg-color=255,255,255&fit=bounds&height=&width=",https://www.tropitone.com/materials/fabrics/cushion-fabrics/5425
89152,Crew Ink,Cushion Fabrics,,White / Ivory / Cream,"https://platform.brownjordan.com/media/catalog/product/8/9/89152_tropitone_large_c276.jpg?quality=80&bg-color=255,255,255&fit=bounds&height=&width=",https://www.tropitone.com/materials/fabrics/cushion-fabrics/89152
61144,Chartres Granite,Cushion Fabrics,,Gray / Charcoal,"https://platform.brownjordan.com/media/catalog/product/6/1/61144_tropitone_large_2bc7.jpg?quality=80&bg-color=255,255,255&fit=bounds&height=&width=",https://www.tropitone.com/materials/fabrics/cushion-fabrics/61144
61105,Glimpse Storm,Cushion Fabrics,,White / Ivory / Cream,"https://platform.brownjordan.com/media/catalog/product/6/1/61105_tropitone_large_7063.jpg?quality=80&bg-color=255,255,255&fit=bounds&height=&width=",https://www.tropitone.com/materials/fabrics/cushion-fabrics/61105
61035,Tailored Spa,Cushion Fabrics,,Gray / Charcoal,"https://platform.brownjordan.com/media/catalog/product/6/1/61035_tropitone_large_ef4f.jpg?quality=80&bg-color=255,255,255&fit=bounds&height=&width=",https://www.tropitone.com/materials/fabrics/cushion-fabrics/61035
61048,Chartres Pebble,Cushion Fabrics,,Gray / Charcoal,"https://platform.brownjordan.com/media/catalog/product/6/1/61048_tropitone_large_208a.jpg?quality=80&bg-color=255,255,255&fit=bounds&height=&width=",https://www.tropitone.com/materials/fabrics/cushion-fabrics/61048
ble,Charcoal Blend,Cushion Fabrics,,Gray / Charcoal,"https://platform.brownjordan.com/media/catalog/product/b/l/ble_tropitone_large_a008.jpg?quality=80&bg-color=255,255,255&fit=bounds&height=&width=",https://www.tropitone.com/materials/fabrics/cushion-fabrics/ble
61141,Chartres Graphite,Cushion Fabrics,,Gray / Charcoal,"https://platform.brownjordan.com/media/catalog/product/6/1/61141_tropitone_large_028f.jpg?quality=80&bg-color=255,255,255&fit=bounds&height=&width=",https://www.tropitone.com/materials/fabrics/cushion-fabrics/61141
61159,BluePoint Ivory,Cushion Fabrics,,White / Ivory / Cream,"https://platform.brownjordan.com/media/catalog/product/6/1/61159_tropitone_large_dfe1.jpg?quality=80&bg-color=255,255,255&fit=bounds&height=&width=",https://www.tropitone.com/materials/fabrics/cushion-fabrics/61159
89106,Panama Snow White,Cushion Fabrics,,White / Ivory / Cream,"https://platform.brownjordan.com/media/catalog/product/8/9/89106_tropitone_large_e785.jpg?quality=80&bg-color=255,255,255&fit=bounds&height=&width=",https://www.tropitone.com/materials/fabrics/cushion-fabrics/89106
61011,Pique Flax,Cushion Fabrics,,Beige / Sand / Tan,"https://platform.brownjordan.com/media/catalog/product/6/1/61011_tropitone_large_4452.jpg?quality=80&bg-color=255,255,255&fit=bounds&height=&width=",https://www.tropitone.com/materials/fabrics/cushion-fabrics/61011
61005,Piazza Stone,Cushion Fabrics,,Gray / Charcoal,"https://platform.brownjordan.com/media/catalog/product/6/1/61005_tropitone_large_9733.jpg?quality=80&bg-color=255,255,255&fit=bounds&height=&width=",https://www.tropitone.com/materials/fabrics/cushion-fabrics/61005
61164,Chinchilla Bright White,Cushion Fabrics,,White / Ivory / Cream,"https://platform.brownjordan.com/media/catalog/product/6/1/61164_tropitone_large_1fc2.jpg?quality=80&bg-color=255,255,255&fit=bounds&height=&width=",https://www.tropitone.com/materials/fabrics/cushion-fabrics/61164
61086,Eberly Clay,Cushion Fabrics,,Beige / Sand / Tan,"https://platform.brownjordan.com/media/catalog/product/6/1/61086_tropitone_large_af8a.jpg?quality=80&bg-color=255,255,255&fit=bounds&height=&width=",https://www.tropitone.com/materials/fabrics/cushion-fabrics/61086
61027,Switch Indigo,Cushion Fabrics,,Blue / Navy / Teal,"https://platform.brownjordan.com/media/catalog/product/6/1/61027_tropitone_large_40ae.jpg?quality=80&bg-color=255,255,255&fit=bounds&height=&width=",https://www.tropitone.com/materials/fabrics/cushion-fabrics/61027
61137,Kismet Flax,Cushion Fabrics,,Beige / Sand / Tan,"https://platform.brownjordan.com/media/catalog/product/6/1/61137_tropitone_large_1d7b.jpg?quality=80&bg-color=255,255,255&fit=bounds&height=&width=",https://www.tropitone.com/materials/fabrics/cushion-fabrics/61137
61153,BluePoint Granite,Cushion Fabrics,,Gray / Charcoal,"https://platform.brownjordan.com/media/catalog/product/6/1/61153_tropitone_large_6cc1.jpg?quality=80&bg-color=255,255,255&fit=bounds&height=&width=",https://www.tropitone.com/materials/fabrics/cushion-fabrics/61153
61118,Posh Ash,Cushion Fabrics,,Gray / Charcoal,"https://platform.brownjordan.com/media/catalog/product/6/1/61118_tropitone_large_31aa.jpg?quality=80&bg-color=255,255,255&fit=bounds&height=&width=",https://www.tropitone.com/materials/fabrics/cushion-fabrics/61118
61168,Seascape,Tight Seat and Pad Fabrics,,Gray / Charcoal,"https://platform.brownjordan.com/media/catalog/product/6/1/61168_seascape_8b69.jpg?quality=80&bg-color=255,255,255&fit=bounds&height=&width=",https://www.tropitone.com/materials/fabrics/tight-seat-and-pad-fabrics/61168
61167,Luxe Black,Tight Seat and Pad Fabrics,,Black,"https://platform.brownjordan.com/media/catalog/product/6/1/61167_luxe_black_59fd.jpg?quality=80&bg-color=255,255,255&fit=bounds&height=&width=",https://www.tropitone.com/materials/fabrics/tight-seat-and-pad-fabrics/61167
61166,Sage Blue,Tight Seat and Pad Fabrics,,Green,"https://platform.brownjordan.com/media/catalog/product/6/1/61166_sage_blue_4133.jpg?quality=80&bg-color=255,255,255&fit=bounds&height=&width=",https://www.tropitone.com/materials/fabrics/tight-seat-and-pad-fabrics/61166
61165,White Hot,Tight Seat and Pad Fabrics,,White / Ivory / Cream,"https://platform.brownjordan.com/media/catalog/product/6/1/61165_whitehot_1839.jpg?quality=80&bg-color=255,255,255&fit=bounds&height=&width=",https://www.tropitone.com/materials/fabrics/tight-seat-and-pad-fabrics/61165
89066,Evergreen,Tight Seat and Pad Fabrics,,Green,"https://platform.brownjordan.com/media/catalog/product/8/9/89066_tropitone_large_bee0.jpg?quality=80&bg-color=255,255,255&fit=bounds&height=&width=",https://www.tropitone.com/materials/fabrics/tight-seat-and-pad-fabrics/89066
10276,Poppy Red,Tight Seat and Pad Fabrics,,Red / Coral / Pink,"https://platform.brownjordan.com/media/catalog/product/1/0/10276_tropitone_large_e3fc.jpg?quality=80&bg-color=255,255,255&fit=bounds&height=&width=",https://www.tropitone.com/materials/fabrics/tight-seat-and-pad-fabrics/10276
12334,Calistoga,Tight Seat and Pad Fabrics,,Multi / Pattern,"https://platform.brownjordan.com/media/catalog/product/1/2/12334_tropitone_large_1015.jpg?quality=80&bg-color=255,255,255&fit=bounds&height=&width=",https://www.tropitone.com/materials/fabrics/tight-seat-and-pad-fabrics/12334
89059,Caramel,Tight Seat and Pad Fabrics,,Brown / Bronze / Earth,"https://platform.brownjordan.com/media/catalog/product/8/9/89059_tropitone_large_0bd3.jpg?quality=80&bg-color=255,255,255&fit=bounds&height=&width=",https://www.tropitone.com/materials/fabrics/tight-seat-and-pad-fabrics/89059
89028,Chestnut,Tight Seat and Pad Fabrics,,Brown / Bronze / Earth,"https://platform.brownjordan.com/media/catalog/product/8/9/89028_tropitone_large_89a4.jpg?quality=80&bg-color=255,255,255&fit=bounds&height=&width=",https://www.tropitone.com/materials/fabrics/tight-seat-and-pad-fabrics/89028
14346,Royal Blue,Tight Seat and Pad Fabrics,,Blue / Navy / Teal,"https://platform.brownjordan.com/media/catalog/product/1/4/14346_tropitone_large_0cbc.jpg?quality=80&bg-color=255,255,255&fit=bounds&height=&width=",https://www.tropitone.com/materials/fabrics/tight-seat-and-pad-fabrics/14346
89148,Pasadena Cobblestone,Tight Seat and Pad Fabrics,,Gray / Charcoal,"https://platform.brownjordan.com/media/catalog/product/8/9/89148_tropitone_large_1fb2.jpg?quality=80&bg-color=255,255,255&fit=bounds&height=&width=",https://www.tropitone.com/materials/fabrics/tight-seat-and-pad-fabrics/89148
89029,Ebony,Tight Seat and Pad Fabrics,,Black,"https://platform.brownjordan.com/media/catalog/product/8/9/89029_tropitone_large_04f8.jpg?quality=80&bg-color=255,255,255&fit=bounds&height=&width=",https://www.tropitone.com/materials/fabrics/tight-seat-and-pad-fabrics/89029
89025,Cloud,Tight Seat and Pad Fabrics,,White / Ivory / Cream,"https://platform.brownjordan.com/media/catalog/product/8/9/89025_tropitone_large_844b.jpg?quality=80&bg-color=255,255,255&fit=bounds&height=&width=",https://www.tropitone.com/materials/fabrics/tight-seat-and-pad-fabrics/89025
89146,Pasadena Navy,Tight Seat and Pad Fabrics,,Blue / Navy / Teal,"https://platform.brownjordan.com/media/catalog/product/8/9/89146_tropitone_large_91a5.jpg?quality=80&bg-color=255,255,255&fit=bounds&height=&width=",https://www.tropitone.com/materials/fabrics/tight-seat-and-pad-fabrics/89146
89068,Sodalite,Tight Seat and Pad Fabrics,,Blue / Navy / Teal,"https://platform.brownjordan.com/media/catalog/product/8/9/89068_tropitone_large_42cc.jpg?quality=80&bg-color=255,255,255&fit=bounds&height=&width=",https://www.tropitone.com/materials/fabrics/tight-seat-and-pad-fabrics/89068
89055,Aloe Vera,Tight Seat and Pad Fabrics,,Green,"https://platform.brownjordan.com/media/catalog/product/8/9/89055_tropitone_large_c00d.jpg?quality=80&bg-color=255,255,255&fit=bounds&height=&width=",https://www.tropitone.com/materials/fabrics/tight-seat-and-pad-fabrics/89055
20301,Valencia,Tight Seat and Pad Fabrics,,Gray / Charcoal,"https://platform.brownjordan.com/media/catalog/product/2/0/20301_tropitone_large_9214.jpg?quality=80&bg-color=255,255,255&fit=bounds&height=&width=",https://www.tropitone.com/materials/fabrics/tight-seat-and-pad-fabrics/20301
17423,Foothills,Tight Seat and Pad Fabrics,,Gray / Charcoal,"https://platform.brownjordan.com/media/catalog/product/1/7/17423_tropitone_large_e574.jpg?quality=80&bg-color=255,255,255&fit=bounds&height=&width=",https://www.tropitone.com/materials/fabrics/tight-seat-and-pad-fabrics/17423
37110,Midnight,Tight Seat and Pad Fabrics,,Black,"https://platform.brownjordan.com/media/catalog/product/3/7/37110_tropitone_large_b750.jpg?quality=80&bg-color=255,255,255&fit=bounds&height=&width=",https://www.tropitone.com/materials/fabrics/tight-seat-and-pad-fabrics/37110
89131,Charm Tango,Tight Seat and Pad Fabrics,,Multi / Pattern,"https://platform.brownjordan.com/media/catalog/product/8/9/89131_tropitone_large_a1e2.jpg?quality=80&bg-color=255,255,255&fit=bounds&height=&width=",https://www.tropitone.com/materials/fabrics/tight-seat-and-pad-fabrics/89131
89021,Almond,Tight Seat and Pad Fabrics,,Beige / Sand / Tan,"https://platform.brownjordan.com/media/catalog/product/8/9/89021_tropitone_large_2f88.jpg?quality=80&bg-color=255,255,255&fit=bounds&height=&width=",https://www.tropitone.com/materials/fabrics/tight-seat-and-pad-fabrics/89021
14204,Blue Sky,Tight Seat and Pad Fabrics,,Blue / Navy / Teal,"https://platform.brownjordan.com/media/catalog/product/1/4/14204_tropitone_large_48b8.jpg?quality=80&bg-color=255,255,255&fit=bounds&height=&width=",https://www.tropitone.com/materials/fabrics/tight-seat-and-pad-fabrics/14204
1174,Bogota,Tight Seat and Pad Fabrics,,Gray / Charcoal,"https://platform.brownjordan.com/media/catalog/product/1/1/1174_tropitone_large_1f84.jpg?quality=80&bg-color=255,255,255&fit=bounds&height=&width=",https://www.tropitone.com/materials/fabrics/tight-seat-and-pad-fabrics/1174
89026,Platinum Grey,Tight Seat and Pad Fabrics,,Gray / Charcoal,"https://platform.brownjordan.com/media/catalog/product/8/9/89026_tropitone_large_60b9.jpg?quality=80&bg-color=255,255,255&fit=bounds&height=&width=",https://www.tropitone.com/materials/fabrics/tight-seat-and-pad-fabrics/89026
89065,Sparrow,Tight Seat and Pad Fabrics,,Brown / Bronze / Earth,"https://platform.brownjordan.com/media/catalog/product/8/9/89065_tropitone_large_1b29.jpg?quality=80&bg-color=255,255,255&fit=bounds&height=&width=",https://www.tropitone.com/materials/fabrics/tight-seat-and-pad-fabrics/89065
40330,Caballeros,Tight Seat and Pad Fabrics,,Gray / Charcoal,"https://platform.brownjordan.com/media/catalog/product/4/0/40330_tropitone_large_3d03.jpg?quality=80&bg-color=255,255,255&fit=bounds&height=&width=",https://www.tropitone.com/materials/fabrics/tight-seat-and-pad-fabrics/40330
23256,Mountain Stone,Tight Seat and Pad Fabrics,,Gray / Charcoal,"https://platform.brownjordan.com/media/catalog/product/2/3/23256_tropitone_large_a403.jpg?quality=80&bg-color=255,255,255&fit=bounds&height=&width=",https://www.tropitone.com/materials/fabrics/tight-seat-and-pad-fabrics/23256
20273,Lemon Lime,Tight Seat and Pad Fabrics,,Yellow / Gold,"https://platform.brownjordan.com/media/catalog/product/2/0/20273_tropitone_large_110f.jpg?quality=80&bg-color=255,255,255&fit=bounds&height=&width=",https://www.tropitone.com/materials/fabrics/tight-seat-and-pad-fabrics/20273
24324,Night River,Tight Seat and Pad Fabrics,,Gray / Charcoal,"https://platform.brownjordan.com/media/catalog/product/2/4/24324_tropitone_large_2fc8.jpg?quality=80&bg-color=255,255,255&fit=bounds&height=&width=",https://www.tropitone.com/materials/fabrics/tight-seat-and-pad-fabrics/24324
39105,Breezeway,Tight Seat and Pad Fabrics,,Gray / Charcoal,"https://platform.brownjordan.com/media/catalog/product/3/9/39105_tropitone_large_add0.jpg?quality=80&bg-color=255,255,255&fit=bounds&height=&width=",https://www.tropitone.com/materials/fabrics/tight-seat-and-pad-fabrics/39105
23255,Dark Carbon,Tight Seat and Pad Fabrics,,Gray / Charcoal,"https://platform.brownjordan.com/media/catalog/product/2/3/23255_tropitone_large_7cc6.jpg?quality=80&bg-color=255,255,255&fit=bounds&height=&width=",https://www.tropitone.com/materials/fabrics/tight-seat-and-pad-fabrics/23255
11233,Corniche,Tight Seat and Pad Fabrics,,Beige / Sand / Tan,"https://platform.brownjordan.com/media/catalog/product/1/1/11233_tropitone_large_636e.jpg?quality=80&bg-color=255,255,255&fit=bounds&height=&width=",https://www.tropitone.com/materials/fabrics/tight-seat-and-pad-fabrics/11233
89056,Atoll,Tight Seat and Pad Fabrics,,Blue / Navy / Teal,"https://platform.brownjordan.com/media/catalog/product/8/9/89056_tropitone_large_e62e.jpg?quality=80&bg-color=255,255,255&fit=bounds&height=&width=",https://www.tropitone.com/materials/fabrics/tight-seat-and-pad-fabrics/89056
12344,Silver Spoon,Tight Seat and Pad Fabrics,,Gray / Charcoal,"https://platform.brownjordan.com/media/catalog/product/1/2/12344_tropitone_large_7856.jpg?quality=80&bg-color=255,255,255&fit=bounds&height=&width=",https://www.tropitone.com/materials/fabrics/tight-seat-and-pad-fabrics/12344
89132,Napa Batik Blue,Tight Seat and Pad Fabrics,,Blue / Navy / Teal,"https://platform.brownjordan.com/media/catalog/product/8/9/89132_tropitone_large_82a3.jpg?quality=80&bg-color=255,255,255&fit=bounds&height=&width=",https://www.tropitone.com/materials/fabrics/tight-seat-and-pad-fabrics/89132
17418,Carbonite,Tight Seat and Pad Fabrics,,Gray / Charcoal,"https://platform.brownjordan.com/media/catalog/product/1/7/17418_tropitone_large_828c.jpg?quality=80&bg-color=255,255,255&fit=bounds&height=&width=",https://www.tropitone.com/materials/fabrics/tight-seat-and-pad-fabrics/17418
89030,Peacock,Tight Seat and Pad Fabrics,,Blue / Navy / Teal,"https://platform.brownjordan.com/media/catalog/product/8/9/89030_tropitone_large_35c2.jpg?quality=80&bg-color=255,255,255&fit=bounds&height=&width=",https://www.tropitone.com/materials/fabrics/tight-seat-and-pad-fabrics/89030
89147,Pasadena Grey Topaz,Tight Seat and Pad Fabrics,,Gray / Charcoal,"https://platform.brownjordan.com/media/catalog/product/8/9/89147_tropitone_large_43cf.jpg?quality=80&bg-color=255,255,255&fit=bounds&height=&width=",https://www.tropitone.com/materials/fabrics/tight-seat-and-pad-fabrics/89147
29323,Pepperwood,Tight Seat and Pad Fabrics,,Gray / Charcoal,"https://platform.brownjordan.com/media/catalog/product/2/9/29323_tropitone_large_1226.jpg?quality=80&bg-color=255,255,255&fit=bounds&height=&width=",https://www.tropitone.com/materials/fabrics/tight-seat-and-pad-fabrics/29323
89149,Madras Tweed Niko,Tight Seat and Pad Fabrics,,Multi / Pattern,"https://platform.brownjordan.com/media/catalog/product/8/9/89149_tropitone_large_f1b7.jpg?quality=80&bg-color=255,255,255&fit=bounds&height=&width=",https://www.tropitone.com/materials/fabrics/tight-seat-and-pad-fabrics/89149
41118,Seagull,Tight Seat and Pad Fabrics,,Gray / Charcoal,"https://platform.brownjordan.com/media/catalog/product/4/1/41118_tropitone_large_9e01.jpg?quality=80&bg-color=255,255,255&fit=bounds&height=&width=",https://www.tropitone.com/materials/fabrics/tight-seat-and-pad-fabrics/41118
10321,Rincon,Tight Seat and Pad Fabrics,,Beige / Sand / Tan,"https://platform.brownjordan.com/media/catalog/product/1/0/10321_tropitone_large_89ca.jpg?quality=80&bg-color=255,255,255&fit=bounds&height=&width=",https://www.tropitone.com/materials/fabrics/tight-seat-and-pad-fabrics/10321
11309,Metallica,Tight Seat and Pad Fabrics,,Gray / Charcoal,"https://platform.brownjordan.com/media/catalog/product/1/1/11309_tropitone_large_9ea4.jpg?quality=80&bg-color=255,255,255&fit=bounds&height=&width=",https://www.tropitone.com/materials/fabrics/tight-seat-and-pad-fabrics/11309
89150,Madras Tweed Blueprint,Tight Seat and Pad Fabrics,,Multi / Pattern,"https://platform.brownjordan.com/media/catalog/product/8/9/89150_tropitone_large_b722.jpg?quality=80&bg-color=255,255,255&fit=bounds&height=&width=",https://www.tropitone.com/materials/fabrics/tight-seat-and-pad-fabrics/89150
27523,Wintermoor,Tight Seat and Pad Fabrics,,Gray / Charcoal,"https://platform.brownjordan.com/media/catalog/product/2/7/27523_tropitone_large_e43d.jpg?quality=80&bg-color=255,255,255&fit=bounds&height=&width=",https://www.tropitone.com/materials/fabrics/tight-seat-and-pad-fabrics/27523
10272,Blue Lagoon,Tight Seat and Pad Fabrics,,Blue / Navy / Teal,"https://platform.brownjordan.com/media/catalog/product/1/0/10272_tropitone_large_8cbf.jpg?quality=80&bg-color=255,255,255&fit=bounds&height=&width=",https://www.tropitone.com/materials/fabrics/tight-seat-and-pad-fabrics/10272
12327,Watercolor Tweed,Tight Seat and Pad Fabrics,,Multi / Pattern,"https://platform.brownjordan.com/media/catalog/product/1/2/12327_tropitone_large_b9b4.jpg?quality=80&bg-color=255,255,255&fit=bounds&height=&width=",https://www.tropitone.com/materials/fabrics/tight-seat-and-pad-fabrics/12327
12360,Mia II,Tight Seat and Pad Fabrics,,Black,"https://platform.brownjordan.com/media/catalog/product/1/2/12360_tropitone_large_c012.jpg?quality=80&bg-color=255,255,255&fit=bounds&height=&width=",https://www.tropitone.com/materials/fabrics/tight-seat-and-pad-fabrics/12360
89054,Mica,Tight Seat and Pad Fabrics,,Gray / Charcoal,"https://platform.brownjordan.com/media/catalog/product/8/9/89054_tropitone_large_cec7.jpg?quality=80&bg-color=255,255,255&fit=bounds&height=&width=",https://www.tropitone.com/materials/fabrics/tight-seat-and-pad-fabrics/89054
27519,Mossy Bark,Tight Seat and Pad Fabrics,,Gray / Charcoal,"https://platform.brownjordan.com/media/catalog/product/2/7/27519_tropitone_large_fab5.jpg?quality=80&bg-color=255,255,255&fit=bounds&height=&width=",https://www.tropitone.com/materials/fabrics/tight-seat-and-pad-fabrics/27519
17415,Deep Woods,Tight Seat and Pad Fabrics,,Black,"https://platform.brownjordan.com/media/catalog/product/1/7/17415_tropitone_large_b873.jpg?quality=80&bg-color=255,255,255&fit=bounds&height=&width=",https://www.tropitone.com/materials/fabrics/tight-seat-and-pad-fabrics/17415
5900,Deerfield,Tight Seat and Pad Fabrics,,Beige / Sand / Tan,"https://platform.brownjordan.com/media/catalog/product/5/9/5900_tropitone_large_1a4b.jpg?quality=80&bg-color=255,255,255&fit=bounds&height=&width=",https://www.tropitone.com/materials/fabrics/tight-seat-and-pad-fabrics/5900
89060,Ladybird,Tight Seat and Pad Fabrics,,Red / Coral / Pink,"https://platform.brownjordan.com/media/catalog/product/8/9/89060_tropitone_large_2e17.jpg?quality=80&bg-color=255,255,255&fit=bounds&height=&width=",https://www.tropitone.com/materials/fabrics/tight-seat-and-pad-fabrics/89060
17417,Facets,Tight Seat and Pad Fabrics,,Gray / Charcoal,"https://platform.brownjordan.com/media/catalog/product/1/7/17417_tropitone_large_cab4.jpg?quality=80&bg-color=255,255,255&fit=bounds&height=&width=",https://www.tropitone.com/materials/fabrics/tight-seat-and-pad-fabrics/17417
89061,Birch,Tight Seat and Pad Fabrics,,Beige / Sand / Tan,"https://platform.brownjordan.com/media/catalog/product/8/9/89061_tropitone_large_eacb.jpg?quality=80&bg-color=255,255,255&fit=bounds&height=&width=",https://www.tropitone.com/materials/fabrics/tight-seat-and-pad-fabrics/89061
23257,Glamis Dunes,Tight Seat and Pad Fabrics,,Gray / Charcoal,"https://platform.brownjordan.com/media/catalog/product/2/3/23257_tropitone_large_b9d9.jpg?quality=80&bg-color=255,255,255&fit=bounds&height=&width=",https://www.tropitone.com/materials/fabrics/tight-seat-and-pad-fabrics/23257
89023,Raffia,Tight Seat and Pad Fabrics,,White / Ivory / Cream,"https://platform.brownjordan.com/media/catalog/product/8/9/89023_tropitone_large_65c3.jpg?quality=80&bg-color=255,255,255&fit=bounds&height=&width=",https://www.tropitone.com/materials/fabrics/tight-seat-and-pad-fabrics/89023
27520,Westlands,Tight Seat and Pad Fabrics,,Gray / Charcoal,"https://platform.brownjordan.com/media/catalog/product/2/7/27520_tropitone_large_369a.jpg?quality=80&bg-color=255,255,255&fit=bounds&height=&width=",https://www.tropitone.com/materials/fabrics/tight-seat-and-pad-fabrics/27520
27515,Cafe,Tight Seat and Pad Fabrics,,Gray / Charcoal,"https://platform.brownjordan.com/media/catalog/product/2/7/27515_tropitone_large_b504.jpg?quality=80&bg-color=255,255,255&fit=bounds&height=&width=",https://www.tropitone.com/materials/fabrics/tight-seat-and-pad-fabrics/27515
15110,Rosetta Stone,Tight Seat and Pad Fabrics,,Gray / Charcoal,"https://platform.brownjordan.com/media/catalog/product/1/5/15110_tropitone_large_bad9.jpg?quality=80&bg-color=255,255,255&fit=bounds&height=&width=",https://www.tropitone.com/materials/fabrics/tight-seat-and-pad-fabrics/15110
29134,Gaviota,Tight Seat and Pad Fabrics,,Black,"https://platform.brownjordan.com/media/catalog/product/2/9/29134_tropitone_large_19bd.jpg?quality=80&bg-color=255,255,255&fit=bounds&height=&width=",https://www.tropitone.com/materials/fabrics/tight-seat-and-pad-fabrics/29134
11370,Gold Coast,Tight Seat and Pad Fabrics,,Yellow / Gold,"https://platform.brownjordan.com/media/catalog/product/1/1/11370_tropitone_large_17d7.jpg?quality=80&bg-color=255,255,255&fit=bounds&height=&width=",https://www.tropitone.com/materials/fabrics/tight-seat-and-pad-fabrics/11370
89067,Dark Night,Tight Seat and Pad Fabrics,,Gray / Charcoal,"https://platform.brownjordan.com/media/catalog/product/8/9/89067_tropitone_large_8ead.jpg?quality=80&bg-color=255,255,255&fit=bounds&height=&width=",https://www.tropitone.com/materials/fabrics/tight-seat-and-pad-fabrics/89067
13268,Gray Gate,Tight Seat and Pad Fabrics,,Gray / Charcoal,"https://platform.brownjordan.com/media/catalog/product/1/3/13268_tropitone_large_f4f8.jpg?quality=80&bg-color=255,255,255&fit=bounds&height=&width=",https://www.tropitone.com/materials/fabrics/tight-seat-and-pad-fabrics/13268
13381,Sparkling Water,Tight Seat and Pad Fabrics,,Beige / Sand / Tan,"https://platform.brownjordan.com/media/catalog/product/1/3/13381_tropitone_large_3ae9.jpg?quality=80&bg-color=255,255,255&fit=bounds&height=&width=",https://www.tropitone.com/materials/fabrics/tight-seat-and-pad-fabrics/13381
12326,Twilight,Tight Seat and Pad Fabrics,,Black,"https://platform.brownjordan.com/media/catalog/product/1/2/12326_tropitone_large_e59f.jpg?quality=80&bg-color=255,255,255&fit=bounds&height=&width=",https://www.tropitone.com/materials/fabrics/tight-seat-and-pad-fabrics/12326
89057,Duck,Tight Seat and Pad Fabrics,,Green,"https://platform.brownjordan.com/media/catalog/product/8/9/89057_tropitone_large_7005.jpg?quality=80&bg-color=255,255,255&fit=bounds&height=&width=",https://www.tropitone.com/materials/fabrics/tight-seat-and-pad-fabrics/89057
89062,Spring,Tight Seat and Pad Fabrics,,Green,"https://platform.brownjordan.com/media/catalog/product/8/9/89062_tropitone_large_f606.jpg?quality=80&bg-color=255,255,255&fit=bounds&height=&width=",https://www.tropitone.com/materials/fabrics/tight-seat-and-pad-fabrics/89062
89069,Beige Grey,Tight Seat and Pad Fabrics,,Beige / Sand / Tan,"https://platform.brownjordan.com/media/catalog/product/8/9/89069_tropitone_large_4f51.jpg?quality=80&bg-color=255,255,255&fit=bounds&height=&width=",https://www.tropitone.com/materials/fabrics/tight-seat-and-pad-fabrics/89069
89024,Mist,Tight Seat and Pad Fabrics,,Gray / Charcoal,"https://platform.brownjordan.com/media/catalog/product/8/9/89024_tropitone_large_d608.jpg?quality=80&bg-color=255,255,255&fit=bounds&height=&width=",https://www.tropitone.com/materials/fabrics/tight-seat-and-pad-fabrics/89024
17419,Pathway,Tight Seat and Pad Fabrics,,Gray / Charcoal,"https://platform.brownjordan.com/media/catalog/product/1/7/17419_tropitone_large_e2e8.jpg?quality=80&bg-color=255,255,255&fit=bounds&height=&width=",https://www.tropitone.com/materials/fabrics/tight-seat-and-pad-fabrics/17419
15223,Skyline Steel,Tight Seat and Pad Fabrics,,Black,"https://platform.brownjordan.com/media/catalog/product/1/5/15223_tropitone_large_41c6.jpg?quality=80&bg-color=255,255,255&fit=bounds&height=&width=",https://www.tropitone.com/materials/fabrics/tight-seat-and-pad-fabrics/15223
19210,Cape Cove,Tight Seat and Pad Fabrics,,Gray / Charcoal,"https://platform.brownjordan.com/media/catalog/product/1/9/19210_tropitone_large_d896.jpg?quality=80&bg-color=255,255,255&fit=bounds&height=&width=",https://www.tropitone.com/materials/fabrics/tight-seat-and-pad-fabrics/19210
89022,Snow,Tight Seat and Pad Fabrics,,White / Ivory / Cream,"https://platform.brownjordan.com/media/catalog/product/8/9/89022_tropitone_large_56be.jpg?quality=80&bg-color=255,255,255&fit=bounds&height=&width=",https://www.tropitone.com/materials/fabrics/tight-seat-and-pad-fabrics/89022
89027,Slate,Tight Seat and Pad Fabrics,,Gray / Charcoal,"https://platform.brownjordan.com/media/catalog/product/8/9/89027_tropitone_large_6b3f.jpg?quality=80&bg-color=255,255,255&fit=bounds&height=&width=",https://www.tropitone.com/materials/fabrics/tight-seat-and-pad-fabrics/89027
40335,Chimayo,Tight Seat and Pad Fabrics,,Gray / Charcoal,"https://platform.brownjordan.com/media/catalog/product/4/0/40335_tropitone_large_7647.jpg?quality=80&bg-color=255,255,255&fit=bounds&height=&width=",https://www.tropitone.com/materials/fabrics/tight-seat-and-pad-fabrics/40335
89058,Orange,Tight Seat and Pad Fabrics,,Orange / Rust,"https://platform.brownjordan.com/media/catalog/product/8/9/89058_tropitone_large_31b6.jpg?quality=80&bg-color=255,255,255&fit=bounds&height=&width=",https://www.tropitone.com/materials/fabrics/tight-seat-and-pad-fabrics/89058
12340,Polo Blue,Tight Seat and Pad Fabrics,,Blue / Navy / Teal,"https://platform.brownjordan.com/media/catalog/product/1/2/12340_tropitone_large_14a8.jpg?quality=80&bg-color=255,255,255&fit=bounds&height=&width=",https://www.tropitone.com/materials/fabrics/tight-seat-and-pad-fabrics/12340
1176,Caracas,Tight Seat and Pad Fabrics,,Black,"https://platform.brownjordan.com/media/catalog/product/1/1/1176_tropitone_large_a90f.jpg?quality=80&bg-color=255,255,255&fit=bounds&height=&width=",https://www.tropitone.com/materials/fabrics/tight-seat-and-pad-fabrics/1176
1131,Forest Hills,Tight Seat and Pad Fabrics,,Green,"https://platform.brownjordan.com/media/catalog/product/1/1/1131_tropitone_large_53cb.jpg?quality=80&bg-color=255,255,255&fit=bounds&height=&width=",https://www.tropitone.com/materials/fabrics/tight-seat-and-pad-fabrics/1131
1183,Winchester,Tight Seat and Pad Fabrics,,Beige / Sand / Tan,"https://platform.brownjordan.com/media/catalog/product/1/1/1183_tropitone_large_30f5.jpg?quality=80&bg-color=255,255,255&fit=bounds&height=&width=",https://www.tropitone.com/materials/fabrics/tight-seat-and-pad-fabrics/1183
89032,Cherry,Tight Seat and Pad Fabrics,,Red / Coral / Pink,"https://platform.brownjordan.com/media/catalog/product/8/9/89032_tropitone_large_b5ef.jpg?quality=80&bg-color=255,255,255&fit=bounds&height=&width=",https://www.tropitone.com/materials/fabrics/tight-seat-and-pad-fabrics/89032
89063,Basalt,Tight Seat and Pad Fabrics,,Gray / Charcoal,"https://platform.brownjordan.com/media/catalog/product/8/9/89063_tropitone_large_44ad.jpg?quality=80&bg-color=255,255,255&fit=bounds&height=&width=",https://www.tropitone.com/materials/fabrics/tight-seat-and-pad-fabrics/89063
89031,Buttercup,Tight Seat and Pad Fabrics,,Orange / Rust,"https://platform.brownjordan.com/media/catalog/product/8/9/89031_tropitone_large_1b01.jpg?quality=80&bg-color=255,255,255&fit=bounds&height=&width=",https://www.tropitone.com/materials/fabrics/tight-seat-and-pad-fabrics/89031
89151,Madras Tweed Caramel,Tight Seat and Pad Fabrics,,Multi / Pattern,"https://platform.brownjordan.com/media/catalog/product/8/9/89151_tropitone_large_bb7b.jpg?quality=80&bg-color=255,255,255&fit=bounds&height=&width=",https://www.tropitone.com/materials/fabrics/tight-seat-and-pad-fabrics/89151
29321,Cobble Stone,Tight Seat and Pad Fabrics,,Gray / Charcoal,"https://platform.brownjordan.com/media/catalog/product/2/9/29321_tropitone_large_4c5a.jpg?quality=80&bg-color=255,255,255&fit=bounds&height=&width=",https://www.tropitone.com/materials/fabrics/tight-seat-and-pad-fabrics/29321
19209,Champagne,Tight Seat and Pad Fabrics,,Beige / Sand / Tan,"https://platform.brownjordan.com/media/catalog/product/1/9/19209_tropitone_large_cd9e.jpg?quality=80&bg-color=255,255,255&fit=bounds&height=&width=",https://www.tropitone.com/materials/fabrics/tight-seat-and-pad-fabrics/19209
14302,Indigo Path,Tight Seat and Pad Fabrics,,Blue / Navy / Teal,"https://platform.brownjordan.com/media/catalog/product/1/4/14302_tropitone_large_8a49.jpg?quality=80&bg-color=255,255,255&fit=bounds&height=&width=",https://www.tropitone.com/materials/fabrics/tight-seat-and-pad-fabrics/14302
1186,Noir,Tight Seat and Pad Fabrics,,Black,"https://platform.brownjordan.com/media/catalog/product/1/1/1186_tropitone_large_688d.jpg?quality=80&bg-color=255,255,255&fit=bounds&height=&width=",https://www.tropitone.com/materials/fabrics/tight-seat-and-pad-fabrics/1186
61154,BluePoint Mango,Tight Seat and Pad Fabrics,,Red / Coral / Pink,"https://platform.brownjordan.com/media/catalog/product/6/1/61154_tropitone_large_f918.jpg?quality=80&bg-color=255,255,255&fit=bounds&height=&width=",https://www.tropitone.com/materials/fabrics/tight-seat-and-pad-fabrics/61154
61042,Posh Linen,Tight Seat and Pad Fabrics,,White / Ivory / Cream,"https://platform.brownjordan.com/media/catalog/product/6/1/61042_tropitone_large_dc7b.jpg?quality=80&bg-color=255,255,255&fit=bounds&height=&width=",https://www.tropitone.com/materials/fabrics/tight-seat-and-pad-fabrics/61042
61030,Solo Indigo,Tight Seat and Pad Fabrics,,Blue / Navy / Teal,"https://platform.brownjordan.com/media/catalog/product/6/1/61030_tropitone_large_3096.jpg?quality=80&bg-color=255,255,255&fit=bounds&height=&width=",https://www.tropitone.com/materials/fabrics/tight-seat-and-pad-fabrics/61030
61107,Ticking Fog,Tight Seat and Pad Fabrics,,Beige / Sand / Tan,"https://platform.brownjordan.com/media/catalog/product/6/1/61107_tropitone_large_5461.jpg?quality=80&bg-color=255,255,255&fit=bounds&height=&width=",https://www.tropitone.com/materials/fabrics/tight-seat-and-pad-fabrics/61107
61120,Posh Graphite,Tight Seat and Pad Fabrics,,Gray / Charcoal,"https://platform.brownjordan.com/media/catalog/product/6/1/61120_tropitone_large_db2c.jpg?quality=80&bg-color=255,255,255&fit=bounds&height=&width=",https://www.tropitone.com/materials/fabrics/tight-seat-and-pad-fabrics/61120
61064,Shibori Classic,Tight Seat and Pad Fabrics,,Blue / Navy / Teal,"https://platform.brownjordan.com/media/catalog/product/6/1/61064_tropitone_large_8b96.jpg?quality=80&bg-color=255,255,255&fit=bounds&height=&width=",https://www.tropitone.com/materials/fabrics/tight-seat-and-pad-fabrics/61064
61016,Pique Sky,Tight Seat and Pad Fabrics,,Blue / Navy / Teal,"https://platform.brownjordan.com/media/catalog/product/6/1/61016_tropitone_large_e55f.jpg?quality=80&bg-color=255,255,255&fit=bounds&height=&width=",https://www.tropitone.com/materials/fabrics/tight-seat-and-pad-fabrics/61016
61032,Tailored Putty,Tight Seat and Pad Fabrics,,Gray / Charcoal,"https://platform.brownjordan.com/media/catalog/product/6/1/61032_tropitone_large_d4dd.jpg?quality=80&bg-color=255,255,255&fit=bounds&height=&width=",https://www.tropitone.com/materials/fabrics/tight-seat-and-pad-fabrics/61032
88873,Rumor Midnight,Tight Seat and Pad Fabrics,,Black,"https://platform.brownjordan.com/media/catalog/product/8/8/88873_tropitone_large_93de.jpg?quality=80&bg-color=255,255,255&fit=bounds&height=&width=",https://www.tropitone.com/materials/fabrics/tight-seat-and-pad-fabrics/88873
61146,Savvy Indigo,Tight Seat and Pad Fabrics,,Blue / Navy / Teal,"https://platform.brownjordan.com/media/catalog/product/6/1/61146_tropitone_large_488b.jpg?quality=80&bg-color=255,255,255&fit=bounds&height=&width=",https://www.tropitone.com/materials/fabrics/tight-seat-and-pad-fabrics/61146
61104,Glimpse Seagull,Tight Seat and Pad Fabrics,,Gray / Charcoal,"https://platform.brownjordan.com/media/catalog/product/6/1/61104_tropitone_large_fe00.jpg?quality=80&bg-color=255,255,255&fit=bounds&height=&width=",https://www.tropitone.com/materials/fabrics/tight-seat-and-pad-fabrics/61104
61074,Instinct Dune,Tight Seat and Pad Fabrics,,Beige / Sand / Tan,"https://platform.brownjordan.com/media/catalog/product/6/1/61074_tropitone_large_debe.jpg?quality=80&bg-color=255,255,255&fit=bounds&height=&width=",https://www.tropitone.com/materials/fabrics/tight-seat-and-pad-fabrics/61074
61037,Posh Salt,Tight Seat and Pad Fabrics,,Beige / Sand / Tan,"https://platform.brownjordan.com/media/catalog/product/6/1/61037_tropitone_large_ad00.jpg?quality=80&bg-color=255,255,255&fit=bounds&height=&width=",https://www.tropitone.com/materials/fabrics/tight-seat-and-pad-fabrics/61037
61058,Agra Indigo,Tight Seat and Pad Fabrics,,Blue / Navy / Teal,"https://platform.brownjordan.com/media/catalog/product/6/1/61058_tropitone_large_03f5.jpg?quality=80&bg-color=255,255,255&fit=bounds&height=&width=",https://www.tropitone.com/materials/fabrics/tight-seat-and-pad-fabrics/61058
61001,Piazza Cloud,Tight Seat and Pad Fabrics,,White / Ivory / Cream,"https://platform.brownjordan.com/media/catalog/product/6/1/61001_tropitone_large_5901.jpg?quality=80&bg-color=255,255,255&fit=bounds&height=&width=",https://www.tropitone.com/materials/fabrics/tight-seat-and-pad-fabrics/61001
61057,Shore Navy,Tight Seat and Pad Fabrics,,Blue / Navy / Teal,"https://platform.brownjordan.com/media/catalog/product/6/1/61057_tropitone_large_652d.jpg?quality=80&bg-color=255,255,255&fit=bounds&height=&width=",https://www.tropitone.com/materials/fabrics/tight-seat-and-pad-fabrics/61057
61084,Escher Greige,Tight Seat and Pad Fabrics,,Gray / Charcoal,"https://platform.brownjordan.com/media/catalog/product/6/1/61084_tropitone_large_cbd1.jpg?quality=80&bg-color=255,255,255&fit=bounds&height=&width=",https://www.tropitone.com/materials/fabrics/tight-seat-and-pad-fabrics/61084
57124,Posted,Tight Seat and Pad Fabrics,,Gray / Charcoal,"https://platform.brownjordan.com/media/catalog/product/5/7/57124_tropitone_large_6b5e.jpg?quality=80&bg-color=255,255,255&fit=bounds&height=&width=",https://www.tropitone.com/materials/fabrics/tight-seat-and-pad-fabrics/57124
61043,Posh Pebble,Tight Seat and Pad Fabrics,,Gray / Charcoal,"https://platform.brownjordan.com/media/catalog/product/6/1/61043_tropitone_large_9c66.jpg?quality=80&bg-color=255,255,255&fit=bounds&height=&width=",https://www.tropitone.com/materials/fabrics/tight-seat-and-pad-fabrics/61043
61155,BluePoint Lagoon,Tight Seat and Pad Fabrics,,Gray / Charcoal,"https://platform.brownjordan.com/media/catalog/product/6/1/61155_tropitone_large_b05f.jpg?quality=80&bg-color=255,255,255&fit=bounds&height=&width=",https://www.tropitone.com/materials/fabrics/tight-seat-and-pad-fabrics/61155
61054,Chartres Truffle,Tight Seat and Pad Fabrics,,Gray / Charcoal,"https://platform.brownjordan.com/media/catalog/product/6/1/61054_tropitone_large_f77e.jpg?quality=80&bg-color=255,255,255&fit=bounds&height=&width=",https://www.tropitone.com/materials/fabrics/tight-seat-and-pad-fabrics/61054
61103,Glimpse Denim,Tight Seat and Pad Fabrics,,Blue / Navy / Teal,"https://platform.brownjordan.com/media/catalog/product/6/1/61103_tropitone_large_7a8a.jpg?quality=80&bg-color=255,255,255&fit=bounds&height=&width=",https://www.tropitone.com/materials/fabrics/tight-seat-and-pad-fabrics/61103
88867,Sydney Metallica,Tight Seat and Pad Fabrics,,Gray / Charcoal,"https://platform.brownjordan.com/media/catalog/product/8/8/88867_tropitone_large_e017.jpg?quality=80&bg-color=255,255,255&fit=bounds&height=&width=",https://www.tropitone.com/materials/fabrics/tight-seat-and-pad-fabrics/88867
61056,Chartres Daybreak,Tight Seat and Pad Fabrics,,Gray / Charcoal,"https://platform.brownjordan.com/media/catalog/product/6/1/61056_tropitone_large_d305.jpg?quality=80&bg-color=255,255,255&fit=bounds&height=&width=",https://www.tropitone.com/materials/fabrics/tight-seat-and-pad-fabrics/61056
89108,Panama Navy,Tight Seat and Pad Fabrics,,Blue / Navy / Teal,"https://platform.brownjordan.com/media/catalog/product/8/9/89108_tropitone_large_78c0.jpg?quality=80&bg-color=255,255,255&fit=bounds&height=&width=",https://www.tropitone.com/materials/fabrics/tight-seat-and-pad-fabrics/89108
52105,Viento Lagoon,Tight Seat and Pad Fabrics,,Blue / Navy / Teal,"https://platform.brownjordan.com/media/catalog/product/5/2/52105_tropitone_large_74e2.jpg?quality=80&bg-color=255,255,255&fit=bounds&height=&width=",https://www.tropitone.com/materials/fabrics/tight-seat-and-pad-fabrics/52105
88863,Nomad Charcoal,Tight Seat and Pad Fabrics,,Gray / Charcoal,"https://platform.brownjordan.com/media/catalog/product/8/8/88863_tropitone_large_0c8b.jpg?quality=80&bg-color=255,255,255&fit=bounds&height=&width=",https://www.tropitone.com/materials/fabrics/tight-seat-and-pad-fabrics/88863
61069,Capra II Shadow,Tight Seat and Pad Fabrics,,Beige / Sand / Tan,"https://platform.brownjordan.com/media/catalog/product/6/1/61069_tropitone_large_39cb.jpg?quality=80&bg-color=255,255,255&fit=bounds&height=&width=",https://www.tropitone.com/materials/fabrics/tight-seat-and-pad-fabrics/61069
8076,Echo Midnight,Tight Seat and Pad Fabrics,,Black,"https://platform.brownjordan.com/media/catalog/product/8/0/8076_tropitone_large_d0f4.jpg?quality=80&bg-color=255,255,255&fit=bounds&height=&width=",https://www.tropitone.com/materials/fabrics/tight-seat-and-pad-fabrics/8076
61019,Pashmina Mist,Tight Seat and Pad Fabrics,,Gray / Charcoal,"https://platform.brownjordan.com/media/catalog/product/6/1/61019_tropitone_large_134e.jpg?quality=80&bg-color=255,255,255&fit=bounds&height=&width=",https://www.tropitone.com/materials/fabrics/tight-seat-and-pad-fabrics/61019
44902,Solitude,Tight Seat and Pad Fabrics,,Beige / Sand / Tan,"https://platform.brownjordan.com/media/catalog/product/4/4/44902_tropitone_large_2c00.jpg?quality=80&bg-color=255,255,255&fit=bounds&height=&width=",https://www.tropitone.com/materials/fabrics/tight-seat-and-pad-fabrics/44902
61024,Switch Salt,Tight Seat and Pad Fabrics,,White / Ivory / Cream,"https://platform.brownjordan.com/media/catalog/product/6/1/61024_tropitone_large_a043.jpg?quality=80&bg-color=255,255,255&fit=bounds&height=&width=",https://www.tropitone.com/materials/fabrics/tight-seat-and-pad-fabrics/61024
61008,Piazza Mist,Tight Seat and Pad Fabrics,,Gray / Charcoal,"https://platform.brownjordan.com/media/catalog/product/6/1/61008_tropitone_large_822e.jpg?quality=80&bg-color=255,255,255&fit=bounds&height=&width=",https://www.tropitone.com/materials/fabrics/tight-seat-and-pad-fabrics/61008
57139,Woodlands,Tight Seat and Pad Fabrics,,Gray / Charcoal,"https://platform.brownjordan.com/media/catalog/product/5/7/57139_tropitone_large_d571.jpg?quality=80&bg-color=255,255,255&fit=bounds&height=&width=",https://www.tropitone.com/materials/fabrics/tight-seat-and-pad-fabrics/57139
61045,Posh Sapphire,Tight Seat and Pad Fabrics,,Blue / Navy / Teal,"https://platform.brownjordan.com/media/catalog/product/6/1/61045_tropitone_large_92a4.jpg?quality=80&bg-color=255,255,255&fit=bounds&height=&width=",https://www.tropitone.com/materials/fabrics/tight-seat-and-pad-fabrics/61045
61038,Posh Shamrock,Tight Seat and Pad Fabrics,,Gray / Charcoal,"https://platform.brownjordan.com/media/catalog/product/6/1/61038_tropitone_large_44f6.jpg?quality=80&bg-color=255,255,255&fit=bounds&height=&width=",https://www.tropitone.com/materials/fabrics/tight-seat-and-pad-fabrics/61038
89154,Spinnaker Nightfall,Tight Seat and Pad Fabrics,,Black,"https://platform.brownjordan.com/media/catalog/product/8/9/89154_tropitone_large_2268.jpg?quality=80&bg-color=255,255,255&fit=bounds&height=&width=",https://www.tropitone.com/materials/fabrics/tight-seat-and-pad-fabrics/89154
88803,Chesterfield Coco,Tight Seat and Pad Fabrics,,Black,"https://platform.brownjordan.com/media/catalog/product/8/8/88803_tropitone_large_b943.jpg?quality=80&bg-color=255,255,255&fit=bounds&height=&width=",https://www.tropitone.com/materials/fabrics/tight-seat-and-pad-fabrics/88803
61109,Switch Flax,Tight Seat and Pad Fabrics,,Beige / Sand / Tan,"https://platform.brownjordan.com/media/catalog/product/6/1/61109_tropitone_large_3883.jpg?quality=80&bg-color=255,255,255&fit=bounds&height=&width=",https://www.tropitone.com/materials/fabrics/tight-seat-and-pad-fabrics/61109
61087,Eberly Peacock,Tight Seat and Pad Fabrics,,Blue / Navy / Teal,"https://platform.brownjordan.com/media/catalog/product/6/1/61087_tropitone_large_aa24.jpg?quality=80&bg-color=255,255,255&fit=bounds&height=&width=",https://www.tropitone.com/materials/fabrics/tight-seat-and-pad-fabrics/61087
61000,Piazza White,Tight Seat and Pad Fabrics,,White / Ivory / Cream,"https://platform.brownjordan.com/media/catalog/product/6/1/61000_tropitone_large_5065.jpg?quality=80&bg-color=255,255,255&fit=bounds&height=&width=",https://www.tropitone.com/materials/fabrics/tight-seat-and-pad-fabrics/61000
61102,Scope Cape,Tight Seat and Pad Fabrics,,Gray / Charcoal,"https://platform.brownjordan.com/media/catalog/product/6/1/61102_tropitone_large_0f2f.jpg?quality=80&bg-color=255,255,255&fit=bounds&height=&width=",https://www.tropitone.com/materials/fabrics/tight-seat-and-pad-fabrics/61102
61009,Piazza Burlap,Tight Seat and Pad Fabrics,,Beige / Sand / Tan,"https://platform.brownjordan.com/media/catalog/product/6/1/61009_tropitone_large_a069.jpg?quality=80&bg-color=255,255,255&fit=bounds&height=&width=",https://www.tropitone.com/materials/fabrics/tight-seat-and-pad-fabrics/61009
61022,Pashmina Coal,Tight Seat and Pad Fabrics,,Black,"https://platform.brownjordan.com/media/catalog/product/6/1/61022_tropitone_large_8da0.jpg?quality=80&bg-color=255,255,255&fit=bounds&height=&width=",https://www.tropitone.com/materials/fabrics/tight-seat-and-pad-fabrics/61022
61151,BluePoint Azule,Tight Seat and Pad Fabrics,,Black,"https://platform.brownjordan.com/media/catalog/product/6/1/61151_tropitone_large_aa42.jpg?quality=80&bg-color=255,255,255&fit=bounds&height=&width=",https://www.tropitone.com/materials/fabrics/tight-seat-and-pad-fabrics/61151
61055,Chartres Gull,Tight Seat and Pad Fabrics,,Gray / Charcoal,"https://platform.brownjordan.com/media/catalog/product/6/1/61055_tropitone_large_3df4.jpg?quality=80&bg-color=255,255,255&fit=bounds&height=&width=",https://www.tropitone.com/materials/fabrics/tight-seat-and-pad-fabrics/61055
61040,Posh Shitake,Tight Seat and Pad Fabrics,,Gray / Charcoal,"https://platform.brownjordan.com/media/catalog/product/6/1/61040_tropitone_large_3fd4.jpg?quality=80&bg-color=255,255,255&fit=bounds&height=&width=",https://www.tropitone.com/materials/fabrics/tight-seat-and-pad-fabrics/61040
89100,Panama Cobblestone,Tight Seat and Pad Fabrics,,Gray / Charcoal,"https://platform.brownjordan.com/media/catalog/product/8/9/89100_tropitone_large_30ee.jpg?quality=80&bg-color=255,255,255&fit=bounds&height=&width=",https://www.tropitone.com/materials/fabrics/tight-seat-and-pad-fabrics/89100
89090,Asgard Mud,Tight Seat and Pad Fabrics,,Gray / Charcoal,"https://platform.brownjordan.com/media/catalog/product/8/9/89090_tropitone_large_b4ed.jpg?quality=80&bg-color=255,255,255&fit=bounds&height=&width=",https://www.tropitone.com/materials/fabrics/tight-seat-and-pad-fabrics/89090
88808,Reflection Straw,Tight Seat and Pad Fabrics,,Beige / Sand / Tan,"https://platform.brownjordan.com/media/catalog/product/8/8/88808_tropitone_large_8ed5.jpg?quality=80&bg-color=255,255,255&fit=bounds&height=&width=",https://www.tropitone.com/materials/fabrics/tight-seat-and-pad-fabrics/88808
61121,Esti Lagoon,Tight Seat and Pad Fabrics,,Gray / Charcoal,"https://platform.brownjordan.com/media/catalog/product/6/1/61121_tropitone_large_2c85.jpg?quality=80&bg-color=255,255,255&fit=bounds&height=&width=",https://www.tropitone.com/materials/fabrics/tight-seat-and-pad-fabrics/61121
61050,Chartres Malt,Tight Seat and Pad Fabrics,,Gray / Charcoal,"https://platform.brownjordan.com/media/catalog/product/6/1/61050_tropitone_large_3e48.jpg?quality=80&bg-color=255,255,255&fit=bounds&height=&width=",https://www.tropitone.com/materials/fabrics/tight-seat-and-pad-fabrics/61050
61071,Precise Spring,Tight Seat and Pad Fabrics,,Green,"https://platform.brownjordan.com/media/catalog/product/6/1/61071_tropitone_large_e13e.jpg?quality=80&bg-color=255,255,255&fit=bounds&height=&width=",https://www.tropitone.com/materials/fabrics/tight-seat-and-pad-fabrics/61071
43159,Lautrec Swirl,Tight Seat and Pad Fabrics,,Gray / Charcoal,"https://platform.brownjordan.com/media/catalog/product/4/3/43159_tropitone_large_bfe3.jpg?quality=80&bg-color=255,255,255&fit=bounds&height=&width=",https://www.tropitone.com/materials/fabrics/tight-seat-and-pad-fabrics/43159
89153,Crew Peat,Tight Seat and Pad Fabrics,,Gray / Charcoal,"https://platform.brownjordan.com/media/catalog/product/8/9/89153_tropitone_large_7db8.jpg?quality=80&bg-color=255,255,255&fit=bounds&height=&width=",https://www.tropitone.com/materials/fabrics/tight-seat-and-pad-fabrics/89153
61123,Esti Onyx,Tight Seat and Pad Fabrics,,Black,"https://platform.brownjordan.com/media/catalog/product/6/1/61123_tropitone_large_2f0e.jpg?quality=80&bg-color=255,255,255&fit=bounds&height=&width=",https://www.tropitone.com/materials/fabrics/tight-seat-and-pad-fabrics/61123
61088,Eberly II Linen,Tight Seat and Pad Fabrics,,White / Ivory / Cream,"https://platform.brownjordan.com/media/catalog/product/6/1/61088_tropitone_large_04a0.jpg?quality=80&bg-color=255,255,255&fit=bounds&height=&width=",https://www.tropitone.com/materials/fabrics/tight-seat-and-pad-fabrics/61088
61116,Trail Blush,Tight Seat and Pad Fabrics,,Red / Coral / Pink,"https://platform.brownjordan.com/media/catalog/product/6/1/61116_tropitone_large_541d.jpg?quality=80&bg-color=255,255,255&fit=bounds&height=&width=",https://www.tropitone.com/materials/fabrics/tight-seat-and-pad-fabrics/61116
47622,Rainfall II,Tight Seat and Pad Fabrics,,Beige / Sand / Tan,"https://platform.brownjordan.com/media/catalog/product/4/7/47622_tropitone_large_9bae.jpg?quality=80&bg-color=255,255,255&fit=bounds&height=&width=",https://www.tropitone.com/materials/fabrics/tight-seat-and-pad-fabrics/47622
57137,Garden Walk,Tight Seat and Pad Fabrics,,Gray / Charcoal,"https://platform.brownjordan.com/media/catalog/product/5/7/57137_tropitone_large_088d.jpg?quality=80&bg-color=255,255,255&fit=bounds&height=&width=",https://www.tropitone.com/materials/fabrics/tight-seat-and-pad-fabrics/57137
61062,Maritime Nautical,Tight Seat and Pad Fabrics,,Beige / Sand / Tan,"https://platform.brownjordan.com/media/catalog/product/6/1/61062_tropitone_large_dba5.jpg?quality=80&bg-color=255,255,255&fit=bounds&height=&width=",https://www.tropitone.com/materials/fabrics/tight-seat-and-pad-fabrics/61062
61100,Pique Denim,Tight Seat and Pad Fabrics,,Blue / Navy / Teal,"https://platform.brownjordan.com/media/catalog/product/6/1/61100_tropitone_large_3aaa.jpg?quality=80&bg-color=255,255,255&fit=bounds&height=&width=",https://www.tropitone.com/materials/fabrics/tight-seat-and-pad-fabrics/61100
61067,Ascend Spa,Tight Seat and Pad Fabrics,,Gray / Charcoal,"https://platform.brownjordan.com/media/catalog/product/6/1/61067_tropitone_large_f16e.jpg?quality=80&bg-color=255,255,255&fit=bounds&height=&width=",https://www.tropitone.com/materials/fabrics/tight-seat-and-pad-fabrics/61067
61157,BluePoint Flax,Tight Seat and Pad Fabrics,,Beige / Sand / Tan,"https://platform.brownjordan.com/media/catalog/product/6/1/61157_tropitone_large_ff18.jpg?quality=80&bg-color=255,255,255&fit=bounds&height=&width=",https://www.tropitone.com/materials/fabrics/tight-seat-and-pad-fabrics/61157
61113,Trail Cloud,Tight Seat and Pad Fabrics,,White / Ivory / Cream,"https://platform.brownjordan.com/media/catalog/product/6/1/61113_tropitone_large_1fad.jpg?quality=80&bg-color=255,255,255&fit=bounds&height=&width=",https://www.tropitone.com/materials/fabrics/tight-seat-and-pad-fabrics/61113
61142,Chartres Storm,Tight Seat and Pad Fabrics,,Gray / Charcoal,"https://platform.brownjordan.com/media/catalog/product/6/1/61142_tropitone_large_fcfc.jpg?quality=80&bg-color=255,255,255&fit=bounds&height=&width=",https://www.tropitone.com/materials/fabrics/tight-seat-and-pad-fabrics/61142
5424,Canvas Sky Blue,Tight Seat and Pad Fabrics,,Blue / Navy / Teal,"https://platform.brownjordan.com/media/catalog/product/5/4/5424_tropitone_large_3ffd.jpg?quality=80&bg-color=255,255,255&fit=bounds&height=&width=",https://www.tropitone.com/materials/fabrics/tight-seat-and-pad-fabrics/5424
12949,Largo Scoop,Tight Seat and Pad Fabrics,,Blue / Navy / Teal,"https://platform.brownjordan.com/media/catalog/product/1/2/12949_tropitone_large_6730.jpg?quality=80&bg-color=255,255,255&fit=bounds&height=&width=",https://www.tropitone.com/materials/fabrics/tight-seat-and-pad-fabrics/12949
88872,Rumor Nautical,Tight Seat and Pad Fabrics,,Black,"https://platform.brownjordan.com/media/catalog/product/8/8/88872_tropitone_large_ee7d.jpg?quality=80&bg-color=255,255,255&fit=bounds&height=&width=",https://www.tropitone.com/materials/fabrics/tight-seat-and-pad-fabrics/88872
33903,Nautical Isle,Tight Seat and Pad Fabrics,,Blue / Navy / Teal,"https://platform.brownjordan.com/media/catalog/product/3/3/33903_tropitone_large_9311.jpg?quality=80&bg-color=255,255,255&fit=bounds&height=&width=",https://www.tropitone.com/materials/fabrics/tight-seat-and-pad-fabrics/33903
89103,Panama Smoke Grey,Tight Seat and Pad Fabrics,,Gray / Charcoal,"https://platform.brownjordan.com/media/catalog/product/8/9/89103_tropitone_large_a823.jpg?quality=80&bg-color=255,255,255&fit=bounds&height=&width=",https://www.tropitone.com/materials/fabrics/tight-seat-and-pad-fabrics/89103
61031,Tailored Snow,Tight Seat and Pad Fabrics,,White / Ivory / Cream,"https://platform.brownjordan.com/media/catalog/product/6/1/61031_tropitone_large_86a0.jpg?quality=80&bg-color=255,255,255&fit=bounds&height=&width=",https://www.tropitone.com/materials/fabrics/tight-seat-and-pad-fabrics/61031
67001,Congo,Tight Seat and Pad Fabrics,,Beige / Sand / Tan,"https://platform.brownjordan.com/media/catalog/product/6/7/67001_tropitone_large_3f04.jpg?quality=80&bg-color=255,255,255&fit=bounds&height=&width=",https://www.tropitone.com/materials/fabrics/tight-seat-and-pad-fabrics/67001
61025,Switch Silver,Tight Seat and Pad Fabrics,,Gray / Charcoal,"https://platform.brownjordan.com/media/catalog/product/6/1/61025_tropitone_large_7717.jpg?quality=80&bg-color=255,255,255&fit=bounds&height=&width=",https://www.tropitone.com/materials/fabrics/tight-seat-and-pad-fabrics/61025
61015,Pique Shale,Tight Seat and Pad Fabrics,,Multi / Pattern,"https://platform.brownjordan.com/media/catalog/product/6/1/61015_tropitone_large_a352.jpg?quality=80&bg-color=255,255,255&fit=bounds&height=&width=",https://www.tropitone.com/materials/fabrics/tight-seat-and-pad-fabrics/61015
61131,Esti Marine,Tight Seat and Pad Fabrics,,Black,"https://platform.brownjordan.com/media/catalog/product/6/1/61131_tropitone_large_803b.jpg?quality=80&bg-color=255,255,255&fit=bounds&height=&width=",https://www.tropitone.com/materials/fabrics/tight-seat-and-pad-fabrics/61131
88012,Blend Nomad,Tight Seat and Pad Fabrics,,Gray / Charcoal,"https://platform.brownjordan.com/media/catalog/product/8/8/88012_tropitone_large_8685.jpg?quality=80&bg-color=255,255,255&fit=bounds&height=&width=",https://www.tropitone.com/materials/fabrics/tight-seat-and-pad-fabrics/88012
61085,Escher Indigo,Tight Seat and Pad Fabrics,,Blue / Navy / Teal,"https://platform.brownjordan.com/media/catalog/product/6/1/61085_tropitone_large_e7ba.jpg?quality=80&bg-color=255,255,255&fit=bounds&height=&width=",https://www.tropitone.com/materials/fabrics/tight-seat-and-pad-fabrics/61085
88807,Reflections Smoke,Tight Seat and Pad Fabrics,,Gray / Charcoal,"https://platform.brownjordan.com/media/catalog/product/8/8/88807_tropitone_large_4b84.jpg?quality=80&bg-color=255,255,255&fit=bounds&height=&width=",https://www.tropitone.com/materials/fabrics/tight-seat-and-pad-fabrics/88807
61098,Viento Nautical,Tight Seat and Pad Fabrics,,Black,"https://platform.brownjordan.com/media/catalog/product/6/1/61098_tropitone_large_20cb.jpg?quality=80&bg-color=255,255,255&fit=bounds&height=&width=",https://www.tropitone.com/materials/fabrics/tight-seat-and-pad-fabrics/61098
61006,Piazza Graphite,Tight Seat and Pad Fabrics,,Gray / Charcoal,"https://platform.brownjordan.com/media/catalog/product/6/1/61006_tropitone_large_2716.jpg?quality=80&bg-color=255,255,255&fit=bounds&height=&width=",https://www.tropitone.com/materials/fabrics/tight-seat-and-pad-fabrics/61006
61106,Sterling Alpaca,Tight Seat and Pad Fabrics,,Gray / Charcoal,"https://platform.brownjordan.com/media/catalog/product/6/1/61106_tropitone_large_b9e9.jpg?quality=80&bg-color=255,255,255&fit=bounds&height=&width=",https://www.tropitone.com/materials/fabrics/tight-seat-and-pad-fabrics/61106
61083,Escher Alabaster,Tight Seat and Pad Fabrics,,White / Ivory / Cream,"https://platform.brownjordan.com/media/catalog/product/6/1/61083_tropitone_large_1f97.jpg?quality=80&bg-color=255,255,255&fit=bounds&height=&width=",https://www.tropitone.com/materials/fabrics/tight-seat-and-pad-fabrics/61083
61003,Piazza Parchment,Tight Seat and Pad Fabrics,,White / Ivory / Cream,"https://platform.brownjordan.com/media/catalog/product/6/1/61003_tropitone_large_e939.jpg?quality=80&bg-color=255,255,255&fit=bounds&height=&width=",https://www.tropitone.com/materials/fabrics/tight-seat-and-pad-fabrics/61003
57133,Nordic,Tight Seat and Pad Fabrics,,Gray / Charcoal,"https://platform.brownjordan.com/media/catalog/product/5/7/57133_tropitone_large_f69d.jpg?quality=80&bg-color=255,255,255&fit=bounds&height=&width=",https://www.tropitone.com/materials/fabrics/tight-seat-and-pad-fabrics/57133
88875,Melody Ruby,Tight Seat and Pad Fabrics,,Gray / Charcoal,"https://platform.brownjordan.com/media/catalog/product/8/8/88875_tropitone_large_3514.jpg?quality=80&bg-color=255,255,255&fit=bounds&height=&width=",https://www.tropitone.com/materials/fabrics/tight-seat-and-pad-fabrics/88875
61156,BluePoint Rattan,Tight Seat and Pad Fabrics,,Gray / Charcoal,"https://platform.brownjordan.com/media/catalog/product/6/1/61156_tropitone_large_d986.jpg?quality=80&bg-color=255,255,255&fit=bounds&height=&width=",https://www.tropitone.com/materials/fabrics/tight-seat-and-pad-fabrics/61156
61094,Piazza Dune,Tight Seat and Pad Fabrics,,Beige / Sand / Tan,"https://platform.brownjordan.com/media/catalog/product/6/1/61094_tropitone_large_a285.jpg?quality=80&bg-color=255,255,255&fit=bounds&height=&width=",https://www.tropitone.com/materials/fabrics/tight-seat-and-pad-fabrics/61094
57165,Grey Maze,Tight Seat and Pad Fabrics,,Gray / Charcoal,"https://platform.brownjordan.com/media/catalog/product/5/7/57165_tropitone_large_0f79.jpg?quality=80&bg-color=255,255,255&fit=bounds&height=&width=",https://www.tropitone.com/materials/fabrics/tight-seat-and-pad-fabrics/57165
61079,Boro Walnut,Tight Seat and Pad Fabrics,,Brown / Bronze / Earth,"https://platform.brownjordan.com/media/catalog/product/6/1/61079_tropitone_large_beac.jpg?quality=80&bg-color=255,255,255&fit=bounds&height=&width=",https://www.tropitone.com/materials/fabrics/tight-seat-and-pad-fabrics/61079
61114,Trail Dove,Tight Seat and Pad Fabrics,,Blue / Navy / Teal,"https://platform.brownjordan.com/media/catalog/product/6/1/61114_tropitone_large_3f85.jpg?quality=80&bg-color=255,255,255&fit=bounds&height=&width=",https://www.tropitone.com/materials/fabrics/tight-seat-and-pad-fabrics/61114
61132,Crete Stone,Tight Seat and Pad Fabrics,,Gray / Charcoal,"https://platform.brownjordan.com/media/catalog/product/6/1/61132_tropitone_large_6de0.jpg?quality=80&bg-color=255,255,255&fit=bounds&height=&width=",https://www.tropitone.com/materials/fabrics/tight-seat-and-pad-fabrics/61132
61152,BluePoint Cement,Tight Seat and Pad Fabrics,,Gray / Charcoal,"https://platform.brownjordan.com/media/catalog/product/6/1/61152_tropitone_large_3d15.jpg?quality=80&bg-color=255,255,255&fit=bounds&height=&width=",https://www.tropitone.com/materials/fabrics/tight-seat-and-pad-fabrics/61152
61014,Pique Ash,Tight Seat and Pad Fabrics,,Gray / Charcoal,"https://platform.brownjordan.com/media/catalog/product/6/1/61014_tropitone_large_9629.jpg?quality=80&bg-color=255,255,255&fit=bounds&height=&width=",https://www.tropitone.com/materials/fabrics/tight-seat-and-pad-fabrics/61014
61158,BluePoint Lime,Tight Seat and Pad Fabrics,,Green,"https://platform.brownjordan.com/media/catalog/product/6/1/61158_tropitone_large_7e15.jpg?quality=80&bg-color=255,255,255&fit=bounds&height=&width=",https://www.tropitone.com/materials/fabrics/tight-seat-and-pad-fabrics/61158
61073,Kindle Indigo,Tight Seat and Pad Fabrics,,Blue / Navy / Teal,"https://platform.brownjordan.com/media/catalog/product/6/1/61073_tropitone_large_e334.jpg?quality=80&bg-color=255,255,255&fit=bounds&height=&width=",https://www.tropitone.com/materials/fabrics/tight-seat-and-pad-fabrics/61073
19913,Aqua Weave,Tight Seat and Pad Fabrics,,Multi / Pattern,"https://platform.brownjordan.com/media/catalog/product/1/9/19913_tropitone_large_eb82.jpg?quality=80&bg-color=255,255,255&fit=bounds&height=&width=",https://www.tropitone.com/materials/fabrics/tight-seat-and-pad-fabrics/19913
61111,Tailored Smoke,Tight Seat and Pad Fabrics,,Gray / Charcoal,"https://platform.brownjordan.com/media/catalog/product/6/1/61111_tropitone_large_e263.jpg?quality=80&bg-color=255,255,255&fit=bounds&height=&width=",https://www.tropitone.com/materials/fabrics/tight-seat-and-pad-fabrics/61111
88816,Static Icing,Tight Seat and Pad Fabrics,,Beige / Sand / Tan,"https://platform.brownjordan.com/media/catalog/product/8/8/88816_tropitone_large_23e4.jpg?quality=80&bg-color=255,255,255&fit=bounds&height=&width=",https://www.tropitone.com/materials/fabrics/tight-seat-and-pad-fabrics/88816
61096,Piazza Denim,Tight Seat and Pad Fabrics,,Blue / Navy / Teal,"https://platform.brownjordan.com/media/catalog/product/6/1/61096_tropitone_large_db70.jpg?quality=80&bg-color=255,255,255&fit=bounds&height=&width=",https://www.tropitone.com/materials/fabrics/tight-seat-and-pad-fabrics/61096
8069,Dupione Dove,Tight Seat and Pad Fabrics,,Beige / Sand / Tan,"https://platform.brownjordan.com/media/catalog/product/8/0/8069_tropitone_large_3c07.jpg?quality=80&bg-color=255,255,255&fit=bounds&height=&width=",https://www.tropitone.com/materials/fabrics/tight-seat-and-pad-fabrics/8069
61136,Lure Nautical,Tight Seat and Pad Fabrics,,Black,"https://platform.brownjordan.com/media/catalog/product/6/1/61136_tropitone_large_5e9e.jpg?quality=80&bg-color=255,255,255&fit=bounds&height=&width=",https://www.tropitone.com/materials/fabrics/tight-seat-and-pad-fabrics/61136
61110,Solo Ocean,Tight Seat and Pad Fabrics,,Blue / Navy / Teal,"https://platform.brownjordan.com/media/catalog/product/6/1/61110_tropitone_large_0e3d.jpg?quality=80&bg-color=255,255,255&fit=bounds&height=&width=",https://www.tropitone.com/materials/fabrics/tight-seat-and-pad-fabrics/61110
61099,Pique Sand,Tight Seat and Pad Fabrics,,Beige / Sand / Tan,"https://platform.brownjordan.com/media/catalog/product/6/1/61099_tropitone_large_0cf6.jpg?quality=80&bg-color=255,255,255&fit=bounds&height=&width=",https://www.tropitone.com/materials/fabrics/tight-seat-and-pad-fabrics/61099
15909,Cast Tinsel,Tight Seat and Pad Fabrics,,Orange / Rust,"https://platform.brownjordan.com/media/catalog/product/1/5/15909_tropitone_large_a3c1.jpg?quality=80&bg-color=255,255,255&fit=bounds&height=&width=",https://www.tropitone.com/materials/fabrics/tight-seat-and-pad-fabrics/15909
61080,Boro Indigo,Tight Seat and Pad Fabrics,,Blue / Navy / Teal,"https://platform.brownjordan.com/media/catalog/product/6/1/61080_tropitone_large_3ae7.jpg?quality=80&bg-color=255,255,255&fit=bounds&height=&width=",https://www.tropitone.com/materials/fabrics/tight-seat-and-pad-fabrics/61080
89164,Shagreen Pebble,Tight Seat and Pad Fabrics,,Gray / Charcoal,"https://platform.brownjordan.com/media/catalog/product/8/9/89164_tropitone_large_9eb3.jpg?quality=80&bg-color=255,255,255&fit=bounds&height=&width=",https://www.tropitone.com/materials/fabrics/tight-seat-and-pad-fabrics/89164
89163,Shagreen Parchment,Tight Seat and Pad Fabrics,,White / Ivory / Cream,"https://platform.brownjordan.com/media/catalog/product/8/9/89163_tropitone_large_4285.jpg?quality=80&bg-color=255,255,255&fit=bounds&height=&width=",https://www.tropitone.com/materials/fabrics/tight-seat-and-pad-fabrics/89163
61160,Beckon Shell,Tight Seat and Pad Fabrics,,Gray / Charcoal,"https://platform.brownjordan.com/media/catalog/product/6/1/61160_tropitone_large_3331.jpg?quality=80&bg-color=255,255,255&fit=bounds&height=&width=",https://www.tropitone.com/materials/fabrics/tight-seat-and-pad-fabrics/61160
61068,Capra Indigo,Tight Seat and Pad Fabrics,,Blue / Navy / Teal,"https://platform.brownjordan.com/media/catalog/product/6/1/61068_tropitone_large_2c33.jpg?quality=80&bg-color=255,255,255&fit=bounds&height=&width=",https://www.tropitone.com/materials/fabrics/tight-seat-and-pad-fabrics/61068
61029,Switch Snow,Tight Seat and Pad Fabrics,,White / Ivory / Cream,"https://platform.brownjordan.com/media/catalog/product/6/1/61029_tropitone_large_090e.jpg?quality=80&bg-color=255,255,255&fit=bounds&height=&width=",https://www.tropitone.com/materials/fabrics/tight-seat-and-pad-fabrics/61029
61065,Ascend Oasis,Tight Seat and Pad Fabrics,,Blue / Navy / Teal,"https://platform.brownjordan.com/media/catalog/product/6/1/61065_tropitone_large_38ca.jpg?quality=80&bg-color=255,255,255&fit=bounds&height=&width=",https://www.tropitone.com/materials/fabrics/tight-seat-and-pad-fabrics/61065
89170,Infinity Tide,Tight Seat and Pad Fabrics,,Gray / Charcoal,"https://platform.brownjordan.com/media/catalog/product/8/9/89170_tropitone_large_d7b2.jpg?quality=80&bg-color=255,255,255&fit=bounds&height=&width=",https://www.tropitone.com/materials/fabrics/tight-seat-and-pad-fabrics/89170
61095,Piazza Pebble,Tight Seat and Pad Fabrics,,Gray / Charcoal,"https://platform.brownjordan.com/media/catalog/product/6/1/61095_tropitone_large_bc1a.jpg?quality=80&bg-color=255,255,255&fit=bounds&height=&width=",https://www.tropitone.com/materials/fabrics/tight-seat-and-pad-fabrics/61095
61072,Kindle Silk,Tight Seat and Pad Fabrics,,White / Ivory / Cream,"https://platform.brownjordan.com/media/catalog/product/6/1/61072_tropitone_large_ac29.jpg?quality=80&bg-color=255,255,255&fit=bounds&height=&width=",https://www.tropitone.com/materials/fabrics/tight-seat-and-pad-fabrics/61072
61047,Chartres Hemp,Tight Seat and Pad Fabrics,,Beige / Sand / Tan,"https://platform.brownjordan.com/media/catalog/product/6/1/61047_tropitone_large_19b6.jpg?quality=80&bg-color=255,255,255&fit=bounds&height=&width=",https://www.tropitone.com/materials/fabrics/tight-seat-and-pad-fabrics/61047
89104,Asgard Hazelnut,Tight Seat and Pad Fabrics,,Beige / Sand / Tan,"https://platform.brownjordan.com/media/catalog/product/8/9/89104_tropitone_large_85da.jpg?quality=80&bg-color=255,255,255&fit=bounds&height=&width=",https://www.tropitone.com/materials/fabrics/tight-seat-and-pad-fabrics/89104
61101,Dip Dye Chickadee,Tight Seat and Pad Fabrics,,Beige / Sand / Tan,"https://platform.brownjordan.com/media/catalog/product/6/1/61101_tropitone_large_178f.jpg?quality=80&bg-color=255,255,255&fit=bounds&height=&width=",https://www.tropitone.com/materials/fabrics/tight-seat-and-pad-fabrics/61101
61135,Lure Denim,Tight Seat and Pad Fabrics,,Blue / Navy / Teal,"https://platform.brownjordan.com/media/catalog/product/6/1/61135_tropitone_large_fb5b.jpg?quality=80&bg-color=255,255,255&fit=bounds&height=&width=",https://www.tropitone.com/materials/fabrics/tight-seat-and-pad-fabrics/61135
61013,Pique Midnight,Tight Seat and Pad Fabrics,,Black,"https://platform.brownjordan.com/media/catalog/product/6/1/61013_tropitone_large_0fdf.jpg?quality=80&bg-color=255,255,255&fit=bounds&height=&width=",https://www.tropitone.com/materials/fabrics/tight-seat-and-pad-fabrics/61013
61034,Posh Coral,Tight Seat and Pad Fabrics,,Red / Coral / Pink,"https://platform.brownjordan.com/media/catalog/product/6/1/61034_tropitone_large_8894.jpg?quality=80&bg-color=255,255,255&fit=bounds&height=&width=",https://www.tropitone.com/materials/fabrics/tight-seat-and-pad-fabrics/61034
61108,Ticking Dove,Tight Seat and Pad Fabrics,,Multi / Pattern,"https://platform.brownjordan.com/media/catalog/product/6/1/61108_tropitone_large_0bc7.jpg?quality=80&bg-color=255,255,255&fit=bounds&height=&width=",https://www.tropitone.com/materials/fabrics/tight-seat-and-pad-fabrics/61108
88809,Grace Charcoal,Tight Seat and Pad Fabrics,,Gray / Charcoal,"https://platform.brownjordan.com/media/catalog/product/8/8/88809_tropitone_large_175d.jpg?quality=80&bg-color=255,255,255&fit=bounds&height=&width=",https://www.tropitone.com/materials/fabrics/tight-seat-and-pad-fabrics/88809
61063,Shibori Indigo,Tight Seat and Pad Fabrics,,Blue / Navy / Teal,"https://platform.brownjordan.com/media/catalog/product/6/1/61063_tropitone_large_0bc9.jpg?quality=80&bg-color=255,255,255&fit=bounds&height=&width=",https://www.tropitone.com/materials/fabrics/tight-seat-and-pad-fabrics/61063
61115,Trail Sky,Tight Seat and Pad Fabrics,,Multi / Pattern,"https://platform.brownjordan.com/media/catalog/product/6/1/61115_tropitone_large_61e6.jpg?quality=80&bg-color=255,255,255&fit=bounds&height=&width=",https://www.tropitone.com/materials/fabrics/tight-seat-and-pad-fabrics/61115
89117,Canvas Hazelnut,Tight Seat and Pad Fabrics,,Beige / Sand / Tan,"https://platform.brownjordan.com/media/catalog/product/8/9/89117_tropitone_large_288b.jpg?quality=80&bg-color=255,255,255&fit=bounds&height=&width=",https://www.tropitone.com/materials/fabrics/tight-seat-and-pad-fabrics/89117
19935,Timber Weave,Tight Seat and Pad Fabrics,,Multi / Pattern,"https://platform.brownjordan.com/media/catalog/product/1/9/19935_tropitone_large_b845.jpg?quality=80&bg-color=255,255,255&fit=bounds&height=&width=",https://www.tropitone.com/materials/fabrics/tight-seat-and-pad-fabrics/19935
4620,Beige (Marine),Marine Grade Fabrics,,Beige / Sand / Tan,"https://platform.brownjordan.com/media/catalog/product/4/6/4620_tropitone_large_b372.jpg?quality=80&bg-color=255,255,255&fit=bounds&height=&width=",https://www.tropitone.com/materials/fabrics/marine-grade-fabrics/4620
4637,Forest Green (Marine),Marine Grade Fabrics,,Green,"https://platform.brownjordan.com/media/catalog/product/4/6/4637_tropitone_large_5178.jpg?quality=80&bg-color=255,255,255&fit=bounds&height=&width=",https://www.tropitone.com/materials/fabrics/marine-grade-fabrics/4637
88002,Sunburst Yellow (Firesist),Firesist Fabrics,,Yellow / Gold,"https://platform.brownjordan.com/media/catalog/product/8/8/88002_tropitone_large_47fd.jpg?quality=80&bg-color=255,255,255&fit=bounds&height=&width=",https://www.tropitone.com/materials/fabrics/firesist-fabrics/88002
88037,Forest Green (Firesist),Firesist Fabrics,,Green,"https://platform.brownjordan.com/media/catalog/product/8/8/88037_tropitone_large_5dce.jpg?quality=80&bg-color=255,255,255&fit=bounds&height=&width=",https://www.tropitone.com/materials/fabrics/firesist-fabrics/88037
spi,Spice,Cord Welt Fabrics,,Orange / Rust,"https://platform.brownjordan.com/media/catalog/product/s/p/spi_spice_cord_welt_f287.jpg?quality=80&bg-color=255,255,255&fit=bounds&height=&width=",https://www.tropitone.com/materials/fabrics/cord-welt-fabrics/spi
ash,Ash,Cord Welt Fabrics,,Gray / Charcoal,"https://platform.brownjordan.com/media/catalog/product/a/s/ash_ash_cord_welt_c559.jpg?quality=80&bg-color=255,255,255&fit=bounds&height=&width=",https://www.tropitone.com/materials/fabrics/cord-welt-fabrics/ash
lbk,Lodge-Black,Cord Welt Fabrics,,Gray / Charcoal,"https://platform.brownjordan.com/media/catalog/product/l/b/lbk_lodge_black_cord_welt_be2e.jpg?quality=80&bg-color=255,255,255&fit=bounds&height=&width=",https://www.tropitone.com/materials/fabrics/cord-welt-fabrics/lbk
etn,Espresso-Tan,Cord Welt Fabrics,,Brown / Bronze / Earth,"https://platform.brownjordan.com/media/catalog/product/e/t/etn_espresso_tan_cord_weltjpg_53cf.jpg?quality=80&bg-color=255,255,255&fit=bounds&height=&width=",https://www.tropitone.com/materials/fabrics/cord-welt-fabrics/etn
bir,Birch,Cord Welt Fabrics,,Beige / Sand / Tan,"https://platform.brownjordan.com/media/catalog/product/b/i/bir_birch_cord_welt_0851.jpg?quality=80&bg-color=255,255,255&fit=bounds&height=&width=",https://www.tropitone.com/materials/fabrics/cord-welt-fabrics/bir
89066,Evergreen,Elios Fabrics,,Green,"https://platform.brownjordan.com/media/catalog/product/8/9/89066_tropitone_large_bee0.jpg?quality=80&bg-color=255,255,255&fit=bounds&height=&width=",https://www.tropitone.com/materials/fabrics/elios-fabrics/89066
89059,Caramel,Elios Fabrics,,Brown / Bronze / Earth,"https://platform.brownjordan.com/media/catalog/product/8/9/89059_tropitone_large_0bd3.jpg?quality=80&bg-color=255,255,255&fit=bounds&height=&width=",https://www.tropitone.com/materials/fabrics/elios-fabrics/89059
89068,Sodalite,Elios Fabrics,,Blue / Navy / Teal,"https://platform.brownjordan.com/media/catalog/product/8/9/89068_tropitone_large_42cc.jpg?quality=80&bg-color=255,255,255&fit=bounds&height=&width=",https://www.tropitone.com/materials/fabrics/elios-fabrics/89068
89065,Sparrow,Elios Fabrics,,Brown / Bronze / Earth,"https://platform.brownjordan.com/media/catalog/product/8/9/89065_tropitone_large_1b29.jpg?quality=80&bg-color=255,255,255&fit=bounds&height=&width=",https://www.tropitone.com/materials/fabrics/elios-fabrics/89065
89060,Ladybird,Elios Fabrics,,Red / Coral / Pink,"https://platform.brownjordan.com/media/catalog/product/8/9/89060_tropitone_large_2e17.jpg?quality=80&bg-color=255,255,255&fit=bounds&height=&width=",https://www.tropitone.com/materials/fabrics/elios-fabrics/89060
89061,Birch,Elios Fabrics,,Beige / Sand / Tan,"https://platform.brownjordan.com/media/catalog/product/8/9/89061_tropitone_large_eacb.jpg?quality=80&bg-color=255,255,255&fit=bounds&height=&width=",https://www.tropitone.com/materials/fabrics/elios-fabrics/89061
89067,Dark Night,Elios Fabrics,,Gray / Charcoal,"https://platform.brownjordan.com/media/catalog/product/8/9/89067_tropitone_large_8ead.jpg?quality=80&bg-color=255,255,255&fit=bounds&height=&width=",https://www.tropitone.com/materials/fabrics/elios-fabrics/89067
89062,Spring,Elios Fabrics,,Green,"https://platform.brownjordan.com/media/catalog/product/8/9/89062_tropitone_large_f606.jpg?quality=80&bg-color=255,255,255&fit=bounds&height=&width=",https://www.tropitone.com/materials/fabrics/elios-fabrics/89062
89063,Basalt,Elios Fabrics,,Gray / Charcoal,"https://platform.brownjordan.com/media/catalog/product/8/9/89063_tropitone_large_44ad.jpg?quality=80&bg-color=255,255,255&fit=bounds&height=&width=",https://www.tropitone.com/materials/fabrics/elios-fabrics/89063
