manufacturer,manufacturer_slug,product_id,sku,name,slug,description,short_description,category,category_slug,material,material_slug,price,sale_price,frame_only_price,cost,msrp,markup_percent,pricing_mode,weight,dimensions,specs,tags,show_price_online,available_online,in_store_only,quote_only,featured,featured_at,display_order,low_stock_threshold,is_active,created_at,updated_at,variants,fabric_options,fabric_pools,finish_options,finish_pools,images,attributes
O.W. Lee,o-w-lee,4901,24 Round Dekton Top,"24"" Round Dekton Top",owlee-24-round-dekton-top-24-round-dekton-top,"Part of the O.W. Lee Tables, Tops & Bases collection. Crafted in the USA, O.W. Lee pieces are built to order and sold exclusively through our showroom — contact a sales agent for pricing, finishes, and cushion options.","Tables, Tops & Bases collection · 24"" Round Dekton Top by O.W. Lee",Dining,cat-dining,,,,,,,,,fixed,,"W 24"" × D 24""","{""collection"":""Tables, Tops & Bases"",""source_url"":""https://www.owlee.com/collections/dekton-tops/24-round-dekton-top/"",""depth_length_in"":""24"",""width_diameter_in"":""24""}","[""o-w-lee"",""tables-tops-bases"",""made-in-usa"",""quote-only""]",false,true,true,true,false,,57,0,true,2026-06-02 00:19:51.079478+00,2026-06-02 00:19:51.079478+00,[],[],[],[],[],"[{""url"":""https://641bdd57-e650-4f10-a19f-628c07eb50b7-00-1e7i1aja8wnz9.worf.replit.dev/api/storage/objects/products/owlee/TABLES TOPS BASES - 24 ROUND DEKTON TOP.jpg"",""alt_text"":""24\"" Round Dekton Top"",""is_primary"":true,""display_order"":0,""image_kind"":""gallery"",""variant_id"":null}]",[]
O.W. Lee,o-w-lee,4902,24 Round Micro Mesh Top,"24"" Round Micro Mesh Top",owlee-24-round-micro-mesh-top-24-round-micro-mesh-top,"Part of the O.W. Lee Tables, Tops & Bases collection. Crafted in the USA, O.W. Lee pieces are built to order and sold exclusively through our showroom — contact a sales agent for pricing, finishes, and cushion options.","Tables, Tops & Bases collection · 24"" Round Micro Mesh Top by O.W. Lee",Dining,cat-dining,,,,,,,,,fixed,,"W 24"" × D 24""","{""collection"":""Tables, Tops & Bases"",""source_url"":""https://www.owlee.com/collections/micro-mesh-table-tops/24-round-mesh-top/"",""depth_length_in"":""24"",""width_diameter_in"":""24""}","[""o-w-lee"",""tables-tops-bases"",""made-in-usa"",""quote-only""]",false,true,true,true,false,,58,0,true,2026-06-02 00:19:51.338528+00,2026-06-02 00:19:51.338528+00,[],[],[],[],[],"[{""url"":""https://641bdd57-e650-4f10-a19f-628c07eb50b7-00-1e7i1aja8wnz9.worf.replit.dev/api/storage/objects/products/owlee/TABLES TOPS BASES - 24 ROUND MICRO MESH TOP.jpg"",""alt_text"":""24\"" Round Micro Mesh Top"",""is_primary"":true,""display_order"":0,""image_kind"":""gallery"",""variant_id"":null}]",[]
O.W. Lee,o-w-lee,4903,24 Round Porcelain Top,"24"" Round Porcelain Top",owlee-24-round-porcelain-top-24-round-porcelain-top,"Part of the O.W. Lee Tables, Tops & Bases collection. Crafted in the USA, O.W. Lee pieces are built to order and sold exclusively through our showroom — contact a sales agent for pricing, finishes, and cushion options.","Tables, Tops & Bases collection · 24"" Round Porcelain Top by O.W. Lee",Dining,cat-dining,,,,,,,,,fixed,,"W 24"" × D 24""","{""collection"":""Tables, Tops & Bases"",""source_url"":""https://www.owlee.com/collections/porcelain/24-round-city-top-porcelain-table-tops-city-series/"",""depth_length_in"":""24"",""width_diameter_in"":""24""}","[""o-w-lee"",""tables-tops-bases"",""made-in-usa"",""quote-only""]",false,true,true,true,false,,59,0,true,2026-06-02 00:19:51.631296+00,2026-06-02 00:19:51.631296+00,[],[],[],[],[],"[{""url"":""https://641bdd57-e650-4f10-a19f-628c07eb50b7-00-1e7i1aja8wnz9.worf.replit.dev/api/storage/objects/products/owlee/TABLES TOPS BASES - 24 ROUND PORCELAIN TOP.jpg"",""alt_text"":""24\"" Round Porcelain Top"",""is_primary"":true,""display_order"":0,""image_kind"":""gallery"",""variant_id"":null}]",[]
O.W. Lee,o-w-lee,4904,24 Square Dekton Top,"24"" Square Dekton Top",owlee-24-square-dekton-top-24-square-dekton-top,"Part of the O.W. Lee Tables, Tops & Bases collection. Crafted in the USA, O.W. Lee pieces are built to order and sold exclusively through our showroom — contact a sales agent for pricing, finishes, and cushion options.","Tables, Tops & Bases collection · 24"" Square Dekton Top by O.W. Lee",Dining,cat-dining,,,,,,,,,fixed,,"W 24"" × D 24""","{""collection"":""Tables, Tops & Bases"",""source_url"":""https://www.owlee.com/collections/dekton-tops/24-square-dekton-top/"",""depth_length_in"":""24"",""width_diameter_in"":""24""}","[""o-w-lee"",""tables-tops-bases"",""made-in-usa"",""quote-only""]",false,true,true,true,false,,60,0,true,2026-06-02 00:19:51.761355+00,2026-06-02 00:19:51.761355+00,[],[],[],[],[],"[{""url"":""https://641bdd57-e650-4f10-a19f-628c07eb50b7-00-1e7i1aja8wnz9.worf.replit.dev/api/storage/objects/products/owlee/TABLES TOPS BASES - 24 SQUARE DEKTON TOP.jpg"",""alt_text"":""24\"" Square Dekton Top"",""is_primary"":true,""display_order"":0,""image_kind"":""gallery"",""variant_id"":null}]",[]
O.W. Lee,o-w-lee,4905,24 Square Porcelain Table Top,"24"" Square Porcelain Table Top",owlee-24-square-porcelain-table-top-24-square-porcelain-table-top,"Part of the O.W. Lee Tables, Tops & Bases collection. Crafted in the USA, O.W. Lee pieces are built to order and sold exclusively through our showroom — contact a sales agent for pricing, finishes, and cushion options.","Tables, Tops & Bases collection · 24"" Square Porcelain Table Top by O.W. Lee",Dining,cat-dining,,,,,,,,,fixed,34.00,"W 24"" × D 24""","{""collection"":""Tables, Tops & Bases"",""source_url"":""https://www.owlee.com/collections/porcelain/24-square-porcelain-table-top/"",""weight_lbs"":""34"",""depth_length_in"":""24"",""width_diameter_in"":""24""}","[""o-w-lee"",""tables-tops-bases"",""made-in-usa"",""quote-only""]",false,true,true,true,false,,61,0,true,2026-06-02 00:19:51.968884+00,2026-06-02 00:19:51.968884+00,[],[],[],[],[],"[{""url"":""https://641bdd57-e650-4f10-a19f-628c07eb50b7-00-1e7i1aja8wnz9.worf.replit.dev/api/storage/objects/products/owlee/TABLES TOPS BASES - 24 SQUARE PORCELAIN TABLE TOP.jpg"",""alt_text"":""24\"" Square Porcelain Table Top"",""is_primary"":true,""display_order"":0,""image_kind"":""gallery"",""variant_id"":null}]",[]
O.W. Lee,o-w-lee,2073,27170-O,Aris Ottoman,owlee-aris-ottoman-27170-o,"The O.W. Lee Aris Ottoman adds versatility and comfort to Aris seating arrangements. Its clean-lined form complements the collection’s modern aesthetic while functioning as a footrest or additional seating option. O.W. Lee is renowned for its exceptional quality, supported by an industry-leading warranty. Our frames are covered by a 20-year structural warranty, and the finish is guaranteed against fading, blistering, and peeling for 5 years. Cushions and fabrics are also backed by a 5-year warranty. With a selection of 10 elegant frame finishes and over 100 fabric options, customers can easily customize each piece to seamlessly complement their individual style.","The O.W. Lee Aris Ottoman adds versatility and comfort to Aris seating arrangements. Its clean-lined form complements the collection’s modern aesthetic while functioning as a footrest or additional seating option. O.W. Lee is renowned for its exceptional quality, supported by an industry-leading warranty. Our frames are covered by a 20-year structural warranty, and the finish is guaranteed against fading, blistering, and peeling for 5 years. Cushions and fabrics are also backed by a 5-year warranty. With a selection of 10 elegant frame finishes and over 100 fabric options, customers can easily customize each piece to seamlessly complement their individual style.",Deep Seating,cat-deep-seating,Aluminum,aluminum,,,,,,,fixed,27.00,"H 18"" × W 30"" × D 22""","{""height_in"":""18"",""collection"":""Aris"",""weight_lbs"":""27"",""arm_height_in"":""—"",""seat_height_in"":""—"",""spec_sheet_pdf"":""https://www.owlee.com/wp-content/uploads/2021/11/Aris_Retail_Spec_Sheets_2026_27170-O-Ottoman.pdf"",""depth_length_in"":""22"",""width_diameter_in"":""30""}","[""o-w-lee"",""aris"",""made-in-usa""]",false,true,true,true,false,,50,0,true,2026-05-03 01:40:46.923655+00,2026-06-17 00:27:47.619+00,[],[],[],"[{""finish_id"":11,""item_number"":""TG68"",""name"":""Carbon Black"",""description"":""Frame Finish"",""collection"":null,""image_url"":""https://www.owlee.com/wp-content/uploads/2025/12/finishes_0001_TG68-Carbon-Black.jpg"",""display_order"":0},{""finish_id"":12,""item_number"":""SP50"",""name"":""Copper Creek"",""description"":""Frame Finish"",""collection"":null,""image_url"":""https://www.owlee.com/wp-content/uploads/2025/12/finishes_0004_SP50-Copper-Creek.jpg"",""display_order"":0},{""finish_id"":13,""item_number"":""SP42"",""name"":""Espresso"",""description"":""Frame Finish"",""collection"":null,""image_url"":""https://www.owlee.com/wp-content/uploads/2025/12/finishes_0005_SP42-Espresso.jpg"",""display_order"":0},{""finish_id"":14,""item_number"":""SP21"",""name"":""Graphite"",""description"":""Frame Finish"",""collection"":null,""image_url"":""https://www.owlee.com/wp-content/uploads/2025/12/finishes_0007_SP21-Graphite.jpg"",""display_order"":0},{""finish_id"":15,""item_number"":""SP11"",""name"":""Rosewood"",""description"":""Frame Finish"",""collection"":null,""image_url"":""https://www.owlee.com/wp-content/uploads/2025/12/finishes_0008_SP11-Rosewood.jpg"",""display_order"":0},{""finish_id"":16,""item_number"":""SP22"",""name"":""Sable"",""description"":""Frame Finish"",""collection"":null,""image_url"":""https://www.owlee.com/wp-content/uploads/2025/12/finishes_0006_SP22-Sable.jpg"",""display_order"":0},{""finish_id"":17,""item_number"":""AZ53"",""name"":""Sand Dollar"",""description"":""Frame Finish"",""collection"":null,""image_url"":""https://www.owlee.com/wp-content/uploads/2025/12/finishes_0009_AZ53-Sand-Dollar.jpg"",""display_order"":0},{""finish_id"":18,""item_number"":""TC20"",""name"":""Sandalwood"",""description"":""Frame Finish"",""collection"":null,""image_url"":""https://www.owlee.com/wp-content/uploads/2025/12/finishes_0003_TC20-Sandalwood.jpg"",""display_order"":0},{""finish_id"":19,""item_number"":""TG56"",""name"":""Shadow Grey"",""description"":""Frame Finish"",""collection"":null,""image_url"":""https://www.owlee.com/wp-content/uploads/2025/12/finishes_0002_TG56-Shadow-Grey.jpg"",""display_order"":0},{""finish_id"":20,""item_number"":""VT25"",""name"":""Velvet White"",""description"":""Frame Finish"",""collection"":null,""image_url"":""https://www.owlee.com/wp-content/uploads/2025/12/finishes_0000_VT25-Velvet-White.jpg"",""display_order"":0}]",[],"[{""url"":""https://641bdd57-e650-4f10-a19f-628c07eb50b7-00-1e7i1aja8wnz9.worf.replit.dev/api/storage/objects/products/owlee-v2/27170-O_Aris_Ottoman.jpg"",""alt_text"":null,""is_primary"":true,""display_order"":0,""image_kind"":""gallery"",""variant_id"":null}]",[]
O.W. Lee,o-w-lee,2069,27175-2S,Aris Love Seat,owlee-aris-love-seat-27175-2s,"The O.W. Lee Aris Love Seat offers intimate seating with classic Mid-Century Modern character. Its balanced proportions, refined lines, and comfortable cushions create an inviting outdoor love seat for relaxed conversation. O.W. Lee is renowned for its exceptional quality, supported by an industry-leading warranty. Our frames are covered by a 20-year structural warranty, and the finish is guaranteed against fading, blistering, and peeling for 5 years. Cushions and fabrics are also backed by a 5-year warranty. With a selection of 10 elegant frame finishes and over 100 fabric options, customers can easily customize each piece to seamlessly complement their individual style.","The O.W. Lee Aris Love Seat offers intimate seating with classic Mid-Century Modern character. Its balanced proportions, refined lines, and comfortable cushions create an inviting outdoor love seat for relaxed conversation. O.W. Lee is renowned for its exceptional quality, supported by an industry-leading warranty. Our frames are covered by a 20-year structural warranty, and the finish is guaranteed against fading, blistering, and peeling for 5 years. Cushions and fabrics are also backed by a 5-year warranty. With a selection of 10 elegant frame finishes and over 100 fabric options, customers can easily customize each piece to seamlessly complement their individual style.",Deep Seating,cat-deep-seating,Aluminum,aluminum,,,,,,,fixed,100.00,"H 42.75"" × W 56"" × D 36""","{""height_in"":""42.75"",""collection"":""Aris"",""weight_lbs"":""100"",""arm_height_in"":""25.5"",""seat_height_in"":""18"",""spec_sheet_pdf"":""https://www.owlee.com/wp-content/uploads/2021/11/Aris_Retail_Spec_Sheets_2026_27175-2S-Love-Seat.pdf"",""depth_length_in"":""36"",""width_diameter_in"":""56""}","[""o-w-lee"",""aris"",""made-in-usa""]",false,true,true,true,false,,46,0,true,2026-05-03 01:40:46.910703+00,2026-06-17 00:27:47.597+00,[],[],[],"[{""finish_id"":11,""item_number"":""TG68"",""name"":""Carbon Black"",""description"":""Frame Finish"",""collection"":null,""image_url"":""https://www.owlee.com/wp-content/uploads/2025/12/finishes_0001_TG68-Carbon-Black.jpg"",""display_order"":0},{""finish_id"":12,""item_number"":""SP50"",""name"":""Copper Creek"",""description"":""Frame Finish"",""collection"":null,""image_url"":""https://www.owlee.com/wp-content/uploads/2025/12/finishes_0004_SP50-Copper-Creek.jpg"",""display_order"":0},{""finish_id"":13,""item_number"":""SP42"",""name"":""Espresso"",""description"":""Frame Finish"",""collection"":null,""image_url"":""https://www.owlee.com/wp-content/uploads/2025/12/finishes_0005_SP42-Espresso.jpg"",""display_order"":0},{""finish_id"":14,""item_number"":""SP21"",""name"":""Graphite"",""description"":""Frame Finish"",""collection"":null,""image_url"":""https://www.owlee.com/wp-content/uploads/2025/12/finishes_0007_SP21-Graphite.jpg"",""display_order"":0},{""finish_id"":15,""item_number"":""SP11"",""name"":""Rosewood"",""description"":""Frame Finish"",""collection"":null,""image_url"":""https://www.owlee.com/wp-content/uploads/2025/12/finishes_0008_SP11-Rosewood.jpg"",""display_order"":0},{""finish_id"":16,""item_number"":""SP22"",""name"":""Sable"",""description"":""Frame Finish"",""collection"":null,""image_url"":""https://www.owlee.com/wp-content/uploads/2025/12/finishes_0006_SP22-Sable.jpg"",""display_order"":0},{""finish_id"":17,""item_number"":""AZ53"",""name"":""Sand Dollar"",""description"":""Frame Finish"",""collection"":null,""image_url"":""https://www.owlee.com/wp-content/uploads/2025/12/finishes_0009_AZ53-Sand-Dollar.jpg"",""display_order"":0},{""finish_id"":18,""item_number"":""TC20"",""name"":""Sandalwood"",""description"":""Frame Finish"",""collection"":null,""image_url"":""https://www.owlee.com/wp-content/uploads/2025/12/finishes_0003_TC20-Sandalwood.jpg"",""display_order"":0},{""finish_id"":19,""item_number"":""TG56"",""name"":""Shadow Grey"",""description"":""Frame Finish"",""collection"":null,""image_url"":""https://www.owlee.com/wp-content/uploads/2025/12/finishes_0002_TG56-Shadow-Grey.jpg"",""display_order"":0},{""finish_id"":20,""item_number"":""VT25"",""name"":""Velvet White"",""description"":""Frame Finish"",""collection"":null,""image_url"":""https://www.owlee.com/wp-content/uploads/2025/12/finishes_0000_VT25-Velvet-White.jpg"",""display_order"":0}]",[],"[{""url"":""https://641bdd57-e650-4f10-a19f-628c07eb50b7-00-1e7i1aja8wnz9.worf.replit.dev/api/storage/objects/products/owlee-v2/27175-2S_Aris_Love_Seat.jpg"",""alt_text"":null,""is_primary"":true,""display_order"":0,""image_kind"":""gallery"",""variant_id"":null}]",[]
O.W. Lee,o-w-lee,2071,27175-3S,Aris Sofa,owlee-aris-sofa-27175-3s,"The O.W. Lee Aris Sofa offers intimate seating for 3 with classic Mid-Century Modern character. Its balanced proportions, refined lines, and comfortable cushions create an inviting outdoor love seat for relaxed conversation. O.W. Lee is renowned for its exceptional quality, supported by an industry-leading warranty. Our frames are covered by a 20-year structural warranty, and the finish is guaranteed against fading, blistering, and peeling for 5 years. Cushions and fabrics are also backed by a 5-year warranty. With a selection of 10 elegant frame finishes and over 100 fabric options, customers can easily customize each piece to seamlessly complement their individual style.","The O.W. Lee Aris Sofa offers intimate seating for 3 with classic Mid-Century Modern character. Its balanced proportions, refined lines, and comfortable cushions create an inviting outdoor love seat for relaxed conversation. O.W. Lee is renowned for its exceptional quality, supported by an industry-leading warranty. Our frames are covered by a 20-year structural warranty, and the finish is guaranteed against fading, blistering, and peeling for 5 years. Cushions and fabrics are also backed by a 5-year warranty. With a selection of 10 elegant frame finishes and over 100 fabric options, customers can easily customize each piece to seamlessly complement their individual style.",Deep Seating,cat-deep-seating,Aluminum,aluminum,,,,,,,fixed,,"H 42.75"" × W 82"" × D 36""","{""height_in"":""42.75"",""collection"":""Aris"",""weight_lbs"":""138 (pkg)"",""arm_height_in"":""25.5"",""seat_height_in"":""18"",""spec_sheet_pdf"":""https://www.owlee.com/wp-content/uploads/2021/11/Aris_Retail_Spec_Sheets_2026_27175-3S-Sofa.pdf"",""depth_length_in"":""36"",""width_diameter_in"":""82""}","[""o-w-lee"",""aris"",""made-in-usa""]",false,true,true,true,false,,48,0,true,2026-05-03 01:40:46.91726+00,2026-06-17 00:27:47.608+00,[],[],[],"[{""finish_id"":11,""item_number"":""TG68"",""name"":""Carbon Black"",""description"":""Frame Finish"",""collection"":null,""image_url"":""https://www.owlee.com/wp-content/uploads/2025/12/finishes_0001_TG68-Carbon-Black.jpg"",""display_order"":0},{""finish_id"":12,""item_number"":""SP50"",""name"":""Copper Creek"",""description"":""Frame Finish"",""collection"":null,""image_url"":""https://www.owlee.com/wp-content/uploads/2025/12/finishes_0004_SP50-Copper-Creek.jpg"",""display_order"":0},{""finish_id"":13,""item_number"":""SP42"",""name"":""Espresso"",""description"":""Frame Finish"",""collection"":null,""image_url"":""https://www.owlee.com/wp-content/uploads/2025/12/finishes_0005_SP42-Espresso.jpg"",""display_order"":0},{""finish_id"":14,""item_number"":""SP21"",""name"":""Graphite"",""description"":""Frame Finish"",""collection"":null,""image_url"":""https://www.owlee.com/wp-content/uploads/2025/12/finishes_0007_SP21-Graphite.jpg"",""display_order"":0},{""finish_id"":15,""item_number"":""SP11"",""name"":""Rosewood"",""description"":""Frame Finish"",""collection"":null,""image_url"":""https://www.owlee.com/wp-content/uploads/2025/12/finishes_0008_SP11-Rosewood.jpg"",""display_order"":0},{""finish_id"":16,""item_number"":""SP22"",""name"":""Sable"",""description"":""Frame Finish"",""collection"":null,""image_url"":""https://www.owlee.com/wp-content/uploads/2025/12/finishes_0006_SP22-Sable.jpg"",""display_order"":0},{""finish_id"":17,""item_number"":""AZ53"",""name"":""Sand Dollar"",""description"":""Frame Finish"",""collection"":null,""image_url"":""https://www.owlee.com/wp-content/uploads/2025/12/finishes_0009_AZ53-Sand-Dollar.jpg"",""display_order"":0},{""finish_id"":18,""item_number"":""TC20"",""name"":""Sandalwood"",""description"":""Frame Finish"",""collection"":null,""image_url"":""https://www.owlee.com/wp-content/uploads/2025/12/finishes_0003_TC20-Sandalwood.jpg"",""display_order"":0},{""finish_id"":19,""item_number"":""TG56"",""name"":""Shadow Grey"",""description"":""Frame Finish"",""collection"":null,""image_url"":""https://www.owlee.com/wp-content/uploads/2025/12/finishes_0002_TG56-Shadow-Grey.jpg"",""display_order"":0},{""finish_id"":20,""item_number"":""VT25"",""name"":""Velvet White"",""description"":""Frame Finish"",""collection"":null,""image_url"":""https://www.owlee.com/wp-content/uploads/2025/12/finishes_0000_VT25-Velvet-White.jpg"",""display_order"":0}]",[],"[{""url"":""https://641bdd57-e650-4f10-a19f-628c07eb50b7-00-1e7i1aja8wnz9.worf.replit.dev/api/storage/objects/products/owlee-v2/27175-3S_Aris_Aris_Sofa.jpg"",""alt_text"":null,""is_primary"":true,""display_order"":0,""image_kind"":""gallery"",""variant_id"":null}]",[]
O.W. Lee,o-w-lee,2066,27175-CC,Aris Lounge Chair,owlee-aris-lounge-chair-27175-cc,"O.W. Lee is renowned for its exceptional quality, supported by an industry-leading warranty. Our frames are covered by a 20-year structural warranty, and the finish is guaranteed against fading, blistering, and peeling for 5 years. Cushions and fabrics are also backed by a 5-year warranty. With a selection of 10 elegant frame finishes and over 100 fabric options, customers can easily customize each piece to seamlessly complement their individual style.","O.W. Lee is renowned for its exceptional quality, supported by an industry-leading warranty. Our frames are covered by a 20-year structural warranty, and the finish is guaranteed against fading, blistering, and peeling for 5 years. Cushions and fabrics are also backed by a 5-year warranty. With a selection of 10 elegant frame finishes and over 100 fabric options, customers can easily customize each piece to seamlessly complement their individual style.",Deep Seating,cat-deep-seating,Aluminum,aluminum,,,,,,,fixed,58.00,"H 42.75"" × W 30"" × D 36""","{""height_in"":""42.75"",""collection"":""Aris"",""weight_lbs"":""58"",""arm_height_in"":""25.5"",""seat_height_in"":""18"",""spec_sheet_pdf"":""https://www.owlee.com/wp-content/uploads/2021/11/Aris_Retail_Spec_Sheets_2026_27175-CC-Lounge-Chair.pdf"",""depth_length_in"":""36"",""width_diameter_in"":""30""}","[""o-w-lee"",""aris"",""made-in-usa""]",false,true,true,true,false,,43,0,true,2026-05-03 01:40:46.899215+00,2026-06-17 00:27:47.581+00,[],[],[],"[{""finish_id"":11,""item_number"":""TG68"",""name"":""Carbon Black"",""description"":""Frame Finish"",""collection"":null,""image_url"":""https://www.owlee.com/wp-content/uploads/2025/12/finishes_0001_TG68-Carbon-Black.jpg"",""display_order"":0},{""finish_id"":12,""item_number"":""SP50"",""name"":""Copper Creek"",""description"":""Frame Finish"",""collection"":null,""image_url"":""https://www.owlee.com/wp-content/uploads/2025/12/finishes_0004_SP50-Copper-Creek.jpg"",""display_order"":0},{""finish_id"":13,""item_number"":""SP42"",""name"":""Espresso"",""description"":""Frame Finish"",""collection"":null,""image_url"":""https://www.owlee.com/wp-content/uploads/2025/12/finishes_0005_SP42-Espresso.jpg"",""display_order"":0},{""finish_id"":14,""item_number"":""SP21"",""name"":""Graphite"",""description"":""Frame Finish"",""collection"":null,""image_url"":""https://www.owlee.com/wp-content/uploads/2025/12/finishes_0007_SP21-Graphite.jpg"",""display_order"":0},{""finish_id"":15,""item_number"":""SP11"",""name"":""Rosewood"",""description"":""Frame Finish"",""collection"":null,""image_url"":""https://www.owlee.com/wp-content/uploads/2025/12/finishes_0008_SP11-Rosewood.jpg"",""display_order"":0},{""finish_id"":16,""item_number"":""SP22"",""name"":""Sable"",""description"":""Frame Finish"",""collection"":null,""image_url"":""https://www.owlee.com/wp-content/uploads/2025/12/finishes_0006_SP22-Sable.jpg"",""display_order"":0},{""finish_id"":17,""item_number"":""AZ53"",""name"":""Sand Dollar"",""description"":""Frame Finish"",""collection"":null,""image_url"":""https://www.owlee.com/wp-content/uploads/2025/12/finishes_0009_AZ53-Sand-Dollar.jpg"",""display_order"":0},{""finish_id"":18,""item_number"":""TC20"",""name"":""Sandalwood"",""description"":""Frame Finish"",""collection"":null,""image_url"":""https://www.owlee.com/wp-content/uploads/2025/12/finishes_0003_TC20-Sandalwood.jpg"",""display_order"":0},{""finish_id"":19,""item_number"":""TG56"",""name"":""Shadow Grey"",""description"":""Frame Finish"",""collection"":null,""image_url"":""https://www.owlee.com/wp-content/uploads/2025/12/finishes_0002_TG56-Shadow-Grey.jpg"",""display_order"":0},{""finish_id"":20,""item_number"":""VT25"",""name"":""Velvet White"",""description"":""Frame Finish"",""collection"":null,""image_url"":""https://www.owlee.com/wp-content/uploads/2025/12/finishes_0000_VT25-Velvet-White.jpg"",""display_order"":0}]",[],"[{""url"":""https://641bdd57-e650-4f10-a19f-628c07eb50b7-00-1e7i1aja8wnz9.worf.replit.dev/api/storage/objects/products/owlee-v2/27175-CC_Aris_Lounge_Chair.jpg"",""alt_text"":null,""is_primary"":true,""display_order"":0,""image_kind"":""gallery"",""variant_id"":null}]",[]
O.W. Lee,o-w-lee,2067,27175-SR,Aris Swivel Rocker Lounge Chair,owlee-aris-swivel-rocker-lounge-chair-27175-sr,"The O.W. Lee Aris Swivel Rocker Lounge Chair adds effortless motion to modern outdoor relaxation. Smooth swivel and gentle rocking enhance comfort while preserving the collection’s clean, retro-inspired aesthetic. O.W. Lee is renowned for its exceptional quality, supported by an industry-leading warranty. Our frames are covered by a 20-year structural warranty, and the finish is guaranteed against fading, blistering, and peeling for 5 years. Cushions and fabrics are also backed by a 5-year warranty. With a selection of 10 elegant frame finishes and over 100 fabric options, customers can easily customize each piece to seamlessly complement their individual style.","The O.W. Lee Aris Swivel Rocker Lounge Chair adds effortless motion to modern outdoor relaxation. Smooth swivel and gentle rocking enhance comfort while preserving the collection’s clean, retro-inspired aesthetic. O.W. Lee is renowned for its exceptional quality, supported by an industry-leading warranty. Our frames are covered by a 20-year structural warranty, and the finish is guaranteed against fading, blistering, and peeling for 5 years. Cushions and fabrics are also backed by a 5-year warranty. With a selection of 10 elegant frame finishes and over 100 fabric options, customers can easily customize each piece to seamlessly complement their individual style.",Deep Seating,cat-deep-seating,Aluminum,aluminum,,,,,,,fixed,68.00,"H 42.25"" × W 30"" × D 36""","{""height_in"":""42.25"",""collection"":""Aris"",""weight_lbs"":""68"",""arm_height_in"":""25.25"",""seat_height_in"":""17.5"",""spec_sheet_pdf"":""https://www.owlee.com/wp-content/uploads/2021/11/Aris_Retail_Spec_Sheets_2026_27175-SR-Swivel-Rocker-Lounge-Chair.pdf"",""depth_length_in"":""36"",""width_diameter_in"":""30""}","[""o-w-lee"",""aris"",""made-in-usa""]",false,true,true,true,false,,44,0,true,2026-05-03 01:40:46.902651+00,2026-06-17 00:27:47.586+00,[],[],[],"[{""finish_id"":11,""item_number"":""TG68"",""name"":""Carbon Black"",""description"":""Frame Finish"",""collection"":null,""image_url"":""https://www.owlee.com/wp-content/uploads/2025/12/finishes_0001_TG68-Carbon-Black.jpg"",""display_order"":0},{""finish_id"":12,""item_number"":""SP50"",""name"":""Copper Creek"",""description"":""Frame Finish"",""collection"":null,""image_url"":""https://www.owlee.com/wp-content/uploads/2025/12/finishes_0004_SP50-Copper-Creek.jpg"",""display_order"":0},{""finish_id"":13,""item_number"":""SP42"",""name"":""Espresso"",""description"":""Frame Finish"",""collection"":null,""image_url"":""https://www.owlee.com/wp-content/uploads/2025/12/finishes_0005_SP42-Espresso.jpg"",""display_order"":0},{""finish_id"":14,""item_number"":""SP21"",""name"":""Graphite"",""description"":""Frame Finish"",""collection"":null,""image_url"":""https://www.owlee.com/wp-content/uploads/2025/12/finishes_0007_SP21-Graphite.jpg"",""display_order"":0},{""finish_id"":15,""item_number"":""SP11"",""name"":""Rosewood"",""description"":""Frame Finish"",""collection"":null,""image_url"":""https://www.owlee.com/wp-content/uploads/2025/12/finishes_0008_SP11-Rosewood.jpg"",""display_order"":0},{""finish_id"":16,""item_number"":""SP22"",""name"":""Sable"",""description"":""Frame Finish"",""collection"":null,""image_url"":""https://www.owlee.com/wp-content/uploads/2025/12/finishes_0006_SP22-Sable.jpg"",""display_order"":0},{""finish_id"":17,""item_number"":""AZ53"",""name"":""Sand Dollar"",""description"":""Frame Finish"",""collection"":null,""image_url"":""https://www.owlee.com/wp-content/uploads/2025/12/finishes_0009_AZ53-Sand-Dollar.jpg"",""display_order"":0},{""finish_id"":18,""item_number"":""TC20"",""name"":""Sandalwood"",""description"":""Frame Finish"",""collection"":null,""image_url"":""https://www.owlee.com/wp-content/uploads/2025/12/finishes_0003_TC20-Sandalwood.jpg"",""display_order"":0},{""finish_id"":19,""item_number"":""TG56"",""name"":""Shadow Grey"",""description"":""Frame Finish"",""collection"":null,""image_url"":""https://www.owlee.com/wp-content/uploads/2025/12/finishes_0002_TG56-Shadow-Grey.jpg"",""display_order"":0},{""finish_id"":20,""item_number"":""VT25"",""name"":""Velvet White"",""description"":""Frame Finish"",""collection"":null,""image_url"":""https://www.owlee.com/wp-content/uploads/2025/12/finishes_0000_VT25-Velvet-White.jpg"",""display_order"":0}]",[],"[{""url"":""https://641bdd57-e650-4f10-a19f-628c07eb50b7-00-1e7i1aja8wnz9.worf.replit.dev/api/storage/objects/products/owlee-v2/27175-SR_Aris_Swivel_Rocker_Lounge_Chair.jpg"",""alt_text"":null,""is_primary"":true,""display_order"":0,""image_kind"":""gallery"",""variant_id"":null}]",[]
O.W. Lee,o-w-lee,2074,27179-CH,Aris Adjustable Chaise,owlee-aris-adjustable-chaise-27179-ch,"O.W. Lee is renowned for its exceptional quality, supported by an industry-leading warranty. Our frames are covered by a 20-year structural warranty, and the finish is guaranteed against fading, blistering, and peeling for 5 years. Cushions and fabrics are also backed by a 5-year warranty.","O.W. Lee is renowned for its exceptional quality, supported by an industry-leading warranty. Our frames are covered by a 20-year structural warranty, and the finish is guaranteed against fading, blistering, and peeling for 5 years. Cushions and fabrics are also backed by a 5-year warranty.",Chaise Lounges,cat-chaise-lounges,Aluminum,aluminum,,,,,,,fixed,83.00,"H 39"" × W 30"" × D 66.25""","{""height_in"":""39"",""collection"":""Aris"",""weight_lbs"":""83"",""arm_height_in"":""19.75"",""seat_height_in"":""16"",""spec_sheet_pdf"":""https://www.owlee.com/wp-content/uploads/2021/11/Aris_Retail_Spec_Sheets_2026_27179-CH-Adjustable-Chaise.pdf"",""depth_length_in"":""66.25"",""width_diameter_in"":""30""}","[""o-w-lee"",""aris"",""made-in-usa""]",false,true,true,true,false,,51,0,true,2026-05-03 01:40:46.927191+00,2026-06-17 00:27:47.624+00,[],[],[],"[{""finish_id"":11,""item_number"":""TG68"",""name"":""Carbon Black"",""description"":""Frame Finish"",""collection"":null,""image_url"":""https://www.owlee.com/wp-content/uploads/2025/12/finishes_0001_TG68-Carbon-Black.jpg"",""display_order"":0},{""finish_id"":12,""item_number"":""SP50"",""name"":""Copper Creek"",""description"":""Frame Finish"",""collection"":null,""image_url"":""https://www.owlee.com/wp-content/uploads/2025/12/finishes_0004_SP50-Copper-Creek.jpg"",""display_order"":0},{""finish_id"":13,""item_number"":""SP42"",""name"":""Espresso"",""description"":""Frame Finish"",""collection"":null,""image_url"":""https://www.owlee.com/wp-content/uploads/2025/12/finishes_0005_SP42-Espresso.jpg"",""display_order"":0},{""finish_id"":14,""item_number"":""SP21"",""name"":""Graphite"",""description"":""Frame Finish"",""collection"":null,""image_url"":""https://www.owlee.com/wp-content/uploads/2025/12/finishes_0007_SP21-Graphite.jpg"",""display_order"":0},{""finish_id"":15,""item_number"":""SP11"",""name"":""Rosewood"",""description"":""Frame Finish"",""collection"":null,""image_url"":""https://www.owlee.com/wp-content/uploads/2025/12/finishes_0008_SP11-Rosewood.jpg"",""display_order"":0},{""finish_id"":16,""item_number"":""SP22"",""name"":""Sable"",""description"":""Frame Finish"",""collection"":null,""image_url"":""https://www.owlee.com/wp-content/uploads/2025/12/finishes_0006_SP22-Sable.jpg"",""display_order"":0},{""finish_id"":17,""item_number"":""AZ53"",""name"":""Sand Dollar"",""description"":""Frame Finish"",""collection"":null,""image_url"":""https://www.owlee.com/wp-content/uploads/2025/12/finishes_0009_AZ53-Sand-Dollar.jpg"",""display_order"":0},{""finish_id"":18,""item_number"":""TC20"",""name"":""Sandalwood"",""description"":""Frame Finish"",""collection"":null,""image_url"":""https://www.owlee.com/wp-content/uploads/2025/12/finishes_0003_TC20-Sandalwood.jpg"",""display_order"":0},{""finish_id"":19,""item_number"":""TG56"",""name"":""Shadow Grey"",""description"":""Frame Finish"",""collection"":null,""image_url"":""https://www.owlee.com/wp-content/uploads/2025/12/finishes_0002_TG56-Shadow-Grey.jpg"",""display_order"":0},{""finish_id"":20,""item_number"":""VT25"",""name"":""Velvet White"",""description"":""Frame Finish"",""collection"":null,""image_url"":""https://www.owlee.com/wp-content/uploads/2025/12/finishes_0000_VT25-Velvet-White.jpg"",""display_order"":0}]",[],"[{""url"":""https://641bdd57-e650-4f10-a19f-628c07eb50b7-00-1e7i1aja8wnz9.worf.replit.dev/api/storage/objects/products/owlee-v2/27179-CH_Aris_Adjustable_Chaise.jpg"",""alt_text"":null,""is_primary"":true,""display_order"":0,""image_kind"":""gallery"",""variant_id"":null}]",[]
O.W. Lee,o-w-lee,2068,27275-SR,Aris Max Swivel Rocker Lounge Chair,owlee-aris-max-swivel-rocker-lounge-chair-27275-sr,"The O.W. Lee Aris Max Swivel Rocker Lounge Chair offers an expanded scale with added side cushions for enhanced comfort. Designed for those who prefer a more generous seating experience, this Max lounge chair combines Mid-Century Modern style with maximum relaxation. O.W. Lee is renowned for its exceptional quality, supported by an industry-leading warranty. Our frames are covered by a 20-year structural warranty, and the finish is guaranteed against fading, blistering, and peeling for 5 years. Cushions and fabrics are also backed by a 5-year warranty. With a selection of 10 elegant frame finishes and over 100 fabric options, customers can easily customize each piece to seamlessly complement their individual style.","The O.W. Lee Aris Max Swivel Rocker Lounge Chair offers an expanded scale with added side cushions for enhanced comfort. Designed for those who prefer a more generous seating experience, this Max lounge chair combines Mid-Century Modern style with maximum relaxation. O.W. Lee is renowned for its exceptional quality, supported by an industry-leading warranty. Our frames are covered by a 20-year structural warranty, and the finish is guaranteed against fading, blistering, and peeling for 5 years. Cushions and fabrics are also backed by a 5-year warranty. With a selection of 10 elegant frame finishes and over 100 fabric options, customers can easily customize each piece to seamlessly complement their individual style.",Deep Seating,cat-deep-seating,Aluminum,aluminum,,,,,,,fixed,68.00,"H 42.75"" × W 45.25"" × D 36""","{""height_in"":""42.75"",""collection"":""Aris"",""weight_lbs"":""68"",""arm_height_in"":""27.75"",""seat_height_in"":""17.5"",""spec_sheet_pdf"":""https://www.owlee.com/wp-content/uploads/2025/03/Aris_Retail_SpecSheet_2025_Max-Swivel-Rocker-Lounge-27275-SR.pdf"",""depth_length_in"":""36"",""width_diameter_in"":""45.25""}","[""o-w-lee"",""aris"",""made-in-usa""]",false,true,true,true,false,,45,0,true,2026-05-03 01:40:46.906578+00,2026-06-17 00:27:47.591+00,[],[],[],"[{""finish_id"":11,""item_number"":""TG68"",""name"":""Carbon Black"",""description"":""Frame Finish"",""collection"":null,""image_url"":""https://www.owlee.com/wp-content/uploads/2025/12/finishes_0001_TG68-Carbon-Black.jpg"",""display_order"":0},{""finish_id"":12,""item_number"":""SP50"",""name"":""Copper Creek"",""description"":""Frame Finish"",""collection"":null,""image_url"":""https://www.owlee.com/wp-content/uploads/2025/12/finishes_0004_SP50-Copper-Creek.jpg"",""display_order"":0},{""finish_id"":13,""item_number"":""SP42"",""name"":""Espresso"",""description"":""Frame Finish"",""collection"":null,""image_url"":""https://www.owlee.com/wp-content/uploads/2025/12/finishes_0005_SP42-Espresso.jpg"",""display_order"":0},{""finish_id"":14,""item_number"":""SP21"",""name"":""Graphite"",""description"":""Frame Finish"",""collection"":null,""image_url"":""https://www.owlee.com/wp-content/uploads/2025/12/finishes_0007_SP21-Graphite.jpg"",""display_order"":0},{""finish_id"":15,""item_number"":""SP11"",""name"":""Rosewood"",""description"":""Frame Finish"",""collection"":null,""image_url"":""https://www.owlee.com/wp-content/uploads/2025/12/finishes_0008_SP11-Rosewood.jpg"",""display_order"":0},{""finish_id"":16,""item_number"":""SP22"",""name"":""Sable"",""description"":""Frame Finish"",""collection"":null,""image_url"":""https://www.owlee.com/wp-content/uploads/2025/12/finishes_0006_SP22-Sable.jpg"",""display_order"":0},{""finish_id"":17,""item_number"":""AZ53"",""name"":""Sand Dollar"",""description"":""Frame Finish"",""collection"":null,""image_url"":""https://www.owlee.com/wp-content/uploads/2025/12/finishes_0009_AZ53-Sand-Dollar.jpg"",""display_order"":0},{""finish_id"":18,""item_number"":""TC20"",""name"":""Sandalwood"",""description"":""Frame Finish"",""collection"":null,""image_url"":""https://www.owlee.com/wp-content/uploads/2025/12/finishes_0003_TC20-Sandalwood.jpg"",""display_order"":0},{""finish_id"":19,""item_number"":""TG56"",""name"":""Shadow Grey"",""description"":""Frame Finish"",""collection"":null,""image_url"":""https://www.owlee.com/wp-content/uploads/2025/12/finishes_0002_TG56-Shadow-Grey.jpg"",""display_order"":0},{""finish_id"":20,""item_number"":""VT25"",""name"":""Velvet White"",""description"":""Frame Finish"",""collection"":null,""image_url"":""https://www.owlee.com/wp-content/uploads/2025/12/finishes_0000_VT25-Velvet-White.jpg"",""display_order"":0}]",[],"[{""url"":""https://641bdd57-e650-4f10-a19f-628c07eb50b7-00-1e7i1aja8wnz9.worf.replit.dev/api/storage/objects/products/owlee-v2/27275-SR_Aris_Max_Swivel_Rocker_Lounge_Chair.jpg"",""alt_text"":null,""is_primary"":true,""display_order"":0,""image_kind"":""gallery"",""variant_id"":null}]",[]
O.W. Lee,o-w-lee,2070,27276-2S,Aris Max Love Seat,owlee-aris-max-love-seat-27276-2s,"The O.W. Lee Aris Max Love Seat elevates comfort with a larger profile and additional side cushioning. While maintaining the collection’s iconic modern lines, this Max-scale love seat provides an exceptionally inviting outdoor seating experience. O.W. Lee is renowned for its exceptional quality, supported by an industry-leading warranty. Our frames are covered by a 20-year structural warranty, and the finish is guaranteed against fading, blistering, and peeling for 5 years. Cushions and fabrics are also backed by a 5-year warranty. With a selection of 10 elegant frame finishes and over 100 fabric options, customers can easily customize each piece to seamlessly complement their individual style.","The O.W. Lee Aris Max Love Seat elevates comfort with a larger profile and additional side cushioning. While maintaining the collection’s iconic modern lines, this Max-scale love seat provides an exceptionally inviting outdoor seating experience. O.W. Lee is renowned for its exceptional quality, supported by an industry-leading warranty. Our frames are covered by a 20-year structural warranty, and the finish is guaranteed against fading, blistering, and peeling for 5 years. Cushions and fabrics are also backed by a 5-year warranty. With a selection of 10 elegant frame finishes and over 100 fabric options, customers can easily customize each piece to seamlessly complement their individual style.",Deep Seating,cat-deep-seating,Aluminum,aluminum,,,,,,,fixed,100.00,"H 42.5"" × W 67.25"" × D 36""","{""height_in"":""42.5"",""collection"":""Aris"",""weight_lbs"":""100"",""arm_height_in"":""28"",""seat_height_in"":""17.75"",""spec_sheet_pdf"":""https://www.owlee.com/wp-content/uploads/2021/11/Aris_Retail_Spec_Sheets_2026_27276-2S-Max-Love-Seat.pdf"",""depth_length_in"":""36"",""width_diameter_in"":""67.25""}","[""o-w-lee"",""aris"",""made-in-usa""]",false,true,true,true,false,,47,0,true,2026-05-03 01:40:46.914191+00,2026-06-17 00:27:47.602+00,[],[],[],"[{""finish_id"":11,""item_number"":""TG68"",""name"":""Carbon Black"",""description"":""Frame Finish"",""collection"":null,""image_url"":""https://www.owlee.com/wp-content/uploads/2025/12/finishes_0001_TG68-Carbon-Black.jpg"",""display_order"":0},{""finish_id"":12,""item_number"":""SP50"",""name"":""Copper Creek"",""description"":""Frame Finish"",""collection"":null,""image_url"":""https://www.owlee.com/wp-content/uploads/2025/12/finishes_0004_SP50-Copper-Creek.jpg"",""display_order"":0},{""finish_id"":13,""item_number"":""SP42"",""name"":""Espresso"",""description"":""Frame Finish"",""collection"":null,""image_url"":""https://www.owlee.com/wp-content/uploads/2025/12/finishes_0005_SP42-Espresso.jpg"",""display_order"":0},{""finish_id"":14,""item_number"":""SP21"",""name"":""Graphite"",""description"":""Frame Finish"",""collection"":null,""image_url"":""https://www.owlee.com/wp-content/uploads/2025/12/finishes_0007_SP21-Graphite.jpg"",""display_order"":0},{""finish_id"":15,""item_number"":""SP11"",""name"":""Rosewood"",""description"":""Frame Finish"",""collection"":null,""image_url"":""https://www.owlee.com/wp-content/uploads/2025/12/finishes_0008_SP11-Rosewood.jpg"",""display_order"":0},{""finish_id"":16,""item_number"":""SP22"",""name"":""Sable"",""description"":""Frame Finish"",""collection"":null,""image_url"":""https://www.owlee.com/wp-content/uploads/2025/12/finishes_0006_SP22-Sable.jpg"",""display_order"":0},{""finish_id"":17,""item_number"":""AZ53"",""name"":""Sand Dollar"",""description"":""Frame Finish"",""collection"":null,""image_url"":""https://www.owlee.com/wp-content/uploads/2025/12/finishes_0009_AZ53-Sand-Dollar.jpg"",""display_order"":0},{""finish_id"":18,""item_number"":""TC20"",""name"":""Sandalwood"",""description"":""Frame Finish"",""collection"":null,""image_url"":""https://www.owlee.com/wp-content/uploads/2025/12/finishes_0003_TC20-Sandalwood.jpg"",""display_order"":0},{""finish_id"":19,""item_number"":""TG56"",""name"":""Shadow Grey"",""description"":""Frame Finish"",""collection"":null,""image_url"":""https://www.owlee.com/wp-content/uploads/2025/12/finishes_0002_TG56-Shadow-Grey.jpg"",""display_order"":0},{""finish_id"":20,""item_number"":""VT25"",""name"":""Velvet White"",""description"":""Frame Finish"",""collection"":null,""image_url"":""https://www.owlee.com/wp-content/uploads/2025/12/finishes_0000_VT25-Velvet-White.jpg"",""display_order"":0}]",[],"[{""url"":""https://641bdd57-e650-4f10-a19f-628c07eb50b7-00-1e7i1aja8wnz9.worf.replit.dev/api/storage/objects/products/owlee-v2/27276-2S_Aris_Max_Love_Seat.jpg"",""alt_text"":null,""is_primary"":true,""display_order"":0,""image_kind"":""gallery"",""variant_id"":null}]",[]
O.W. Lee,o-w-lee,2072,27277-3S,Aris Max Sofa,owlee-aris-max-sofa-27277-3s,"The O.W. Lee Aris Max Sofa delivers generous proportions and enhanced comfort without sacrificing design integrity. Added side cushions and a larger scale make this Max outdoor sofa ideal for lounging in ultimate comfort while enjoying Mid-Century Modern style. O.W. Lee is renowned for its exceptional quality, supported by an industry-leading warranty. Our frames are covered by a 20-year structural warranty, and the finish is guaranteed against fading, blistering, and peeling for 5 years. Cushions and fabrics are also backed by a 5-year warranty. With a selection of 10 elegant frame finishes and over 100 fabric options, customers can easily customize each piece to seamlessly complement their individual style.","The O.W. Lee Aris Max Sofa delivers generous proportions and enhanced comfort without sacrificing design integrity. Added side cushions and a larger scale make this Max outdoor sofa ideal for lounging in ultimate comfort while enjoying Mid-Century Modern style. O.W. Lee is renowned for its exceptional quality, supported by an industry-leading warranty. Our frames are covered by a 20-year structural warranty, and the finish is guaranteed against fading, blistering, and peeling for 5 years. Cushions and fabrics are also backed by a 5-year warranty. With a selection of 10 elegant frame finishes and over 100 fabric options, customers can easily customize each piece to seamlessly complement their individual style.",Deep Seating,cat-deep-seating,Aluminum,aluminum,,,,,,,fixed,138.00,"H 42.5"" × W 93.25"" × D 36""","{""height_in"":""42.5"",""collection"":""Aris"",""weight_lbs"":""138"",""arm_height_in"":""28"",""seat_height_in"":""17.75"",""spec_sheet_pdf"":""https://www.owlee.com/wp-content/uploads/2021/11/Aris_Retail_Spec_Sheets_2026_27277-3S-Max-Sofa.pdf"",""depth_length_in"":""36"",""width_diameter_in"":""93.25""}","[""o-w-lee"",""aris"",""made-in-usa""]",false,true,true,true,false,,49,0,true,2026-05-03 01:40:46.920231+00,2026-06-17 00:27:47.614+00,[],[],[],"[{""finish_id"":11,""item_number"":""TG68"",""name"":""Carbon Black"",""description"":""Frame Finish"",""collection"":null,""image_url"":""https://www.owlee.com/wp-content/uploads/2025/12/finishes_0001_TG68-Carbon-Black.jpg"",""display_order"":0},{""finish_id"":12,""item_number"":""SP50"",""name"":""Copper Creek"",""description"":""Frame Finish"",""collection"":null,""image_url"":""https://www.owlee.com/wp-content/uploads/2025/12/finishes_0004_SP50-Copper-Creek.jpg"",""display_order"":0},{""finish_id"":13,""item_number"":""SP42"",""name"":""Espresso"",""description"":""Frame Finish"",""collection"":null,""image_url"":""https://www.owlee.com/wp-content/uploads/2025/12/finishes_0005_SP42-Espresso.jpg"",""display_order"":0},{""finish_id"":14,""item_number"":""SP21"",""name"":""Graphite"",""description"":""Frame Finish"",""collection"":null,""image_url"":""https://www.owlee.com/wp-content/uploads/2025/12/finishes_0007_SP21-Graphite.jpg"",""display_order"":0},{""finish_id"":15,""item_number"":""SP11"",""name"":""Rosewood"",""description"":""Frame Finish"",""collection"":null,""image_url"":""https://www.owlee.com/wp-content/uploads/2025/12/finishes_0008_SP11-Rosewood.jpg"",""display_order"":0},{""finish_id"":16,""item_number"":""SP22"",""name"":""Sable"",""description"":""Frame Finish"",""collection"":null,""image_url"":""https://www.owlee.com/wp-content/uploads/2025/12/finishes_0006_SP22-Sable.jpg"",""display_order"":0},{""finish_id"":17,""item_number"":""AZ53"",""name"":""Sand Dollar"",""description"":""Frame Finish"",""collection"":null,""image_url"":""https://www.owlee.com/wp-content/uploads/2025/12/finishes_0009_AZ53-Sand-Dollar.jpg"",""display_order"":0},{""finish_id"":18,""item_number"":""TC20"",""name"":""Sandalwood"",""description"":""Frame Finish"",""collection"":null,""image_url"":""https://www.owlee.com/wp-content/uploads/2025/12/finishes_0003_TC20-Sandalwood.jpg"",""display_order"":0},{""finish_id"":19,""item_number"":""TG56"",""name"":""Shadow Grey"",""description"":""Frame Finish"",""collection"":null,""image_url"":""https://www.owlee.com/wp-content/uploads/2025/12/finishes_0002_TG56-Shadow-Grey.jpg"",""display_order"":0},{""finish_id"":20,""item_number"":""VT25"",""name"":""Velvet White"",""description"":""Frame Finish"",""collection"":null,""image_url"":""https://www.owlee.com/wp-content/uploads/2025/12/finishes_0000_VT25-Velvet-White.jpg"",""display_order"":0}]",[],"[{""url"":""https://641bdd57-e650-4f10-a19f-628c07eb50b7-00-1e7i1aja8wnz9.worf.replit.dev/api/storage/objects/products/owlee-v2/27277-3S_Aris_Max_Sofa.jpg"",""alt_text"":null,""is_primary"":true,""display_order"":0,""image_kind"":""gallery"",""variant_id"":null}]",[]
O.W. Lee,o-w-lee,2081,2731-BS,Aris Armless Bar Stool,owlee-aris-armless-bar-stool-2731-bs,"The O.W. Lee Aris Armless Bar Stool combines contemporary comfort with retro-inspired styling. Clean lines and a supportive seat create a refined outdoor bar stool designed for both casual and sophisticated environments. O.W. Lee is renowned for its exceptional quality, supported by an industry-leading warranty. Our frames are covered by a 20-year structural warranty, and the finish is guaranteed against fading, blistering, and peeling for 5 years. Cushions and fabrics are also backed by a 5-year warranty. With a selection of 10 elegant frame finishes and over 100 fabric options, customers can easily customize each piece to seamlessly complement their individual style.","The O.W. Lee Aris Armless Bar Stool combines contemporary comfort with retro-inspired styling. Clean lines and a supportive seat create a refined outdoor bar stool designed for both casual and sophisticated environments. O.W. Lee is renowned for its exceptional quality, supported by an industry-leading warranty. Our frames are covered by a 20-year structural warranty, and the finish is guaranteed against fading, blistering, and peeling for 5 years. Cushions and fabrics are also backed by a 5-year warranty. With a selection of 10 elegant frame finishes and over 100 fabric options, customers can easily customize each piece to seamlessly complement their individual style.",Dining,cat-dining,Aluminum,aluminum,,,,,,,fixed,28.00,"H 47.25"" × W 18"" × D 24.25""","{""height_in"":""47.25"",""collection"":""Aris"",""weight_lbs"":""28"",""arm_height_in"":""—"",""seat_height_in"":""31.75"",""spec_sheet_pdf"":""https://www.owlee.com/wp-content/uploads/2021/11/Aris_Retail_Spec_Sheets_2026_2731-BS.pdf"",""depth_length_in"":""24.25"",""width_diameter_in"":""18""}","[""o-w-lee"",""aris"",""made-in-usa""]",false,true,true,true,false,,58,0,true,2026-05-03 01:40:46.950104+00,2026-06-17 00:27:47.663+00,[],[],[],"[{""finish_id"":11,""item_number"":""TG68"",""name"":""Carbon Black"",""description"":""Frame Finish"",""collection"":null,""image_url"":""https://www.owlee.com/wp-content/uploads/2025/12/finishes_0001_TG68-Carbon-Black.jpg"",""display_order"":0},{""finish_id"":12,""item_number"":""SP50"",""name"":""Copper Creek"",""description"":""Frame Finish"",""collection"":null,""image_url"":""https://www.owlee.com/wp-content/uploads/2025/12/finishes_0004_SP50-Copper-Creek.jpg"",""display_order"":0},{""finish_id"":13,""item_number"":""SP42"",""name"":""Espresso"",""description"":""Frame Finish"",""collection"":null,""image_url"":""https://www.owlee.com/wp-content/uploads/2025/12/finishes_0005_SP42-Espresso.jpg"",""display_order"":0},{""finish_id"":14,""item_number"":""SP21"",""name"":""Graphite"",""description"":""Frame Finish"",""collection"":null,""image_url"":""https://www.owlee.com/wp-content/uploads/2025/12/finishes_0007_SP21-Graphite.jpg"",""display_order"":0},{""finish_id"":15,""item_number"":""SP11"",""name"":""Rosewood"",""description"":""Frame Finish"",""collection"":null,""image_url"":""https://www.owlee.com/wp-content/uploads/2025/12/finishes_0008_SP11-Rosewood.jpg"",""display_order"":0},{""finish_id"":16,""item_number"":""SP22"",""name"":""Sable"",""description"":""Frame Finish"",""collection"":null,""image_url"":""https://www.owlee.com/wp-content/uploads/2025/12/finishes_0006_SP22-Sable.jpg"",""display_order"":0},{""finish_id"":17,""item_number"":""AZ53"",""name"":""Sand Dollar"",""description"":""Frame Finish"",""collection"":null,""image_url"":""https://www.owlee.com/wp-content/uploads/2025/12/finishes_0009_AZ53-Sand-Dollar.jpg"",""display_order"":0},{""finish_id"":18,""item_number"":""TC20"",""name"":""Sandalwood"",""description"":""Frame Finish"",""collection"":null,""image_url"":""https://www.owlee.com/wp-content/uploads/2025/12/finishes_0003_TC20-Sandalwood.jpg"",""display_order"":0},{""finish_id"":19,""item_number"":""TG56"",""name"":""Shadow Grey"",""description"":""Frame Finish"",""collection"":null,""image_url"":""https://www.owlee.com/wp-content/uploads/2025/12/finishes_0002_TG56-Shadow-Grey.jpg"",""display_order"":0},{""finish_id"":20,""item_number"":""VT25"",""name"":""Velvet White"",""description"":""Frame Finish"",""collection"":null,""image_url"":""https://www.owlee.com/wp-content/uploads/2025/12/finishes_0000_VT25-Velvet-White.jpg"",""display_order"":0}]",[],"[{""url"":""https://641bdd57-e650-4f10-a19f-628c07eb50b7-00-1e7i1aja8wnz9.worf.replit.dev/api/storage/objects/products/owlee-v2/2731-BS_Aris_Armless_Bar_Stool.jpg"",""alt_text"":null,""is_primary"":true,""display_order"":0,""image_kind"":""gallery"",""variant_id"":null}]",[]
O.W. Lee,o-w-lee,2079,2731-CS,Aris Armless Counter Stool,owlee-aris-armless-counter-stool-2731-cs,"The O.W. Lee Aris Armless Counter Stool provides understated comfort with a refined, modern silhouette. Designed for versatility, this outdoor counter stool pairs clean lines with durable craftsmanship for timeless appeal. O.W. Lee is renowned for its exceptional quality, supported by an industry-leading warranty. Our frames are covered by a 20-year structural warranty, and the finish is guaranteed against fading, blistering, and peeling for 5 years. Cushions and fabrics are also backed by a 5-year warranty. With a selection of 10 elegant frame finishes and over 100 fabric options, customers can easily customize each piece to seamlessly complement their individual style.","The O.W. Lee Aris Armless Counter Stool provides understated comfort with a refined, modern silhouette. Designed for versatility, this outdoor counter stool pairs clean lines with durable craftsmanship for timeless appeal. O.W. Lee is renowned for its exceptional quality, supported by an industry-leading warranty. Our frames are covered by a 20-year structural warranty, and the finish is guaranteed against fading, blistering, and peeling for 5 years. Cushions and fabrics are also backed by a 5-year warranty. With a selection of 10 elegant frame finishes and over 100 fabric options, customers can easily customize each piece to seamlessly complement their individual style.",Dining,cat-dining,Aluminum,aluminum,,,,,,,fixed,27.00,"H 43.25"" × W 18"" × D 24.25""","{""height_in"":""43.25"",""collection"":""Aris"",""weight_lbs"":""27"",""arm_height_in"":""—"",""seat_height_in"":""27.75"",""spec_sheet_pdf"":""https://www.owlee.com/wp-content/uploads/2021/11/Aris_Retail_Spec_Sheets_2026_2731-CS-Armless-Counter-Stool.pdf"",""depth_length_in"":""24.25"",""width_diameter_in"":""18""}","[""o-w-lee"",""aris"",""made-in-usa""]",false,true,true,true,false,,56,0,true,2026-05-03 01:40:46.943063+00,2026-06-17 00:27:47.651+00,[],[],[],"[{""finish_id"":11,""item_number"":""TG68"",""name"":""Carbon Black"",""description"":""Frame Finish"",""collection"":null,""image_url"":""https://www.owlee.com/wp-content/uploads/2025/12/finishes_0001_TG68-Carbon-Black.jpg"",""display_order"":0},{""finish_id"":12,""item_number"":""SP50"",""name"":""Copper Creek"",""description"":""Frame Finish"",""collection"":null,""image_url"":""https://www.owlee.com/wp-content/uploads/2025/12/finishes_0004_SP50-Copper-Creek.jpg"",""display_order"":0},{""finish_id"":13,""item_number"":""SP42"",""name"":""Espresso"",""description"":""Frame Finish"",""collection"":null,""image_url"":""https://www.owlee.com/wp-content/uploads/2025/12/finishes_0005_SP42-Espresso.jpg"",""display_order"":0},{""finish_id"":14,""item_number"":""SP21"",""name"":""Graphite"",""description"":""Frame Finish"",""collection"":null,""image_url"":""https://www.owlee.com/wp-content/uploads/2025/12/finishes_0007_SP21-Graphite.jpg"",""display_order"":0},{""finish_id"":15,""item_number"":""SP11"",""name"":""Rosewood"",""description"":""Frame Finish"",""collection"":null,""image_url"":""https://www.owlee.com/wp-content/uploads/2025/12/finishes_0008_SP11-Rosewood.jpg"",""display_order"":0},{""finish_id"":16,""item_number"":""SP22"",""name"":""Sable"",""description"":""Frame Finish"",""collection"":null,""image_url"":""https://www.owlee.com/wp-content/uploads/2025/12/finishes_0006_SP22-Sable.jpg"",""display_order"":0},{""finish_id"":17,""item_number"":""AZ53"",""name"":""Sand Dollar"",""description"":""Frame Finish"",""collection"":null,""image_url"":""https://www.owlee.com/wp-content/uploads/2025/12/finishes_0009_AZ53-Sand-Dollar.jpg"",""display_order"":0},{""finish_id"":18,""item_number"":""TC20"",""name"":""Sandalwood"",""description"":""Frame Finish"",""collection"":null,""image_url"":""https://www.owlee.com/wp-content/uploads/2025/12/finishes_0003_TC20-Sandalwood.jpg"",""display_order"":0},{""finish_id"":19,""item_number"":""TG56"",""name"":""Shadow Grey"",""description"":""Frame Finish"",""collection"":null,""image_url"":""https://www.owlee.com/wp-content/uploads/2025/12/finishes_0002_TG56-Shadow-Grey.jpg"",""display_order"":0},{""finish_id"":20,""item_number"":""VT25"",""name"":""Velvet White"",""description"":""Frame Finish"",""collection"":null,""image_url"":""https://www.owlee.com/wp-content/uploads/2025/12/finishes_0000_VT25-Velvet-White.jpg"",""display_order"":0}]",[],"[{""url"":""https://641bdd57-e650-4f10-a19f-628c07eb50b7-00-1e7i1aja8wnz9.worf.replit.dev/api/storage/objects/products/owlee-v2/2731-CS_Aris_Armless_Counter_Stool.jpg"",""alt_text"":null,""is_primary"":true,""display_order"":0,""image_kind"":""gallery"",""variant_id"":null}]",[]
O.W. Lee,o-w-lee,2080,2731-MBS,Aris Backless Bar Stool,owlee-aris-backless-bar-stool-2731-mbs,"The O.W. Lee Aris Backless Bar Stool brings Mid-Century Modern elegance to elevated seating. Its slim, uncluttered design emphasizes simplicity and function, making it a stylish addition to outdoor bar-height settings. O.W. Lee is renowned for its exceptional quality, supported by an industry-leading warranty. Our frames are covered by a 20-year structural warranty, and the finish is guaranteed against fading, blistering, and peeling for 5 years. Cushions and fabrics are also backed by a 5-year warranty. With a selection of 10 elegant frame finishes and over 100 fabric options, customers can easily customize each piece to seamlessly complement their individual style.","The O.W. Lee Aris Backless Bar Stool brings Mid-Century Modern elegance to elevated seating. Its slim, uncluttered design emphasizes simplicity and function, making it a stylish addition to outdoor bar-height settings. O.W. Lee is renowned for its exceptional quality, supported by an industry-leading warranty. Our frames are covered by a 20-year structural warranty, and the finish is guaranteed against fading, blistering, and peeling for 5 years. Cushions and fabrics are also backed by a 5-year warranty. With a selection of 10 elegant frame finishes and over 100 fabric options, customers can easily customize each piece to seamlessly complement their individual style.",Dining,cat-dining,Aluminum,aluminum,,,,,,,fixed,22.00,"H 31.25"" × W 18"" × D 18""","{""height_in"":""31.25"",""collection"":""Aris"",""weight_lbs"":""22"",""arm_height_in"":""—"",""seat_height_in"":""—"",""spec_sheet_pdf"":""https://www.owlee.com/wp-content/uploads/2021/11/Aris_Retail_Spec_Sheets_2026_2731-MBS-Backless-Bar-Stool.pdf"",""depth_length_in"":""18"",""width_diameter_in"":""18""}","[""o-w-lee"",""aris"",""made-in-usa""]",false,true,true,true,false,,57,0,true,2026-05-03 01:40:46.946754+00,2026-06-17 00:27:47.657+00,[],[],[],"[{""finish_id"":11,""item_number"":""TG68"",""name"":""Carbon Black"",""description"":""Frame Finish"",""collection"":null,""image_url"":""https://www.owlee.com/wp-content/uploads/2025/12/finishes_0001_TG68-Carbon-Black.jpg"",""display_order"":0},{""finish_id"":12,""item_number"":""SP50"",""name"":""Copper Creek"",""description"":""Frame Finish"",""collection"":null,""image_url"":""https://www.owlee.com/wp-content/uploads/2025/12/finishes_0004_SP50-Copper-Creek.jpg"",""display_order"":0},{""finish_id"":13,""item_number"":""SP42"",""name"":""Espresso"",""description"":""Frame Finish"",""collection"":null,""image_url"":""https://www.owlee.com/wp-content/uploads/2025/12/finishes_0005_SP42-Espresso.jpg"",""display_order"":0},{""finish_id"":14,""item_number"":""SP21"",""name"":""Graphite"",""description"":""Frame Finish"",""collection"":null,""image_url"":""https://www.owlee.com/wp-content/uploads/2025/12/finishes_0007_SP21-Graphite.jpg"",""display_order"":0},{""finish_id"":15,""item_number"":""SP11"",""name"":""Rosewood"",""description"":""Frame Finish"",""collection"":null,""image_url"":""https://www.owlee.com/wp-content/uploads/2025/12/finishes_0008_SP11-Rosewood.jpg"",""display_order"":0},{""finish_id"":16,""item_number"":""SP22"",""name"":""Sable"",""description"":""Frame Finish"",""collection"":null,""image_url"":""https://www.owlee.com/wp-content/uploads/2025/12/finishes_0006_SP22-Sable.jpg"",""display_order"":0},{""finish_id"":17,""item_number"":""AZ53"",""name"":""Sand Dollar"",""description"":""Frame Finish"",""collection"":null,""image_url"":""https://www.owlee.com/wp-content/uploads/2025/12/finishes_0009_AZ53-Sand-Dollar.jpg"",""display_order"":0},{""finish_id"":18,""item_number"":""TC20"",""name"":""Sandalwood"",""description"":""Frame Finish"",""collection"":null,""image_url"":""https://www.owlee.com/wp-content/uploads/2025/12/finishes_0003_TC20-Sandalwood.jpg"",""display_order"":0},{""finish_id"":19,""item_number"":""TG56"",""name"":""Shadow Grey"",""description"":""Frame Finish"",""collection"":null,""image_url"":""https://www.owlee.com/wp-content/uploads/2025/12/finishes_0002_TG56-Shadow-Grey.jpg"",""display_order"":0},{""finish_id"":20,""item_number"":""VT25"",""name"":""Velvet White"",""description"":""Frame Finish"",""collection"":null,""image_url"":""https://www.owlee.com/wp-content/uploads/2025/12/finishes_0000_VT25-Velvet-White.jpg"",""display_order"":0}]",[],"[{""url"":""https://641bdd57-e650-4f10-a19f-628c07eb50b7-00-1e7i1aja8wnz9.worf.replit.dev/api/storage/objects/products/owlee-v2/2731-MBS_Aris_Backless_Bar_Stool.jpg"",""alt_text"":null,""is_primary"":true,""display_order"":0,""image_kind"":""gallery"",""variant_id"":null}]",[]
O.W. Lee,o-w-lee,2078,2731-MCS,Aris Backless Counter Stool,owlee-aris-backless-counter-stool-2731-mcs,"O.W. Lee is renowned for its exceptional quality, supported by an industry-leading warranty. Our frames are covered by a 20-year structural warranty, and the finish is guaranteed against fading, blistering, and peeling for 5 years. Cushions and fabrics are also backed by a 5-year warranty.","O.W. Lee is renowned for its exceptional quality, supported by an industry-leading warranty. Our frames are covered by a 20-year structural warranty, and the finish is guaranteed against fading, blistering, and peeling for 5 years. Cushions and fabrics are also backed by a 5-year warranty.",Dining,cat-dining,Aluminum,aluminum,,,,,,,fixed,21.00,"H 27.25"" × W 18"" × D 18""","{""height_in"":""27.25"",""collection"":""Aris"",""weight_lbs"":""21"",""arm_height_in"":""—"",""seat_height_in"":""—"",""spec_sheet_pdf"":""https://www.owlee.com/wp-content/uploads/2021/11/Aris_Retail_Spec_Sheets_2026_2731-MCS-Backless-Counter-Stool.pdf"",""depth_length_in"":""18"",""width_diameter_in"":""18""}","[""o-w-lee"",""aris"",""made-in-usa""]",false,true,true,true,false,,55,0,true,2026-05-03 01:40:46.93979+00,2026-06-17 00:27:47.646+00,[],[],[],"[{""finish_id"":11,""item_number"":""TG68"",""name"":""Carbon Black"",""description"":""Frame Finish"",""collection"":null,""image_url"":""https://www.owlee.com/wp-content/uploads/2025/12/finishes_0001_TG68-Carbon-Black.jpg"",""display_order"":0},{""finish_id"":12,""item_number"":""SP50"",""name"":""Copper Creek"",""description"":""Frame Finish"",""collection"":null,""image_url"":""https://www.owlee.com/wp-content/uploads/2025/12/finishes_0004_SP50-Copper-Creek.jpg"",""display_order"":0},{""finish_id"":13,""item_number"":""SP42"",""name"":""Espresso"",""description"":""Frame Finish"",""collection"":null,""image_url"":""https://www.owlee.com/wp-content/uploads/2025/12/finishes_0005_SP42-Espresso.jpg"",""display_order"":0},{""finish_id"":14,""item_number"":""SP21"",""name"":""Graphite"",""description"":""Frame Finish"",""collection"":null,""image_url"":""https://www.owlee.com/wp-content/uploads/2025/12/finishes_0007_SP21-Graphite.jpg"",""display_order"":0},{""finish_id"":15,""item_number"":""SP11"",""name"":""Rosewood"",""description"":""Frame Finish"",""collection"":null,""image_url"":""https://www.owlee.com/wp-content/uploads/2025/12/finishes_0008_SP11-Rosewood.jpg"",""display_order"":0},{""finish_id"":16,""item_number"":""SP22"",""name"":""Sable"",""description"":""Frame Finish"",""collection"":null,""image_url"":""https://www.owlee.com/wp-content/uploads/2025/12/finishes_0006_SP22-Sable.jpg"",""display_order"":0},{""finish_id"":17,""item_number"":""AZ53"",""name"":""Sand Dollar"",""description"":""Frame Finish"",""collection"":null,""image_url"":""https://www.owlee.com/wp-content/uploads/2025/12/finishes_0009_AZ53-Sand-Dollar.jpg"",""display_order"":0},{""finish_id"":18,""item_number"":""TC20"",""name"":""Sandalwood"",""description"":""Frame Finish"",""collection"":null,""image_url"":""https://www.owlee.com/wp-content/uploads/2025/12/finishes_0003_TC20-Sandalwood.jpg"",""display_order"":0},{""finish_id"":19,""item_number"":""TG56"",""name"":""Shadow Grey"",""description"":""Frame Finish"",""collection"":null,""image_url"":""https://www.owlee.com/wp-content/uploads/2025/12/finishes_0002_TG56-Shadow-Grey.jpg"",""display_order"":0},{""finish_id"":20,""item_number"":""VT25"",""name"":""Velvet White"",""description"":""Frame Finish"",""collection"":null,""image_url"":""https://www.owlee.com/wp-content/uploads/2025/12/finishes_0000_VT25-Velvet-White.jpg"",""display_order"":0}]",[],"[{""url"":""https://641bdd57-e650-4f10-a19f-628c07eb50b7-00-1e7i1aja8wnz9.worf.replit.dev/api/storage/objects/products/owlee-v2/2731-MCS_Aris_Backless_Counter_Stool.jpg"",""alt_text"":null,""is_primary"":true,""display_order"":0,""image_kind"":""gallery"",""variant_id"":null}]",[]
O.W. Lee,o-w-lee,2075,2731-S,Aris Dining Side Chair,owlee-aris-dining-side-chair-2731-s,"The O.W. Lee Aris Dining Side Chair reflects the timeless appeal of Mid-Century Modern design through clean lines and a refined, minimalist profile. Its streamlined silhouette and durable construction make it an elegant outdoor dining chair suited for contemporary and retro-inspired spaces alike. O.W. Lee is renowned for its exceptional quality, supported by an industry-leading warranty. Our frames are covered by a 20-year structural warranty, and the finish is guaranteed against fading, blistering, and peeling for 5 years. Cushions and fabrics are also backed by a 5-year warranty. With a selection of 10 elegant frame finishes and over 100 fabric options, customers can easily customize each piece to seamlessly complement their individual style.","The O.W. Lee Aris Dining Side Chair reflects the timeless appeal of Mid-Century Modern design through clean lines and a refined, minimalist profile. Its streamlined silhouette and durable construction make it an elegant outdoor dining chair suited for contemporary and retro-inspired spaces alike. O.W. Lee is renowned for its exceptional quality, supported by an industry-leading warranty. Our frames are covered by a 20-year structural warranty, and the finish is guaranteed against fading, blistering, and peeling for 5 years. Cushions and fabrics are also backed by a 5-year warranty. With a selection of 10 elegant frame finishes and over 100 fabric options, customers can easily customize each piece to seamlessly complement their individual style.",Dining,cat-dining,Aluminum,aluminum,,,,,,,fixed,22.00,"H 34.25"" × W 18"" × D 24.25""","{""height_in"":""34.25"",""collection"":""Aris"",""weight_lbs"":""22"",""arm_height_in"":""—"",""seat_height_in"":""18.75"",""spec_sheet_pdf"":""https://www.owlee.com/wp-content/uploads/2021/11/Aris_Retail_Spec_Sheets_2026_2731-S-Dining-Side-Chair.pdf"",""depth_length_in"":""24.25"",""width_diameter_in"":""18""}","[""o-w-lee"",""aris"",""made-in-usa""]",false,true,true,true,false,,52,0,true,2026-05-03 01:40:46.930023+00,2026-06-17 00:27:47.629+00,[],[],[],"[{""finish_id"":11,""item_number"":""TG68"",""name"":""Carbon Black"",""description"":""Frame Finish"",""collection"":null,""image_url"":""https://www.owlee.com/wp-content/uploads/2025/12/finishes_0001_TG68-Carbon-Black.jpg"",""display_order"":0},{""finish_id"":12,""item_number"":""SP50"",""name"":""Copper Creek"",""description"":""Frame Finish"",""collection"":null,""image_url"":""https://www.owlee.com/wp-content/uploads/2025/12/finishes_0004_SP50-Copper-Creek.jpg"",""display_order"":0},{""finish_id"":13,""item_number"":""SP42"",""name"":""Espresso"",""description"":""Frame Finish"",""collection"":null,""image_url"":""https://www.owlee.com/wp-content/uploads/2025/12/finishes_0005_SP42-Espresso.jpg"",""display_order"":0},{""finish_id"":14,""item_number"":""SP21"",""name"":""Graphite"",""description"":""Frame Finish"",""collection"":null,""image_url"":""https://www.owlee.com/wp-content/uploads/2025/12/finishes_0007_SP21-Graphite.jpg"",""display_order"":0},{""finish_id"":15,""item_number"":""SP11"",""name"":""Rosewood"",""description"":""Frame Finish"",""collection"":null,""image_url"":""https://www.owlee.com/wp-content/uploads/2025/12/finishes_0008_SP11-Rosewood.jpg"",""display_order"":0},{""finish_id"":16,""item_number"":""SP22"",""name"":""Sable"",""description"":""Frame Finish"",""collection"":null,""image_url"":""https://www.owlee.com/wp-content/uploads/2025/12/finishes_0006_SP22-Sable.jpg"",""display_order"":0},{""finish_id"":17,""item_number"":""AZ53"",""name"":""Sand Dollar"",""description"":""Frame Finish"",""collection"":null,""image_url"":""https://www.owlee.com/wp-content/uploads/2025/12/finishes_0009_AZ53-Sand-Dollar.jpg"",""display_order"":0},{""finish_id"":18,""item_number"":""TC20"",""name"":""Sandalwood"",""description"":""Frame Finish"",""collection"":null,""image_url"":""https://www.owlee.com/wp-content/uploads/2025/12/finishes_0003_TC20-Sandalwood.jpg"",""display_order"":0},{""finish_id"":19,""item_number"":""TG56"",""name"":""Shadow Grey"",""description"":""Frame Finish"",""collection"":null,""image_url"":""https://www.owlee.com/wp-content/uploads/2025/12/finishes_0002_TG56-Shadow-Grey.jpg"",""display_order"":0},{""finish_id"":20,""item_number"":""VT25"",""name"":""Velvet White"",""description"":""Frame Finish"",""collection"":null,""image_url"":""https://www.owlee.com/wp-content/uploads/2025/12/finishes_0000_VT25-Velvet-White.jpg"",""display_order"":0}]",[],"[{""url"":""https://641bdd57-e650-4f10-a19f-628c07eb50b7-00-1e7i1aja8wnz9.worf.replit.dev/api/storage/objects/products/owlee-v2/2731-S_Aris_Dining_Side_Chair.jpg"",""alt_text"":null,""is_primary"":true,""display_order"":0,""image_kind"":""gallery"",""variant_id"":null}]",[]
O.W. Lee,o-w-lee,2076,2733-A,Aris Dining Arm Chair,owlee-aris-dining-arm-chair-2733-a,"The O.W. Lee Aris Dining Arm Chair combines functional comfort with iconic Mid-Century Modern styling. Gently contoured lines and supportive arms create a welcoming outdoor dining arm chair that balances simplicity, comfort, and timeless design. O.W. Lee is renowned for its exceptional quality, supported by an industry-leading warranty. Our frames are covered by a 20-year structural warranty, and the finish is guaranteed against fading, blistering, and peeling for 5 years. Cushions and fabrics are also backed by a 5-year warranty. With a selection of 10 elegant frame finishes and over 100 fabric options, customers can easily customize each piece to seamlessly complement their individual style.","The O.W. Lee Aris Dining Arm Chair combines functional comfort with iconic Mid-Century Modern styling. Gently contoured lines and supportive arms create a welcoming outdoor dining arm chair that balances simplicity, comfort, and timeless design. O.W. Lee is renowned for its exceptional quality, supported by an industry-leading warranty. Our frames are covered by a 20-year structural warranty, and the finish is guaranteed against fading, blistering, and peeling for 5 years. Cushions and fabrics are also backed by a 5-year warranty. With a selection of 10 elegant frame finishes and over 100 fabric options, customers can easily customize each piece to seamlessly complement their individual style.",Dining,cat-dining,Aluminum,aluminum,,,,,,,fixed,34.00,"H 38"" × W 24"" × D 26.25""","{""height_in"":""38"",""collection"":""Aris"",""weight_lbs"":""34"",""arm_height_in"":""25.5"",""seat_height_in"":""19.75"",""spec_sheet_pdf"":""https://www.owlee.com/wp-content/uploads/2021/11/Aris_Retail_Spec_Sheets_2026_2733-A-Dining-Arm-Chair.pdf"",""depth_length_in"":""26.25"",""width_diameter_in"":""24""}","[""o-w-lee"",""aris"",""made-in-usa""]",false,true,true,true,false,,53,0,true,2026-05-03 01:40:46.932902+00,2026-06-17 00:27:47.636+00,[],[],[],"[{""finish_id"":11,""item_number"":""TG68"",""name"":""Carbon Black"",""description"":""Frame Finish"",""collection"":null,""image_url"":""https://www.owlee.com/wp-content/uploads/2025/12/finishes_0001_TG68-Carbon-Black.jpg"",""display_order"":0},{""finish_id"":12,""item_number"":""SP50"",""name"":""Copper Creek"",""description"":""Frame Finish"",""collection"":null,""image_url"":""https://www.owlee.com/wp-content/uploads/2025/12/finishes_0004_SP50-Copper-Creek.jpg"",""display_order"":0},{""finish_id"":13,""item_number"":""SP42"",""name"":""Espresso"",""description"":""Frame Finish"",""collection"":null,""image_url"":""https://www.owlee.com/wp-content/uploads/2025/12/finishes_0005_SP42-Espresso.jpg"",""display_order"":0},{""finish_id"":14,""item_number"":""SP21"",""name"":""Graphite"",""description"":""Frame Finish"",""collection"":null,""image_url"":""https://www.owlee.com/wp-content/uploads/2025/12/finishes_0007_SP21-Graphite.jpg"",""display_order"":0},{""finish_id"":15,""item_number"":""SP11"",""name"":""Rosewood"",""description"":""Frame Finish"",""collection"":null,""image_url"":""https://www.owlee.com/wp-content/uploads/2025/12/finishes_0008_SP11-Rosewood.jpg"",""display_order"":0},{""finish_id"":16,""item_number"":""SP22"",""name"":""Sable"",""description"":""Frame Finish"",""collection"":null,""image_url"":""https://www.owlee.com/wp-content/uploads/2025/12/finishes_0006_SP22-Sable.jpg"",""display_order"":0},{""finish_id"":17,""item_number"":""AZ53"",""name"":""Sand Dollar"",""description"":""Frame Finish"",""collection"":null,""image_url"":""https://www.owlee.com/wp-content/uploads/2025/12/finishes_0009_AZ53-Sand-Dollar.jpg"",""display_order"":0},{""finish_id"":18,""item_number"":""TC20"",""name"":""Sandalwood"",""description"":""Frame Finish"",""collection"":null,""image_url"":""https://www.owlee.com/wp-content/uploads/2025/12/finishes_0003_TC20-Sandalwood.jpg"",""display_order"":0},{""finish_id"":19,""item_number"":""TG56"",""name"":""Shadow Grey"",""description"":""Frame Finish"",""collection"":null,""image_url"":""https://www.owlee.com/wp-content/uploads/2025/12/finishes_0002_TG56-Shadow-Grey.jpg"",""display_order"":0},{""finish_id"":20,""item_number"":""VT25"",""name"":""Velvet White"",""description"":""Frame Finish"",""collection"":null,""image_url"":""https://www.owlee.com/wp-content/uploads/2025/12/finishes_0000_VT25-Velvet-White.jpg"",""display_order"":0}]",[],"[{""url"":""https://641bdd57-e650-4f10-a19f-628c07eb50b7-00-1e7i1aja8wnz9.worf.replit.dev/api/storage/objects/products/owlee-v2/2733-A_Aris_Dining_Arm_Chair.jpg"",""alt_text"":null,""is_primary"":true,""display_order"":0,""image_kind"":""gallery"",""variant_id"":null}]",[]
O.W. Lee,o-w-lee,2077,2733-SR,Aris Swivel Rocker Dining Arm Chair,owlee-aris-swivel-rocker-dining-arm-chair-2733-sr,"The O.W. Lee Aris Swivel Rocker Dining Arm Chair enhances classic dining comfort with smooth swivel and gentle rocking motion. Its clean, retro-inspired form delivers relaxed functionality while maintaining the collection’s modern, architectural aesthetic. O.W. Lee is renowned for its exceptional quality, supported by an industry-leading warranty. Our frames are covered by a 20-year structural warranty, and the finish is guaranteed against fading, blistering, and peeling for 5 years. Cushions and fabrics are also backed by a 5-year warranty. With a selection of 10 elegant frame finishes and over 100 fabric options, customers can easily customize each piece to seamlessly complement their individual style.","The O.W. Lee Aris Swivel Rocker Dining Arm Chair enhances classic dining comfort with smooth swivel and gentle rocking motion. Its clean, retro-inspired form delivers relaxed functionality while maintaining the collection’s modern, architectural aesthetic. O.W. Lee is renowned for its exceptional quality, supported by an industry-leading warranty. Our frames are covered by a 20-year structural warranty, and the finish is guaranteed against fading, blistering, and peeling for 5 years. Cushions and fabrics are also backed by a 5-year warranty. With a selection of 10 elegant frame finishes and over 100 fabric options, customers can easily customize each piece to seamlessly complement their individual style.",Dining,cat-dining,Aluminum,aluminum,,,,,,,fixed,41.00,"H 37.75"" × W 24"" × D 26.25""","{""height_in"":""37.75"",""collection"":""Aris"",""weight_lbs"":""41"",""arm_height_in"":""25.25"",""seat_height_in"":""19.25"",""spec_sheet_pdf"":""https://www.owlee.com/wp-content/uploads/2021/11/Aris_Retail_Spec_Sheets_2026_2733-SR-Swivel-Rocker-Dining-Arm-Chair.pdf"",""depth_length_in"":""26.25"",""width_diameter_in"":""24""}","[""o-w-lee"",""aris"",""made-in-usa""]",false,true,true,true,false,,54,0,true,2026-05-03 01:40:46.935932+00,2026-06-17 00:27:47.64+00,[],[],[],"[{""finish_id"":11,""item_number"":""TG68"",""name"":""Carbon Black"",""description"":""Frame Finish"",""collection"":null,""image_url"":""https://www.owlee.com/wp-content/uploads/2025/12/finishes_0001_TG68-Carbon-Black.jpg"",""display_order"":0},{""finish_id"":12,""item_number"":""SP50"",""name"":""Copper Creek"",""description"":""Frame Finish"",""collection"":null,""image_url"":""https://www.owlee.com/wp-content/uploads/2025/12/finishes_0004_SP50-Copper-Creek.jpg"",""display_order"":0},{""finish_id"":13,""item_number"":""SP42"",""name"":""Espresso"",""description"":""Frame Finish"",""collection"":null,""image_url"":""https://www.owlee.com/wp-content/uploads/2025/12/finishes_0005_SP42-Espresso.jpg"",""display_order"":0},{""finish_id"":14,""item_number"":""SP21"",""name"":""Graphite"",""description"":""Frame Finish"",""collection"":null,""image_url"":""https://www.owlee.com/wp-content/uploads/2025/12/finishes_0007_SP21-Graphite.jpg"",""display_order"":0},{""finish_id"":15,""item_number"":""SP11"",""name"":""Rosewood"",""description"":""Frame Finish"",""collection"":null,""image_url"":""https://www.owlee.com/wp-content/uploads/2025/12/finishes_0008_SP11-Rosewood.jpg"",""display_order"":0},{""finish_id"":16,""item_number"":""SP22"",""name"":""Sable"",""description"":""Frame Finish"",""collection"":null,""image_url"":""https://www.owlee.com/wp-content/uploads/2025/12/finishes_0006_SP22-Sable.jpg"",""display_order"":0},{""finish_id"":17,""item_number"":""AZ53"",""name"":""Sand Dollar"",""description"":""Frame Finish"",""collection"":null,""image_url"":""https://www.owlee.com/wp-content/uploads/2025/12/finishes_0009_AZ53-Sand-Dollar.jpg"",""display_order"":0},{""finish_id"":18,""item_number"":""TC20"",""name"":""Sandalwood"",""description"":""Frame Finish"",""collection"":null,""image_url"":""https://www.owlee.com/wp-content/uploads/2025/12/finishes_0003_TC20-Sandalwood.jpg"",""display_order"":0},{""finish_id"":19,""item_number"":""TG56"",""name"":""Shadow Grey"",""description"":""Frame Finish"",""collection"":null,""image_url"":""https://www.owlee.com/wp-content/uploads/2025/12/finishes_0002_TG56-Shadow-Grey.jpg"",""display_order"":0},{""finish_id"":20,""item_number"":""VT25"",""name"":""Velvet White"",""description"":""Frame Finish"",""collection"":null,""image_url"":""https://www.owlee.com/wp-content/uploads/2025/12/finishes_0000_VT25-Velvet-White.jpg"",""display_order"":0}]",[],"[{""url"":""https://641bdd57-e650-4f10-a19f-628c07eb50b7-00-1e7i1aja8wnz9.worf.replit.dev/api/storage/objects/products/owlee-v2/2733-SR_Aris_Swivel_Rocker_Dining_Arm_Chair.jpg"",""alt_text"":null,""is_primary"":true,""display_order"":0,""image_kind"":""gallery"",""variant_id"":null}]",[]
O.W. Lee,o-w-lee,4906,28 x 50 Micro Mesh Top,"28"" x 50"" Micro Mesh Top",owlee-28-x-50-micro-mesh-top-28-x-50-micro-mesh-top,"Part of the O.W. Lee Tables, Tops & Bases collection. Crafted in the USA, O.W. Lee pieces are built to order and sold exclusively through our showroom — contact a sales agent for pricing, finishes, and cushion options.","Tables, Tops & Bases collection · 28"" x 50"" Micro Mesh Top by O.W. Lee",Dining,cat-dining,,,,,,,,,fixed,,"W 28"" × D 50""","{""collection"":""Tables, Tops & Bases"",""source_url"":""https://www.owlee.com/collections/micro-mesh-table-tops/28-x-50-mesh-top/"",""depth_length_in"":""50"",""width_diameter_in"":""28""}","[""o-w-lee"",""tables-tops-bases"",""made-in-usa"",""quote-only""]",false,true,true,true,false,,62,0,true,2026-06-02 00:19:52.151065+00,2026-06-02 00:19:52.151065+00,[],[],[],[],[],"[{""url"":""https://641bdd57-e650-4f10-a19f-628c07eb50b7-00-1e7i1aja8wnz9.worf.replit.dev/api/storage/objects/products/owlee/TABLES TOPS BASES - 28 X 50 MICRO MESH TOP.jpg"",""alt_text"":""28\"" x 50\"" Micro Mesh Top"",""is_primary"":true,""display_order"":0,""image_kind"":""gallery"",""variant_id"":null}]",[]
O.W. Lee,o-w-lee,4907,28 x 50 Porcelain Table Top,"28"" x 50"" Porcelain Table Top",owlee-28-x-50-porcelain-table-top-28-x-50-porcelain-table-top,"Part of the O.W. Lee Tables, Tops & Bases collection. Crafted in the USA, O.W. Lee pieces are built to order and sold exclusively through our showroom — contact a sales agent for pricing, finishes, and cushion options.","Tables, Tops & Bases collection · 28"" x 50"" Porcelain Table Top by O.W. Lee",Dining,cat-dining,,,,,,,,,fixed,70.00,"W 28"" × D 50""","{""collection"":""Tables, Tops & Bases"",""source_url"":""https://www.owlee.com/collections/porcelain/28-x-50-porcelain-table-top/"",""weight_lbs"":""70"",""depth_length_in"":""50"",""width_diameter_in"":""28""}","[""o-w-lee"",""tables-tops-bases"",""made-in-usa"",""quote-only""]",false,true,true,true,false,,63,0,true,2026-06-02 00:19:52.35347+00,2026-06-02 00:19:52.35347+00,[],[],[],[],[],"[{""url"":""https://641bdd57-e650-4f10-a19f-628c07eb50b7-00-1e7i1aja8wnz9.worf.replit.dev/api/storage/objects/products/owlee/TABLES TOPS BASES - 28 X 50 PORCELAIN TABLE TOP.jpg"",""alt_text"":""28\"" x 50\"" Porcelain Table Top"",""is_primary"":true,""display_order"":0,""image_kind"":""gallery"",""variant_id"":null}]",[]
O.W. Lee,o-w-lee,4908,30 Round Micro Mesh Top,"30"" Round Micro Mesh Top",owlee-30-round-micro-mesh-top-30-round-micro-mesh-top,"Part of the O.W. Lee Tables, Tops & Bases collection. Crafted in the USA, O.W. Lee pieces are built to order and sold exclusively through our showroom — contact a sales agent for pricing, finishes, and cushion options.","Tables, Tops & Bases collection · 30"" Round Micro Mesh Top by O.W. Lee",Dining,cat-dining,,,,,,,,,fixed,,"W 30"" × D 30""","{""collection"":""Tables, Tops & Bases"",""source_url"":""https://www.owlee.com/collections/micro-mesh-table-tops/30-round-mesh-top/"",""depth_length_in"":""30"",""width_diameter_in"":""30""}","[""o-w-lee"",""tables-tops-bases"",""made-in-usa"",""quote-only""]",false,true,true,true,false,,64,0,true,2026-06-02 00:19:52.525027+00,2026-06-02 00:19:52.525027+00,[],[],[],[],[],"[{""url"":""https://641bdd57-e650-4f10-a19f-628c07eb50b7-00-1e7i1aja8wnz9.worf.replit.dev/api/storage/objects/products/owlee/TABLES TOPS BASES - 30 ROUND MICRO MESH TOP.jpg"",""alt_text"":""30\"" Round Micro Mesh Top"",""is_primary"":true,""display_order"":0,""image_kind"":""gallery"",""variant_id"":null}]",[]
O.W. Lee,o-w-lee,4909,30 Round Porcelain Table Top,"30"" Round Porcelain Table Top",owlee-30-round-porcelain-table-top-30-round-porcelain-table-top,"Part of the O.W. Lee Tables, Tops & Bases collection. Crafted in the USA, O.W. Lee pieces are built to order and sold exclusively through our showroom — contact a sales agent for pricing, finishes, and cushion options.","Tables, Tops & Bases collection · 30"" Round Porcelain Table Top by O.W. Lee",Dining,cat-dining,,,,,,,,,fixed,,"W 30"" × D 30""","{""collection"":""Tables, Tops & Bases"",""source_url"":""https://www.owlee.com/collections/porcelain/30-round-porcelain-table-top/"",""depth_length_in"":""30"",""width_diameter_in"":""30""}","[""o-w-lee"",""tables-tops-bases"",""made-in-usa"",""quote-only""]",false,true,true,true,false,,65,0,true,2026-06-02 00:19:52.726835+00,2026-06-02 00:19:52.726835+00,[],[],[],[],[],"[{""url"":""https://641bdd57-e650-4f10-a19f-628c07eb50b7-00-1e7i1aja8wnz9.worf.replit.dev/api/storage/objects/products/owlee/TABLES TOPS BASES - 30 ROUND PORCELAIN TABLE TOP.jpg"",""alt_text"":""30\"" Round Porcelain Table Top"",""is_primary"":true,""display_order"":0,""image_kind"":""gallery"",""variant_id"":null}]",[]
O.W. Lee,o-w-lee,4911,31x56 Dekton Table Top,"31x56"" Dekton Table Top",owlee-31x56-dekton-table-top-31x56-dekton-table-top,"Part of the O.W. Lee Tables, Tops & Bases collection. Crafted in the USA, O.W. Lee pieces are built to order and sold exclusively through our showroom — contact a sales agent for pricing, finishes, and cushion options.","Tables, Tops & Bases collection · 31x56"" Dekton Table Top by O.W. Lee",Dining,cat-dining,,,,,,,,,fixed,,"W 56"" × D 31""","{""collection"":""Tables, Tops & Bases"",""source_url"":""https://www.owlee.com/collections/dekton-tops/31x56-dekton-table-top/"",""depth_length_in"":""31"",""width_diameter_in"":""56""}","[""o-w-lee"",""tables-tops-bases"",""made-in-usa"",""quote-only""]",false,true,true,true,false,,67,0,true,2026-06-02 00:19:53.049242+00,2026-06-02 00:19:53.049242+00,[],[],[],[],[],"[{""url"":""https://641bdd57-e650-4f10-a19f-628c07eb50b7-00-1e7i1aja8wnz9.worf.replit.dev/api/storage/objects/products/owlee/TABLES TOPS BASES - 31X56 DEKTON TABLE TOP.jpg"",""alt_text"":""31x56\"" Dekton Table Top"",""is_primary"":true,""display_order"":0,""image_kind"":""gallery"",""variant_id"":null}]",[]
O.W. Lee,o-w-lee,2090,34170-O,Arc Ottoman,owlee-arc-ottoman-34170-o,"The O.W. Lee Arc Ottoman adds versatility and comfort to Arc seating groupings. Its clean form and tailored cushion echo the collection’s modern elegance while serving as a functional accent piece. O.W. Lee is renowned for its exceptional quality, supported by an industry-leading warranty. Our frames are covered by a 20-year structural warranty, and the finish is guaranteed against fading, blistering, and peeling for 5 years. Cushions and fabrics are also backed by a 5-year warranty. With a selection of 10 elegant frame finishes and over 100 fabric options, including 16 sling fabrics, customers can easily customize each piece to seamlessly complement their individual style.","The O.W. Lee Arc Ottoman adds versatility and comfort to Arc seating groupings. Its clean form and tailored cushion echo the collection’s modern elegance while serving as a functional accent piece. O.W. Lee is renowned for its exceptional quality, supported by an industry-leading warranty. Our frames are covered by a 20-year structural warranty, and the finish is guaranteed against fading, blistering, and peeling for 5 years. Cushions and fabrics are also backed by a 5-year warranty. With a selection of 10 elegant frame finishes and over 100 fabric options, including 16 sling fabrics, customers can easily customize each piece to seamlessly complement their individual style.",Deep Seating,cat-deep-seating,Aluminum,aluminum,,,,,,,fixed,,"H 19"" × W 32"" × D 23.5""","{""height_in"":""19"",""collection"":""Arc"",""weight_lbs"":""30 (pkg)"",""arm_height_in"":""—"",""seat_height_in"":""—"",""spec_sheet_pdf"":""https://www.owlee.com/wp-content/uploads/2024/07/ARC_Retail_SpecSheet_2026_34170-O-Ottoman.pdf"",""depth_length_in"":""23.5"",""width_diameter_in"":""32""}","[""o-w-lee"",""arc"",""made-in-usa""]",false,true,true,true,false,,67,0,true,2026-05-03 01:40:46.982816+00,2026-06-17 00:27:47.544+00,[],[],[],"[{""finish_id"":11,""item_number"":""TG68"",""name"":""Carbon Black"",""description"":""Frame Finish"",""collection"":null,""image_url"":""https://www.owlee.com/wp-content/uploads/2025/12/finishes_0001_TG68-Carbon-Black.jpg"",""display_order"":0},{""finish_id"":12,""item_number"":""SP50"",""name"":""Copper Creek"",""description"":""Frame Finish"",""collection"":null,""image_url"":""https://www.owlee.com/wp-content/uploads/2025/12/finishes_0004_SP50-Copper-Creek.jpg"",""display_order"":0},{""finish_id"":13,""item_number"":""SP42"",""name"":""Espresso"",""description"":""Frame Finish"",""collection"":null,""image_url"":""https://www.owlee.com/wp-content/uploads/2025/12/finishes_0005_SP42-Espresso.jpg"",""display_order"":0},{""finish_id"":14,""item_number"":""SP21"",""name"":""Graphite"",""description"":""Frame Finish"",""collection"":null,""image_url"":""https://www.owlee.com/wp-content/uploads/2025/12/finishes_0007_SP21-Graphite.jpg"",""display_order"":0},{""finish_id"":15,""item_number"":""SP11"",""name"":""Rosewood"",""description"":""Frame Finish"",""collection"":null,""image_url"":""https://www.owlee.com/wp-content/uploads/2025/12/finishes_0008_SP11-Rosewood.jpg"",""display_order"":0},{""finish_id"":16,""item_number"":""SP22"",""name"":""Sable"",""description"":""Frame Finish"",""collection"":null,""image_url"":""https://www.owlee.com/wp-content/uploads/2025/12/finishes_0006_SP22-Sable.jpg"",""display_order"":0},{""finish_id"":17,""item_number"":""AZ53"",""name"":""Sand Dollar"",""description"":""Frame Finish"",""collection"":null,""image_url"":""https://www.owlee.com/wp-content/uploads/2025/12/finishes_0009_AZ53-Sand-Dollar.jpg"",""display_order"":0},{""finish_id"":18,""item_number"":""TC20"",""name"":""Sandalwood"",""description"":""Frame Finish"",""collection"":null,""image_url"":""https://www.owlee.com/wp-content/uploads/2025/12/finishes_0003_TC20-Sandalwood.jpg"",""display_order"":0},{""finish_id"":19,""item_number"":""TG56"",""name"":""Shadow Grey"",""description"":""Frame Finish"",""collection"":null,""image_url"":""https://www.owlee.com/wp-content/uploads/2025/12/finishes_0002_TG56-Shadow-Grey.jpg"",""display_order"":0},{""finish_id"":20,""item_number"":""VT25"",""name"":""Velvet White"",""description"":""Frame Finish"",""collection"":null,""image_url"":""https://www.owlee.com/wp-content/uploads/2025/12/finishes_0000_VT25-Velvet-White.jpg"",""display_order"":0}]",[],"[{""url"":""https://641bdd57-e650-4f10-a19f-628c07eb50b7-00-1e7i1aja8wnz9.worf.replit.dev/api/storage/objects/products/owlee-v2/34170-O_Arc_Ottoman.jpg"",""alt_text"":null,""is_primary"":true,""display_order"":0,""image_kind"":""gallery"",""variant_id"":null}]",[]
O.W. Lee,o-w-lee,2084,34184-2S,Arc Love Seat,owlee-arc-love-seat-34184-2s,"The O.W. Lee Arc Love Seat provides intimate seating defined by bold curves and contemporary styling. Its sculptural form and plush cushions create a refined outdoor love seat designed for comfortable conversation and modern outdoor living. O.W. Lee is renowned for its exceptional quality, supported by an industry-leading warranty. Our frames are covered by a 20-year structural warranty, and the finish is guaranteed against fading, blistering, and peeling for 5 years. Cushions and fabrics are also backed by a 5-year warranty. With a selection of 10 elegant frame finishes and over 100 fabric options, including 16 sling fabrics, customers can easily customize each piece to seamlessly complement their individual style.","The O.W. Lee Arc Love Seat provides intimate seating defined by bold curves and contemporary styling. Its sculptural form and plush cushions create a refined outdoor love seat designed for comfortable conversation and modern outdoor living. O.W. Lee is renowned for its exceptional quality, supported by an industry-leading warranty. Our frames are covered by a 20-year structural warranty, and the finish is guaranteed against fading, blistering, and peeling for 5 years. Cushions and fabrics are also backed by a 5-year warranty. With a selection of 10 elegant frame finishes and over 100 fabric options, including 16 sling fabrics, customers can easily customize each piece to seamlessly complement their individual style.",Deep Seating,cat-deep-seating,Aluminum,aluminum,,,,,,,fixed,,"H 34"" × W 58"" × D 38.25""","{""height_in"":""34"",""collection"":""Arc"",""weight_lbs"":""100 (pkg)"",""arm_height_in"":""23.5"",""seat_height_in"":""19"",""spec_sheet_pdf"":""https://www.owlee.com/wp-content/uploads/2024/07/ARC_Retail_SpecSheet_2026_34184-2S-Love-Seat.pdf"",""depth_length_in"":""38.25"",""width_diameter_in"":""58""}","[""o-w-lee"",""arc"",""made-in-usa""]",false,true,true,true,false,,61,0,true,2026-05-03 01:40:46.962643+00,2026-06-17 00:27:47.504+00,[],[],[],"[{""finish_id"":11,""item_number"":""TG68"",""name"":""Carbon Black"",""description"":""Frame Finish"",""collection"":null,""image_url"":""https://www.owlee.com/wp-content/uploads/2025/12/finishes_0001_TG68-Carbon-Black.jpg"",""display_order"":0},{""finish_id"":12,""item_number"":""SP50"",""name"":""Copper Creek"",""description"":""Frame Finish"",""collection"":null,""image_url"":""https://www.owlee.com/wp-content/uploads/2025/12/finishes_0004_SP50-Copper-Creek.jpg"",""display_order"":0},{""finish_id"":13,""item_number"":""SP42"",""name"":""Espresso"",""description"":""Frame Finish"",""collection"":null,""image_url"":""https://www.owlee.com/wp-content/uploads/2025/12/finishes_0005_SP42-Espresso.jpg"",""display_order"":0},{""finish_id"":14,""item_number"":""SP21"",""name"":""Graphite"",""description"":""Frame Finish"",""collection"":null,""image_url"":""https://www.owlee.com/wp-content/uploads/2025/12/finishes_0007_SP21-Graphite.jpg"",""display_order"":0},{""finish_id"":15,""item_number"":""SP11"",""name"":""Rosewood"",""description"":""Frame Finish"",""collection"":null,""image_url"":""https://www.owlee.com/wp-content/uploads/2025/12/finishes_0008_SP11-Rosewood.jpg"",""display_order"":0},{""finish_id"":16,""item_number"":""SP22"",""name"":""Sable"",""description"":""Frame Finish"",""collection"":null,""image_url"":""https://www.owlee.com/wp-content/uploads/2025/12/finishes_0006_SP22-Sable.jpg"",""display_order"":0},{""finish_id"":17,""item_number"":""AZ53"",""name"":""Sand Dollar"",""description"":""Frame Finish"",""collection"":null,""image_url"":""https://www.owlee.com/wp-content/uploads/2025/12/finishes_0009_AZ53-Sand-Dollar.jpg"",""display_order"":0},{""finish_id"":18,""item_number"":""TC20"",""name"":""Sandalwood"",""description"":""Frame Finish"",""collection"":null,""image_url"":""https://www.owlee.com/wp-content/uploads/2025/12/finishes_0003_TC20-Sandalwood.jpg"",""display_order"":0},{""finish_id"":19,""item_number"":""TG56"",""name"":""Shadow Grey"",""description"":""Frame Finish"",""collection"":null,""image_url"":""https://www.owlee.com/wp-content/uploads/2025/12/finishes_0002_TG56-Shadow-Grey.jpg"",""display_order"":0},{""finish_id"":20,""item_number"":""VT25"",""name"":""Velvet White"",""description"":""Frame Finish"",""collection"":null,""image_url"":""https://www.owlee.com/wp-content/uploads/2025/12/finishes_0000_VT25-Velvet-White.jpg"",""display_order"":0}]",[],"[{""url"":""https://641bdd57-e650-4f10-a19f-628c07eb50b7-00-1e7i1aja8wnz9.worf.replit.dev/api/storage/objects/products/owlee-v2/34184-2S_Arc_Arc_Love_Seat.jpg"",""alt_text"":null,""is_primary"":true,""display_order"":0,""image_kind"":""gallery"",""variant_id"":null}]",[]
O.W. Lee,o-w-lee,2085,34184-3S,Arc Sofa,owlee-arc-sofa-34184-3s,"The O.W. Lee Arc Sofa delivers spacious seating with a sleek, modern presence. Sculpted lines and generous cushions make this outdoor sofa a striking focal point that balances luxury, comfort, and minimalist design. O.W. Lee is renowned for its exceptional quality, supported by an industry-leading warranty. Our frames are covered by a 20-year structural warranty, and the finish is guaranteed against fading, blistering, and peeling for 5 years. Cushions and fabrics are also backed by a 5-year warranty. With a selection of 10 elegant frame finishes and over 100 fabric options, including 16 sling fabrics, customers can easily customize each piece to seamlessly complement their individual style.","The O.W. Lee Arc Sofa delivers spacious seating with a sleek, modern presence. Sculpted lines and generous cushions make this outdoor sofa a striking focal point that balances luxury, comfort, and minimalist design. O.W. Lee is renowned for its exceptional quality, supported by an industry-leading warranty. Our frames are covered by a 20-year structural warranty, and the finish is guaranteed against fading, blistering, and peeling for 5 years. Cushions and fabrics are also backed by a 5-year warranty. With a selection of 10 elegant frame finishes and over 100 fabric options, including 16 sling fabrics, customers can easily customize each piece to seamlessly complement their individual style.",Deep Seating,cat-deep-seating,Aluminum,aluminum,,,,,,,fixed,,"H 34"" × W 84"" × D 38.25""","{""height_in"":""34"",""collection"":""Arc"",""weight_lbs"":""138 (pkg)"",""arm_height_in"":""23.5"",""seat_height_in"":""19"",""spec_sheet_pdf"":""https://www.owlee.com/wp-content/uploads/2024/07/ARC_Retail_SpecSheet_2026_34184-3S-Sofa.pdf"",""depth_length_in"":""38.25"",""width_diameter_in"":""84""}","[""o-w-lee"",""arc"",""made-in-usa""]",false,true,true,true,false,,62,0,true,2026-05-03 01:40:46.966255+00,2026-06-17 00:27:47.509+00,[],[],[],"[{""finish_id"":11,""item_number"":""TG68"",""name"":""Carbon Black"",""description"":""Frame Finish"",""collection"":null,""image_url"":""https://www.owlee.com/wp-content/uploads/2025/12/finishes_0001_TG68-Carbon-Black.jpg"",""display_order"":0},{""finish_id"":12,""item_number"":""SP50"",""name"":""Copper Creek"",""description"":""Frame Finish"",""collection"":null,""image_url"":""https://www.owlee.com/wp-content/uploads/2025/12/finishes_0004_SP50-Copper-Creek.jpg"",""display_order"":0},{""finish_id"":13,""item_number"":""SP42"",""name"":""Espresso"",""description"":""Frame Finish"",""collection"":null,""image_url"":""https://www.owlee.com/wp-content/uploads/2025/12/finishes_0005_SP42-Espresso.jpg"",""display_order"":0},{""finish_id"":14,""item_number"":""SP21"",""name"":""Graphite"",""description"":""Frame Finish"",""collection"":null,""image_url"":""https://www.owlee.com/wp-content/uploads/2025/12/finishes_0007_SP21-Graphite.jpg"",""display_order"":0},{""finish_id"":15,""item_number"":""SP11"",""name"":""Rosewood"",""description"":""Frame Finish"",""collection"":null,""image_url"":""https://www.owlee.com/wp-content/uploads/2025/12/finishes_0008_SP11-Rosewood.jpg"",""display_order"":0},{""finish_id"":16,""item_number"":""SP22"",""name"":""Sable"",""description"":""Frame Finish"",""collection"":null,""image_url"":""https://www.owlee.com/wp-content/uploads/2025/12/finishes_0006_SP22-Sable.jpg"",""display_order"":0},{""finish_id"":17,""item_number"":""AZ53"",""name"":""Sand Dollar"",""description"":""Frame Finish"",""collection"":null,""image_url"":""https://www.owlee.com/wp-content/uploads/2025/12/finishes_0009_AZ53-Sand-Dollar.jpg"",""display_order"":0},{""finish_id"":18,""item_number"":""TC20"",""name"":""Sandalwood"",""description"":""Frame Finish"",""collection"":null,""image_url"":""https://www.owlee.com/wp-content/uploads/2025/12/finishes_0003_TC20-Sandalwood.jpg"",""display_order"":0},{""finish_id"":19,""item_number"":""TG56"",""name"":""Shadow Grey"",""description"":""Frame Finish"",""collection"":null,""image_url"":""https://www.owlee.com/wp-content/uploads/2025/12/finishes_0002_TG56-Shadow-Grey.jpg"",""display_order"":0},{""finish_id"":20,""item_number"":""VT25"",""name"":""Velvet White"",""description"":""Frame Finish"",""collection"":null,""image_url"":""https://www.owlee.com/wp-content/uploads/2025/12/finishes_0000_VT25-Velvet-White.jpg"",""display_order"":0}]",[],"[{""url"":""https://641bdd57-e650-4f10-a19f-628c07eb50b7-00-1e7i1aja8wnz9.worf.replit.dev/api/storage/objects/products/owlee-v2/34184-3S_Arc_Arc_Sofa.jpg"",""alt_text"":null,""is_primary"":true,""display_order"":0,""image_kind"":""gallery"",""variant_id"":null}]",[]
O.W. Lee,o-w-lee,2082,34184-CC,Arc Lounge Chair,owlee-arc-lounge-chair-34184-cc,"The O.W. Lee Arc Lounge Chair embodies relaxed sophistication through sculpted curves and a minimalist aesthetic. Designed for comfort and visual impact, this outdoor lounge chair offers a modern retreat for patios, terraces, and poolside spaces. O.W. Lee is renowned for its exceptional quality, supported by an industry-leading warranty. Our frames are covered by a 20-year structural warranty, and the finish is guaranteed against fading, blistering, and peeling for 5 years. Cushions and fabrics are also backed by a 5-year warranty. With a selection of 10 elegant frame finishes and over 100 fabric options, including 16 sling fabrics, customers can easily customize each piece to seamlessly complement their individual style.","The O.W. Lee Arc Lounge Chair embodies relaxed sophistication through sculpted curves and a minimalist aesthetic. Designed for comfort and visual impact, this outdoor lounge chair offers a modern retreat for patios, terraces, and poolside spaces. O.W. Lee is renowned for its exceptional quality, supported by an industry-leading warranty. Our frames are covered by a 20-year structural warranty, and the finish is guaranteed against fading, blistering, and peeling for 5 years. Cushions and fabrics are also backed by a 5-year warranty. With a selection of 10 elegant frame finishes and over 100 fabric options, including 16 sling fabrics, customers can easily customize each piece to seamlessly complement their individual style.",Deep Seating,cat-deep-seating,Aluminum,aluminum,,,,,,,fixed,57.00,"H 34"" × W 32"" × D 38.25""","{""height_in"":""34"",""collection"":""Arc"",""weight_lbs"":""57"",""arm_height_in"":""23.5"",""seat_height_in"":""19"",""spec_sheet_pdf"":""https://www.owlee.com/wp-content/uploads/2024/07/ARC_Retail_SpecSheet_2026_34184-CC-Lounge-Chair.pdf"",""depth_length_in"":""38.25"",""width_diameter_in"":""32""}","[""o-w-lee"",""arc"",""made-in-usa""]",false,true,true,true,false,,59,0,true,2026-05-03 01:40:46.956095+00,2026-06-17 00:27:47.494+00,[],[],[],"[{""finish_id"":11,""item_number"":""TG68"",""name"":""Carbon Black"",""description"":""Frame Finish"",""collection"":null,""image_url"":""https://www.owlee.com/wp-content/uploads/2025/12/finishes_0001_TG68-Carbon-Black.jpg"",""display_order"":0},{""finish_id"":12,""item_number"":""SP50"",""name"":""Copper Creek"",""description"":""Frame Finish"",""collection"":null,""image_url"":""https://www.owlee.com/wp-content/uploads/2025/12/finishes_0004_SP50-Copper-Creek.jpg"",""display_order"":0},{""finish_id"":13,""item_number"":""SP42"",""name"":""Espresso"",""description"":""Frame Finish"",""collection"":null,""image_url"":""https://www.owlee.com/wp-content/uploads/2025/12/finishes_0005_SP42-Espresso.jpg"",""display_order"":0},{""finish_id"":14,""item_number"":""SP21"",""name"":""Graphite"",""description"":""Frame Finish"",""collection"":null,""image_url"":""https://www.owlee.com/wp-content/uploads/2025/12/finishes_0007_SP21-Graphite.jpg"",""display_order"":0},{""finish_id"":15,""item_number"":""SP11"",""name"":""Rosewood"",""description"":""Frame Finish"",""collection"":null,""image_url"":""https://www.owlee.com/wp-content/uploads/2025/12/finishes_0008_SP11-Rosewood.jpg"",""display_order"":0},{""finish_id"":16,""item_number"":""SP22"",""name"":""Sable"",""description"":""Frame Finish"",""collection"":null,""image_url"":""https://www.owlee.com/wp-content/uploads/2025/12/finishes_0006_SP22-Sable.jpg"",""display_order"":0},{""finish_id"":17,""item_number"":""AZ53"",""name"":""Sand Dollar"",""description"":""Frame Finish"",""collection"":null,""image_url"":""https://www.owlee.com/wp-content/uploads/2025/12/finishes_0009_AZ53-Sand-Dollar.jpg"",""display_order"":0},{""finish_id"":18,""item_number"":""TC20"",""name"":""Sandalwood"",""description"":""Frame Finish"",""collection"":null,""image_url"":""https://www.owlee.com/wp-content/uploads/2025/12/finishes_0003_TC20-Sandalwood.jpg"",""display_order"":0},{""finish_id"":19,""item_number"":""TG56"",""name"":""Shadow Grey"",""description"":""Frame Finish"",""collection"":null,""image_url"":""https://www.owlee.com/wp-content/uploads/2025/12/finishes_0002_TG56-Shadow-Grey.jpg"",""display_order"":0},{""finish_id"":20,""item_number"":""VT25"",""name"":""Velvet White"",""description"":""Frame Finish"",""collection"":null,""image_url"":""https://www.owlee.com/wp-content/uploads/2025/12/finishes_0000_VT25-Velvet-White.jpg"",""display_order"":0}]",[],"[{""url"":""https://641bdd57-e650-4f10-a19f-628c07eb50b7-00-1e7i1aja8wnz9.worf.replit.dev/api/storage/objects/products/owlee-v2/34184-CC_Arc_Arc_Lounge_Chair.jpg"",""alt_text"":null,""is_primary"":true,""display_order"":0,""image_kind"":""gallery"",""variant_id"":null}]",[]
O.W. Lee,o-w-lee,2083,34184-SR,Arc Swivel Rocker Lounge Chair,owlee-arc-swivel-rocker-lounge-chair-34184-sr,"The O.W. Lee Arc Swivel Rocker Lounge Chair adds fluid motion to modern outdoor relaxation. Smooth swivel and gentle rocking complement the collection’s flowing design language, creating a lounge chair that feels both dynamic and serene. O.W. Lee is renowned for its exceptional quality, supported by an industry-leading warranty. Our frames are covered by a 20-year structural warranty, and the finish is guaranteed against fading, blistering, and peeling for 5 years. Cushions and fabrics are also backed by a 5-year warranty. With a selection of 10 elegant frame finishes and over 100 fabric options, including 16 sling fabrics, customers can easily customize each piece to seamlessly complement their individual style.","The O.W. Lee Arc Swivel Rocker Lounge Chair adds fluid motion to modern outdoor relaxation. Smooth swivel and gentle rocking complement the collection’s flowing design language, creating a lounge chair that feels both dynamic and serene. O.W. Lee is renowned for its exceptional quality, supported by an industry-leading warranty. Our frames are covered by a 20-year structural warranty, and the finish is guaranteed against fading, blistering, and peeling for 5 years. Cushions and fabrics are also backed by a 5-year warranty. With a selection of 10 elegant frame finishes and over 100 fabric options, including 16 sling fabrics, customers can easily customize each piece to seamlessly complement their individual style.",Deep Seating,cat-deep-seating,Aluminum,aluminum,,,,,,,fixed,,"H 37.75"" × W 32"" × D 37.25""","{""height_in"":""37.75"",""collection"":""Arc"",""weight_lbs"":""62 (pkg)"",""arm_height_in"":""22.75"",""seat_height_in"":""17.75"",""spec_sheet_pdf"":""https://www.owlee.com/wp-content/uploads/2024/07/ARC_Retail_SpecSheet_2026_34184-SR-Swivel-Rocker-Lounge-Chair.pdf"",""depth_length_in"":""37.25"",""width_diameter_in"":""32""}","[""o-w-lee"",""arc"",""made-in-usa""]",false,true,true,true,false,,60,0,true,2026-05-03 01:40:46.959328+00,2026-06-17 00:27:47.499+00,[],[],[],"[{""finish_id"":11,""item_number"":""TG68"",""name"":""Carbon Black"",""description"":""Frame Finish"",""collection"":null,""image_url"":""https://www.owlee.com/wp-content/uploads/2025/12/finishes_0001_TG68-Carbon-Black.jpg"",""display_order"":0},{""finish_id"":12,""item_number"":""SP50"",""name"":""Copper Creek"",""description"":""Frame Finish"",""collection"":null,""image_url"":""https://www.owlee.com/wp-content/uploads/2025/12/finishes_0004_SP50-Copper-Creek.jpg"",""display_order"":0},{""finish_id"":13,""item_number"":""SP42"",""name"":""Espresso"",""description"":""Frame Finish"",""collection"":null,""image_url"":""https://www.owlee.com/wp-content/uploads/2025/12/finishes_0005_SP42-Espresso.jpg"",""display_order"":0},{""finish_id"":14,""item_number"":""SP21"",""name"":""Graphite"",""description"":""Frame Finish"",""collection"":null,""image_url"":""https://www.owlee.com/wp-content/uploads/2025/12/finishes_0007_SP21-Graphite.jpg"",""display_order"":0},{""finish_id"":15,""item_number"":""SP11"",""name"":""Rosewood"",""description"":""Frame Finish"",""collection"":null,""image_url"":""https://www.owlee.com/wp-content/uploads/2025/12/finishes_0008_SP11-Rosewood.jpg"",""display_order"":0},{""finish_id"":16,""item_number"":""SP22"",""name"":""Sable"",""description"":""Frame Finish"",""collection"":null,""image_url"":""https://www.owlee.com/wp-content/uploads/2025/12/finishes_0006_SP22-Sable.jpg"",""display_order"":0},{""finish_id"":17,""item_number"":""AZ53"",""name"":""Sand Dollar"",""description"":""Frame Finish"",""collection"":null,""image_url"":""https://www.owlee.com/wp-content/uploads/2025/12/finishes_0009_AZ53-Sand-Dollar.jpg"",""display_order"":0},{""finish_id"":18,""item_number"":""TC20"",""name"":""Sandalwood"",""description"":""Frame Finish"",""collection"":null,""image_url"":""https://www.owlee.com/wp-content/uploads/2025/12/finishes_0003_TC20-Sandalwood.jpg"",""display_order"":0},{""finish_id"":19,""item_number"":""TG56"",""name"":""Shadow Grey"",""description"":""Frame Finish"",""collection"":null,""image_url"":""https://www.owlee.com/wp-content/uploads/2025/12/finishes_0002_TG56-Shadow-Grey.jpg"",""display_order"":0},{""finish_id"":20,""item_number"":""VT25"",""name"":""Velvet White"",""description"":""Frame Finish"",""collection"":null,""image_url"":""https://www.owlee.com/wp-content/uploads/2025/12/finishes_0000_VT25-Velvet-White.jpg"",""display_order"":0}]",[],"[{""url"":""https://641bdd57-e650-4f10-a19f-628c07eb50b7-00-1e7i1aja8wnz9.worf.replit.dev/api/storage/objects/products/owlee-v2/34184-SR_Arc_Arc_Swivel_Rocker_Lounge_Chair.jpg"",""alt_text"":null,""is_primary"":true,""display_order"":0,""image_kind"":""gallery"",""variant_id"":null}]",[]
O.W. Lee,o-w-lee,2087,34185-C,Arc Center Sectional,owlee-arc-center-sectional-34185-c,"The O.W. Lee Arc Sectional offers flexible seating arrangements while maintaining the collection’s sculptural, yacht-inspired aesthetic. Modular components allow for customized layouts that enhance both comfort and visual flow. Left, Right, Center, and Corner pieces available so you can design your ideal sectional. Quality & Customization O.W. Lee is renowned for its exceptional quality, supported by an industry-leading warranty. Our frames are covered by a 20-year structural warranty, and the finish is guaranteed against fading, blistering, and peeling for 5 years. Cushions and fabrics are also backed by a 5-year warranty. With a selection of 10 elegant frame finishes and over 100 fabric options, including 16 sling fabrics, customers can easily customize each piece to seamlessly complement their individual style.","The O.W. Lee Arc Sectional offers flexible seating arrangements while maintaining the collection’s sculptural, yacht-inspired aesthetic. Modular components allow for customized layouts that enhance both comfort and visual flow. Left, Right, Center, and Corner pieces available so you can design your ideal sectional. Quality & Customization O.W. Lee is renowned for its exceptional quality, supported by an industry-leading warranty. Our frames are covered by a 20-year structural warranty, and the finish is guaranteed against fading, blistering, and peeling for 5 years. Cushions and fabrics are also backed by a 5-year warranty. With a selection of 10 elegant frame finishes and over 100 fabric options, including 16 sling fabrics, customers can easily customize each piece to seamlessly complement their individual style.",Deep Seating,cat-deep-seating,Aluminum,aluminum,,,,,,,fixed,68.00,"H 40"" × W 39.25"" × D 38.25""","{""height_in"":""40"",""collection"":""Arc"",""weight_lbs"":""68"",""arm_height_in"":""—"",""seat_height_in"":""20"",""spec_sheet_pdf"":""https://www.owlee.com/wp-content/uploads/2025/09/ARC_Retail_SpecSheet_2026_34185-C-Center-Sectional.pdf"",""depth_length_in"":""38.25"",""width_diameter_in"":""39.25""}","[""o-w-lee"",""arc"",""made-in-usa""]",false,true,true,true,false,,64,0,true,2026-05-03 01:40:46.972266+00,2026-06-17 00:27:47.525+00,[],[],[],"[{""finish_id"":11,""item_number"":""TG68"",""name"":""Carbon Black"",""description"":""Frame Finish"",""collection"":null,""image_url"":""https://www.owlee.com/wp-content/uploads/2025/12/finishes_0001_TG68-Carbon-Black.jpg"",""display_order"":0},{""finish_id"":12,""item_number"":""SP50"",""name"":""Copper Creek"",""description"":""Frame Finish"",""collection"":null,""image_url"":""https://www.owlee.com/wp-content/uploads/2025/12/finishes_0004_SP50-Copper-Creek.jpg"",""display_order"":0},{""finish_id"":13,""item_number"":""SP42"",""name"":""Espresso"",""description"":""Frame Finish"",""collection"":null,""image_url"":""https://www.owlee.com/wp-content/uploads/2025/12/finishes_0005_SP42-Espresso.jpg"",""display_order"":0},{""finish_id"":14,""item_number"":""SP21"",""name"":""Graphite"",""description"":""Frame Finish"",""collection"":null,""image_url"":""https://www.owlee.com/wp-content/uploads/2025/12/finishes_0007_SP21-Graphite.jpg"",""display_order"":0},{""finish_id"":15,""item_number"":""SP11"",""name"":""Rosewood"",""description"":""Frame Finish"",""collection"":null,""image_url"":""https://www.owlee.com/wp-content/uploads/2025/12/finishes_0008_SP11-Rosewood.jpg"",""display_order"":0},{""finish_id"":16,""item_number"":""SP22"",""name"":""Sable"",""description"":""Frame Finish"",""collection"":null,""image_url"":""https://www.owlee.com/wp-content/uploads/2025/12/finishes_0006_SP22-Sable.jpg"",""display_order"":0},{""finish_id"":17,""item_number"":""AZ53"",""name"":""Sand Dollar"",""description"":""Frame Finish"",""collection"":null,""image_url"":""https://www.owlee.com/wp-content/uploads/2025/12/finishes_0009_AZ53-Sand-Dollar.jpg"",""display_order"":0},{""finish_id"":18,""item_number"":""TC20"",""name"":""Sandalwood"",""description"":""Frame Finish"",""collection"":null,""image_url"":""https://www.owlee.com/wp-content/uploads/2025/12/finishes_0003_TC20-Sandalwood.jpg"",""display_order"":0},{""finish_id"":19,""item_number"":""TG56"",""name"":""Shadow Grey"",""description"":""Frame Finish"",""collection"":null,""image_url"":""https://www.owlee.com/wp-content/uploads/2025/12/finishes_0002_TG56-Shadow-Grey.jpg"",""display_order"":0},{""finish_id"":20,""item_number"":""VT25"",""name"":""Velvet White"",""description"":""Frame Finish"",""collection"":null,""image_url"":""https://www.owlee.com/wp-content/uploads/2025/12/finishes_0000_VT25-Velvet-White.jpg"",""display_order"":0}]",[],"[{""url"":""https://641bdd57-e650-4f10-a19f-628c07eb50b7-00-1e7i1aja8wnz9.worf.replit.dev/api/storage/objects/products/owlee-v2/34185-C_Arc_Arc_Center_Sectional.jpg"",""alt_text"":null,""is_primary"":true,""display_order"":0,""image_kind"":""gallery"",""variant_id"":null}]",[]
O.W. Lee,o-w-lee,2088,34185-CR,Arc Corner Sectional,owlee-arc-corner-sectional-34185-cr,"The O.W. Lee Arc Sectional offers flexible seating arrangements while maintaining the collection’s sculptural, yacht-inspired aesthetic. Modular components allow for customized layouts that enhance both comfort and visual flow. Left, Right, Center, and Corner pieces available so you can design your ideal sectional. Quality & Customization O.W. Lee is renowned for its exceptional quality, supported by an industry-leading warranty. Our frames are covered by a 20-year structural warranty, and the finish is guaranteed against fading, blistering, and peeling for 5 years. Cushions and fabrics are also backed by a 5-year warranty. With a selection of 10 elegant frame finishes and over 100 fabric options, including 16 sling fabrics, customers can easily customize each piece to seamlessly complement their individual style.","The O.W. Lee Arc Sectional offers flexible seating arrangements while maintaining the collection’s sculptural, yacht-inspired aesthetic. Modular components allow for customized layouts that enhance both comfort and visual flow. Left, Right, Center, and Corner pieces available so you can design your ideal sectional. Quality & Customization O.W. Lee is renowned for its exceptional quality, supported by an industry-leading warranty. Our frames are covered by a 20-year structural warranty, and the finish is guaranteed against fading, blistering, and peeling for 5 years. Cushions and fabrics are also backed by a 5-year warranty. With a selection of 10 elegant frame finishes and over 100 fabric options, including 16 sling fabrics, customers can easily customize each piece to seamlessly complement their individual style.",Deep Seating,cat-deep-seating,Aluminum,aluminum,,,,,,,fixed,89.00,"H 40"" × W 62.5"" × D 38.25""","{""height_in"":""40"",""collection"":""Arc"",""weight_lbs"":""89"",""arm_height_in"":""—"",""seat_height_in"":""20"",""spec_sheet_pdf"":""https://www.owlee.com/wp-content/uploads/2025/09/ARC_Retail_SpecSheet_2026_34185-CR-Corner-Sectional.pdf"",""depth_length_in"":""38.25"",""width_diameter_in"":""62.5""}","[""o-w-lee"",""arc"",""made-in-usa""]",false,true,true,true,false,,65,0,true,2026-05-03 01:40:46.974806+00,2026-06-17 00:27:47.532+00,[],[],[],"[{""finish_id"":11,""item_number"":""TG68"",""name"":""Carbon Black"",""description"":""Frame Finish"",""collection"":null,""image_url"":""https://www.owlee.com/wp-content/uploads/2025/12/finishes_0001_TG68-Carbon-Black.jpg"",""display_order"":0},{""finish_id"":12,""item_number"":""SP50"",""name"":""Copper Creek"",""description"":""Frame Finish"",""collection"":null,""image_url"":""https://www.owlee.com/wp-content/uploads/2025/12/finishes_0004_SP50-Copper-Creek.jpg"",""display_order"":0},{""finish_id"":13,""item_number"":""SP42"",""name"":""Espresso"",""description"":""Frame Finish"",""collection"":null,""image_url"":""https://www.owlee.com/wp-content/uploads/2025/12/finishes_0005_SP42-Espresso.jpg"",""display_order"":0},{""finish_id"":14,""item_number"":""SP21"",""name"":""Graphite"",""description"":""Frame Finish"",""collection"":null,""image_url"":""https://www.owlee.com/wp-content/uploads/2025/12/finishes_0007_SP21-Graphite.jpg"",""display_order"":0},{""finish_id"":15,""item_number"":""SP11"",""name"":""Rosewood"",""description"":""Frame Finish"",""collection"":null,""image_url"":""https://www.owlee.com/wp-content/uploads/2025/12/finishes_0008_SP11-Rosewood.jpg"",""display_order"":0},{""finish_id"":16,""item_number"":""SP22"",""name"":""Sable"",""description"":""Frame Finish"",""collection"":null,""image_url"":""https://www.owlee.com/wp-content/uploads/2025/12/finishes_0006_SP22-Sable.jpg"",""display_order"":0},{""finish_id"":17,""item_number"":""AZ53"",""name"":""Sand Dollar"",""description"":""Frame Finish"",""collection"":null,""image_url"":""https://www.owlee.com/wp-content/uploads/2025/12/finishes_0009_AZ53-Sand-Dollar.jpg"",""display_order"":0},{""finish_id"":18,""item_number"":""TC20"",""name"":""Sandalwood"",""description"":""Frame Finish"",""collection"":null,""image_url"":""https://www.owlee.com/wp-content/uploads/2025/12/finishes_0003_TC20-Sandalwood.jpg"",""display_order"":0},{""finish_id"":19,""item_number"":""TG56"",""name"":""Shadow Grey"",""description"":""Frame Finish"",""collection"":null,""image_url"":""https://www.owlee.com/wp-content/uploads/2025/12/finishes_0002_TG56-Shadow-Grey.jpg"",""display_order"":0},{""finish_id"":20,""item_number"":""VT25"",""name"":""Velvet White"",""description"":""Frame Finish"",""collection"":null,""image_url"":""https://www.owlee.com/wp-content/uploads/2025/12/finishes_0000_VT25-Velvet-White.jpg"",""display_order"":0}]",[],"[{""url"":""https://641bdd57-e650-4f10-a19f-628c07eb50b7-00-1e7i1aja8wnz9.worf.replit.dev/api/storage/objects/products/owlee-v2/34185-CR_Arc_Arc_Corner_Sectional.jpg"",""alt_text"":null,""is_primary"":true,""display_order"":0,""image_kind"":""gallery"",""variant_id"":null}]",[]
O.W. Lee,o-w-lee,2089,34185-L,Arc Left Sectional,owlee-arc-left-sectional-34185-l,"The O.W. Lee Arc Sectional offers flexible seating arrangements while maintaining the collection’s sculptural, yacht-inspired aesthetic. Modular components allow for customized layouts that enhance both comfort and visual flow. Left, Right, Center, and Corner pieces available so you can design your ideal sectional. Quality & Customization O.W. Lee is renowned for its exceptional quality, supported by an industry-leading warranty. Our frames are covered by a 20-year structural warranty, and the finish is guaranteed against fading, blistering, and peeling for 5 years. Cushions and fabrics are also backed by a 5-year warranty. With a selection of 10 elegant frame finishes and over 100 fabric options, including 16 sling fabrics, customers can easily customize each piece to seamlessly complement their individual style.","The O.W. Lee Arc Sectional offers flexible seating arrangements while maintaining the collection’s sculptural, yacht-inspired aesthetic. Modular components allow for customized layouts that enhance both comfort and visual flow. Left, Right, Center, and Corner pieces available so you can design your ideal sectional. Quality & Customization O.W. Lee is renowned for its exceptional quality, supported by an industry-leading warranty. Our frames are covered by a 20-year structural warranty, and the finish is guaranteed against fading, blistering, and peeling for 5 years. Cushions and fabrics are also backed by a 5-year warranty. With a selection of 10 elegant frame finishes and over 100 fabric options, including 16 sling fabrics, customers can easily customize each piece to seamlessly complement their individual style.",Deep Seating,cat-deep-seating,Aluminum,aluminum,,,,,,,fixed,70.00,"H 40"" × W 39.25"" × D 38.25""","{""height_in"":""40"",""collection"":""Arc"",""weight_lbs"":""70"",""arm_height_in"":""23.5"",""seat_height_in"":""20"",""spec_sheet_pdf"":""https://www.owlee.com/wp-content/uploads/2025/09/ARC_Retail_SpecSheet_2026_34185-L-Left-Sectional.pdf"",""depth_length_in"":""38.25"",""width_diameter_in"":""39.25""}","[""o-w-lee"",""arc"",""made-in-usa""]",false,true,true,true,false,,66,0,true,2026-05-03 01:40:46.979452+00,2026-06-17 00:27:47.539+00,[],[],[],"[{""finish_id"":11,""item_number"":""TG68"",""name"":""Carbon Black"",""description"":""Frame Finish"",""collection"":null,""image_url"":""https://www.owlee.com/wp-content/uploads/2025/12/finishes_0001_TG68-Carbon-Black.jpg"",""display_order"":0},{""finish_id"":12,""item_number"":""SP50"",""name"":""Copper Creek"",""description"":""Frame Finish"",""collection"":null,""image_url"":""https://www.owlee.com/wp-content/uploads/2025/12/finishes_0004_SP50-Copper-Creek.jpg"",""display_order"":0},{""finish_id"":13,""item_number"":""SP42"",""name"":""Espresso"",""description"":""Frame Finish"",""collection"":null,""image_url"":""https://www.owlee.com/wp-content/uploads/2025/12/finishes_0005_SP42-Espresso.jpg"",""display_order"":0},{""finish_id"":14,""item_number"":""SP21"",""name"":""Graphite"",""description"":""Frame Finish"",""collection"":null,""image_url"":""https://www.owlee.com/wp-content/uploads/2025/12/finishes_0007_SP21-Graphite.jpg"",""display_order"":0},{""finish_id"":15,""item_number"":""SP11"",""name"":""Rosewood"",""description"":""Frame Finish"",""collection"":null,""image_url"":""https://www.owlee.com/wp-content/uploads/2025/12/finishes_0008_SP11-Rosewood.jpg"",""display_order"":0},{""finish_id"":16,""item_number"":""SP22"",""name"":""Sable"",""description"":""Frame Finish"",""collection"":null,""image_url"":""https://www.owlee.com/wp-content/uploads/2025/12/finishes_0006_SP22-Sable.jpg"",""display_order"":0},{""finish_id"":17,""item_number"":""AZ53"",""name"":""Sand Dollar"",""description"":""Frame Finish"",""collection"":null,""image_url"":""https://www.owlee.com/wp-content/uploads/2025/12/finishes_0009_AZ53-Sand-Dollar.jpg"",""display_order"":0},{""finish_id"":18,""item_number"":""TC20"",""name"":""Sandalwood"",""description"":""Frame Finish"",""collection"":null,""image_url"":""https://www.owlee.com/wp-content/uploads/2025/12/finishes_0003_TC20-Sandalwood.jpg"",""display_order"":0},{""finish_id"":19,""item_number"":""TG56"",""name"":""Shadow Grey"",""description"":""Frame Finish"",""collection"":null,""image_url"":""https://www.owlee.com/wp-content/uploads/2025/12/finishes_0002_TG56-Shadow-Grey.jpg"",""display_order"":0},{""finish_id"":20,""item_number"":""VT25"",""name"":""Velvet White"",""description"":""Frame Finish"",""collection"":null,""image_url"":""https://www.owlee.com/wp-content/uploads/2025/12/finishes_0000_VT25-Velvet-White.jpg"",""display_order"":0}]",[],"[{""url"":""https://641bdd57-e650-4f10-a19f-628c07eb50b7-00-1e7i1aja8wnz9.worf.replit.dev/api/storage/objects/products/owlee-v2/34185-L_Arc_Arc_Left_Sectional.jpg"",""alt_text"":null,""is_primary"":true,""display_order"":0,""image_kind"":""gallery"",""variant_id"":null}]",[]
O.W. Lee,o-w-lee,2086,34185-R,Arc Right Sectional,owlee-arc-right-sectional-34185-r,"The O.W. Lee Arc Sectional offers flexible seating arrangements while maintaining the collection’s sculptural, yacht-inspired aesthetic. Modular components allow for customized layouts that enhance both comfort and visual flow. Left, Right, Center, and Corner pieces available so you can design your ideal sectional. Quality & Customization O.W. Lee is renowned for its exceptional quality, supported by an industry-leading warranty. Our frames are covered by a 20-year structural warranty, and the finish is guaranteed against fading, blistering, and peeling for 5 years. Cushions and fabrics are also backed by a 5-year warranty. With a selection of 10 elegant frame finishes and over 100 fabric options, including 16 sling fabrics, customers can easily customize each piece to seamlessly complement their individual style.","The O.W. Lee Arc Sectional offers flexible seating arrangements while maintaining the collection’s sculptural, yacht-inspired aesthetic. Modular components allow for customized layouts that enhance both comfort and visual flow. Left, Right, Center, and Corner pieces available so you can design your ideal sectional. Quality & Customization O.W. Lee is renowned for its exceptional quality, supported by an industry-leading warranty. Our frames are covered by a 20-year structural warranty, and the finish is guaranteed against fading, blistering, and peeling for 5 years. Cushions and fabrics are also backed by a 5-year warranty. With a selection of 10 elegant frame finishes and over 100 fabric options, including 16 sling fabrics, customers can easily customize each piece to seamlessly complement their individual style.",Deep Seating,cat-deep-seating,Aluminum,aluminum,,,,,,,fixed,70.00,"H 40"" × W 39.25"" × D 38.25""","{""height_in"":""40"",""collection"":""Arc"",""weight_lbs"":""70"",""arm_height_in"":""23.5"",""seat_height_in"":""20"",""spec_sheet_pdf"":""https://www.owlee.com/wp-content/uploads/2025/09/ARC_Retail_SpecSheet_2026_34185-R-Right-Sectional.pdf"",""depth_length_in"":""38.25"",""width_diameter_in"":""39.25""}","[""o-w-lee"",""arc"",""made-in-usa""]",false,true,true,true,false,,63,0,true,2026-05-03 01:40:46.969302+00,2026-06-17 00:27:47.518+00,[],[],[],"[{""finish_id"":11,""item_number"":""TG68"",""name"":""Carbon Black"",""description"":""Frame Finish"",""collection"":null,""image_url"":""https://www.owlee.com/wp-content/uploads/2025/12/finishes_0001_TG68-Carbon-Black.jpg"",""display_order"":0},{""finish_id"":12,""item_number"":""SP50"",""name"":""Copper Creek"",""description"":""Frame Finish"",""collection"":null,""image_url"":""https://www.owlee.com/wp-content/uploads/2025/12/finishes_0004_SP50-Copper-Creek.jpg"",""display_order"":0},{""finish_id"":13,""item_number"":""SP42"",""name"":""Espresso"",""description"":""Frame Finish"",""collection"":null,""image_url"":""https://www.owlee.com/wp-content/uploads/2025/12/finishes_0005_SP42-Espresso.jpg"",""display_order"":0},{""finish_id"":14,""item_number"":""SP21"",""name"":""Graphite"",""description"":""Frame Finish"",""collection"":null,""image_url"":""https://www.owlee.com/wp-content/uploads/2025/12/finishes_0007_SP21-Graphite.jpg"",""display_order"":0},{""finish_id"":15,""item_number"":""SP11"",""name"":""Rosewood"",""description"":""Frame Finish"",""collection"":null,""image_url"":""https://www.owlee.com/wp-content/uploads/2025/12/finishes_0008_SP11-Rosewood.jpg"",""display_order"":0},{""finish_id"":16,""item_number"":""SP22"",""name"":""Sable"",""description"":""Frame Finish"",""collection"":null,""image_url"":""https://www.owlee.com/wp-content/uploads/2025/12/finishes_0006_SP22-Sable.jpg"",""display_order"":0},{""finish_id"":17,""item_number"":""AZ53"",""name"":""Sand Dollar"",""description"":""Frame Finish"",""collection"":null,""image_url"":""https://www.owlee.com/wp-content/uploads/2025/12/finishes_0009_AZ53-Sand-Dollar.jpg"",""display_order"":0},{""finish_id"":18,""item_number"":""TC20"",""name"":""Sandalwood"",""description"":""Frame Finish"",""collection"":null,""image_url"":""https://www.owlee.com/wp-content/uploads/2025/12/finishes_0003_TC20-Sandalwood.jpg"",""display_order"":0},{""finish_id"":19,""item_number"":""TG56"",""name"":""Shadow Grey"",""description"":""Frame Finish"",""collection"":null,""image_url"":""https://www.owlee.com/wp-content/uploads/2025/12/finishes_0002_TG56-Shadow-Grey.jpg"",""display_order"":0},{""finish_id"":20,""item_number"":""VT25"",""name"":""Velvet White"",""description"":""Frame Finish"",""collection"":null,""image_url"":""https://www.owlee.com/wp-content/uploads/2025/12/finishes_0000_VT25-Velvet-White.jpg"",""display_order"":0}]",[],"[{""url"":""https://641bdd57-e650-4f10-a19f-628c07eb50b7-00-1e7i1aja8wnz9.worf.replit.dev/api/storage/objects/products/owlee-v2/34185-R_Arc_Arc_Right_Sectional.jpg"",""alt_text"":null,""is_primary"":true,""display_order"":0,""image_kind"":""gallery"",""variant_id"":null}]",[]
O.W. Lee,o-w-lee,2091,34198-CH,Arc Sling Adjustable Chaise Lounge,owlee-arc-sling-adjustable-chaise-lounge-34198-ch,"The O.W. Lee Arc Sling Chaise offers streamlined relaxation with a contemporary edge. Featuring a sculpted aluminum frame and supportive sling seating, this outdoor chaise lounge reflects the collection’s nautical inspiration and minimalist design philosophy. O.W. Lee is renowned for its exceptional quality, supported by an industry-leading warranty. Our frames are covered by a 20-year structural warranty, and the finish is guaranteed against fading, blistering, and peeling for 5 years. Cushions and fabrics are also backed by a 5-year warranty. With a selection of 10 elegant frame finishes and over 100 fabric options, including 16 sling fabrics, customers can easily customize each piece to seamlessly complement their individual style.","The O.W. Lee Arc Sling Chaise offers streamlined relaxation with a contemporary edge. Featuring a sculpted aluminum frame and supportive sling seating, this outdoor chaise lounge reflects the collection’s nautical inspiration and minimalist design philosophy. O.W. Lee is renowned for its exceptional quality, supported by an industry-leading warranty. Our frames are covered by a 20-year structural warranty, and the finish is guaranteed against fading, blistering, and peeling for 5 years. Cushions and fabrics are also backed by a 5-year warranty. With a selection of 10 elegant frame finishes and over 100 fabric options, including 16 sling fabrics, customers can easily customize each piece to seamlessly complement their individual style.",Chaise Lounges,cat-chaise-lounges,Aluminum,aluminum,,,,,,,fixed,53.00,"H 38.5"" × W 30.25"" × D 85.5""","{""height_in"":""38.5"",""collection"":""Arc"",""weight_lbs"":""53"",""arm_height_in"":""21.5"",""seat_height_in"":""15.5"",""spec_sheet_pdf"":""https://www.owlee.com/wp-content/uploads/2024/07/ARC_Retail_SpecSheet_2026_34198-CH-Chaise.pdf"",""depth_length_in"":""85.5"",""width_diameter_in"":""30.25""}","[""o-w-lee"",""arc"",""made-in-usa""]",false,true,true,true,false,,68,0,true,2026-05-03 01:40:46.985661+00,2026-06-17 00:27:47.55+00,[],[],[],"[{""finish_id"":11,""item_number"":""TG68"",""name"":""Carbon Black"",""description"":""Frame Finish"",""collection"":null,""image_url"":""https://www.owlee.com/wp-content/uploads/2025/12/finishes_0001_TG68-Carbon-Black.jpg"",""display_order"":0},{""finish_id"":12,""item_number"":""SP50"",""name"":""Copper Creek"",""description"":""Frame Finish"",""collection"":null,""image_url"":""https://www.owlee.com/wp-content/uploads/2025/12/finishes_0004_SP50-Copper-Creek.jpg"",""display_order"":0},{""finish_id"":13,""item_number"":""SP42"",""name"":""Espresso"",""description"":""Frame Finish"",""collection"":null,""image_url"":""https://www.owlee.com/wp-content/uploads/2025/12/finishes_0005_SP42-Espresso.jpg"",""display_order"":0},{""finish_id"":14,""item_number"":""SP21"",""name"":""Graphite"",""description"":""Frame Finish"",""collection"":null,""image_url"":""https://www.owlee.com/wp-content/uploads/2025/12/finishes_0007_SP21-Graphite.jpg"",""display_order"":0},{""finish_id"":15,""item_number"":""SP11"",""name"":""Rosewood"",""description"":""Frame Finish"",""collection"":null,""image_url"":""https://www.owlee.com/wp-content/uploads/2025/12/finishes_0008_SP11-Rosewood.jpg"",""display_order"":0},{""finish_id"":16,""item_number"":""SP22"",""name"":""Sable"",""description"":""Frame Finish"",""collection"":null,""image_url"":""https://www.owlee.com/wp-content/uploads/2025/12/finishes_0006_SP22-Sable.jpg"",""display_order"":0},{""finish_id"":17,""item_number"":""AZ53"",""name"":""Sand Dollar"",""description"":""Frame Finish"",""collection"":null,""image_url"":""https://www.owlee.com/wp-content/uploads/2025/12/finishes_0009_AZ53-Sand-Dollar.jpg"",""display_order"":0},{""finish_id"":18,""item_number"":""TC20"",""name"":""Sandalwood"",""description"":""Frame Finish"",""collection"":null,""image_url"":""https://www.owlee.com/wp-content/uploads/2025/12/finishes_0003_TC20-Sandalwood.jpg"",""display_order"":0},{""finish_id"":19,""item_number"":""TG56"",""name"":""Shadow Grey"",""description"":""Frame Finish"",""collection"":null,""image_url"":""https://www.owlee.com/wp-content/uploads/2025/12/finishes_0002_TG56-Shadow-Grey.jpg"",""display_order"":0},{""finish_id"":20,""item_number"":""VT25"",""name"":""Velvet White"",""description"":""Frame Finish"",""collection"":null,""image_url"":""https://www.owlee.com/wp-content/uploads/2025/12/finishes_0000_VT25-Velvet-White.jpg"",""display_order"":0}]",[],"[{""url"":""https://641bdd57-e650-4f10-a19f-628c07eb50b7-00-1e7i1aja8wnz9.worf.replit.dev/api/storage/objects/products/owlee-v2/34198-CH_Arc_Sling_Adjustable_Chaise_Lounge.jpg"",""alt_text"":null,""is_primary"":true,""display_order"":0,""image_kind"":""gallery"",""variant_id"":null}]",[]
O.W. Lee,o-w-lee,2093,3433-A,Arc Dining Arm Chair,owlee-arc-dining-arm-chair-3433-a,"The O.W. Lee Arc Dining Arm Chair blends bold curves with supportive comfort. Its sculpted frame and gently contoured arms reflect the collection’s modern, nautical inspiration, creating an outdoor dining arm chair that feels both sophisticated and inviting. O.W. Lee is renowned for its exceptional quality, supported by an industry-leading warranty. Our frames are covered by a 20-year structural warranty, and the finish is guaranteed against fading, blistering, and peeling for 5 years. Cushions and fabrics are also backed by a 5-year warranty. With a selection of 10 elegant frame finishes and over 100 fabric options, including 16 sling fabrics, customers can easily customize each piece to seamlessly complement their individual style.","The O.W. Lee Arc Dining Arm Chair blends bold curves with supportive comfort. Its sculpted frame and gently contoured arms reflect the collection’s modern, nautical inspiration, creating an outdoor dining arm chair that feels both sophisticated and inviting. O.W. Lee is renowned for its exceptional quality, supported by an industry-leading warranty. Our frames are covered by a 20-year structural warranty, and the finish is guaranteed against fading, blistering, and peeling for 5 years. Cushions and fabrics are also backed by a 5-year warranty. With a selection of 10 elegant frame finishes and over 100 fabric options, including 16 sling fabrics, customers can easily customize each piece to seamlessly complement their individual style.",Dining,cat-dining,Aluminum,aluminum,,,,,,,fixed,30.00,"H 36.25"" × W 24"" × D 28.25""","{""height_in"":""36.25"",""collection"":""Arc"",""weight_lbs"":""30"",""arm_height_in"":""24.5"",""seat_height_in"":""19.25"",""spec_sheet_pdf"":""https://www.owlee.com/wp-content/uploads/2024/07/ARC_Retail_SpecSheet_2026_3433-A-Dining-Arm-Chair.pdf"",""depth_length_in"":""28.25"",""width_diameter_in"":""24""}","[""o-w-lee"",""arc"",""made-in-usa""]",false,true,true,true,false,,70,0,true,2026-05-03 01:40:46.991855+00,2026-06-17 00:27:47.56+00,[],[],[],"[{""finish_id"":11,""item_number"":""TG68"",""name"":""Carbon Black"",""description"":""Frame Finish"",""collection"":null,""image_url"":""https://www.owlee.com/wp-content/uploads/2025/12/finishes_0001_TG68-Carbon-Black.jpg"",""display_order"":0},{""finish_id"":12,""item_number"":""SP50"",""name"":""Copper Creek"",""description"":""Frame Finish"",""collection"":null,""image_url"":""https://www.owlee.com/wp-content/uploads/2025/12/finishes_0004_SP50-Copper-Creek.jpg"",""display_order"":0},{""finish_id"":13,""item_number"":""SP42"",""name"":""Espresso"",""description"":""Frame Finish"",""collection"":null,""image_url"":""https://www.owlee.com/wp-content/uploads/2025/12/finishes_0005_SP42-Espresso.jpg"",""display_order"":0},{""finish_id"":14,""item_number"":""SP21"",""name"":""Graphite"",""description"":""Frame Finish"",""collection"":null,""image_url"":""https://www.owlee.com/wp-content/uploads/2025/12/finishes_0007_SP21-Graphite.jpg"",""display_order"":0},{""finish_id"":15,""item_number"":""SP11"",""name"":""Rosewood"",""description"":""Frame Finish"",""collection"":null,""image_url"":""https://www.owlee.com/wp-content/uploads/2025/12/finishes_0008_SP11-Rosewood.jpg"",""display_order"":0},{""finish_id"":16,""item_number"":""SP22"",""name"":""Sable"",""description"":""Frame Finish"",""collection"":null,""image_url"":""https://www.owlee.com/wp-content/uploads/2025/12/finishes_0006_SP22-Sable.jpg"",""display_order"":0},{""finish_id"":17,""item_number"":""AZ53"",""name"":""Sand Dollar"",""description"":""Frame Finish"",""collection"":null,""image_url"":""https://www.owlee.com/wp-content/uploads/2025/12/finishes_0009_AZ53-Sand-Dollar.jpg"",""display_order"":0},{""finish_id"":18,""item_number"":""TC20"",""name"":""Sandalwood"",""description"":""Frame Finish"",""collection"":null,""image_url"":""https://www.owlee.com/wp-content/uploads/2025/12/finishes_0003_TC20-Sandalwood.jpg"",""display_order"":0},{""finish_id"":19,""item_number"":""TG56"",""name"":""Shadow Grey"",""description"":""Frame Finish"",""collection"":null,""image_url"":""https://www.owlee.com/wp-content/uploads/2025/12/finishes_0002_TG56-Shadow-Grey.jpg"",""display_order"":0},{""finish_id"":20,""item_number"":""VT25"",""name"":""Velvet White"",""description"":""Frame Finish"",""collection"":null,""image_url"":""https://www.owlee.com/wp-content/uploads/2025/12/finishes_0000_VT25-Velvet-White.jpg"",""display_order"":0}]",[],"[{""url"":""https://641bdd57-e650-4f10-a19f-628c07eb50b7-00-1e7i1aja8wnz9.worf.replit.dev/api/storage/objects/products/owlee-v2/3433-A_Arc_Dining_Arm_Chair.jpg"",""alt_text"":null,""is_primary"":true,""display_order"":0,""image_kind"":""gallery"",""variant_id"":null}]",[]
O.W. Lee,o-w-lee,2096,3433-BS,Arc Bar Stool,owlee-arc-bar-stool-3433-bs,"The O.W. Lee Arc Bar Stool brings contemporary elegance to bar-height seating. Its bold yet minimal form captures the essence of modern design while delivering comfortable, refined outdoor seating. O.W. Lee is renowned for its exceptional quality, supported by an industry-leading warranty. Our frames are covered by a 20-year structural warranty, and the finish is guaranteed against fading, blistering, and peeling for 5 years. Cushions and fabrics are also backed by a 5-year warranty. With a selection of 10 elegant frame finishes and over 100 fabric options, including 16 sling fabrics, customers can easily customize each piece to seamlessly complement their individual style.","The O.W. Lee Arc Bar Stool brings contemporary elegance to bar-height seating. Its bold yet minimal form captures the essence of modern design while delivering comfortable, refined outdoor seating. O.W. Lee is renowned for its exceptional quality, supported by an industry-leading warranty. Our frames are covered by a 20-year structural warranty, and the finish is guaranteed against fading, blistering, and peeling for 5 years. Cushions and fabrics are also backed by a 5-year warranty. With a selection of 10 elegant frame finishes and over 100 fabric options, including 16 sling fabrics, customers can easily customize each piece to seamlessly complement their individual style.",Dining,cat-dining,Aluminum,aluminum,,,,,,,fixed,32.00,"H 46.75"" × W 20"" × D 27.5""","{""height_in"":""46.75"",""collection"":""Arc"",""weight_lbs"":""32"",""arm_height_in"":""—"",""seat_height_in"":""33.5"",""spec_sheet_pdf"":""https://www.owlee.com/wp-content/uploads/2024/07/ARC_Retail_SpecSheet_2026_3433-BS-Bar-Stool.pdf"",""depth_length_in"":""27.5"",""width_diameter_in"":""20""}","[""o-w-lee"",""arc"",""made-in-usa""]",false,true,true,true,false,,73,0,true,2026-05-03 01:40:47.001059+00,2026-06-17 00:27:47.576+00,[],[],[],"[{""finish_id"":11,""item_number"":""TG68"",""name"":""Carbon Black"",""description"":""Frame Finish"",""collection"":null,""image_url"":""https://www.owlee.com/wp-content/uploads/2025/12/finishes_0001_TG68-Carbon-Black.jpg"",""display_order"":0},{""finish_id"":12,""item_number"":""SP50"",""name"":""Copper Creek"",""description"":""Frame Finish"",""collection"":null,""image_url"":""https://www.owlee.com/wp-content/uploads/2025/12/finishes_0004_SP50-Copper-Creek.jpg"",""display_order"":0},{""finish_id"":13,""item_number"":""SP42"",""name"":""Espresso"",""description"":""Frame Finish"",""collection"":null,""image_url"":""https://www.owlee.com/wp-content/uploads/2025/12/finishes_0005_SP42-Espresso.jpg"",""display_order"":0},{""finish_id"":14,""item_number"":""SP21"",""name"":""Graphite"",""description"":""Frame Finish"",""collection"":null,""image_url"":""https://www.owlee.com/wp-content/uploads/2025/12/finishes_0007_SP21-Graphite.jpg"",""display_order"":0},{""finish_id"":15,""item_number"":""SP11"",""name"":""Rosewood"",""description"":""Frame Finish"",""collection"":null,""image_url"":""https://www.owlee.com/wp-content/uploads/2025/12/finishes_0008_SP11-Rosewood.jpg"",""display_order"":0},{""finish_id"":16,""item_number"":""SP22"",""name"":""Sable"",""description"":""Frame Finish"",""collection"":null,""image_url"":""https://www.owlee.com/wp-content/uploads/2025/12/finishes_0006_SP22-Sable.jpg"",""display_order"":0},{""finish_id"":17,""item_number"":""AZ53"",""name"":""Sand Dollar"",""description"":""Frame Finish"",""collection"":null,""image_url"":""https://www.owlee.com/wp-content/uploads/2025/12/finishes_0009_AZ53-Sand-Dollar.jpg"",""display_order"":0},{""finish_id"":18,""item_number"":""TC20"",""name"":""Sandalwood"",""description"":""Frame Finish"",""collection"":null,""image_url"":""https://www.owlee.com/wp-content/uploads/2025/12/finishes_0003_TC20-Sandalwood.jpg"",""display_order"":0},{""finish_id"":19,""item_number"":""TG56"",""name"":""Shadow Grey"",""description"":""Frame Finish"",""collection"":null,""image_url"":""https://www.owlee.com/wp-content/uploads/2025/12/finishes_0002_TG56-Shadow-Grey.jpg"",""display_order"":0},{""finish_id"":20,""item_number"":""VT25"",""name"":""Velvet White"",""description"":""Frame Finish"",""collection"":null,""image_url"":""https://www.owlee.com/wp-content/uploads/2025/12/finishes_0000_VT25-Velvet-White.jpg"",""display_order"":0}]",[],"[{""url"":""https://641bdd57-e650-4f10-a19f-628c07eb50b7-00-1e7i1aja8wnz9.worf.replit.dev/api/storage/objects/products/owlee-v2/3433-BS_Arc_Bar_Stool.jpg"",""alt_text"":null,""is_primary"":true,""display_order"":0,""image_kind"":""gallery"",""variant_id"":null}]",[]
O.W. Lee,o-w-lee,2095,3433-CS,Arc Counter Stool,owlee-arc-counter-stool-3433-cs,"Part of the O.W. Lee Arc collection. Crafted in the USA, O.W. Lee pieces are built to order and sold exclusively through our showroom — contact a sales agent for pricing, finishes, and cushion options.",,Dining,cat-dining,Aluminum,aluminum,,,,,,,fixed,31.00,"H 42.75"" × W 20"" × D 26.75""","{""height_in"":""42.75"",""collection"":""Arc"",""weight_lbs"":""31"",""arm_height_in"":""—"",""seat_height_in"":""28.5"",""spec_sheet_pdf"":""https://www.owlee.com/wp-content/uploads/2024/07/ARC_Retail_SpecSheet_2026_3433-CS-Counter-Stool.pdf"",""depth_length_in"":""26.75"",""width_diameter_in"":""20""}","[""o-w-lee"",""arc"",""made-in-usa""]",false,true,true,true,false,,72,0,true,2026-05-03 01:40:46.99772+00,2026-06-17 00:27:47.57+00,[],[],[],"[{""finish_id"":11,""item_number"":""TG68"",""name"":""Carbon Black"",""description"":""Frame Finish"",""collection"":null,""image_url"":""https://www.owlee.com/wp-content/uploads/2025/12/finishes_0001_TG68-Carbon-Black.jpg"",""display_order"":0},{""finish_id"":12,""item_number"":""SP50"",""name"":""Copper Creek"",""description"":""Frame Finish"",""collection"":null,""image_url"":""https://www.owlee.com/wp-content/uploads/2025/12/finishes_0004_SP50-Copper-Creek.jpg"",""display_order"":0},{""finish_id"":13,""item_number"":""SP42"",""name"":""Espresso"",""description"":""Frame Finish"",""collection"":null,""image_url"":""https://www.owlee.com/wp-content/uploads/2025/12/finishes_0005_SP42-Espresso.jpg"",""display_order"":0},{""finish_id"":14,""item_number"":""SP21"",""name"":""Graphite"",""description"":""Frame Finish"",""collection"":null,""image_url"":""https://www.owlee.com/wp-content/uploads/2025/12/finishes_0007_SP21-Graphite.jpg"",""display_order"":0},{""finish_id"":15,""item_number"":""SP11"",""name"":""Rosewood"",""description"":""Frame Finish"",""collection"":null,""image_url"":""https://www.owlee.com/wp-content/uploads/2025/12/finishes_0008_SP11-Rosewood.jpg"",""display_order"":0},{""finish_id"":16,""item_number"":""SP22"",""name"":""Sable"",""description"":""Frame Finish"",""collection"":null,""image_url"":""https://www.owlee.com/wp-content/uploads/2025/12/finishes_0006_SP22-Sable.jpg"",""display_order"":0},{""finish_id"":17,""item_number"":""AZ53"",""name"":""Sand Dollar"",""description"":""Frame Finish"",""collection"":null,""image_url"":""https://www.owlee.com/wp-content/uploads/2025/12/finishes_0009_AZ53-Sand-Dollar.jpg"",""display_order"":0},{""finish_id"":18,""item_number"":""TC20"",""name"":""Sandalwood"",""description"":""Frame Finish"",""collection"":null,""image_url"":""https://www.owlee.com/wp-content/uploads/2025/12/finishes_0003_TC20-Sandalwood.jpg"",""display_order"":0},{""finish_id"":19,""item_number"":""TG56"",""name"":""Shadow Grey"",""description"":""Frame Finish"",""collection"":null,""image_url"":""https://www.owlee.com/wp-content/uploads/2025/12/finishes_0002_TG56-Shadow-Grey.jpg"",""display_order"":0},{""finish_id"":20,""item_number"":""VT25"",""name"":""Velvet White"",""description"":""Frame Finish"",""collection"":null,""image_url"":""https://www.owlee.com/wp-content/uploads/2025/12/finishes_0000_VT25-Velvet-White.jpg"",""display_order"":0}]",[],"[{""url"":""https://641bdd57-e650-4f10-a19f-628c07eb50b7-00-1e7i1aja8wnz9.worf.replit.dev/api/storage/objects/products/owlee-v2/3433-CS_Arc_Counter_Stool.jpg"",""alt_text"":null,""is_primary"":true,""display_order"":0,""image_kind"":""gallery"",""variant_id"":null}]",[]
O.W. Lee,o-w-lee,2092,3433-S,Arc Dining Side Chair,owlee-arc-dining-side-chair-3433-s,"The O.W. Lee Arc Dining Side Chair showcases a sculptural silhouette inspired by the sleek curves of modern yacht design. Clean lines and a minimalist form create a refined outdoor dining side chair that brings contemporary elegance to any outdoor dining setting. Quality & Customization O.W. Lee is renowned for its exceptional quality, supported by an industry-leading warranty. Our frames are covered by a 20-year structural warranty, and the finish is guaranteed against fading, blistering, and peeling for 5 years. Cushions and fabrics are also backed by a 5-year warranty. With a selection of 10 elegant frame finishes and over 100 fabric options, including 16 sling fabrics, customers can easily customize each piece to seamlessly complement their individual style.","The O.W. Lee Arc Dining Side Chair showcases a sculptural silhouette inspired by the sleek curves of modern yacht design. Clean lines and a minimalist form create a refined outdoor dining side chair that brings contemporary elegance to any outdoor dining setting. Quality & Customization O.W. Lee is renowned for its exceptional quality, supported by an industry-leading warranty. Our frames are covered by a 20-year structural warranty, and the finish is guaranteed against fading, blistering, and peeling for 5 years. Cushions and fabrics are also backed by a 5-year warranty. With a selection of 10 elegant frame finishes and over 100 fabric options, including 16 sling fabrics, customers can easily customize each piece to seamlessly complement their individual style.",Dining,cat-dining,Aluminum,aluminum,,,,,,,fixed,29.00,"H 36.25"" × W 20"" × D 28.25""","{""height_in"":""36.25"",""collection"":""Arc"",""weight_lbs"":""29"",""arm_height_in"":""—"",""seat_height_in"":""19.75"",""spec_sheet_pdf"":""https://www.owlee.com/wp-content/uploads/2024/07/ARC_Retail_SpecSheet_3433-S-Dining-Side-Chair.pdf"",""depth_length_in"":""28.25"",""width_diameter_in"":""20""}","[""o-w-lee"",""arc"",""made-in-usa""]",false,true,true,true,false,,69,0,true,2026-05-03 01:40:46.98834+00,2026-06-17 00:27:47.555+00,[],[],[],"[{""finish_id"":11,""item_number"":""TG68"",""name"":""Carbon Black"",""description"":""Frame Finish"",""collection"":null,""image_url"":""https://www.owlee.com/wp-content/uploads/2025/12/finishes_0001_TG68-Carbon-Black.jpg"",""display_order"":0},{""finish_id"":12,""item_number"":""SP50"",""name"":""Copper Creek"",""description"":""Frame Finish"",""collection"":null,""image_url"":""https://www.owlee.com/wp-content/uploads/2025/12/finishes_0004_SP50-Copper-Creek.jpg"",""display_order"":0},{""finish_id"":13,""item_number"":""SP42"",""name"":""Espresso"",""description"":""Frame Finish"",""collection"":null,""image_url"":""https://www.owlee.com/wp-content/uploads/2025/12/finishes_0005_SP42-Espresso.jpg"",""display_order"":0},{""finish_id"":14,""item_number"":""SP21"",""name"":""Graphite"",""description"":""Frame Finish"",""collection"":null,""image_url"":""https://www.owlee.com/wp-content/uploads/2025/12/finishes_0007_SP21-Graphite.jpg"",""display_order"":0},{""finish_id"":15,""item_number"":""SP11"",""name"":""Rosewood"",""description"":""Frame Finish"",""collection"":null,""image_url"":""https://www.owlee.com/wp-content/uploads/2025/12/finishes_0008_SP11-Rosewood.jpg"",""display_order"":0},{""finish_id"":16,""item_number"":""SP22"",""name"":""Sable"",""description"":""Frame Finish"",""collection"":null,""image_url"":""https://www.owlee.com/wp-content/uploads/2025/12/finishes_0006_SP22-Sable.jpg"",""display_order"":0},{""finish_id"":17,""item_number"":""AZ53"",""name"":""Sand Dollar"",""description"":""Frame Finish"",""collection"":null,""image_url"":""https://www.owlee.com/wp-content/uploads/2025/12/finishes_0009_AZ53-Sand-Dollar.jpg"",""display_order"":0},{""finish_id"":18,""item_number"":""TC20"",""name"":""Sandalwood"",""description"":""Frame Finish"",""collection"":null,""image_url"":""https://www.owlee.com/wp-content/uploads/2025/12/finishes_0003_TC20-Sandalwood.jpg"",""display_order"":0},{""finish_id"":19,""item_number"":""TG56"",""name"":""Shadow Grey"",""description"":""Frame Finish"",""collection"":null,""image_url"":""https://www.owlee.com/wp-content/uploads/2025/12/finishes_0002_TG56-Shadow-Grey.jpg"",""display_order"":0},{""finish_id"":20,""item_number"":""VT25"",""name"":""Velvet White"",""description"":""Frame Finish"",""collection"":null,""image_url"":""https://www.owlee.com/wp-content/uploads/2025/12/finishes_0000_VT25-Velvet-White.jpg"",""display_order"":0}]",[],"[{""url"":""https://641bdd57-e650-4f10-a19f-628c07eb50b7-00-1e7i1aja8wnz9.worf.replit.dev/api/storage/objects/products/owlee-v2/3433-S_Arc_Dining_Side_Chair.jpg"",""alt_text"":null,""is_primary"":true,""display_order"":0,""image_kind"":""gallery"",""variant_id"":null}]",[]
O.W. Lee,o-w-lee,2094,3433-SR,Arc Swivel Rocker Dining Arm Chair,owlee-arc-swivel-rocker-dining-arm-chair-3433-sr,"The O.W. Lee Arc Swivel Rocker Dining Arm Chair enhances contemporary dining with smooth swivel and gentle rocking motion. Flowing lines and minimalist detailing echo the collection’s yacht-inspired design while offering relaxed functionality. Quality & Customization O.W. Lee is renowned for its exceptional quality, supported by an industry-leading warranty. Our frames are covered by a 20-year structural warranty, and the finish is guaranteed against fading, blistering, and peeling for 5 years. Cushions and fabrics are also backed by a 5-year warranty. With a selection of 10 elegant frame finishes and over 100 fabric options, including 16 sling fabrics, customers can easily customize each piece to seamlessly complement their individual style.","The O.W. Lee Arc Swivel Rocker Dining Arm Chair enhances contemporary dining with smooth swivel and gentle rocking motion. Flowing lines and minimalist detailing echo the collection’s yacht-inspired design while offering relaxed functionality. Quality & Customization O.W. Lee is renowned for its exceptional quality, supported by an industry-leading warranty. Our frames are covered by a 20-year structural warranty, and the finish is guaranteed against fading, blistering, and peeling for 5 years. Cushions and fabrics are also backed by a 5-year warranty. With a selection of 10 elegant frame finishes and over 100 fabric options, including 16 sling fabrics, customers can easily customize each piece to seamlessly complement their individual style.",Dining,cat-dining,Aluminum,aluminum,,,,,,,fixed,38.00,"H 36.5"" × W 24"" × D 28.25""","{""height_in"":""36.5"",""collection"":""Arc"",""weight_lbs"":""38"",""arm_height_in"":""25"",""seat_height_in"":""19.5"",""spec_sheet_pdf"":""https://www.owlee.com/wp-content/uploads/2024/07/ARC_Retail_SpecSheet_2026_3433-SR-Swivel-Rocker-Dining-Arm-Chair.pdf"",""depth_length_in"":""28.25"",""width_diameter_in"":""24""}","[""o-w-lee"",""arc"",""made-in-usa""]",false,true,true,true,false,,71,0,true,2026-05-03 01:40:46.995002+00,2026-06-17 00:27:47.565+00,[],[],[],"[{""finish_id"":11,""item_number"":""TG68"",""name"":""Carbon Black"",""description"":""Frame Finish"",""collection"":null,""image_url"":""https://www.owlee.com/wp-content/uploads/2025/12/finishes_0001_TG68-Carbon-Black.jpg"",""display_order"":0},{""finish_id"":12,""item_number"":""SP50"",""name"":""Copper Creek"",""description"":""Frame Finish"",""collection"":null,""image_url"":""https://www.owlee.com/wp-content/uploads/2025/12/finishes_0004_SP50-Copper-Creek.jpg"",""display_order"":0},{""finish_id"":13,""item_number"":""SP42"",""name"":""Espresso"",""description"":""Frame Finish"",""collection"":null,""image_url"":""https://www.owlee.com/wp-content/uploads/2025/12/finishes_0005_SP42-Espresso.jpg"",""display_order"":0},{""finish_id"":14,""item_number"":""SP21"",""name"":""Graphite"",""description"":""Frame Finish"",""collection"":null,""image_url"":""https://www.owlee.com/wp-content/uploads/2025/12/finishes_0007_SP21-Graphite.jpg"",""display_order"":0},{""finish_id"":15,""item_number"":""SP11"",""name"":""Rosewood"",""description"":""Frame Finish"",""collection"":null,""image_url"":""https://www.owlee.com/wp-content/uploads/2025/12/finishes_0008_SP11-Rosewood.jpg"",""display_order"":0},{""finish_id"":16,""item_number"":""SP22"",""name"":""Sable"",""description"":""Frame Finish"",""collection"":null,""image_url"":""https://www.owlee.com/wp-content/uploads/2025/12/finishes_0006_SP22-Sable.jpg"",""display_order"":0},{""finish_id"":17,""item_number"":""AZ53"",""name"":""Sand Dollar"",""description"":""Frame Finish"",""collection"":null,""image_url"":""https://www.owlee.com/wp-content/uploads/2025/12/finishes_0009_AZ53-Sand-Dollar.jpg"",""display_order"":0},{""finish_id"":18,""item_number"":""TC20"",""name"":""Sandalwood"",""description"":""Frame Finish"",""collection"":null,""image_url"":""https://www.owlee.com/wp-content/uploads/2025/12/finishes_0003_TC20-Sandalwood.jpg"",""display_order"":0},{""finish_id"":19,""item_number"":""TG56"",""name"":""Shadow Grey"",""description"":""Frame Finish"",""collection"":null,""image_url"":""https://www.owlee.com/wp-content/uploads/2025/12/finishes_0002_TG56-Shadow-Grey.jpg"",""display_order"":0},{""finish_id"":20,""item_number"":""VT25"",""name"":""Velvet White"",""description"":""Frame Finish"",""collection"":null,""image_url"":""https://www.owlee.com/wp-content/uploads/2025/12/finishes_0000_VT25-Velvet-White.jpg"",""display_order"":0}]",[],"[{""url"":""https://641bdd57-e650-4f10-a19f-628c07eb50b7-00-1e7i1aja8wnz9.worf.replit.dev/api/storage/objects/products/owlee-v2/3433-SR_Arc_Swivel_Rocker_Dining_Arm_Chair.jpg"",""alt_text"":null,""is_primary"":true,""display_order"":0,""image_kind"":""gallery"",""variant_id"":null}]",[]
O.W. Lee,o-w-lee,4914,36 Square Porcelain Table Top,"36"" Square Porcelain Table Top",owlee-36-square-porcelain-table-top-36-square-porcelain-table-top,"Part of the O.W. Lee Tables, Tops & Bases collection. Crafted in the USA, O.W. Lee pieces are built to order and sold exclusively through our showroom — contact a sales agent for pricing, finishes, and cushion options.","Tables, Tops & Bases collection · 36"" Square Porcelain Table Top by O.W. Lee",Dining,cat-dining,,,,,,,,,fixed,,"W 36"" × D 36""","{""collection"":""Tables, Tops & Bases"",""source_url"":""https://www.owlee.com/collections/porcelain/36-square-porcelain-table-top/"",""depth_length_in"":""36"",""width_diameter_in"":""36""}","[""o-w-lee"",""tables-tops-bases"",""made-in-usa"",""quote-only""]",false,true,true,true,false,,70,0,true,2026-06-02 00:19:53.564486+00,2026-06-02 00:19:53.564486+00,[],[],[],[],[],"[{""url"":""https://641bdd57-e650-4f10-a19f-628c07eb50b7-00-1e7i1aja8wnz9.worf.replit.dev/api/storage/objects/products/owlee/TABLES TOPS BASES - 36 SQUARE PORCELAIN TABLE TOP.jpg"",""alt_text"":""36\"" Square Porcelain Table Top"",""is_primary"":true,""display_order"":0,""image_kind"":""gallery"",""variant_id"":null}]",[]
O.W. Lee,o-w-lee,4915,36 x 58 Micro Mesh Top with Umbrella Hole,"36"" x 58"" Micro Mesh Top with Umbrella Hole",owlee-36-x-58-micro-mesh-top-with-umbrella-hole-36-x-58-micro-mesh-top-with-umbrella-hole,"Part of the O.W. Lee Tables, Tops & Bases collection. Crafted in the USA, O.W. Lee pieces are built to order and sold exclusively through our showroom — contact a sales agent for pricing, finishes, and cushion options.","Tables, Tops & Bases collection · 36"" x 58"" Micro Mesh Top with Umbrella Hole by O.W. Lee",Dining,cat-dining,,,,,,,,,fixed,,"W 36"" × D 58""","{""collection"":""Tables, Tops & Bases"",""source_url"":""https://www.owlee.com/collections/micro-mesh-table-tops/36-x-58-mesh-top-with-umbrella/"",""depth_length_in"":""58"",""width_diameter_in"":""36""}","[""o-w-lee"",""tables-tops-bases"",""made-in-usa"",""quote-only""]",false,true,true,true,false,,71,0,true,2026-06-02 00:19:53.773757+00,2026-06-02 00:19:53.773757+00,[],[],[],[],[],"[{""url"":""https://641bdd57-e650-4f10-a19f-628c07eb50b7-00-1e7i1aja8wnz9.worf.replit.dev/api/storage/objects/products/owlee/TABLES TOPS BASES - 36 X 58 MICRO MESH TOP WITH UMBRELLA HOLE.jpg"",""alt_text"":""36\"" x 58\"" Micro Mesh Top with Umbrella Hole"",""is_primary"":true,""display_order"":0,""image_kind"":""gallery"",""variant_id"":null}]",[]
O.W. Lee,o-w-lee,4916,36 x 58 Porcelain Table Top,"36"" x 58"" Porcelain Table Top",owlee-36-x-58-porcelain-table-top-36-x-58-porcelain-table-top,"Part of the O.W. Lee Tables, Tops & Bases collection. Crafted in the USA, O.W. Lee pieces are built to order and sold exclusively through our showroom — contact a sales agent for pricing, finishes, and cushion options.","Tables, Tops & Bases collection · 36"" x 58"" Porcelain Table Top by O.W. Lee",Dining,cat-dining,,,,,,,,,fixed,92.00,"W 36"" × D 58""","{""collection"":""Tables, Tops & Bases"",""source_url"":""https://www.owlee.com/collections/porcelain/36-x-58-porcelain-table-top/"",""weight_lbs"":""92"",""depth_length_in"":""58"",""width_diameter_in"":""36""}","[""o-w-lee"",""tables-tops-bases"",""made-in-usa"",""quote-only""]",false,true,true,true,false,,72,0,true,2026-06-02 00:19:54.021863+00,2026-06-02 00:19:54.021863+00,[],[],[],[],[],"[{""url"":""https://641bdd57-e650-4f10-a19f-628c07eb50b7-00-1e7i1aja8wnz9.worf.replit.dev/api/storage/objects/products/owlee/TABLES TOPS BASES - 36 X 58 PORCELAIN TABLE TOP.jpg"",""alt_text"":""36\"" x 58\"" Porcelain Table Top"",""is_primary"":true,""display_order"":0,""image_kind"":""gallery"",""variant_id"":null}]",[]
O.W. Lee,o-w-lee,2153,37-DT03,Table Bases Marin 03 Dining Table Base,owlee-table-bases-marin-03-dining-table-base-37-dt03,"The Marin Dining Table Base for Square or Round Tops offers a refined foundation for intimate outdoor dining. Designed to support a variety of tabletop sizes and materials, this base combines visual lightness with structural integrity and is perfect for smaller patios, balconies, or casual dining areas. Its aluminum construction resists corrosion and weather-related wear, making it especially well-suited for coastal climates. The open, architectural design allows chairs to tuck in comfortably while maintaining excellent stability. Pair this base with one of our porcelain, Dekton, or Micro Mesh tops and select from O.W. Lee’s wide range of finishes to create a dining table that feels both tailored and timeless. Best for: • Outdoor dining with square or round tops • Compact dining spaces • Custom finish and tabletop combinations Fits: - 36” Square (Porcelain) - 42” Round (Porcelain or Micro Mesh) - 42” Square (Porcelain or Micro Mesh) - 54” Round (Porcelain, Dekton, or Micro Mesh)","The Marin Dining Table Base for Square or Round Tops offers a refined foundation for intimate outdoor dining. Designed to support a variety of tabletop sizes and materials, this base combines visual lightness with structural integrity and is perfect for smaller patios, balconies, or casual dining areas. Its aluminum construction resists corrosion and weather-related wear, making it especially well-suited for coastal climates. The open, architectural design allows chairs to tuck in comfortably while maintaining excellent stability. Pair this base with one of our porcelain, Dekton, or Micro Mesh tops and select from O.W. Lee’s wide range of finishes to create a dining table that feels both tailored and timeless. Best for: • Outdoor dining with square or round tops • Compact dining spaces • Custom finish and tabletop combinations Fits: - 36” Square (Porcelain) - 42” Round (Porcelain or Micro Mesh) - 42” Square (Porcelain or Micro Mesh) - 54” Round (Porcelain, Dekton, or Micro Mesh)",Dining,cat-dining,Aluminum,aluminum,,,,,,,fixed,21.00,"H 28.25"" × W 30"" × D 30""","{""height_in"":""28.25"",""collection"":""Marin"",""weight_lbs"":""21"",""spec_sheet_pdf"":""https://www.owlee.com/collections/marin-aluminum-bases/marin-dining-table-base-dt03/"",""depth_length_in"":""30"",""width_diameter_in"":""30""}","[""o-w-lee"",""table-bases"",""made-in-usa""]",false,true,true,true,false,,172,0,true,2026-05-03 01:40:47.372635+00,2026-06-17 00:27:47.878+00,[],[],[],[],[],"[{""url"":""https://641bdd57-e650-4f10-a19f-628c07eb50b7-00-1e7i1aja8wnz9.worf.replit.dev/api/storage/objects/products/owlee-v2/37-DT03_Marin_Marin_03_Dining_Table_Base.jpg"",""alt_text"":null,""is_primary"":true,""display_order"":0,""image_kind"":""gallery"",""variant_id"":null}]",[]
O.W. Lee,o-w-lee,2154,37-DT07,Table Bases Marin 07 Dining Table Base,owlee-table-bases-marin-07-dining-table-base-37-dt07,"The Marin Dining Table Base for rectangular tops is designed to anchor larger outdoor dining spaces with stability and understated elegance. Its streamlined profile supports longer tabletops while maintaining the light, architectural feel that defines the Marin collection. Constructed from corrosion-resistant aluminum, this base is well suited for outdoor and coastal environments. The thoughtfully engineered design allows for comfortable chair placement and generous legroom, making it ideal for entertaining. Pair this base with one of our porcelain, Dekton, or Micro Mesh rectangular tops and select from O.W. Lee’s extensive finish options to create a dining table tailored to your space. Best for: • Larger outdoor dining settings • Rectangular dining table configurations • Entertaining and gathering spaces Fits: • 42x72” (Porcelain) • 42x84” Rectangular (Porcelain, Micro Mesh, or Dekton)","The Marin Dining Table Base for rectangular tops is designed to anchor larger outdoor dining spaces with stability and understated elegance. Its streamlined profile supports longer tabletops while maintaining the light, architectural feel that defines the Marin collection. Constructed from corrosion-resistant aluminum, this base is well suited for outdoor and coastal environments. The thoughtfully engineered design allows for comfortable chair placement and generous legroom, making it ideal for entertaining. Pair this base with one of our porcelain, Dekton, or Micro Mesh rectangular tops and select from O.W. Lee’s extensive finish options to create a dining table tailored to your space. Best for: • Larger outdoor dining settings • Rectangular dining table configurations • Entertaining and gathering spaces Fits: • 42x72” (Porcelain) • 42x84” Rectangular (Porcelain, Micro Mesh, or Dekton)",Dining,cat-dining,Aluminum,aluminum,,,,,,,fixed,,"H 28.25"" × W 53.5"" × D 33.75""","{""height_in"":""28.25"",""collection"":""Marin"",""weight_lbs"":""33 (pkg)"",""spec_sheet_pdf"":""https://www.owlee.com/collections/marin-aluminum-bases/marin-dining-table-base-dt07/"",""depth_length_in"":""33.75"",""width_diameter_in"":""53.5""}","[""o-w-lee"",""table-bases"",""made-in-usa""]",false,true,true,true,false,,173,0,true,2026-05-03 01:40:47.376558+00,2026-06-17 00:27:47.884+00,[],[],[],[],[],"[{""url"":""https://641bdd57-e650-4f10-a19f-628c07eb50b7-00-1e7i1aja8wnz9.worf.replit.dev/api/storage/objects/products/owlee-v2/37-DT07_Marin_Marin_07_Dining_Table_Base.jpg"",""alt_text"":null,""is_primary"":true,""display_order"":0,""image_kind"":""gallery"",""variant_id"":null}]",[]
O.W. Lee,o-w-lee,2152,37-OT05,Table Bases Marin 05 Occasional Table Base,owlee-table-bases-marin-05-occasional-table-base-37-ot05,"The Marin Occasional Table is a versatile option for outdoor living areas that need both function and style. Ideal as a coffee table or accent table, this base offers a low-profile design that enhances conversation areas without overwhelming the space. Made from durable aluminum, it’s built to withstand the elements while maintaining its refined appearance season after season. The rectangular format works well with our porcelain, Dekton , or Micro Mesh tops, making it easy to coordinate with Marin seating and dining pieces. Whether used poolside or on a covered patio, this occasional table base adds practical surface space with a polished, coastal feel. Best for: • Outdoor coffee or accent tables • Rectangular tabletop applications • Coordinated lounge settings Fits: - 28x50"" (Porcelain or Micro Mesh) - 31x56"" (Dekton) - 36x58"" (Porcelain or Micro Mesh)","The Marin Occasional Table is a versatile option for outdoor living areas that need both function and style. Ideal as a coffee table or accent table, this base offers a low-profile design that enhances conversation areas without overwhelming the space. Made from durable aluminum, it’s built to withstand the elements while maintaining its refined appearance season after season. The rectangular format works well with our porcelain, Dekton , or Micro Mesh tops, making it easy to coordinate with Marin seating and dining pieces. Whether used poolside or on a covered patio, this occasional table base adds practical surface space with a polished, coastal feel. Best for: • Outdoor coffee or accent tables • Rectangular tabletop applications • Coordinated lounge settings Fits: - 28x50"" (Porcelain or Micro Mesh) - 31x56"" (Dekton) - 36x58"" (Porcelain or Micro Mesh)",Dining,cat-dining,Aluminum,aluminum,,,,,,,fixed,,,"{""collection"":""Marin"",""spec_sheet_pdf"":""https://www.owlee.com/collections/marin-aluminum-bases/marin-occasional-table-base/""}","[""o-w-lee"",""table-bases"",""made-in-usa""]",false,true,true,true,false,,171,0,true,2026-05-03 01:40:47.368914+00,2026-06-17 00:27:47.874+00,[],[],[],[],[],"[{""url"":""https://641bdd57-e650-4f10-a19f-628c07eb50b7-00-1e7i1aja8wnz9.worf.replit.dev/api/storage/objects/products/owlee-v2/37-OT05_Marin_Marin_05_Occasional_Table_Base.jpg"",""alt_text"":null,""is_primary"":true,""display_order"":0,""image_kind"":""gallery"",""variant_id"":null}]",[]
O.W. Lee,o-w-lee,2151,37-ST01,Table Bases Marin 01 Side Table Base,owlee-table-bases-marin-01-side-table-base-37-st01,"The Marin Side Table Base is designed to complement seating areas with understated elegance and versatile functionality. Its balanced proportions make it ideal for supporting square or round tabletops, whether placed beside a lounge chair, sectional, or chaise. Built from high-quality aluminum, this base offers exceptional durability without unnecessary weight, making it easy to reposition while remaining stable and secure. The Marin side table base pairs seamlessly with coordinating porcelain, Dekton, or micro mesh tops, allowing you to create a cohesive look across your outdoor space. With its coastal-inspired design and long-lasting construction, this base is a smart, stylish choice for everyday outdoor living. Best for: - Outdoor lounge and seating areas - Square or round side table tops - Coastal, contemporary, or transitional spaces Fits: - 24"" Round (Porcelain, Dekton, or Micro Mesh) - 24"" Square (Porcelain or Dekton) - 30"" Round (Porcelain or Micro Mesh)","The Marin Side Table Base is designed to complement seating areas with understated elegance and versatile functionality. Its balanced proportions make it ideal for supporting square or round tabletops, whether placed beside a lounge chair, sectional, or chaise. Built from high-quality aluminum, this base offers exceptional durability without unnecessary weight, making it easy to reposition while remaining stable and secure. The Marin side table base pairs seamlessly with coordinating porcelain, Dekton, or micro mesh tops, allowing you to create a cohesive look across your outdoor space. With its coastal-inspired design and long-lasting construction, this base is a smart, stylish choice for everyday outdoor living. Best for: - Outdoor lounge and seating areas - Square or round side table tops - Coastal, contemporary, or transitional spaces Fits: - 24"" Round (Porcelain, Dekton, or Micro Mesh) - 24"" Square (Porcelain or Dekton) - 30"" Round (Porcelain or Micro Mesh)",Dining,cat-dining,Aluminum,aluminum,,,,,,,fixed,,"H 19"" × W 17.75"" × D 17.75""","{""height_in"":""19"",""collection"":""Marin"",""weight_lbs"":""10 (pkg)"",""spec_sheet_pdf"":""https://www.owlee.com/collections/marin-aluminum-bases/marin-side-table-base/"",""depth_length_in"":""17.75"",""width_diameter_in"":""17.75""}","[""o-w-lee"",""table-bases"",""made-in-usa""]",false,true,true,true,false,,170,0,true,2026-05-03 01:40:47.365415+00,2026-06-17 00:27:47.866+00,[],[],[],[],[],"[{""url"":""https://641bdd57-e650-4f10-a19f-628c07eb50b7-00-1e7i1aja8wnz9.worf.replit.dev/api/storage/objects/products/owlee-v2/37-ST01_Marin_Marin_01_Side_Table_Base.jpg"",""alt_text"":null,""is_primary"":true,""display_order"":0,""image_kind"":""gallery"",""variant_id"":null}]",[]
O.W. Lee,o-w-lee,4932,37-ST20RD,Marin Side Table,owlee-marin-side-table-37-st20rd,"The Marin 20"" Round Porcelain Tile Aluminum Side Table brings refined coastal style and everyday functionality to outdoor lounge settings. Fully welded for strength and stability, this table is designed as a complete piece. Its clean lines and balanced proportions make it an easy companion to lounge chairs, sofas, and chaises. Crafted from durable aluminum, the Marin side table resists corrosion, moisture, and weather-related wear, making it especially well suited for outdoor and coastal environments. The porcelain tile top is engineered for long-lasting performance using a three-layer construction: a porcelain surface layer that resists heat, scratches, stains, and fading; a reinforced backing layer for added strength and impact resistance; and a protective bonding layer that securely fuses the tile to the aluminum frame. This multi-layer approach ensures exceptional durability, stability, and performance in outdoor conditions. Finished in your choice of O.W. Lee’s premium finishes and with your choice of porcelain tile, this table delivers long-lasting performance with a tailored, timeless look. Best for: • Outdoor lounge and seating areas • Poolside, patio, or covered outdoor spaces • Coordinated accent tables with Marin seating Features: • Fully welded aluminum construction for long-term durability • 20"" round porcelain tile top • Weather- and corrosion-resistant materials • Available in O.W. Lee’s wide range of finishes and tiles for a custom look that matches your style","The Marin 20"" Round Porcelain Tile Aluminum Side Table brings refined coastal style and everyday functionality to outdoor lounge settings. Fully welded for strength and stability, this table is designed as a complete piece. Its clean lines and balanced proportions make it an easy companion to lounge chairs, sofas, and chaises. Crafted from durable aluminum, the Marin side table resists corrosion, moisture, and weather-related wear, making it especially well suited for outdoor and coastal environments. The porcelain tile top is engineered for long-lasting performance using a three-layer construction: a porcelain surface layer that resists heat, scratches, stains, and fading; a reinforced backing layer for added strength and impact resistance; and a protective bonding layer that securely fuses the tile to the aluminum frame. This multi-layer approach ensures exceptional durability, stability, and performance in outdoor conditions. Finished in your choice of O.W. Lee’s premium finishes and with your choice of porcelain tile, this table delivers long-lasting performance with a tailored, timeless look. Best for: • Outdoor lounge and seating areas • Poolside, patio, or covered outdoor spaces • Coordinated accent tables with Marin seating Features: • Fully welded aluminum construction for long-term durability • 20"" round porcelain tile top • Weather- and corrosion-resistant materials • Available in O.W. Lee’s wide range of finishes and tiles for a custom look that matches your style",Dining,cat-dining,Aluminum,aluminum,,,,,,,fixed,25.00,"H 24.5"" × W 20"" × D 20""","{""height_in"":""24.5"",""collection"":""Marin"",""source_url"":""https://www.owlee.com/collections/marin/marin-side-table-table/"",""weight_lbs"":""25"",""depth_length_in"":""20"",""width_diameter_in"":""20""}","[""o-w-lee"",""tables-tops-bases"",""made-in-usa"",""quote-only""]",false,true,true,true,false,,97,0,true,2026-06-02 00:19:58.269203+00,2026-06-17 00:27:47.861+00,[],[],[],[],[],"[{""url"":""https://641bdd57-e650-4f10-a19f-628c07eb50b7-00-1e7i1aja8wnz9.worf.replit.dev/api/storage/objects/products/owlee-v2/37-ST20RD_Marin_Marin_Side_Table.jpg"",""alt_text"":null,""is_primary"":true,""display_order"":0,""image_kind"":""gallery"",""variant_id"":null}]",[]
O.W. Lee,o-w-lee,5197,37165-2S,Marin Love Seat,owlee-marin-love-seat-37165-2s,"The O.W. Lee Marin Love Seat offers intimate seating with nautical charm. Featuring a robust aluminum frame and plush cushions, this outdoor love seat combines modern luxury with the relaxed elegance of coastal living. O.W. Lee is renowned for its exceptional quality, supported by an industry-leading warranty. Our frames are covered by a 20-year structural warranty, and the finish is guaranteed against fading, blistering, and peeling for 5 years. Cushions and fabrics are also backed by a 5-year warranty. With a selection of 10 elegant frame finishes and over 100 fabric options, including 16 sling fabrics, customers can easily customize each piece to seamlessly complement their individual style.","The O.W. Lee Marin Love Seat offers intimate seating with nautical charm. Featuring a robust aluminum frame and plush cushions, this outdoor love seat combines modern luxury with the relaxed elegance of coastal living. O.W. Lee is renowned for its exceptional quality, supported by an industry-leading warranty. Our frames are covered by a 20-year structural warranty, and the finish is guaranteed against fading, blistering, and peeling for 5 years. Cushions and fabrics are also backed by a 5-year warranty. With a selection of 10 elegant frame finishes and over 100 fabric options, including 16 sling fabrics, customers can easily customize each piece to seamlessly complement their individual style.",Deep Seating,cat-deep-seating,Aluminum,aluminum,,,,,,,fixed,73.00,,"{""collection"":""Marin"",""weight_lbs"":""73"",""spec_sheet_pdf"":""https://www.owlee.com/wp-content/uploads/2025/12/Marin_Retail_SpecSheet_2026_37165-2S-Love-Seat.pdf""}","[""o-w-lee"",""marin"",""made-in-usa""]",false,true,true,true,false,,243,0,true,2026-06-17 00:26:09.544555+00,2026-06-17 00:27:47.787+00,[],[],[],[],[],"[{""url"":""https://641bdd57-e650-4f10-a19f-628c07eb50b7-00-1e7i1aja8wnz9.worf.replit.dev/api/storage/objects/products/owlee-v2/37165-2S_Marin_Love_Seat.jpg"",""alt_text"":null,""is_primary"":true,""display_order"":0,""image_kind"":""gallery"",""variant_id"":null}]",[]
O.W. Lee,o-w-lee,5198,37165-3S,Marin Sofa,owlee-marin-sofa-37165-3s,"The O.W. Lee Marin Sofa provides spacious, stylish seating inspired by contemporary coastal design. Built with a durable aluminum frame and deep cushions, this outdoor sofa brings modern nautical sophistication to patios, decks, and seaside terraces. O.W. Lee is renowned for its exceptional quality, supported by an industry-leading warranty. Our frames are covered by a 20-year structural warranty, and the finish is guaranteed against fading, blistering, and peeling for 5 years. Cushions and fabrics are also backed by a 5-year warranty. With a selection of 10 elegant frame finishes and over 100 fabric options, including 16 sling fabrics, customers can easily customize each piece to seamlessly complement their individual style.","The O.W. Lee Marin Sofa provides spacious, stylish seating inspired by contemporary coastal design. Built with a durable aluminum frame and deep cushions, this outdoor sofa brings modern nautical sophistication to patios, decks, and seaside terraces. O.W. Lee is renowned for its exceptional quality, supported by an industry-leading warranty. Our frames are covered by a 20-year structural warranty, and the finish is guaranteed against fading, blistering, and peeling for 5 years. Cushions and fabrics are also backed by a 5-year warranty. With a selection of 10 elegant frame finishes and over 100 fabric options, including 16 sling fabrics, customers can easily customize each piece to seamlessly complement their individual style.",Deep Seating,cat-deep-seating,Aluminum,aluminum,,,,,,,fixed,100.00,,"{""collection"":""Marin"",""weight_lbs"":""100"",""spec_sheet_pdf"":""https://www.owlee.com/wp-content/uploads/2025/12/Marin_Retail_SpecSheet_2026_37165-3S-Sofa.pdf""}","[""o-w-lee"",""marin"",""made-in-usa""]",false,true,true,true,false,,244,0,true,2026-06-17 00:26:09.548671+00,2026-06-17 00:27:47.792+00,[],[],[],[],[],"[{""url"":""https://641bdd57-e650-4f10-a19f-628c07eb50b7-00-1e7i1aja8wnz9.worf.replit.dev/api/storage/objects/products/owlee-v2/37165-3S_Marin_Sofa.jpg"",""alt_text"":null,""is_primary"":true,""display_order"":0,""image_kind"":""gallery"",""variant_id"":null}]",[]
O.W. Lee,o-w-lee,5195,37165-CC,Marin Lounge Chair,owlee-marin-lounge-chair-37165-cc,"The O.W. Lee Marin Lounge Chair embodies relaxed coastal sophistication. Its durable aluminum frame and cushioned seating make it a perfect outdoor lounge chair for patios, terraces, or poolside spaces with a modern nautical vibe. O.W. Lee is renowned for its exceptional quality, supported by an industry-leading warranty. Our frames are covered by a 20-year structural warranty, and the finish is guaranteed against fading, blistering, and peeling for 5 years. Cushions and fabrics are also backed by a 5-year warranty. With a selection of 10 elegant frame finishes and over 100 fabric options, including 16 sling fabrics, customers can easily customize each piece to seamlessly complement their individual style.","The O.W. Lee Marin Lounge Chair embodies relaxed coastal sophistication. Its durable aluminum frame and cushioned seating make it a perfect outdoor lounge chair for patios, terraces, or poolside spaces with a modern nautical vibe. O.W. Lee is renowned for its exceptional quality, supported by an industry-leading warranty. Our frames are covered by a 20-year structural warranty, and the finish is guaranteed against fading, blistering, and peeling for 5 years. Cushions and fabrics are also backed by a 5-year warranty. With a selection of 10 elegant frame finishes and over 100 fabric options, including 16 sling fabrics, customers can easily customize each piece to seamlessly complement their individual style.",Deep Seating,cat-deep-seating,Aluminum,aluminum,,,,,,,fixed,41.00,,"{""collection"":""Marin"",""weight_lbs"":""41"",""spec_sheet_pdf"":""https://www.owlee.com/wp-content/uploads/2025/12/Marin_Retail_SpecSheet_2026_37165-CC-Lounge-Chair.pdf""}","[""o-w-lee"",""marin"",""made-in-usa""]",false,true,true,true,false,,241,0,true,2026-06-17 00:26:09.534342+00,2026-06-17 00:27:47.775+00,[],[],[],[],[],"[{""url"":""https://641bdd57-e650-4f10-a19f-628c07eb50b7-00-1e7i1aja8wnz9.worf.replit.dev/api/storage/objects/products/owlee-v2/37165-CC_Marin_Lounge_Chair.jpg"",""alt_text"":null,""is_primary"":true,""display_order"":0,""image_kind"":""gallery"",""variant_id"":null}]",[]
O.W. Lee,o-w-lee,5196,37165-SR,Marin Swivel Rocker Lounge Chair,owlee-marin-swivel-rocker-lounge-chair-37165-sr,"The O.W. Lee Marin Swivel Rocker Lounge Chair blends motion, comfort, and coastal design. Crafted from weather-resistant aluminum with smooth swivel and gentle rocking motion, this outdoor lounge chair invites relaxation in seaside-inspired settings. O.W. Lee is renowned for its exceptional quality, supported by an industry-leading warranty. Our frames are covered by a 20-year structural warranty, and the finish is guaranteed against fading, blistering, and peeling for 5 years. Cushions and fabrics are also backed by a 5-year warranty. With a selection of 10 elegant frame finishes and over 100 fabric options, including 16 sling fabrics, customers can easily customize each piece to seamlessly complement their individual style.","The O.W. Lee Marin Swivel Rocker Lounge Chair blends motion, comfort, and coastal design. Crafted from weather-resistant aluminum with smooth swivel and gentle rocking motion, this outdoor lounge chair invites relaxation in seaside-inspired settings. O.W. Lee is renowned for its exceptional quality, supported by an industry-leading warranty. Our frames are covered by a 20-year structural warranty, and the finish is guaranteed against fading, blistering, and peeling for 5 years. Cushions and fabrics are also backed by a 5-year warranty. With a selection of 10 elegant frame finishes and over 100 fabric options, including 16 sling fabrics, customers can easily customize each piece to seamlessly complement their individual style.",Deep Seating,cat-deep-seating,Aluminum,aluminum,,,,,,,fixed,52.00,,"{""collection"":""Marin"",""weight_lbs"":""52"",""spec_sheet_pdf"":""https://www.owlee.com/wp-content/uploads/2025/12/Marin_Retail_SpecSheet_2026_37165-SR-Swivel-Rocker-Lounge-Chair.pdf""}","[""o-w-lee"",""marin"",""made-in-usa""]",false,true,true,true,false,,242,0,true,2026-06-17 00:26:09.540263+00,2026-06-17 00:27:47.781+00,[],[],[],[],[],"[{""url"":""https://641bdd57-e650-4f10-a19f-628c07eb50b7-00-1e7i1aja8wnz9.worf.replit.dev/api/storage/objects/products/owlee-v2/37165-SR_Marin_Swivel_Rocker_Lounge_Chair.jpg"",""alt_text"":null,""is_primary"":true,""display_order"":0,""image_kind"":""gallery"",""variant_id"":null}]",[]
O.W. Lee,o-w-lee,5199,37170-O,Marin Ottoman,owlee-marin-ottoman-37170-o,"The O.W. Lee Marin Ottoman complements seating in the collection while adding versatile comfort. Its sturdy aluminum frame and plush cushion make this outdoor patio ottoman perfect as a footrest or additional seating in relaxed, coastal-inspired settings. O.W. Lee is renowned for its exceptional quality, supported by an industry-leading warranty. Our frames are covered by a 20-year structural warranty, and the finish is guaranteed against fading, blistering, and peeling for 5 years. Cushions and fabrics are also backed by a 5-year warranty. With a selection of 10 elegant frame finishes and over 100 fabric options, including 16 sling fabrics, customers can easily customize each piece to seamlessly complement their individual style.","The O.W. Lee Marin Ottoman complements seating in the collection while adding versatile comfort. Its sturdy aluminum frame and plush cushion make this outdoor patio ottoman perfect as a footrest or additional seating in relaxed, coastal-inspired settings. O.W. Lee is renowned for its exceptional quality, supported by an industry-leading warranty. Our frames are covered by a 20-year structural warranty, and the finish is guaranteed against fading, blistering, and peeling for 5 years. Cushions and fabrics are also backed by a 5-year warranty. With a selection of 10 elegant frame finishes and over 100 fabric options, including 16 sling fabrics, customers can easily customize each piece to seamlessly complement their individual style.",Deep Seating,cat-deep-seating,Aluminum,aluminum,,,,,,,fixed,23.00,,"{""collection"":""Marin"",""weight_lbs"":""23"",""spec_sheet_pdf"":""https://www.owlee.com/wp-content/uploads/2025/12/Marin_Retail_SpecSheet_2026_37170-O-Ottoman.pdf""}","[""o-w-lee"",""marin"",""made-in-usa""]",false,true,true,true,false,,245,0,true,2026-06-17 00:26:09.553728+00,2026-06-17 00:27:47.796+00,[],[],[],[],[],"[{""url"":""https://641bdd57-e650-4f10-a19f-628c07eb50b7-00-1e7i1aja8wnz9.worf.replit.dev/api/storage/objects/products/owlee-v2/37170-O_Marin_Ottoman.jpg"",""alt_text"":null,""is_primary"":true,""display_order"":0,""image_kind"":""gallery"",""variant_id"":null}]",[]
O.W. Lee,o-w-lee,5203,37192-A,Marin Sling Dining Arm Chair,owlee-marin-sling-dining-arm-chair-37192-a,"The O.W. Lee Marin Sling Dining Arm Chair captures the relaxed charm of coastal living with clean-lined modern design. Crafted from durable aluminum and featuring supportive sling seating, this outdoor sling dining chair brings contemporary nautical elegance to patios, terraces, and poolside dining areas. O.W. Lee is renowned for its exceptional quality, supported by an industry-leading warranty. Our frames are covered by a 20-year structural warranty, and the finish is guaranteed against fading, blistering, and peeling for 5 years. Cushions and fabrics are also backed by a 5-year warranty. With a selection of 10 elegant frame finishes and over 100 fabric options, including 16 sling fabrics, customers can easily customize each piece to seamlessly complement their individual style.","The O.W. Lee Marin Sling Dining Arm Chair captures the relaxed charm of coastal living with clean-lined modern design. Crafted from durable aluminum and featuring supportive sling seating, this outdoor sling dining chair brings contemporary nautical elegance to patios, terraces, and poolside dining areas. O.W. Lee is renowned for its exceptional quality, supported by an industry-leading warranty. Our frames are covered by a 20-year structural warranty, and the finish is guaranteed against fading, blistering, and peeling for 5 years. Cushions and fabrics are also backed by a 5-year warranty. With a selection of 10 elegant frame finishes and over 100 fabric options, including 16 sling fabrics, customers can easily customize each piece to seamlessly complement their individual style.",Dining,cat-dining,Aluminum,aluminum,,,,,,,fixed,22.00,,"{""collection"":""Marin"",""weight_lbs"":""22"",""spec_sheet_pdf"":""https://www.owlee.com/wp-content/uploads/2025/03/Marin_Retail_SpecSheet_2025_Sling-Dining-Arm-Chair-37192-A.pdf""}","[""o-w-lee"",""marin"",""made-in-usa""]",false,true,true,true,false,,249,0,true,2026-06-17 00:26:09.571518+00,2026-06-17 00:27:47.815+00,[],[],[],[],[],"[{""url"":""https://641bdd57-e650-4f10-a19f-628c07eb50b7-00-1e7i1aja8wnz9.worf.replit.dev/api/storage/objects/products/owlee-v2/37192-A_Marin_Sling_Dining_Arm_Chair.jpg"",""alt_text"":null,""is_primary"":true,""display_order"":0,""image_kind"":""gallery"",""variant_id"":null}]",[]
O.W. Lee,o-w-lee,5206,37192-SR,Marin Sling Swivel Rocker Dining Arm Chair,owlee-marin-sling-swivel-rocker-dining-arm-chair-37192-sr,"The O.W. Lee Marin Sling Swivel Rocker Dining Arm Chair pairs beachy sophistication with functional movement. Its aluminum frame supports smooth swivel and gentle rocking motion, while the breathable sling seat provides comfort for long seaside-inspired meals or gatherings. O.W. Lee is renowned for its exceptional quality, supported by an industry-leading warranty. Our frames are covered by a 20-year structural warranty, and the finish is guaranteed against fading, blistering, and peeling for 5 years. Cushions and fabrics are also backed by a 5-year warranty. With a selection of 10 elegant frame finishes and over 100 fabric options, including 16 sling fabrics, customers can easily customize each piece to seamlessly complement their individual style.","The O.W. Lee Marin Sling Swivel Rocker Dining Arm Chair pairs beachy sophistication with functional movement. Its aluminum frame supports smooth swivel and gentle rocking motion, while the breathable sling seat provides comfort for long seaside-inspired meals or gatherings. O.W. Lee is renowned for its exceptional quality, supported by an industry-leading warranty. Our frames are covered by a 20-year structural warranty, and the finish is guaranteed against fading, blistering, and peeling for 5 years. Cushions and fabrics are also backed by a 5-year warranty. With a selection of 10 elegant frame finishes and over 100 fabric options, including 16 sling fabrics, customers can easily customize each piece to seamlessly complement their individual style.",Dining,cat-dining,Aluminum,aluminum,,,,,,,fixed,35.00,,"{""collection"":""Marin"",""weight_lbs"":""35"",""spec_sheet_pdf"":""https://www.owlee.com/wp-content/uploads/2025/12/Marin_Retail_SpecSheet_2026_37192-SR-Sling-Swivel-Rocker-Dining-Arm-Chair.pdf""}","[""o-w-lee"",""marin"",""made-in-usa""]",false,true,true,true,false,,252,0,true,2026-06-17 00:26:09.586973+00,2026-06-17 00:27:47.834+00,[],[],[],[],[],"[{""url"":""https://641bdd57-e650-4f10-a19f-628c07eb50b7-00-1e7i1aja8wnz9.worf.replit.dev/api/storage/objects/products/owlee-v2/37192-SR_Marin_Sling_Swivel_Rocker_Dining_Arm_Chair.jpg"",""alt_text"":null,""is_primary"":true,""display_order"":0,""image_kind"":""gallery"",""variant_id"":null}]",[]
O.W. Lee,o-w-lee,5204,37192P-A,Marin Padded Sling Dining Arm Chair,owlee-marin-padded-sling-dining-arm-chair-37192p-a,"The O.W. Lee Marin Padded Sling Dining Arm Chair combines coastal style with enhanced comfort. Featuring cushioned sling seating and a corrosion-resistant aluminum frame, this outdoor padded sling dining chair offers modern luxury with the relaxed feel of nautical design. O.W. Lee is renowned for its exceptional quality, supported by an industry-leading warranty. Our frames are covered by a 20-year structural warranty, and the finish is guaranteed against fading, blistering, and peeling for 5 years. Cushions and fabrics are also backed by a 5-year warranty. With a selection of 10 elegant frame finishes and over 100 fabric options, including 16 sling fabrics, customers can easily customize each piece to seamlessly complement their individual style.","The O.W. Lee Marin Padded Sling Dining Arm Chair combines coastal style with enhanced comfort. Featuring cushioned sling seating and a corrosion-resistant aluminum frame, this outdoor padded sling dining chair offers modern luxury with the relaxed feel of nautical design. O.W. Lee is renowned for its exceptional quality, supported by an industry-leading warranty. Our frames are covered by a 20-year structural warranty, and the finish is guaranteed against fading, blistering, and peeling for 5 years. Cushions and fabrics are also backed by a 5-year warranty. With a selection of 10 elegant frame finishes and over 100 fabric options, including 16 sling fabrics, customers can easily customize each piece to seamlessly complement their individual style.",Dining,cat-dining,Aluminum,aluminum,,,,,,,fixed,22.00,,"{""collection"":""Marin"",""weight_lbs"":""22"",""spec_sheet_pdf"":""https://www.owlee.com/wp-content/uploads/2025/03/Marin_Retail_SpecSheet_2025_Padded-Sling-Dining-Arm-37192P-A.pdf""}","[""o-w-lee"",""marin"",""made-in-usa""]",false,true,true,true,false,,250,0,true,2026-06-17 00:26:09.576438+00,2026-06-17 00:27:47.82+00,[],[],[],[],[],"[{""url"":""https://641bdd57-e650-4f10-a19f-628c07eb50b7-00-1e7i1aja8wnz9.worf.replit.dev/api/storage/objects/products/owlee-v2/37192P-A_Marin_Padded_Sling_Dining_Arm_Chair.jpg"",""alt_text"":null,""is_primary"":true,""display_order"":0,""image_kind"":""gallery"",""variant_id"":null}]",[]
O.W. Lee,o-w-lee,5207,37192P-SR,Marin Padded Sling Swivel Rocker Dining Arm Chair,owlee-marin-padded-sling-swivel-rocker-dining-arm-chair-37192p-sr,"The O.W. Lee Marin Padded Sling Swivel Rocker Dining Arm Chair brings motion, comfort, and seaside-inspired style together. Its durable aluminum frame and cushioned sling seat offer a gentle rocking and swivel experience, perfect for extended outdoor dining or lounging. O.W. Lee is renowned for its exceptional quality, supported by an industry-leading warranty. Our frames are covered by a 20-year structural warranty, and the finish is guaranteed against fading, blistering, and peeling for 5 years. Cushions and fabrics are also backed by a 5-year warranty. With a selection of 10 elegant frame finishes and over 100 fabric options, including 16 sling fabrics, customers can easily customize each piece to seamlessly complement their individual style.","The O.W. Lee Marin Padded Sling Swivel Rocker Dining Arm Chair brings motion, comfort, and seaside-inspired style together. Its durable aluminum frame and cushioned sling seat offer a gentle rocking and swivel experience, perfect for extended outdoor dining or lounging. O.W. Lee is renowned for its exceptional quality, supported by an industry-leading warranty. Our frames are covered by a 20-year structural warranty, and the finish is guaranteed against fading, blistering, and peeling for 5 years. Cushions and fabrics are also backed by a 5-year warranty. With a selection of 10 elegant frame finishes and over 100 fabric options, including 16 sling fabrics, customers can easily customize each piece to seamlessly complement their individual style.",Dining,cat-dining,Aluminum,aluminum,,,,,,,fixed,,,"{""collection"":""Marin"",""spec_sheet_pdf"":""https://www.owlee.com/wp-content/uploads/2025/12/Marin_Retail_SpecSheet_2026_37192P-SR-Padded-Sling-Swivel-Rocker-Dining-Arm-Chair.pdf""}","[""o-w-lee"",""marin"",""made-in-usa""]",false,true,true,true,false,,253,0,true,2026-06-17 00:26:09.591363+00,2026-06-17 00:27:47.845+00,[],[],[],[],[],"[{""url"":""https://641bdd57-e650-4f10-a19f-628c07eb50b7-00-1e7i1aja8wnz9.worf.replit.dev/api/storage/objects/products/owlee-v2/37192P-SR_Marin_Padded_Sling_Swivel_Rocker_Dining_Arm_Chair.jpg"",""alt_text"":null,""is_primary"":true,""display_order"":0,""image_kind"":""gallery"",""variant_id"":null}]",[]
O.W. Lee,o-w-lee,5200,37198-CH,Marin Sling Chaise Lounge Chair,owlee-marin-sling-chaise-lounge-chair-37198-ch,"The O.W. Lee Marin Sling Adjustable Chaise invites ultimate seaside relaxation. Its breathable sling seat and corrosion-resistant aluminum frame provide adjustable comfort, perfect for sunbathing, lounging, or enjoying waterfront outdoor spaces with modern coastal style. O.W. Lee is renowned for its exceptional quality, supported by an industry-leading warranty. Our frames are covered by a 20-year structural warranty, and the finish is guaranteed against fading, blistering, and peeling for 5 years. Cushions and fabrics are also backed by a 5-year warranty. With a selection of 10 elegant frame finishes and over 100 fabric options, including 16 sling fabrics, customers can easily customize each piece to seamlessly complement their individual style.","The O.W. Lee Marin Sling Adjustable Chaise invites ultimate seaside relaxation. Its breathable sling seat and corrosion-resistant aluminum frame provide adjustable comfort, perfect for sunbathing, lounging, or enjoying waterfront outdoor spaces with modern coastal style. O.W. Lee is renowned for its exceptional quality, supported by an industry-leading warranty. Our frames are covered by a 20-year structural warranty, and the finish is guaranteed against fading, blistering, and peeling for 5 years. Cushions and fabrics are also backed by a 5-year warranty. With a selection of 10 elegant frame finishes and over 100 fabric options, including 16 sling fabrics, customers can easily customize each piece to seamlessly complement their individual style.",Chaise Lounges,cat-chaise-lounges,Aluminum,aluminum,,,,,,,fixed,54.00,,"{""collection"":""Marin"",""weight_lbs"":""54"",""spec_sheet_pdf"":""https://www.owlee.com/wp-content/uploads/2025/12/Marin_Retail_SpecSheet_2026_65198-CHW-Sling-Chaise.pdf""}","[""o-w-lee"",""marin"",""made-in-usa""]",false,true,true,true,false,,246,0,true,2026-06-17 00:26:09.558737+00,2026-06-17 00:27:47.8+00,[],[],[],[],[],"[{""url"":""https://641bdd57-e650-4f10-a19f-628c07eb50b7-00-1e7i1aja8wnz9.worf.replit.dev/api/storage/objects/products/owlee-v2/37198-CH_Marin_Sling_Chaise_Lounge_Chair.jpg"",""alt_text"":null,""is_primary"":true,""display_order"":0,""image_kind"":""gallery"",""variant_id"":null}]",[]
O.W. Lee,o-w-lee,5202,3733-A,Marin Dining Arm Chair,owlee-marin-dining-arm-chair-3733-a,"The O.W. Lee Marin Dining Arm Chair blends contemporary lines with the breezy charm of coastal living. Built with a lightweight yet durable aluminum frame and comfortable seating, this outdoor dining arm chair is perfect for terraces, patios, and poolside dining. O.W. Lee is renowned for its exceptional quality, supported by an industry-leading warranty. Our frames are covered by a 20-year structural warranty, and the finish is guaranteed against fading, blistering, and peeling for 5 years. Cushions and fabrics are also backed by a 5-year warranty. With a selection of 10 elegant frame finishes and over 100 fabric options, including 16 sling fabrics, customers can easily customize each piece to seamlessly complement their individual style.","The O.W. Lee Marin Dining Arm Chair blends contemporary lines with the breezy charm of coastal living. Built with a lightweight yet durable aluminum frame and comfortable seating, this outdoor dining arm chair is perfect for terraces, patios, and poolside dining. O.W. Lee is renowned for its exceptional quality, supported by an industry-leading warranty. Our frames are covered by a 20-year structural warranty, and the finish is guaranteed against fading, blistering, and peeling for 5 years. Cushions and fabrics are also backed by a 5-year warranty. With a selection of 10 elegant frame finishes and over 100 fabric options, including 16 sling fabrics, customers can easily customize each piece to seamlessly complement their individual style.",Dining,cat-dining,Aluminum,aluminum,,,,,,,fixed,26.00,,"{""collection"":""Marin"",""weight_lbs"":""26"",""spec_sheet_pdf"":""https://www.owlee.com/wp-content/uploads/2025/12/Marin_Retail_SpecSheet_2026_3733-A-Dining-Arm-Chair.pdf""}","[""o-w-lee"",""marin"",""made-in-usa""]",false,true,true,true,false,,248,0,true,2026-06-17 00:26:09.567222+00,2026-06-17 00:27:47.811+00,[],[],[],[],[],"[{""url"":""https://641bdd57-e650-4f10-a19f-628c07eb50b7-00-1e7i1aja8wnz9.worf.replit.dev/api/storage/objects/products/owlee-v2/3733-A_Marin_Dining_Arm_Chair.jpg"",""alt_text"":null,""is_primary"":true,""display_order"":0,""image_kind"":""gallery"",""variant_id"":null}]",[]
O.W. Lee,o-w-lee,5209,3733-BS,Marin Armless Bar Stool,owlee-marin-armless-bar-stool-3733-bs,"The O.W. Lee Marin Armless Bar Stool brings sleek coastal style to elevated outdoor dining. Its durable aluminum frame and minimal design make it ideal for patios, terraces, or seaside bar areas, offering relaxed seating without sacrificing style. O.W. Lee is renowned for its exceptional quality, supported by an industry-leading warranty. Our frames are covered by a 20-year structural warranty, and the finish is guaranteed against fading, blistering, and peeling for 5 years. Cushions and fabrics are also backed by a 5-year warranty. With a selection of 10 elegant frame finishes and over 100 fabric options, including 16 sling fabrics, customers can easily customize each piece to seamlessly complement their individual style.","The O.W. Lee Marin Armless Bar Stool brings sleek coastal style to elevated outdoor dining. Its durable aluminum frame and minimal design make it ideal for patios, terraces, or seaside bar areas, offering relaxed seating without sacrificing style. O.W. Lee is renowned for its exceptional quality, supported by an industry-leading warranty. Our frames are covered by a 20-year structural warranty, and the finish is guaranteed against fading, blistering, and peeling for 5 years. Cushions and fabrics are also backed by a 5-year warranty. With a selection of 10 elegant frame finishes and over 100 fabric options, including 16 sling fabrics, customers can easily customize each piece to seamlessly complement their individual style.",Dining,cat-dining,Aluminum,aluminum,,,,,,,fixed,42.00,,"{""collection"":""Marin"",""weight_lbs"":""42"",""spec_sheet_pdf"":""https://www.owlee.com/wp-content/uploads/2025/12/Marin_Retail_SpecSheet_2026_3733-BS-Armless-Bar-Stool.pdf""}","[""o-w-lee"",""marin"",""made-in-usa""]",false,true,true,true,false,,255,0,true,2026-06-17 00:26:09.60551+00,2026-06-17 00:27:47.855+00,[],[],[],[],[],"[{""url"":""https://641bdd57-e650-4f10-a19f-628c07eb50b7-00-1e7i1aja8wnz9.worf.replit.dev/api/storage/objects/products/owlee-v2/3733-BS_Marin_Armless_Bar_Stool.jpg"",""alt_text"":null,""is_primary"":true,""display_order"":0,""image_kind"":""gallery"",""variant_id"":null}]",[]
O.W. Lee,o-w-lee,5208,3733-CS,Marin Armless Counter Stool,owlee-marin-armless-counter-stool-3733-cs,"The O.W. Lee Marin Armless Counter Stool brings sleek coastal style to elevated outdoor dining. Its durable aluminum frame and minimal design make it ideal for patios, terraces, or seaside bar areas, offering relaxed seating without sacrificing style. O.W. Lee is renowned for its exceptional quality, supported by an industry-leading warranty. Our frames are covered by a 20-year structural warranty, and the finish is guaranteed against fading, blistering, and peeling for 5 years. Cushions and fabrics are also backed by a 5-year warranty. With a selection of 10 elegant frame finishes and over 100 fabric options, including 16 sling fabrics, customers can easily customize each piece to seamlessly complement their individual style.","The O.W. Lee Marin Armless Counter Stool brings sleek coastal style to elevated outdoor dining. Its durable aluminum frame and minimal design make it ideal for patios, terraces, or seaside bar areas, offering relaxed seating without sacrificing style. O.W. Lee is renowned for its exceptional quality, supported by an industry-leading warranty. Our frames are covered by a 20-year structural warranty, and the finish is guaranteed against fading, blistering, and peeling for 5 years. Cushions and fabrics are also backed by a 5-year warranty. With a selection of 10 elegant frame finishes and over 100 fabric options, including 16 sling fabrics, customers can easily customize each piece to seamlessly complement their individual style.",Dining,cat-dining,Aluminum,aluminum,,,,,,,fixed,,,"{""collection"":""Marin"",""spec_sheet_pdf"":""https://www.owlee.com/wp-content/uploads/2025/12/Marin_Retail_SpecSheet_2026_3733-CS-Armless-Counter-Stool.pdf""}","[""o-w-lee"",""marin"",""made-in-usa""]",false,true,true,true,false,,254,0,true,2026-06-17 00:26:09.596617+00,2026-06-17 00:27:47.851+00,[],[],[],[],[],"[{""url"":""https://641bdd57-e650-4f10-a19f-628c07eb50b7-00-1e7i1aja8wnz9.worf.replit.dev/api/storage/objects/products/owlee-v2/3733-CS_Marin_Armless_Counter_Stool.jpg"",""alt_text"":null,""is_primary"":true,""display_order"":0,""image_kind"":""gallery"",""variant_id"":null}]",[]
O.W. Lee,o-w-lee,5201,3733-S,Marin Dining Side Chair,owlee-marin-dining-side-chair-3733-s,"The O.W. Lee Marin Dining Side Chair offers a minimalist, coastal-inspired profile with a strong aluminum frame and comfortable seating. Ideal for casual or formal outdoor dining, this outdoor side chair embodies relaxed, modern nautical elegance. O.W. Lee is renowned for its exceptional quality, supported by an industry-leading warranty. Our frames are covered by a 20-year structural warranty, and the finish is guaranteed against fading, blistering, and peeling for 5 years. Cushions and fabrics are also backed by a 5-year warranty. With a selection of 10 elegant frame finishes and over 100 fabric options, including 16 sling fabrics, customers can easily customize each piece to seamlessly complement their individual style.","The O.W. Lee Marin Dining Side Chair offers a minimalist, coastal-inspired profile with a strong aluminum frame and comfortable seating. Ideal for casual or formal outdoor dining, this outdoor side chair embodies relaxed, modern nautical elegance. O.W. Lee is renowned for its exceptional quality, supported by an industry-leading warranty. Our frames are covered by a 20-year structural warranty, and the finish is guaranteed against fading, blistering, and peeling for 5 years. Cushions and fabrics are also backed by a 5-year warranty. With a selection of 10 elegant frame finishes and over 100 fabric options, including 16 sling fabrics, customers can easily customize each piece to seamlessly complement their individual style.",Dining,cat-dining,Aluminum,aluminum,,,,,,,fixed,26.00,,"{""collection"":""Marin"",""weight_lbs"":""26"",""spec_sheet_pdf"":""https://www.owlee.com/wp-content/uploads/2025/12/Marin_Retail_SpecSheet_2026_3733-S-Dining-Side-Chair.pdf""}","[""o-w-lee"",""marin"",""made-in-usa""]",false,true,true,true,false,,247,0,true,2026-06-17 00:26:09.563158+00,2026-06-17 00:27:47.806+00,[],[],[],[],[],"[{""url"":""https://641bdd57-e650-4f10-a19f-628c07eb50b7-00-1e7i1aja8wnz9.worf.replit.dev/api/storage/objects/products/owlee-v2/3733-S_Marin_Dining_Side_Chair.jpg"",""alt_text"":null,""is_primary"":true,""display_order"":0,""image_kind"":""gallery"",""variant_id"":null}]",[]
O.W. Lee,o-w-lee,5205,3733-SR,Marin Swivel Rocker Dining Chair,owlee-marin-swivel-rocker-dining-chair-3733-sr,"The O.W. Lee Marin Swivel Rocker Dining Arm Chair offers functional coastal luxury. Featuring a smooth swivel and gentle rocking motion on a sturdy aluminum frame, this outdoor swivel dining chair enhances comfort while maintaining the collection’s modern nautical aesthetic. O.W. Lee is renowned for its exceptional quality, supported by an industry-leading warranty. Our frames are covered by a 20-year structural warranty, and the finish is guaranteed against fading, blistering, and peeling for 5 years. Cushions and fabrics are also backed by a 5-year warranty. With a selection of 10 elegant frame finishes and over 100 fabric options, including 16 sling fabrics, customers can easily customize each piece to seamlessly complement their individual style.","The O.W. Lee Marin Swivel Rocker Dining Arm Chair offers functional coastal luxury. Featuring a smooth swivel and gentle rocking motion on a sturdy aluminum frame, this outdoor swivel dining chair enhances comfort while maintaining the collection’s modern nautical aesthetic. O.W. Lee is renowned for its exceptional quality, supported by an industry-leading warranty. Our frames are covered by a 20-year structural warranty, and the finish is guaranteed against fading, blistering, and peeling for 5 years. Cushions and fabrics are also backed by a 5-year warranty. With a selection of 10 elegant frame finishes and over 100 fabric options, including 16 sling fabrics, customers can easily customize each piece to seamlessly complement their individual style.",Dining,cat-dining,Aluminum,aluminum,,,,,,,fixed,37.00,,"{""collection"":""Marin"",""weight_lbs"":""37"",""spec_sheet_pdf"":""https://www.owlee.com/wp-content/uploads/2025/12/Marin_Retail_SpecSheet_2026_3733-SR-Swivel-Rocker-Dining-Arm-Chair.pdf""}","[""o-w-lee"",""marin"",""made-in-usa""]",false,true,true,true,false,,251,0,true,2026-06-17 00:26:09.580951+00,2026-06-17 00:27:47.825+00,[],[],[],[],[],"[{""url"":""https://641bdd57-e650-4f10-a19f-628c07eb50b7-00-1e7i1aja8wnz9.worf.replit.dev/api/storage/objects/products/owlee-v2/3733-SR_Marin_Swivel_Rocker_Dining_Chair.jpg"",""alt_text"":null,""is_primary"":true,""display_order"":0,""image_kind"":""gallery"",""variant_id"":null}]",[]
O.W. Lee,o-w-lee,2039,404-A,Monterra Dining Arm Chair,owlee-monterra-dining-arm-chair-404-a,"The O.W. Lee Monterra Dining Arm Chair reflects the collection’s blend of Southwestern warmth and Mediterranean influence through handcrafted detail and rich texture. Its decorative wrought iron frame and supportive design create a timeless outdoor dining chair that brings Old World character to inviting outdoor dining spaces. O.W. Lee is renowned for its exceptional quality, supported by an industry-leading warranty. Our frames are covered by a 20-year structural warranty, and the finish is guaranteed against fading, blistering, and peeling for 5 years. Cushions and fabrics are also backed by a 5-year warranty. With a selection of 10 elegant frame finishes and over 100 fabric options, including 16 sling fabrics, customers can easily customize each piece to seamlessly complement their individual style.","The O.W. Lee Monterra Dining Arm Chair reflects the collection’s blend of Southwestern warmth and Mediterranean influence through handcrafted detail and rich texture. Its decorative wrought iron frame and supportive design create a timeless outdoor dining chair that brings Old World character to inviting outdoor dining spaces. O.W. Lee is renowned for its exceptional quality, supported by an industry-leading warranty. Our frames are covered by a 20-year structural warranty, and the finish is guaranteed against fading, blistering, and peeling for 5 years. Cushions and fabrics are also backed by a 5-year warranty. With a selection of 10 elegant frame finishes and over 100 fabric options, including 16 sling fabrics, customers can easily customize each piece to seamlessly complement their individual style.",Dining,cat-dining,Wrought Iron,wrought-iron,,,,,,,fixed,27.00,"H 39.25"" × W 29.75"" × D 26.75""","{""height_in"":""39.25"",""collection"":""Monterra"",""weight_lbs"":""27"",""arm_height_in"":""25"",""seat_height_in"":""19"",""spec_sheet_pdf"":""https://www.owlee.com/wp-content/uploads/2021/11/2026-Monterra_Retail_SpecSheet_404-A-Dining-Arm-Chair.pdf"",""depth_length_in"":""26.75"",""width_diameter_in"":""29.75""}","[""o-w-lee"",""monterra"",""made-in-usa""]",false,true,true,true,false,,16,0,true,2026-05-03 01:40:46.78738+00,2026-06-17 00:27:47.286+00,[],[],[],"[{""finish_id"":11,""item_number"":""TG68"",""name"":""Carbon Black"",""description"":""Frame Finish"",""collection"":null,""image_url"":""https://www.owlee.com/wp-content/uploads/2025/12/finishes_0001_TG68-Carbon-Black.jpg"",""display_order"":0},{""finish_id"":12,""item_number"":""SP50"",""name"":""Copper Creek"",""description"":""Frame Finish"",""collection"":null,""image_url"":""https://www.owlee.com/wp-content/uploads/2025/12/finishes_0004_SP50-Copper-Creek.jpg"",""display_order"":0},{""finish_id"":13,""item_number"":""SP42"",""name"":""Espresso"",""description"":""Frame Finish"",""collection"":null,""image_url"":""https://www.owlee.com/wp-content/uploads/2025/12/finishes_0005_SP42-Espresso.jpg"",""display_order"":0},{""finish_id"":14,""item_number"":""SP21"",""name"":""Graphite"",""description"":""Frame Finish"",""collection"":null,""image_url"":""https://www.owlee.com/wp-content/uploads/2025/12/finishes_0007_SP21-Graphite.jpg"",""display_order"":0},{""finish_id"":15,""item_number"":""SP11"",""name"":""Rosewood"",""description"":""Frame Finish"",""collection"":null,""image_url"":""https://www.owlee.com/wp-content/uploads/2025/12/finishes_0008_SP11-Rosewood.jpg"",""display_order"":0},{""finish_id"":16,""item_number"":""SP22"",""name"":""Sable"",""description"":""Frame Finish"",""collection"":null,""image_url"":""https://www.owlee.com/wp-content/uploads/2025/12/finishes_0006_SP22-Sable.jpg"",""display_order"":0},{""finish_id"":17,""item_number"":""AZ53"",""name"":""Sand Dollar"",""description"":""Frame Finish"",""collection"":null,""image_url"":""https://www.owlee.com/wp-content/uploads/2025/12/finishes_0009_AZ53-Sand-Dollar.jpg"",""display_order"":0},{""finish_id"":18,""item_number"":""TC20"",""name"":""Sandalwood"",""description"":""Frame Finish"",""collection"":null,""image_url"":""https://www.owlee.com/wp-content/uploads/2025/12/finishes_0003_TC20-Sandalwood.jpg"",""display_order"":0},{""finish_id"":19,""item_number"":""TG56"",""name"":""Shadow Grey"",""description"":""Frame Finish"",""collection"":null,""image_url"":""https://www.owlee.com/wp-content/uploads/2025/12/finishes_0002_TG56-Shadow-Grey.jpg"",""display_order"":0},{""finish_id"":20,""item_number"":""VT25"",""name"":""Velvet White"",""description"":""Frame Finish"",""collection"":null,""image_url"":""https://www.owlee.com/wp-content/uploads/2025/12/finishes_0000_VT25-Velvet-White.jpg"",""display_order"":0}]",[],"[{""url"":""https://641bdd57-e650-4f10-a19f-628c07eb50b7-00-1e7i1aja8wnz9.worf.replit.dev/api/storage/objects/products/owlee-v2/404-A_Monterra_Dining_Arm_Chair.jpg"",""alt_text"":null,""is_primary"":true,""display_order"":0,""image_kind"":""gallery"",""variant_id"":null}]",[]
O.W. Lee,o-w-lee,2042,404-SBS,Monterra Swivel Bar Stool With Arms,owlee-monterra-swivel-bar-stool-with-arms-404-sbs,"The O.W. Lee Monterra Swivel Bar Stool embodies Monterra’s Old World craftsmanship and textural richness. Its handcrafted wrought iron frame and smooth swivel function create a bar-height outdoor stool that blends rustic charm with lasting durability for outdoor entertaining areas. O.W. Lee is renowned for its exceptional quality, supported by an industry-leading warranty. Our frames are covered by a 20-year structural warranty, and the finish is guaranteed against fading, blistering, and peeling for 5 years. Cushions and fabrics are also backed by a 5-year warranty. With a selection of 10 elegant frame finishes and over 100 fabric options, including 16 sling fabrics, customers can easily customize each piece to seamlessly complement their individual style.","The O.W. Lee Monterra Swivel Bar Stool embodies Monterra’s Old World craftsmanship and textural richness. Its handcrafted wrought iron frame and smooth swivel function create a bar-height outdoor stool that blends rustic charm with lasting durability for outdoor entertaining areas. O.W. Lee is renowned for its exceptional quality, supported by an industry-leading warranty. Our frames are covered by a 20-year structural warranty, and the finish is guaranteed against fading, blistering, and peeling for 5 years. Cushions and fabrics are also backed by a 5-year warranty. With a selection of 10 elegant frame finishes and over 100 fabric options, including 16 sling fabrics, customers can easily customize each piece to seamlessly complement their individual style.",Dining,cat-dining,Wrought Iron,wrought-iron,,,,,,,fixed,50.00,"H 52.5"" × W 30"" × D 26""","{""height_in"":""52.5"",""collection"":""Monterra"",""weight_lbs"":""50"",""arm_height_in"":""39"",""seat_height_in"":""31.5"",""spec_sheet_pdf"":""https://www.owlee.com/wp-content/uploads/2021/11/2026-Monterra_Retail_SpecSheet_404-SBS-Swivel-Bar-Stool.pdf"",""depth_length_in"":""26"",""width_diameter_in"":""30""}","[""o-w-lee"",""monterra"",""made-in-usa""]",false,true,true,true,false,,19,0,true,2026-05-03 01:40:46.799292+00,2026-06-17 00:27:47.304+00,[],[],[],"[{""finish_id"":11,""item_number"":""TG68"",""name"":""Carbon Black"",""description"":""Frame Finish"",""collection"":null,""image_url"":""https://www.owlee.com/wp-content/uploads/2025/12/finishes_0001_TG68-Carbon-Black.jpg"",""display_order"":0},{""finish_id"":12,""item_number"":""SP50"",""name"":""Copper Creek"",""description"":""Frame Finish"",""collection"":null,""image_url"":""https://www.owlee.com/wp-content/uploads/2025/12/finishes_0004_SP50-Copper-Creek.jpg"",""display_order"":0},{""finish_id"":13,""item_number"":""SP42"",""name"":""Espresso"",""description"":""Frame Finish"",""collection"":null,""image_url"":""https://www.owlee.com/wp-content/uploads/2025/12/finishes_0005_SP42-Espresso.jpg"",""display_order"":0},{""finish_id"":14,""item_number"":""SP21"",""name"":""Graphite"",""description"":""Frame Finish"",""collection"":null,""image_url"":""https://www.owlee.com/wp-content/uploads/2025/12/finishes_0007_SP21-Graphite.jpg"",""display_order"":0},{""finish_id"":15,""item_number"":""SP11"",""name"":""Rosewood"",""description"":""Frame Finish"",""collection"":null,""image_url"":""https://www.owlee.com/wp-content/uploads/2025/12/finishes_0008_SP11-Rosewood.jpg"",""display_order"":0},{""finish_id"":16,""item_number"":""SP22"",""name"":""Sable"",""description"":""Frame Finish"",""collection"":null,""image_url"":""https://www.owlee.com/wp-content/uploads/2025/12/finishes_0006_SP22-Sable.jpg"",""display_order"":0},{""finish_id"":17,""item_number"":""AZ53"",""name"":""Sand Dollar"",""description"":""Frame Finish"",""collection"":null,""image_url"":""https://www.owlee.com/wp-content/uploads/2025/12/finishes_0009_AZ53-Sand-Dollar.jpg"",""display_order"":0},{""finish_id"":18,""item_number"":""TC20"",""name"":""Sandalwood"",""description"":""Frame Finish"",""collection"":null,""image_url"":""https://www.owlee.com/wp-content/uploads/2025/12/finishes_0003_TC20-Sandalwood.jpg"",""display_order"":0},{""finish_id"":19,""item_number"":""TG56"",""name"":""Shadow Grey"",""description"":""Frame Finish"",""collection"":null,""image_url"":""https://www.owlee.com/wp-content/uploads/2025/12/finishes_0002_TG56-Shadow-Grey.jpg"",""display_order"":0},{""finish_id"":20,""item_number"":""VT25"",""name"":""Velvet White"",""description"":""Frame Finish"",""collection"":null,""image_url"":""https://www.owlee.com/wp-content/uploads/2025/12/finishes_0000_VT25-Velvet-White.jpg"",""display_order"":0}]",[],"[{""url"":""https://641bdd57-e650-4f10-a19f-628c07eb50b7-00-1e7i1aja8wnz9.worf.replit.dev/api/storage/objects/products/owlee-v2/404-SBS_Monterra_Swivel_Bar_Stool_With_Arms.jpg"",""alt_text"":null,""is_primary"":true,""display_order"":0,""image_kind"":""gallery"",""variant_id"":null}]",[]
O.W. Lee,o-w-lee,2041,404-SCS,Monterra Swivel Counter Stool With Arms,owlee-monterra-swivel-counter-stool-with-arms-404-scs,"The O.W. Lee Monterra Swivel Counter Stool captures the collection’s earthy tones and artisanal appeal in an elevated seating design. Crafted from durable wrought iron with a smooth swivel motion, this outdoor counter-height stool provides comfortable, versatile seating with timeless Southwestern and Mediterranean character. O.W. Lee is renowned for its exceptional quality, supported by an industry-leading warranty. Our frames are covered by a 20-year structural warranty, and the finish is guaranteed against fading, blistering, and peeling for 5 years. Cushions and fabrics are also backed by a 5-year warranty. With a selection of 10 elegant frame finishes and over 100 fabric options, including 16 sling fabrics, customers can easily customize each piece to seamlessly complement their individual style.","The O.W. Lee Monterra Swivel Counter Stool captures the collection’s earthy tones and artisanal appeal in an elevated seating design. Crafted from durable wrought iron with a smooth swivel motion, this outdoor counter-height stool provides comfortable, versatile seating with timeless Southwestern and Mediterranean character. O.W. Lee is renowned for its exceptional quality, supported by an industry-leading warranty. Our frames are covered by a 20-year structural warranty, and the finish is guaranteed against fading, blistering, and peeling for 5 years. Cushions and fabrics are also backed by a 5-year warranty. With a selection of 10 elegant frame finishes and over 100 fabric options, including 16 sling fabrics, customers can easily customize each piece to seamlessly complement their individual style.",Dining,cat-dining,Wrought Iron,wrought-iron,,,,,,,fixed,50.00,"H 48"" × W 30"" × D 26.5""","{""height_in"":""48"",""collection"":""Monterra"",""weight_lbs"":""50"",""arm_height_in"":""34.75"",""seat_height_in"":""27.25"",""spec_sheet_pdf"":""https://www.owlee.com/wp-content/uploads/2021/11/2026-Monterra_Retail_SpecSheet_404-SCS-Swivel-Counter-Stool.pdf"",""depth_length_in"":""26.5"",""width_diameter_in"":""30""}","[""o-w-lee"",""monterra"",""made-in-usa""]",false,true,true,true,false,,18,0,true,2026-05-03 01:40:46.795812+00,2026-06-17 00:27:47.297+00,[],[],[],"[{""finish_id"":11,""item_number"":""TG68"",""name"":""Carbon Black"",""description"":""Frame Finish"",""collection"":null,""image_url"":""https://www.owlee.com/wp-content/uploads/2025/12/finishes_0001_TG68-Carbon-Black.jpg"",""display_order"":0},{""finish_id"":12,""item_number"":""SP50"",""name"":""Copper Creek"",""description"":""Frame Finish"",""collection"":null,""image_url"":""https://www.owlee.com/wp-content/uploads/2025/12/finishes_0004_SP50-Copper-Creek.jpg"",""display_order"":0},{""finish_id"":13,""item_number"":""SP42"",""name"":""Espresso"",""description"":""Frame Finish"",""collection"":null,""image_url"":""https://www.owlee.com/wp-content/uploads/2025/12/finishes_0005_SP42-Espresso.jpg"",""display_order"":0},{""finish_id"":14,""item_number"":""SP21"",""name"":""Graphite"",""description"":""Frame Finish"",""collection"":null,""image_url"":""https://www.owlee.com/wp-content/uploads/2025/12/finishes_0007_SP21-Graphite.jpg"",""display_order"":0},{""finish_id"":15,""item_number"":""SP11"",""name"":""Rosewood"",""description"":""Frame Finish"",""collection"":null,""image_url"":""https://www.owlee.com/wp-content/uploads/2025/12/finishes_0008_SP11-Rosewood.jpg"",""display_order"":0},{""finish_id"":16,""item_number"":""SP22"",""name"":""Sable"",""description"":""Frame Finish"",""collection"":null,""image_url"":""https://www.owlee.com/wp-content/uploads/2025/12/finishes_0006_SP22-Sable.jpg"",""display_order"":0},{""finish_id"":17,""item_number"":""AZ53"",""name"":""Sand Dollar"",""description"":""Frame Finish"",""collection"":null,""image_url"":""https://www.owlee.com/wp-content/uploads/2025/12/finishes_0009_AZ53-Sand-Dollar.jpg"",""display_order"":0},{""finish_id"":18,""item_number"":""TC20"",""name"":""Sandalwood"",""description"":""Frame Finish"",""collection"":null,""image_url"":""https://www.owlee.com/wp-content/uploads/2025/12/finishes_0003_TC20-Sandalwood.jpg"",""display_order"":0},{""finish_id"":19,""item_number"":""TG56"",""name"":""Shadow Grey"",""description"":""Frame Finish"",""collection"":null,""image_url"":""https://www.owlee.com/wp-content/uploads/2025/12/finishes_0002_TG56-Shadow-Grey.jpg"",""display_order"":0},{""finish_id"":20,""item_number"":""VT25"",""name"":""Velvet White"",""description"":""Frame Finish"",""collection"":null,""image_url"":""https://www.owlee.com/wp-content/uploads/2025/12/finishes_0000_VT25-Velvet-White.jpg"",""display_order"":0}]",[],"[{""url"":""https://641bdd57-e650-4f10-a19f-628c07eb50b7-00-1e7i1aja8wnz9.worf.replit.dev/api/storage/objects/products/owlee-v2/404-SCS_Monterra_Swivel_Counter_Stool_With_Arms.jpg"",""alt_text"":null,""is_primary"":true,""display_order"":0,""image_kind"":""gallery"",""variant_id"":null}]",[]
O.W. Lee,o-w-lee,2040,404-SR,Monterra Dining Swivel Rocker Arm Chair,owlee-monterra-dining-swivel-rocker-arm-chair-404-sr,"The O.W. Lee Monterra Swivel Rocker Dining Arm Chair combines classic craftsmanship with relaxed functionality inspired by traditional outdoor gathering spaces. Featuring a handcrafted wrought iron frame with smooth swivel and gentle rocking motion, this outdoor swivel dining chair offers comfort and rustic elegance at the table. O.W. Lee is renowned for its exceptional quality, supported by an industry-leading warranty. Our frames are covered by a 20-year structural warranty, and the finish is guaranteed against fading, blistering, and peeling for 5 years. Cushions and fabrics are also backed by a 5-year warranty. With a selection of 10 elegant frame finishes and over 100 fabric options, including 16 sling fabrics, customers can easily customize each piece to seamlessly complement their individual style.","The O.W. Lee Monterra Swivel Rocker Dining Arm Chair combines classic craftsmanship with relaxed functionality inspired by traditional outdoor gathering spaces. Featuring a handcrafted wrought iron frame with smooth swivel and gentle rocking motion, this outdoor swivel dining chair offers comfort and rustic elegance at the table. O.W. Lee is renowned for its exceptional quality, supported by an industry-leading warranty. Our frames are covered by a 20-year structural warranty, and the finish is guaranteed against fading, blistering, and peeling for 5 years. Cushions and fabrics are also backed by a 5-year warranty. With a selection of 10 elegant frame finishes and over 100 fabric options, including 16 sling fabrics, customers can easily customize each piece to seamlessly complement their individual style.",Dining,cat-dining,Wrought Iron,wrought-iron,,,,,,,fixed,44.00,"H 40.25"" × W 29.75"" × D 24.75""","{""height_in"":""40.25"",""collection"":""Monterra"",""weight_lbs"":""44"",""arm_height_in"":""24.75"",""seat_height_in"":""18.5"",""spec_sheet_pdf"":""https://www.owlee.com/wp-content/uploads/2021/11/2026-Monterra_Retail_SpecSheet_404-SR-Swivel-Rocker-Dining-Arm-Chair.pdf"",""depth_length_in"":""24.75"",""width_diameter_in"":""29.75""}","[""o-w-lee"",""monterra"",""made-in-usa""]",false,true,true,true,false,,17,0,true,2026-05-03 01:40:46.791065+00,2026-06-17 00:27:47.292+00,[],[],[],"[{""finish_id"":11,""item_number"":""TG68"",""name"":""Carbon Black"",""description"":""Frame Finish"",""collection"":null,""image_url"":""https://www.owlee.com/wp-content/uploads/2025/12/finishes_0001_TG68-Carbon-Black.jpg"",""display_order"":0},{""finish_id"":12,""item_number"":""SP50"",""name"":""Copper Creek"",""description"":""Frame Finish"",""collection"":null,""image_url"":""https://www.owlee.com/wp-content/uploads/2025/12/finishes_0004_SP50-Copper-Creek.jpg"",""display_order"":0},{""finish_id"":13,""item_number"":""SP42"",""name"":""Espresso"",""description"":""Frame Finish"",""collection"":null,""image_url"":""https://www.owlee.com/wp-content/uploads/2025/12/finishes_0005_SP42-Espresso.jpg"",""display_order"":0},{""finish_id"":14,""item_number"":""SP21"",""name"":""Graphite"",""description"":""Frame Finish"",""collection"":null,""image_url"":""https://www.owlee.com/wp-content/uploads/2025/12/finishes_0007_SP21-Graphite.jpg"",""display_order"":0},{""finish_id"":15,""item_number"":""SP11"",""name"":""Rosewood"",""description"":""Frame Finish"",""collection"":null,""image_url"":""https://www.owlee.com/wp-content/uploads/2025/12/finishes_0008_SP11-Rosewood.jpg"",""display_order"":0},{""finish_id"":16,""item_number"":""SP22"",""name"":""Sable"",""description"":""Frame Finish"",""collection"":null,""image_url"":""https://www.owlee.com/wp-content/uploads/2025/12/finishes_0006_SP22-Sable.jpg"",""display_order"":0},{""finish_id"":17,""item_number"":""AZ53"",""name"":""Sand Dollar"",""description"":""Frame Finish"",""collection"":null,""image_url"":""https://www.owlee.com/wp-content/uploads/2025/12/finishes_0009_AZ53-Sand-Dollar.jpg"",""display_order"":0},{""finish_id"":18,""item_number"":""TC20"",""name"":""Sandalwood"",""description"":""Frame Finish"",""collection"":null,""image_url"":""https://www.owlee.com/wp-content/uploads/2025/12/finishes_0003_TC20-Sandalwood.jpg"",""display_order"":0},{""finish_id"":19,""item_number"":""TG56"",""name"":""Shadow Grey"",""description"":""Frame Finish"",""collection"":null,""image_url"":""https://www.owlee.com/wp-content/uploads/2025/12/finishes_0002_TG56-Shadow-Grey.jpg"",""display_order"":0},{""finish_id"":20,""item_number"":""VT25"",""name"":""Velvet White"",""description"":""Frame Finish"",""collection"":null,""image_url"":""https://www.owlee.com/wp-content/uploads/2025/12/finishes_0000_VT25-Velvet-White.jpg"",""display_order"":0}]",[],"[{""url"":""https://641bdd57-e650-4f10-a19f-628c07eb50b7-00-1e7i1aja8wnz9.worf.replit.dev/api/storage/objects/products/owlee-v2/404-SR_Monterra_Dining_Swivel_Rocker_Arm_Chair.jpg"",""alt_text"":null,""is_primary"":true,""display_order"":0,""image_kind"":""gallery"",""variant_id"":null}]",[]
O.W. Lee,o-w-lee,2038,4120-O,Monterra Urban Scale Ottoman,owlee-monterra-urban-scale-ottoman-4120-o,"The O.W. Lee Monterra Urban Ottoman complements the collection’s scaled-down seating while adding versatile comfort. Our urban scale pieces are thoughtfully scaled down versions of our most popular designs, crafted to suit balconies, apartments, and other compact spaces—without compromising on comfort or quality. Featuring a handcrafted wrought iron frame and tailored cushion, it serves as a footrest or additional seating with timeless style. O.W. Lee is renowned for its exceptional quality, supported by an industry-leading warranty. Our frames are covered by a 20-year structural warranty, and the finish is guaranteed against fading, blistering, and peeling for 5 years. Cushions and fabrics are also backed by a 5-year warranty. With a selection of 10 elegant frame finishes and over 100 fabric options, including 16 sling fabrics, customers can easily customize each piece to seamlessly complement their individual style.","The O.W. Lee Monterra Urban Ottoman complements the collection’s scaled-down seating while adding versatile comfort. Our urban scale pieces are thoughtfully scaled down versions of our most popular designs, crafted to suit balconies, apartments, and other compact spaces—without compromising on comfort or quality. Featuring a handcrafted wrought iron frame and tailored cushion, it serves as a footrest or additional seating with timeless style. O.W. Lee is renowned for its exceptional quality, supported by an industry-leading warranty. Our frames are covered by a 20-year structural warranty, and the finish is guaranteed against fading, blistering, and peeling for 5 years. Cushions and fabrics are also backed by a 5-year warranty. With a selection of 10 elegant frame finishes and over 100 fabric options, including 16 sling fabrics, customers can easily customize each piece to seamlessly complement their individual style.",Deep Seating,cat-deep-seating,Wrought Iron,wrought-iron,,,,,,,fixed,26.00,"H 18.5"" × W 33.5"" × D 23""","{""height_in"":""18.5"",""collection"":""Monterra"",""weight_lbs"":""26"",""arm_height_in"":""—"",""seat_height_in"":""—"",""spec_sheet_pdf"":""https://www.owlee.com/wp-content/uploads/2021/11/2026-Monterra_Retail_SpecSheet_4120-O-Urban-Scale-Ottoman-1.pdf"",""depth_length_in"":""23"",""width_diameter_in"":""33.5""}","[""o-w-lee"",""monterra"",""made-in-usa""]",false,true,true,true,false,,15,0,true,2026-05-03 01:40:46.782676+00,2026-06-17 00:27:47.281+00,[],[],[],"[{""finish_id"":11,""item_number"":""TG68"",""name"":""Carbon Black"",""description"":""Frame Finish"",""collection"":null,""image_url"":""https://www.owlee.com/wp-content/uploads/2025/12/finishes_0001_TG68-Carbon-Black.jpg"",""display_order"":0},{""finish_id"":12,""item_number"":""SP50"",""name"":""Copper Creek"",""description"":""Frame Finish"",""collection"":null,""image_url"":""https://www.owlee.com/wp-content/uploads/2025/12/finishes_0004_SP50-Copper-Creek.jpg"",""display_order"":0},{""finish_id"":13,""item_number"":""SP42"",""name"":""Espresso"",""description"":""Frame Finish"",""collection"":null,""image_url"":""https://www.owlee.com/wp-content/uploads/2025/12/finishes_0005_SP42-Espresso.jpg"",""display_order"":0},{""finish_id"":14,""item_number"":""SP21"",""name"":""Graphite"",""description"":""Frame Finish"",""collection"":null,""image_url"":""https://www.owlee.com/wp-content/uploads/2025/12/finishes_0007_SP21-Graphite.jpg"",""display_order"":0},{""finish_id"":15,""item_number"":""SP11"",""name"":""Rosewood"",""description"":""Frame Finish"",""collection"":null,""image_url"":""https://www.owlee.com/wp-content/uploads/2025/12/finishes_0008_SP11-Rosewood.jpg"",""display_order"":0},{""finish_id"":16,""item_number"":""SP22"",""name"":""Sable"",""description"":""Frame Finish"",""collection"":null,""image_url"":""https://www.owlee.com/wp-content/uploads/2025/12/finishes_0006_SP22-Sable.jpg"",""display_order"":0},{""finish_id"":17,""item_number"":""AZ53"",""name"":""Sand Dollar"",""description"":""Frame Finish"",""collection"":null,""image_url"":""https://www.owlee.com/wp-content/uploads/2025/12/finishes_0009_AZ53-Sand-Dollar.jpg"",""display_order"":0},{""finish_id"":18,""item_number"":""TC20"",""name"":""Sandalwood"",""description"":""Frame Finish"",""collection"":null,""image_url"":""https://www.owlee.com/wp-content/uploads/2025/12/finishes_0003_TC20-Sandalwood.jpg"",""display_order"":0},{""finish_id"":19,""item_number"":""TG56"",""name"":""Shadow Grey"",""description"":""Frame Finish"",""collection"":null,""image_url"":""https://www.owlee.com/wp-content/uploads/2025/12/finishes_0002_TG56-Shadow-Grey.jpg"",""display_order"":0},{""finish_id"":20,""item_number"":""VT25"",""name"":""Velvet White"",""description"":""Frame Finish"",""collection"":null,""image_url"":""https://www.owlee.com/wp-content/uploads/2025/12/finishes_0000_VT25-Velvet-White.jpg"",""display_order"":0}]",[],"[{""url"":""https://641bdd57-e650-4f10-a19f-628c07eb50b7-00-1e7i1aja8wnz9.worf.replit.dev/api/storage/objects/products/owlee-v2/4120-O_Monterra_Urban_Scale_Ottoman.jpg"",""alt_text"":null,""is_primary"":true,""display_order"":0,""image_kind"":""gallery"",""variant_id"":null}]",[]
O.W. Lee,o-w-lee,2032,419-O,Monterra Ottoman,owlee-monterra-ottoman-419-o,"The O.W. Lee Monterra Ottoman complements seating in the collection with functional, stylish design. Featuring a sturdy wrought iron frame and tailored cushion, this outdoor ottoman can serve as a footrest or extra seating, enhancing patios or courtyards with Mediterranean-inspired charm. O.W. Lee is renowned for its exceptional quality, supported by an industry-leading warranty. Our frames are covered by a 20-year structural warranty, and the finish is guaranteed against fading, blistering, and peeling for 5 years. Cushions and fabrics are also backed by a 5-year warranty. With a selection of 10 elegant frame finishes and over 100 fabric options, including 16 sling fabrics, customers can easily customize each piece to seamlessly complement their individual style.","The O.W. Lee Monterra Ottoman complements seating in the collection with functional, stylish design. Featuring a sturdy wrought iron frame and tailored cushion, this outdoor ottoman can serve as a footrest or extra seating, enhancing patios or courtyards with Mediterranean-inspired charm. O.W. Lee is renowned for its exceptional quality, supported by an industry-leading warranty. Our frames are covered by a 20-year structural warranty, and the finish is guaranteed against fading, blistering, and peeling for 5 years. Cushions and fabrics are also backed by a 5-year warranty. With a selection of 10 elegant frame finishes and over 100 fabric options, including 16 sling fabrics, customers can easily customize each piece to seamlessly complement their individual style.",Deep Seating,cat-deep-seating,Wrought Iron,wrought-iron,1000.00,,,,,,fixed,,"H 18.5"" × W 36"" × D 26""","{""height_in"":""18.5"",""collection"":""Monterra"",""weight_lbs"":""39 (pkg)"",""arm_height_in"":""—"",""seat_height_in"":""—"",""spec_sheet_pdf"":""https://www.owlee.com/wp-content/uploads/2021/11/2026-Monterra_Retail_SpecSheet_419-O-Ottoman.pdf"",""depth_length_in"":""26"",""width_diameter_in"":""36""}","[""o-w-lee"",""monterra"",""made-in-usa""]",false,true,true,true,false,,9,0,true,2026-05-03 01:40:46.756764+00,2026-06-17 00:27:47.237+00,[],[],"[{""manufacturer_id"":11,""manufacturer"":""Sunbrella"",""manufacturer_slug"":""sunbrella""}]","[{""finish_id"":11,""item_number"":""TG68"",""name"":""Carbon Black"",""description"":""Frame Finish"",""collection"":null,""image_url"":""https://www.owlee.com/wp-content/uploads/2025/12/finishes_0001_TG68-Carbon-Black.jpg"",""display_order"":0},{""finish_id"":12,""item_number"":""SP50"",""name"":""Copper Creek"",""description"":""Frame Finish"",""collection"":null,""image_url"":""https://www.owlee.com/wp-content/uploads/2025/12/finishes_0004_SP50-Copper-Creek.jpg"",""display_order"":0},{""finish_id"":13,""item_number"":""SP42"",""name"":""Espresso"",""description"":""Frame Finish"",""collection"":null,""image_url"":""https://www.owlee.com/wp-content/uploads/2025/12/finishes_0005_SP42-Espresso.jpg"",""display_order"":0},{""finish_id"":14,""item_number"":""SP21"",""name"":""Graphite"",""description"":""Frame Finish"",""collection"":null,""image_url"":""https://www.owlee.com/wp-content/uploads/2025/12/finishes_0007_SP21-Graphite.jpg"",""display_order"":0},{""finish_id"":15,""item_number"":""SP11"",""name"":""Rosewood"",""description"":""Frame Finish"",""collection"":null,""image_url"":""https://www.owlee.com/wp-content/uploads/2025/12/finishes_0008_SP11-Rosewood.jpg"",""display_order"":0},{""finish_id"":16,""item_number"":""SP22"",""name"":""Sable"",""description"":""Frame Finish"",""collection"":null,""image_url"":""https://www.owlee.com/wp-content/uploads/2025/12/finishes_0006_SP22-Sable.jpg"",""display_order"":0},{""finish_id"":17,""item_number"":""AZ53"",""name"":""Sand Dollar"",""description"":""Frame Finish"",""collection"":null,""image_url"":""https://www.owlee.com/wp-content/uploads/2025/12/finishes_0009_AZ53-Sand-Dollar.jpg"",""display_order"":0},{""finish_id"":18,""item_number"":""TC20"",""name"":""Sandalwood"",""description"":""Frame Finish"",""collection"":null,""image_url"":""https://www.owlee.com/wp-content/uploads/2025/12/finishes_0003_TC20-Sandalwood.jpg"",""display_order"":0},{""finish_id"":19,""item_number"":""TG56"",""name"":""Shadow Grey"",""description"":""Frame Finish"",""collection"":null,""image_url"":""https://www.owlee.com/wp-content/uploads/2025/12/finishes_0002_TG56-Shadow-Grey.jpg"",""display_order"":0},{""finish_id"":20,""item_number"":""VT25"",""name"":""Velvet White"",""description"":""Frame Finish"",""collection"":null,""image_url"":""https://www.owlee.com/wp-content/uploads/2025/12/finishes_0000_VT25-Velvet-White.jpg"",""display_order"":0}]",[],"[{""url"":""https://641bdd57-e650-4f10-a19f-628c07eb50b7-00-1e7i1aja8wnz9.worf.replit.dev/api/storage/objects/products/owlee-v2/419-O_Monterra_Monterra_Ottoman.jpg"",""alt_text"":null,""is_primary"":true,""display_order"":0,""image_kind"":""gallery"",""variant_id"":null}]","[{""attribute_type"":""option"",""part_name"":null,""value"":""Cushion Fabric"",""display_order"":0}]"
O.W. Lee,o-w-lee,4917,42 Round Micro Mesh Top with Umbrella Hole,"42"" Round Micro Mesh Top with Umbrella Hole",owlee-42-round-micro-mesh-top-with-umbrella-hole-42-round-micro-mesh-top-with-umbrella-hole,"Part of the O.W. Lee Tables, Tops & Bases collection. Crafted in the USA, O.W. Lee pieces are built to order and sold exclusively through our showroom — contact a sales agent for pricing, finishes, and cushion options.","Tables, Tops & Bases collection · 42"" Round Micro Mesh Top with Umbrella Hole by O.W. Lee",Dining,cat-dining,,,,,,,,,fixed,,"W 42"" × D 42""","{""collection"":""Tables, Tops & Bases"",""source_url"":""https://www.owlee.com/collections/micro-mesh-table-tops/42-round-mesh-top-with-umbrella/"",""depth_length_in"":""42"",""width_diameter_in"":""42""}","[""o-w-lee"",""tables-tops-bases"",""made-in-usa"",""quote-only""]",false,true,true,true,false,,73,0,true,2026-06-02 00:19:54.179593+00,2026-06-02 00:19:54.179593+00,[],[],[],[],[],"[{""url"":""https://641bdd57-e650-4f10-a19f-628c07eb50b7-00-1e7i1aja8wnz9.worf.replit.dev/api/storage/objects/products/owlee/TABLES TOPS BASES - 42 ROUND MICRO MESH TOP WITH UMBRELLA HOLE.jpg"",""alt_text"":""42\"" Round Micro Mesh Top with Umbrella Hole"",""is_primary"":true,""display_order"":0,""image_kind"":""gallery"",""variant_id"":null}]",[]
O.W. Lee,o-w-lee,4918,42 Round Porcelain Table Top,"42"" Round Porcelain Table Top",owlee-42-round-porcelain-table-top-42-round-porcelain-table-top,"Part of the O.W. Lee Tables, Tops & Bases collection. Crafted in the USA, O.W. Lee pieces are built to order and sold exclusively through our showroom — contact a sales agent for pricing, finishes, and cushion options.","Tables, Tops & Bases collection · 42"" Round Porcelain Table Top by O.W. Lee",Dining,cat-dining,,,,,,,,,fixed,66.00,"W 42"" × D 42""","{""collection"":""Tables, Tops & Bases"",""source_url"":""https://www.owlee.com/collections/porcelain/42-round-porcelain-table-top/"",""weight_lbs"":""66"",""depth_length_in"":""42"",""width_diameter_in"":""42""}","[""o-w-lee"",""tables-tops-bases"",""made-in-usa"",""quote-only""]",false,true,true,true,false,,74,0,true,2026-06-02 00:19:54.331446+00,2026-06-02 00:19:54.331446+00,[],[],[],[],[],"[{""url"":""https://641bdd57-e650-4f10-a19f-628c07eb50b7-00-1e7i1aja8wnz9.worf.replit.dev/api/storage/objects/products/owlee/TABLES TOPS BASES - 42 ROUND PORCELAIN TABLE TOP.jpg"",""alt_text"":""42\"" Round Porcelain Table Top"",""is_primary"":true,""display_order"":0,""image_kind"":""gallery"",""variant_id"":null}]",[]
O.W. Lee,o-w-lee,4919,42 Square Micro Mesh Top with Umbrella Hole,"42"" Square Micro Mesh Top with Umbrella Hole",owlee-42-square-micro-mesh-top-with-umbrella-hole-42-square-micro-mesh-top-with-umbrella-hole,"Part of the O.W. Lee Tables, Tops & Bases collection. Crafted in the USA, O.W. Lee pieces are built to order and sold exclusively through our showroom — contact a sales agent for pricing, finishes, and cushion options.","Tables, Tops & Bases collection · 42"" Square Micro Mesh Top with Umbrella Hole by O.W. Lee",Dining,cat-dining,,,,,,,,,fixed,,"W 42"" × D 42""","{""collection"":""Tables, Tops & Bases"",""source_url"":""https://www.owlee.com/collections/micro-mesh-table-tops/42-square-mesh-top-with-umbrella/"",""depth_length_in"":""42"",""width_diameter_in"":""42""}","[""o-w-lee"",""tables-tops-bases"",""made-in-usa"",""quote-only""]",false,true,true,true,false,,75,0,true,2026-06-02 00:19:54.55657+00,2026-06-02 00:19:54.55657+00,[],[],[],[],[],"[{""url"":""https://641bdd57-e650-4f10-a19f-628c07eb50b7-00-1e7i1aja8wnz9.worf.replit.dev/api/storage/objects/products/owlee/TABLES TOPS BASES - 42 SQUARE MICRO MESH TOP WITH UMBRELLA HOLE.jpg"",""alt_text"":""42\"" Square Micro Mesh Top with Umbrella Hole"",""is_primary"":true,""display_order"":0,""image_kind"":""gallery"",""variant_id"":null}]",[]
O.W. Lee,o-w-lee,4920,42 Square Porcelain Table Top,"42"" Square Porcelain Table Top",owlee-42-square-porcelain-table-top-42-square-porcelain-table-top,"Part of the O.W. Lee Tables, Tops & Bases collection. Crafted in the USA, O.W. Lee pieces are built to order and sold exclusively through our showroom — contact a sales agent for pricing, finishes, and cushion options.","Tables, Tops & Bases collection · 42"" Square Porcelain Table Top by O.W. Lee",Dining,cat-dining,,,,,,,,,fixed,70.00,"W 42"" × D 42""","{""collection"":""Tables, Tops & Bases"",""source_url"":""https://www.owlee.com/collections/porcelain/42-square-porcelain-table-top/"",""weight_lbs"":""70"",""depth_length_in"":""42"",""width_diameter_in"":""42""}","[""o-w-lee"",""tables-tops-bases"",""made-in-usa"",""quote-only""]",false,true,true,true,false,,76,0,true,2026-06-02 00:19:54.834291+00,2026-06-02 00:19:54.834291+00,[],[],[],[],[],"[{""url"":""https://641bdd57-e650-4f10-a19f-628c07eb50b7-00-1e7i1aja8wnz9.worf.replit.dev/api/storage/objects/products/owlee/TABLES TOPS BASES - 42 SQUARE PORCELAIN TABLE TOP.jpg"",""alt_text"":""42\"" Square Porcelain Table Top"",""is_primary"":true,""display_order"":0,""image_kind"":""gallery"",""variant_id"":null}]",[]
O.W. Lee,o-w-lee,4921,42 x 120 Porcelain Table Top,"42"" x 120"" Porcelain Table Top",owlee-42-x-120-porcelain-table-top-42-x-120-porcelain-table-top,"Part of the O.W. Lee Tables, Tops & Bases collection. Crafted in the USA, O.W. Lee pieces are built to order and sold exclusively through our showroom — contact a sales agent for pricing, finishes, and cushion options.","Tables, Tops & Bases collection · 42"" x 120"" Porcelain Table Top by O.W. Lee",Dining,cat-dining,,,,,,,,,fixed,390.00,"H 1.5"" × W 42"" × D 120""","{""height_in"":""1.5"",""collection"":""Tables, Tops & Bases"",""source_url"":""https://www.owlee.com/collections/porcelain/42-inch-x-120-inch-porcelain-table-tops/"",""weight_lbs"":""390"",""depth_length_in"":""120"",""width_diameter_in"":""42""}","[""o-w-lee"",""tables-tops-bases"",""made-in-usa"",""quote-only""]",false,true,true,true,false,,77,0,true,2026-06-02 00:19:55.023778+00,2026-06-02 00:19:55.023778+00,[],[],[],[],[],"[{""url"":""https://641bdd57-e650-4f10-a19f-628c07eb50b7-00-1e7i1aja8wnz9.worf.replit.dev/api/storage/objects/products/owlee/TABLES TOPS BASES - 42 X 120 PORCELAIN TABLE TOP.jpg"",""alt_text"":""42\"" x 120\"" Porcelain Table Top"",""is_primary"":true,""display_order"":0,""image_kind"":""gallery"",""variant_id"":null}]",[]
O.W. Lee,o-w-lee,4922,42 x 72 Porcelain Table Top,"42"" x 72"" Porcelain Table Top",owlee-42-x-72-porcelain-table-top-42-x-72-porcelain-table-top,"Part of the O.W. Lee Tables, Tops & Bases collection. Crafted in the USA, O.W. Lee pieces are built to order and sold exclusively through our showroom — contact a sales agent for pricing, finishes, and cushion options.","Tables, Tops & Bases collection · 42"" x 72"" Porcelain Table Top by O.W. Lee",Dining,cat-dining,,,,,,,,,fixed,150.00,"W 42"" × D 72""","{""collection"":""Tables, Tops & Bases"",""source_url"":""https://www.owlee.com/collections/porcelain/42-x-72-porcelain-table-top/"",""weight_lbs"":""150"",""depth_length_in"":""72"",""width_diameter_in"":""42""}","[""o-w-lee"",""tables-tops-bases"",""made-in-usa"",""quote-only""]",false,true,true,true,false,,78,0,true,2026-06-02 00:19:55.148574+00,2026-06-02 00:19:55.148574+00,[],[],[],[],[],"[{""url"":""https://641bdd57-e650-4f10-a19f-628c07eb50b7-00-1e7i1aja8wnz9.worf.replit.dev/api/storage/objects/products/owlee/TABLES TOPS BASES - 42 X 72 PORCELAIN TABLE TOP.jpg"",""alt_text"":""42\"" x 72\"" Porcelain Table Top"",""is_primary"":true,""display_order"":0,""image_kind"":""gallery"",""variant_id"":null}]",[]
O.W. Lee,o-w-lee,4923,42 x 84 Micro Mesh Top with Umbrella Hole,"42"" x 84"" Micro Mesh Top with Umbrella Hole",owlee-42-x-84-micro-mesh-top-with-umbrella-hole-42-x-84-micro-mesh-top-with-umbrella-hole,"Part of the O.W. Lee Tables, Tops & Bases collection. Crafted in the USA, O.W. Lee pieces are built to order and sold exclusively through our showroom — contact a sales agent for pricing, finishes, and cushion options.","Tables, Tops & Bases collection · 42"" x 84"" Micro Mesh Top with Umbrella Hole by O.W. Lee",Dining,cat-dining,,,,,,,,,fixed,,"W 42"" × D 84""","{""collection"":""Tables, Tops & Bases"",""source_url"":""https://www.owlee.com/collections/micro-mesh-table-tops/42-x-84-square-mesh-top-with-umbrella/"",""depth_length_in"":""84"",""width_diameter_in"":""42""}","[""o-w-lee"",""tables-tops-bases"",""made-in-usa"",""quote-only""]",false,true,true,true,false,,79,0,true,2026-06-02 00:19:55.370699+00,2026-06-02 00:19:55.370699+00,[],[],[],[],[],"[{""url"":""https://641bdd57-e650-4f10-a19f-628c07eb50b7-00-1e7i1aja8wnz9.worf.replit.dev/api/storage/objects/products/owlee/TABLES TOPS BASES - 42 X 84 MICRO MESH TOP WITH UMBRELLA HOLE.jpg"",""alt_text"":""42\"" x 84\"" Micro Mesh Top with Umbrella Hole"",""is_primary"":true,""display_order"":0,""image_kind"":""gallery"",""variant_id"":null}]",[]
O.W. Lee,o-w-lee,4924,42 x 84 Porcelain Table Top,"42"" x 84"" Porcelain Table Top",owlee-42-x-84-porcelain-table-top-42-x-84-porcelain-table-top,"Part of the O.W. Lee Tables, Tops & Bases collection. Crafted in the USA, O.W. Lee pieces are built to order and sold exclusively through our showroom — contact a sales agent for pricing, finishes, and cushion options.","Tables, Tops & Bases collection · 42"" x 84"" Porcelain Table Top by O.W. Lee",Dining,cat-dining,,,,,,,,,fixed,170.00,"W 42"" × D 84""","{""collection"":""Tables, Tops & Bases"",""source_url"":""https://www.owlee.com/collections/porcelain/42-x-84-porcelain-table-top/"",""weight_lbs"":""170"",""depth_length_in"":""84"",""width_diameter_in"":""42""}","[""o-w-lee"",""tables-tops-bases"",""made-in-usa"",""quote-only""]",false,true,true,true,false,,80,0,true,2026-06-02 00:19:56.582865+00,2026-06-02 00:19:56.582865+00,[],[],[],[],[],"[{""url"":""https://641bdd57-e650-4f10-a19f-628c07eb50b7-00-1e7i1aja8wnz9.worf.replit.dev/api/storage/objects/products/owlee/TABLES TOPS BASES - 42 X 84 PORCELAIN TABLE TOP.jpg"",""alt_text"":""42\"" x 84\"" Porcelain Table Top"",""is_primary"":true,""display_order"":0,""image_kind"":""gallery"",""variant_id"":null}]",[]
O.W. Lee,o-w-lee,2023,421-CC,Monterra Lounge Chair,owlee-monterra-lounge-chair-421-cc,"The O.W. Lee Monterra Lounge Chair showcases the collection’s rustic Southwestern and Mediterranean influences with handcrafted detailing and rich textural appeal. Its durable wrought iron frame and plush cushions create a timeless outdoor lounge chair ideal for patios and courtyard seating areas. O.W. Lee is renowned for its exceptional quality, supported by an industry-leading warranty. Our frames are covered by a 20-year structural warranty, and the finish is guaranteed against fading, blistering, and peeling for 5 years. Cushions and fabrics are also backed by a 5-year warranty. With a selection of 10 elegant frame finishes and over 100 fabric options, including 16 sling fabrics, customers can easily customize each piece to seamlessly complement their individual style.","The O.W. Lee Monterra Lounge Chair showcases the collection’s rustic Southwestern and Mediterranean influences with handcrafted detailing and rich textural appeal. Its durable wrought iron frame and plush cushions create a timeless outdoor lounge chair ideal for patios and courtyard seating areas. O.W. Lee is renowned for its exceptional quality, supported by an industry-leading warranty. Our frames are covered by a 20-year structural warranty, and the finish is guaranteed against fading, blistering, and peeling for 5 years. Cushions and fabrics are also backed by a 5-year warranty. With a selection of 10 elegant frame finishes and over 100 fabric options, including 16 sling fabrics, customers can easily customize each piece to seamlessly complement their individual style.",Deep Seating,cat-deep-seating,Wrought Iron,wrought-iron,1500.00,,,,,,fixed,80.00,"H 43.75"" × W 42.75"" × D 38.5""","{""height_in"":""43.75"",""collection"":""Monterra"",""weight_lbs"":""80"",""arm_height_in"":""25.25"",""seat_height_in"":""20"",""spec_sheet_pdf"":""https://www.owlee.com/wp-content/uploads/2021/11/2026-Monterra_Retail_SpecSheet_421-CC-Lounge-Chair.pdf"",""depth_length_in"":""38.5"",""width_diameter_in"":""42.75""}","[""o-w-lee"",""monterra"",""made-in-usa""]",false,true,true,true,false,,0,0,true,2026-05-03 01:40:46.712222+00,2026-06-17 00:27:47.175+00,[],[],"[{""manufacturer_id"":11,""manufacturer"":""Sunbrella"",""manufacturer_slug"":""sunbrella""}]","[{""finish_id"":11,""item_number"":""TG68"",""name"":""Carbon Black"",""description"":""Frame Finish"",""collection"":null,""image_url"":""https://www.owlee.com/wp-content/uploads/2025/12/finishes_0001_TG68-Carbon-Black.jpg"",""display_order"":0},{""finish_id"":12,""item_number"":""SP50"",""name"":""Copper Creek"",""description"":""Frame Finish"",""collection"":null,""image_url"":""https://www.owlee.com/wp-content/uploads/2025/12/finishes_0004_SP50-Copper-Creek.jpg"",""display_order"":0},{""finish_id"":13,""item_number"":""SP42"",""name"":""Espresso"",""description"":""Frame Finish"",""collection"":null,""image_url"":""https://www.owlee.com/wp-content/uploads/2025/12/finishes_0005_SP42-Espresso.jpg"",""display_order"":0},{""finish_id"":14,""item_number"":""SP21"",""name"":""Graphite"",""description"":""Frame Finish"",""collection"":null,""image_url"":""https://www.owlee.com/wp-content/uploads/2025/12/finishes_0007_SP21-Graphite.jpg"",""display_order"":0},{""finish_id"":15,""item_number"":""SP11"",""name"":""Rosewood"",""description"":""Frame Finish"",""collection"":null,""image_url"":""https://www.owlee.com/wp-content/uploads/2025/12/finishes_0008_SP11-Rosewood.jpg"",""display_order"":0},{""finish_id"":16,""item_number"":""SP22"",""name"":""Sable"",""description"":""Frame Finish"",""collection"":null,""image_url"":""https://www.owlee.com/wp-content/uploads/2025/12/finishes_0006_SP22-Sable.jpg"",""display_order"":0},{""finish_id"":17,""item_number"":""AZ53"",""name"":""Sand Dollar"",""description"":""Frame Finish"",""collection"":null,""image_url"":""https://www.owlee.com/wp-content/uploads/2025/12/finishes_0009_AZ53-Sand-Dollar.jpg"",""display_order"":0},{""finish_id"":18,""item_number"":""TC20"",""name"":""Sandalwood"",""description"":""Frame Finish"",""collection"":null,""image_url"":""https://www.owlee.com/wp-content/uploads/2025/12/finishes_0003_TC20-Sandalwood.jpg"",""display_order"":0},{""finish_id"":19,""item_number"":""TG56"",""name"":""Shadow Grey"",""description"":""Frame Finish"",""collection"":null,""image_url"":""https://www.owlee.com/wp-content/uploads/2025/12/finishes_0002_TG56-Shadow-Grey.jpg"",""display_order"":0},{""finish_id"":20,""item_number"":""VT25"",""name"":""Velvet White"",""description"":""Frame Finish"",""collection"":null,""image_url"":""https://www.owlee.com/wp-content/uploads/2025/12/finishes_0000_VT25-Velvet-White.jpg"",""display_order"":0}]",[],"[{""url"":""https://641bdd57-e650-4f10-a19f-628c07eb50b7-00-1e7i1aja8wnz9.worf.replit.dev/api/storage/objects/products/owlee-v2/421-CC_Monterra_Monterra_Lounge_Chair.jpg"",""alt_text"":null,""is_primary"":true,""display_order"":0,""image_kind"":""gallery"",""variant_id"":null}]","[{""attribute_type"":""option"",""part_name"":null,""value"":""Cushion Fabric"",""display_order"":0}]"
O.W. Lee,o-w-lee,2024,421-SB,Monterra Spring Base Lounge Chair,owlee-monterra-spring-base-lounge-chair-421-sb,"The O.W. Lee Monterra Spring Base Lounge Chair combines Old World craftsmanship with responsive seating. Its handcrafted wrought iron frame and spring-supported seat provide both comfort and a subtle, refined bounce, making this outdoor lounge chair a sophisticated choice for relaxed outdoor living. O.W. Lee is renowned for its exceptional quality, supported by an industry-leading warranty. Our frames are covered by a 20-year structural warranty, and the finish is guaranteed against fading, blistering, and peeling for 5 years. Cushions and fabrics are also backed by a 5-year warranty. With a selection of 10 elegant frame finishes and over 100 fabric options, including 16 sling fabrics, customers can easily customize each piece to seamlessly complement their individual style.","The O.W. Lee Monterra Spring Base Lounge Chair combines Old World craftsmanship with responsive seating. Its handcrafted wrought iron frame and spring-supported seat provide both comfort and a subtle, refined bounce, making this outdoor lounge chair a sophisticated choice for relaxed outdoor living. O.W. Lee is renowned for its exceptional quality, supported by an industry-leading warranty. Our frames are covered by a 20-year structural warranty, and the finish is guaranteed against fading, blistering, and peeling for 5 years. Cushions and fabrics are also backed by a 5-year warranty. With a selection of 10 elegant frame finishes and over 100 fabric options, including 16 sling fabrics, customers can easily customize each piece to seamlessly complement their individual style.",Deep Seating,cat-deep-seating,Wrought Iron,wrought-iron,,,,,,,fixed,,"H 44"" × W 42.5"" × D 38""","{""height_in"":""44"",""collection"":""Monterra"",""weight_lbs"":""92 (pkg)"",""arm_height_in"":""25.5"",""seat_height_in"":""19.5"",""spec_sheet_pdf"":""https://www.owlee.com/wp-content/uploads/2021/11/2026-Monterra_Retail_SpecSheet_421-SB-Spring-Base-Lounge-Chair.pdf"",""depth_length_in"":""38"",""width_diameter_in"":""42.5""}","[""o-w-lee"",""monterra"",""made-in-usa""]",false,true,true,true,false,,1,0,true,2026-05-03 01:40:46.720496+00,2026-06-17 00:27:47.19+00,[],[],[],"[{""finish_id"":11,""item_number"":""TG68"",""name"":""Carbon Black"",""description"":""Frame Finish"",""collection"":null,""image_url"":""https://www.owlee.com/wp-content/uploads/2025/12/finishes_0001_TG68-Carbon-Black.jpg"",""display_order"":0},{""finish_id"":12,""item_number"":""SP50"",""name"":""Copper Creek"",""description"":""Frame Finish"",""collection"":null,""image_url"":""https://www.owlee.com/wp-content/uploads/2025/12/finishes_0004_SP50-Copper-Creek.jpg"",""display_order"":0},{""finish_id"":13,""item_number"":""SP42"",""name"":""Espresso"",""description"":""Frame Finish"",""collection"":null,""image_url"":""https://www.owlee.com/wp-content/uploads/2025/12/finishes_0005_SP42-Espresso.jpg"",""display_order"":0},{""finish_id"":14,""item_number"":""SP21"",""name"":""Graphite"",""description"":""Frame Finish"",""collection"":null,""image_url"":""https://www.owlee.com/wp-content/uploads/2025/12/finishes_0007_SP21-Graphite.jpg"",""display_order"":0},{""finish_id"":15,""item_number"":""SP11"",""name"":""Rosewood"",""description"":""Frame Finish"",""collection"":null,""image_url"":""https://www.owlee.com/wp-content/uploads/2025/12/finishes_0008_SP11-Rosewood.jpg"",""display_order"":0},{""finish_id"":16,""item_number"":""SP22"",""name"":""Sable"",""description"":""Frame Finish"",""collection"":null,""image_url"":""https://www.owlee.com/wp-content/uploads/2025/12/finishes_0006_SP22-Sable.jpg"",""display_order"":0},{""finish_id"":17,""item_number"":""AZ53"",""name"":""Sand Dollar"",""description"":""Frame Finish"",""collection"":null,""image_url"":""https://www.owlee.com/wp-content/uploads/2025/12/finishes_0009_AZ53-Sand-Dollar.jpg"",""display_order"":0},{""finish_id"":18,""item_number"":""TC20"",""name"":""Sandalwood"",""description"":""Frame Finish"",""collection"":null,""image_url"":""https://www.owlee.com/wp-content/uploads/2025/12/finishes_0003_TC20-Sandalwood.jpg"",""display_order"":0},{""finish_id"":19,""item_number"":""TG56"",""name"":""Shadow Grey"",""description"":""Frame Finish"",""collection"":null,""image_url"":""https://www.owlee.com/wp-content/uploads/2025/12/finishes_0002_TG56-Shadow-Grey.jpg"",""display_order"":0},{""finish_id"":20,""item_number"":""VT25"",""name"":""Velvet White"",""description"":""Frame Finish"",""collection"":null,""image_url"":""https://www.owlee.com/wp-content/uploads/2025/12/finishes_0000_VT25-Velvet-White.jpg"",""display_order"":0}]",[],"[{""url"":""https://641bdd57-e650-4f10-a19f-628c07eb50b7-00-1e7i1aja8wnz9.worf.replit.dev/api/storage/objects/products/owlee-v2/421-SB_Monterra_Monterra_Spring_Base_Lounge_Chair.jpg"",""alt_text"":null,""is_primary"":true,""display_order"":0,""image_kind"":""gallery"",""variant_id"":null}]",[]
O.W. Lee,o-w-lee,2025,421-SR,Monterra Swivel Rocker Lounge Chair,owlee-monterra-swivel-rocker-lounge-chair-421-sr,"The O.W. Lee Monterra Swivel Rocker Lounge Chair brings Mediterranean elegance to outdoor entertaining with added motion. Featuring a handcrafted wrought iron frame with smooth swivel and gentle rocking action, this outdoor swivel lounge chair delivers comfort, durability, and timeless rustic charm. O.W. Lee is renowned for its exceptional quality, supported by an industry-leading warranty. Our frames are covered by a 20-year structural warranty, and the finish is guaranteed against fading, blistering, and peeling for 5 years. Cushions and fabrics are also backed by a 5-year warranty. With a selection of 10 elegant frame finishes and over 100 fabric options, including 16 sling fabrics, customers can easily customize each piece to seamlessly complement their individual style.","The O.W. Lee Monterra Swivel Rocker Lounge Chair brings Mediterranean elegance to outdoor entertaining with added motion. Featuring a handcrafted wrought iron frame with smooth swivel and gentle rocking action, this outdoor swivel lounge chair delivers comfort, durability, and timeless rustic charm. O.W. Lee is renowned for its exceptional quality, supported by an industry-leading warranty. Our frames are covered by a 20-year structural warranty, and the finish is guaranteed against fading, blistering, and peeling for 5 years. Cushions and fabrics are also backed by a 5-year warranty. With a selection of 10 elegant frame finishes and over 100 fabric options, including 16 sling fabrics, customers can easily customize each piece to seamlessly complement their individual style.",Deep Seating,cat-deep-seating,Wrought Iron,wrought-iron,,,,,,,fixed,,"H 44.5"" × W 42.5"" × D 37.75""","{""height_in"":""44.5"",""collection"":""Monterra"",""weight_lbs"":""94 (pkg)"",""arm_height_in"":""25"",""seat_height_in"":""19.5"",""spec_sheet_pdf"":""https://www.owlee.com/wp-content/uploads/2021/11/2026-Monterra_Retail_SpecSheet_421-SR-Swivel-Rocker-Lounge-Chair.pdf"",""depth_length_in"":""37.75"",""width_diameter_in"":""42.5""}","[""o-w-lee"",""monterra"",""made-in-usa""]",false,true,true,true,false,,2,0,true,2026-05-03 01:40:46.725761+00,2026-06-17 00:27:47.196+00,[],[],[],"[{""finish_id"":11,""item_number"":""TG68"",""name"":""Carbon Black"",""description"":""Frame Finish"",""collection"":null,""image_url"":""https://www.owlee.com/wp-content/uploads/2025/12/finishes_0001_TG68-Carbon-Black.jpg"",""display_order"":0},{""finish_id"":12,""item_number"":""SP50"",""name"":""Copper Creek"",""description"":""Frame Finish"",""collection"":null,""image_url"":""https://www.owlee.com/wp-content/uploads/2025/12/finishes_0004_SP50-Copper-Creek.jpg"",""display_order"":0},{""finish_id"":13,""item_number"":""SP42"",""name"":""Espresso"",""description"":""Frame Finish"",""collection"":null,""image_url"":""https://www.owlee.com/wp-content/uploads/2025/12/finishes_0005_SP42-Espresso.jpg"",""display_order"":0},{""finish_id"":14,""item_number"":""SP21"",""name"":""Graphite"",""description"":""Frame Finish"",""collection"":null,""image_url"":""https://www.owlee.com/wp-content/uploads/2025/12/finishes_0007_SP21-Graphite.jpg"",""display_order"":0},{""finish_id"":15,""item_number"":""SP11"",""name"":""Rosewood"",""description"":""Frame Finish"",""collection"":null,""image_url"":""https://www.owlee.com/wp-content/uploads/2025/12/finishes_0008_SP11-Rosewood.jpg"",""display_order"":0},{""finish_id"":16,""item_number"":""SP22"",""name"":""Sable"",""description"":""Frame Finish"",""collection"":null,""image_url"":""https://www.owlee.com/wp-content/uploads/2025/12/finishes_0006_SP22-Sable.jpg"",""display_order"":0},{""finish_id"":17,""item_number"":""AZ53"",""name"":""Sand Dollar"",""description"":""Frame Finish"",""collection"":null,""image_url"":""https://www.owlee.com/wp-content/uploads/2025/12/finishes_0009_AZ53-Sand-Dollar.jpg"",""display_order"":0},{""finish_id"":18,""item_number"":""TC20"",""name"":""Sandalwood"",""description"":""Frame Finish"",""collection"":null,""image_url"":""https://www.owlee.com/wp-content/uploads/2025/12/finishes_0003_TC20-Sandalwood.jpg"",""display_order"":0},{""finish_id"":19,""item_number"":""TG56"",""name"":""Shadow Grey"",""description"":""Frame Finish"",""collection"":null,""image_url"":""https://www.owlee.com/wp-content/uploads/2025/12/finishes_0002_TG56-Shadow-Grey.jpg"",""display_order"":0},{""finish_id"":20,""item_number"":""VT25"",""name"":""Velvet White"",""description"":""Frame Finish"",""collection"":null,""image_url"":""https://www.owlee.com/wp-content/uploads/2025/12/finishes_0000_VT25-Velvet-White.jpg"",""display_order"":0}]",[],"[{""url"":""https://641bdd57-e650-4f10-a19f-628c07eb50b7-00-1e7i1aja8wnz9.worf.replit.dev/api/storage/objects/products/owlee-v2/421-SR_Monterra_Monterra_Swivel_Rocker_Lounge_Chair.jpg"",""alt_text"":null,""is_primary"":true,""display_order"":0,""image_kind"":""gallery"",""variant_id"":null}]",[]
O.W. Lee,o-w-lee,2035,423-2MS,Monterra Urban-Scale Crescent Love Seat,owlee-monterra-urban-scale-crescent-love-seat-423-2ms,"The O.W. Lee Monterra Crescent Love Seat reflects the collection’s Mediterranean and Southwestern influence in a cozy, curved design. Our urban scale pieces are thoughtfully scaled down versions of our most popular designs, crafted to suit balconies, apartments, and other compact spaces—without compromising on comfort or quality. Handcrafted from wrought iron with plush cushions, it provides inviting seating for smaller patios or intimate arrangements. O.W. Lee is renowned for its exceptional quality, supported by an industry-leading warranty. Our frames are covered by a 20-year structural warranty, and the finish is guaranteed against fading, blistering, and peeling for 5 years. Cushions and fabrics are also backed by a 5-year warranty. With a selection of 10 elegant frame finishes and over 100 fabric options, including 16 sling fabrics, customers can easily customize each piece to seamlessly complement their individual style.","The O.W. Lee Monterra Crescent Love Seat reflects the collection’s Mediterranean and Southwestern influence in a cozy, curved design. Our urban scale pieces are thoughtfully scaled down versions of our most popular designs, crafted to suit balconies, apartments, and other compact spaces—without compromising on comfort or quality. Handcrafted from wrought iron with plush cushions, it provides inviting seating for smaller patios or intimate arrangements. O.W. Lee is renowned for its exceptional quality, supported by an industry-leading warranty. Our frames are covered by a 20-year structural warranty, and the finish is guaranteed against fading, blistering, and peeling for 5 years. Cushions and fabrics are also backed by a 5-year warranty. With a selection of 10 elegant frame finishes and over 100 fabric options, including 16 sling fabrics, customers can easily customize each piece to seamlessly complement their individual style.",Deep Seating,cat-deep-seating,Wrought Iron,wrought-iron,,,,,,,fixed,123.00,"H 37"" × W 62.5"" × D 31.75""","{""height_in"":""37"",""collection"":""Monterra"",""weight_lbs"":""123"",""arm_height_in"":""22.75"",""seat_height_in"":""18"",""spec_sheet_pdf"":""https://www.owlee.com/wp-content/uploads/2021/11/2026-Monterra_Retail_SpecSheet_423-2MS-Urban-Scale-Crescent-Love-Seat.pdf"",""depth_length_in"":""31.75"",""width_diameter_in"":""62.5""}","[""o-w-lee"",""monterra"",""made-in-usa""]",false,true,true,true,false,,12,0,true,2026-05-03 01:40:46.769623+00,2026-06-17 00:27:47.262+00,[],[],[],"[{""finish_id"":11,""item_number"":""TG68"",""name"":""Carbon Black"",""description"":""Frame Finish"",""collection"":null,""image_url"":""https://www.owlee.com/wp-content/uploads/2025/12/finishes_0001_TG68-Carbon-Black.jpg"",""display_order"":0},{""finish_id"":12,""item_number"":""SP50"",""name"":""Copper Creek"",""description"":""Frame Finish"",""collection"":null,""image_url"":""https://www.owlee.com/wp-content/uploads/2025/12/finishes_0004_SP50-Copper-Creek.jpg"",""display_order"":0},{""finish_id"":13,""item_number"":""SP42"",""name"":""Espresso"",""description"":""Frame Finish"",""collection"":null,""image_url"":""https://www.owlee.com/wp-content/uploads/2025/12/finishes_0005_SP42-Espresso.jpg"",""display_order"":0},{""finish_id"":14,""item_number"":""SP21"",""name"":""Graphite"",""description"":""Frame Finish"",""collection"":null,""image_url"":""https://www.owlee.com/wp-content/uploads/2025/12/finishes_0007_SP21-Graphite.jpg"",""display_order"":0},{""finish_id"":15,""item_number"":""SP11"",""name"":""Rosewood"",""description"":""Frame Finish"",""collection"":null,""image_url"":""https://www.owlee.com/wp-content/uploads/2025/12/finishes_0008_SP11-Rosewood.jpg"",""display_order"":0},{""finish_id"":16,""item_number"":""SP22"",""name"":""Sable"",""description"":""Frame Finish"",""collection"":null,""image_url"":""https://www.owlee.com/wp-content/uploads/2025/12/finishes_0006_SP22-Sable.jpg"",""display_order"":0},{""finish_id"":17,""item_number"":""AZ53"",""name"":""Sand Dollar"",""description"":""Frame Finish"",""collection"":null,""image_url"":""https://www.owlee.com/wp-content/uploads/2025/12/finishes_0009_AZ53-Sand-Dollar.jpg"",""display_order"":0},{""finish_id"":18,""item_number"":""TC20"",""name"":""Sandalwood"",""description"":""Frame Finish"",""collection"":null,""image_url"":""https://www.owlee.com/wp-content/uploads/2025/12/finishes_0003_TC20-Sandalwood.jpg"",""display_order"":0},{""finish_id"":19,""item_number"":""TG56"",""name"":""Shadow Grey"",""description"":""Frame Finish"",""collection"":null,""image_url"":""https://www.owlee.com/wp-content/uploads/2025/12/finishes_0002_TG56-Shadow-Grey.jpg"",""display_order"":0},{""finish_id"":20,""item_number"":""VT25"",""name"":""Velvet White"",""description"":""Frame Finish"",""collection"":null,""image_url"":""https://www.owlee.com/wp-content/uploads/2025/12/finishes_0000_VT25-Velvet-White.jpg"",""display_order"":0}]",[],"[{""url"":""https://641bdd57-e650-4f10-a19f-628c07eb50b7-00-1e7i1aja8wnz9.worf.replit.dev/api/storage/objects/products/owlee-v2/423-2MS_Monterra_Urban-Scale_Crescent_Love_Seat.jpg"",""alt_text"":null,""is_primary"":true,""display_order"":0,""image_kind"":""gallery"",""variant_id"":null}]",[]
O.W. Lee,o-w-lee,2036,424-2MS,Monterra Urban Scale Love Seat,owlee-monterra-urban-scale-love-seat-424-2ms,"The O.W. Lee Monterra Urban Love Seat combines rustic charm with space-conscious proportions. Our urban scale pieces are thoughtfully scaled down versions of our most popular designs, crafted to suit balconies, apartments, and other compact spaces—without compromising on comfort or quality. Its handcrafted wrought iron frame and tailored cushions make this outdoor love seat perfect for cozy, elevated outdoor living. O.W. Lee is renowned for its exceptional quality, supported by an industry-leading warranty. Our frames are covered by a 20-year structural warranty, and the finish is guaranteed against fading, blistering, and peeling for 5 years. Cushions and fabrics are also backed by a 5-year warranty. With a selection of 10 elegant frame finishes and over 100 fabric options, including 16 sling fabrics, customers can easily customize each piece to seamlessly complement their individual style.","The O.W. Lee Monterra Urban Love Seat combines rustic charm with space-conscious proportions. Our urban scale pieces are thoughtfully scaled down versions of our most popular designs, crafted to suit balconies, apartments, and other compact spaces—without compromising on comfort or quality. Its handcrafted wrought iron frame and tailored cushions make this outdoor love seat perfect for cozy, elevated outdoor living. O.W. Lee is renowned for its exceptional quality, supported by an industry-leading warranty. Our frames are covered by a 20-year structural warranty, and the finish is guaranteed against fading, blistering, and peeling for 5 years. Cushions and fabrics are also backed by a 5-year warranty. With a selection of 10 elegant frame finishes and over 100 fabric options, including 16 sling fabrics, customers can easily customize each piece to seamlessly complement their individual style.",Deep Seating,cat-deep-seating,Wrought Iron,wrought-iron,,,,,,,fixed,108.00,"H 37.5"" × W 64.75"" × D 29.75""","{""height_in"":""37.5"",""collection"":""Monterra"",""weight_lbs"":""108"",""arm_height_in"":""23"",""seat_height_in"":""19"",""spec_sheet_pdf"":""https://www.owlee.com/wp-content/uploads/2024/07/2026-Monterra_Retail_SpecSheet_424-2MS-Urban-Scale-Love-Seat.pdf"",""depth_length_in"":""29.75"",""width_diameter_in"":""64.75""}","[""o-w-lee"",""monterra"",""made-in-usa""]",false,true,true,true,false,,13,0,true,2026-05-03 01:40:46.774088+00,2026-06-17 00:27:47.268+00,[],[],[],"[{""finish_id"":11,""item_number"":""TG68"",""name"":""Carbon Black"",""description"":""Frame Finish"",""collection"":null,""image_url"":""https://www.owlee.com/wp-content/uploads/2025/12/finishes_0001_TG68-Carbon-Black.jpg"",""display_order"":0},{""finish_id"":12,""item_number"":""SP50"",""name"":""Copper Creek"",""description"":""Frame Finish"",""collection"":null,""image_url"":""https://www.owlee.com/wp-content/uploads/2025/12/finishes_0004_SP50-Copper-Creek.jpg"",""display_order"":0},{""finish_id"":13,""item_number"":""SP42"",""name"":""Espresso"",""description"":""Frame Finish"",""collection"":null,""image_url"":""https://www.owlee.com/wp-content/uploads/2025/12/finishes_0005_SP42-Espresso.jpg"",""display_order"":0},{""finish_id"":14,""item_number"":""SP21"",""name"":""Graphite"",""description"":""Frame Finish"",""collection"":null,""image_url"":""https://www.owlee.com/wp-content/uploads/2025/12/finishes_0007_SP21-Graphite.jpg"",""display_order"":0},{""finish_id"":15,""item_number"":""SP11"",""name"":""Rosewood"",""description"":""Frame Finish"",""collection"":null,""image_url"":""https://www.owlee.com/wp-content/uploads/2025/12/finishes_0008_SP11-Rosewood.jpg"",""display_order"":0},{""finish_id"":16,""item_number"":""SP22"",""name"":""Sable"",""description"":""Frame Finish"",""collection"":null,""image_url"":""https://www.owlee.com/wp-content/uploads/2025/12/finishes_0006_SP22-Sable.jpg"",""display_order"":0},{""finish_id"":17,""item_number"":""AZ53"",""name"":""Sand Dollar"",""description"":""Frame Finish"",""collection"":null,""image_url"":""https://www.owlee.com/wp-content/uploads/2025/12/finishes_0009_AZ53-Sand-Dollar.jpg"",""display_order"":0},{""finish_id"":18,""item_number"":""TC20"",""name"":""Sandalwood"",""description"":""Frame Finish"",""collection"":null,""image_url"":""https://www.owlee.com/wp-content/uploads/2025/12/finishes_0003_TC20-Sandalwood.jpg"",""display_order"":0},{""finish_id"":19,""item_number"":""TG56"",""name"":""Shadow Grey"",""description"":""Frame Finish"",""collection"":null,""image_url"":""https://www.owlee.com/wp-content/uploads/2025/12/finishes_0002_TG56-Shadow-Grey.jpg"",""display_order"":0},{""finish_id"":20,""item_number"":""VT25"",""name"":""Velvet White"",""description"":""Frame Finish"",""collection"":null,""image_url"":""https://www.owlee.com/wp-content/uploads/2025/12/finishes_0000_VT25-Velvet-White.jpg"",""display_order"":0}]",[],"[{""url"":""https://641bdd57-e650-4f10-a19f-628c07eb50b7-00-1e7i1aja8wnz9.worf.replit.dev/api/storage/objects/products/owlee-v2/424-2MS_Monterra_Urban_Scale_Love_Seat.jpg"",""alt_text"":null,""is_primary"":true,""display_order"":0,""image_kind"":""gallery"",""variant_id"":null}]",[]
O.W. Lee,o-w-lee,2037,424-3MS,Monterra Urban Scale Sofa,owlee-monterra-urban-scale-sofa-424-3ms,"The O.W. Lee Monterra Urban Sofa delivers Old World elegance in a compact, streamlined form. Our urban scale pieces are thoughtfully scaled down versions of our most popular designs, crafted to suit balconies, apartments, and other compact spaces—without compromising on comfort or quality. Crafted with a sturdy wrought iron frame and deep cushions, this sofa provides refined comfort for smaller outdoor seating areas. O.W. Lee is renowned for its exceptional quality, supported by an industry-leading warranty. Our frames are covered by a 20-year structural warranty, and the finish is guaranteed against fading, blistering, and peeling for 5 years. Cushions and fabrics are also backed by a 5-year warranty. With a selection of 10 elegant frame finishes and over 100 fabric options, including 16 sling fabrics, customers can easily customize each piece to seamlessly complement their individual style.","The O.W. Lee Monterra Urban Sofa delivers Old World elegance in a compact, streamlined form. Our urban scale pieces are thoughtfully scaled down versions of our most popular designs, crafted to suit balconies, apartments, and other compact spaces—without compromising on comfort or quality. Crafted with a sturdy wrought iron frame and deep cushions, this sofa provides refined comfort for smaller outdoor seating areas. O.W. Lee is renowned for its exceptional quality, supported by an industry-leading warranty. Our frames are covered by a 20-year structural warranty, and the finish is guaranteed against fading, blistering, and peeling for 5 years. Cushions and fabrics are also backed by a 5-year warranty. With a selection of 10 elegant frame finishes and over 100 fabric options, including 16 sling fabrics, customers can easily customize each piece to seamlessly complement their individual style.",Deep Seating,cat-deep-seating,Wrought Iron,wrought-iron,,,,,,,fixed,108.00,"H 37.25"" × W 81.75"" × D 31.75""","{""height_in"":""37.25"",""collection"":""Monterra"",""weight_lbs"":""108"",""arm_height_in"":""23"",""seat_height_in"":""20.5"",""spec_sheet_pdf"":""https://www.owlee.com/wp-content/uploads/2025/09/2026-Monterra_Retail_SpecSheet_424-3MS-Urban-Scale-Sofa.pdf"",""depth_length_in"":""31.75"",""width_diameter_in"":""81.75""}","[""o-w-lee"",""monterra"",""made-in-usa""]",false,true,true,true,false,,14,0,true,2026-05-03 01:40:46.778389+00,2026-06-17 00:27:47.273+00,[],[],[],"[{""finish_id"":11,""item_number"":""TG68"",""name"":""Carbon Black"",""description"":""Frame Finish"",""collection"":null,""image_url"":""https://www.owlee.com/wp-content/uploads/2025/12/finishes_0001_TG68-Carbon-Black.jpg"",""display_order"":0},{""finish_id"":12,""item_number"":""SP50"",""name"":""Copper Creek"",""description"":""Frame Finish"",""collection"":null,""image_url"":""https://www.owlee.com/wp-content/uploads/2025/12/finishes_0004_SP50-Copper-Creek.jpg"",""display_order"":0},{""finish_id"":13,""item_number"":""SP42"",""name"":""Espresso"",""description"":""Frame Finish"",""collection"":null,""image_url"":""https://www.owlee.com/wp-content/uploads/2025/12/finishes_0005_SP42-Espresso.jpg"",""display_order"":0},{""finish_id"":14,""item_number"":""SP21"",""name"":""Graphite"",""description"":""Frame Finish"",""collection"":null,""image_url"":""https://www.owlee.com/wp-content/uploads/2025/12/finishes_0007_SP21-Graphite.jpg"",""display_order"":0},{""finish_id"":15,""item_number"":""SP11"",""name"":""Rosewood"",""description"":""Frame Finish"",""collection"":null,""image_url"":""https://www.owlee.com/wp-content/uploads/2025/12/finishes_0008_SP11-Rosewood.jpg"",""display_order"":0},{""finish_id"":16,""item_number"":""SP22"",""name"":""Sable"",""description"":""Frame Finish"",""collection"":null,""image_url"":""https://www.owlee.com/wp-content/uploads/2025/12/finishes_0006_SP22-Sable.jpg"",""display_order"":0},{""finish_id"":17,""item_number"":""AZ53"",""name"":""Sand Dollar"",""description"":""Frame Finish"",""collection"":null,""image_url"":""https://www.owlee.com/wp-content/uploads/2025/12/finishes_0009_AZ53-Sand-Dollar.jpg"",""display_order"":0},{""finish_id"":18,""item_number"":""TC20"",""name"":""Sandalwood"",""description"":""Frame Finish"",""collection"":null,""image_url"":""https://www.owlee.com/wp-content/uploads/2025/12/finishes_0003_TC20-Sandalwood.jpg"",""display_order"":0},{""finish_id"":19,""item_number"":""TG56"",""name"":""Shadow Grey"",""description"":""Frame Finish"",""collection"":null,""image_url"":""https://www.owlee.com/wp-content/uploads/2025/12/finishes_0002_TG56-Shadow-Grey.jpg"",""display_order"":0},{""finish_id"":20,""item_number"":""VT25"",""name"":""Velvet White"",""description"":""Frame Finish"",""collection"":null,""image_url"":""https://www.owlee.com/wp-content/uploads/2025/12/finishes_0000_VT25-Velvet-White.jpg"",""display_order"":0}]",[],"[{""url"":""https://641bdd57-e650-4f10-a19f-628c07eb50b7-00-1e7i1aja8wnz9.worf.replit.dev/api/storage/objects/products/owlee-v2/424-3MS_Monterra_Monterra_Urban_Scale_Sofa.jpg"",""alt_text"":null,""is_primary"":true,""display_order"":0,""image_kind"":""gallery"",""variant_id"":null}]",[]
O.W. Lee,o-w-lee,2033,424-MSB,Monterra Urban-Scale Spring Base Lounge Chair,owlee-monterra-urban-scale-spring-base-lounge-chair-424-msb,"The O.W. Lee Monterra Spring Base Lounge Chair blends Old World craftsmanship with modern compact design. Our urban scale pieces are thoughtfully scaled down versions of our most popular designs, crafted to suit balconies, apartments, and other compact spaces—without compromising on comfort or quality. Its handcrafted wrought iron frame and responsive spring seat provide stylish, supportive seating for small outdoor spaces. O.W. Lee is renowned for its exceptional quality, supported by an industry-leading warranty. Our frames are covered by a 20-year structural warranty, and the finish is guaranteed against fading, blistering, and peeling for 5 years. Cushions and fabrics are also backed by a 5-year warranty. With a selection of 10 elegant frame finishes and over 100 fabric options, including 16 sling fabrics, customers can easily customize each piece to seamlessly complement their individual style.","The O.W. Lee Monterra Spring Base Lounge Chair blends Old World craftsmanship with modern compact design. Our urban scale pieces are thoughtfully scaled down versions of our most popular designs, crafted to suit balconies, apartments, and other compact spaces—without compromising on comfort or quality. Its handcrafted wrought iron frame and responsive spring seat provide stylish, supportive seating for small outdoor spaces. O.W. Lee is renowned for its exceptional quality, supported by an industry-leading warranty. Our frames are covered by a 20-year structural warranty, and the finish is guaranteed against fading, blistering, and peeling for 5 years. Cushions and fabrics are also backed by a 5-year warranty. With a selection of 10 elegant frame finishes and over 100 fabric options, including 16 sling fabrics, customers can easily customize each piece to seamlessly complement their individual style.",Deep Seating,cat-deep-seating,Wrought Iron,wrought-iron,,,,,,,fixed,74.00,"H 38.25"" × W 35.75"" × D 30.75""","{""height_in"":""38.25"",""collection"":""Monterra"",""weight_lbs"":""74"",""arm_height_in"":""22.75"",""seat_height_in"":""19"",""spec_sheet_pdf"":""https://www.owlee.com/wp-content/uploads/2021/11/2026-Monterra_Retail_SpecSheet_424-MSB-Urban-Scale-Spring-Base-Lounge.pdf"",""depth_length_in"":""30.75"",""width_diameter_in"":""35.75""}","[""o-w-lee"",""monterra"",""made-in-usa""]",false,true,true,true,false,,10,0,true,2026-05-03 01:40:46.760874+00,2026-06-17 00:27:47.242+00,[],[],[],"[{""finish_id"":11,""item_number"":""TG68"",""name"":""Carbon Black"",""description"":""Frame Finish"",""collection"":null,""image_url"":""https://www.owlee.com/wp-content/uploads/2025/12/finishes_0001_TG68-Carbon-Black.jpg"",""display_order"":0},{""finish_id"":12,""item_number"":""SP50"",""name"":""Copper Creek"",""description"":""Frame Finish"",""collection"":null,""image_url"":""https://www.owlee.com/wp-content/uploads/2025/12/finishes_0004_SP50-Copper-Creek.jpg"",""display_order"":0},{""finish_id"":13,""item_number"":""SP42"",""name"":""Espresso"",""description"":""Frame Finish"",""collection"":null,""image_url"":""https://www.owlee.com/wp-content/uploads/2025/12/finishes_0005_SP42-Espresso.jpg"",""display_order"":0},{""finish_id"":14,""item_number"":""SP21"",""name"":""Graphite"",""description"":""Frame Finish"",""collection"":null,""image_url"":""https://www.owlee.com/wp-content/uploads/2025/12/finishes_0007_SP21-Graphite.jpg"",""display_order"":0},{""finish_id"":15,""item_number"":""SP11"",""name"":""Rosewood"",""description"":""Frame Finish"",""collection"":null,""image_url"":""https://www.owlee.com/wp-content/uploads/2025/12/finishes_0008_SP11-Rosewood.jpg"",""display_order"":0},{""finish_id"":16,""item_number"":""SP22"",""name"":""Sable"",""description"":""Frame Finish"",""collection"":null,""image_url"":""https://www.owlee.com/wp-content/uploads/2025/12/finishes_0006_SP22-Sable.jpg"",""display_order"":0},{""finish_id"":17,""item_number"":""AZ53"",""name"":""Sand Dollar"",""description"":""Frame Finish"",""collection"":null,""image_url"":""https://www.owlee.com/wp-content/uploads/2025/12/finishes_0009_AZ53-Sand-Dollar.jpg"",""display_order"":0},{""finish_id"":18,""item_number"":""TC20"",""name"":""Sandalwood"",""description"":""Frame Finish"",""collection"":null,""image_url"":""https://www.owlee.com/wp-content/uploads/2025/12/finishes_0003_TC20-Sandalwood.jpg"",""display_order"":0},{""finish_id"":19,""item_number"":""TG56"",""name"":""Shadow Grey"",""description"":""Frame Finish"",""collection"":null,""image_url"":""https://www.owlee.com/wp-content/uploads/2025/12/finishes_0002_TG56-Shadow-Grey.jpg"",""display_order"":0},{""finish_id"":20,""item_number"":""VT25"",""name"":""Velvet White"",""description"":""Frame Finish"",""collection"":null,""image_url"":""https://www.owlee.com/wp-content/uploads/2025/12/finishes_0000_VT25-Velvet-White.jpg"",""display_order"":0}]",[],"[{""url"":""https://641bdd57-e650-4f10-a19f-628c07eb50b7-00-1e7i1aja8wnz9.worf.replit.dev/api/storage/objects/products/owlee-v2/424-MSB_Monterra_Urban-Scale_Spring_Base_Lounge_Chair.jpg"",""alt_text"":null,""is_primary"":true,""display_order"":0,""image_kind"":""gallery"",""variant_id"":null}]",[]
O.W. Lee,o-w-lee,2034,424-MSR,Monterra Urban-Scale Swivel Rocker Lounge Chair,owlee-monterra-urban-scale-swivel-rocker-lounge-chair-424-msr,"The O.W. Lee Monterra Swivel Rocker Lounge Chair offers rustic elegance in a compact footprint. Our urban scale pieces are thoughtfully scaled down versions of our most popular designs, crafted to suit balconies, apartments, and other compact spaces—without compromising on comfort or quality. Featuring a durable wrought iron frame with smooth swivel and gentle rocking motion, this outdoor lounge chair delivers versatile comfort with Mediterranean-inspired character. O.W. Lee is renowned for its exceptional quality, supported by an industry-leading warranty. Our frames are covered by a 20-year structural warranty, and the finish is guaranteed against fading, blistering, and peeling for 5 years. Cushions and fabrics are also backed by a 5-year warranty. With a selection of 10 elegant frame finishes and over 100 fabric options, including 16 sling fabrics, customers can easily customize each piece to seamlessly complement their individual style.","The O.W. Lee Monterra Swivel Rocker Lounge Chair offers rustic elegance in a compact footprint. Our urban scale pieces are thoughtfully scaled down versions of our most popular designs, crafted to suit balconies, apartments, and other compact spaces—without compromising on comfort or quality. Featuring a durable wrought iron frame with smooth swivel and gentle rocking motion, this outdoor lounge chair delivers versatile comfort with Mediterranean-inspired character. O.W. Lee is renowned for its exceptional quality, supported by an industry-leading warranty. Our frames are covered by a 20-year structural warranty, and the finish is guaranteed against fading, blistering, and peeling for 5 years. Cushions and fabrics are also backed by a 5-year warranty. With a selection of 10 elegant frame finishes and over 100 fabric options, including 16 sling fabrics, customers can easily customize each piece to seamlessly complement their individual style.",Deep Seating,cat-deep-seating,Wrought Iron,wrought-iron,,,,,,,fixed,73.00,"H 38.25"" × W 35.75"" × D 30.75""","{""height_in"":""38.25"",""collection"":""Monterra"",""weight_lbs"":""73"",""arm_height_in"":""22.75"",""seat_height_in"":""18.5"",""spec_sheet_pdf"":""https://www.owlee.com/wp-content/uploads/2021/11/2026-Monterra_Retail_SpecSheet_424-MSR-Urban-Scale-Swivel-Rocker-Lounge-Chair.pdf"",""depth_length_in"":""30.75"",""width_diameter_in"":""35.75""}","[""o-w-lee"",""monterra"",""made-in-usa""]",false,true,true,true,false,,11,0,true,2026-05-03 01:40:46.764703+00,2026-06-17 00:27:47.248+00,[],[],[],"[{""finish_id"":11,""item_number"":""TG68"",""name"":""Carbon Black"",""description"":""Frame Finish"",""collection"":null,""image_url"":""https://www.owlee.com/wp-content/uploads/2025/12/finishes_0001_TG68-Carbon-Black.jpg"",""display_order"":0},{""finish_id"":12,""item_number"":""SP50"",""name"":""Copper Creek"",""description"":""Frame Finish"",""collection"":null,""image_url"":""https://www.owlee.com/wp-content/uploads/2025/12/finishes_0004_SP50-Copper-Creek.jpg"",""display_order"":0},{""finish_id"":13,""item_number"":""SP42"",""name"":""Espresso"",""description"":""Frame Finish"",""collection"":null,""image_url"":""https://www.owlee.com/wp-content/uploads/2025/12/finishes_0005_SP42-Espresso.jpg"",""display_order"":0},{""finish_id"":14,""item_number"":""SP21"",""name"":""Graphite"",""description"":""Frame Finish"",""collection"":null,""image_url"":""https://www.owlee.com/wp-content/uploads/2025/12/finishes_0007_SP21-Graphite.jpg"",""display_order"":0},{""finish_id"":15,""item_number"":""SP11"",""name"":""Rosewood"",""description"":""Frame Finish"",""collection"":null,""image_url"":""https://www.owlee.com/wp-content/uploads/2025/12/finishes_0008_SP11-Rosewood.jpg"",""display_order"":0},{""finish_id"":16,""item_number"":""SP22"",""name"":""Sable"",""description"":""Frame Finish"",""collection"":null,""image_url"":""https://www.owlee.com/wp-content/uploads/2025/12/finishes_0006_SP22-Sable.jpg"",""display_order"":0},{""finish_id"":17,""item_number"":""AZ53"",""name"":""Sand Dollar"",""description"":""Frame Finish"",""collection"":null,""image_url"":""https://www.owlee.com/wp-content/uploads/2025/12/finishes_0009_AZ53-Sand-Dollar.jpg"",""display_order"":0},{""finish_id"":18,""item_number"":""TC20"",""name"":""Sandalwood"",""description"":""Frame Finish"",""collection"":null,""image_url"":""https://www.owlee.com/wp-content/uploads/2025/12/finishes_0003_TC20-Sandalwood.jpg"",""display_order"":0},{""finish_id"":19,""item_number"":""TG56"",""name"":""Shadow Grey"",""description"":""Frame Finish"",""collection"":null,""image_url"":""https://www.owlee.com/wp-content/uploads/2025/12/finishes_0002_TG56-Shadow-Grey.jpg"",""display_order"":0},{""finish_id"":20,""item_number"":""VT25"",""name"":""Velvet White"",""description"":""Frame Finish"",""collection"":null,""image_url"":""https://www.owlee.com/wp-content/uploads/2025/12/finishes_0000_VT25-Velvet-White.jpg"",""display_order"":0}]",[],"[{""url"":""https://641bdd57-e650-4f10-a19f-628c07eb50b7-00-1e7i1aja8wnz9.worf.replit.dev/api/storage/objects/products/owlee-v2/424-MSR_Monterra_Urban-Scale_Swivel_Rocker_Lounge_Chair.jpg"",""alt_text"":null,""is_primary"":true,""display_order"":0,""image_kind"":""gallery"",""variant_id"":null}]",[]
O.W. Lee,o-w-lee,2030,425-C,Monterra Center Sectional,owlee-monterra-center-sectional-425-c,"The O.W. Lee Monterra Sectional Collection allows for flexible, modular arrangements with Old World craftsmanship at its core. Handcrafted wrought iron frames and plush cushions create outdoor sectional pieces that provide comfort, durability, and the textured warmth of Mediterranean and Southwestern design. O.W. Lee is renowned for its exceptional quality, supported by an industry-leading warranty. Our frames are covered by a 20-year structural warranty, and the finish is guaranteed against fading, blistering, and peeling for 5 years. Cushions and fabrics are also backed by a 5-year warranty. With a selection of 10 elegant frame finishes and over 100 fabric options, including 16 sling fabrics, customers can easily customize each piece to seamlessly complement their individual style.","The O.W. Lee Monterra Sectional Collection allows for flexible, modular arrangements with Old World craftsmanship at its core. Handcrafted wrought iron frames and plush cushions create outdoor sectional pieces that provide comfort, durability, and the textured warmth of Mediterranean and Southwestern design. O.W. Lee is renowned for its exceptional quality, supported by an industry-leading warranty. Our frames are covered by a 20-year structural warranty, and the finish is guaranteed against fading, blistering, and peeling for 5 years. Cushions and fabrics are also backed by a 5-year warranty. With a selection of 10 elegant frame finishes and over 100 fabric options, including 16 sling fabrics, customers can easily customize each piece to seamlessly complement their individual style.",Deep Seating,cat-deep-seating,Wrought Iron,wrought-iron,,,,,,,fixed,,"H 43.5"" × W 68"" × D 44.5""","{""height_in"":""43.5"",""collection"":""Monterra"",""weight_lbs"":""136 (pkg)"",""arm_height_in"":""—"",""seat_height_in"":""20"",""spec_sheet_pdf"":""https://www.owlee.com/wp-content/uploads/2021/11/2026-Monterra_Retail_SpecSheet_425-C-Center-Sectional.pdf"",""depth_length_in"":""44.5"",""width_diameter_in"":""68""}","[""o-w-lee"",""monterra"",""made-in-usa""]",false,true,true,true,false,,7,0,true,2026-05-03 01:40:46.748321+00,2026-06-17 00:27:47.226+00,[],[],[],"[{""finish_id"":11,""item_number"":""TG68"",""name"":""Carbon Black"",""description"":""Frame Finish"",""collection"":null,""image_url"":""https://www.owlee.com/wp-content/uploads/2025/12/finishes_0001_TG68-Carbon-Black.jpg"",""display_order"":0},{""finish_id"":12,""item_number"":""SP50"",""name"":""Copper Creek"",""description"":""Frame Finish"",""collection"":null,""image_url"":""https://www.owlee.com/wp-content/uploads/2025/12/finishes_0004_SP50-Copper-Creek.jpg"",""display_order"":0},{""finish_id"":13,""item_number"":""SP42"",""name"":""Espresso"",""description"":""Frame Finish"",""collection"":null,""image_url"":""https://www.owlee.com/wp-content/uploads/2025/12/finishes_0005_SP42-Espresso.jpg"",""display_order"":0},{""finish_id"":14,""item_number"":""SP21"",""name"":""Graphite"",""description"":""Frame Finish"",""collection"":null,""image_url"":""https://www.owlee.com/wp-content/uploads/2025/12/finishes_0007_SP21-Graphite.jpg"",""display_order"":0},{""finish_id"":15,""item_number"":""SP11"",""name"":""Rosewood"",""description"":""Frame Finish"",""collection"":null,""image_url"":""https://www.owlee.com/wp-content/uploads/2025/12/finishes_0008_SP11-Rosewood.jpg"",""display_order"":0},{""finish_id"":16,""item_number"":""SP22"",""name"":""Sable"",""description"":""Frame Finish"",""collection"":null,""image_url"":""https://www.owlee.com/wp-content/uploads/2025/12/finishes_0006_SP22-Sable.jpg"",""display_order"":0},{""finish_id"":17,""item_number"":""AZ53"",""name"":""Sand Dollar"",""description"":""Frame Finish"",""collection"":null,""image_url"":""https://www.owlee.com/wp-content/uploads/2025/12/finishes_0009_AZ53-Sand-Dollar.jpg"",""display_order"":0},{""finish_id"":18,""item_number"":""TC20"",""name"":""Sandalwood"",""description"":""Frame Finish"",""collection"":null,""image_url"":""https://www.owlee.com/wp-content/uploads/2025/12/finishes_0003_TC20-Sandalwood.jpg"",""display_order"":0},{""finish_id"":19,""item_number"":""TG56"",""name"":""Shadow Grey"",""description"":""Frame Finish"",""collection"":null,""image_url"":""https://www.owlee.com/wp-content/uploads/2025/12/finishes_0002_TG56-Shadow-Grey.jpg"",""display_order"":0},{""finish_id"":20,""item_number"":""VT25"",""name"":""Velvet White"",""description"":""Frame Finish"",""collection"":null,""image_url"":""https://www.owlee.com/wp-content/uploads/2025/12/finishes_0000_VT25-Velvet-White.jpg"",""display_order"":0}]",[],"[{""url"":""https://641bdd57-e650-4f10-a19f-628c07eb50b7-00-1e7i1aja8wnz9.worf.replit.dev/api/storage/objects/products/owlee-v2/425-C_Monterra_Monterra_Center_Sectional.jpg"",""alt_text"":null,""is_primary"":true,""display_order"":0,""image_kind"":""gallery"",""variant_id"":null}]",[]
O.W. Lee,o-w-lee,2029,425-L,Monterra Left Sectional,owlee-monterra-left-sectional-425-l,"The O.W. Lee Monterra Sectional Collection allows for flexible, modular arrangements with Old World craftsmanship at its core. Handcrafted wrought iron frames and plush cushions create outdoor sectional pieces that provide comfort, durability, and the textured warmth of Mediterranean and Southwestern design. O.W. Lee is renowned for its exceptional quality, supported by an industry-leading warranty. Our frames are covered by a 20-year structural warranty, and the finish is guaranteed against fading, blistering, and peeling for 5 years. Cushions and fabrics are also backed by a 5-year warranty. With a selection of 10 elegant frame finishes and over 100 fabric options, including 16 sling fabrics, customers can easily customize each piece to seamlessly complement their individual style.","The O.W. Lee Monterra Sectional Collection allows for flexible, modular arrangements with Old World craftsmanship at its core. Handcrafted wrought iron frames and plush cushions create outdoor sectional pieces that provide comfort, durability, and the textured warmth of Mediterranean and Southwestern design. O.W. Lee is renowned for its exceptional quality, supported by an industry-leading warranty. Our frames are covered by a 20-year structural warranty, and the finish is guaranteed against fading, blistering, and peeling for 5 years. Cushions and fabrics are also backed by a 5-year warranty. With a selection of 10 elegant frame finishes and over 100 fabric options, including 16 sling fabrics, customers can easily customize each piece to seamlessly complement their individual style.",Deep Seating,cat-deep-seating,Wrought Iron,wrought-iron,,,,,,,fixed,,"H 44"" × W 70.5"" × D 44.5""","{""height_in"":""44"",""collection"":""Monterra"",""weight_lbs"":""142 (pkg)"",""arm_height_in"":""25"",""seat_height_in"":""20"",""spec_sheet_pdf"":""https://www.owlee.com/wp-content/uploads/2021/11/2026-Monterra_Retail_SpecSheet_425-L-Left-Sectional.pdf"",""depth_length_in"":""44.5"",""width_diameter_in"":""70.5""}","[""o-w-lee"",""monterra"",""made-in-usa""]",false,true,true,true,false,,6,0,true,2026-05-03 01:40:46.745024+00,2026-06-17 00:27:47.218+00,[],[],[],"[{""finish_id"":11,""item_number"":""TG68"",""name"":""Carbon Black"",""description"":""Frame Finish"",""collection"":null,""image_url"":""https://www.owlee.com/wp-content/uploads/2025/12/finishes_0001_TG68-Carbon-Black.jpg"",""display_order"":0},{""finish_id"":12,""item_number"":""SP50"",""name"":""Copper Creek"",""description"":""Frame Finish"",""collection"":null,""image_url"":""https://www.owlee.com/wp-content/uploads/2025/12/finishes_0004_SP50-Copper-Creek.jpg"",""display_order"":0},{""finish_id"":13,""item_number"":""SP42"",""name"":""Espresso"",""description"":""Frame Finish"",""collection"":null,""image_url"":""https://www.owlee.com/wp-content/uploads/2025/12/finishes_0005_SP42-Espresso.jpg"",""display_order"":0},{""finish_id"":14,""item_number"":""SP21"",""name"":""Graphite"",""description"":""Frame Finish"",""collection"":null,""image_url"":""https://www.owlee.com/wp-content/uploads/2025/12/finishes_0007_SP21-Graphite.jpg"",""display_order"":0},{""finish_id"":15,""item_number"":""SP11"",""name"":""Rosewood"",""description"":""Frame Finish"",""collection"":null,""image_url"":""https://www.owlee.com/wp-content/uploads/2025/12/finishes_0008_SP11-Rosewood.jpg"",""display_order"":0},{""finish_id"":16,""item_number"":""SP22"",""name"":""Sable"",""description"":""Frame Finish"",""collection"":null,""image_url"":""https://www.owlee.com/wp-content/uploads/2025/12/finishes_0006_SP22-Sable.jpg"",""display_order"":0},{""finish_id"":17,""item_number"":""AZ53"",""name"":""Sand Dollar"",""description"":""Frame Finish"",""collection"":null,""image_url"":""https://www.owlee.com/wp-content/uploads/2025/12/finishes_0009_AZ53-Sand-Dollar.jpg"",""display_order"":0},{""finish_id"":18,""item_number"":""TC20"",""name"":""Sandalwood"",""description"":""Frame Finish"",""collection"":null,""image_url"":""https://www.owlee.com/wp-content/uploads/2025/12/finishes_0003_TC20-Sandalwood.jpg"",""display_order"":0},{""finish_id"":19,""item_number"":""TG56"",""name"":""Shadow Grey"",""description"":""Frame Finish"",""collection"":null,""image_url"":""https://www.owlee.com/wp-content/uploads/2025/12/finishes_0002_TG56-Shadow-Grey.jpg"",""display_order"":0},{""finish_id"":20,""item_number"":""VT25"",""name"":""Velvet White"",""description"":""Frame Finish"",""collection"":null,""image_url"":""https://www.owlee.com/wp-content/uploads/2025/12/finishes_0000_VT25-Velvet-White.jpg"",""display_order"":0}]",[],"[{""url"":""https://641bdd57-e650-4f10-a19f-628c07eb50b7-00-1e7i1aja8wnz9.worf.replit.dev/api/storage/objects/products/owlee-v2/425-L_Monterra_Monterra_Left_Sectional.jpg"",""alt_text"":null,""is_primary"":true,""display_order"":0,""image_kind"":""gallery"",""variant_id"":null}]",[]
O.W. Lee,o-w-lee,2031,425-R,Monterra Right Sectional,owlee-monterra-right-sectional-425-r,"The O.W. Lee Monterra Sectional Collection allows for flexible, modular arrangements with Old World craftsmanship at its core. Handcrafted wrought iron frames and plush cushions create outdoor sectional pieces that provide comfort, durability, and the textured warmth of Mediterranean and Southwestern design. O.W. Lee is renowned for its exceptional quality, supported by an industry-leading warranty. Our frames are covered by a 20-year structural warranty, and the finish is guaranteed against fading, blistering, and peeling for 5 years. Cushions and fabrics are also backed by a 5-year warranty. With a selection of 10 elegant frame finishes and over 100 fabric options, including 16 sling fabrics, customers can easily customize each piece to seamlessly complement their individual style.","The O.W. Lee Monterra Sectional Collection allows for flexible, modular arrangements with Old World craftsmanship at its core. Handcrafted wrought iron frames and plush cushions create outdoor sectional pieces that provide comfort, durability, and the textured warmth of Mediterranean and Southwestern design. O.W. Lee is renowned for its exceptional quality, supported by an industry-leading warranty. Our frames are covered by a 20-year structural warranty, and the finish is guaranteed against fading, blistering, and peeling for 5 years. Cushions and fabrics are also backed by a 5-year warranty. With a selection of 10 elegant frame finishes and over 100 fabric options, including 16 sling fabrics, customers can easily customize each piece to seamlessly complement their individual style.",Deep Seating,cat-deep-seating,Wrought Iron,wrought-iron,,,,,,,fixed,,"H 44"" × W 70.5"" × D 44.5""","{""height_in"":""44"",""collection"":""Monterra"",""weight_lbs"":""141 (pkg)"",""arm_height_in"":""25"",""seat_height_in"":""20"",""spec_sheet_pdf"":""https://www.owlee.com/wp-content/uploads/2021/11/2026-Monterra_Retail_SpecSheet_425-R-Right-Sectional.pdf"",""depth_length_in"":""44.5"",""width_diameter_in"":""70.5""}","[""o-w-lee"",""monterra"",""made-in-usa""]",false,true,true,true,false,,8,0,true,2026-05-03 01:40:46.752164+00,2026-06-17 00:27:47.232+00,[],[],[],"[{""finish_id"":11,""item_number"":""TG68"",""name"":""Carbon Black"",""description"":""Frame Finish"",""collection"":null,""image_url"":""https://www.owlee.com/wp-content/uploads/2025/12/finishes_0001_TG68-Carbon-Black.jpg"",""display_order"":0},{""finish_id"":12,""item_number"":""SP50"",""name"":""Copper Creek"",""description"":""Frame Finish"",""collection"":null,""image_url"":""https://www.owlee.com/wp-content/uploads/2025/12/finishes_0004_SP50-Copper-Creek.jpg"",""display_order"":0},{""finish_id"":13,""item_number"":""SP42"",""name"":""Espresso"",""description"":""Frame Finish"",""collection"":null,""image_url"":""https://www.owlee.com/wp-content/uploads/2025/12/finishes_0005_SP42-Espresso.jpg"",""display_order"":0},{""finish_id"":14,""item_number"":""SP21"",""name"":""Graphite"",""description"":""Frame Finish"",""collection"":null,""image_url"":""https://www.owlee.com/wp-content/uploads/2025/12/finishes_0007_SP21-Graphite.jpg"",""display_order"":0},{""finish_id"":15,""item_number"":""SP11"",""name"":""Rosewood"",""description"":""Frame Finish"",""collection"":null,""image_url"":""https://www.owlee.com/wp-content/uploads/2025/12/finishes_0008_SP11-Rosewood.jpg"",""display_order"":0},{""finish_id"":16,""item_number"":""SP22"",""name"":""Sable"",""description"":""Frame Finish"",""collection"":null,""image_url"":""https://www.owlee.com/wp-content/uploads/2025/12/finishes_0006_SP22-Sable.jpg"",""display_order"":0},{""finish_id"":17,""item_number"":""AZ53"",""name"":""Sand Dollar"",""description"":""Frame Finish"",""collection"":null,""image_url"":""https://www.owlee.com/wp-content/uploads/2025/12/finishes_0009_AZ53-Sand-Dollar.jpg"",""display_order"":0},{""finish_id"":18,""item_number"":""TC20"",""name"":""Sandalwood"",""description"":""Frame Finish"",""collection"":null,""image_url"":""https://www.owlee.com/wp-content/uploads/2025/12/finishes_0003_TC20-Sandalwood.jpg"",""display_order"":0},{""finish_id"":19,""item_number"":""TG56"",""name"":""Shadow Grey"",""description"":""Frame Finish"",""collection"":null,""image_url"":""https://www.owlee.com/wp-content/uploads/2025/12/finishes_0002_TG56-Shadow-Grey.jpg"",""display_order"":0},{""finish_id"":20,""item_number"":""VT25"",""name"":""Velvet White"",""description"":""Frame Finish"",""collection"":null,""image_url"":""https://www.owlee.com/wp-content/uploads/2025/12/finishes_0000_VT25-Velvet-White.jpg"",""display_order"":0}]",[],"[{""url"":""https://641bdd57-e650-4f10-a19f-628c07eb50b7-00-1e7i1aja8wnz9.worf.replit.dev/api/storage/objects/products/owlee-v2/425-R_Monterra_Monterra_Right_Sectional.jpg"",""alt_text"":null,""is_primary"":true,""display_order"":0,""image_kind"":""gallery"",""variant_id"":null}]",[]
O.W. Lee,o-w-lee,2027,426-2S,Monterra Crescent Love Seat,owlee-monterra-crescent-love-seat-426-2s,"The O.W. Lee Monterra Crescent Love Seat highlights the collection’s signature curves and Old World detailing. Its handcrafted wrought iron frame and plush cushions create a welcoming outdoor love seat that encourages intimate conversation in patios and smaller gathering spaces. O.W. Lee is renowned for its exceptional quality, supported by an industry-leading warranty. Our frames are covered by a 20-year structural warranty, and the finish is guaranteed against fading, blistering, and peeling for 5 years. Cushions and fabrics are also backed by a 5-year warranty. With a selection of 10 elegant frame finishes and over 100 fabric options, including 16 sling fabrics, customers can easily customize each piece to seamlessly complement their individual style.","The O.W. Lee Monterra Crescent Love Seat highlights the collection’s signature curves and Old World detailing. Its handcrafted wrought iron frame and plush cushions create a welcoming outdoor love seat that encourages intimate conversation in patios and smaller gathering spaces. O.W. Lee is renowned for its exceptional quality, supported by an industry-leading warranty. Our frames are covered by a 20-year structural warranty, and the finish is guaranteed against fading, blistering, and peeling for 5 years. Cushions and fabrics are also backed by a 5-year warranty. With a selection of 10 elegant frame finishes and over 100 fabric options, including 16 sling fabrics, customers can easily customize each piece to seamlessly complement their individual style.",Deep Seating,cat-deep-seating,Wrought Iron,wrought-iron,,,,,,,fixed,,"H 43.5"" × W 70"" × D 45""","{""height_in"":""43.5"",""collection"":""Monterra"",""weight_lbs"":""145 (pkg)"",""arm_height_in"":""25.5"",""seat_height_in"":""19.5"",""spec_sheet_pdf"":""https://www.owlee.com/wp-content/uploads/2021/11/2026-Monterra_Retail_SpecSheet_426-2S-Crescent-Love-Seat.pdf"",""depth_length_in"":""45"",""width_diameter_in"":""70""}","[""o-w-lee"",""monterra"",""made-in-usa""]",false,true,true,true,false,,4,0,true,2026-05-03 01:40:46.735434+00,2026-06-17 00:27:47.207+00,[],[],[],"[{""finish_id"":11,""item_number"":""TG68"",""name"":""Carbon Black"",""description"":""Frame Finish"",""collection"":null,""image_url"":""https://www.owlee.com/wp-content/uploads/2025/12/finishes_0001_TG68-Carbon-Black.jpg"",""display_order"":0},{""finish_id"":12,""item_number"":""SP50"",""name"":""Copper Creek"",""description"":""Frame Finish"",""collection"":null,""image_url"":""https://www.owlee.com/wp-content/uploads/2025/12/finishes_0004_SP50-Copper-Creek.jpg"",""display_order"":0},{""finish_id"":13,""item_number"":""SP42"",""name"":""Espresso"",""description"":""Frame Finish"",""collection"":null,""image_url"":""https://www.owlee.com/wp-content/uploads/2025/12/finishes_0005_SP42-Espresso.jpg"",""display_order"":0},{""finish_id"":14,""item_number"":""SP21"",""name"":""Graphite"",""description"":""Frame Finish"",""collection"":null,""image_url"":""https://www.owlee.com/wp-content/uploads/2025/12/finishes_0007_SP21-Graphite.jpg"",""display_order"":0},{""finish_id"":15,""item_number"":""SP11"",""name"":""Rosewood"",""description"":""Frame Finish"",""collection"":null,""image_url"":""https://www.owlee.com/wp-content/uploads/2025/12/finishes_0008_SP11-Rosewood.jpg"",""display_order"":0},{""finish_id"":16,""item_number"":""SP22"",""name"":""Sable"",""description"":""Frame Finish"",""collection"":null,""image_url"":""https://www.owlee.com/wp-content/uploads/2025/12/finishes_0006_SP22-Sable.jpg"",""display_order"":0},{""finish_id"":17,""item_number"":""AZ53"",""name"":""Sand Dollar"",""description"":""Frame Finish"",""collection"":null,""image_url"":""https://www.owlee.com/wp-content/uploads/2025/12/finishes_0009_AZ53-Sand-Dollar.jpg"",""display_order"":0},{""finish_id"":18,""item_number"":""TC20"",""name"":""Sandalwood"",""description"":""Frame Finish"",""collection"":null,""image_url"":""https://www.owlee.com/wp-content/uploads/2025/12/finishes_0003_TC20-Sandalwood.jpg"",""display_order"":0},{""finish_id"":19,""item_number"":""TG56"",""name"":""Shadow Grey"",""description"":""Frame Finish"",""collection"":null,""image_url"":""https://www.owlee.com/wp-content/uploads/2025/12/finishes_0002_TG56-Shadow-Grey.jpg"",""display_order"":0},{""finish_id"":20,""item_number"":""VT25"",""name"":""Velvet White"",""description"":""Frame Finish"",""collection"":null,""image_url"":""https://www.owlee.com/wp-content/uploads/2025/12/finishes_0000_VT25-Velvet-White.jpg"",""display_order"":0}]",[],"[{""url"":""https://641bdd57-e650-4f10-a19f-628c07eb50b7-00-1e7i1aja8wnz9.worf.replit.dev/api/storage/objects/products/owlee-v2/426-2S_Monterra_Monterra_Crescent_Love_Seat.jpg"",""alt_text"":null,""is_primary"":true,""display_order"":0,""image_kind"":""gallery"",""variant_id"":null}]",[]
O.W. Lee,o-w-lee,2026,427-2S,Monterra Love Seat,owlee-monterra-love-seat-427-2s,"The O.W. Lee Monterra Love Seat reflects the warm, inviting aesthetic of Southwestern and Mediterranean design. Its decorative wrought iron frame and comfortable cushions make this outdoor love seat a versatile, elegant addition to a variety of outdoor settings. O.W. Lee is renowned for its exceptional quality, supported by an industry-leading warranty. Our frames are covered by a 20-year structural warranty, and the finish is guaranteed against fading, blistering, and peeling for 5 years. Cushions and fabrics are also backed by a 5-year warranty. With a selection of 10 elegant frame finishes and over 100 fabric options, including 16 sling fabrics, customers can easily customize each piece to seamlessly complement their individual style.","The O.W. Lee Monterra Love Seat reflects the warm, inviting aesthetic of Southwestern and Mediterranean design. Its decorative wrought iron frame and comfortable cushions make this outdoor love seat a versatile, elegant addition to a variety of outdoor settings. O.W. Lee is renowned for its exceptional quality, supported by an industry-leading warranty. Our frames are covered by a 20-year structural warranty, and the finish is guaranteed against fading, blistering, and peeling for 5 years. Cushions and fabrics are also backed by a 5-year warranty. With a selection of 10 elegant frame finishes and over 100 fabric options, including 16 sling fabrics, customers can easily customize each piece to seamlessly complement their individual style.",Deep Seating,cat-deep-seating,Wrought Iron,wrought-iron,,,,,,,fixed,,"H 43.75"" × W 67.5"" × D 38.5""","{""height_in"":""43.75"",""collection"":""Monterra"",""weight_lbs"":""120 (pkg)"",""arm_height_in"":""25"",""seat_height_in"":""20"",""spec_sheet_pdf"":""https://www.owlee.com/wp-content/uploads/2021/11/2026-Monterra_Retail_SpecSheet_427-2S-Love-Seat.pdf"",""depth_length_in"":""38.5"",""width_diameter_in"":""67.5""}","[""o-w-lee"",""monterra"",""made-in-usa""]",false,true,true,true,false,,3,0,true,2026-05-03 01:40:46.730959+00,2026-06-17 00:27:47.202+00,[],[],[],"[{""finish_id"":11,""item_number"":""TG68"",""name"":""Carbon Black"",""description"":""Frame Finish"",""collection"":null,""image_url"":""https://www.owlee.com/wp-content/uploads/2025/12/finishes_0001_TG68-Carbon-Black.jpg"",""display_order"":0},{""finish_id"":12,""item_number"":""SP50"",""name"":""Copper Creek"",""description"":""Frame Finish"",""collection"":null,""image_url"":""https://www.owlee.com/wp-content/uploads/2025/12/finishes_0004_SP50-Copper-Creek.jpg"",""display_order"":0},{""finish_id"":13,""item_number"":""SP42"",""name"":""Espresso"",""description"":""Frame Finish"",""collection"":null,""image_url"":""https://www.owlee.com/wp-content/uploads/2025/12/finishes_0005_SP42-Espresso.jpg"",""display_order"":0},{""finish_id"":14,""item_number"":""SP21"",""name"":""Graphite"",""description"":""Frame Finish"",""collection"":null,""image_url"":""https://www.owlee.com/wp-content/uploads/2025/12/finishes_0007_SP21-Graphite.jpg"",""display_order"":0},{""finish_id"":15,""item_number"":""SP11"",""name"":""Rosewood"",""description"":""Frame Finish"",""collection"":null,""image_url"":""https://www.owlee.com/wp-content/uploads/2025/12/finishes_0008_SP11-Rosewood.jpg"",""display_order"":0},{""finish_id"":16,""item_number"":""SP22"",""name"":""Sable"",""description"":""Frame Finish"",""collection"":null,""image_url"":""https://www.owlee.com/wp-content/uploads/2025/12/finishes_0006_SP22-Sable.jpg"",""display_order"":0},{""finish_id"":17,""item_number"":""AZ53"",""name"":""Sand Dollar"",""description"":""Frame Finish"",""collection"":null,""image_url"":""https://www.owlee.com/wp-content/uploads/2025/12/finishes_0009_AZ53-Sand-Dollar.jpg"",""display_order"":0},{""finish_id"":18,""item_number"":""TC20"",""name"":""Sandalwood"",""description"":""Frame Finish"",""collection"":null,""image_url"":""https://www.owlee.com/wp-content/uploads/2025/12/finishes_0003_TC20-Sandalwood.jpg"",""display_order"":0},{""finish_id"":19,""item_number"":""TG56"",""name"":""Shadow Grey"",""description"":""Frame Finish"",""collection"":null,""image_url"":""https://www.owlee.com/wp-content/uploads/2025/12/finishes_0002_TG56-Shadow-Grey.jpg"",""display_order"":0},{""finish_id"":20,""item_number"":""VT25"",""name"":""Velvet White"",""description"":""Frame Finish"",""collection"":null,""image_url"":""https://www.owlee.com/wp-content/uploads/2025/12/finishes_0000_VT25-Velvet-White.jpg"",""display_order"":0}]",[],"[{""url"":""https://641bdd57-e650-4f10-a19f-628c07eb50b7-00-1e7i1aja8wnz9.worf.replit.dev/api/storage/objects/products/owlee-v2/427-2S_Monterra_Monterra_Love_Seat.jpg"",""alt_text"":null,""is_primary"":true,""display_order"":0,""image_kind"":""gallery"",""variant_id"":null}]",[]
O.W. Lee,o-w-lee,2028,427-3S,Monterra Sofa,owlee-monterra-sofa-427-3s,"The O.W. Lee Monterra Sofa serves as a striking centerpiece with artisanal character. Built from wrought iron with handcrafted detailing and deep cushions, this outdoor sofa combines Old World craftsmanship with lasting comfort and rustic sophistication. O.W. Lee is renowned for its exceptional quality, supported by an industry-leading warranty. Our frames are covered by a 20-year structural warranty, and the finish is guaranteed against fading, blistering, and peeling for 5 years. Cushions and fabrics are also backed by a 5-year warranty. With a selection of 10 elegant frame finishes and over 100 fabric options, including 16 sling fabrics, customers can easily customize each piece to seamlessly complement their individual style.","The O.W. Lee Monterra Sofa serves as a striking centerpiece with artisanal character. Built from wrought iron with handcrafted detailing and deep cushions, this outdoor sofa combines Old World craftsmanship with lasting comfort and rustic sophistication. O.W. Lee is renowned for its exceptional quality, supported by an industry-leading warranty. Our frames are covered by a 20-year structural warranty, and the finish is guaranteed against fading, blistering, and peeling for 5 years. Cushions and fabrics are also backed by a 5-year warranty. With a selection of 10 elegant frame finishes and over 100 fabric options, including 16 sling fabrics, customers can easily customize each piece to seamlessly complement their individual style.",Deep Seating,cat-deep-seating,Wrought Iron,wrought-iron,,,,,,,fixed,,"H 43.75"" × W 92"" × D 42""","{""height_in"":""43.75"",""collection"":""Monterra"",""weight_lbs"":""182 (pkg)"",""arm_height_in"":""25"",""seat_height_in"":""20"",""spec_sheet_pdf"":""https://www.owlee.com/wp-content/uploads/2021/11/2026-Monterra_Retail_SpecSheet_427-3S-Sofa.pdf"",""depth_length_in"":""42"",""width_diameter_in"":""92""}","[""o-w-lee"",""monterra"",""made-in-usa""]",false,true,true,true,false,,5,0,true,2026-05-03 01:40:46.740484+00,2026-06-17 00:27:47.212+00,[],[],[],"[{""finish_id"":11,""item_number"":""TG68"",""name"":""Carbon Black"",""description"":""Frame Finish"",""collection"":null,""image_url"":""https://www.owlee.com/wp-content/uploads/2025/12/finishes_0001_TG68-Carbon-Black.jpg"",""display_order"":0},{""finish_id"":12,""item_number"":""SP50"",""name"":""Copper Creek"",""description"":""Frame Finish"",""collection"":null,""image_url"":""https://www.owlee.com/wp-content/uploads/2025/12/finishes_0004_SP50-Copper-Creek.jpg"",""display_order"":0},{""finish_id"":13,""item_number"":""SP42"",""name"":""Espresso"",""description"":""Frame Finish"",""collection"":null,""image_url"":""https://www.owlee.com/wp-content/uploads/2025/12/finishes_0005_SP42-Espresso.jpg"",""display_order"":0},{""finish_id"":14,""item_number"":""SP21"",""name"":""Graphite"",""description"":""Frame Finish"",""collection"":null,""image_url"":""https://www.owlee.com/wp-content/uploads/2025/12/finishes_0007_SP21-Graphite.jpg"",""display_order"":0},{""finish_id"":15,""item_number"":""SP11"",""name"":""Rosewood"",""description"":""Frame Finish"",""collection"":null,""image_url"":""https://www.owlee.com/wp-content/uploads/2025/12/finishes_0008_SP11-Rosewood.jpg"",""display_order"":0},{""finish_id"":16,""item_number"":""SP22"",""name"":""Sable"",""description"":""Frame Finish"",""collection"":null,""image_url"":""https://www.owlee.com/wp-content/uploads/2025/12/finishes_0006_SP22-Sable.jpg"",""display_order"":0},{""finish_id"":17,""item_number"":""AZ53"",""name"":""Sand Dollar"",""description"":""Frame Finish"",""collection"":null,""image_url"":""https://www.owlee.com/wp-content/uploads/2025/12/finishes_0009_AZ53-Sand-Dollar.jpg"",""display_order"":0},{""finish_id"":18,""item_number"":""TC20"",""name"":""Sandalwood"",""description"":""Frame Finish"",""collection"":null,""image_url"":""https://www.owlee.com/wp-content/uploads/2025/12/finishes_0003_TC20-Sandalwood.jpg"",""display_order"":0},{""finish_id"":19,""item_number"":""TG56"",""name"":""Shadow Grey"",""description"":""Frame Finish"",""collection"":null,""image_url"":""https://www.owlee.com/wp-content/uploads/2025/12/finishes_0002_TG56-Shadow-Grey.jpg"",""display_order"":0},{""finish_id"":20,""item_number"":""VT25"",""name"":""Velvet White"",""description"":""Frame Finish"",""collection"":null,""image_url"":""https://www.owlee.com/wp-content/uploads/2025/12/finishes_0000_VT25-Velvet-White.jpg"",""display_order"":0}]",[],"[{""url"":""https://641bdd57-e650-4f10-a19f-628c07eb50b7-00-1e7i1aja8wnz9.worf.replit.dev/api/storage/objects/products/owlee-v2/427-3S_Monterra_Monterra_Sofa.jpg"",""alt_text"":null,""is_primary"":true,""display_order"":0,""image_kind"":""gallery"",""variant_id"":null}]",[]
O.W. Lee,o-w-lee,2044,428-CH,Monterra Adjustable Chaise,owlee-monterra-adjustable-chaise-428-ch,"The O.W. Lee Monterra Adjustable Chaise combines timeless Mediterranean influence with customizable comfort. Featuring a robust wrought iron frame and adjustable reclining positions, this outdoor chaise lounge offers a relaxing retreat with classic, rustic style. O.W. Lee is renowned for its exceptional quality, supported by an industry-leading warranty. Our frames are covered by a 20-year structural warranty, and the finish is guaranteed against fading, blistering, and peeling for 5 years. Cushions and fabrics are also backed by a 5-year warranty. With a selection of 10 elegant frame finishes and over 100 fabric options, including 16 sling fabrics, customers can easily customize each piece to seamlessly complement their individual style.","The O.W. Lee Monterra Adjustable Chaise combines timeless Mediterranean influence with customizable comfort. Featuring a robust wrought iron frame and adjustable reclining positions, this outdoor chaise lounge offers a relaxing retreat with classic, rustic style. O.W. Lee is renowned for its exceptional quality, supported by an industry-leading warranty. Our frames are covered by a 20-year structural warranty, and the finish is guaranteed against fading, blistering, and peeling for 5 years. Cushions and fabrics are also backed by a 5-year warranty. With a selection of 10 elegant frame finishes and over 100 fabric options, including 16 sling fabrics, customers can easily customize each piece to seamlessly complement their individual style.",Chaise Lounges,cat-chaise-lounges,Wrought Iron,wrought-iron,,,,,,,fixed,,"H 45.5"" × W 42.5"" × D 87""","{""height_in"":""45.5"",""collection"":""Monterra"",""weight_lbs"":""120 (pkg)"",""arm_height_in"":""25.5"",""seat_height_in"":""19"",""spec_sheet_pdf"":""https://www.owlee.com/wp-content/uploads/2026/03/2026-Monterra_Retail_SpecSheet_428-CH-Adjustable-Chaise.pdf"",""depth_length_in"":""87"",""width_diameter_in"":""42.5""}","[""o-w-lee"",""monterra"",""made-in-usa""]",false,true,true,true,false,,21,0,true,2026-05-03 01:40:46.811119+00,2026-06-17 00:27:47.316+00,[],[],[],"[{""finish_id"":11,""item_number"":""TG68"",""name"":""Carbon Black"",""description"":""Frame Finish"",""collection"":null,""image_url"":""https://www.owlee.com/wp-content/uploads/2025/12/finishes_0001_TG68-Carbon-Black.jpg"",""display_order"":0},{""finish_id"":12,""item_number"":""SP50"",""name"":""Copper Creek"",""description"":""Frame Finish"",""collection"":null,""image_url"":""https://www.owlee.com/wp-content/uploads/2025/12/finishes_0004_SP50-Copper-Creek.jpg"",""display_order"":0},{""finish_id"":13,""item_number"":""SP42"",""name"":""Espresso"",""description"":""Frame Finish"",""collection"":null,""image_url"":""https://www.owlee.com/wp-content/uploads/2025/12/finishes_0005_SP42-Espresso.jpg"",""display_order"":0},{""finish_id"":14,""item_number"":""SP21"",""name"":""Graphite"",""description"":""Frame Finish"",""collection"":null,""image_url"":""https://www.owlee.com/wp-content/uploads/2025/12/finishes_0007_SP21-Graphite.jpg"",""display_order"":0},{""finish_id"":15,""item_number"":""SP11"",""name"":""Rosewood"",""description"":""Frame Finish"",""collection"":null,""image_url"":""https://www.owlee.com/wp-content/uploads/2025/12/finishes_0008_SP11-Rosewood.jpg"",""display_order"":0},{""finish_id"":16,""item_number"":""SP22"",""name"":""Sable"",""description"":""Frame Finish"",""collection"":null,""image_url"":""https://www.owlee.com/wp-content/uploads/2025/12/finishes_0006_SP22-Sable.jpg"",""display_order"":0},{""finish_id"":17,""item_number"":""AZ53"",""name"":""Sand Dollar"",""description"":""Frame Finish"",""collection"":null,""image_url"":""https://www.owlee.com/wp-content/uploads/2025/12/finishes_0009_AZ53-Sand-Dollar.jpg"",""display_order"":0},{""finish_id"":18,""item_number"":""TC20"",""name"":""Sandalwood"",""description"":""Frame Finish"",""collection"":null,""image_url"":""https://www.owlee.com/wp-content/uploads/2025/12/finishes_0003_TC20-Sandalwood.jpg"",""display_order"":0},{""finish_id"":19,""item_number"":""TG56"",""name"":""Shadow Grey"",""description"":""Frame Finish"",""collection"":null,""image_url"":""https://www.owlee.com/wp-content/uploads/2025/12/finishes_0002_TG56-Shadow-Grey.jpg"",""display_order"":0},{""finish_id"":20,""item_number"":""VT25"",""name"":""Velvet White"",""description"":""Frame Finish"",""collection"":null,""image_url"":""https://www.owlee.com/wp-content/uploads/2025/12/finishes_0000_VT25-Velvet-White.jpg"",""display_order"":0}]",[],"[{""url"":""https://641bdd57-e650-4f10-a19f-628c07eb50b7-00-1e7i1aja8wnz9.worf.replit.dev/api/storage/objects/products/owlee-v2/428-CH_Monterra_Monterra_Adjustable_Chaise.jpg"",""alt_text"":null,""is_primary"":true,""display_order"":0,""image_kind"":""gallery"",""variant_id"":null}]",[]
O.W. Lee,o-w-lee,4925,42x84 Dekton Table Top,"42x84"" Dekton Table Top",owlee-42x84-dekton-table-top-42x84-dekton-table-top,"Part of the O.W. Lee Tables, Tops & Bases collection. Crafted in the USA, O.W. Lee pieces are built to order and sold exclusively through our showroom — contact a sales agent for pricing, finishes, and cushion options.","Tables, Tops & Bases collection · 42x84"" Dekton Table Top by O.W. Lee",Dining,cat-dining,,,,,,,,,fixed,292.00,"W 84"" × D 42""","{""collection"":""Tables, Tops & Bases"",""source_url"":""https://www.owlee.com/collections/table-tops/42x84-dekton-table-top/"",""weight_lbs"":""292"",""depth_length_in"":""42"",""width_diameter_in"":""84""}","[""o-w-lee"",""tables-tops-bases"",""made-in-usa"",""quote-only""]",false,true,true,true,false,,81,0,true,2026-06-02 00:19:56.743815+00,2026-06-02 00:19:56.743815+00,[],[],[],[],[],"[{""url"":""https://641bdd57-e650-4f10-a19f-628c07eb50b7-00-1e7i1aja8wnz9.worf.replit.dev/api/storage/objects/products/owlee/TABLES TOPS BASES - 42X84 DEKTON TABLE TOP.jpg"",""alt_text"":""42x84\"" Dekton Table Top"",""is_primary"":true,""display_order"":0,""image_kind"":""gallery"",""variant_id"":null}]",[]
O.W. Lee,o-w-lee,2043,487-O,Monterra Curved Ottoman,owlee-monterra-curved-ottoman-487-o,"The O.W. Lee Monterra Curved Ottoman adds sculptural elegance and versatility to seating arrangements. Its handcrafted wrought iron frame and cushioned top create a functional outdoor ottoman that mirrors the collection’s signature curves and rustic sophistication. O.W. Lee is renowned for its exceptional quality, supported by an industry-leading warranty. Our frames are covered by a 20-year structural warranty, and the finish is guaranteed against fading, blistering, and peeling for 5 years. Cushions and fabrics are also backed by a 5-year warranty. With a selection of 10 elegant frame finishes and over 100 fabric options, including 16 sling fabrics, customers can easily customize each piece to seamlessly complement their individual style.","The O.W. Lee Monterra Curved Ottoman adds sculptural elegance and versatility to seating arrangements. Its handcrafted wrought iron frame and cushioned top create a functional outdoor ottoman that mirrors the collection’s signature curves and rustic sophistication. O.W. Lee is renowned for its exceptional quality, supported by an industry-leading warranty. Our frames are covered by a 20-year structural warranty, and the finish is guaranteed against fading, blistering, and peeling for 5 years. Cushions and fabrics are also backed by a 5-year warranty. With a selection of 10 elegant frame finishes and over 100 fabric options, including 16 sling fabrics, customers can easily customize each piece to seamlessly complement their individual style.",Deep Seating,cat-deep-seating,Wrought Iron,wrought-iron,,,,,,,fixed,,"H 18.5"" × W 62.75"" × D 28.5""","{""height_in"":""18.5"",""collection"":""Monterra"",""weight_lbs"":""56 (pkg)"",""arm_height_in"":""—"",""seat_height_in"":""—"",""spec_sheet_pdf"":""https://www.owlee.com/wp-content/uploads/2021/11/2026-Monterra_Retail_SpecSheet_487-O-Curved-Ottoman.pdf"",""depth_length_in"":""28.5"",""width_diameter_in"":""62.75""}","[""o-w-lee"",""monterra"",""made-in-usa""]",false,true,true,true,false,,20,0,true,2026-05-03 01:40:46.802601+00,2026-06-17 00:27:47.312+00,[],[],[],"[{""finish_id"":11,""item_number"":""TG68"",""name"":""Carbon Black"",""description"":""Frame Finish"",""collection"":null,""image_url"":""https://www.owlee.com/wp-content/uploads/2025/12/finishes_0001_TG68-Carbon-Black.jpg"",""display_order"":0},{""finish_id"":12,""item_number"":""SP50"",""name"":""Copper Creek"",""description"":""Frame Finish"",""collection"":null,""image_url"":""https://www.owlee.com/wp-content/uploads/2025/12/finishes_0004_SP50-Copper-Creek.jpg"",""display_order"":0},{""finish_id"":13,""item_number"":""SP42"",""name"":""Espresso"",""description"":""Frame Finish"",""collection"":null,""image_url"":""https://www.owlee.com/wp-content/uploads/2025/12/finishes_0005_SP42-Espresso.jpg"",""display_order"":0},{""finish_id"":14,""item_number"":""SP21"",""name"":""Graphite"",""description"":""Frame Finish"",""collection"":null,""image_url"":""https://www.owlee.com/wp-content/uploads/2025/12/finishes_0007_SP21-Graphite.jpg"",""display_order"":0},{""finish_id"":15,""item_number"":""SP11"",""name"":""Rosewood"",""description"":""Frame Finish"",""collection"":null,""image_url"":""https://www.owlee.com/wp-content/uploads/2025/12/finishes_0008_SP11-Rosewood.jpg"",""display_order"":0},{""finish_id"":16,""item_number"":""SP22"",""name"":""Sable"",""description"":""Frame Finish"",""collection"":null,""image_url"":""https://www.owlee.com/wp-content/uploads/2025/12/finishes_0006_SP22-Sable.jpg"",""display_order"":0},{""finish_id"":17,""item_number"":""AZ53"",""name"":""Sand Dollar"",""description"":""Frame Finish"",""collection"":null,""image_url"":""https://www.owlee.com/wp-content/uploads/2025/12/finishes_0009_AZ53-Sand-Dollar.jpg"",""display_order"":0},{""finish_id"":18,""item_number"":""TC20"",""name"":""Sandalwood"",""description"":""Frame Finish"",""collection"":null,""image_url"":""https://www.owlee.com/wp-content/uploads/2025/12/finishes_0003_TC20-Sandalwood.jpg"",""display_order"":0},{""finish_id"":19,""item_number"":""TG56"",""name"":""Shadow Grey"",""description"":""Frame Finish"",""collection"":null,""image_url"":""https://www.owlee.com/wp-content/uploads/2025/12/finishes_0002_TG56-Shadow-Grey.jpg"",""display_order"":0},{""finish_id"":20,""item_number"":""VT25"",""name"":""Velvet White"",""description"":""Frame Finish"",""collection"":null,""image_url"":""https://www.owlee.com/wp-content/uploads/2025/12/finishes_0000_VT25-Velvet-White.jpg"",""display_order"":0}]",[],"[{""url"":""https://641bdd57-e650-4f10-a19f-628c07eb50b7-00-1e7i1aja8wnz9.worf.replit.dev/api/storage/objects/products/owlee-v2/487-O_Monterra_Monterra_Curved_Ottoman.jpg"",""alt_text"":null,""is_primary"":true,""display_order"":0,""image_kind"":""gallery"",""variant_id"":null}]",[]
O.W. Lee,o-w-lee,4895,51-LT20MMRD,"20"" Round Micro Mesh Iron Side Table",owlee-20-round-micro-mesh-iron-side-table-51-lt20mmrd,"Compact, classic, and built for outdoor durability, the 20"" Round Micro Mesh Iron Side Table offers a versatile surface with timeless appeal. Featuring a micro mesh top, it provides a lighter, breathable look while allowing water to pass through with ease. Crafted from sturdy iron, this side table is designed to withstand the elements and pair seamlessly with a wide range of seating styles. Perfect for holding drinks, décor, or everyday essentials, it’s a functional accent that brings both charm and durability to any outdoor space.","Compact, classic, and built for outdoor durability, the 20"" Round Micro Mesh Iron Side Table offers a versatile surface with timeless appeal. Featuring a micro mesh top, it provides a lighter, breathable look while allowing water to pass through with ease. Crafted from sturdy iron, this side table is designed to withstand the elements and pair seamlessly with a wide range of seating styles. Perfect for holding drinks, décor, or everyday essentials, it’s a functional accent that brings both charm and durability to any outdoor space.",Dining,cat-dining,Wrought Iron,wrought-iron,,,,,,,fixed,,"H 23.25"" × W 20"" × D 20""","{""height_in"":""23.25"",""collection"":""Pre-Designed Tables"",""source_url"":""https://www.owlee.com/collections/fully-welded-tables/20-rd-side-table-fully-welded-tables-micro-mesh-iron-tables/"",""weight_lbs"":""26 (pkg)"",""depth_length_in"":""20"",""width_diameter_in"":""20""}","[""o-w-lee"",""tables-tops-bases"",""made-in-usa"",""quote-only""]",false,true,true,true,false,,51,0,true,2026-06-02 00:19:49.984602+00,2026-06-17 00:27:48.417+00,[],[],[],[],[],"[{""url"":""https://641bdd57-e650-4f10-a19f-628c07eb50b7-00-1e7i1aja8wnz9.worf.replit.dev/api/storage/objects/products/owlee-v2/51-LT20MMRD_Pre-Designed_Tables_20_Round_Micro_Mesh_Iron_Side_Table.jpg"",""alt_text"":null,""is_primary"":true,""display_order"":0,""image_kind"":""gallery"",""variant_id"":null}]",[]
O.W. Lee,o-w-lee,4896,51-LT20RD,"20"" Round Porcelain Tile Iron Side Table",owlee-20-round-porcelain-tile-iron-side-table-51-lt20rd,"Elegant and durable, the 20"" Round Porcelain Tile Iron Side Table adds a refined touch to any outdoor setting. Featuring a porcelain tile top, it offers the beauty of natural stone with exceptional resistance to moisture, stains, heat, and fading. The sturdy iron base provides lasting strength and stability, making this side table well suited for everyday outdoor use. Perfectly sized for drinks, décor, or small essentials, it combines timeless style with dependable performance for patios, lounges, and commercial spaces.","Elegant and durable, the 20"" Round Porcelain Tile Iron Side Table adds a refined touch to any outdoor setting. Featuring a porcelain tile top, it offers the beauty of natural stone with exceptional resistance to moisture, stains, heat, and fading. The sturdy iron base provides lasting strength and stability, making this side table well suited for everyday outdoor use. Perfectly sized for drinks, décor, or small essentials, it combines timeless style with dependable performance for patios, lounges, and commercial spaces.",Dining,cat-dining,Wrought Iron,wrought-iron,,,,,,,fixed,,"H 24"" × W 20"" × D 20""","{""height_in"":""24"",""collection"":""Pre-Designed Tables"",""source_url"":""https://www.owlee.com/collections/fully-welded-tables/20-round-porcelain-tile-iron-side-table/"",""weight_lbs"":""26 (pkg)"",""depth_length_in"":""20"",""width_diameter_in"":""20""}","[""o-w-lee"",""tables-tops-bases"",""made-in-usa"",""quote-only""]",false,true,true,true,false,,52,0,true,2026-06-02 00:19:50.24531+00,2026-06-17 00:27:48.439+00,[],[],[],[],[],"[{""url"":""https://641bdd57-e650-4f10-a19f-628c07eb50b7-00-1e7i1aja8wnz9.worf.replit.dev/api/storage/objects/products/owlee-v2/51-LT20RD_Pre-Designed_Tables_20_Round_Porcelain_Tile_Iron_Side_Table.jpg"",""alt_text"":null,""is_primary"":true,""display_order"":0,""image_kind"":""gallery"",""variant_id"":null}]",[]
O.W. Lee,o-w-lee,2098,5110-2872C,"Santorini 28"" x 72"" Chat Height Fire Pit",owlee-santorini-28-x-72-chat-height-fire-pit-5110-2872c,"Inspired by the timeless beauty of Mediterranean architecture, the iron Santorini Fire Pit blends old-world charm with modern durability, creating a striking focal point for evening gatherings or serene solo moments. Its fully welded iron construction provides exceptional strength and stability while delivering a refined, architectural presence outdoors. Handcrafted in the USA by skilled artisans, the Santorini Fire Pit allows you to tailor every detail to suit your outdoor aesthetic. Choose from 10 elegant iron frame finishes and sixteen striking porcelain tile tops to create your ideal centerpiece. Available with either manual or electronic ignition, each unit comes propane-ready and can be easily converted to natural gas with an optional conversion kit. With two height options and six versatile sizes, Santorini adapts beautifully to any space or style.","Inspired by the timeless beauty of Mediterranean architecture, the iron Santorini Fire Pit blends old-world charm with modern durability, creating a striking focal point for evening gatherings or serene solo moments. Its fully welded iron construction provides exceptional strength and stability while delivering a refined, architectural presence outdoors. Handcrafted in the USA by skilled artisans, the Santorini Fire Pit allows you to tailor every detail to suit your outdoor aesthetic. Choose from 10 elegant iron frame finishes and sixteen striking porcelain tile tops to create your ideal centerpiece. Available with either manual or electronic ignition, each unit comes propane-ready and can be easily converted to natural gas with an optional conversion kit. With two height options and six versatile sizes, Santorini adapts beautifully to any space or style.",Fire Tables,cat-fire-tables,Wrought Iron,wrought-iron,,,,,,,fixed,,"H 24"" × W 72"" × D 28""","{""height_in"":""24"",""collection"":""Santorini"",""weight_lbs"":""295 (pkg)"",""arm_height_in"":""—"",""seat_height_in"":""—"",""spec_sheet_pdf"":""https://www.owlee.com/wp-content/uploads/2021/11/Casual-Fireside_Retail_SpecSheets_2026_5110-2872C-Santorini.pdf"",""depth_length_in"":""28"",""width_diameter_in"":""72""}","[""o-w-lee"",""santorini"",""made-in-usa""]",false,true,true,true,false,,75,0,true,2026-05-03 01:40:47.01097+00,2026-06-17 00:27:48.04+00,[],[],[],[],[],"[{""url"":""https://641bdd57-e650-4f10-a19f-628c07eb50b7-00-1e7i1aja8wnz9.worf.replit.dev/api/storage/objects/products/owlee-v2/5110-2872C_Santorini_28_x_72_Chat_Height_Santorini_Fire_Pit.jpg"",""alt_text"":null,""is_primary"":true,""display_order"":0,""image_kind"":""gallery"",""variant_id"":null}]",[]
O.W. Lee,o-w-lee,2097,5110-2872O,"Santorini 28"" x 72"" Occasional Height Fire Pit",owlee-santorini-28-x-72-occasional-height-fire-pit-5110-2872o,"Inspired by the timeless beauty of Mediterranean architecture, the iron Santorini Fire Pit blends old-world charm with modern durability, creating a striking focal point for evening gatherings or serene solo moments. Its fully welded iron construction provides exceptional strength and stability while delivering a refined, architectural presence outdoors. Handcrafted in the USA by skilled artisans, the Santorini Fire Pit allows you to tailor every detail to suit your outdoor aesthetic. Choose from 10 elegant iron frame finishes and sixteen striking porcelain tile tops to create your ideal centerpiece. Available with either manual or electronic ignition, each unit comes propane-ready and can be easily converted to natural gas with an optional conversion kit. With two height options and six versatile sizes, Santorini adapts beautifully to any space or style.","Inspired by the timeless beauty of Mediterranean architecture, the iron Santorini Fire Pit blends old-world charm with modern durability, creating a striking focal point for evening gatherings or serene solo moments. Its fully welded iron construction provides exceptional strength and stability while delivering a refined, architectural presence outdoors. Handcrafted in the USA by skilled artisans, the Santorini Fire Pit allows you to tailor every detail to suit your outdoor aesthetic. Choose from 10 elegant iron frame finishes and sixteen striking porcelain tile tops to create your ideal centerpiece. Available with either manual or electronic ignition, each unit comes propane-ready and can be easily converted to natural gas with an optional conversion kit. With two height options and six versatile sizes, Santorini adapts beautifully to any space or style.",Fire Tables,cat-fire-tables,Wrought Iron,wrought-iron,,,,,,,fixed,,"H 19"" × W 72"" × D 28""","{""height_in"":""19"",""collection"":""Santorini"",""weight_lbs"":""293 (pkg)"",""arm_height_in"":""—"",""seat_height_in"":""—"",""spec_sheet_pdf"":""https://www.owlee.com/wp-content/uploads/2021/11/Casual-Fireside_Retail_SpecSheets_2026_5110-2872O-Santorini.pdf"",""depth_length_in"":""28"",""width_diameter_in"":""72""}","[""o-w-lee"",""santorini"",""made-in-usa""]",false,true,true,true,false,,74,0,true,2026-05-03 01:40:47.007968+00,2026-06-17 00:27:48.035+00,[],[],[],[],[],"[{""url"":""https://641bdd57-e650-4f10-a19f-628c07eb50b7-00-1e7i1aja8wnz9.worf.replit.dev/api/storage/objects/products/owlee-v2/5110-2872O_Santorini_28_x_72_Occasional_Height_Santorini_Fire_Pit.jpg"",""alt_text"":null,""is_primary"":true,""display_order"":0,""image_kind"":""gallery"",""variant_id"":null}]",[]
O.W. Lee,o-w-lee,2100,5110-3050C,"Santorini 30x50"" Chat Height Fire Pit",owlee-santorini-30x50-chat-height-fire-pit-5110-3050c,"Inspired by the timeless beauty of Mediterranean architecture, the iron Santorini Fire Pit blends old-world charm with modern durability, creating a striking focal point for evening gatherings or serene solo moments. Its fully welded iron construction provides exceptional strength and stability while delivering a refined, architectural presence outdoors. Handcrafted in the USA by skilled artisans, the Santorini Fire Pit allows you to tailor every detail to suit your outdoor aesthetic. Choose from 10 elegant iron frame finishes and sixteen striking porcelain tile tops to create your ideal centerpiece. Available with either manual or electronic ignition, each unit comes propane-ready and can be easily converted to natural gas with an optional conversion kit. With two height options and six versatile sizes, Santorini adapts beautifully to any space or style.","Inspired by the timeless beauty of Mediterranean architecture, the iron Santorini Fire Pit blends old-world charm with modern durability, creating a striking focal point for evening gatherings or serene solo moments. Its fully welded iron construction provides exceptional strength and stability while delivering a refined, architectural presence outdoors. Handcrafted in the USA by skilled artisans, the Santorini Fire Pit allows you to tailor every detail to suit your outdoor aesthetic. Choose from 10 elegant iron frame finishes and sixteen striking porcelain tile tops to create your ideal centerpiece. Available with either manual or electronic ignition, each unit comes propane-ready and can be easily converted to natural gas with an optional conversion kit. With two height options and six versatile sizes, Santorini adapts beautifully to any space or style.",Fire Tables,cat-fire-tables,Wrought Iron,wrought-iron,,,,,,,fixed,,"H 24"" × W 50"" × D 30""","{""height_in"":""24"",""collection"":""Santorini"",""weight_lbs"":""208 (pkg)"",""arm_height_in"":""—"",""seat_height_in"":""—"",""spec_sheet_pdf"":""https://www.owlee.com/wp-content/uploads/2021/11/Casual-Fireside_Retail_SpecSheets_2026_5110-3050C-Santorini.pdf"",""depth_length_in"":""30"",""width_diameter_in"":""50""}","[""o-w-lee"",""santorini"",""made-in-usa""]",false,true,true,true,false,,77,0,true,2026-05-03 01:40:47.019027+00,2026-06-17 00:27:48.05+00,[],[],[],[],[],"[{""url"":""https://641bdd57-e650-4f10-a19f-628c07eb50b7-00-1e7i1aja8wnz9.worf.replit.dev/api/storage/objects/products/owlee-v2/5110-3050C_Santorini_30x50_Chat_Height_Santorini_Fire_Pit.jpg"",""alt_text"":null,""is_primary"":true,""display_order"":0,""image_kind"":""gallery"",""variant_id"":null}]",[]
O.W. Lee,o-w-lee,2099,5110-3050O,"Santorini 30x50"" Occasional Height Fire Pit",owlee-santorini-30x50-occasional-height-fire-pit-5110-3050o,"Inspired by the timeless beauty of Mediterranean architecture, the iron Santorini Fire Pit blends old-world charm with modern durability, creating a striking focal point for evening gatherings or serene solo moments. Its fully welded iron construction provides exceptional strength and stability while delivering a refined, architectural presence outdoors. Handcrafted in the USA by skilled artisans, the Santorini Fire Pit allows you to tailor every detail to suit your outdoor aesthetic. Choose from 10 elegant iron frame finishes and sixteen striking porcelain tile tops to create your ideal centerpiece. Available with either manual or electronic ignition, each unit comes propane-ready and can be easily converted to natural gas with an optional conversion kit. With two height options and six versatile sizes, Santorini adapts beautifully to any space or style.","Inspired by the timeless beauty of Mediterranean architecture, the iron Santorini Fire Pit blends old-world charm with modern durability, creating a striking focal point for evening gatherings or serene solo moments. Its fully welded iron construction provides exceptional strength and stability while delivering a refined, architectural presence outdoors. Handcrafted in the USA by skilled artisans, the Santorini Fire Pit allows you to tailor every detail to suit your outdoor aesthetic. Choose from 10 elegant iron frame finishes and sixteen striking porcelain tile tops to create your ideal centerpiece. Available with either manual or electronic ignition, each unit comes propane-ready and can be easily converted to natural gas with an optional conversion kit. With two height options and six versatile sizes, Santorini adapts beautifully to any space or style.",Fire Tables,cat-fire-tables,Aluminum,aluminum,,,,,,,fixed,,"H 19"" × W 50"" × D 30""","{""height_in"":""19"",""collection"":""Santorini"",""weight_lbs"":""200 (pkg)"",""arm_height_in"":""—"",""seat_height_in"":""—"",""spec_sheet_pdf"":""https://www.owlee.com/wp-content/uploads/2021/11/Casual-Fireside_Retail_SpecSheets_2026_5110-3050O-Santorini.pdf"",""depth_length_in"":""30"",""width_diameter_in"":""50""}","[""o-w-lee"",""santorini"",""made-in-usa""]",false,true,true,true,false,,76,0,true,2026-05-03 01:40:47.015223+00,2026-06-17 00:27:48.045+00,[],[],[],[],[],"[{""url"":""https://641bdd57-e650-4f10-a19f-628c07eb50b7-00-1e7i1aja8wnz9.worf.replit.dev/api/storage/objects/products/owlee-v2/5110-3050O_Santorini_30x50_Occasional_Height_Santorini_Aluminum_Fire_Pit.jpg"",""alt_text"":null,""is_primary"":true,""display_order"":0,""image_kind"":""gallery"",""variant_id"":null}]",[]
O.W. Lee,o-w-lee,2101,5110-30RDC,"Santorini 30"" Rd. Chat Height Fire Pit",owlee-santorini-30-rd-chat-height-fire-pit-5110-30rdc,"Inspired by the timeless beauty of Mediterranean architecture, the iron Santorini Fire Pit blends old-world charm with modern durability, creating a striking focal point for evening gatherings or serene solo moments. Its fully welded iron construction provides exceptional strength and stability while delivering a refined, architectural presence outdoors. Handcrafted in the USA by skilled artisans, the Santorini Fire Pit allows you to tailor every detail to suit your outdoor aesthetic. Choose from 10 elegant iron frame finishes and sixteen striking porcelain tile tops to create your ideal centerpiece. Available with either manual or electronic ignition, each unit comes propane-ready and can be easily converted to natural gas with an optional conversion kit. With two height options and six versatile sizes, Santorini adapts beautifully to any space or style.","Inspired by the timeless beauty of Mediterranean architecture, the iron Santorini Fire Pit blends old-world charm with modern durability, creating a striking focal point for evening gatherings or serene solo moments. Its fully welded iron construction provides exceptional strength and stability while delivering a refined, architectural presence outdoors. Handcrafted in the USA by skilled artisans, the Santorini Fire Pit allows you to tailor every detail to suit your outdoor aesthetic. Choose from 10 elegant iron frame finishes and sixteen striking porcelain tile tops to create your ideal centerpiece. Available with either manual or electronic ignition, each unit comes propane-ready and can be easily converted to natural gas with an optional conversion kit. With two height options and six versatile sizes, Santorini adapts beautifully to any space or style.",Fire Tables,cat-fire-tables,Wrought Iron,wrought-iron,,,,,,,fixed,,"H 25"" × W 30""","{""height_in"":""25"",""collection"":""Santorini"",""weight_lbs"":""130 (pkg)"",""arm_height_in"":""—"",""seat_height_in"":""—"",""spec_sheet_pdf"":""https://www.owlee.com/wp-content/uploads/2021/11/Casual-Fireside_Retail_SpecSheets_2026_5110-30RDC-Santorini.pdf"",""width_diameter_in"":""30""}","[""o-w-lee"",""santorini"",""made-in-usa""]",false,true,true,true,false,,78,0,true,2026-05-03 01:40:47.02249+00,2026-06-17 00:27:48.056+00,[],[],[],[],[],"[{""url"":""https://641bdd57-e650-4f10-a19f-628c07eb50b7-00-1e7i1aja8wnz9.worf.replit.dev/api/storage/objects/products/owlee-v2/5110-30RDC_Santorini_30_Rd._Chat_Height_Santorini_Fire_Pit.jpg"",""alt_text"":null,""is_primary"":true,""display_order"":0,""image_kind"":""gallery"",""variant_id"":null}]",[]
O.W. Lee,o-w-lee,2108,5110-3658C,"Santorini 36"" x 58"" Chat Height Fire Pit",owlee-santorini-36-x-58-chat-height-fire-pit-5110-3658c,"Inspired by the timeless beauty of Mediterranean architecture, the iron Santorini Fire Pit blends old-world charm with modern durability, creating a striking focal point for evening gatherings or serene solo moments. Its fully welded iron construction provides exceptional strength and stability while delivering a refined, architectural presence outdoors. Handcrafted in the USA by skilled artisans, the Santorini Fire Pit allows you to tailor every detail to suit your outdoor aesthetic. Choose from 10 elegant iron frame finishes and sixteen striking porcelain tile tops to create your ideal centerpiece. Available with either manual or electronic ignition, each unit comes propane-ready and can be easily converted to natural gas with an optional conversion kit. With two height options and six versatile sizes, Santorini adapts beautifully to any space or style.","Inspired by the timeless beauty of Mediterranean architecture, the iron Santorini Fire Pit blends old-world charm with modern durability, creating a striking focal point for evening gatherings or serene solo moments. Its fully welded iron construction provides exceptional strength and stability while delivering a refined, architectural presence outdoors. Handcrafted in the USA by skilled artisans, the Santorini Fire Pit allows you to tailor every detail to suit your outdoor aesthetic. Choose from 10 elegant iron frame finishes and sixteen striking porcelain tile tops to create your ideal centerpiece. Available with either manual or electronic ignition, each unit comes propane-ready and can be easily converted to natural gas with an optional conversion kit. With two height options and six versatile sizes, Santorini adapts beautifully to any space or style.",Fire Tables,cat-fire-tables,Wrought Iron,wrought-iron,,,,,,,fixed,,"H 24"" × W 58"" × D 36""","{""height_in"":""24"",""collection"":""Santorini"",""weight_lbs"":""251 (pkg)"",""arm_height_in"":""—"",""seat_height_in"":""—"",""spec_sheet_pdf"":""https://www.owlee.com/wp-content/uploads/2021/11/Casual-Fireside_Retail_SpecSheets_2026_5110-3658C-Santorini.pdf"",""depth_length_in"":""36"",""width_diameter_in"":""58""}","[""o-w-lee"",""santorini"",""made-in-usa""]",false,true,true,true,false,,85,0,true,2026-05-03 01:40:47.044829+00,2026-06-17 00:27:48.094+00,[],[],[],[],[],"[{""url"":""https://641bdd57-e650-4f10-a19f-628c07eb50b7-00-1e7i1aja8wnz9.worf.replit.dev/api/storage/objects/products/owlee-v2/5110-3658C_Santorini_36_x_58_Chat_Height_Santorini_Fire_Pit.jpg"",""alt_text"":null,""is_primary"":true,""display_order"":0,""image_kind"":""gallery"",""variant_id"":null}]",[]
O.W. Lee,o-w-lee,2107,5110-3658O,"Santorini 36"" x 58"" Occasional Height Fire Pit",owlee-santorini-36-x-58-occasional-height-fire-pit-5110-3658o,"Inspired by the timeless beauty of Mediterranean architecture, the iron Santorini Fire Pit blends old-world charm with modern durability, creating a striking focal point for evening gatherings or serene solo moments. Its fully welded iron construction provides exceptional strength and stability while delivering a refined, architectural presence outdoors. Handcrafted in the USA by skilled artisans, the Santorini Fire Pit allows you to tailor every detail to suit your outdoor aesthetic. Choose from 10 elegant iron frame finishes and sixteen striking porcelain tile tops to create your ideal centerpiece. Available with either manual or electronic ignition, each unit comes propane-ready and can be easily converted to natural gas with an optional conversion kit. With two height options and six versatile sizes, Santorini adapts beautifully to any space or style.","Inspired by the timeless beauty of Mediterranean architecture, the iron Santorini Fire Pit blends old-world charm with modern durability, creating a striking focal point for evening gatherings or serene solo moments. Its fully welded iron construction provides exceptional strength and stability while delivering a refined, architectural presence outdoors. Handcrafted in the USA by skilled artisans, the Santorini Fire Pit allows you to tailor every detail to suit your outdoor aesthetic. Choose from 10 elegant iron frame finishes and sixteen striking porcelain tile tops to create your ideal centerpiece. Available with either manual or electronic ignition, each unit comes propane-ready and can be easily converted to natural gas with an optional conversion kit. With two height options and six versatile sizes, Santorini adapts beautifully to any space or style.",Fire Tables,cat-fire-tables,Aluminum,aluminum,,,,,,,fixed,,"H 19"" × W 58"" × D 36""","{""height_in"":""19"",""collection"":""Santorini"",""arm_height_in"":""—"",""seat_height_in"":""—"",""spec_sheet_pdf"":""https://www.owlee.com/wp-content/uploads/2021/11/Casual-Fireside_Retail_SpecSheets_2026_5110-3658O-Santorini.pdf"",""depth_length_in"":""36"",""width_diameter_in"":""58""}","[""o-w-lee"",""santorini"",""made-in-usa""]",false,true,true,true,false,,84,0,true,2026-05-03 01:40:47.04154+00,2026-06-17 00:27:48.089+00,[],[],[],[],[],"[{""url"":""https://641bdd57-e650-4f10-a19f-628c07eb50b7-00-1e7i1aja8wnz9.worf.replit.dev/api/storage/objects/products/owlee-v2/5110-3658O_Santorini_36_x_58_Occasional_Height_Santorini_Fire_Pit.jpg"",""alt_text"":null,""is_primary"":true,""display_order"":0,""image_kind"":""gallery"",""variant_id"":null}]",[]
O.W. Lee,o-w-lee,2102,5110-36RDC,"Santorini 36"" Rd. Chat Height Fire Pit",owlee-santorini-36-rd-chat-height-fire-pit-5110-36rdc,"Inspired by the timeless beauty of Mediterranean architecture, the iron Santorini Fire Pit blends old-world charm with modern durability, creating a striking focal point for evening gatherings or serene solo moments. Its fully welded iron construction provides exceptional strength and stability while delivering a refined, architectural presence outdoors. Handcrafted in the USA by skilled artisans, the Santorini Fire Pit allows you to tailor every detail to suit your outdoor aesthetic. Choose from 10 elegant iron frame finishes and sixteen striking porcelain tile tops to create your ideal centerpiece. Available with either manual or electronic ignition, each unit comes propane-ready and can be easily converted to natural gas with an optional conversion kit. With two height options and six versatile sizes, Santorini adapts beautifully to any space or style.","Inspired by the timeless beauty of Mediterranean architecture, the iron Santorini Fire Pit blends old-world charm with modern durability, creating a striking focal point for evening gatherings or serene solo moments. Its fully welded iron construction provides exceptional strength and stability while delivering a refined, architectural presence outdoors. Handcrafted in the USA by skilled artisans, the Santorini Fire Pit allows you to tailor every detail to suit your outdoor aesthetic. Choose from 10 elegant iron frame finishes and sixteen striking porcelain tile tops to create your ideal centerpiece. Available with either manual or electronic ignition, each unit comes propane-ready and can be easily converted to natural gas with an optional conversion kit. With two height options and six versatile sizes, Santorini adapts beautifully to any space or style.",Fire Tables,cat-fire-tables,Wrought Iron,wrought-iron,,,,,,,fixed,,"H 25"" × W 36""","{""height_in"":""25"",""collection"":""Santorini"",""weight_lbs"":""185 (pkg)"",""arm_height_in"":""—"",""seat_height_in"":""—"",""spec_sheet_pdf"":""https://www.owlee.com/wp-content/uploads/2021/11/Casual-Fireside_Retail_SpecSheets_2026_5110-36RDC-Santorini.pdf"",""width_diameter_in"":""36""}","[""o-w-lee"",""santorini"",""made-in-usa""]",false,true,true,true,false,,79,0,true,2026-05-03 01:40:47.025384+00,2026-06-17 00:27:48.062+00,[],[],[],[],[],"[{""url"":""https://641bdd57-e650-4f10-a19f-628c07eb50b7-00-1e7i1aja8wnz9.worf.replit.dev/api/storage/objects/products/owlee-v2/5110-36RDC_Santorini_36_Rd._Chat_Height_Santorini_Fire_Pit.jpg"",""alt_text"":null,""is_primary"":true,""display_order"":0,""image_kind"":""gallery"",""variant_id"":null}]",[]
O.W. Lee,o-w-lee,2104,5110-42RDC,"Santorini 42"" Rd. Chat Height Fire Pit",owlee-santorini-42-rd-chat-height-fire-pit-5110-42rdc,"Inspired by the timeless beauty of Mediterranean architecture, the iron Santorini Fire Pit blends old-world charm with modern durability, creating a striking focal point for evening gatherings or serene solo moments. Its fully welded iron construction provides exceptional strength and stability while delivering a refined, architectural presence outdoors. Handcrafted in the USA by skilled artisans, the Santorini Fire Pit allows you to tailor every detail to suit your outdoor aesthetic. Choose from 10 elegant iron frame finishes and sixteen striking porcelain tile tops to create your ideal centerpiece. Available with either manual or electronic ignition, each unit comes propane-ready and can be easily converted to natural gas with an optional conversion kit. With two height options and six versatile sizes, Santorini adapts beautifully to any space or style.","Inspired by the timeless beauty of Mediterranean architecture, the iron Santorini Fire Pit blends old-world charm with modern durability, creating a striking focal point for evening gatherings or serene solo moments. Its fully welded iron construction provides exceptional strength and stability while delivering a refined, architectural presence outdoors. Handcrafted in the USA by skilled artisans, the Santorini Fire Pit allows you to tailor every detail to suit your outdoor aesthetic. Choose from 10 elegant iron frame finishes and sixteen striking porcelain tile tops to create your ideal centerpiece. Available with either manual or electronic ignition, each unit comes propane-ready and can be easily converted to natural gas with an optional conversion kit. With two height options and six versatile sizes, Santorini adapts beautifully to any space or style.",Fire Tables,cat-fire-tables,Wrought Iron,wrought-iron,,,,,,,fixed,,"H 24"" × W 42""","{""height_in"":""24"",""collection"":""Santorini"",""weight_lbs"":""198 (pkg)"",""arm_height_in"":""—"",""seat_height_in"":""—"",""spec_sheet_pdf"":""https://www.owlee.com/wp-content/uploads/2021/11/Casual-Fireside_Retail_SpecSheets_2026_5110-42RDC-Santorini.pdf"",""width_diameter_in"":""42""}","[""o-w-lee"",""santorini"",""made-in-usa""]",false,true,true,true,false,,81,0,true,2026-05-03 01:40:47.032637+00,2026-06-17 00:27:48.074+00,[],[],[],[],[],"[{""url"":""https://641bdd57-e650-4f10-a19f-628c07eb50b7-00-1e7i1aja8wnz9.worf.replit.dev/api/storage/objects/products/owlee-v2/5110-42RDC_Santorini_42_Rd._Chat_Height_Santorini_Fire_Pit.jpg"",""alt_text"":null,""is_primary"":true,""display_order"":0,""image_kind"":""gallery"",""variant_id"":null}]",[]
O.W. Lee,o-w-lee,2103,5110-42RDO,"Santorini 42"" Rd. Occasional Height Fire Pit",owlee-santorini-42-rd-occasional-height-fire-pit-5110-42rdo,"Part of the O.W. Lee Santorini collection. Crafted in the USA, O.W. Lee pieces are built to order and sold exclusively through our showroom — contact a sales agent for pricing, finishes, and cushion options.","Santorini collection · 42"" Rd. Occasional Height Fire Pit by O.W. Lee",Fire Tables,cat-fire-tables,,,,,,,,,fixed,192.00,"H 19"" × W 42""","{""height_in"":""19"",""collection"":""Santorini"",""weight_lbs"":""192"",""arm_height_in"":""—"",""seat_height_in"":""—"",""spec_sheet_pdf"":""https://www.owlee.com/collections/santorini/42-rd-occasional-height-santorini-aluminum-fire-pit/"",""width_diameter_in"":""42""}","[""o-w-lee"",""santorini"",""made-in-usa""]",false,true,true,true,false,,80,0,true,2026-05-03 01:40:47.028782+00,2026-05-03 01:40:47.028782+00,[],[],[],[],[],"[{""url"":""https://641bdd57-e650-4f10-a19f-628c07eb50b7-00-1e7i1aja8wnz9.worf.replit.dev/api/storage/objects/products/owlee/5110-42RDO.jpg"",""alt_text"":null,""is_primary"":true,""display_order"":0,""image_kind"":""gallery"",""variant_id"":null}]",[]
O.W. Lee,o-w-lee,2106,5110-54RDC,"Santorini 54"" Rd. Chat Height Fire Pit",owlee-santorini-54-rd-chat-height-fire-pit-5110-54rdc,"Part of the O.W. Lee Santorini collection. Crafted in the USA, O.W. Lee pieces are built to order and sold exclusively through our showroom — contact a sales agent for pricing, finishes, and cushion options.","Santorini collection · 54"" Rd. Chat Height Fire Pit by O.W. Lee",Fire Tables,cat-fire-tables,,,,,,,,,fixed,254.00,"H 24"" × W 54""","{""height_in"":""24"",""collection"":""Santorini"",""weight_lbs"":""254"",""arm_height_in"":""—"",""seat_height_in"":""—"",""spec_sheet_pdf"":""https://www.owlee.com/collections/santorini/54-rd-chat-height-santorini-fire-pit/"",""width_diameter_in"":""54""}","[""o-w-lee"",""santorini"",""made-in-usa""]",false,true,true,true,false,,83,0,true,2026-05-03 01:40:47.038761+00,2026-05-03 01:40:47.038761+00,[],[],[],[],[],"[{""url"":""https://641bdd57-e650-4f10-a19f-628c07eb50b7-00-1e7i1aja8wnz9.worf.replit.dev/api/storage/objects/products/owlee/5110-54RDC.jpg"",""alt_text"":null,""is_primary"":true,""display_order"":0,""image_kind"":""gallery"",""variant_id"":null}]",[]
O.W. Lee,o-w-lee,2105,5110-54RDO,"Santorini 54"" Rd. Occasional Height Fire Pit",owlee-santorini-54-rd-occasional-height-fire-pit-5110-54rdo,"Part of the O.W. Lee Santorini collection. Crafted in the USA, O.W. Lee pieces are built to order and sold exclusively through our showroom — contact a sales agent for pricing, finishes, and cushion options.","Santorini collection · 54"" Rd. Occasional Height Fire Pit by O.W. Lee",Fire Tables,cat-fire-tables,,,,,,,,,fixed,248.00,"H 19"" × W 54""","{""height_in"":""19"",""collection"":""Santorini"",""weight_lbs"":""248"",""arm_height_in"":""—"",""seat_height_in"":""—"",""spec_sheet_pdf"":""https://www.owlee.com/collections/santorini/54-rd-occasional-height-santorini-aluminum-fire-pit/"",""width_diameter_in"":""54""}","[""o-w-lee"",""santorini"",""made-in-usa""]",false,true,true,true,false,,82,0,true,2026-05-03 01:40:47.035525+00,2026-05-03 01:40:47.035525+00,[],[],[],[],[],"[{""url"":""https://641bdd57-e650-4f10-a19f-628c07eb50b7-00-1e7i1aja8wnz9.worf.replit.dev/api/storage/objects/products/owlee/5110-54RDO.svg"",""alt_text"":null,""is_primary"":true,""display_order"":0,""image_kind"":""gallery"",""variant_id"":null}]",[]
O.W. Lee,o-w-lee,4888,5110-RDO,"42"" Rd. Occasional Height Santorini Aluminum Fire Pit",owlee-42-rd-occasional-height-santorini-aluminum-fire-pit-5110-rdo,"Inspired by the timeless beauty of Mediterranean architecture, the iron Santorini Fire Pit blends old-world charm with modern durability, creating a striking focal point for evening gatherings or serene solo moments. Its fully welded iron construction provides exceptional strength and stability while delivering a refined, architectural presence outdoors. Handcrafted in the USA by skilled artisans, the Santorini Fire Pit allows you to tailor every detail to suit your outdoor aesthetic. Choose from 10 elegant iron frame finishes and sixteen striking porcelain tile tops to create your ideal centerpiece. Available with either manual or electronic ignition, each unit comes propane-ready and can be easily converted to natural gas with an optional conversion kit. With two height options and six versatile sizes, Santorini adapts beautifully to any space or style.","Inspired by the timeless beauty of Mediterranean architecture, the iron Santorini Fire Pit blends old-world charm with modern durability, creating a striking focal point for evening gatherings or serene solo moments. Its fully welded iron construction provides exceptional strength and stability while delivering a refined, architectural presence outdoors. Handcrafted in the USA by skilled artisans, the Santorini Fire Pit allows you to tailor every detail to suit your outdoor aesthetic. Choose from 10 elegant iron frame finishes and sixteen striking porcelain tile tops to create your ideal centerpiece. Available with either manual or electronic ignition, each unit comes propane-ready and can be easily converted to natural gas with an optional conversion kit. With two height options and six versatile sizes, Santorini adapts beautifully to any space or style.",Fire Tables,cat-fire-tables,Aluminum,aluminum,,,,,,,fixed,,"H 19"" × W 42"" × D 42""","{""height_in"":""19"",""collection"":""Santorini"",""source_url"":""https://www.owlee.com/collections/santorini/42-rd-occasional-height-santorini-aluminum-fire-pit/"",""weight_lbs"":""192 (pkg)"",""spec_sheet_pdf"":""https://www.owlee.com/wp-content/uploads/2021/11/Casual-Fireside_Retail_SpecSheets_2026_5110-42RDO-Santorini.pdf"",""depth_length_in"":""42"",""width_diameter_in"":""42""}","[""o-w-lee"",""casual-fireside"",""made-in-usa"",""quote-only""]",false,true,true,true,false,,22,0,true,2026-06-02 00:19:48.854065+00,2026-06-17 00:27:48.069+00,[],[],[],[],[],"[{""url"":""https://641bdd57-e650-4f10-a19f-628c07eb50b7-00-1e7i1aja8wnz9.worf.replit.dev/api/storage/objects/products/owlee-v2/5110-RDO_Santorini_42_Rd._Occasional_Height_Santorini_Aluminum_Fire_Pit.jpg"",""alt_text"":null,""is_primary"":true,""display_order"":0,""image_kind"":""gallery"",""variant_id"":null}]",[]
O.W. Lee,o-w-lee,4889,51110-54RDC,"54"" Rd. Chat Height Santorini Fire Pit",owlee-54-rd-chat-height-santorini-fire-pit-51110-54rdc,"Inspired by the timeless beauty of Mediterranean architecture, the iron Santorini Fire Pit blends old-world charm with modern durability, creating a striking focal point for evening gatherings or serene solo moments. Its fully welded iron construction provides exceptional strength and stability while delivering a refined, architectural presence outdoors. Handcrafted in the USA by skilled artisans, the Santorini Fire Pit allows you to tailor every detail to suit your outdoor aesthetic. Choose from 10 elegant iron frame finishes and sixteen striking porcelain tile tops to create your ideal centerpiece. Available with either manual or electronic ignition, each unit comes propane-ready and can be easily converted to natural gas with an optional conversion kit. With two height options and six versatile sizes, Santorini adapts beautifully to any space or style.","Inspired by the timeless beauty of Mediterranean architecture, the iron Santorini Fire Pit blends old-world charm with modern durability, creating a striking focal point for evening gatherings or serene solo moments. Its fully welded iron construction provides exceptional strength and stability while delivering a refined, architectural presence outdoors. Handcrafted in the USA by skilled artisans, the Santorini Fire Pit allows you to tailor every detail to suit your outdoor aesthetic. Choose from 10 elegant iron frame finishes and sixteen striking porcelain tile tops to create your ideal centerpiece. Available with either manual or electronic ignition, each unit comes propane-ready and can be easily converted to natural gas with an optional conversion kit. With two height options and six versatile sizes, Santorini adapts beautifully to any space or style.",Fire Tables,cat-fire-tables,Wrought Iron,wrought-iron,,,,,,,fixed,,"H 24"" × W 54"" × D 54""","{""height_in"":""24"",""collection"":""Santorini"",""source_url"":""https://www.owlee.com/collections/santorini/54-rd-chat-height-santorini-fire-pit/"",""weight_lbs"":""254 (pkg)"",""spec_sheet_pdf"":""https://www.owlee.com/wp-content/uploads/2021/11/Casual-Fireside_Retail_SpecSheets_2026_5110-54RDC-Santorini.pdf"",""depth_length_in"":""54"",""width_diameter_in"":""54""}","[""o-w-lee"",""casual-fireside"",""made-in-usa"",""quote-only""]",false,true,true,true,false,,24,0,true,2026-06-02 00:19:49.003849+00,2026-06-17 00:27:48.083+00,[],[],[],[],[],"[{""url"":""https://641bdd57-e650-4f10-a19f-628c07eb50b7-00-1e7i1aja8wnz9.worf.replit.dev/api/storage/objects/products/owlee-v2/51110-54RDC_Santorini_54_Rd._Chat_Height_Santorini_Fire_Pit.jpg"",""alt_text"":null,""is_primary"":true,""display_order"":0,""image_kind"":""gallery"",""variant_id"":null}]",[]
O.W. Lee,o-w-lee,4890,51110-54RDO,"54"" Rd. Occasional Height Santorini Aluminum Fire Pit",owlee-54-rd-occasional-height-santorini-aluminum-fire-pit-51110-54rdo,"Inspired by the timeless beauty of Mediterranean architecture, the iron Santorini Fire Pit blends old-world charm with modern durability, creating a striking focal point for evening gatherings or serene solo moments. Its fully welded iron construction provides exceptional strength and stability while delivering a refined, architectural presence outdoors. Handcrafted in the USA by skilled artisans, the Santorini Fire Pit allows you to tailor every detail to suit your outdoor aesthetic. Choose from 10 elegant iron frame finishes and sixteen striking porcelain tile tops to create your ideal centerpiece. Available with either manual or electronic ignition, each unit comes propane-ready and can be easily converted to natural gas with an optional conversion kit. With two height options and six versatile sizes, Santorini adapts beautifully to any space or style.","Inspired by the timeless beauty of Mediterranean architecture, the iron Santorini Fire Pit blends old-world charm with modern durability, creating a striking focal point for evening gatherings or serene solo moments. Its fully welded iron construction provides exceptional strength and stability while delivering a refined, architectural presence outdoors. Handcrafted in the USA by skilled artisans, the Santorini Fire Pit allows you to tailor every detail to suit your outdoor aesthetic. Choose from 10 elegant iron frame finishes and sixteen striking porcelain tile tops to create your ideal centerpiece. Available with either manual or electronic ignition, each unit comes propane-ready and can be easily converted to natural gas with an optional conversion kit. With two height options and six versatile sizes, Santorini adapts beautifully to any space or style.",Fire Tables,cat-fire-tables,Aluminum,aluminum,,,,,,,fixed,,"H 19"" × W 54"" × D 54""","{""height_in"":""19"",""collection"":""Santorini"",""source_url"":""https://www.owlee.com/collections/santorini/54-rd-occasional-height-santorini-aluminum-fire-pit/"",""weight_lbs"":""248 (pkg)"",""depth_length_in"":""54"",""width_diameter_in"":""54""}","[""o-w-lee"",""casual-fireside"",""made-in-usa"",""quote-only""]",false,true,true,true,false,,26,0,true,2026-06-02 00:19:49.213818+00,2026-06-17 00:27:48.078+00,[],[],[],[],[],"[{""url"":""https://641bdd57-e650-4f10-a19f-628c07eb50b7-00-1e7i1aja8wnz9.worf.replit.dev/api/storage/objects/products/owlee-v2/51110-54RDO_Santorini_54_Rd._Occasional_Height_Santorini_Aluminum_Fire_Pit.jpg"",""alt_text"":null,""is_primary"":true,""display_order"":0,""image_kind"":""gallery"",""variant_id"":null}]",[]
O.W. Lee,o-w-lee,2118,5112-2872C,"Capri 28"" x 72"" Chat Height Fire Pit",owlee-capri-28-x-72-chat-height-fire-pit-5112-2872c,"Elevate your outdoor gatherings with the sleek sophistication of the iron O.W. Lee Capri Fire Pit Collection. Designed with clean lines and a timeless modern aesthetic, Capri fire pits bring inviting warmth, refined style, and lasting durability to any outdoor living space. Expertly crafted in the USA, each Capri Fire Pit features a fully welded iron base paired with a durable porcelain tile top. This iron construction delivers exceptional strength and stability, while the porcelain surface offers outstanding resistance to heat, moisture, and the elements. With a choice of 10 elegant iron frame finishes and sixteen distinctive porcelain tile options, Capri offers extensive customization for both contemporary and transitional outdoor designs. Designed for flexibility and performance, Capri fire pits are available with manual or electronic ignition. Every unit ships propane-ready and can be easily converted to natural gas using an optional conversion kit. Offered in two height options and six versatile sizes, the Capri Collection provides a tailored solution for a wide range of outdoor layouts.","Elevate your outdoor gatherings with the sleek sophistication of the iron O.W. Lee Capri Fire Pit Collection. Designed with clean lines and a timeless modern aesthetic, Capri fire pits bring inviting warmth, refined style, and lasting durability to any outdoor living space. Expertly crafted in the USA, each Capri Fire Pit features a fully welded iron base paired with a durable porcelain tile top. This iron construction delivers exceptional strength and stability, while the porcelain surface offers outstanding resistance to heat, moisture, and the elements. With a choice of 10 elegant iron frame finishes and sixteen distinctive porcelain tile options, Capri offers extensive customization for both contemporary and transitional outdoor designs. Designed for flexibility and performance, Capri fire pits are available with manual or electronic ignition. Every unit ships propane-ready and can be easily converted to natural gas using an optional conversion kit. Offered in two height options and six versatile sizes, the Capri Collection provides a tailored solution for a wide range of outdoor layouts.",Fire Tables,cat-fire-tables,Wrought Iron,wrought-iron,,,,,,,fixed,,"H 24"" × W 72"" × D 28""","{""height_in"":""24"",""collection"":""Capri"",""weight_lbs"":""295 (pkg)"",""arm_height_in"":""—"",""seat_height_in"":""—"",""spec_sheet_pdf"":""https://www.owlee.com/wp-content/uploads/2021/11/Casual-Fireside_Retail_SpecSheets_2026_5112-2872C-Capri.pdf"",""depth_length_in"":""28"",""width_diameter_in"":""72""}","[""o-w-lee"",""capri"",""made-in-usa""]",false,true,true,true,false,,95,0,true,2026-05-03 01:40:47.079687+00,2026-06-17 00:27:48.144+00,[],[],[],[],[],"[{""url"":""https://641bdd57-e650-4f10-a19f-628c07eb50b7-00-1e7i1aja8wnz9.worf.replit.dev/api/storage/objects/products/owlee-v2/5112-2872C_Capri_28_x_72_Chat_Height_Capri_Fire_Pit.jpg"",""alt_text"":null,""is_primary"":true,""display_order"":0,""image_kind"":""gallery"",""variant_id"":null}]",[]
O.W. Lee,o-w-lee,2117,5112-2872O,"Capri 28"" x 72"" Occasional Height Fire Pit",owlee-capri-28-x-72-occasional-height-fire-pit-5112-2872o,"Elevate your outdoor gatherings with the sleek sophistication of the iron O.W. Lee Capri Fire Pit Collection. Designed with clean lines and a timeless modern aesthetic, Capri fire pits bring inviting warmth, refined style, and lasting durability to any outdoor living space. Expertly crafted in the USA, each Capri Fire Pit features a fully welded iron base paired with a durable porcelain tile top. This iron construction delivers exceptional strength and stability, while the porcelain surface offers outstanding resistance to heat, moisture, and the elements. With a choice of 10 elegant iron frame finishes and sixteen distinctive porcelain tile options, Capri offers extensive customization for both contemporary and transitional outdoor designs. Designed for flexibility and performance, Capri fire pits are available with manual or electronic ignition. Every unit ships propane-ready and can be easily converted to natural gas using an optional conversion kit. Offered in two height options and six versatile sizes, the Capri Collection provides a tailored solution for a wide range of outdoor layouts.","Elevate your outdoor gatherings with the sleek sophistication of the iron O.W. Lee Capri Fire Pit Collection. Designed with clean lines and a timeless modern aesthetic, Capri fire pits bring inviting warmth, refined style, and lasting durability to any outdoor living space. Expertly crafted in the USA, each Capri Fire Pit features a fully welded iron base paired with a durable porcelain tile top. This iron construction delivers exceptional strength and stability, while the porcelain surface offers outstanding resistance to heat, moisture, and the elements. With a choice of 10 elegant iron frame finishes and sixteen distinctive porcelain tile options, Capri offers extensive customization for both contemporary and transitional outdoor designs. Designed for flexibility and performance, Capri fire pits are available with manual or electronic ignition. Every unit ships propane-ready and can be easily converted to natural gas using an optional conversion kit. Offered in two height options and six versatile sizes, the Capri Collection provides a tailored solution for a wide range of outdoor layouts.",Fire Tables,cat-fire-tables,Wrought Iron,wrought-iron,,,,,,,fixed,,"H 19"" × W 72"" × D 28""","{""height_in"":""19"",""collection"":""Capri"",""weight_lbs"":""293 (pkg)"",""arm_height_in"":""—"",""seat_height_in"":""—"",""spec_sheet_pdf"":""https://www.owlee.com/wp-content/uploads/2021/11/Casual-Fireside_Retail_SpecSheets_2026_5112-2872O-Capri.pdf"",""depth_length_in"":""28"",""width_diameter_in"":""72""}","[""o-w-lee"",""capri"",""made-in-usa""]",false,true,true,true,false,,94,0,true,2026-05-03 01:40:47.076566+00,2026-06-17 00:27:48.139+00,[],[],[],[],[],"[{""url"":""https://641bdd57-e650-4f10-a19f-628c07eb50b7-00-1e7i1aja8wnz9.worf.replit.dev/api/storage/objects/products/owlee-v2/5112-2872O_Capri_28_x_72_Occasional_Height_Capri_Fire_Pit.jpg"",""alt_text"":null,""is_primary"":true,""display_order"":0,""image_kind"":""gallery"",""variant_id"":null}]",[]
O.W. Lee,o-w-lee,2109,5112-3050C,"Capri 30"" x 50"" Chat Height Fire Pit",owlee-capri-30-x-50-chat-height-fire-pit-5112-3050c,"Elevate your outdoor gatherings with the refined versatility of the O.W. Lee Capri Fire Pit Collection. Designed with clean lines and a timeless modern aesthetic, Capri steel fire pits provide inviting warmth while serving as a sophisticated focal point for patios, terraces, and outdoor living spaces. Expertly crafted in the USA, each Capri Fire Pit pairs a fully welded iron base with a durable porcelain tile top, delivering exceptional strength, stability, and long-term performance. The porcelain surface is engineered to withstand heat, moisture, and outdoor exposure while maintaining its refined appearance. With 16 distinctive porcelain tile options and 10 elegant frame finishes, Capri offers extensive customization to complement both contemporary and transitional outdoor designs. Built to last and backed by one of the best warranties in the industry, Capri fire pits reflect O.W. Lee’s uncompromising commitment to quality. The frame is protected by a 20-year structural warranty, while the finish, porcelain tiles, components, and accessories are covered for 5 years, providing confidence season after season. Designed for flexibility and reliable performance, Capri fire pits are available with manual or electronic ignition. Each unit ships propane-ready and can be easily converted to natural gas using an optional conversion kit. Offered in two height options and seven versatile sizes, the Capri Collection delivers a tailored solution for a wide range of outdoor layouts, combining craftsmanship, customization, and enduring outdoor comfort.","Elevate your outdoor gatherings with the refined versatility of the O.W. Lee Capri Fire Pit Collection. Designed with clean lines and a timeless modern aesthetic, Capri steel fire pits provide inviting warmth while serving as a sophisticated focal point for patios, terraces, and outdoor living spaces. Expertly crafted in the USA, each Capri Fire Pit pairs a fully welded iron base with a durable porcelain tile top, delivering exceptional strength, stability, and long-term performance. The porcelain surface is engineered to withstand heat, moisture, and outdoor exposure while maintaining its refined appearance. With 16 distinctive porcelain tile options and 10 elegant frame finishes, Capri offers extensive customization to complement both contemporary and transitional outdoor designs. Built to last and backed by one of the best warranties in the industry, Capri fire pits reflect O.W. Lee’s uncompromising commitment to quality. The frame is protected by a 20-year structural warranty, while the finish, porcelain tiles, components, and accessories are covered for 5 years, providing confidence season after season. Designed for flexibility and reliable performance, Capri fire pits are available with manual or electronic ignition. Each unit ships propane-ready and can be easily converted to natural gas using an optional conversion kit. Offered in two height options and seven versatile sizes, the Capri Collection delivers a tailored solution for a wide range of outdoor layouts, combining craftsmanship, customization, and enduring outdoor comfort.",Fire Tables,cat-fire-tables,Aluminum,aluminum,,,,,,,fixed,,"H 24"" × W 50"" × D 30""","{""height_in"":""24"",""collection"":""Capri"",""weight_lbs"":""208 (pkg)"",""arm_height_in"":""—"",""seat_height_in"":""—"",""spec_sheet_pdf"":""https://www.owlee.com/wp-content/uploads/2021/11/Casual-Fireside_Retail_SpecSheets_2026_5112-3050C-Capri.pdf"",""depth_length_in"":""30"",""width_diameter_in"":""50""}","[""o-w-lee"",""capri"",""made-in-usa""]",false,true,true,true,false,,86,0,true,2026-05-03 01:40:47.051268+00,2026-06-17 00:27:48.099+00,[],[],[],[],[],"[{""url"":""https://641bdd57-e650-4f10-a19f-628c07eb50b7-00-1e7i1aja8wnz9.worf.replit.dev/api/storage/objects/products/owlee-v2/5112-3050C_Capri_30_x_50_Chat_Height_Capri_Fire_Pit.jpg"",""alt_text"":null,""is_primary"":true,""display_order"":0,""image_kind"":""gallery"",""variant_id"":null}]",[]
O.W. Lee,o-w-lee,2116,5112-3050O,"Capri 30"" x 50"" Occasional Height Fire Pit",owlee-capri-30-x-50-occasional-height-fire-pit-5112-3050o,"Elevate your outdoor gatherings with the sleek sophistication of the iron O.W. Lee Capri Fire Pit Collection. Designed with clean lines and a timeless modern aesthetic, Capri fire pits bring inviting warmth, refined style, and lasting durability to any outdoor living space. Expertly crafted in the USA, each Capri Fire Pit features a fully welded iron base paired with a durable porcelain tile top. This iron construction delivers exceptional strength and stability, while the porcelain surface offers outstanding resistance to heat, moisture, and the elements. With a choice of 10 elegant iron frame finishes and sixteen distinctive porcelain tile options, Capri offers extensive customization for both contemporary and transitional outdoor designs. Designed for flexibility and performance, Capri fire pits are available with manual or electronic ignition. Every unit ships propane-ready and can be easily converted to natural gas using an optional conversion kit. Offered in two height options and six versatile sizes, the Capri Collection provides a tailored solution for a wide range of outdoor layouts.","Elevate your outdoor gatherings with the sleek sophistication of the iron O.W. Lee Capri Fire Pit Collection. Designed with clean lines and a timeless modern aesthetic, Capri fire pits bring inviting warmth, refined style, and lasting durability to any outdoor living space. Expertly crafted in the USA, each Capri Fire Pit features a fully welded iron base paired with a durable porcelain tile top. This iron construction delivers exceptional strength and stability, while the porcelain surface offers outstanding resistance to heat, moisture, and the elements. With a choice of 10 elegant iron frame finishes and sixteen distinctive porcelain tile options, Capri offers extensive customization for both contemporary and transitional outdoor designs. Designed for flexibility and performance, Capri fire pits are available with manual or electronic ignition. Every unit ships propane-ready and can be easily converted to natural gas using an optional conversion kit. Offered in two height options and six versatile sizes, the Capri Collection provides a tailored solution for a wide range of outdoor layouts.",Fire Tables,cat-fire-tables,Wrought Iron,wrought-iron,,,,,,,fixed,,"H 19"" × W 50"" × D 30""","{""height_in"":""19"",""collection"":""Capri"",""weight_lbs"":""200 (pkg)"",""arm_height_in"":""—"",""seat_height_in"":""—"",""spec_sheet_pdf"":""https://www.owlee.com/wp-content/uploads/2021/11/Casual-Fireside_Retail_SpecSheets_2026_5112-3050O-Capri.pdf"",""depth_length_in"":""30"",""width_diameter_in"":""50""}","[""o-w-lee"",""capri"",""made-in-usa""]",false,true,true,true,false,,93,0,true,2026-05-03 01:40:47.073463+00,2026-06-17 00:27:48.134+00,[],[],[],[],[],"[{""url"":""https://641bdd57-e650-4f10-a19f-628c07eb50b7-00-1e7i1aja8wnz9.worf.replit.dev/api/storage/objects/products/owlee-v2/5112-3050O_Capri_30_x_50_Occasional_Height_Capri_Fire_Pit.jpg"",""alt_text"":null,""is_primary"":true,""display_order"":0,""image_kind"":""gallery"",""variant_id"":null}]",[]
O.W. Lee,o-w-lee,2111,5112-30RDC,"Capri 30"" Rd. Chat Height Fire Pit",owlee-capri-30-rd-chat-height-fire-pit-5112-30rdc,"Elevate your outdoor gatherings with the sleek sophistication of the iron O.W. Lee Capri Fire Pit Collection. Designed with clean lines and a timeless modern aesthetic, Capri fire pits bring inviting warmth, refined style, and lasting durability to any outdoor living space. Expertly crafted in the USA, each Capri Fire Pit features a fully welded iron base paired with a durable porcelain tile top. This iron construction delivers exceptional strength and stability, while the porcelain surface offers outstanding resistance to heat, moisture, and the elements. With a choice of 10 elegant iron frame finishes and sixteen distinctive porcelain tile options, Capri offers extensive customization for both contemporary and transitional outdoor designs. Designed for flexibility and performance, Capri fire pits are available with manual or electronic ignition. Every unit ships propane-ready and can be easily converted to natural gas using an optional conversion kit. Offered in two height options and six versatile sizes, the Capri Collection provides a tailored solution for a wide range of outdoor layouts.","Elevate your outdoor gatherings with the sleek sophistication of the iron O.W. Lee Capri Fire Pit Collection. Designed with clean lines and a timeless modern aesthetic, Capri fire pits bring inviting warmth, refined style, and lasting durability to any outdoor living space. Expertly crafted in the USA, each Capri Fire Pit features a fully welded iron base paired with a durable porcelain tile top. This iron construction delivers exceptional strength and stability, while the porcelain surface offers outstanding resistance to heat, moisture, and the elements. With a choice of 10 elegant iron frame finishes and sixteen distinctive porcelain tile options, Capri offers extensive customization for both contemporary and transitional outdoor designs. Designed for flexibility and performance, Capri fire pits are available with manual or electronic ignition. Every unit ships propane-ready and can be easily converted to natural gas using an optional conversion kit. Offered in two height options and six versatile sizes, the Capri Collection provides a tailored solution for a wide range of outdoor layouts.",Fire Tables,cat-fire-tables,Wrought Iron,wrought-iron,,,,,,,fixed,,"H 24"" × W 30""","{""height_in"":""24"",""collection"":""Capri"",""weight_lbs"":""128 (pkg)"",""arm_height_in"":""—"",""seat_height_in"":""—"",""spec_sheet_pdf"":""https://www.owlee.com/wp-content/uploads/2021/11/Casual-Fireside_Retail_SpecSheets_2026_5112-30RDC-Capri.pdf"",""width_diameter_in"":""30""}","[""o-w-lee"",""capri"",""made-in-usa""]",false,true,true,true,false,,88,0,true,2026-05-03 01:40:47.05807+00,2026-06-17 00:27:48.109+00,[],[],[],[],[],"[{""url"":""https://641bdd57-e650-4f10-a19f-628c07eb50b7-00-1e7i1aja8wnz9.worf.replit.dev/api/storage/objects/products/owlee-v2/5112-30RDC_Capri_30_Rd._Chat_Height_Capri_Fire_Pit.jpg"",""alt_text"":null,""is_primary"":true,""display_order"":0,""image_kind"":""gallery"",""variant_id"":null}]",[]
O.W. Lee,o-w-lee,2120,5112-3658C,"Capri 36"" x 58"" Chat Height Fire Pit",owlee-capri-36-x-58-chat-height-fire-pit-5112-3658c,"Elevate your outdoor gatherings with the sleek sophistication of the iron O.W. Lee Capri Fire Pit Collection. Designed with clean lines and a timeless modern aesthetic, Capri fire pits bring inviting warmth, refined style, and lasting durability to any outdoor living space. Expertly crafted in the USA, each Capri Fire Pit features a fully welded iron base paired with a durable porcelain tile top. This iron construction delivers exceptional strength and stability, while the porcelain surface offers outstanding resistance to heat, moisture, and the elements. With a choice of 10 elegant iron frame finishes and sixteen distinctive porcelain tile options, Capri offers extensive customization for both contemporary and transitional outdoor designs. Designed for flexibility and performance, Capri fire pits are available with manual or electronic ignition. Every unit ships propane-ready and can be easily converted to natural gas using an optional conversion kit. Offered in two height options and six versatile sizes, the Capri Collection provides a tailored solution for a wide range of outdoor layouts.","Elevate your outdoor gatherings with the sleek sophistication of the iron O.W. Lee Capri Fire Pit Collection. Designed with clean lines and a timeless modern aesthetic, Capri fire pits bring inviting warmth, refined style, and lasting durability to any outdoor living space. Expertly crafted in the USA, each Capri Fire Pit features a fully welded iron base paired with a durable porcelain tile top. This iron construction delivers exceptional strength and stability, while the porcelain surface offers outstanding resistance to heat, moisture, and the elements. With a choice of 10 elegant iron frame finishes and sixteen distinctive porcelain tile options, Capri offers extensive customization for both contemporary and transitional outdoor designs. Designed for flexibility and performance, Capri fire pits are available with manual or electronic ignition. Every unit ships propane-ready and can be easily converted to natural gas using an optional conversion kit. Offered in two height options and six versatile sizes, the Capri Collection provides a tailored solution for a wide range of outdoor layouts.",Fire Tables,cat-fire-tables,Wrought Iron,wrought-iron,,,,,,,fixed,,"H 24"" × W 58"" × D 36""","{""height_in"":""24"",""collection"":""Capri"",""weight_lbs"":""251 (pkg)"",""arm_height_in"":""—"",""seat_height_in"":""—"",""spec_sheet_pdf"":""https://www.owlee.com/wp-content/uploads/2021/11/Casual-Fireside_Retail_SpecSheets_2026_5112-3658C-Capri.pdf"",""depth_length_in"":""36"",""width_diameter_in"":""58""}","[""o-w-lee"",""capri"",""made-in-usa""]",false,true,true,true,false,,97,0,true,2026-05-03 01:40:47.08637+00,2026-06-17 00:27:48.156+00,[],[],[],[],[],"[{""url"":""https://641bdd57-e650-4f10-a19f-628c07eb50b7-00-1e7i1aja8wnz9.worf.replit.dev/api/storage/objects/products/owlee-v2/5112-3658C_Capri_36_x_58_Capri_Chat_Height_Fire_Pit.jpg"",""alt_text"":null,""is_primary"":true,""display_order"":0,""image_kind"":""gallery"",""variant_id"":null}]",[]
O.W. Lee,o-w-lee,2119,5112-3658O,"Capri 36"" x 58"" Occasional Height Fire Pit",owlee-capri-36-x-58-occasional-height-fire-pit-5112-3658o,"Elevate your outdoor gatherings with the sleek sophistication of the iron O.W. Lee Capri Fire Pit Collection. Designed with clean lines and a timeless modern aesthetic, Capri fire pits bring inviting warmth, refined style, and lasting durability to any outdoor living space. Expertly crafted in the USA, each Capri Fire Pit features a fully welded iron base paired with a durable porcelain tile top. This iron construction delivers exceptional strength and stability, while the porcelain surface offers outstanding resistance to heat, moisture, and the elements. With a choice of 10 elegant iron frame finishes and sixteen distinctive porcelain tile options, Capri offers extensive customization for both contemporary and transitional outdoor designs. Designed for flexibility and performance, Capri fire pits are available with manual or electronic ignition. Every unit ships propane-ready and can be easily converted to natural gas using an optional conversion kit. Offered in two height options and six versatile sizes, the Capri Collection provides a tailored solution for a wide range of outdoor layouts.","Elevate your outdoor gatherings with the sleek sophistication of the iron O.W. Lee Capri Fire Pit Collection. Designed with clean lines and a timeless modern aesthetic, Capri fire pits bring inviting warmth, refined style, and lasting durability to any outdoor living space. Expertly crafted in the USA, each Capri Fire Pit features a fully welded iron base paired with a durable porcelain tile top. This iron construction delivers exceptional strength and stability, while the porcelain surface offers outstanding resistance to heat, moisture, and the elements. With a choice of 10 elegant iron frame finishes and sixteen distinctive porcelain tile options, Capri offers extensive customization for both contemporary and transitional outdoor designs. Designed for flexibility and performance, Capri fire pits are available with manual or electronic ignition. Every unit ships propane-ready and can be easily converted to natural gas using an optional conversion kit. Offered in two height options and six versatile sizes, the Capri Collection provides a tailored solution for a wide range of outdoor layouts.",Fire Tables,cat-fire-tables,Wrought Iron,wrought-iron,,,,,,,fixed,,"H 19"" × W 58"" × D 36""","{""height_in"":""19"",""collection"":""Capri"",""weight_lbs"":""243 (pkg)"",""arm_height_in"":""—"",""seat_height_in"":""—"",""spec_sheet_pdf"":""https://www.owlee.com/wp-content/uploads/2021/11/Casual-Fireside_Retail_SpecSheets_2026_5112-3658O-Capri.pdf"",""depth_length_in"":""36"",""width_diameter_in"":""58""}","[""o-w-lee"",""capri"",""made-in-usa""]",false,true,true,true,false,,96,0,true,2026-05-03 01:40:47.083239+00,2026-06-17 00:27:48.15+00,[],[],[],[],[],"[{""url"":""https://641bdd57-e650-4f10-a19f-628c07eb50b7-00-1e7i1aja8wnz9.worf.replit.dev/api/storage/objects/products/owlee-v2/5112-3658O_Capri_36_x_58_Occasional_Height_Capri_Fire_Pit.jpg"",""alt_text"":null,""is_primary"":true,""display_order"":0,""image_kind"":""gallery"",""variant_id"":null}]",[]
O.W. Lee,o-w-lee,2112,5112-36RDC,"Capri 36"" Rd. Chat Height Fire Pit",owlee-capri-36-rd-chat-height-fire-pit-5112-36rdc,"Elevate your outdoor gatherings with the sleek sophistication of the iron O.W. Lee Capri Fire Pit Collection. Designed with clean lines and a timeless modern aesthetic, Capri fire pits bring inviting warmth, refined style, and lasting durability to any outdoor living space. Expertly crafted in the USA, each Capri Fire Pit features a fully welded iron base paired with a durable porcelain tile top. This iron construction delivers exceptional strength and stability, while the porcelain surface offers outstanding resistance to heat, moisture, and the elements. With a choice of 10 elegant iron frame finishes and sixteen distinctive porcelain tile options, Capri offers extensive customization for both contemporary and transitional outdoor designs. Designed for flexibility and performance, Capri fire pits are available with manual or electronic ignition. Every unit ships propane-ready and can be easily converted to natural gas using an optional conversion kit. Offered in two height options and six versatile sizes, the Capri Collection provides a tailored solution for a wide range of outdoor layouts.","Elevate your outdoor gatherings with the sleek sophistication of the iron O.W. Lee Capri Fire Pit Collection. Designed with clean lines and a timeless modern aesthetic, Capri fire pits bring inviting warmth, refined style, and lasting durability to any outdoor living space. Expertly crafted in the USA, each Capri Fire Pit features a fully welded iron base paired with a durable porcelain tile top. This iron construction delivers exceptional strength and stability, while the porcelain surface offers outstanding resistance to heat, moisture, and the elements. With a choice of 10 elegant iron frame finishes and sixteen distinctive porcelain tile options, Capri offers extensive customization for both contemporary and transitional outdoor designs. Designed for flexibility and performance, Capri fire pits are available with manual or electronic ignition. Every unit ships propane-ready and can be easily converted to natural gas using an optional conversion kit. Offered in two height options and six versatile sizes, the Capri Collection provides a tailored solution for a wide range of outdoor layouts.",Fire Tables,cat-fire-tables,Wrought Iron,wrought-iron,,,,,,,fixed,,"H 24"" × W 36""","{""height_in"":""24"",""collection"":""Capri"",""weight_lbs"":""185 (pkg)"",""arm_height_in"":""—"",""seat_height_in"":""—"",""spec_sheet_pdf"":""https://www.owlee.com/wp-content/uploads/2021/11/Casual-Fireside_Retail_SpecSheets_2026_5112-36RDC-Capri.pdf"",""width_diameter_in"":""36""}","[""o-w-lee"",""capri"",""made-in-usa""]",false,true,true,true,false,,89,0,true,2026-05-03 01:40:47.060719+00,2026-06-17 00:27:48.115+00,[],[],[],[],[],"[{""url"":""https://641bdd57-e650-4f10-a19f-628c07eb50b7-00-1e7i1aja8wnz9.worf.replit.dev/api/storage/objects/products/owlee-v2/5112-36RDC_Capri_36_Rd._Chat_Height_Capri_Fire_Pit.jpg"",""alt_text"":null,""is_primary"":true,""display_order"":0,""image_kind"":""gallery"",""variant_id"":null}]",[]
O.W. Lee,o-w-lee,2110,5112-42RDC,"Capri 42"" Rd. Chat Height Fire Pit",owlee-capri-42-rd-chat-height-fire-pit-5112-42rdc,"Elevate your outdoor gatherings with the sleek sophistication of the iron O.W. Lee Capri Fire Pit Collection. Designed with clean lines and a timeless modern aesthetic, Capri fire pits bring inviting warmth, refined style, and lasting durability to any outdoor living space. Expertly crafted in the USA, each Capri Fire Pit features a fully welded iron base paired with a durable porcelain tile top. This iron construction delivers exceptional strength and stability, while the porcelain surface offers outstanding resistance to heat, moisture, and the elements. With a choice of 10 elegant iron frame finishes and sixteen distinctive porcelain tile options, Capri offers extensive customization for both contemporary and transitional outdoor designs. Designed for flexibility and performance, Capri fire pits are available with manual or electronic ignition. Every unit ships propane-ready and can be easily converted to natural gas using an optional conversion kit. Offered in two height options and six versatile sizes, the Capri Collection provides a tailored solution for a wide range of outdoor layouts.","Elevate your outdoor gatherings with the sleek sophistication of the iron O.W. Lee Capri Fire Pit Collection. Designed with clean lines and a timeless modern aesthetic, Capri fire pits bring inviting warmth, refined style, and lasting durability to any outdoor living space. Expertly crafted in the USA, each Capri Fire Pit features a fully welded iron base paired with a durable porcelain tile top. This iron construction delivers exceptional strength and stability, while the porcelain surface offers outstanding resistance to heat, moisture, and the elements. With a choice of 10 elegant iron frame finishes and sixteen distinctive porcelain tile options, Capri offers extensive customization for both contemporary and transitional outdoor designs. Designed for flexibility and performance, Capri fire pits are available with manual or electronic ignition. Every unit ships propane-ready and can be easily converted to natural gas using an optional conversion kit. Offered in two height options and six versatile sizes, the Capri Collection provides a tailored solution for a wide range of outdoor layouts.",Fire Tables,cat-fire-tables,Wrought Iron,wrought-iron,,,,,,,fixed,,"H 24"" × W 42""","{""height_in"":""24"",""collection"":""Capri"",""weight_lbs"":""198 (pkg)"",""arm_height_in"":""—"",""seat_height_in"":""—"",""spec_sheet_pdf"":""https://www.owlee.com/wp-content/uploads/2021/11/Casual-Fireside_Retail_SpecSheets_2026_5112-42RDC-Capri.pdf"",""width_diameter_in"":""42""}","[""o-w-lee"",""capri"",""made-in-usa""]",false,true,true,true,false,,87,0,true,2026-05-03 01:40:47.054763+00,2026-06-17 00:27:48.104+00,[],[],[],[],[],"[{""url"":""https://641bdd57-e650-4f10-a19f-628c07eb50b7-00-1e7i1aja8wnz9.worf.replit.dev/api/storage/objects/products/owlee-v2/5112-42RDC_Capri_42_Rd._Chat_Height_Capri_Fire_Pit.jpg"",""alt_text"":null,""is_primary"":true,""display_order"":0,""image_kind"":""gallery"",""variant_id"":null}]",[]
O.W. Lee,o-w-lee,2113,5112-42RDO,"Capri 42"" Rd. Occasional Height Fire Pit",owlee-capri-42-rd-occasional-height-fire-pit-5112-42rdo,"Elevate your outdoor gatherings with the sleek sophistication of the iron O.W. Lee Capri Fire Pit Collection. Designed with clean lines and a timeless modern aesthetic, Capri fire pits bring inviting warmth, refined style, and lasting durability to any outdoor living space. Expertly crafted in the USA, each Capri Fire Pit features a fully welded iron base paired with a durable porcelain tile top. This iron construction delivers exceptional strength and stability, while the porcelain surface offers outstanding resistance to heat, moisture, and the elements. With a choice of 10 elegant iron frame finishes and sixteen distinctive porcelain tile options, Capri offers extensive customization for both contemporary and transitional outdoor designs. Designed for flexibility and performance, Capri fire pits are available with manual or electronic ignition. Every unit ships propane-ready and can be easily converted to natural gas using an optional conversion kit. Offered in two height options and six versatile sizes, the Capri Collection provides a tailored solution for a wide range of outdoor layouts.","Elevate your outdoor gatherings with the sleek sophistication of the iron O.W. Lee Capri Fire Pit Collection. Designed with clean lines and a timeless modern aesthetic, Capri fire pits bring inviting warmth, refined style, and lasting durability to any outdoor living space. Expertly crafted in the USA, each Capri Fire Pit features a fully welded iron base paired with a durable porcelain tile top. This iron construction delivers exceptional strength and stability, while the porcelain surface offers outstanding resistance to heat, moisture, and the elements. With a choice of 10 elegant iron frame finishes and sixteen distinctive porcelain tile options, Capri offers extensive customization for both contemporary and transitional outdoor designs. Designed for flexibility and performance, Capri fire pits are available with manual or electronic ignition. Every unit ships propane-ready and can be easily converted to natural gas using an optional conversion kit. Offered in two height options and six versatile sizes, the Capri Collection provides a tailored solution for a wide range of outdoor layouts.",Fire Tables,cat-fire-tables,Wrought Iron,wrought-iron,,,,,,,fixed,,"H 19"" × W 42""","{""height_in"":""19"",""collection"":""Capri"",""weight_lbs"":""192 (pkg)"",""arm_height_in"":""—"",""seat_height_in"":""—"",""spec_sheet_pdf"":""https://www.owlee.com/wp-content/uploads/2021/11/Casual-Fireside_Retail_SpecSheets_2026_5112-42RDO-Capri.pdf"",""width_diameter_in"":""42""}","[""o-w-lee"",""capri"",""made-in-usa""]",false,true,true,true,false,,90,0,true,2026-05-03 01:40:47.063747+00,2026-06-17 00:27:48.12+00,[],[],[],[],[],"[{""url"":""https://641bdd57-e650-4f10-a19f-628c07eb50b7-00-1e7i1aja8wnz9.worf.replit.dev/api/storage/objects/products/owlee-v2/5112-42RDO_Capri_42_Rd._Occasional_Height_Capri_Fire_Pit.jpg"",""alt_text"":null,""is_primary"":true,""display_order"":0,""image_kind"":""gallery"",""variant_id"":null}]",[]
O.W. Lee,o-w-lee,2115,5112-54RDC,"Capri 54"" Rd. Chat Height Fire Pit",owlee-capri-54-rd-chat-height-fire-pit-5112-54rdc,"Elevate your outdoor gatherings with the sleek sophistication of the iron O.W. Lee Capri Fire Pit Collection. Designed with clean lines and a timeless modern aesthetic, Capri fire pits bring inviting warmth, refined style, and lasting durability to any outdoor living space. Expertly crafted in the USA, each Capri Fire Pit features a fully welded iron base paired with a durable porcelain tile top. This iron construction delivers exceptional strength and stability, while the porcelain surface offers outstanding resistance to heat, moisture, and the elements. With a choice of 10 elegant iron frame finishes and sixteen distinctive porcelain tile options, Capri offers extensive customization for both contemporary and transitional outdoor designs. Designed for flexibility and performance, Capri fire pits are available with manual or electronic ignition. Every unit ships propane-ready and can be easily converted to natural gas using an optional conversion kit. Offered in two height options and six versatile sizes, the Capri Collection provides a tailored solution for a wide range of outdoor layouts.","Elevate your outdoor gatherings with the sleek sophistication of the iron O.W. Lee Capri Fire Pit Collection. Designed with clean lines and a timeless modern aesthetic, Capri fire pits bring inviting warmth, refined style, and lasting durability to any outdoor living space. Expertly crafted in the USA, each Capri Fire Pit features a fully welded iron base paired with a durable porcelain tile top. This iron construction delivers exceptional strength and stability, while the porcelain surface offers outstanding resistance to heat, moisture, and the elements. With a choice of 10 elegant iron frame finishes and sixteen distinctive porcelain tile options, Capri offers extensive customization for both contemporary and transitional outdoor designs. Designed for flexibility and performance, Capri fire pits are available with manual or electronic ignition. Every unit ships propane-ready and can be easily converted to natural gas using an optional conversion kit. Offered in two height options and six versatile sizes, the Capri Collection provides a tailored solution for a wide range of outdoor layouts.",Fire Tables,cat-fire-tables,Wrought Iron,wrought-iron,,,,,,,fixed,,"H 24"" × W 54""","{""height_in"":""24"",""collection"":""Capri"",""weight_lbs"":""254 (pkg)"",""arm_height_in"":""—"",""seat_height_in"":""—"",""spec_sheet_pdf"":""https://www.owlee.com/wp-content/uploads/2021/11/Casual-Fireside_Retail_SpecSheets_2026_5112-54RDC-Capri.pdf"",""width_diameter_in"":""54""}","[""o-w-lee"",""capri"",""made-in-usa""]",false,true,true,true,false,,92,0,true,2026-05-03 01:40:47.070281+00,2026-06-17 00:27:48.13+00,[],[],[],[],[],"[{""url"":""https://641bdd57-e650-4f10-a19f-628c07eb50b7-00-1e7i1aja8wnz9.worf.replit.dev/api/storage/objects/products/owlee-v2/5112-54RDC_Capri_54_Rd._Chat_Height_Capri_Fire_Pit.jpg"",""alt_text"":null,""is_primary"":true,""display_order"":0,""image_kind"":""gallery"",""variant_id"":null}]",[]
O.W. Lee,o-w-lee,2114,5112-54RDO,"Capri 54"" Rd. Occasional Height Fire Pit",owlee-capri-54-rd-occasional-height-fire-pit-5112-54rdo,"Elevate your outdoor gatherings with the sleek sophistication of the iron O.W. Lee Capri Fire Pit Collection. Designed with clean lines and a timeless modern aesthetic, Capri fire pits bring inviting warmth, refined style, and lasting durability to any outdoor living space. Expertly crafted in the USA, each Capri Fire Pit features a fully welded iron base paired with a durable porcelain tile top. This iron construction delivers exceptional strength and stability, while the porcelain surface offers outstanding resistance to heat, moisture, and the elements. With a choice of 10 elegant iron frame finishes and sixteen distinctive porcelain tile options, Capri offers extensive customization for both contemporary and transitional outdoor designs. Designed for flexibility and performance, Capri fire pits are available with manual or electronic ignition. Every unit ships propane-ready and can be easily converted to natural gas using an optional conversion kit. Offered in two height options and six versatile sizes, the Capri Collection provides a tailored solution for a wide range of outdoor layouts.","Elevate your outdoor gatherings with the sleek sophistication of the iron O.W. Lee Capri Fire Pit Collection. Designed with clean lines and a timeless modern aesthetic, Capri fire pits bring inviting warmth, refined style, and lasting durability to any outdoor living space. Expertly crafted in the USA, each Capri Fire Pit features a fully welded iron base paired with a durable porcelain tile top. This iron construction delivers exceptional strength and stability, while the porcelain surface offers outstanding resistance to heat, moisture, and the elements. With a choice of 10 elegant iron frame finishes and sixteen distinctive porcelain tile options, Capri offers extensive customization for both contemporary and transitional outdoor designs. Designed for flexibility and performance, Capri fire pits are available with manual or electronic ignition. Every unit ships propane-ready and can be easily converted to natural gas using an optional conversion kit. Offered in two height options and six versatile sizes, the Capri Collection provides a tailored solution for a wide range of outdoor layouts.",Fire Tables,cat-fire-tables,Wrought Iron,wrought-iron,,,,,,,fixed,,"H 19"" × W 54""","{""height_in"":""19"",""collection"":""Capri"",""weight_lbs"":""248 (pkg)"",""arm_height_in"":""—"",""seat_height_in"":""—"",""spec_sheet_pdf"":""https://www.owlee.com/wp-content/uploads/2021/11/Casual-Fireside_Retail_SpecSheets_2026_5112-54RDO-Capri.pdf"",""width_diameter_in"":""54""}","[""o-w-lee"",""capri"",""made-in-usa""]",false,true,true,true,false,,91,0,true,2026-05-03 01:40:47.067034+00,2026-06-17 00:27:48.125+00,[],[],[],[],[],"[{""url"":""https://641bdd57-e650-4f10-a19f-628c07eb50b7-00-1e7i1aja8wnz9.worf.replit.dev/api/storage/objects/products/owlee-v2/5112-54RDO_Capri_54_Rd._Occasional_Height_Capri_Fire_Pit.jpg"",""alt_text"":null,""is_primary"":true,""display_order"":0,""image_kind"":""gallery"",""variant_id"":null}]",[]
O.W. Lee,o-w-lee,2121,5113-3050C,"Phoenix 30x50"" Chat Height Fire Pit",owlee-phoenix-30x50-chat-height-fire-pit-5113-3050c,"Part of the O.W. Lee Phoenix collection. Crafted in the USA, O.W. Lee pieces are built to order and sold exclusively through our showroom — contact a sales agent for pricing, finishes, and cushion options.","Phoenix collection · 30x50"" Chat Height Fire Pit by O.W. Lee",Fire Tables,cat-fire-tables,,,,,,,,,fixed,,"H 24"" × W 50"" × D 30""","{""height_in"":""24"",""collection"":""Phoenix"",""arm_height_in"":""—"",""seat_height_in"":""—"",""spec_sheet_pdf"":""https://www.owlee.com/collections/casual-fireside/30x50-chat-height-phoenix-fire-pit/"",""depth_length_in"":""30"",""width_diameter_in"":""50""}","[""o-w-lee"",""phoenix"",""made-in-usa""]",false,true,true,true,false,,98,0,true,2026-05-03 01:40:47.092903+00,2026-05-03 01:40:47.092903+00,[],[],[],[],[],"[{""url"":""https://641bdd57-e650-4f10-a19f-628c07eb50b7-00-1e7i1aja8wnz9.worf.replit.dev/api/storage/objects/products/owlee/5113-3050C.svg"",""alt_text"":null,""is_primary"":true,""display_order"":0,""image_kind"":""gallery"",""variant_id"":null}]",[]
O.W. Lee,o-w-lee,2124,5113-3050O,"Phoenix 30"" x 50"" Occasional Height Fire Pit",owlee-phoenix-30-x-50-occasional-height-fire-pit-5113-3050o,"Part of the O.W. Lee Phoenix collection. Crafted in the USA, O.W. Lee pieces are built to order and sold exclusively through our showroom — contact a sales agent for pricing, finishes, and cushion options.","Phoenix collection · 30"" x 50"" Occasional Height Fire Pit by O.W. Lee",Fire Tables,cat-fire-tables,,,,,,,,,fixed,,"H 19"" × W 50"" × D 30""","{""height_in"":""19"",""collection"":""Phoenix"",""arm_height_in"":""—"",""seat_height_in"":""—"",""spec_sheet_pdf"":""https://www.owlee.com/collections/casual-fireside/30-x-50-occasional-height-phoenix-fire-pit/"",""depth_length_in"":""30"",""width_diameter_in"":""50""}","[""o-w-lee"",""phoenix"",""made-in-usa""]",false,true,true,true,false,,101,0,true,2026-05-03 01:40:47.102484+00,2026-05-03 01:40:47.102484+00,[],[],[],[],[],"[{""url"":""https://641bdd57-e650-4f10-a19f-628c07eb50b7-00-1e7i1aja8wnz9.worf.replit.dev/api/storage/objects/products/owlee/5113-3050O.jpg"",""alt_text"":null,""is_primary"":true,""display_order"":0,""image_kind"":""gallery"",""variant_id"":null}]",[]
O.W. Lee,o-w-lee,4894,5113-3156C-PH,"Phoenix 31x56"" Chat Height Phoenix Fire Pit",owlee-phoenix-31x56-chat-height-phoenix-fire-pit-5113-3156c-ph,"The iron Phoenix Fire Pit by O.W. Lee redefines outdoor luxury with a bold modern design and the unmatched durability of Dekton®--a premium ultra-compact surface known for its resistance to heat, scratches, and weather. Its solid iron construction provides exceptional strength while anchoring the design with a refined, architectural presence. Handcrafted in the USA, Phoenix offers extensive customization with 10 elegant iron frame finishes and two sleek Dekton® tops. Available with manual or electronic ignition, each unit ships propane-ready and can be converted to natural gas with an optional kit. Offered in two heights and two sizes, the Phoenix Fire Pit delivers sculptural beauty with long-lasting iron durability.","The iron Phoenix Fire Pit by O.W. Lee redefines outdoor luxury with a bold modern design and the unmatched durability of Dekton®--a premium ultra-compact surface known for its resistance to heat, scratches, and weather. Its solid iron construction provides exceptional strength while anchoring the design with a refined, architectural presence. Handcrafted in the USA, Phoenix offers extensive customization with 10 elegant iron frame finishes and two sleek Dekton® tops. Available with manual or electronic ignition, each unit ships propane-ready and can be converted to natural gas with an optional kit. Offered in two heights and two sizes, the Phoenix Fire Pit delivers sculptural beauty with long-lasting iron durability.",Fire Tables,cat-fire-tables,Wrought Iron,wrought-iron,,,,,,,fixed,,"H 24"" × W 56"" × D 31""","{""height_in"":""24"",""collection"":""Phoenix"",""source_url"":""https://www.owlee.com/collections/casual-fireside/30x50-chat-height-phoenix-fire-pit/"",""weight_lbs"":""145 (pkg)"",""spec_sheet_pdf"":""https://www.owlee.com/wp-content/uploads/2026/02/Fire-Pits_Retail_SpecSheet_2026_5113-3156O-Phoenix-Chat.pdf"",""depth_length_in"":""31"",""width_diameter_in"":""56""}","[""o-w-lee"",""phoenix"",""made-in-usa"",""quote-only""]",false,true,true,true,false,,49,0,true,2026-06-02 00:19:49.842854+00,2026-06-17 00:27:48.161+00,[],[],[],[],[],"[{""url"":""https://641bdd57-e650-4f10-a19f-628c07eb50b7-00-1e7i1aja8wnz9.worf.replit.dev/api/storage/objects/products/owlee-v2/5113-3156C_Phoenix_31x56_Chat_Height_Phoenix_Fire_Pit.jpg"",""alt_text"":null,""is_primary"":true,""display_order"":0,""image_kind"":""gallery"",""variant_id"":null}]",[]
O.W. Lee,o-w-lee,5232,5113-3156C-VO,"Volante 31"" x 56"" Chat Height Volante Aluminum Fire Pit",owlee-volante-31-x-56-chat-height-volante-aluminum-fire-pit-5113-3156c-vo,"The Volante Fire Pit from O.W. Lee combines contemporary design with innovative materials to create a fire feature that is both visually striking and exceptionally durable. Crafted from lightweight, rustproof aluminum and topped with ultra-resilient Dekton®, Volante is engineered for modern outdoor living. Handcrafted in the USA, Volante offers customization with 10 aluminum frame finishes and two sleek Dekton® tops. Available with manual or electronic ignition, each unit comes propane-ready and is easily convertible to natural gas. With two height options and two sizes, Volante is a true aluminum statement piece for sophisticated outdoor spaces.","The Volante Fire Pit from O.W. Lee combines contemporary design with innovative materials to create a fire feature that is both visually striking and exceptionally durable. Crafted from lightweight, rustproof aluminum and topped with ultra-resilient Dekton®, Volante is engineered for modern outdoor living. Handcrafted in the USA, Volante offers customization with 10 aluminum frame finishes and two sleek Dekton® tops. Available with manual or electronic ignition, each unit comes propane-ready and is easily convertible to natural gas. With two height options and two sizes, Volante is a true aluminum statement piece for sophisticated outdoor spaces.",Fire Tables,cat-fire-tables,Aluminum,aluminum,,,,,,,fixed,,,"{""collection"":""Volante"",""weight_lbs"":""145 (pkg)"",""spec_sheet_pdf"":""https://www.owlee.com/wp-content/uploads/2026/02/Fire-Pits_Retail_SpecSheet_2026__5123-3156O-Volante-Chat.pdf""}","[""o-w-lee"",""volante"",""made-in-usa""]",false,true,true,true,false,,278,0,true,2026-06-17 00:26:10.159852+00,2026-06-17 00:27:48.323+00,[],[],[],[],[],"[{""url"":""https://641bdd57-e650-4f10-a19f-628c07eb50b7-00-1e7i1aja8wnz9.worf.replit.dev/api/storage/objects/products/owlee-v2/5113-3156C_Volante_31_x_56_Chat_Height_Volante_Aluminum_Fire_Pit.jpg"",""alt_text"":null,""is_primary"":true,""display_order"":0,""image_kind"":""gallery"",""variant_id"":null}]",[]
O.W. Lee,o-w-lee,5229,5113-3156O-PH,"Phoenix 31"" x 56"" Occasional Height Phoenix Fire Pit",owlee-phoenix-31-x-56-occasional-height-phoenix-fire-pit-5113-3156o-ph,"The Phoenix Fire Pit by O.W. Lee redefines outdoor luxury with a bold, modern design and the unmatched durability of Dekton®--a premium ultra-compact surface known for its superior resistance to heat, scratches, and weather. Sophisticated and sleek, Phoenix is the perfect fusion of innovation, elegance, and enduring craftsmanship. Handcrafted in the USA by skilled artisans, the Phoenix Fire Pit offers exceptional customization to suit your outdoor aesthetic. Choose from 10 elegant frame finishes and two sleek Dekton® tops to create your ideal centerpiece. Available with either manual or electronic ignition, each unit comes propane-ready and can be easily converted to natural gas with an optional conversion kit. Available in two heights and two versatile sizes, the Phoenix fire pit makes a striking centerpiece for any outdoor living space.","The Phoenix Fire Pit by O.W. Lee redefines outdoor luxury with a bold, modern design and the unmatched durability of Dekton®--a premium ultra-compact surface known for its superior resistance to heat, scratches, and weather. Sophisticated and sleek, Phoenix is the perfect fusion of innovation, elegance, and enduring craftsmanship. Handcrafted in the USA by skilled artisans, the Phoenix Fire Pit offers exceptional customization to suit your outdoor aesthetic. Choose from 10 elegant frame finishes and two sleek Dekton® tops to create your ideal centerpiece. Available with either manual or electronic ignition, each unit comes propane-ready and can be easily converted to natural gas with an optional conversion kit. Available in two heights and two versatile sizes, the Phoenix fire pit makes a striking centerpiece for any outdoor living space.",Fire Tables,cat-fire-tables,,,,,,,,,fixed,,,"{""collection"":""Phoenix"",""weight_lbs"":""150 (pkg)"",""spec_sheet_pdf"":""https://www.owlee.com/wp-content/uploads/2026/02/Fire-Pits_Retail_SpecSheet_2026_5113-3156O-Phoenix-Occ.pdf""}","[""o-w-lee"",""phoenix"",""made-in-usa""]",false,true,true,true,false,,275,0,true,2026-06-17 00:26:09.963945+00,2026-06-17 00:27:48.177+00,[],[],[],[],[],"[{""url"":""https://641bdd57-e650-4f10-a19f-628c07eb50b7-00-1e7i1aja8wnz9.worf.replit.dev/api/storage/objects/products/owlee-v2/5113-3156O_Phoenix_31_x_56_Occasional_Height_Phoenix_Fire_Pit.jpg"",""alt_text"":null,""is_primary"":true,""display_order"":0,""image_kind"":""gallery"",""variant_id"":null}]",[]
O.W. Lee,o-w-lee,4943,5113-3156O-VO,"Volante 31"" x 56"" Occasional Height Volante Aluminum Fire Pit",owlee-volante-31-x-56-occasional-height-volante-aluminum-fire-pit-5113-3156o-vo,"The Volante Fire Pit from O.W. Lee combines contemporary design with innovative materials to create a fire feature that is both visually striking and exceptionally durable. Crafted from lightweight, rustproof aluminum and topped with ultra-resilient Dekton®, Volante is engineered for modern outdoor living. Handcrafted in the USA, Volante offers customization with 10 aluminum frame finishes and two sleek Dekton® tops. Available with manual or electronic ignition, each unit comes propane-ready and is easily convertible to natural gas. With two height options and two sizes, Volante is a true aluminum statement piece for sophisticated outdoor spaces.","The Volante Fire Pit from O.W. Lee combines contemporary design with innovative materials to create a fire feature that is both visually striking and exceptionally durable. Crafted from lightweight, rustproof aluminum and topped with ultra-resilient Dekton®, Volante is engineered for modern outdoor living. Handcrafted in the USA, Volante offers customization with 10 aluminum frame finishes and two sleek Dekton® tops. Available with manual or electronic ignition, each unit comes propane-ready and is easily convertible to natural gas. With two height options and two sizes, Volante is a true aluminum statement piece for sophisticated outdoor spaces.",Fire Tables,cat-fire-tables,Aluminum,aluminum,,,,,,,fixed,,"H 19"" × W 56"" × D 31""","{""height_in"":""19"",""collection"":""Volante"",""source_url"":""https://www.owlee.com/collections/casual-fireside/30-x-50-occasional-height-volante-aluminum-fire-pit/"",""weight_lbs"":""150 (pkg)"",""spec_sheet_pdf"":""https://www.owlee.com/wp-content/uploads/2026/02/Fire-Pits_Retail_SpecSheet_2026__5123-3156O-Volante-Occ.pdf"",""depth_length_in"":""31"",""width_diameter_in"":""56""}","[""o-w-lee"",""volante"",""made-in-usa"",""quote-only""]",false,true,true,true,false,,131,0,true,2026-06-02 00:20:00.257341+00,2026-06-17 00:27:48.316+00,[],[],[],[],[],"[{""url"":""https://641bdd57-e650-4f10-a19f-628c07eb50b7-00-1e7i1aja8wnz9.worf.replit.dev/api/storage/objects/products/owlee-v2/5113-3156O_Volante_31_x_56_Occasional_Height_Volante_Aluminum_Fire_Pit.jpg"",""alt_text"":null,""is_primary"":true,""display_order"":0,""image_kind"":""gallery"",""variant_id"":null}]",[]
O.W. Lee,o-w-lee,2122,5113-42RDC-PH,"Phoenix 42"" Rd. Chat Height Phoenix Fire Pit",owlee-phoenix-42-rd-chat-height-phoenix-fire-pit-5113-42rdc-ph,"The iron Phoenix Fire Pit by O.W. Lee redefines outdoor luxury with a bold modern design and the unmatched durability of Dekton®--a premium ultra-compact surface known for its resistance to heat, scratches, and weather. Its solid iron construction provides exceptional strength while anchoring the design with a refined, architectural presence. Handcrafted in the USA, Phoenix offers extensive customization with 10 elegant iron frame finishes and two sleek Dekton® tops. Available with manual or electronic ignition, each unit ships propane-ready and can be converted to natural gas with an optional kit. Offered in two heights and two sizes, the Phoenix Fire Pit delivers sculptural beauty with long-lasting iron durability.","The iron Phoenix Fire Pit by O.W. Lee redefines outdoor luxury with a bold modern design and the unmatched durability of Dekton®--a premium ultra-compact surface known for its resistance to heat, scratches, and weather. Its solid iron construction provides exceptional strength while anchoring the design with a refined, architectural presence. Handcrafted in the USA, Phoenix offers extensive customization with 10 elegant iron frame finishes and two sleek Dekton® tops. Available with manual or electronic ignition, each unit ships propane-ready and can be converted to natural gas with an optional kit. Offered in two heights and two sizes, the Phoenix Fire Pit delivers sculptural beauty with long-lasting iron durability.",Fire Tables,cat-fire-tables,Wrought Iron,wrought-iron,,,,,,,fixed,,"H 24"" × W 42""","{""height_in"":""24"",""collection"":""Phoenix"",""weight_lbs"":""172 (pkg)"",""arm_height_in"":""—"",""seat_height_in"":""—"",""spec_sheet_pdf"":""https://www.owlee.com/wp-content/uploads/2021/11/Casual-Fireside_Retail_SpecSheets_2026_Phoenix-5113-42RDC.pdf"",""width_diameter_in"":""42""}","[""o-w-lee"",""phoenix"",""made-in-usa""]",false,true,true,true,false,,99,0,true,2026-05-03 01:40:47.096443+00,2026-06-17 00:27:48.166+00,[],[],[],[],[],"[{""url"":""https://641bdd57-e650-4f10-a19f-628c07eb50b7-00-1e7i1aja8wnz9.worf.replit.dev/api/storage/objects/products/owlee-v2/5113-42RDC_Phoenix_42_Rd._Chat_Height_Phoenix_Fire_Pit.jpg"",""alt_text"":null,""is_primary"":true,""display_order"":0,""image_kind"":""gallery"",""variant_id"":null}]",[]
O.W. Lee,o-w-lee,5231,5113-42RDC-VO,"Volante 42"" Rd. Chat Height Volante Aluminum Fire Pit",owlee-volante-42-rd-chat-height-volante-aluminum-fire-pit-5113-42rdc-vo,"The Volante Fire Pit from O.W. Lee combines contemporary design with innovative materials to create a fire feature that is both visually striking and exceptionally durable. Crafted from lightweight, rustproof aluminum and topped with ultra-resilient Dekton®, Volante is engineered for modern outdoor living. Handcrafted in the USA, Volante offers customization with 10 aluminum frame finishes and two sleek Dekton® tops. Available with manual or electronic ignition, each unit comes propane-ready and is easily convertible to natural gas. With two height options and two sizes, Volante is a true aluminum statement piece for sophisticated outdoor spaces.","The Volante Fire Pit from O.W. Lee combines contemporary design with innovative materials to create a fire feature that is both visually striking and exceptionally durable. Crafted from lightweight, rustproof aluminum and topped with ultra-resilient Dekton®, Volante is engineered for modern outdoor living. Handcrafted in the USA, Volante offers customization with 10 aluminum frame finishes and two sleek Dekton® tops. Available with manual or electronic ignition, each unit comes propane-ready and is easily convertible to natural gas. With two height options and two sizes, Volante is a true aluminum statement piece for sophisticated outdoor spaces.",Fire Tables,cat-fire-tables,Aluminum,aluminum,,,,,,,fixed,,,"{""collection"":""Volante"",""weight_lbs"":""135 (pkg)"",""spec_sheet_pdf"":""https://www.owlee.com/wp-content/uploads/2021/11/Casual-Fireside_Retail_SpecSheets_2026_5123-42RDC-Volante.pdf""}","[""o-w-lee"",""volante"",""made-in-usa""]",false,true,true,true,false,,277,0,true,2026-06-17 00:26:10.150438+00,2026-06-17 00:27:48.311+00,[],[],[],[],[],"[{""url"":""https://641bdd57-e650-4f10-a19f-628c07eb50b7-00-1e7i1aja8wnz9.worf.replit.dev/api/storage/objects/products/owlee-v2/5113-42RDC_Volante_42_Rd._Chat_Height_Volante_Aluminum_Fire_Pit.jpg"",""alt_text"":null,""is_primary"":true,""display_order"":0,""image_kind"":""gallery"",""variant_id"":null}]",[]
O.W. Lee,o-w-lee,2123,5113-42RDO,"Phoenix 42"" Rd. Occasional Height Fire Pit",owlee-phoenix-42-rd-occasional-height-fire-pit-5113-42rdo,"The Volante Fire Pit from O.W. Lee combines contemporary design with innovative materials to create a fire feature that is both visually striking and exceptionally durable. Crafted from lightweight, rustproof aluminum and topped with ultra-resilient Dekton®, Volante is engineered for modern outdoor living. Handcrafted in the USA, Volante offers customization with 10 aluminum frame finishes and two sleek Dekton® tops. Available with manual or electronic ignition, each unit comes propane-ready and is easily convertible to natural gas. With two height options and two sizes, Volante is a true aluminum statement piece for sophisticated outdoor spaces.","The Volante Fire Pit from O.W. Lee combines contemporary design with innovative materials to create a fire feature that is both visually striking and exceptionally durable. Crafted from lightweight, rustproof aluminum and topped with ultra-resilient Dekton®, Volante is engineered for modern outdoor living. Handcrafted in the USA, Volante offers customization with 10 aluminum frame finishes and two sleek Dekton® tops. Available with manual or electronic ignition, each unit comes propane-ready and is easily convertible to natural gas. With two height options and two sizes, Volante is a true aluminum statement piece for sophisticated outdoor spaces.",Fire Tables,cat-fire-tables,Aluminum,aluminum,,,,,,,fixed,,"H 19"" × W 42""","{""height_in"":""19"",""collection"":""Volante"",""weight_lbs"":""115 (pkg)"",""arm_height_in"":""—"",""seat_height_in"":""—"",""spec_sheet_pdf"":""https://www.owlee.com/wp-content/uploads/2021/11/Casual-Fireside_Retail_SpecSheets_2026_5123-42RDO-Volante.pdf"",""width_diameter_in"":""42""}","[""o-w-lee"",""phoenix"",""made-in-usa""]",false,true,true,true,false,,100,0,true,2026-05-03 01:40:47.099487+00,2026-06-17 00:27:48.306+00,[],[],[],[],[],"[{""url"":""https://641bdd57-e650-4f10-a19f-628c07eb50b7-00-1e7i1aja8wnz9.worf.replit.dev/api/storage/objects/products/owlee-v2/5113-42RDO_Volante_42_Rd._Occasional_Height_Volante_Aluminum_Fire_Pit.jpg"",""alt_text"":null,""is_primary"":true,""display_order"":0,""image_kind"":""gallery"",""variant_id"":null}]",[]
O.W. Lee,o-w-lee,2125,5114-36RDC,"Basso 36"" Rd. Chat Height Fire Pit",owlee-basso-36-rd-chat-height-fire-pit-5114-36rdc,"Part of the O.W. Lee Basso collection. Crafted in the USA, O.W. Lee pieces are built to order and sold exclusively through our showroom — contact a sales agent for pricing, finishes, and cushion options.","Basso collection · 36"" Rd. Chat Height Fire Pit by O.W. Lee",Fire Tables,cat-fire-tables,,,,,,,,,fixed,150.00,"H 24.5"" × W 36""","{""height_in"":""24.5"",""collection"":""Basso"",""weight_lbs"":""150"",""arm_height_in"":""—"",""seat_height_in"":""—"",""spec_sheet_pdf"":""https://www.owlee.com/collections/casual-fireside/36-rd-chat-height-basso-fire-pit/"",""width_diameter_in"":""36""}","[""o-w-lee"",""basso"",""made-in-usa""]",false,true,true,true,false,,102,0,true,2026-05-03 01:40:47.108801+00,2026-05-03 01:40:47.108801+00,[],[],[],[],[],"[{""url"":""https://641bdd57-e650-4f10-a19f-628c07eb50b7-00-1e7i1aja8wnz9.worf.replit.dev/api/storage/objects/products/owlee/5114-36RDC.jpg"",""alt_text"":null,""is_primary"":true,""display_order"":0,""image_kind"":""gallery"",""variant_id"":null}]",[]
O.W. Lee,o-w-lee,2135,5122-2872C,"Elba 28"" x 72"" Chat Height Fire Pit",owlee-elba-28-x-72-chat-height-fire-pit-5122-2872c,"Part of the O.W. Lee Elba collection. Crafted in the USA, O.W. Lee pieces are built to order and sold exclusively through our showroom — contact a sales agent for pricing, finishes, and cushion options.",,Fire Tables,cat-fire-tables,Aluminum,aluminum,,,,,,,fixed,,"H 24"" × W 72"" × D 28""","{""height_in"":""24"",""collection"":""Elba"",""weight_lbs"":""236 (pkg)"",""arm_height_in"":""—"",""seat_height_in"":""—"",""spec_sheet_pdf"":""https://www.owlee.com/wp-content/uploads/2021/11/Casual-Fireside_Retail_SpecSheets_2026_5122-2872C-Elba.pdf"",""depth_length_in"":""28"",""width_diameter_in"":""72""}","[""o-w-lee"",""elba"",""made-in-usa""]",false,true,true,true,false,,112,0,true,2026-05-03 01:40:47.144584+00,2026-06-17 00:27:48.236+00,[],[],[],[],[],"[{""url"":""https://641bdd57-e650-4f10-a19f-628c07eb50b7-00-1e7i1aja8wnz9.worf.replit.dev/api/storage/objects/products/owlee-v2/5122-2872C_Elba_28_x_72_Chat_Height_Elba_Aluminum_Fire_Pit.jpg"",""alt_text"":null,""is_primary"":true,""display_order"":0,""image_kind"":""gallery"",""variant_id"":null}]",[]
O.W. Lee,o-w-lee,2134,5122-2872O,"Elba 28"" x 72"" Occasional Height Fire Pit",owlee-elba-28-x-72-occasional-height-fire-pit-5122-2872o,"Sleek, stylish, and distinctly modern, the all-aluminum Elba Fire Pit brings a bold architectural statement to your outdoor space. Designed with a clean, linear aesthetic, Elba illuminates the elegance of O.W. Lee’s unmatched craftsmanship in aluminum with a durable commercial grade porcelain top to create a fire feature that feels both contemporary and timeless. Artisan-crafted in the USA, the Elba Fire Pit offers exceptional customization to suit your outdoor aesthetic. Choose from 10 elegant frame finishes and 16 striking porcelain tile tops to create your ideal centerpiece. Available with either manual or electronic ignition, each unit comes propane-ready and can be easily converted to natural gas with an optional conversion kit. With four height options and six versatile sizes, the Elba fire pit is our most extensive Casual Fireside collection.","Sleek, stylish, and distinctly modern, the all-aluminum Elba Fire Pit brings a bold architectural statement to your outdoor space. Designed with a clean, linear aesthetic, Elba illuminates the elegance of O.W. Lee’s unmatched craftsmanship in aluminum with a durable commercial grade porcelain top to create a fire feature that feels both contemporary and timeless. Artisan-crafted in the USA, the Elba Fire Pit offers exceptional customization to suit your outdoor aesthetic. Choose from 10 elegant frame finishes and 16 striking porcelain tile tops to create your ideal centerpiece. Available with either manual or electronic ignition, each unit comes propane-ready and can be easily converted to natural gas with an optional conversion kit. With four height options and six versatile sizes, the Elba fire pit is our most extensive Casual Fireside collection.",Fire Tables,cat-fire-tables,Aluminum,aluminum,,,,,,,fixed,,"H 19"" × W 72"" × D 28""","{""height_in"":""19"",""collection"":""Elba"",""weight_lbs"":""234 (pkg)"",""arm_height_in"":""—"",""seat_height_in"":""—"",""spec_sheet_pdf"":""https://www.owlee.com/wp-content/uploads/2021/11/Casual-Fireside_Retail_SpecSheets_2026_5122-2872O-Elba.pdf"",""depth_length_in"":""28"",""width_diameter_in"":""72""}","[""o-w-lee"",""elba"",""made-in-usa""]",false,true,true,true,false,,111,0,true,2026-05-03 01:40:47.140694+00,2026-06-17 00:27:48.228+00,[],[],[],[],[],"[{""url"":""https://641bdd57-e650-4f10-a19f-628c07eb50b7-00-1e7i1aja8wnz9.worf.replit.dev/api/storage/objects/products/owlee-v2/5122-2872O_Elba_28_x_72_Occasional_Height_Elba_Aluminum_Fire_Pit.jpg"",""alt_text"":null,""is_primary"":true,""display_order"":0,""image_kind"":""gallery"",""variant_id"":null}]",[]
O.W. Lee,o-w-lee,2137,5122-3050C,"Elba 30"" x 50"" Chat Height Fire Pit",owlee-elba-30-x-50-chat-height-fire-pit-5122-3050c,"Part of the O.W. Lee Elba collection. Crafted in the USA, O.W. Lee pieces are built to order and sold exclusively through our showroom — contact a sales agent for pricing, finishes, and cushion options.",,Fire Tables,cat-fire-tables,Aluminum,aluminum,,,,,,,fixed,,"H 24"" × W 50"" × D 30""","{""height_in"":""24"",""collection"":""Elba"",""weight_lbs"":""168 (pkg)"",""arm_height_in"":""—"",""seat_height_in"":""—"",""spec_sheet_pdf"":""https://www.owlee.com/wp-content/uploads/2021/11/Casual-Fireside_Retail_SpecSheets_2026_5122-3050C-Elba.pdf"",""depth_length_in"":""30"",""width_diameter_in"":""50""}","[""o-w-lee"",""elba"",""made-in-usa""]",false,true,true,true,false,,114,0,true,2026-05-03 01:40:47.151463+00,2026-06-17 00:27:48.248+00,[],[],[],[],[],"[{""url"":""https://641bdd57-e650-4f10-a19f-628c07eb50b7-00-1e7i1aja8wnz9.worf.replit.dev/api/storage/objects/products/owlee-v2/5122-3050C_Elba_30_x_50_Chat_Height_Elba_Aluminum_Fire_Pit.jpg"",""alt_text"":null,""is_primary"":true,""display_order"":0,""image_kind"":""gallery"",""variant_id"":null}]",[]
O.W. Lee,o-w-lee,2136,5122-3050O,"Elba 30"" x 50"" Occasional Height Fire Pit",owlee-elba-30-x-50-occasional-height-fire-pit-5122-3050o,"Part of the O.W. Lee Elba collection. Crafted in the USA, O.W. Lee pieces are built to order and sold exclusively through our showroom — contact a sales agent for pricing, finishes, and cushion options.",,Fire Tables,cat-fire-tables,Aluminum,aluminum,,,,,,,fixed,,"H 19"" × W 50"" × D 30""","{""height_in"":""19"",""collection"":""Elba"",""weight_lbs"":""160 (pkg)"",""arm_height_in"":""—"",""seat_height_in"":""—"",""spec_sheet_pdf"":""https://www.owlee.com/wp-content/uploads/2021/11/Casual-Fireside_Retail_SpecSheets_2026_5122-3050O-Elba.pdf"",""depth_length_in"":""30"",""width_diameter_in"":""50""}","[""o-w-lee"",""elba"",""made-in-usa""]",false,true,true,true,false,,113,0,true,2026-05-03 01:40:47.148382+00,2026-06-17 00:27:48.241+00,[],[],[],[],[],"[{""url"":""https://641bdd57-e650-4f10-a19f-628c07eb50b7-00-1e7i1aja8wnz9.worf.replit.dev/api/storage/objects/products/owlee-v2/5122-3050O_Elba_30_x_50_Occasional_Height_Elba_Aluminum_Fire_Pit.jpg"",""alt_text"":null,""is_primary"":true,""display_order"":0,""image_kind"":""gallery"",""variant_id"":null}]",[]
O.W. Lee,o-w-lee,2126,5122-30RDC,"Elba 30"" Rd. Chat Height Fire Pit",owlee-elba-30-rd-chat-height-fire-pit-5122-30rdc,"Sleek, stylish, and distinctly modern, the all-aluminum Elba Fire Pit brings a bold architectural statement to your outdoor space. Designed with a clean, linear aesthetic, Elba illuminates the elegance of O.W. Lee’s unmatched craftsmanship in aluminum with a durable commercial grade porcelain top to create a fire feature that feels both contemporary and timeless. Artisan-crafted in the USA, the Elba Fire Pit offers exceptional customization to suit your outdoor aesthetic. Choose from 10 elegant frame finishes and 16 striking porcelain tile tops to create your ideal centerpiece. Available with either manual or electronic ignition, each unit comes propane-ready and can be easily converted to natural gas with an optional conversion kit. With four height options and six versatile sizes, the Elba fire pit is our most extensive Casual Fireside collection.","Sleek, stylish, and distinctly modern, the all-aluminum Elba Fire Pit brings a bold architectural statement to your outdoor space. Designed with a clean, linear aesthetic, Elba illuminates the elegance of O.W. Lee’s unmatched craftsmanship in aluminum with a durable commercial grade porcelain top to create a fire feature that feels both contemporary and timeless. Artisan-crafted in the USA, the Elba Fire Pit offers exceptional customization to suit your outdoor aesthetic. Choose from 10 elegant frame finishes and 16 striking porcelain tile tops to create your ideal centerpiece. Available with either manual or electronic ignition, each unit comes propane-ready and can be easily converted to natural gas with an optional conversion kit. With four height options and six versatile sizes, the Elba fire pit is our most extensive Casual Fireside collection.",Fire Tables,cat-fire-tables,Aluminum,aluminum,,,,,,,fixed,,"H 25"" × W 30""","{""height_in"":""25"",""collection"":""Elba"",""weight_lbs"":""104 (pkg)"",""arm_height_in"":""—"",""seat_height_in"":""—"",""spec_sheet_pdf"":""https://www.owlee.com/wp-content/uploads/2021/11/Casual-Fireside_Retail_SpecSheets_2026_5122-30RDC-Elba.pdf"",""width_diameter_in"":""30""}","[""o-w-lee"",""elba"",""made-in-usa""]",false,true,true,true,false,,103,0,true,2026-05-03 01:40:47.115711+00,2026-06-17 00:27:48.187+00,[],[],[],[],[],"[{""url"":""https://641bdd57-e650-4f10-a19f-628c07eb50b7-00-1e7i1aja8wnz9.worf.replit.dev/api/storage/objects/products/owlee-v2/5122-30RDC_Elba_30_Rd._Chat_Height_Elba_Aluminum_Fire_Pit.jpg"",""alt_text"":null,""is_primary"":true,""display_order"":0,""image_kind"":""gallery"",""variant_id"":null}]",[]
O.W. Lee,o-w-lee,2139,5122-3658C,"Elba 36"" x 58"" Chat Height Fire Pit",owlee-elba-36-x-58-chat-height-fire-pit-5122-3658c,"Part of the O.W. Lee Elba collection. Crafted in the USA, O.W. Lee pieces are built to order and sold exclusively through our showroom — contact a sales agent for pricing, finishes, and cushion options.",,Fire Tables,cat-fire-tables,Aluminum,aluminum,,,,,,,fixed,,"H 24"" × W 58"" × D 36""","{""height_in"":""24"",""collection"":""Elba"",""weight_lbs"":""203 (pkg)"",""arm_height_in"":""—"",""seat_height_in"":""—"",""spec_sheet_pdf"":""https://www.owlee.com/wp-content/uploads/2021/11/Casual-Fireside_Retail_SpecSheets_2026_5122-3658C-Elba.pdf"",""depth_length_in"":""36"",""width_diameter_in"":""58""}","[""o-w-lee"",""elba"",""made-in-usa""]",false,true,true,true,false,,116,0,true,2026-05-03 01:40:47.157644+00,2026-06-17 00:27:48.259+00,[],[],[],[],[],"[{""url"":""https://641bdd57-e650-4f10-a19f-628c07eb50b7-00-1e7i1aja8wnz9.worf.replit.dev/api/storage/objects/products/owlee-v2/5122-3658C_Elba_36_x_58_Chat_Height_Elba_Aluminum_Fire_Pit.jpg"",""alt_text"":null,""is_primary"":true,""display_order"":0,""image_kind"":""gallery"",""variant_id"":null}]",[]
O.W. Lee,o-w-lee,2138,5122-3658O,"Elba 36"" x 58"" Occasional Height Fire Pit",owlee-elba-36-x-58-occasional-height-fire-pit-5122-3658o,"Part of the O.W. Lee Elba collection. Crafted in the USA, O.W. Lee pieces are built to order and sold exclusively through our showroom — contact a sales agent for pricing, finishes, and cushion options.",,Fire Tables,cat-fire-tables,Aluminum,aluminum,,,,,,,fixed,,"H 19"" × W 58"" × D 36""","{""height_in"":""19"",""collection"":""Elba"",""weight_lbs"":""195 (pkg)"",""arm_height_in"":""—"",""seat_height_in"":""—"",""spec_sheet_pdf"":""https://www.owlee.com/wp-content/uploads/2021/11/Casual-Fireside_Retail_SpecSheets_2026_5122-3658O-Elba.pdf"",""depth_length_in"":""36"",""width_diameter_in"":""58""}","[""o-w-lee"",""elba"",""made-in-usa""]",false,true,true,true,false,,115,0,true,2026-05-03 01:40:47.154484+00,2026-06-17 00:27:48.253+00,[],[],[],[],[],"[{""url"":""https://641bdd57-e650-4f10-a19f-628c07eb50b7-00-1e7i1aja8wnz9.worf.replit.dev/api/storage/objects/products/owlee-v2/5122-3658O_Elba_36_x_58_Occasional_Height_Elba_Aluminum_Fire_Pit.jpg"",""alt_text"":null,""is_primary"":true,""display_order"":0,""image_kind"":""gallery"",""variant_id"":null}]",[]
O.W. Lee,o-w-lee,2127,5122-36RDC,"Elba 36"" Rd. Chat Height Fire Pit",owlee-elba-36-rd-chat-height-fire-pit-5122-36rdc,"Sleek, stylish, and distinctly modern, the all-aluminum Elba Fire Pit brings a bold architectural statement to your outdoor space. Designed with a clean, linear aesthetic, Elba illuminates the elegance of O.W. Lee’s unmatched craftsmanship in aluminum with a durable commercial grade porcelain top to create a fire feature that feels both contemporary and timeless. Artisan-crafted in the USA, the Elba Fire Pit offers exceptional customization to suit your outdoor aesthetic. Choose from 10 elegant frame finishes and 16 striking porcelain tile tops to create your ideal centerpiece. Available with either manual or electronic ignition, each unit comes propane-ready and can be easily converted to natural gas with an optional conversion kit. With four height options and six versatile sizes, the Elba fire pit is our most extensive Casual Fireside collection.","Sleek, stylish, and distinctly modern, the all-aluminum Elba Fire Pit brings a bold architectural statement to your outdoor space. Designed with a clean, linear aesthetic, Elba illuminates the elegance of O.W. Lee’s unmatched craftsmanship in aluminum with a durable commercial grade porcelain top to create a fire feature that feels both contemporary and timeless. Artisan-crafted in the USA, the Elba Fire Pit offers exceptional customization to suit your outdoor aesthetic. Choose from 10 elegant frame finishes and 16 striking porcelain tile tops to create your ideal centerpiece. Available with either manual or electronic ignition, each unit comes propane-ready and can be easily converted to natural gas with an optional conversion kit. With four height options and six versatile sizes, the Elba fire pit is our most extensive Casual Fireside collection.",Fire Tables,cat-fire-tables,Aluminum,aluminum,,,,,,,fixed,,"W 36""","{""collection"":""Elba"",""weight_lbs"":""148 (pkg)"",""arm_height_in"":""—"",""seat_height_in"":""—"",""spec_sheet_pdf"":""https://www.owlee.com/wp-content/uploads/2021/11/Casual-Fireside_Retail_SpecSheets_2026_5122-36RDC-Elba.pdf"",""width_diameter_in"":""36""}","[""o-w-lee"",""elba"",""made-in-usa""]",false,true,true,true,false,,104,0,true,2026-05-03 01:40:47.118728+00,2026-06-17 00:27:48.192+00,[],[],[],[],[],"[{""url"":""https://641bdd57-e650-4f10-a19f-628c07eb50b7-00-1e7i1aja8wnz9.worf.replit.dev/api/storage/objects/products/owlee-v2/5122-36RDC_Elba_36_Rd._Chat_Height_Elba_Aluminum_Fire_Pit.jpg"",""alt_text"":null,""is_primary"":true,""display_order"":0,""image_kind"":""gallery"",""variant_id"":null}]",[]
O.W. Lee,o-w-lee,2140,5122-4272K,"Elba 42"" x 72"" Counter Height Fire Pit",owlee-elba-42-x-72-counter-height-fire-pit-5122-4272k,"Part of the O.W. Lee Elba collection. Crafted in the USA, O.W. Lee pieces are built to order and sold exclusively through our showroom — contact a sales agent for pricing, finishes, and cushion options.",,Fire Tables,cat-fire-tables,Aluminum,aluminum,,,,,,,fixed,,"H 38"" × W 72"" × D 42""","{""height_in"":""38"",""collection"":""Elba"",""arm_height_in"":""—"",""seat_height_in"":""—"",""spec_sheet_pdf"":""https://www.owlee.com/collections/casual-fireside/42x72-counter-height-elba-aluminum-fire-pit-casual-fireside-elba/"",""depth_length_in"":""42"",""width_diameter_in"":""72""}","[""o-w-lee"",""elba"",""made-in-usa""]",false,true,true,true,false,,117,0,true,2026-05-03 01:40:47.161552+00,2026-06-17 00:27:48.264+00,[],[],[],[],[],"[{""url"":""https://641bdd57-e650-4f10-a19f-628c07eb50b7-00-1e7i1aja8wnz9.worf.replit.dev/api/storage/objects/products/owlee-v2/5122-4272K_Elba_42_x_72_Counter_Height_Elba_Aluminum_Fire_Pit.jpg"",""alt_text"":null,""is_primary"":true,""display_order"":0,""image_kind"":""gallery"",""variant_id"":null}]",[]
O.W. Lee,o-w-lee,2129,5122-42RDC,"Elba 42"" Rd. Chat Height Fire Pit",owlee-elba-42-rd-chat-height-fire-pit-5122-42rdc,"Sleek, stylish, and distinctly modern, the all-aluminum Elba Fire Pit brings a bold architectural statement to your outdoor space. Designed with a clean, linear aesthetic, Elba illuminates the elegance of O.W. Lee’s unmatched craftsmanship in aluminum with a durable commercial grade porcelain top to create a fire feature that feels both contemporary and timeless. Artisan-crafted in the USA, the Elba Fire Pit offers exceptional customization to suit your outdoor aesthetic. Choose from 10 elegant frame finishes and 16 striking porcelain tile tops to create your ideal centerpiece. Available with either manual or electronic ignition, each unit comes propane-ready and can be easily converted to natural gas with an optional conversion kit. With four height options and six versatile sizes, the Elba fire pit is our most extensive Casual Fireside collection.","Sleek, stylish, and distinctly modern, the all-aluminum Elba Fire Pit brings a bold architectural statement to your outdoor space. Designed with a clean, linear aesthetic, Elba illuminates the elegance of O.W. Lee’s unmatched craftsmanship in aluminum with a durable commercial grade porcelain top to create a fire feature that feels both contemporary and timeless. Artisan-crafted in the USA, the Elba Fire Pit offers exceptional customization to suit your outdoor aesthetic. Choose from 10 elegant frame finishes and 16 striking porcelain tile tops to create your ideal centerpiece. Available with either manual or electronic ignition, each unit comes propane-ready and can be easily converted to natural gas with an optional conversion kit. With four height options and six versatile sizes, the Elba fire pit is our most extensive Casual Fireside collection.",Fire Tables,cat-fire-tables,Aluminum,aluminum,,,,,,,fixed,,"H 24"" × W 42""","{""height_in"":""24"",""collection"":""Elba"",""weight_lbs"":""115 (pkg)"",""arm_height_in"":""—"",""seat_height_in"":""—"",""spec_sheet_pdf"":""https://www.owlee.com/wp-content/uploads/2021/11/Casual-Fireside_Retail_SpecSheets_2026_5122-42RDC-Elba.pdf"",""width_diameter_in"":""42""}","[""o-w-lee"",""elba"",""made-in-usa""]",false,true,true,true,false,,106,0,true,2026-05-03 01:40:47.124903+00,2026-06-17 00:27:48.201+00,[],[],[],[],[],"[{""url"":""https://641bdd57-e650-4f10-a19f-628c07eb50b7-00-1e7i1aja8wnz9.worf.replit.dev/api/storage/objects/products/owlee-v2/5122-42RDC_Elba_42_Rd._Chat_Height_Elba_Aluminum_Fire_Pit.jpg"",""alt_text"":null,""is_primary"":true,""display_order"":0,""image_kind"":""gallery"",""variant_id"":null}]",[]
O.W. Lee,o-w-lee,2128,5122-42RDO,"Elba 42"" Rd. Occasional Height Fire Pit",owlee-elba-42-rd-occasional-height-fire-pit-5122-42rdo,"Sleek, stylish, and distinctly modern, the all-aluminum Elba Fire Pit brings a bold architectural statement to your outdoor space. Designed with a clean, linear aesthetic, Elba illuminates the elegance of O.W. Lee’s unmatched craftsmanship in aluminum with a durable commercial grade porcelain top to create a fire feature that feels both contemporary and timeless. Artisan-crafted in the USA, the Elba Fire Pit offers exceptional customization to suit your outdoor aesthetic. Choose from 10 elegant frame finishes and 16 striking porcelain tile tops to create your ideal centerpiece. Available with either manual or electronic ignition, each unit comes propane-ready and can be easily converted to natural gas with an optional conversion kit. With four height options and six versatile sizes, the Elba fire pit is our most extensive Casual Fireside collection.","Sleek, stylish, and distinctly modern, the all-aluminum Elba Fire Pit brings a bold architectural statement to your outdoor space. Designed with a clean, linear aesthetic, Elba illuminates the elegance of O.W. Lee’s unmatched craftsmanship in aluminum with a durable commercial grade porcelain top to create a fire feature that feels both contemporary and timeless. Artisan-crafted in the USA, the Elba Fire Pit offers exceptional customization to suit your outdoor aesthetic. Choose from 10 elegant frame finishes and 16 striking porcelain tile tops to create your ideal centerpiece. Available with either manual or electronic ignition, each unit comes propane-ready and can be easily converted to natural gas with an optional conversion kit. With four height options and six versatile sizes, the Elba fire pit is our most extensive Casual Fireside collection.",Fire Tables,cat-fire-tables,Aluminum,aluminum,,,,,,,fixed,,"H 19"" × W 42""","{""height_in"":""19"",""collection"":""Elba"",""weight_lbs"":""109 (pkg)"",""arm_height_in"":""—"",""seat_height_in"":""—"",""spec_sheet_pdf"":""https://www.owlee.com/wp-content/uploads/2021/11/Casual-Fireside_Retail_SpecSheets_2026_5122-42RDO-Elba.pdf"",""width_diameter_in"":""42""}","[""o-w-lee"",""elba"",""made-in-usa""]",false,true,true,true,false,,105,0,true,2026-05-03 01:40:47.122306+00,2026-06-17 00:27:48.196+00,[],[],[],[],[],"[{""url"":""https://641bdd57-e650-4f10-a19f-628c07eb50b7-00-1e7i1aja8wnz9.worf.replit.dev/api/storage/objects/products/owlee-v2/5122-42RDO_Elba_42_Rd._Occasional_Height_Elba_Aluminum_Fire_Pit.jpg"",""alt_text"":null,""is_primary"":true,""display_order"":0,""image_kind"":""gallery"",""variant_id"":null}]",[]
O.W. Lee,o-w-lee,2130,5122-54RDC,"Elba 54"" Rd. Chat Height Fire Pit",owlee-elba-54-rd-chat-height-fire-pit-5122-54rdc,"Sleek, stylish, and distinctly modern, the all-aluminum Elba Fire Pit brings a bold architectural statement to your outdoor space. Designed with a clean, linear aesthetic, Elba illuminates the elegance of O.W. Lee’s unmatched craftsmanship in aluminum with a durable commercial grade porcelain top to create a fire feature that feels both contemporary and timeless. Artisan-crafted in the USA, the Elba Fire Pit offers exceptional customization to suit your outdoor aesthetic. Choose from 10 elegant frame finishes and 16 striking porcelain tile tops to create your ideal centerpiece. Available with either manual or electronic ignition, each unit comes propane-ready and can be easily converted to natural gas with an optional conversion kit. With four height options and six versatile sizes, the Elba fire pit is our most extensive Casual Fireside collection.","Sleek, stylish, and distinctly modern, the all-aluminum Elba Fire Pit brings a bold architectural statement to your outdoor space. Designed with a clean, linear aesthetic, Elba illuminates the elegance of O.W. Lee’s unmatched craftsmanship in aluminum with a durable commercial grade porcelain top to create a fire feature that feels both contemporary and timeless. Artisan-crafted in the USA, the Elba Fire Pit offers exceptional customization to suit your outdoor aesthetic. Choose from 10 elegant frame finishes and 16 striking porcelain tile tops to create your ideal centerpiece. Available with either manual or electronic ignition, each unit comes propane-ready and can be easily converted to natural gas with an optional conversion kit. With four height options and six versatile sizes, the Elba fire pit is our most extensive Casual Fireside collection.",Fire Tables,cat-fire-tables,Aluminum,aluminum,,,,,,,fixed,,"H 24"" × W 54""","{""height_in"":""24"",""collection"":""Elba"",""weight_lbs"":""203 (pkg)"",""arm_height_in"":""—"",""seat_height_in"":""—"",""spec_sheet_pdf"":""https://www.owlee.com/wp-content/uploads/2021/11/Casual-Fireside_Retail_SpecSheets_2026_5122-54RDC-Elba.pdf"",""width_diameter_in"":""54""}","[""o-w-lee"",""elba"",""made-in-usa""]",false,true,true,true,false,,107,0,true,2026-05-03 01:40:47.128069+00,2026-06-17 00:27:48.206+00,[],[],[],[],[],"[{""url"":""https://641bdd57-e650-4f10-a19f-628c07eb50b7-00-1e7i1aja8wnz9.worf.replit.dev/api/storage/objects/products/owlee-v2/5122-54RDC_Elba_54_Rd._Chat_Height_Elba_Aluminum_Fire_Pit.jpg"",""alt_text"":null,""is_primary"":true,""display_order"":0,""image_kind"":""gallery"",""variant_id"":null}]",[]
O.W. Lee,o-w-lee,2132,5122-54RDD,"Elba 54"" Rd. Dining Height Fire Pit",owlee-elba-54-rd-dining-height-fire-pit-5122-54rdd,"Sleek, stylish, and distinctly modern, the all-aluminum Elba Fire Pit brings a bold architectural statement to your outdoor space. Designed with a clean, linear aesthetic, Elba illuminates the elegance of O.W. Lee’s unmatched craftsmanship in aluminum with a durable commercial grade porcelain top to create a fire feature that feels both contemporary and timeless. Artisan-crafted in the USA, the Elba Fire Pit offers exceptional customization to suit your outdoor aesthetic. Choose from 10 elegant frame finishes and 16 striking porcelain tile tops to create your ideal centerpiece. Available with either manual or electronic ignition, each unit comes propane-ready and can be easily converted to natural gas with an optional conversion kit. With four height options and six versatile sizes, the Elba fire pit is our most extensive Casual Fireside collection.","Sleek, stylish, and distinctly modern, the all-aluminum Elba Fire Pit brings a bold architectural statement to your outdoor space. Designed with a clean, linear aesthetic, Elba illuminates the elegance of O.W. Lee’s unmatched craftsmanship in aluminum with a durable commercial grade porcelain top to create a fire feature that feels both contemporary and timeless. Artisan-crafted in the USA, the Elba Fire Pit offers exceptional customization to suit your outdoor aesthetic. Choose from 10 elegant frame finishes and 16 striking porcelain tile tops to create your ideal centerpiece. Available with either manual or electronic ignition, each unit comes propane-ready and can be easily converted to natural gas with an optional conversion kit. With four height options and six versatile sizes, the Elba fire pit is our most extensive Casual Fireside collection.",Fire Tables,cat-fire-tables,Aluminum,aluminum,,,,,,,fixed,,"H 30"" × W 54""","{""height_in"":""30"",""collection"":""Elba"",""weight_lbs"":""217 (pkg)"",""arm_height_in"":""—"",""seat_height_in"":""—"",""spec_sheet_pdf"":""https://www.owlee.com/wp-content/uploads/2021/11/Casual-Fireside_Retail_SpecSheets_2026_5122-54RDD-Elba.pdf"",""width_diameter_in"":""54""}","[""o-w-lee"",""elba"",""made-in-usa""]",false,true,true,true,false,,109,0,true,2026-05-03 01:40:47.134866+00,2026-06-17 00:27:48.218+00,[],[],[],[],[],"[{""url"":""https://641bdd57-e650-4f10-a19f-628c07eb50b7-00-1e7i1aja8wnz9.worf.replit.dev/api/storage/objects/products/owlee-v2/5122-54RDD_Elba_54_Rd._Dining_Height_Elba_Aluminum_Fire_Pit.jpg"",""alt_text"":null,""is_primary"":true,""display_order"":0,""image_kind"":""gallery"",""variant_id"":null}]",[]
O.W. Lee,o-w-lee,2133,5122-54RDK,"Elba 54"" Rd. Counter Height Fire Pit",owlee-elba-54-rd-counter-height-fire-pit-5122-54rdk,"Sleek, stylish, and distinctly modern, the all-aluminum Elba Fire Pit brings a bold architectural statement to your outdoor space. Designed with a clean, linear aesthetic, Elba illuminates the elegance of O.W. Lee’s unmatched craftsmanship in aluminum with a durable commercial grade porcelain top to create a fire feature that feels both contemporary and timeless. Artisan-crafted in the USA, the Elba Fire Pit offers exceptional customization to suit your outdoor aesthetic. Choose from 10 elegant frame finishes and 16 striking porcelain tile tops to create your ideal centerpiece. Available with either manual or electronic ignition, each unit comes propane-ready and can be easily converted to natural gas with an optional conversion kit. With four height options and six versatile sizes, the Elba fire pit is our most extensive Casual Fireside collection.","Sleek, stylish, and distinctly modern, the all-aluminum Elba Fire Pit brings a bold architectural statement to your outdoor space. Designed with a clean, linear aesthetic, Elba illuminates the elegance of O.W. Lee’s unmatched craftsmanship in aluminum with a durable commercial grade porcelain top to create a fire feature that feels both contemporary and timeless. Artisan-crafted in the USA, the Elba Fire Pit offers exceptional customization to suit your outdoor aesthetic. Choose from 10 elegant frame finishes and 16 striking porcelain tile tops to create your ideal centerpiece. Available with either manual or electronic ignition, each unit comes propane-ready and can be easily converted to natural gas with an optional conversion kit. With four height options and six versatile sizes, the Elba fire pit is our most extensive Casual Fireside collection.",Fire Tables,cat-fire-tables,Aluminum,aluminum,,,,,,,fixed,,"H 38"" × W 54""","{""height_in"":""38"",""collection"":""Elba"",""weight_lbs"":""235 (pkg)"",""arm_height_in"":""—"",""seat_height_in"":""—"",""spec_sheet_pdf"":""https://www.owlee.com/wp-content/uploads/2021/11/Casual-Fireside_Retail_SpecSheets_2026_5122-54RDK-Elba.pdf"",""width_diameter_in"":""54""}","[""o-w-lee"",""elba"",""made-in-usa""]",false,true,true,true,false,,110,0,true,2026-05-03 01:40:47.138075+00,2026-06-17 00:27:48.223+00,[],[],[],[],[],"[{""url"":""https://641bdd57-e650-4f10-a19f-628c07eb50b7-00-1e7i1aja8wnz9.worf.replit.dev/api/storage/objects/products/owlee-v2/5122-54RDK_Elba_54_Rd._Counter_Height_Elba_Aluminum_Fire_Pit.jpg"",""alt_text"":null,""is_primary"":true,""display_order"":0,""image_kind"":""gallery"",""variant_id"":null}]",[]
O.W. Lee,o-w-lee,2131,5122-54RDO,"Elba 54"" Rd. Occasional Height Fire Pit",owlee-elba-54-rd-occasional-height-fire-pit-5122-54rdo,"Sleek, stylish, and distinctly modern, the all-aluminum Elba Fire Pit brings a bold architectural statement to your outdoor space. Designed with a clean, linear aesthetic, Elba illuminates the elegance of O.W. Lee’s unmatched craftsmanship in aluminum with a durable commercial grade porcelain top to create a fire feature that feels both contemporary and timeless. Artisan-crafted in the USA, the Elba Fire Pit offers exceptional customization to suit your outdoor aesthetic. Choose from 10 elegant frame finishes and 16 striking porcelain tile tops to create your ideal centerpiece. Available with either manual or electronic ignition, each unit comes propane-ready and can be easily converted to natural gas with an optional conversion kit. With four height options and six versatile sizes, the Elba fire pit is our most extensive Casual Fireside collection.","Sleek, stylish, and distinctly modern, the all-aluminum Elba Fire Pit brings a bold architectural statement to your outdoor space. Designed with a clean, linear aesthetic, Elba illuminates the elegance of O.W. Lee’s unmatched craftsmanship in aluminum with a durable commercial grade porcelain top to create a fire feature that feels both contemporary and timeless. Artisan-crafted in the USA, the Elba Fire Pit offers exceptional customization to suit your outdoor aesthetic. Choose from 10 elegant frame finishes and 16 striking porcelain tile tops to create your ideal centerpiece. Available with either manual or electronic ignition, each unit comes propane-ready and can be easily converted to natural gas with an optional conversion kit. With four height options and six versatile sizes, the Elba fire pit is our most extensive Casual Fireside collection.",Fire Tables,cat-fire-tables,Aluminum,aluminum,,,,,,,fixed,,"H 19"" × W 54""","{""height_in"":""19"",""collection"":""Elba"",""weight_lbs"":""155 (pkg)"",""arm_height_in"":""—"",""seat_height_in"":""—"",""spec_sheet_pdf"":""https://www.owlee.com/wp-content/uploads/2021/11/Casual-Fireside_Retail_SpecSheets_2026_5122-54RDO-Elba.pdf"",""width_diameter_in"":""54""}","[""o-w-lee"",""elba"",""made-in-usa""]",false,true,true,true,false,,108,0,true,2026-05-03 01:40:47.13171+00,2026-06-17 00:27:48.213+00,[],[],[],[],[],"[{""url"":""https://641bdd57-e650-4f10-a19f-628c07eb50b7-00-1e7i1aja8wnz9.worf.replit.dev/api/storage/objects/products/owlee-v2/5122-54RDO_Elba_54_Rd._Occasional_Height_Elba_Aluminum_Fire_Pit.jpg"",""alt_text"":null,""is_primary"":true,""display_order"":0,""image_kind"":""gallery"",""variant_id"":null}]",[]
O.W. Lee,o-w-lee,2149,5123-3050C,"Volante 30"" x 50"" Chat Height Fire Pit",owlee-volante-30-x-50-chat-height-fire-pit-5123-3050c,"Part of the O.W. Lee Volante collection. Crafted in the USA, O.W. Lee pieces are built to order and sold exclusively through our showroom — contact a sales agent for pricing, finishes, and cushion options.","Volante collection · 30"" x 50"" Chat Height Fire Pit by O.W. Lee",Fire Tables,cat-fire-tables,,,,,,,,,fixed,170.00,"H 24"" × W 50"" × D 30""","{""height_in"":""24"",""collection"":""Volante"",""weight_lbs"":""170"",""arm_height_in"":""—"",""seat_height_in"":""—"",""spec_sheet_pdf"":""https://www.owlee.com/collections/casual-fireside/30-x-50-chat-height-volante-aluminum-fire-pit/"",""depth_length_in"":""30"",""width_diameter_in"":""50""}","[""o-w-lee"",""volante"",""made-in-usa""]",false,true,true,true,false,,129,0,true,2026-05-03 01:40:47.220023+00,2026-05-03 01:40:47.220023+00,[],[],[],[],[],"[{""url"":""https://641bdd57-e650-4f10-a19f-628c07eb50b7-00-1e7i1aja8wnz9.worf.replit.dev/api/storage/objects/products/owlee/5123-3050C.svg"",""alt_text"":null,""is_primary"":true,""display_order"":0,""image_kind"":""gallery"",""variant_id"":null}]",[]
O.W. Lee,o-w-lee,2148,5123-3050O,"Volante 30"" x 50"" Occasional Height Fire Pit",owlee-volante-30-x-50-occasional-height-fire-pit-5123-3050o,"Part of the O.W. Lee Volante collection. Crafted in the USA, O.W. Lee pieces are built to order and sold exclusively through our showroom — contact a sales agent for pricing, finishes, and cushion options.","Volante collection · 30"" x 50"" Occasional Height Fire Pit by O.W. Lee",Fire Tables,cat-fire-tables,,,,,,,,,fixed,160.00,"H 19"" × W 50"" × D 30""","{""height_in"":""19"",""collection"":""Volante"",""weight_lbs"":""160"",""arm_height_in"":""—"",""seat_height_in"":""—"",""spec_sheet_pdf"":""https://www.owlee.com/collections/casual-fireside/30-x-50-occasional-height-volante-aluminum-fire-pit/"",""depth_length_in"":""30"",""width_diameter_in"":""50""}","[""o-w-lee"",""volante"",""made-in-usa""]",false,true,true,true,false,,128,0,true,2026-05-03 01:40:47.216811+00,2026-05-03 01:40:47.216811+00,[],[],[],[],[],"[{""url"":""https://641bdd57-e650-4f10-a19f-628c07eb50b7-00-1e7i1aja8wnz9.worf.replit.dev/api/storage/objects/products/owlee/5123-3050O.svg"",""alt_text"":null,""is_primary"":true,""display_order"":0,""image_kind"":""gallery"",""variant_id"":null}]",[]
O.W. Lee,o-w-lee,2147,5123-42RDC,"Volante 42"" Rd. Chat Height Fire Pit",owlee-volante-42-rd-chat-height-fire-pit-5123-42rdc,"Part of the O.W. Lee Volante collection. Crafted in the USA, O.W. Lee pieces are built to order and sold exclusively through our showroom — contact a sales agent for pricing, finishes, and cushion options.","Volante collection · 42"" Rd. Chat Height Fire Pit by O.W. Lee",Fire Tables,cat-fire-tables,,,,,,,,,fixed,,"H 24"" × W 42""","{""height_in"":""24"",""collection"":""Volante"",""arm_height_in"":""—"",""seat_height_in"":""—"",""spec_sheet_pdf"":""https://www.owlee.com/collections/casual-fireside/42-rd-chat-height-volante-aluminum-fire-pit/"",""width_diameter_in"":""42""}","[""o-w-lee"",""volante"",""made-in-usa""]",false,true,true,true,false,,127,0,true,2026-05-03 01:40:47.213745+00,2026-05-03 01:40:47.213745+00,[],[],[],[],[],"[{""url"":""https://641bdd57-e650-4f10-a19f-628c07eb50b7-00-1e7i1aja8wnz9.worf.replit.dev/api/storage/objects/products/owlee/5123-42RDC.svg"",""alt_text"":null,""is_primary"":true,""display_order"":0,""image_kind"":""gallery"",""variant_id"":null}]",[]
O.W. Lee,o-w-lee,2146,5123-42RDO,"Volante 42"" Rd. Occasional Height Fire Pit",owlee-volante-42-rd-occasional-height-fire-pit-5123-42rdo,"The iron Phoenix Fire Pit by O.W. Lee redefines outdoor luxury with a bold modern design and the unmatched durability of Dekton®--a premium ultra-compact surface known for its resistance to heat, scratches, and weather. Its solid iron construction provides exceptional strength while anchoring the design with a refined, architectural presence. Handcrafted in the USA, Phoenix offers extensive customization with 10 elegant iron frame finishes and two sleek Dekton® tops. Available with manual or electronic ignition, each unit ships propane-ready and can be converted to natural gas with an optional kit. Offered in two heights and two sizes, the Phoenix Fire Pit delivers sculptural beauty with long-lasting iron durability.","The iron Phoenix Fire Pit by O.W. Lee redefines outdoor luxury with a bold modern design and the unmatched durability of Dekton®--a premium ultra-compact surface known for its resistance to heat, scratches, and weather. Its solid iron construction provides exceptional strength while anchoring the design with a refined, architectural presence. Handcrafted in the USA, Phoenix offers extensive customization with 10 elegant iron frame finishes and two sleek Dekton® tops. Available with manual or electronic ignition, each unit ships propane-ready and can be converted to natural gas with an optional kit. Offered in two heights and two sizes, the Phoenix Fire Pit delivers sculptural beauty with long-lasting iron durability.",Fire Tables,cat-fire-tables,Wrought Iron,wrought-iron,,,,,,,fixed,,"H 19"" × W 42""","{""height_in"":""19"",""collection"":""Phoenix"",""weight_lbs"":""135 (pkg)"",""arm_height_in"":""—"",""seat_height_in"":""—"",""spec_sheet_pdf"":""https://www.owlee.com/wp-content/uploads/2021/11/Casual-Fireside_Retail_SpecSheets_2026_Phoenix-5113-42RDO.pdf"",""width_diameter_in"":""42""}","[""o-w-lee"",""volante"",""made-in-usa""]",false,true,true,true,false,,126,0,true,2026-05-03 01:40:47.210424+00,2026-06-17 00:27:48.171+00,[],[],[],[],[],"[{""url"":""https://641bdd57-e650-4f10-a19f-628c07eb50b7-00-1e7i1aja8wnz9.worf.replit.dev/api/storage/objects/products/owlee-v2/5123-42RDO_Phoenix_42_Rd._Occasional_Height_Phoenix_Fire_Pit.jpg"",""alt_text"":null,""is_primary"":true,""display_order"":0,""image_kind"":""gallery"",""variant_id"":null}]",[]
O.W. Lee,o-w-lee,4891,5125-42SQC,"Haven 42"" Square Chat Height Fire Pit",owlee-haven-42-square-chat-height-fire-pit-5125-42sqc,"Introducing the Haven Fire Pit, O.W. Lee’s only square fire pit in Aluminum--a bold blend of clean lines, creative spirit, and welcoming warmth. With its sleek metal surface and gently playful proportions, Haven brings a lighthearted edge to serious craftsmanship. Designed and handcrafted in the USA, Haven features 10 premium frame finishes to suit a variety of aesthetics. Choose between manual or electronic ignition, with each model arriving propane-ready and easily convertible to natural gas using an optional kit. Its square shape makes it a versatile fit for both symmetrical layouts and more eclectic outdoor spaces—creating a fun, functional centerpiece that sparks conversation as easily as it radiates heat.","Introducing the Haven Fire Pit, O.W. Lee’s only square fire pit in Aluminum--a bold blend of clean lines, creative spirit, and welcoming warmth. With its sleek metal surface and gently playful proportions, Haven brings a lighthearted edge to serious craftsmanship. Designed and handcrafted in the USA, Haven features 10 premium frame finishes to suit a variety of aesthetics. Choose between manual or electronic ignition, with each model arriving propane-ready and easily convertible to natural gas using an optional kit. Its square shape makes it a versatile fit for both symmetrical layouts and more eclectic outdoor spaces—creating a fun, functional centerpiece that sparks conversation as easily as it radiates heat.",Fire Tables,cat-fire-tables,Aluminum,aluminum,,,,,,,fixed,,"H 24"" × W 42"" × D 42""","{""height_in"":""24"",""collection"":""Haven"",""source_url"":""https://www.owlee.com/collections/casual-fireside/haven-42-square-chat-height-fire-pit/"",""weight_lbs"":""88 (pkg)"",""spec_sheet_pdf"":""https://www.owlee.com/wp-content/uploads/2021/11/Casual-Fireside_Retail_SpecSheets_2026_5125-42SQC-Haven.pdf"",""depth_length_in"":""42"",""width_diameter_in"":""42""}","[""o-w-lee"",""haven"",""made-in-usa"",""quote-only""]",false,true,true,true,false,,44,0,true,2026-06-02 00:19:49.375953+00,2026-06-17 00:27:48.279+00,[],[],[],[],[],"[{""url"":""https://641bdd57-e650-4f10-a19f-628c07eb50b7-00-1e7i1aja8wnz9.worf.replit.dev/api/storage/objects/products/owlee-v2/5125-42SQC_Haven_Haven_42_Square_Chat_Height_Fire_Pit.jpg"",""alt_text"":null,""is_primary"":true,""display_order"":0,""image_kind"":""gallery"",""variant_id"":null}]",[]
O.W. Lee,o-w-lee,4892,5125-42SQO,"Haven 42"" Square Occasional Height Fire Pit",owlee-haven-42-square-occasional-height-fire-pit-5125-42sqo,"Introducing the Haven Fire Pit, O.W. Lee’s only square fire pit in Aluminum—a bold blend of clean lines, creative spirit, and welcoming warmth. With its sleek metal surface and gently playful proportions, Haven brings a lighthearted edge to serious craftsmanship. Designed and handcrafted in the USA, Haven features 10 premium frame finishes to suit a variety of aesthetics. Choose between manual or electronic ignition, with each model arriving propane-ready and easily convertible to natural gas using an optional kit. Its square shape makes it a versatile fit for both symmetrical layouts and more eclectic outdoor spaces—creating a fun, functional centerpiece that sparks conversation as easily as it radiates heat.","Introducing the Haven Fire Pit, O.W. Lee’s only square fire pit in Aluminum—a bold blend of clean lines, creative spirit, and welcoming warmth. With its sleek metal surface and gently playful proportions, Haven brings a lighthearted edge to serious craftsmanship. Designed and handcrafted in the USA, Haven features 10 premium frame finishes to suit a variety of aesthetics. Choose between manual or electronic ignition, with each model arriving propane-ready and easily convertible to natural gas using an optional kit. Its square shape makes it a versatile fit for both symmetrical layouts and more eclectic outdoor spaces—creating a fun, functional centerpiece that sparks conversation as easily as it radiates heat.",Fire Tables,cat-fire-tables,Aluminum,aluminum,,,,,,,fixed,,"H 19"" × W 42"" × D 42""","{""height_in"":""19"",""collection"":""Haven"",""source_url"":""https://www.owlee.com/collections/casual-fireside/haven-square-occasional-fire-pit/"",""weight_lbs"":""88 (pkg)"",""spec_sheet_pdf"":""https://www.owlee.com/wp-content/uploads/2021/11/Casual-Fireside_Retail_SpecSheets_2026_5125-42SQO-Haven.pdf"",""depth_length_in"":""42"",""width_diameter_in"":""42""}","[""o-w-lee"",""haven"",""made-in-usa"",""quote-only""]",false,true,true,true,false,,45,0,true,2026-06-02 00:19:49.541501+00,2026-06-17 00:27:48.284+00,[],[],[],[],[],"[{""url"":""https://641bdd57-e650-4f10-a19f-628c07eb50b7-00-1e7i1aja8wnz9.worf.replit.dev/api/storage/objects/products/owlee-v2/5125-42SQO_Haven_Haven_42_Square_Occasional_Height_Fire_Pit.jpg"",""alt_text"":null,""is_primary"":true,""display_order"":0,""image_kind"":""gallery"",""variant_id"":null}]",[]
O.W. Lee,o-w-lee,5230,5150-36RDC,"Basso 36"" Rd. Chat Height Basso Fire Pit",owlee-basso-36-rd-chat-height-basso-fire-pit-5150-36rdc,"Sleek, grounded, and effortlessly modern, the Basso Fire Pit by O.W. Lee brings a bold architectural presence to contemporary outdoor spaces. Its minimalist, sculptural design features a wide, shallow aluminum bowl with a softly rounded rim that appears to float above a tapered pedestal base. The contrast between the expansive top and narrow foundation creates a clean, balanced silhouette that feels intentional and refined, making Basso a striking focal point without overwhelming its surroundings. Crafted in the USA from premium outdoor-rated aluminum, the Basso Fire Pit is built for long-lasting performance and enduring style. The smooth metal surface and your choice of finish enhance its modern aesthetic, while your choice of fire media adds subtle texture and visual depth when lit. Available in 10 sophisticated finishes, Basso complements a wide range of contemporary patios, poolside lounges, rooftop terraces, and urban outdoor environments. Designed with both form and function in mind, Basso offers a choice of manual or electronic ignition. Each unit ships propane-ready and can be easily converted to natural gas with an optional conversion kit. Thoughtfully engineered and beautifully executed, the Basso Fire Pit delivers warmth, ambiance, and sculptural elegance--serving as both a functional fire feature and a modern outdoor statement piece.","Sleek, grounded, and effortlessly modern, the Basso Fire Pit by O.W. Lee brings a bold architectural presence to contemporary outdoor spaces. Its minimalist, sculptural design features a wide, shallow aluminum bowl with a softly rounded rim that appears to float above a tapered pedestal base. The contrast between the expansive top and narrow foundation creates a clean, balanced silhouette that feels intentional and refined, making Basso a striking focal point without overwhelming its surroundings. Crafted in the USA from premium outdoor-rated aluminum, the Basso Fire Pit is built for long-lasting performance and enduring style. The smooth metal surface and your choice of finish enhance its modern aesthetic, while your choice of fire media adds subtle texture and visual depth when lit. Available in 10 sophisticated finishes, Basso complements a wide range of contemporary patios, poolside lounges, rooftop terraces, and urban outdoor environments. Designed with both form and function in mind, Basso offers a choice of manual or electronic ignition. Each unit ships propane-ready and can be easily converted to natural gas with an optional conversion kit. Thoughtfully engineered and beautifully executed, the Basso Fire Pit delivers warmth, ambiance, and sculptural elegance--serving as both a functional fire feature and a modern outdoor statement piece.",Fire Tables,cat-fire-tables,Aluminum,aluminum,,,,,,,fixed,,,"{""collection"":""Basso"",""spec_sheet_pdf"":""https://www.owlee.com/wp-content/uploads/2021/11/Casual-Fireside_Retail_SpecSheets_2026_Basso.pdf""}","[""o-w-lee"",""basso"",""made-in-usa""]",false,true,true,true,false,,276,0,true,2026-06-17 00:26:09.96869+00,2026-06-17 00:27:48.182+00,[],[],[],[],[],"[{""url"":""https://641bdd57-e650-4f10-a19f-628c07eb50b7-00-1e7i1aja8wnz9.worf.replit.dev/api/storage/objects/products/owlee-v2/5150-36RDC_Basso_36_Rd._Chat_Height_Basso_Fire_Pit.jpg"",""alt_text"":null,""is_primary"":true,""display_order"":0,""image_kind"":""gallery"",""variant_id"":null}]",[]
O.W. Lee,o-w-lee,2144,5152-2545O,"Forma 25"" x 45"" Occasional Height Fire Pit",owlee-forma-25-x-45-occasional-height-fire-pit-5152-2545o,"Strikingly modern and expertly crafted, the aluminum Forma Fire Pit by O.W. Lee brings bold architectural design to outdoor spaces. Defined by clean geometric lines, Forma highlights the strength, precision, and corrosion resistance of premium aluminum construction. Made in the USA, Forma is available in 10 aluminum frame finishes. Choose manual or electronic ignition, with each unit propane-ready and convertible to natural gas. Offered in two streamlined sizes, Forma’s sculptural aluminum form delivers a perfect balance of art and function.","Strikingly modern and expertly crafted, the aluminum Forma Fire Pit by O.W. Lee brings bold architectural design to outdoor spaces. Defined by clean geometric lines, Forma highlights the strength, precision, and corrosion resistance of premium aluminum construction. Made in the USA, Forma is available in 10 aluminum frame finishes. Choose manual or electronic ignition, with each unit propane-ready and convertible to natural gas. Offered in two streamlined sizes, Forma’s sculptural aluminum form delivers a perfect balance of art and function.",Fire Tables,cat-fire-tables,Aluminum,aluminum,,,,,,,fixed,,"H 19"" × W 45"" × D 25""","{""height_in"":""19"",""collection"":""Forma"",""weight_lbs"":""185 (pkg)"",""arm_height_in"":""—"",""seat_height_in"":""—"",""spec_sheet_pdf"":""https://www.owlee.com/wp-content/uploads/2021/11/Casual-Fireside_Retail_SpecSheets_2026_5152-2545O-Forma.pdf"",""depth_length_in"":""25"",""width_diameter_in"":""45""}","[""o-w-lee"",""forma"",""made-in-usa""]",false,true,true,true,false,,124,0,true,2026-05-03 01:40:47.200329+00,2026-06-17 00:27:48.297+00,[],[],[],[],[],"[{""url"":""https://641bdd57-e650-4f10-a19f-628c07eb50b7-00-1e7i1aja8wnz9.worf.replit.dev/api/storage/objects/products/owlee-v2/5152-2545O_Forma_25_x_45_Occasional_Heights_Forma_Fire_Pit.jpg"",""alt_text"":null,""is_primary"":true,""display_order"":0,""image_kind"":""gallery"",""variant_id"":null}]",[]
O.W. Lee,o-w-lee,2145,5152-2565O,"Forma 25"" x 65"" Occasional Height Fire Pit",owlee-forma-25-x-65-occasional-height-fire-pit-5152-2565o,"Strikingly modern and expertly crafted, the aluminum Forma Fire Pit by O.W. Lee brings bold architectural design to outdoor spaces. Defined by clean geometric lines, Forma highlights the strength, precision, and corrosion resistance of premium aluminum construction. Made in the USA, Forma is available in 10 aluminum frame finishes. Choose manual or electronic ignition, with each unit propane-ready and convertible to natural gas. Offered in two streamlined sizes, Forma’s sculptural aluminum form delivers a perfect balance of art and function.","Strikingly modern and expertly crafted, the aluminum Forma Fire Pit by O.W. Lee brings bold architectural design to outdoor spaces. Defined by clean geometric lines, Forma highlights the strength, precision, and corrosion resistance of premium aluminum construction. Made in the USA, Forma is available in 10 aluminum frame finishes. Choose manual or electronic ignition, with each unit propane-ready and convertible to natural gas. Offered in two streamlined sizes, Forma’s sculptural aluminum form delivers a perfect balance of art and function.",Fire Tables,cat-fire-tables,Aluminum,aluminum,,,,,,,fixed,,"H 19"" × W 65"" × D 25""","{""height_in"":""19"",""collection"":""Forma"",""weight_lbs"":""210 (pkg)"",""arm_height_in"":""—"",""seat_height_in"":""—"",""spec_sheet_pdf"":""https://www.owlee.com/wp-content/uploads/2021/11/Casual-Fireside_Retail_SpecSheets_2026_5152-2565O-Forma.pdf"",""depth_length_in"":""25"",""width_diameter_in"":""65""}","[""o-w-lee"",""forma"",""made-in-usa""]",false,true,true,true,false,,125,0,true,2026-05-03 01:40:47.20335+00,2026-06-17 00:27:48.302+00,[],[],[],[],[],"[{""url"":""https://641bdd57-e650-4f10-a19f-628c07eb50b7-00-1e7i1aja8wnz9.worf.replit.dev/api/storage/objects/products/owlee-v2/5152-2565O_Forma_25_x_65_Occasional_Heights_Forma_Fire_Pit.jpg"",""alt_text"":null,""is_primary"":true,""display_order"":0,""image_kind"":""gallery"",""variant_id"":null}]",[]
O.W. Lee,o-w-lee,2142,5153-2545O,"Moda 25"" x 45"" Occasional Height Fire Pit",owlee-moda-25-x-45-occasional-height-fire-pit-5153-2545o,"Clean lines, modern form, and advanced materials define the aluminum Moda Fire Pit by O.W. Lee. Featuring a sleek, low-profile aluminum frame and a premium Dekton® hearth top, Moda delivers contemporary style with lightweight strength and weather-resistant performance. Proudly made in the USA, Moda is available in 10 aluminum frame finishes and two Dekton® top options. Choose manual or electronic ignition, with each model shipping propane-ready and convertible to natural gas. Offered in two streamlined sizes, Moda serves as a refined aluminum focal point for modern outdoor entertaining.","Clean lines, modern form, and advanced materials define the aluminum Moda Fire Pit by O.W. Lee. Featuring a sleek, low-profile aluminum frame and a premium Dekton® hearth top, Moda delivers contemporary style with lightweight strength and weather-resistant performance. Proudly made in the USA, Moda is available in 10 aluminum frame finishes and two Dekton® top options. Choose manual or electronic ignition, with each model shipping propane-ready and convertible to natural gas. Offered in two streamlined sizes, Moda serves as a refined aluminum focal point for modern outdoor entertaining.",Fire Tables,cat-fire-tables,Aluminum,aluminum,,,,,,,fixed,,"H 19"" × W 45"" × D 25""","{""height_in"":""19"",""collection"":""Moda"",""weight_lbs"":""98 (pkg)"",""arm_height_in"":""—"",""seat_height_in"":""—"",""spec_sheet_pdf"":""https://www.owlee.com/wp-content/uploads/2021/11/Casual-Fireside_Retail_SpecSheets_2026_5153-2545O-Moda.pdf"",""depth_length_in"":""25"",""width_diameter_in"":""45""}","[""o-w-lee"",""moda"",""made-in-usa""]",false,true,true,true,false,,122,0,true,2026-05-03 01:40:47.191228+00,2026-06-17 00:27:48.288+00,[],[],[],[],[],"[{""url"":""https://641bdd57-e650-4f10-a19f-628c07eb50b7-00-1e7i1aja8wnz9.worf.replit.dev/api/storage/objects/products/owlee-v2/5153-2545O_Moda_25_x_45_Occasional_Heights_Moda_Fire_Pit.jpg"",""alt_text"":null,""is_primary"":true,""display_order"":0,""image_kind"":""gallery"",""variant_id"":null}]",[]
O.W. Lee,o-w-lee,2143,5153-2565O,"Moda 25"" x 65"" Occasional Height Fire Pit",owlee-moda-25-x-65-occasional-height-fire-pit-5153-2565o,"Clean lines, modern form, and advanced materials define the aluminum Moda Fire Pit by O.W. Lee. Featuring a sleek, low-profile aluminum frame and a premium Dekton® hearth top, Moda delivers contemporary style with lightweight strength and weather-resistant performance. Proudly made in the USA, Moda is available in 10 aluminum frame finishes and two Dekton® top options. Choose manual or electronic ignition, with each model shipping propane-ready and convertible to natural gas. Offered in two streamlined sizes, Moda serves as a refined aluminum focal point for modern outdoor entertaining.","Clean lines, modern form, and advanced materials define the aluminum Moda Fire Pit by O.W. Lee. Featuring a sleek, low-profile aluminum frame and a premium Dekton® hearth top, Moda delivers contemporary style with lightweight strength and weather-resistant performance. Proudly made in the USA, Moda is available in 10 aluminum frame finishes and two Dekton® top options. Choose manual or electronic ignition, with each model shipping propane-ready and convertible to natural gas. Offered in two streamlined sizes, Moda serves as a refined aluminum focal point for modern outdoor entertaining.",Fire Tables,cat-fire-tables,Aluminum,aluminum,,,,,,,fixed,,"H 19"" × W 65"" × D 25""","{""height_in"":""19"",""collection"":""Moda"",""weight_lbs"":""158 (pkg)"",""arm_height_in"":""—"",""seat_height_in"":""—"",""spec_sheet_pdf"":""https://www.owlee.com/wp-content/uploads/2021/11/Casual-Fireside_Retail_SpecSheets_2026_5153-2565O-Moda.pdf"",""depth_length_in"":""25"",""width_diameter_in"":""65""}","[""o-w-lee"",""moda"",""made-in-usa""]",false,true,true,true,false,,123,0,true,2026-05-03 01:40:47.193826+00,2026-06-17 00:27:48.292+00,[],[],[],[],[],"[{""url"":""https://641bdd57-e650-4f10-a19f-628c07eb50b7-00-1e7i1aja8wnz9.worf.replit.dev/api/storage/objects/products/owlee-v2/5153-2565O_Moda_25_x_65_Occasional_Heights_Moda_Fire_Pit.jpg"",""alt_text"":null,""is_primary"":true,""display_order"":0,""image_kind"":""gallery"",""variant_id"":null}]",[]
O.W. Lee,o-w-lee,4887,5162-42RDC,"Anello 42"" Round Chat Height Fire Pit",owlee-anello-42-round-chat-height-fire-pit-5162-42rdc,"Introducing the aluminum Anello Fire Pit by O.W. Lee, where clean design meets timeless sophistication. Featuring a sleek cylindrical aluminum base and an artisan-crafted porcelain tile top, Anello delivers a refined, minimalist aesthetic with lightweight durability ideal for outdoor environments. Built in the USA with O.W. Lee’s renowned attention to detail, Anello blends standout aluminum design with everyday performance. Available with manual or electronic ignition, each unit ships propane-ready and can be converted to natural gas with an optional kit. With 10 premium aluminum frame finishes and sixteen porcelain tile options, Anello adds a polished modern touch to any outdoor space.","Introducing the aluminum Anello Fire Pit by O.W. Lee, where clean design meets timeless sophistication. Featuring a sleek cylindrical aluminum base and an artisan-crafted porcelain tile top, Anello delivers a refined, minimalist aesthetic with lightweight durability ideal for outdoor environments. Built in the USA with O.W. Lee’s renowned attention to detail, Anello blends standout aluminum design with everyday performance. Available with manual or electronic ignition, each unit ships propane-ready and can be converted to natural gas with an optional kit. With 10 premium aluminum frame finishes and sixteen porcelain tile options, Anello adds a polished modern touch to any outdoor space.",Fire Tables,cat-fire-tables,Aluminum,aluminum,,,,,,,fixed,145.00,"H 24"" × W 42"" × D 42""","{""height_in"":""24"",""collection"":""Anello"",""source_url"":""https://www.owlee.com/collections/casual-fireside/anello-42-round-chat-height-fire-pit/"",""weight_lbs"":""145"",""spec_sheet_pdf"":""https://www.owlee.com/wp-content/uploads/2025/09/Casual-Fireside_Retail_SpecSheets_2026_Anello.pdf"",""depth_length_in"":""42"",""width_diameter_in"":""42""}","[""o-w-lee"",""anello"",""made-in-usa"",""quote-only""]",false,true,true,true,false,,0,0,true,2026-06-02 00:19:48.273781+00,2026-06-17 00:27:48.273+00,[],[],[],[],[],"[{""url"":""https://641bdd57-e650-4f10-a19f-628c07eb50b7-00-1e7i1aja8wnz9.worf.replit.dev/api/storage/objects/products/owlee-v2/5162-42RDC_Anello_Anello_42_Round_Chat_Height_Fire_Pit.jpg"",""alt_text"":null,""is_primary"":true,""display_order"":0,""image_kind"":""gallery"",""variant_id"":null}]",[]
O.W. Lee,o-w-lee,4893,5163-42RDC,"Nova 42"" Round Chat Height Fire Pit",owlee-nova-42-round-chat-height-fire-pit-5163-42rdc,"Introducing the Nova Fire Pit by O.W. Lee—a sleek new design that pairs minimalist form with cutting-edge materials. With its smooth cylindrical base and ultra-durable Dekton® hearth top, Nova offers a refined, architectural presence that anchors any modern outdoor space. Produced in the USA with O.W. Lee’s hallmark craftsmanship, Nova is both visually striking and highly functional. Available with either manual or electronic ignition, each unit comes propane-ready and can be easily converted to natural gas with an optional conversion kit. With 10 premium frame finishes and two sleek Dekton® tops, Nova brings a refined, minimalist aesthetic to any outdoor setting.","Introducing the Nova Fire Pit by O.W. Lee—a sleek new design that pairs minimalist form with cutting-edge materials. With its smooth cylindrical base and ultra-durable Dekton® hearth top, Nova offers a refined, architectural presence that anchors any modern outdoor space. Produced in the USA with O.W. Lee’s hallmark craftsmanship, Nova is both visually striking and highly functional. Available with either manual or electronic ignition, each unit comes propane-ready and can be easily converted to natural gas with an optional conversion kit. With 10 premium frame finishes and two sleek Dekton® tops, Nova brings a refined, minimalist aesthetic to any outdoor setting.",Fire Tables,cat-fire-tables,,,,,,,,,fixed,145.00,"H 24"" × W 42"" × D 42""","{""height_in"":""24"",""collection"":""Nova"",""source_url"":""https://www.owlee.com/collections/casual-fireside/nova-42-round-chat-height-fire-pit/"",""weight_lbs"":""145"",""spec_sheet_pdf"":""https://www.owlee.com/wp-content/uploads/2021/11/Casual-Fireside_Retail_SpecSheets_2026_Nova.pdf"",""depth_length_in"":""42"",""width_diameter_in"":""42""}","[""o-w-lee"",""nova"",""made-in-usa"",""quote-only""]",false,true,true,true,false,,48,0,true,2026-06-02 00:19:49.692914+00,2026-06-17 00:27:48.268+00,[],[],[],[],[],"[{""url"":""https://641bdd57-e650-4f10-a19f-628c07eb50b7-00-1e7i1aja8wnz9.worf.replit.dev/api/storage/objects/products/owlee-v2/5163-42RDC_Nova_Nova_42_Round_Chat_Height_Fire_Pit.jpg"",""alt_text"":null,""is_primary"":true,""display_order"":0,""image_kind"":""gallery"",""variant_id"":null}]",[]
O.W. Lee,o-w-lee,4926,54 Round Dekton Table Top,"54"" Round Dekton Table Top",owlee-54-round-dekton-table-top-54-round-dekton-table-top,"Part of the O.W. Lee Tables, Tops & Bases collection. Crafted in the USA, O.W. Lee pieces are built to order and sold exclusively through our showroom — contact a sales agent for pricing, finishes, and cushion options.","Tables, Tops & Bases collection · 54"" Round Dekton Table Top by O.W. Lee",Dining,cat-dining,,,,,,,,,fixed,,"W 54"" × D 54""","{""collection"":""Tables, Tops & Bases"",""source_url"":""https://www.owlee.com/collections/dekton-tops/54-round-dekton-table-top/"",""depth_length_in"":""54"",""width_diameter_in"":""54""}","[""o-w-lee"",""tables-tops-bases"",""made-in-usa"",""quote-only""]",false,true,true,true,false,,83,0,true,2026-06-02 00:19:56.985437+00,2026-06-02 00:19:56.985437+00,[],[],[],[],[],"[{""url"":""https://641bdd57-e650-4f10-a19f-628c07eb50b7-00-1e7i1aja8wnz9.worf.replit.dev/api/storage/objects/products/owlee/TABLES TOPS BASES - 54 ROUND DEKTON TABLE TOP.jpg"",""alt_text"":""54\"" Round Dekton Table Top"",""is_primary"":true,""display_order"":0,""image_kind"":""gallery"",""variant_id"":null}]",[]
O.W. Lee,o-w-lee,4927,54 Round Micro Mesh Top with Umbrella Hole,"54"" Round Micro Mesh Top with Umbrella Hole",owlee-54-round-micro-mesh-top-with-umbrella-hole-54-round-micro-mesh-top-with-umbrella-hole,"Part of the O.W. Lee Tables, Tops & Bases collection. Crafted in the USA, O.W. Lee pieces are built to order and sold exclusively through our showroom — contact a sales agent for pricing, finishes, and cushion options.","Tables, Tops & Bases collection · 54"" Round Micro Mesh Top with Umbrella Hole by O.W. Lee",Dining,cat-dining,,,,,,,,,fixed,34.00,"W 54"" × D 54""","{""collection"":""Tables, Tops & Bases"",""source_url"":""https://www.owlee.com/collections/micro-mesh-table-tops/54-round-micro-mesh-top/"",""weight_lbs"":""34"",""depth_length_in"":""54"",""width_diameter_in"":""54""}","[""o-w-lee"",""tables-tops-bases"",""made-in-usa"",""quote-only""]",false,true,true,true,false,,84,0,true,2026-06-02 00:19:57.214572+00,2026-06-02 00:19:57.214572+00,[],[],[],[],[],"[{""url"":""https://641bdd57-e650-4f10-a19f-628c07eb50b7-00-1e7i1aja8wnz9.worf.replit.dev/api/storage/objects/products/owlee/TABLES TOPS BASES - 54 ROUND MICRO MESH TOP WITH UMBRELLA HOLE.jpg"",""alt_text"":""54\"" Round Micro Mesh Top with Umbrella Hole"",""is_primary"":true,""display_order"":0,""image_kind"":""gallery"",""variant_id"":null}]",[]
O.W. Lee,o-w-lee,4928,54 Round Porcelain Table Top,"54"" Round Porcelain Table Top",owlee-54-round-porcelain-table-top-54-round-porcelain-table-top,"Part of the O.W. Lee Tables, Tops & Bases collection. Crafted in the USA, O.W. Lee pieces are built to order and sold exclusively through our showroom — contact a sales agent for pricing, finishes, and cushion options.","Tables, Tops & Bases collection · 54"" Round Porcelain Table Top by O.W. Lee",Dining,cat-dining,,,,,,,,,fixed,112.00,"W 54"" × D 54""","{""collection"":""Tables, Tops & Bases"",""source_url"":""https://www.owlee.com/collections/porcelain/54-round-porcelain-table-top/"",""weight_lbs"":""112"",""depth_length_in"":""54"",""width_diameter_in"":""54""}","[""o-w-lee"",""tables-tops-bases"",""made-in-usa"",""quote-only""]",false,true,true,true,false,,85,0,true,2026-06-02 00:19:57.581431+00,2026-06-02 00:19:57.581431+00,[],[],[],[],[],"[{""url"":""https://641bdd57-e650-4f10-a19f-628c07eb50b7-00-1e7i1aja8wnz9.worf.replit.dev/api/storage/objects/products/owlee/TABLES TOPS BASES - 54 ROUND PORCELAIN TABLE TOP.jpg"",""alt_text"":""54\"" Round Porcelain Table Top"",""is_primary"":true,""display_order"":0,""image_kind"":""gallery"",""variant_id"":null}]",[]
O.W. Lee,o-w-lee,4939,6-DT03,San Cristobal 03 Dining Table Base,owlee-san-cristobal-03-dining-table-base-6-dt03,"Fits table tops: 36"" Square, 42"" Round, 42"" Square, 54"" Round","Fits table tops: 36"" Square, 42"" Round, 42"" Square, 54"" Round",Dining,cat-dining,Wrought Iron,wrought-iron,,,,,,,fixed,,"H 29.25"" × W 25"" × D 25""","{""height_in"":""29.25"",""collection"":""San Cristobal"",""source_url"":""https://www.owlee.com/collections/san-cristobal/03-dining-table-base-san-cristobal/"",""weight_lbs"":""78 (pkg)"",""depth_length_in"":""25"",""width_diameter_in"":""25""}","[""o-w-lee"",""tables-tops-bases"",""made-in-usa"",""quote-only""]",false,true,true,true,false,,110,0,true,2026-06-02 00:19:59.514785+00,2026-06-17 00:27:47.489+00,[],[],[],[],[],"[{""url"":""https://641bdd57-e650-4f10-a19f-628c07eb50b7-00-1e7i1aja8wnz9.worf.replit.dev/api/storage/objects/products/owlee-v2/6-DT03_San_Cristobal_San_Cristobal_03_Dining_Table_Base.jpg"",""alt_text"":null,""is_primary"":true,""display_order"":0,""image_kind"":""gallery"",""variant_id"":null}]",[]
O.W. Lee,o-w-lee,4942,6-DT07,San Cristobal 07 Dining Table Base,owlee-san-cristobal-07-dining-table-base-6-dt07,"Designed to support a variety of table tops with strength and stability, these bases are built to last, with a durable finish that resists fading, blistering, and peeling. Backed by O.W. Lee’s 20-year structural warranty and 5-year finish guarantee, the San Cristóbal table bases combine timeless beauty with enduring performance.","Designed to support a variety of table tops with strength and stability, these bases are built to last, with a durable finish that resists fading, blistering, and peeling. Backed by O.W. Lee’s 20-year structural warranty and 5-year finish guarantee, the San Cristóbal table bases combine timeless beauty with enduring performance.",Dining,cat-dining,Wrought Iron,wrought-iron,,,,,,,fixed,,"H 29"" × W 53.75"" × D 26.5""","{""height_in"":""29"",""collection"":""San Cristobal"",""source_url"":""https://www.owlee.com/collections/san-cristobal/07-dining-table-base-san-cristobal/"",""weight_lbs"":""135 (pkg)"",""depth_length_in"":""26.5"",""width_diameter_in"":""53.75""}","[""o-w-lee"",""tables-tops-bases"",""made-in-usa"",""quote-only""]",false,true,true,true,false,,113,0,true,2026-06-02 00:20:00.070843+00,2026-06-17 00:27:47.484+00,[],[],[],[],[],"[{""url"":""https://641bdd57-e650-4f10-a19f-628c07eb50b7-00-1e7i1aja8wnz9.worf.replit.dev/api/storage/objects/products/owlee-v2/6-DT07_San_Cristobal_San_Cristobal_07_Dining_Table_Base.jpg"",""alt_text"":null,""is_primary"":true,""display_order"":0,""image_kind"":""gallery"",""variant_id"":null}]",[]
O.W. Lee,o-w-lee,4940,6-OT03,San Cristobal 03 Occasional Table Base,owlee-san-cristobal-03-occasional-table-base-6-ot03,"Fits table tops: 36"" Square, 42"" Round, 42"" Square, 54"" Round","Fits table tops: 36"" Square, 42"" Round, 42"" Square, 54"" Round",Coffee & Side Tables,cat-coffee-side-tables,Wrought Iron,wrought-iron,,,,,,,fixed,42.00,"H 17.75"" × W 25"" × D 25""","{""height_in"":""17.75"",""collection"":""San Cristobal"",""source_url"":""https://www.owlee.com/collections/san-cristobal/03-occasional-table-base-san-cristobal/"",""weight_lbs"":""42"",""depth_length_in"":""25"",""width_diameter_in"":""25""}","[""o-w-lee"",""tables-tops-bases"",""made-in-usa"",""quote-only""]",false,true,true,true,false,,111,0,true,2026-06-02 00:19:59.715939+00,2026-06-17 00:27:47.48+00,[],[],[],[],[],"[{""url"":""https://641bdd57-e650-4f10-a19f-628c07eb50b7-00-1e7i1aja8wnz9.worf.replit.dev/api/storage/objects/products/owlee-v2/6-OT03_San_Cristobal_San_Cristobal_03_Occasional_Table_Base.jpg"",""alt_text"":null,""is_primary"":true,""display_order"":0,""image_kind"":""gallery"",""variant_id"":null}]",[]
O.W. Lee,o-w-lee,4941,6-OT05,San Cristobal 05 Occasional Table Base,owlee-san-cristobal-05-occasional-table-base-6-ot05,"Designed to support a variety of table tops with strength and stability, these bases are built to last, with a durable finish that resists fading, blistering, and peeling. Backed by O.W. Lee’s 20-year structural warranty and 5-year finish guarantee, the San Cristóbal table bases combine timeless beauty with enduring performance.","Designed to support a variety of table tops with strength and stability, these bases are built to last, with a durable finish that resists fading, blistering, and peeling. Backed by O.W. Lee’s 20-year structural warranty and 5-year finish guarantee, the San Cristóbal table bases combine timeless beauty with enduring performance.",Coffee & Side Tables,cat-coffee-side-tables,Wrought Iron,wrought-iron,,,,,,,fixed,49.00,"H 17.75"" × W 43"" × D 20""","{""height_in"":""17.75"",""collection"":""San Cristobal"",""source_url"":""https://www.owlee.com/collections/table-bases/05-occasional-table-base-san-cristobal/"",""weight_lbs"":""49"",""depth_length_in"":""20"",""width_diameter_in"":""43""}","[""o-w-lee"",""tables-tops-bases"",""made-in-usa"",""quote-only""]",false,true,true,true,false,,112,0,true,2026-06-02 00:19:59.84335+00,2026-06-17 00:27:47.474+00,[],[],[],[],[],"[{""url"":""https://641bdd57-e650-4f10-a19f-628c07eb50b7-00-1e7i1aja8wnz9.worf.replit.dev/api/storage/objects/products/owlee-v2/6-OT05_San_Cristobal_San_Cristobal_05_Occasional_Table_Base.jpg"",""alt_text"":null,""is_primary"":true,""display_order"":0,""image_kind"":""gallery"",""variant_id"":null}]",[]
O.W. Lee,o-w-lee,4938,6-ST01,San Cristobal 01 Side Table Base,owlee-san-cristobal-01-side-table-base-6-st01,"Designed to support a variety of table tops with strength and stability, these bases are built to last, with a durable finish that resists fading, blistering, and peeling. Backed by O.W. Lee’s 20-year structural warranty and 5-year finish guarantee, the San Cristóbal table bases combine timeless beauty with enduring performance.","Designed to support a variety of table tops with strength and stability, these bases are built to last, with a durable finish that resists fading, blistering, and peeling. Backed by O.W. Lee’s 20-year structural warranty and 5-year finish guarantee, the San Cristóbal table bases combine timeless beauty with enduring performance.",Dining,cat-dining,Wrought Iron,wrought-iron,,,,,,,fixed,29.00,"H 20"" × W 15"" × D 15""","{""height_in"":""20"",""collection"":""San Cristobal"",""source_url"":""https://www.owlee.com/collections/table-bases/01-side-table-base-san-cristobal/"",""weight_lbs"":""29"",""depth_length_in"":""15"",""width_diameter_in"":""15""}","[""o-w-lee"",""tables-tops-bases"",""made-in-usa"",""quote-only""]",false,true,true,true,false,,109,0,true,2026-06-02 00:19:59.278794+00,2026-06-17 00:27:47.469+00,[],[],[],[],[],"[{""url"":""https://641bdd57-e650-4f10-a19f-628c07eb50b7-00-1e7i1aja8wnz9.worf.replit.dev/api/storage/objects/products/owlee-v2/6-ST01_San_Cristobal_San_Cristobal_01_Side_Table_Base.jpg"",""alt_text"":null,""is_primary"":true,""display_order"":0,""image_kind"":""gallery"",""variant_id"":null}]",[]
O.W. Lee,o-w-lee,5194,62-OTM2846,Horizon Occasional Table,owlee-horizon-horizon-occasional-table-62-otm2846,"The O.W. Lee Horizon Occasional Table brings mid-century modern style and practical function to any outdoor seating area. Perfect as a coffee table or occasional table, its durable aluminum frame provides a sturdy, stylish surface for drinks, snacks, or décor. Designed to complement Horizon lounge seating, it combines architectural sophistication with lasting durability. Fully customizable with 10 frame finishes and over 100 tabletop options, this high-quality, long-lasting table delivers stylish, versatile outdoor furniture at an affordable price.","The O.W. Lee Horizon Occasional Table brings mid-century modern style and practical function to any outdoor seating area. Perfect as a coffee table or occasional table, its durable aluminum frame provides a sturdy, stylish surface for drinks, snacks, or décor. Designed to complement Horizon lounge seating, it combines architectural sophistication with lasting durability. Fully customizable with 10 frame finishes and over 100 tabletop options, this high-quality, long-lasting table delivers stylish, versatile outdoor furniture at an affordable price.",Deep Seating,cat-deep-seating,Aluminum,aluminum,,,,,,,fixed,,,"{""collection"":""Horizon"",""weight_lbs"":""45 (pkg)"",""spec_sheet_pdf"":""https://www.owlee.com/wp-content/uploads/2025/10/Horizon_Contract_SpecSheet_2026.pdf""}","[""o-w-lee"",""horizon"",""made-in-usa""]",false,true,true,true,false,,240,0,true,2026-06-17 00:26:09.528216+00,2026-06-17 00:27:47.768+00,[],[],[],[],[],"[{""url"":""https://641bdd57-e650-4f10-a19f-628c07eb50b7-00-1e7i1aja8wnz9.worf.replit.dev/api/storage/objects/products/owlee-v2/62-OTM2846_Horizon_Horizon_Occasional_Table.jpg"",""alt_text"":null,""is_primary"":true,""display_order"":0,""image_kind"":""gallery"",""variant_id"":null}]",[]
O.W. Lee,o-w-lee,5193,62-STM20SQ,Horizon Square Side Table,owlee-horizon-horizon-square-side-table-62-stm20sq,"The O.W. Lee Horizon Side Table pairs mid-century modern design with a durable aluminum frame, creating a perfect accent for lounge chairs, love seats, or sofas. Ideal for holding drinks, small plates, or decorative items, it adds both style and function to any patio or outdoor space. Part of the Horizon Collection, this high-quality, long-lasting side table is fully customizable with 10 frame finishes and over 100 tabletop options--delivering versatile, stylish outdoor furniture at an affordable price.","The O.W. Lee Horizon Side Table pairs mid-century modern design with a durable aluminum frame, creating a perfect accent for lounge chairs, love seats, or sofas. Ideal for holding drinks, small plates, or decorative items, it adds both style and function to any patio or outdoor space. Part of the Horizon Collection, this high-quality, long-lasting side table is fully customizable with 10 frame finishes and over 100 tabletop options--delivering versatile, stylish outdoor furniture at an affordable price.",Deep Seating,cat-deep-seating,Aluminum,aluminum,,,,,,,fixed,22.00,,"{""collection"":""Horizon"",""weight_lbs"":""22"",""spec_sheet_pdf"":""https://www.owlee.com/wp-content/uploads/2025/09/Horizon_Retail_SpecSheet_2026_Horizon-Side-Table-1.pdf""}","[""o-w-lee"",""horizon"",""made-in-usa""]",false,true,true,true,false,,239,0,true,2026-06-17 00:26:09.522222+00,2026-06-17 00:27:47.763+00,[],[],[],[],[],"[{""url"":""https://641bdd57-e650-4f10-a19f-628c07eb50b7-00-1e7i1aja8wnz9.worf.replit.dev/api/storage/objects/products/owlee-v2/62-STM20SQ_Horizon_Horizon_Square_Side_Table.jpg"",""alt_text"":null,""is_primary"":true,""display_order"":0,""image_kind"":""gallery"",""variant_id"":null}]",[]
O.W. Lee,o-w-lee,5190,62109-2S,Horizon Love Seat,owlee-horizon-horizon-love-seat-62109-2s,"The O.W. Lee Horizon Love Seat combines mid-century modern design with deep, supportive cushions and a bold, weather-resistant aluminum frame. Ideal for smaller patios or as part of a larger outdoor seating area, it delivers both comfort and lasting durability. Part of the Horizon Collection, this high-quality, long-lasting love seat is fully customizable with 10 frame finishes and over 100 fabrics—bringing stylish, durable outdoor furniture at an affordable price.","The O.W. Lee Horizon Love Seat combines mid-century modern design with deep, supportive cushions and a bold, weather-resistant aluminum frame. Ideal for smaller patios or as part of a larger outdoor seating area, it delivers both comfort and lasting durability. Part of the Horizon Collection, this high-quality, long-lasting love seat is fully customizable with 10 frame finishes and over 100 fabrics—bringing stylish, durable outdoor furniture at an affordable price.",Deep Seating,cat-deep-seating,Aluminum,aluminum,,,,,,,fixed,105.00,,"{""collection"":""Horizon"",""weight_lbs"":""105""}","[""o-w-lee"",""horizon"",""made-in-usa""]",false,true,true,true,false,,236,0,true,2026-06-17 00:26:09.503269+00,2026-06-17 00:27:47.747+00,[],[],[],[],[],"[{""url"":""https://641bdd57-e650-4f10-a19f-628c07eb50b7-00-1e7i1aja8wnz9.worf.replit.dev/api/storage/objects/products/owlee-v2/62109-2S_Horizon_Horizon_Love_Seat.jpg"",""alt_text"":null,""is_primary"":true,""display_order"":0,""image_kind"":""gallery"",""variant_id"":null}]",[]
O.W. Lee,o-w-lee,5191,62109-3S,Horizon Sofa,owlee-horizon-horizon-sofa-62109-3s,"The O.W. Lee Horizon Sofa is a striking centerpiece for luxury outdoor seating, blending mid-century modern design with lasting comfort. Its bold aluminum frame and deep, supportive cushions make it perfect for entertaining or relaxing in larger outdoor spaces. Crafted for durability and style, this sofa is backed by O.W. Lee’s renowned craftsmanship, including a 20-year structural warranty on frames, a 5-year guarantee on finishes, and a 5-year warranty on cushions and fabrics. With 10 elegant frame finishes and over 100 fabric options, the Horizon Sofa can be fully customized to suit any style, offering high-quality, long-lasting outdoor furniture at an affordable price point.","The O.W. Lee Horizon Sofa is a striking centerpiece for luxury outdoor seating, blending mid-century modern design with lasting comfort. Its bold aluminum frame and deep, supportive cushions make it perfect for entertaining or relaxing in larger outdoor spaces. Crafted for durability and style, this sofa is backed by O.W. Lee’s renowned craftsmanship, including a 20-year structural warranty on frames, a 5-year guarantee on finishes, and a 5-year warranty on cushions and fabrics. With 10 elegant frame finishes and over 100 fabric options, the Horizon Sofa can be fully customized to suit any style, offering high-quality, long-lasting outdoor furniture at an affordable price point.",Deep Seating,cat-deep-seating,Aluminum,aluminum,,,,,,,fixed,140.00,,"{""collection"":""Horizon"",""weight_lbs"":""140""}","[""o-w-lee"",""horizon"",""made-in-usa""]",false,true,true,true,false,,237,0,true,2026-06-17 00:26:09.510675+00,2026-06-17 00:27:47.752+00,[],[],[],[],[],"[{""url"":""https://641bdd57-e650-4f10-a19f-628c07eb50b7-00-1e7i1aja8wnz9.worf.replit.dev/api/storage/objects/products/owlee-v2/62109-3S_Horizon_Horizon_Sofa.jpg"",""alt_text"":null,""is_primary"":true,""display_order"":0,""image_kind"":""gallery"",""variant_id"":null}]",[]
O.W. Lee,o-w-lee,5188,62109-CC,Horizon Lounge Chair,owlee-horizon-horizon-lounge-chair-62109-cc,"The O.W. Lee Horizon Lounge Chair blends mid-century modern style with comfortable, tailored cushions and a sleek, durable aluminum frame. Ideal for relaxing or entertaining outdoors, it brings architectural sophistication to any patio or deck. Built to last with O.W. Lee craftsmanship, frames are backed by a 20-year structural warranty, finishes by a 5-year no-fade guarantee, and cushions and fabrics by a 5-year warranty. Fully customizable with 10 frame finishes and over 100 fabrics, this lounge chair delivers high-quality, long-lasting style at an affordable price.","The O.W. Lee Horizon Lounge Chair blends mid-century modern style with comfortable, tailored cushions and a sleek, durable aluminum frame. Ideal for relaxing or entertaining outdoors, it brings architectural sophistication to any patio or deck. Built to last with O.W. Lee craftsmanship, frames are backed by a 20-year structural warranty, finishes by a 5-year no-fade guarantee, and cushions and fabrics by a 5-year warranty. Fully customizable with 10 frame finishes and over 100 fabrics, this lounge chair delivers high-quality, long-lasting style at an affordable price.",Deep Seating,cat-deep-seating,Aluminum,aluminum,,,,,,,fixed,65.00,,"{""collection"":""Horizon"",""weight_lbs"":""65"",""spec_sheet_pdf"":""https://www.owlee.com/wp-content/uploads/2025/09/Horizon_Retail_SpecSheet_2026_Horizon-Lounge-Chair.pdf""}","[""o-w-lee"",""horizon"",""made-in-usa""]",false,true,true,true,false,,234,0,true,2026-06-17 00:26:09.48444+00,2026-06-17 00:27:47.737+00,[],[],[],[],[],"[{""url"":""https://641bdd57-e650-4f10-a19f-628c07eb50b7-00-1e7i1aja8wnz9.worf.replit.dev/api/storage/objects/products/owlee-v2/62109-CC_Horizon_Horizon_Lounge_Chair.jpg"",""alt_text"":null,""is_primary"":true,""display_order"":0,""image_kind"":""gallery"",""variant_id"":null}]",[]
O.W. Lee,o-w-lee,5189,62109-SR,Horizon Swivel Rocker Lounge Chair,owlee-horizon-horizon-swivel-rocker-lounge-chair-62109-sr,"The O.W. Lee Horizon Swivel Rocker Lounge Chair combines mid-century modern style with effortless relaxation. Its smooth swivel and gentle rocking motion make it ideal for lounging outdoors, while the sleek, geometric aluminum frame adds architectural sophistication. Tailored, weather-resistant cushions provide lasting comfort, making this chair both stylish and functional. Part of the Horizon Collection, inspired by iconic mid-century silhouettes, this versatile line includes lounge chairs, a love seat, sofa, ottoman, and matching tables. O.W. Lee’s legendary craftsmanship ensures lasting quality, with a 20-year structural warranty on frames, a 5-year guarantee on finishes, and a 5-year warranty on cushions and fabrics. With 10 frame finishes and over 100 fabric options, this chair can be fully customized to suit any style, offering high-quality, long-lasting outdoor furniture at an affordable price point.","The O.W. Lee Horizon Swivel Rocker Lounge Chair combines mid-century modern style with effortless relaxation. Its smooth swivel and gentle rocking motion make it ideal for lounging outdoors, while the sleek, geometric aluminum frame adds architectural sophistication. Tailored, weather-resistant cushions provide lasting comfort, making this chair both stylish and functional. Part of the Horizon Collection, inspired by iconic mid-century silhouettes, this versatile line includes lounge chairs, a love seat, sofa, ottoman, and matching tables. O.W. Lee’s legendary craftsmanship ensures lasting quality, with a 20-year structural warranty on frames, a 5-year guarantee on finishes, and a 5-year warranty on cushions and fabrics. With 10 frame finishes and over 100 fabric options, this chair can be fully customized to suit any style, offering high-quality, long-lasting outdoor furniture at an affordable price point.",Deep Seating,cat-deep-seating,Aluminum,aluminum,,,,,,,fixed,69.00,,"{""collection"":""Horizon"",""weight_lbs"":""69"",""spec_sheet_pdf"":""https://www.owlee.com/wp-content/uploads/2025/09/Horizon_Retail_SpecSheet_2026_Horizon-Swivel-Rocker-Lounge-Chair.pdf""}","[""o-w-lee"",""horizon"",""made-in-usa""]",false,true,true,true,false,,235,0,true,2026-06-17 00:26:09.489987+00,2026-06-17 00:27:47.742+00,[],[],[],[],[],"[{""url"":""https://641bdd57-e650-4f10-a19f-628c07eb50b7-00-1e7i1aja8wnz9.worf.replit.dev/api/storage/objects/products/owlee-v2/62109-SR_Horizon_Horizon_Swivel_Rocker_Lounge_Chair.jpg"",""alt_text"":null,""is_primary"":true,""display_order"":0,""image_kind"":""gallery"",""variant_id"":null}]",[]
O.W. Lee,o-w-lee,5192,62170-O,Horizon Ottoman,owlee-horizon-horizon-ottoman-62170-o,"The O.W. Lee Horizon Ottoman offers a versatile and stylish complement to Horizon seating. Its durable aluminum frame and plush, weather-resistant cushion provide comfort and support while maintaining the collection’s mid-century modern aesthetic. Backed by O.W. Lee’s 20-year structural warranty, 5-year finish guarantee, and 5-year cushion and fabric warranty, this ottoman is designed for lasting performance. Fully customizable with 10 frame finishes and over 100 fabrics, it’s a practical, stylish, and affordable addition to any outdoor space.","The O.W. Lee Horizon Ottoman offers a versatile and stylish complement to Horizon seating. Its durable aluminum frame and plush, weather-resistant cushion provide comfort and support while maintaining the collection’s mid-century modern aesthetic. Backed by O.W. Lee’s 20-year structural warranty, 5-year finish guarantee, and 5-year cushion and fabric warranty, this ottoman is designed for lasting performance. Fully customizable with 10 frame finishes and over 100 fabrics, it’s a practical, stylish, and affordable addition to any outdoor space.",Deep Seating,cat-deep-seating,Aluminum,aluminum,,,,,,,fixed,34.00,,"{""collection"":""Horizon"",""weight_lbs"":""34""}","[""o-w-lee"",""horizon"",""made-in-usa""]",false,true,true,true,false,,238,0,true,2026-06-17 00:26:09.516456+00,2026-06-17 00:27:47.757+00,[],[],[],[],[],"[{""url"":""https://641bdd57-e650-4f10-a19f-628c07eb50b7-00-1e7i1aja8wnz9.worf.replit.dev/api/storage/objects/products/owlee-v2/62170-O_Horizon_Horizon_Ottoman.jpg"",""alt_text"":null,""is_primary"":true,""display_order"":0,""image_kind"":""gallery"",""variant_id"":null}]",[]
O.W. Lee,o-w-lee,5170,651-S,San Cristobal Side Chair,owlee-san-cristobal-san-cristobal-side-chair-651-s,"The O.W. Lee San Cristóbal Dining Side Chair reflects the elegance of Spanish Baroque design through graceful curves and refined detailing. Inspired by Old Havana architecture, this outdoor dining side chair offers timeless beauty and artisanal craftsmanship for sophisticated outdoor dining spaces. O.W. Lee is renowned for its exceptional quality, supported by an industry-leading warranty. Our frames are covered by a 20-year structural warranty, and the finish is guaranteed against fading, blistering, and peeling for 5 years. Cushions and fabrics are also backed by a 5-year warranty. With a selection of 10 elegant frame finishes and over 100 fabric options, customers can easily customize each piece to seamlessly complement their individual style.","The O.W. Lee San Cristóbal Dining Side Chair reflects the elegance of Spanish Baroque design through graceful curves and refined detailing. Inspired by Old Havana architecture, this outdoor dining side chair offers timeless beauty and artisanal craftsmanship for sophisticated outdoor dining spaces. O.W. Lee is renowned for its exceptional quality, supported by an industry-leading warranty. Our frames are covered by a 20-year structural warranty, and the finish is guaranteed against fading, blistering, and peeling for 5 years. Cushions and fabrics are also backed by a 5-year warranty. With a selection of 10 elegant frame finishes and over 100 fabric options, customers can easily customize each piece to seamlessly complement their individual style.",Deep Seating,cat-deep-seating,Wrought Iron,wrought-iron,,,,,,,fixed,35.00,,"{""collection"":""San Cristobal"",""weight_lbs"":""35"",""spec_sheet_pdf"":""https://www.owlee.com/wp-content/uploads/2025/09/San-Cristobal_Retail_SpecSheet_2026_651-S-Side-Chair.pdf""}","[""o-w-lee"",""san-cristobal"",""made-in-usa""]",false,true,true,true,false,,216,0,true,2026-06-17 00:26:09.2072+00,2026-06-17 00:27:47.43+00,[],[],[],[],[],"[{""url"":""https://641bdd57-e650-4f10-a19f-628c07eb50b7-00-1e7i1aja8wnz9.worf.replit.dev/api/storage/objects/products/owlee-v2/651-S_San_Cristobal_San_Cristobal_Side_Chair.jpg"",""alt_text"":null,""is_primary"":true,""display_order"":0,""image_kind"":""gallery"",""variant_id"":null}]",[]
O.W. Lee,o-w-lee,5175,651-SBS,San Cristobal Armless Swivel Bar Stool,owlee-san-cristobal-san-cristobal-armless-swivel-bar-stool-651-sbs,"The O.W. Lee San Cristóbal Armless Swivel Bar Stool pairs elegant scrollwork with a refined silhouette. Designed for comfort and visual impact, this outdoor bar stool brings Spanish Baroque charm to bar-height seating areas. O.W. Lee is renowned for its exceptional quality, supported by an industry-leading warranty. Our frames are covered by a 20-year structural warranty, and the finish is guaranteed against fading, blistering, and peeling for 5 years. Cushions and fabrics are also backed by a 5-year warranty. With a selection of 10 elegant frame finishes and over 100 fabric options, customers can easily customize each piece to seamlessly complement their individual style.","The O.W. Lee San Cristóbal Armless Swivel Bar Stool pairs elegant scrollwork with a refined silhouette. Designed for comfort and visual impact, this outdoor bar stool brings Spanish Baroque charm to bar-height seating areas. O.W. Lee is renowned for its exceptional quality, supported by an industry-leading warranty. Our frames are covered by a 20-year structural warranty, and the finish is guaranteed against fading, blistering, and peeling for 5 years. Cushions and fabrics are also backed by a 5-year warranty. With a selection of 10 elegant frame finishes and over 100 fabric options, customers can easily customize each piece to seamlessly complement their individual style.",Dining,cat-dining,Wrought Iron,wrought-iron,,,,,,,fixed,48.00,,"{""collection"":""San Cristobal"",""weight_lbs"":""48"",""spec_sheet_pdf"":""https://www.owlee.com/wp-content/uploads/2025/09/San-Cristobal_Retail_SpecSheet_2026_651-SBS-Armless-Swivel-Bar-Stool.pdf""}","[""o-w-lee"",""san-cristobal"",""made-in-usa""]",false,true,true,true,false,,221,0,true,2026-06-17 00:26:09.234314+00,2026-06-17 00:27:47.456+00,[],[],[],[],[],"[{""url"":""https://641bdd57-e650-4f10-a19f-628c07eb50b7-00-1e7i1aja8wnz9.worf.replit.dev/api/storage/objects/products/owlee-v2/651-SBS_San_Cristobal_San_Cristobal_Armless_Swivel_Bar_Stool.jpg"",""alt_text"":null,""is_primary"":true,""display_order"":0,""image_kind"":""gallery"",""variant_id"":null}]",[]
O.W. Lee,o-w-lee,5173,651-SCS,San Cristobal Armless Swivel Counter Stool,owlee-san-cristobal-san-cristobal-armless-swivel-counter-stool-651-scs,"The O.W. Lee San Cristóbal Armless Swivel Counter Stool offers elevated seating with a lighter, open profile. Its sculpted frame and handcrafted details reflect Old World influence while providing modern swivel functionality. O.W. Lee is renowned for its exceptional quality, supported by an industry-leading warranty. Our frames are covered by a 20-year structural warranty, and the finish is guaranteed against fading, blistering, and peeling for 5 years. Cushions and fabrics are also backed by a 5-year warranty. With a selection of 10 elegant frame finishes and over 100 fabric options, customers can easily customize each piece to seamlessly complement their individual style.","The O.W. Lee San Cristóbal Armless Swivel Counter Stool offers elevated seating with a lighter, open profile. Its sculpted frame and handcrafted details reflect Old World influence while providing modern swivel functionality. O.W. Lee is renowned for its exceptional quality, supported by an industry-leading warranty. Our frames are covered by a 20-year structural warranty, and the finish is guaranteed against fading, blistering, and peeling for 5 years. Cushions and fabrics are also backed by a 5-year warranty. With a selection of 10 elegant frame finishes and over 100 fabric options, customers can easily customize each piece to seamlessly complement their individual style.",Dining,cat-dining,Wrought Iron,wrought-iron,,,,,,,fixed,46.00,,"{""collection"":""San Cristobal"",""weight_lbs"":""46"",""spec_sheet_pdf"":""https://www.owlee.com/wp-content/uploads/2025/09/San-Cristobal_Retail_SpecSheet_2026_651-SCS-Armless-Swivel-Counter-Stool.pdf""}","[""o-w-lee"",""san-cristobal"",""made-in-usa""]",false,true,true,true,false,,219,0,true,2026-06-17 00:26:09.224715+00,2026-06-17 00:27:47.445+00,[],[],[],[],[],"[{""url"":""https://641bdd57-e650-4f10-a19f-628c07eb50b7-00-1e7i1aja8wnz9.worf.replit.dev/api/storage/objects/products/owlee-v2/651-SCS_San_Cristobal_San_Cristobal_Armless_Swivel_Counter_Stool.jpg"",""alt_text"":null,""is_primary"":true,""display_order"":0,""image_kind"":""gallery"",""variant_id"":null}]",[]
O.W. Lee,o-w-lee,5185,65156-2S,Avana Love Seat,owlee-avana-love-seat-65156-2s,"The O.W. Lee Avana Love Seat provides cozy, stylish seating for two, making it a perfect choice for intimate outdoor spaces. With clean lines, plush cushions, and a durable aluminum frame, this love seat combines modern elegance with lasting comfort. It’s an ideal option for customers seeking high-quality, thoughtfully designed outdoor furniture at a more accessible price point. Quality & Customization Built with O.W. Lee’s renowned craftsmanship, the frame is backed by a 20-year structural warranty, and the finish is guaranteed for 5 years against fading, blistering, and peeling. Cushions and fabrics are also covered for 5 years, ensuring long-lasting comfort and performance. With 10 elegant frame finishes and over 100 fabric options, including 16 durable sling fabrics, the Avana Love Seat can be easily tailored to fit any outdoor setting. It’s a stylish, versatile, and smartly priced choice for contemporary outdoor living.","The O.W. Lee Avana Love Seat provides cozy, stylish seating for two, making it a perfect choice for intimate outdoor spaces. With clean lines, plush cushions, and a durable aluminum frame, this love seat combines modern elegance with lasting comfort. It’s an ideal option for customers seeking high-quality, thoughtfully designed outdoor furniture at a more accessible price point. Quality & Customization Built with O.W. Lee’s renowned craftsmanship, the frame is backed by a 20-year structural warranty, and the finish is guaranteed for 5 years against fading, blistering, and peeling. Cushions and fabrics are also covered for 5 years, ensuring long-lasting comfort and performance. With 10 elegant frame finishes and over 100 fabric options, including 16 durable sling fabrics, the Avana Love Seat can be easily tailored to fit any outdoor setting. It’s a stylish, versatile, and smartly priced choice for contemporary outdoor living.",Deep Seating,cat-deep-seating,Aluminum,aluminum,,,,,,,fixed,75.00,,"{""collection"":""Avana"",""weight_lbs"":""75"",""spec_sheet_pdf"":""https://www.owlee.com/wp-content/uploads/2021/11/Avana_Retail_SpecSheet_2026_65156-2S-Love-Seat.pdf""}","[""o-w-lee"",""avana"",""made-in-usa""]",false,true,true,true,false,,231,0,true,2026-06-17 00:26:09.469661+00,2026-06-17 00:27:47.721+00,[],[],[],[],[],"[{""url"":""https://641bdd57-e650-4f10-a19f-628c07eb50b7-00-1e7i1aja8wnz9.worf.replit.dev/api/storage/objects/products/owlee-v2/65156-2S_Avana_Love_Seat.jpg"",""alt_text"":null,""is_primary"":true,""display_order"":0,""image_kind"":""gallery"",""variant_id"":null}]",[]
O.W. Lee,o-w-lee,5186,65156-3S,Avana Sofa,owlee-avana-sofa-65156-3s,"The O.W. Lee Avana Sofa provides spacious seating with a sleek, contemporary aesthetic. Its streamlined aluminum frame and generous cushions create a sophisticated outdoor sofa designed for comfort, versatility, and timeless style. Quality & Customization O.W. Lee is renowned for its exceptional quality, supported by an industry-leading warranty. Our frames are covered by a 20-year structural warranty, and the finish is guaranteed against fading, blistering, and peeling for 5 years. Cushions and fabrics are also backed by a 5-year warranty. With a selection of 10 elegant frame finishes and over 100 fabric options, including 16 sling fabrics, customers can easily customize each piece to seamlessly complement their individual style.","The O.W. Lee Avana Sofa provides spacious seating with a sleek, contemporary aesthetic. Its streamlined aluminum frame and generous cushions create a sophisticated outdoor sofa designed for comfort, versatility, and timeless style. Quality & Customization O.W. Lee is renowned for its exceptional quality, supported by an industry-leading warranty. Our frames are covered by a 20-year structural warranty, and the finish is guaranteed against fading, blistering, and peeling for 5 years. Cushions and fabrics are also backed by a 5-year warranty. With a selection of 10 elegant frame finishes and over 100 fabric options, including 16 sling fabrics, customers can easily customize each piece to seamlessly complement their individual style.",Deep Seating,cat-deep-seating,Aluminum,aluminum,,,,,,,fixed,86.00,,"{""collection"":""Avana"",""weight_lbs"":""86"",""spec_sheet_pdf"":""https://www.owlee.com/wp-content/uploads/2025/03/Avana_Retail_SpecSheet_2025_Sofa-65156-3S.pdf""}","[""o-w-lee"",""avana"",""made-in-usa""]",false,true,true,true,false,,232,0,true,2026-06-17 00:26:09.474405+00,2026-06-17 00:27:47.726+00,[],[],[],[],[],"[{""url"":""https://641bdd57-e650-4f10-a19f-628c07eb50b7-00-1e7i1aja8wnz9.worf.replit.dev/api/storage/objects/products/owlee-v2/65156-3S_Avana_Sofa.jpg"",""alt_text"":null,""is_primary"":true,""display_order"":0,""image_kind"":""gallery"",""variant_id"":null}]",[]
O.W. Lee,o-w-lee,5183,65156-CC,Avana Lounge Chair,owlee-avana-lounge-chair-65156-cc,"The O.W. Lee Avana Lounge Chair combines comfort, style, and modern sophistication, making it a standout piece for relaxed outdoor living. Its refined aluminum frame and plush cushions provide a welcoming seat that’s perfect for lounging, reading, or entertaining. Designed for customers who want high-quality outdoor furniture at a more approachable price point, it delivers elegance and durability without compromise. Quality & Customization Built with O.W. Lee’s renowned craftsmanship, the frame is backed by a 20-year structural warranty, and the finish is guaranteed for 5 years against fading, blistering, and peeling. Cushions and fabrics are also covered for 5 years, ensuring lasting comfort and performance. With 10 elegant frame finishes and over 100 fabric options, including 16 durable sling fabrics, the Avana Lounge Chair can be customized to seamlessly complement any outdoor setting. It’s a stylish, versatile, and smartly priced choice for contemporary outdoor living.","The O.W. Lee Avana Lounge Chair combines comfort, style, and modern sophistication, making it a standout piece for relaxed outdoor living. Its refined aluminum frame and plush cushions provide a welcoming seat that’s perfect for lounging, reading, or entertaining. Designed for customers who want high-quality outdoor furniture at a more approachable price point, it delivers elegance and durability without compromise. Quality & Customization Built with O.W. Lee’s renowned craftsmanship, the frame is backed by a 20-year structural warranty, and the finish is guaranteed for 5 years against fading, blistering, and peeling. Cushions and fabrics are also covered for 5 years, ensuring lasting comfort and performance. With 10 elegant frame finishes and over 100 fabric options, including 16 durable sling fabrics, the Avana Lounge Chair can be customized to seamlessly complement any outdoor setting. It’s a stylish, versatile, and smartly priced choice for contemporary outdoor living.",Deep Seating,cat-deep-seating,Aluminum,aluminum,,,,,,,fixed,35.00,,"{""collection"":""Avana"",""weight_lbs"":""35"",""spec_sheet_pdf"":""https://www.owlee.com/wp-content/uploads/2021/11/Avana_Retail_SpecSheet_2026_65156-CC-Lounge-Chair.pdf""}","[""o-w-lee"",""avana"",""made-in-usa""]",false,true,true,true,false,,229,0,true,2026-06-17 00:26:09.459583+00,2026-06-17 00:27:47.705+00,[],[],[],[],[],"[{""url"":""https://641bdd57-e650-4f10-a19f-628c07eb50b7-00-1e7i1aja8wnz9.worf.replit.dev/api/storage/objects/products/owlee-v2/65156-CC_Avana_Lounge_Chair.jpg"",""alt_text"":null,""is_primary"":true,""display_order"":0,""image_kind"":""gallery"",""variant_id"":null}]",[]
O.W. Lee,o-w-lee,5184,65156-SR,Avana Swivel Rocker Lounge Chair,owlee-avana-swivel-rocker-lounge-chair-65156-sr,"The O.W. Lee Avana Swivel Rocker Lounge Chair brings effortless motion and modern style to any outdoor space. Its smooth swivel and gentle rocking action pair perfectly with a clean-lined aluminum frame and plush cushions, creating a versatile lounge chair that’s both comfortable and inviting. This chair is an excellent choice for customers who want high-quality, stylish outdoor furniture at a more accessible price point. Quality & Customization Crafted with O.W. Lee’s signature attention to detail, the frame is backed by a 20-year structural warranty, and the finish is guaranteed for 5 years against fading, blistering, and peeling. Cushions and fabrics also carry a 5-year warranty, ensuring long-lasting comfort and durability. With 10 elegant frame finishes and over 100 fabric options, including 16 durable sling fabrics, the Avana Swivel Rocker Lounge Chair can be customized to perfectly complement any outdoor setting. It’s a stylish, functional, and smartly priced addition to contemporary outdoor living.","The O.W. Lee Avana Swivel Rocker Lounge Chair brings effortless motion and modern style to any outdoor space. Its smooth swivel and gentle rocking action pair perfectly with a clean-lined aluminum frame and plush cushions, creating a versatile lounge chair that’s both comfortable and inviting. This chair is an excellent choice for customers who want high-quality, stylish outdoor furniture at a more accessible price point. Quality & Customization Crafted with O.W. Lee’s signature attention to detail, the frame is backed by a 20-year structural warranty, and the finish is guaranteed for 5 years against fading, blistering, and peeling. Cushions and fabrics also carry a 5-year warranty, ensuring long-lasting comfort and durability. With 10 elegant frame finishes and over 100 fabric options, including 16 durable sling fabrics, the Avana Swivel Rocker Lounge Chair can be customized to perfectly complement any outdoor setting. It’s a stylish, functional, and smartly priced addition to contemporary outdoor living.",Deep Seating,cat-deep-seating,Aluminum,aluminum,,,,,,,fixed,45.00,,"{""collection"":""Avana"",""weight_lbs"":""45"",""spec_sheet_pdf"":""https://www.owlee.com/wp-content/uploads/2021/11/Avana_Retail_SpecSheet_2026_65156-SR-Swivel-Rocker-Lounge-Chair.pdf""}","[""o-w-lee"",""avana"",""made-in-usa""]",false,true,true,true,false,,230,0,true,2026-06-17 00:26:09.463774+00,2026-06-17 00:27:47.714+00,[],[],[],[],[],"[{""url"":""https://641bdd57-e650-4f10-a19f-628c07eb50b7-00-1e7i1aja8wnz9.worf.replit.dev/api/storage/objects/products/owlee-v2/65156-SR_Avana_Swivel_Rocker_Lounge_Chair.jpg"",""alt_text"":null,""is_primary"":true,""display_order"":0,""image_kind"":""gallery"",""variant_id"":null}]",[]
O.W. Lee,o-w-lee,5177,65168-3S,Avana Crescent Sofa,owlee-avana-avana-crescent-sofa-65168-3s,"The Avana Crescent Sofa makes a statement without saying a word. With its sweeping crescent silhouette and sculptural frame, this piece is designed to anchor a space beautifully--whether gathered around a fire feature or positioned as a standalone focal point. The curved profile naturally encourages conversation, creating an intimate, inviting atmosphere while offering generous seating. Handcrafted with the signature quality and durability you expect from O.W. Lee, the Avana Crescent Sofa features a fully welded aluminum frame built to withstand the elements. Plush, tailored cushions provide exceptional comfort and long-lasting performance, available in a wide range of premium outdoor fabrics to suit any design vision. Elegant from every angle, the Avana Crescent Sofa blends refined lines with enduring construction—bringing both drama and comfort to luxury outdoor living spaces.","The Avana Crescent Sofa makes a statement without saying a word. With its sweeping crescent silhouette and sculptural frame, this piece is designed to anchor a space beautifully--whether gathered around a fire feature or positioned as a standalone focal point. The curved profile naturally encourages conversation, creating an intimate, inviting atmosphere while offering generous seating. Handcrafted with the signature quality and durability you expect from O.W. Lee, the Avana Crescent Sofa features a fully welded aluminum frame built to withstand the elements. Plush, tailored cushions provide exceptional comfort and long-lasting performance, available in a wide range of premium outdoor fabrics to suit any design vision. Elegant from every angle, the Avana Crescent Sofa blends refined lines with enduring construction—bringing both drama and comfort to luxury outdoor living spaces.",Deep Seating,cat-deep-seating,Aluminum,aluminum,,,,,,,fixed,,,"{""collection"":""Avana""}","[""o-w-lee"",""avana"",""made-in-usa""]",false,true,true,true,false,,223,0,true,2026-06-17 00:26:09.428623+00,2026-06-17 00:27:47.668+00,[],[],[],[],[],"[{""url"":""https://641bdd57-e650-4f10-a19f-628c07eb50b7-00-1e7i1aja8wnz9.worf.replit.dev/api/storage/objects/products/owlee-v2/65168-3S_Avana_Avana_Crescent_Sofa.jpg"",""alt_text"":null,""is_primary"":true,""display_order"":0,""image_kind"":""gallery"",""variant_id"":null}]",[]
O.W. Lee,o-w-lee,5179,65192-A,Avana Sling Dining Arm Chair,owlee-avana-sling-dining-arm-chair-65192-a,"The O.W. Lee Avana Sling Dining Arm Chair combines modern elegance with everyday practicality, making it a standout choice for contemporary outdoor dining. Its clean lines, streamlined silhouette, and supportive sling seating provide comfort and style, while the durable aluminum frame ensures long-lasting performance. This chair is ideal for customers who want high-quality, stylish outdoor furniture at a more approachable price point. Quality & Customization Crafted with O.W. Lee’s renowned attention to detail, the frame is backed by a 20-year structural warranty, and the finish is guaranteed for 5 years against fading, blistering, and peeling. Cushions and fabrics are also covered for 5 years, giving you peace of mind alongside comfort. With 10 elegant frame finishes and over 100 fabric options, including 16 durable sling fabrics, the Avana Sling Dining Arm Chair can be easily customized to fit any outdoor style. It’s the perfect blend of contemporary design, reliable craftsmanship, and accessible luxury for outdoor living.","The O.W. Lee Avana Sling Dining Arm Chair combines modern elegance with everyday practicality, making it a standout choice for contemporary outdoor dining. Its clean lines, streamlined silhouette, and supportive sling seating provide comfort and style, while the durable aluminum frame ensures long-lasting performance. This chair is ideal for customers who want high-quality, stylish outdoor furniture at a more approachable price point. Quality & Customization Crafted with O.W. Lee’s renowned attention to detail, the frame is backed by a 20-year structural warranty, and the finish is guaranteed for 5 years against fading, blistering, and peeling. Cushions and fabrics are also covered for 5 years, giving you peace of mind alongside comfort. With 10 elegant frame finishes and over 100 fabric options, including 16 durable sling fabrics, the Avana Sling Dining Arm Chair can be easily customized to fit any outdoor style. It’s the perfect blend of contemporary design, reliable craftsmanship, and accessible luxury for outdoor living.",Dining,cat-dining,Aluminum,aluminum,,,,,,,fixed,18.00,,"{""collection"":""Avana"",""weight_lbs"":""18"",""spec_sheet_pdf"":""https://www.owlee.com/wp-content/uploads/2021/11/Avana_Retail_SpecSheet_2026_65192-A-Sling-Dining-Arm.pdf""}","[""o-w-lee"",""avana"",""made-in-usa""]",false,true,true,true,false,,225,0,true,2026-06-17 00:26:09.4396+00,2026-06-17 00:27:47.679+00,[],[],[],[],[],"[{""url"":""https://641bdd57-e650-4f10-a19f-628c07eb50b7-00-1e7i1aja8wnz9.worf.replit.dev/api/storage/objects/products/owlee-v2/65192-A_Avana_Sling_Dining_Arm_Chair.jpg"",""alt_text"":null,""is_primary"":true,""display_order"":0,""image_kind"":""gallery"",""variant_id"":null}]",[]
O.W. Lee,o-w-lee,5181,65192-SR,Avana Sling Swivel Rocker Dining Arm Chair,owlee-avana-sling-swivel-rocker-dining-arm-chair-65192-sr,"The O.W. Lee Avana Sling Swivel Rocker Dining Arm Chair combines sleek, contemporary design with relaxed functionality, making it a perfect addition to modern outdoor dining spaces. Its smooth swivel and gentle rocking motion provide effortless comfort, while the streamlined frame keeps the chair stylish and versatile. This chair is ideal for customers who want high-quality outdoor furniture at an accessible price point without sacrificing design or durability. Quality & Customization Crafted with O.W. Lee’s renowned attention to detail, the frame is backed by a 20-year structural warranty, and the finish is guaranteed for 5 years against fading, blistering, and peeling. Cushions and fabrics are also covered for 5 years, ensuring long-lasting comfort and performance. With 10 elegant frame finishes and over 100 fabric options, including 16 durable sling fabrics, the Avana Sling Swivel Rocker Dining Arm Chair can be customized to perfectly complement any outdoor setting. It’s a smartly priced, stylish, and comfortable choice for contemporary outdoor living.","The O.W. Lee Avana Sling Swivel Rocker Dining Arm Chair combines sleek, contemporary design with relaxed functionality, making it a perfect addition to modern outdoor dining spaces. Its smooth swivel and gentle rocking motion provide effortless comfort, while the streamlined frame keeps the chair stylish and versatile. This chair is ideal for customers who want high-quality outdoor furniture at an accessible price point without sacrificing design or durability. Quality & Customization Crafted with O.W. Lee’s renowned attention to detail, the frame is backed by a 20-year structural warranty, and the finish is guaranteed for 5 years against fading, blistering, and peeling. Cushions and fabrics are also covered for 5 years, ensuring long-lasting comfort and performance. With 10 elegant frame finishes and over 100 fabric options, including 16 durable sling fabrics, the Avana Sling Swivel Rocker Dining Arm Chair can be customized to perfectly complement any outdoor setting. It’s a smartly priced, stylish, and comfortable choice for contemporary outdoor living.",Dining,cat-dining,Aluminum,aluminum,,,,,,,fixed,25.00,,"{""collection"":""Avana"",""weight_lbs"":""25"",""spec_sheet_pdf"":""https://www.owlee.com/wp-content/uploads/2021/11/Avana_Retail_SpecSheet_2026_65192-SR-Sling-Swivel-Rocker-Chair.pdf""}","[""o-w-lee"",""avana"",""made-in-usa""]",false,true,true,true,false,,227,0,true,2026-06-17 00:26:09.449642+00,2026-06-17 00:27:47.689+00,[],[],[],[],[],"[{""url"":""https://641bdd57-e650-4f10-a19f-628c07eb50b7-00-1e7i1aja8wnz9.worf.replit.dev/api/storage/objects/products/owlee-v2/65192-SR_Avana_Sling_Swivel_Rocker_Dining_Arm_Chair.jpg"",""alt_text"":null,""is_primary"":true,""display_order"":0,""image_kind"":""gallery"",""variant_id"":null}]",[]
O.W. Lee,o-w-lee,5178,65192P-A,Avana Padded Sling Dining Arm Chair,owlee-avana-padded-sling-dining-arm-chair-65192p-a,"The O.W. Lee Avana Padded Sling Dining Arm Chair brings modern elegance and comfort to any outdoor dining space. Its cushioned sling seat combines with a clean-lined aluminum frame to create a chair that feels refined, inviting, and perfectly suited for everyday use. Designed with both style and practicality in mind, it’s a great choice for those who want high-quality outdoor furniture at a more accessible price point without sacrificing design or durability. Quality & Customization Built with O.W. Lee’s legendary craftsmanship, this chair is made to last. The aluminum frame is backed by a 20-year structural warranty, and the finish is guaranteed for 5 years against fading, blistering, and peeling. Cushions and fabrics are also covered for 5 years, ensuring long-lasting comfort and performance outdoors. Customization is effortless. Choose from 10 elegant frame finishes and over 100 fabric options, including 16 durable sling fabrics, to create a look that fits your outdoor space perfectly. The Avana Padded Sling Dining Arm Chair delivers style, comfort, and exceptional value, making it an ideal choice for customers seeking upscale outdoor dining at a smart price.","The O.W. Lee Avana Padded Sling Dining Arm Chair brings modern elegance and comfort to any outdoor dining space. Its cushioned sling seat combines with a clean-lined aluminum frame to create a chair that feels refined, inviting, and perfectly suited for everyday use. Designed with both style and practicality in mind, it’s a great choice for those who want high-quality outdoor furniture at a more accessible price point without sacrificing design or durability. Quality & Customization Built with O.W. Lee’s legendary craftsmanship, this chair is made to last. The aluminum frame is backed by a 20-year structural warranty, and the finish is guaranteed for 5 years against fading, blistering, and peeling. Cushions and fabrics are also covered for 5 years, ensuring long-lasting comfort and performance outdoors. Customization is effortless. Choose from 10 elegant frame finishes and over 100 fabric options, including 16 durable sling fabrics, to create a look that fits your outdoor space perfectly. The Avana Padded Sling Dining Arm Chair delivers style, comfort, and exceptional value, making it an ideal choice for customers seeking upscale outdoor dining at a smart price.",Dining,cat-dining,Aluminum,aluminum,,,,,,,fixed,18.00,,"{""collection"":""Avana"",""weight_lbs"":""18"",""spec_sheet_pdf"":""https://www.owlee.com/wp-content/uploads/2021/11/Avana_Retail_SpecSheet_2026_65192P-A-Padded-Sling-Dining-Arm-Chair.pdf""}","[""o-w-lee"",""avana"",""made-in-usa""]",false,true,true,true,false,,224,0,true,2026-06-17 00:26:09.434515+00,2026-06-17 00:27:47.673+00,[],[],[],[],[],"[{""url"":""https://641bdd57-e650-4f10-a19f-628c07eb50b7-00-1e7i1aja8wnz9.worf.replit.dev/api/storage/objects/products/owlee-v2/65192P-A_Avana_Padded_Sling_Dining_Arm_Chair.jpg"",""alt_text"":null,""is_primary"":true,""display_order"":0,""image_kind"":""gallery"",""variant_id"":null}]",[]
O.W. Lee,o-w-lee,5180,65192P-SR,Avana Padded Sling Swivel Rocker Dining Arm Chair,owlee-avana-padded-sling-swivel-rocker-dining-arm-chair-65192p-sr,"The O.W. Lee Avana Padded Sling Swivel Rocker Dining Arm Chair brings comfort, style, and effortless motion to outdoor dining. Its cushioned sling seat pairs with smooth swivel and gentle rocking action, making it perfect for long dinners, relaxed conversations, or casual gatherings. Designed for modern outdoor spaces, this chair delivers upscale comfort and quality at a more approachable price point, making premium outdoor living accessible. Quality & Customization Built with O.W. Lee’s signature craftsmanship, the aluminum frame is backed by a 20-year structural warranty, and the finish is guaranteed for 5 years against fading, blistering, and peeling. Cushions and fabrics also carry a 5-year warranty, ensuring long-lasting comfort and durability. With 10 elegant frame finishes and over 100 fabric options, including 16 durable sling fabrics, the Avana Padded Sling Swivel Rocker Dining Arm Chair can be customized to perfectly complement any outdoor setting. It’s the ideal blend of stylish design, exceptional comfort, and smart value for everyday outdoor living.","The O.W. Lee Avana Padded Sling Swivel Rocker Dining Arm Chair brings comfort, style, and effortless motion to outdoor dining. Its cushioned sling seat pairs with smooth swivel and gentle rocking action, making it perfect for long dinners, relaxed conversations, or casual gatherings. Designed for modern outdoor spaces, this chair delivers upscale comfort and quality at a more approachable price point, making premium outdoor living accessible. Quality & Customization Built with O.W. Lee’s signature craftsmanship, the aluminum frame is backed by a 20-year structural warranty, and the finish is guaranteed for 5 years against fading, blistering, and peeling. Cushions and fabrics also carry a 5-year warranty, ensuring long-lasting comfort and durability. With 10 elegant frame finishes and over 100 fabric options, including 16 durable sling fabrics, the Avana Padded Sling Swivel Rocker Dining Arm Chair can be customized to perfectly complement any outdoor setting. It’s the ideal blend of stylish design, exceptional comfort, and smart value for everyday outdoor living.",Dining,cat-dining,Aluminum,aluminum,,,,,,,fixed,25.00,,"{""collection"":""Avana"",""weight_lbs"":""25"",""spec_sheet_pdf"":""https://www.owlee.com/wp-content/uploads/2021/11/Avana_Retail_SpecSheet_2026_65192P-SR-Padded-Sling-Swivel-Rocker-Chair.pdf""}","[""o-w-lee"",""avana"",""made-in-usa""]",false,true,true,true,false,,226,0,true,2026-06-17 00:26:09.444658+00,2026-06-17 00:27:47.685+00,[],[],[],[],[],"[{""url"":""https://641bdd57-e650-4f10-a19f-628c07eb50b7-00-1e7i1aja8wnz9.worf.replit.dev/api/storage/objects/products/owlee-v2/65192P-SR_Avana_Padded_Sling_Swivel_Rocker_Dining_Arm_Chair.jpg"",""alt_text"":null,""is_primary"":true,""display_order"":0,""image_kind"":""gallery"",""variant_id"":null}]",[]
O.W. Lee,o-w-lee,5182,65198-CHW,Avana Sling Adjustable Chaise with Wheels,owlee-avana-sling-adjustable-chaise-with-wheels-65198-chw,"The O.W. Lee Avana Sling Adjustable Chaise with Wheels offers effortless relaxation with modern versatility, making it a perfect addition to any poolside or patio setting. Its adjustable sling seat lets you find the ideal lounging position, while the durable aluminum frame and integrated wheels make moving and arranging the chaise simple and convenient. This chaise is an excellent choice for customers seeking high-quality outdoor furniture at a more accessible price point without compromising on style or durability. Quality & Customization Crafted with O.W. Lee’s renowned attention to detail, the frame is backed by a 20-year structural warranty, and the finish is guaranteed for 5 years against fading, blistering, and peeling. Cushions and fabrics are also covered for 5 years, ensuring lasting comfort and performance. With 10 elegant frame finishes and over 100 fabric options, including 16 durable sling fabrics, the Avana Sling Adjustable Chaise can be customized to perfectly complement any outdoor space. It’s a versatile, stylish, and smartly priced solution for contemporary outdoor lounging.","The O.W. Lee Avana Sling Adjustable Chaise with Wheels offers effortless relaxation with modern versatility, making it a perfect addition to any poolside or patio setting. Its adjustable sling seat lets you find the ideal lounging position, while the durable aluminum frame and integrated wheels make moving and arranging the chaise simple and convenient. This chaise is an excellent choice for customers seeking high-quality outdoor furniture at a more accessible price point without compromising on style or durability. Quality & Customization Crafted with O.W. Lee’s renowned attention to detail, the frame is backed by a 20-year structural warranty, and the finish is guaranteed for 5 years against fading, blistering, and peeling. Cushions and fabrics are also covered for 5 years, ensuring lasting comfort and performance. With 10 elegant frame finishes and over 100 fabric options, including 16 durable sling fabrics, the Avana Sling Adjustable Chaise can be customized to perfectly complement any outdoor space. It’s a versatile, stylish, and smartly priced solution for contemporary outdoor lounging.",Chaise Lounges,cat-chaise-lounges,Aluminum,aluminum,,,,,,,fixed,37.00,,"{""collection"":""Avana"",""weight_lbs"":""37"",""spec_sheet_pdf"":""https://www.owlee.com/wp-content/uploads/2021/11/Avana_Retail_SpecSheet_2026_65198-CHW-Sling-Chaise.pdf""}","[""o-w-lee"",""avana"",""made-in-usa""]",false,true,true,true,false,,228,0,true,2026-06-17 00:26:09.455364+00,2026-06-17 00:27:47.694+00,[],[],[],[],[],"[{""url"":""https://641bdd57-e650-4f10-a19f-628c07eb50b7-00-1e7i1aja8wnz9.worf.replit.dev/api/storage/objects/products/owlee-v2/65198-CHW_Avana_Sling_Adjustable_Chaise_with_Wheels.jpg"",""alt_text"":null,""is_primary"":true,""display_order"":0,""image_kind"":""gallery"",""variant_id"":null}]",[]
O.W. Lee,o-w-lee,5171,653-A,San Cristobal Dining Arm Chair,owlee-san-cristobal-san-cristobal-dining-arm-chair-653-a,"The O.W. Lee San Cristóbal Dining Arm Chair blends flowing lines with supportive comfort. Intricate metalwork and classic proportions evoke Spanish Baroque artistry, creating an outdoor dining arm chair that feels both luxurious and inviting. O.W. Lee is renowned for its exceptional quality, supported by an industry-leading warranty. Our frames are covered by a 20-year structural warranty, and the finish is guaranteed against fading, blistering, and peeling for 5 years. Cushions and fabrics are also backed by a 5-year warranty. With a selection of 10 elegant frame finishes and over 100 fabric options, customers can easily customize each piece to seamlessly complement their individual style.","The O.W. Lee San Cristóbal Dining Arm Chair blends flowing lines with supportive comfort. Intricate metalwork and classic proportions evoke Spanish Baroque artistry, creating an outdoor dining arm chair that feels both luxurious and inviting. O.W. Lee is renowned for its exceptional quality, supported by an industry-leading warranty. Our frames are covered by a 20-year structural warranty, and the finish is guaranteed against fading, blistering, and peeling for 5 years. Cushions and fabrics are also backed by a 5-year warranty. With a selection of 10 elegant frame finishes and over 100 fabric options, customers can easily customize each piece to seamlessly complement their individual style.",Dining,cat-dining,Wrought Iron,wrought-iron,,,,,,,fixed,45.00,,"{""collection"":""San Cristobal"",""weight_lbs"":""45"",""spec_sheet_pdf"":""https://www.owlee.com/wp-content/uploads/2025/09/San-Cristobal_Retail_SpecSheet_2026_653-A-Dining-Arm-Chair.pdf""}","[""o-w-lee"",""san-cristobal"",""made-in-usa""]",false,true,true,true,false,,217,0,true,2026-06-17 00:26:09.215009+00,2026-06-17 00:27:47.436+00,[],[],[],[],[],"[{""url"":""https://641bdd57-e650-4f10-a19f-628c07eb50b7-00-1e7i1aja8wnz9.worf.replit.dev/api/storage/objects/products/owlee-v2/653-A_San_Cristobal_San_Cristobal_Dining_Arm_Chair.jpg"",""alt_text"":null,""is_primary"":true,""display_order"":0,""image_kind"":""gallery"",""variant_id"":null}]",[]
O.W. Lee,o-w-lee,5176,653-SBS,San Cristobal Swivel Bar Stool,owlee-san-cristobal-san-cristobal-swivel-bar-stool-653-sbs,"The O.W. Lee San Cristóbal Swivel Bar Stool combines ornate detailing with a commanding presence. Designed to echo the artistry of Spanish Baroque architecture, this outdoor swivel bar stool brings elegance and ease to bar-height entertaining. O.W. Lee is renowned for its exceptional quality, supported by an industry-leading warranty. Our frames are covered by a 20-year structural warranty, and the finish is guaranteed against fading, blistering, and peeling for 5 years. Cushions and fabrics are also backed by a 5-year warranty. With a selection of 10 elegant frame finishes and over 100 fabric options, customers can easily customize each piece to seamlessly complement their individual style.","The O.W. Lee San Cristóbal Swivel Bar Stool combines ornate detailing with a commanding presence. Designed to echo the artistry of Spanish Baroque architecture, this outdoor swivel bar stool brings elegance and ease to bar-height entertaining. O.W. Lee is renowned for its exceptional quality, supported by an industry-leading warranty. Our frames are covered by a 20-year structural warranty, and the finish is guaranteed against fading, blistering, and peeling for 5 years. Cushions and fabrics are also backed by a 5-year warranty. With a selection of 10 elegant frame finishes and over 100 fabric options, customers can easily customize each piece to seamlessly complement their individual style.",Dining,cat-dining,Wrought Iron,wrought-iron,,,,,,,fixed,57.00,,"{""collection"":""San Cristobal"",""weight_lbs"":""57"",""spec_sheet_pdf"":""https://www.owlee.com/wp-content/uploads/2025/09/San-Cristobal_Retail_SpecSheet_2026_653-SBS-Swivel-Bar-Stool.pdf""}","[""o-w-lee"",""san-cristobal"",""made-in-usa""]",false,true,true,true,false,,222,0,true,2026-06-17 00:26:09.238782+00,2026-06-17 00:27:47.461+00,[],[],[],[],[],"[{""url"":""https://641bdd57-e650-4f10-a19f-628c07eb50b7-00-1e7i1aja8wnz9.worf.replit.dev/api/storage/objects/products/owlee-v2/653-SBS_San_Cristobal_San_Cristobal_Swivel_Bar_Stool.jpg"",""alt_text"":null,""is_primary"":true,""display_order"":0,""image_kind"":""gallery"",""variant_id"":null}]",[]
O.W. Lee,o-w-lee,5174,653-SCS,San Cristobal Swivel Counter Stool,owlee-san-cristobal-san-cristobal-swivel-counter-stool-653-scs,"The O.W. Lee San Cristóbal Swivel Counter Stool adds supportive arms and graceful curves to elevated seating. Its hand-forged appearance and smooth swivel motion deliver both comfort and Old World sophistication. O.W. Lee is renowned for its exceptional quality, supported by an industry-leading warranty. Our frames are covered by a 20-year structural warranty, and the finish is guaranteed against fading, blistering, and peeling for 5 years. Cushions and fabrics are also backed by a 5-year warranty. With a selection of 10 elegant frame finishes and over 100 fabric options, customers can easily customize each piece to seamlessly complement their individual style.","The O.W. Lee San Cristóbal Swivel Counter Stool adds supportive arms and graceful curves to elevated seating. Its hand-forged appearance and smooth swivel motion deliver both comfort and Old World sophistication. O.W. Lee is renowned for its exceptional quality, supported by an industry-leading warranty. Our frames are covered by a 20-year structural warranty, and the finish is guaranteed against fading, blistering, and peeling for 5 years. Cushions and fabrics are also backed by a 5-year warranty. With a selection of 10 elegant frame finishes and over 100 fabric options, customers can easily customize each piece to seamlessly complement their individual style.",Dining,cat-dining,Wrought Iron,wrought-iron,,,,,,,fixed,56.00,,"{""collection"":""San Cristobal"",""weight_lbs"":""56"",""spec_sheet_pdf"":""https://www.owlee.com/wp-content/uploads/2025/09/San-Cristobal_Retail_SpecSheet_2026_653-SCS-Swivel-Counter-Stool.pdf""}","[""o-w-lee"",""san-cristobal"",""made-in-usa""]",false,true,true,true,false,,220,0,true,2026-06-17 00:26:09.229667+00,2026-06-17 00:27:47.45+00,[],[],[],[],[],"[{""url"":""https://641bdd57-e650-4f10-a19f-628c07eb50b7-00-1e7i1aja8wnz9.worf.replit.dev/api/storage/objects/products/owlee-v2/653-SCS_San_Cristobal_San_Cristobal_Swivel_Counter_Stool.jpg"",""alt_text"":null,""is_primary"":true,""display_order"":0,""image_kind"":""gallery"",""variant_id"":null}]",[]
O.W. Lee,o-w-lee,5172,653-SR,San Cristobal Swivel Rocker Dining Chair,owlee-san-cristobal-san-cristobal-swivel-rocker-dining-chair-653-sr,"The O.W. Lee San Cristóbal Swivel Rocker Dining Arm Chair enhances traditional elegance with smooth swivel and gentle rocking motion. Ornate detailing and graceful curves bring movement and comfort to refined outdoor dining settings. O.W. Lee is renowned for its exceptional quality, supported by an industry-leading warranty. Our frames are covered by a 20-year structural warranty, and the finish is guaranteed against fading, blistering, and peeling for 5 years. Cushions and fabrics are also backed by a 5-year warranty. With a selection of 10 elegant frame finishes and over 100 fabric options, customers can easily customize each piece to seamlessly complement their individual style.","The O.W. Lee San Cristóbal Swivel Rocker Dining Arm Chair enhances traditional elegance with smooth swivel and gentle rocking motion. Ornate detailing and graceful curves bring movement and comfort to refined outdoor dining settings. O.W. Lee is renowned for its exceptional quality, supported by an industry-leading warranty. Our frames are covered by a 20-year structural warranty, and the finish is guaranteed against fading, blistering, and peeling for 5 years. Cushions and fabrics are also backed by a 5-year warranty. With a selection of 10 elegant frame finishes and over 100 fabric options, customers can easily customize each piece to seamlessly complement their individual style.",Dining,cat-dining,Wrought Iron,wrought-iron,,,,,,,fixed,52.00,,"{""collection"":""San Cristobal"",""weight_lbs"":""52"",""spec_sheet_pdf"":""https://www.owlee.com/wp-content/uploads/2025/09/San-Cristobal_Retail_SpecSheet_2026_653-SR-Swivel-Rocker-Dining-Arm-Chair.pdf""}","[""o-w-lee"",""san-cristobal"",""made-in-usa""]",false,true,true,true,false,,218,0,true,2026-06-17 00:26:09.220144+00,2026-06-17 00:27:47.441+00,[],[],[],[],[],"[{""url"":""https://641bdd57-e650-4f10-a19f-628c07eb50b7-00-1e7i1aja8wnz9.worf.replit.dev/api/storage/objects/products/owlee-v2/653-SR_San_Cristobal_San_Cristobal_Swivel_Rocker_Dining_Chair.jpg"",""alt_text"":null,""is_primary"":true,""display_order"":0,""image_kind"":""gallery"",""variant_id"":null}]",[]
O.W. Lee,o-w-lee,5187,6590-O,Avana Ottoman,owlee-avana-ottoman-6590-o,"The O.W. Lee Avana Ottoman brings both comfort and versatility to any outdoor seating arrangement. Its clean-lined aluminum frame and tailored cushion make it a stylish footrest or extra seat, perfectly complementing the modern elegance of the Avana collection. This ottoman is an excellent choice for customers seeking high-quality outdoor furniture at a more accessible price point without compromising on style or durability. Quality & Customization Crafted with O.W. Lee’s renowned attention to detail, the frame is backed by a 20-year structural warranty, and the finish is guaranteed for 5 years against fading, blistering, and peeling. Cushions and fabrics also carry a 5-year warranty, ensuring long-lasting performance and comfort. With 10 elegant frame finishes and over 100 fabric options, including 16 durable sling fabrics, the Avana Ottoman can be customized to perfectly match your outdoor space. It’s a versatile, stylish, and smartly priced addition to any outdoor living area.","The O.W. Lee Avana Ottoman brings both comfort and versatility to any outdoor seating arrangement. Its clean-lined aluminum frame and tailored cushion make it a stylish footrest or extra seat, perfectly complementing the modern elegance of the Avana collection. This ottoman is an excellent choice for customers seeking high-quality outdoor furniture at a more accessible price point without compromising on style or durability. Quality & Customization Crafted with O.W. Lee’s renowned attention to detail, the frame is backed by a 20-year structural warranty, and the finish is guaranteed for 5 years against fading, blistering, and peeling. Cushions and fabrics also carry a 5-year warranty, ensuring long-lasting performance and comfort. With 10 elegant frame finishes and over 100 fabric options, including 16 durable sling fabrics, the Avana Ottoman can be customized to perfectly match your outdoor space. It’s a versatile, stylish, and smartly priced addition to any outdoor living area.",Deep Seating,cat-deep-seating,Aluminum,aluminum,,,,,,,fixed,25.00,,"{""collection"":""Avana"",""weight_lbs"":""25"",""spec_sheet_pdf"":""https://www.owlee.com/wp-content/uploads/2021/11/Avana_Retail_SpecSheet_2026_6590-O-Ottoman.pdf""}","[""o-w-lee"",""avana"",""made-in-usa""]",false,true,true,true,false,,233,0,true,2026-06-17 00:26:09.478738+00,2026-06-17 00:27:47.732+00,[],[],[],[],[],"[{""url"":""https://641bdd57-e650-4f10-a19f-628c07eb50b7-00-1e7i1aja8wnz9.worf.replit.dev/api/storage/objects/products/owlee-v2/6590-O_Avana_Ottoman.jpg"",""alt_text"":null,""is_primary"":true,""display_order"":0,""image_kind"":""gallery"",""variant_id"":null}]",[]
O.W. Lee,o-w-lee,5166,692-C,San Cristobal Center Sectional,owlee-san-cristobal-san-cristobal-center-sectional-692-c,"The O.W. Lee San Cristóbal Sectional allows for flexible seating arrangements while maintaining the collection’s ornate elegance. Flowing lines and detailed craftsmanship create a cohesive, luxurious outdoor seating experience. O.W. Lee is renowned for its exceptional quality, supported by an industry-leading warranty. Our frames are covered by a 20-year structural warranty, and the finish is guaranteed against fading, blistering, and peeling for 5 years. Cushions and fabrics are also backed by a 5-year warranty. With a selection of 10 elegant frame finishes and over 100 fabric options, customers can easily customize each piece to seamlessly complement their individual style.","The O.W. Lee San Cristóbal Sectional allows for flexible seating arrangements while maintaining the collection’s ornate elegance. Flowing lines and detailed craftsmanship create a cohesive, luxurious outdoor seating experience. O.W. Lee is renowned for its exceptional quality, supported by an industry-leading warranty. Our frames are covered by a 20-year structural warranty, and the finish is guaranteed against fading, blistering, and peeling for 5 years. Cushions and fabrics are also backed by a 5-year warranty. With a selection of 10 elegant frame finishes and over 100 fabric options, customers can easily customize each piece to seamlessly complement their individual style.",Deep Seating,cat-deep-seating,Wrought Iron,wrought-iron,,,,,,,fixed,124.00,,"{""collection"":""San Cristobal"",""weight_lbs"":""124"",""spec_sheet_pdf"":""https://www.owlee.com/wp-content/uploads/2025/09/San-Cristobal_Retail_SpecSheet_2026_692-C-Center-Sectional.pdf""}","[""o-w-lee"",""san-cristobal"",""made-in-usa""]",false,true,true,true,false,,212,0,true,2026-06-17 00:26:09.183885+00,2026-06-17 00:27:47.407+00,[],[],[],[],[],"[{""url"":""https://641bdd57-e650-4f10-a19f-628c07eb50b7-00-1e7i1aja8wnz9.worf.replit.dev/api/storage/objects/products/owlee-v2/692-C_San_Cristobal_San_Cristobal_Center_Sectional.jpg"",""alt_text"":null,""is_primary"":true,""display_order"":0,""image_kind"":""gallery"",""variant_id"":null}]",[]
O.W. Lee,o-w-lee,5167,692-L,San Cristobal Left Sectional,owlee-san-cristobal-san-cristobal-left-sectional-692-l,"The O.W. Lee San Cristóbal Sectional allows for flexible seating arrangements while maintaining the collection’s ornate elegance. Flowing lines and detailed craftsmanship create a cohesive, luxurious outdoor seating experience. O.W. Lee is renowned for its exceptional quality, supported by an industry-leading warranty. Our frames are covered by a 20-year structural warranty, and the finish is guaranteed against fading, blistering, and peeling for 5 years. Cushions and fabrics are also backed by a 5-year warranty. With a selection of 10 elegant frame finishes and over 100 fabric options, customers can easily customize each piece to seamlessly complement their individual style.","The O.W. Lee San Cristóbal Sectional allows for flexible seating arrangements while maintaining the collection’s ornate elegance. Flowing lines and detailed craftsmanship create a cohesive, luxurious outdoor seating experience. O.W. Lee is renowned for its exceptional quality, supported by an industry-leading warranty. Our frames are covered by a 20-year structural warranty, and the finish is guaranteed against fading, blistering, and peeling for 5 years. Cushions and fabrics are also backed by a 5-year warranty. With a selection of 10 elegant frame finishes and over 100 fabric options, customers can easily customize each piece to seamlessly complement their individual style.",Deep Seating,cat-deep-seating,Wrought Iron,wrought-iron,,,,,,,fixed,130.00,,"{""collection"":""San Cristobal"",""weight_lbs"":""130"",""spec_sheet_pdf"":""https://www.owlee.com/wp-content/uploads/2025/09/San-Cristobal_Retail_SpecSheet_2026_692-R-Right-Sectional-1.pdf""}","[""o-w-lee"",""san-cristobal"",""made-in-usa""]",false,true,true,true,false,,213,0,true,2026-06-17 00:26:09.189398+00,2026-06-17 00:27:47.412+00,[],[],[],[],[],"[{""url"":""https://641bdd57-e650-4f10-a19f-628c07eb50b7-00-1e7i1aja8wnz9.worf.replit.dev/api/storage/objects/products/owlee-v2/692-L_San_Cristobal_San_Cristobal_Left_Sectional.jpg"",""alt_text"":null,""is_primary"":true,""display_order"":0,""image_kind"":""gallery"",""variant_id"":null}]",[]
O.W. Lee,o-w-lee,5165,692-R,San Cristobal Right Sectional,owlee-san-cristobal-san-cristobal-right-sectional-692-r,"The O.W. Lee San Cristóbal Sectional allows for flexible seating arrangements while maintaining the collection’s ornate elegance. Flowing lines and detailed craftsmanship create a cohesive, luxurious outdoor seating experience. O.W. Lee is renowned for its exceptional quality, supported by an industry-leading warranty. Our frames are covered by a 20-year structural warranty, and the finish is guaranteed against fading, blistering, and peeling for 5 years. Cushions and fabrics are also backed by a 5-year warranty. With a selection of 10 elegant frame finishes and over 100 fabric options, customers can easily customize each piece to seamlessly complement their individual style.","The O.W. Lee San Cristóbal Sectional allows for flexible seating arrangements while maintaining the collection’s ornate elegance. Flowing lines and detailed craftsmanship create a cohesive, luxurious outdoor seating experience. O.W. Lee is renowned for its exceptional quality, supported by an industry-leading warranty. Our frames are covered by a 20-year structural warranty, and the finish is guaranteed against fading, blistering, and peeling for 5 years. Cushions and fabrics are also backed by a 5-year warranty. With a selection of 10 elegant frame finishes and over 100 fabric options, customers can easily customize each piece to seamlessly complement their individual style.",Deep Seating,cat-deep-seating,Wrought Iron,wrought-iron,,,,,,,fixed,130.00,,"{""collection"":""San Cristobal"",""weight_lbs"":""130"",""spec_sheet_pdf"":""https://www.owlee.com/wp-content/uploads/2025/09/San-Cristobal_Retail_SpecSheet_2026_692-R-Right-Sectional.pdf""}","[""o-w-lee"",""san-cristobal"",""made-in-usa""]",false,true,true,true,false,,211,0,true,2026-06-17 00:26:09.178307+00,2026-06-17 00:27:47.401+00,[],[],[],[],[],"[{""url"":""https://641bdd57-e650-4f10-a19f-628c07eb50b7-00-1e7i1aja8wnz9.worf.replit.dev/api/storage/objects/products/owlee-v2/692-R_San_Cristobal_San_Cristobal_Right_Sectional.jpg"",""alt_text"":null,""is_primary"":true,""display_order"":0,""image_kind"":""gallery"",""variant_id"":null}]",[]
O.W. Lee,o-w-lee,5163,695-2S,San Cristobal Love Seat,owlee-san-cristobal-san-cristobal-love-seat-695-2s,"The O.W. Lee San Cristóbal Love Seat offers intimate seating infused with Old World charm. Its elegant curves and decorative metal details create a welcoming focal point for refined outdoor conversations. Quality & Customization O.W. Lee is renowned for its exceptional quality, supported by an industry-leading warranty. Our frames are covered by a 20-year structural warranty, and the finish is guaranteed against fading, blistering, and peeling for 5 years. Cushions and fabrics are also backed by a 5-year warranty. With a selection of 10 elegant frame finishes and over 100 fabric options, customers can easily customize each piece to seamlessly complement their individual style.","The O.W. Lee San Cristóbal Love Seat offers intimate seating infused with Old World charm. Its elegant curves and decorative metal details create a welcoming focal point for refined outdoor conversations. Quality & Customization O.W. Lee is renowned for its exceptional quality, supported by an industry-leading warranty. Our frames are covered by a 20-year structural warranty, and the finish is guaranteed against fading, blistering, and peeling for 5 years. Cushions and fabrics are also backed by a 5-year warranty. With a selection of 10 elegant frame finishes and over 100 fabric options, customers can easily customize each piece to seamlessly complement their individual style.",Deep Seating,cat-deep-seating,Wrought Iron,wrought-iron,,,,,,,fixed,121.00,,"{""collection"":""San Cristobal"",""weight_lbs"":""121"",""spec_sheet_pdf"":""https://www.owlee.com/wp-content/uploads/2025/09/San-Cristobal_Retail_SpecSheet_2026_695-2S-Love-Seat.pdf""}","[""o-w-lee"",""san-cristobal"",""made-in-usa""]",false,true,true,true,false,,209,0,true,2026-06-17 00:26:09.168347+00,2026-06-17 00:27:47.39+00,[],[],[],[],[],"[{""url"":""https://641bdd57-e650-4f10-a19f-628c07eb50b7-00-1e7i1aja8wnz9.worf.replit.dev/api/storage/objects/products/owlee-v2/695-2S_San_Cristobal_San_Cristobal_Love_Seat.jpg"",""alt_text"":null,""is_primary"":true,""display_order"":0,""image_kind"":""gallery"",""variant_id"":null}]",[]
O.W. Lee,o-w-lee,5164,695-3S,San Cristobal Sofa,owlee-san-cristobal-san-cristobal-sofa-695-3s,"The O.W. Lee San Cristóbal Sofa delivers spacious comfort framed by Spanish Baroque artistry. Hand-forged detailing and generous cushions make this outdoor sofa a statement piece for sophisticated outdoor environments. O.W. Lee is renowned for its exceptional quality, supported by an industry-leading warranty. Our frames are covered by a 20-year structural warranty, and the finish is guaranteed against fading, blistering, and peeling for 5 years. Cushions and fabrics are also backed by a 5-year warranty. With a selection of 10 elegant frame finishes and over 100 fabric options, customers can easily customize each piece to seamlessly complement their individual style.","The O.W. Lee San Cristóbal Sofa delivers spacious comfort framed by Spanish Baroque artistry. Hand-forged detailing and generous cushions make this outdoor sofa a statement piece for sophisticated outdoor environments. O.W. Lee is renowned for its exceptional quality, supported by an industry-leading warranty. Our frames are covered by a 20-year structural warranty, and the finish is guaranteed against fading, blistering, and peeling for 5 years. Cushions and fabrics are also backed by a 5-year warranty. With a selection of 10 elegant frame finishes and over 100 fabric options, customers can easily customize each piece to seamlessly complement their individual style.",Deep Seating,cat-deep-seating,Wrought Iron,wrought-iron,,,,,,,fixed,170.00,,"{""collection"":""San Cristobal"",""weight_lbs"":""170"",""spec_sheet_pdf"":""https://www.owlee.com/wp-content/uploads/2025/09/San-Cristobal_Retail_SpecSheet_2026_695-3S-Sofa.pdf""}","[""o-w-lee"",""san-cristobal"",""made-in-usa""]",false,true,true,true,false,,210,0,true,2026-06-17 00:26:09.173318+00,2026-06-17 00:27:47.396+00,[],[],[],[],[],"[{""url"":""https://641bdd57-e650-4f10-a19f-628c07eb50b7-00-1e7i1aja8wnz9.worf.replit.dev/api/storage/objects/products/owlee-v2/695-3S_San_Cristobal_San_Cristobal_Sofa.jpg"",""alt_text"":null,""is_primary"":true,""display_order"":0,""image_kind"":""gallery"",""variant_id"":null}]",[]
O.W. Lee,o-w-lee,5160,695-CC,San Cristobal Lounge Chair,owlee-san-cristobal-san-cristobal-lounge-chair-695-cc,"The O.W. Lee San Cristóbal Lounge Chair captures the romance of Old Havana through flowing curves and handcrafted metalwork. Plush cushions and refined detailing make this outdoor lounge chair ideal for relaxed yet elegant outdoor living. O.W. Lee is renowned for its exceptional quality, supported by an industry-leading warranty. Our frames are covered by a 20-year structural warranty, and the finish is guaranteed against fading, blistering, and peeling for 5 years. Cushions and fabrics are also backed by a 5-year warranty. With a selection of 10 elegant frame finishes and over 100 fabric options, customers can easily customize each piece to seamlessly complement their individual style.","The O.W. Lee San Cristóbal Lounge Chair captures the romance of Old Havana through flowing curves and handcrafted metalwork. Plush cushions and refined detailing make this outdoor lounge chair ideal for relaxed yet elegant outdoor living. O.W. Lee is renowned for its exceptional quality, supported by an industry-leading warranty. Our frames are covered by a 20-year structural warranty, and the finish is guaranteed against fading, blistering, and peeling for 5 years. Cushions and fabrics are also backed by a 5-year warranty. With a selection of 10 elegant frame finishes and over 100 fabric options, customers can easily customize each piece to seamlessly complement their individual style.",Deep Seating,cat-deep-seating,Wrought Iron,wrought-iron,,,,,,,fixed,60.00,,"{""collection"":""San Cristobal"",""weight_lbs"":""60"",""spec_sheet_pdf"":""https://www.owlee.com/wp-content/uploads/2025/09/San-Cristobal_Retail_SpecSheet_2026_695-CC-Lounge-Chair.pdf""}","[""o-w-lee"",""san-cristobal"",""made-in-usa""]",false,true,true,true,false,,206,0,true,2026-06-17 00:26:09.152301+00,2026-06-17 00:27:47.374+00,[],[],[],[],[],"[{""url"":""https://641bdd57-e650-4f10-a19f-628c07eb50b7-00-1e7i1aja8wnz9.worf.replit.dev/api/storage/objects/products/owlee-v2/695-CC_San_Cristobal_San_Cristobal_Lounge_Chair.jpg"",""alt_text"":null,""is_primary"":true,""display_order"":0,""image_kind"":""gallery"",""variant_id"":null}]",[]
O.W. Lee,o-w-lee,5161,695-SB,San Cristobal Spring Base Lounge Chair,owlee-san-cristobal-san-cristobal-spring-base-lounge-chair-695-sb,"The O.W. Lee San Cristóbal Spring Base Lounge Chair enhances comfort with subtle movement while preserving the collection’s ornate character. Its spring base adds flexibility, making it a luxurious choice for leisurely outdoor seating. O.W. Lee is renowned for its exceptional quality, supported by an industry-leading warranty. Our frames are covered by a 20-year structural warranty, and the finish is guaranteed against fading, blistering, and peeling for 5 years. Cushions and fabrics are also backed by a 5-year warranty. With a selection of 10 elegant frame finishes and over 100 fabric options, customers can easily customize each piece to seamlessly complement their individual style.","The O.W. Lee San Cristóbal Spring Base Lounge Chair enhances comfort with subtle movement while preserving the collection’s ornate character. Its spring base adds flexibility, making it a luxurious choice for leisurely outdoor seating. O.W. Lee is renowned for its exceptional quality, supported by an industry-leading warranty. Our frames are covered by a 20-year structural warranty, and the finish is guaranteed against fading, blistering, and peeling for 5 years. Cushions and fabrics are also backed by a 5-year warranty. With a selection of 10 elegant frame finishes and over 100 fabric options, customers can easily customize each piece to seamlessly complement their individual style.",Deep Seating,cat-deep-seating,Wrought Iron,wrought-iron,,,,,,,fixed,80.00,,"{""collection"":""San Cristobal"",""weight_lbs"":""80"",""spec_sheet_pdf"":""https://www.owlee.com/wp-content/uploads/2025/09/San-Cristobal_Retail_SpecSheet_2026_695-SB-Spring-Base-Lounge-Chair.pdf""}","[""o-w-lee"",""san-cristobal"",""made-in-usa""]",false,true,true,true,false,,207,0,true,2026-06-17 00:26:09.158671+00,2026-06-17 00:27:47.38+00,[],[],[],[],[],"[{""url"":""https://641bdd57-e650-4f10-a19f-628c07eb50b7-00-1e7i1aja8wnz9.worf.replit.dev/api/storage/objects/products/owlee-v2/695-SB_San_Cristobal_San_Cristobal_Spring_Base_Lounge_Chair.jpg"",""alt_text"":null,""is_primary"":true,""display_order"":0,""image_kind"":""gallery"",""variant_id"":null}]",[]
O.W. Lee,o-w-lee,5162,695-SR,San Cristobal Swivel Rocker Lounge Chair,owlee-san-cristobal-san-cristobal-swivel-rocker-lounge-chair-695-sr,"The O.W. Lee San Cristóbal Swivel Rocker Lounge Chair blends artistic craftsmanship with smooth motion. Swivel and gentle rocking combine with intricate scrollwork to create a lounge chair that is both expressive and exceptionally comfortable. O.W. Lee is renowned for its exceptional quality, supported by an industry-leading warranty. Our frames are covered by a 20-year structural warranty, and the finish is guaranteed against fading, blistering, and peeling for 5 years. Cushions and fabrics are also backed by a 5-year warranty. With a selection of 10 elegant frame finishes and over 100 fabric options, customers can easily customize each piece to seamlessly complement their individual style.","The O.W. Lee San Cristóbal Swivel Rocker Lounge Chair blends artistic craftsmanship with smooth motion. Swivel and gentle rocking combine with intricate scrollwork to create a lounge chair that is both expressive and exceptionally comfortable. O.W. Lee is renowned for its exceptional quality, supported by an industry-leading warranty. Our frames are covered by a 20-year structural warranty, and the finish is guaranteed against fading, blistering, and peeling for 5 years. Cushions and fabrics are also backed by a 5-year warranty. With a selection of 10 elegant frame finishes and over 100 fabric options, customers can easily customize each piece to seamlessly complement their individual style.",Deep Seating,cat-deep-seating,Wrought Iron,wrought-iron,,,,,,,fixed,80.00,,"{""collection"":""San Cristobal"",""weight_lbs"":""80"",""spec_sheet_pdf"":""https://www.owlee.com/wp-content/uploads/2025/09/San-Cristobal_Retail_SpecSheet_2026_695-SR-Swivel-Rocker-Lounge-Chair.pdf""}","[""o-w-lee"",""san-cristobal"",""made-in-usa""]",false,true,true,true,false,,208,0,true,2026-06-17 00:26:09.162846+00,2026-06-17 00:27:47.384+00,[],[],[],[],[],"[{""url"":""https://641bdd57-e650-4f10-a19f-628c07eb50b7-00-1e7i1aja8wnz9.worf.replit.dev/api/storage/objects/products/owlee-v2/695-SR_San_Cristobal_San_Cristobal_Swivel_Rocker_Lounge_Chair.jpg"",""alt_text"":null,""is_primary"":true,""display_order"":0,""image_kind"":""gallery"",""variant_id"":null}]",[]
O.W. Lee,o-w-lee,5168,696-O,San Cristobal Ottoman,owlee-san-cristobal-san-cristobal-ottoman-696-o,"The O.W. Lee San Cristóbal Ottoman adds versatility and comfort to seating groupings. Its sculpted frame and plush cushion echo the collection’s Old World influence while serving as a functional accent piece. O.W. Lee is renowned for its exceptional quality, supported by an industry-leading warranty. Our frames are covered by a 20-year structural warranty, and the finish is guaranteed against fading, blistering, and peeling for 5 years. Cushions and fabrics are also backed by a 5-year warranty. With a selection of 10 elegant frame finishes and over 100 fabric options, customers can easily customize each piece to seamlessly complement their individual style.","The O.W. Lee San Cristóbal Ottoman adds versatility and comfort to seating groupings. Its sculpted frame and plush cushion echo the collection’s Old World influence while serving as a functional accent piece. O.W. Lee is renowned for its exceptional quality, supported by an industry-leading warranty. Our frames are covered by a 20-year structural warranty, and the finish is guaranteed against fading, blistering, and peeling for 5 years. Cushions and fabrics are also backed by a 5-year warranty. With a selection of 10 elegant frame finishes and over 100 fabric options, customers can easily customize each piece to seamlessly complement their individual style.",Deep Seating,cat-deep-seating,Wrought Iron,wrought-iron,,,,,,,fixed,34.00,,"{""collection"":""San Cristobal"",""weight_lbs"":""34"",""spec_sheet_pdf"":""https://www.owlee.com/wp-content/uploads/2025/09/San-Cristobal_Retail_SpecSheet_2026_696-O-Ottoman.pdf""}","[""o-w-lee"",""san-cristobal"",""made-in-usa""]",false,true,true,true,false,,214,0,true,2026-06-17 00:26:09.197564+00,2026-06-17 00:27:47.418+00,[],[],[],[],[],"[{""url"":""https://641bdd57-e650-4f10-a19f-628c07eb50b7-00-1e7i1aja8wnz9.worf.replit.dev/api/storage/objects/products/owlee-v2/696-O_San_Cristobal_San_Cristobal_Ottoman.jpg"",""alt_text"":null,""is_primary"":true,""display_order"":0,""image_kind"":""gallery"",""variant_id"":null}]",[]
O.W. Lee,o-w-lee,5169,699-CHW,San Cristobal Chaise Lounge,owlee-san-cristobal-san-cristobal-chaise-lounge-699-chw,"The O.W. Lee San Cristóbal Chaise offers elegant relaxation inspired by historic Spanish design. Flowing contours and refined detailing make this outdoor chaise lounge a graceful addition to patios, poolsides, and garden retreats. O.W. Lee is renowned for its exceptional quality, supported by an industry-leading warranty. Our frames are covered by a 20-year structural warranty, and the finish is guaranteed against fading, blistering, and peeling for 5 years. Cushions and fabrics are also backed by a 5-year warranty. With a selection of 10 elegant frame finishes and over 100 fabric options, customers can easily customize each piece to seamlessly complement their individual style.","The O.W. Lee San Cristóbal Chaise offers elegant relaxation inspired by historic Spanish design. Flowing contours and refined detailing make this outdoor chaise lounge a graceful addition to patios, poolsides, and garden retreats. O.W. Lee is renowned for its exceptional quality, supported by an industry-leading warranty. Our frames are covered by a 20-year structural warranty, and the finish is guaranteed against fading, blistering, and peeling for 5 years. Cushions and fabrics are also backed by a 5-year warranty. With a selection of 10 elegant frame finishes and over 100 fabric options, customers can easily customize each piece to seamlessly complement their individual style.",Chaise Lounges,cat-chaise-lounges,Wrought Iron,wrought-iron,,,,,,,fixed,106.00,,"{""collection"":""San Cristobal"",""weight_lbs"":""106"",""spec_sheet_pdf"":""https://www.owlee.com/wp-content/uploads/2025/09/San-Cristobal_Retail_SpecSheet_2026_699-CH-Chaise.pdf""}","[""o-w-lee"",""san-cristobal"",""made-in-usa""]",false,true,true,true,false,,215,0,true,2026-06-17 00:26:09.201913+00,2026-06-17 00:27:47.424+00,[],[],[],[],[],"[{""url"":""https://641bdd57-e650-4f10-a19f-628c07eb50b7-00-1e7i1aja8wnz9.worf.replit.dev/api/storage/objects/products/owlee-v2/699-CHW_San_Cristobal_San_Cristobal_Chaise_Lounge.jpg"",""alt_text"":null,""is_primary"":true,""display_order"":0,""image_kind"":""gallery"",""variant_id"":null}]",[]
O.W. Lee,o-w-lee,5219,77180-O,Studio Ottoman,owlee-studio-ottoman-77180-o,"The O.W. Lee Studio Ottoman adds versatility and comfort to Studio seating arrangements. Designed with a minimalist aluminum frame and tailored cushion, this outdoor patio ottoman functions as a footrest or additional seating. O.W. Lee is renowned for its exceptional quality, supported by an industry-leading warranty. Our frames are covered by a 20-year structural warranty, and the finish is guaranteed against fading, blistering, and peeling for 5 years. Cushions and fabrics are also backed by a 5-year warranty. With a selection of 10 elegant frame finishes and over 100 fabric options, including 16 sling fabrics, customers can easily customize each piece to seamlessly complement their individual style.","The O.W. Lee Studio Ottoman adds versatility and comfort to Studio seating arrangements. Designed with a minimalist aluminum frame and tailored cushion, this outdoor patio ottoman functions as a footrest or additional seating. O.W. Lee is renowned for its exceptional quality, supported by an industry-leading warranty. Our frames are covered by a 20-year structural warranty, and the finish is guaranteed against fading, blistering, and peeling for 5 years. Cushions and fabrics are also backed by a 5-year warranty. With a selection of 10 elegant frame finishes and over 100 fabric options, including 16 sling fabrics, customers can easily customize each piece to seamlessly complement their individual style.",Deep Seating,cat-deep-seating,Aluminum,aluminum,,,,,,,fixed,24.00,,"{""collection"":""Studio"",""weight_lbs"":""24"",""spec_sheet_pdf"":""https://www.owlee.com/wp-content/uploads/2022/08/77180-O.pdf""}","[""o-w-lee"",""studio"",""made-in-usa""]",false,true,true,true,false,,265,0,true,2026-06-17 00:26:09.674991+00,2026-06-17 00:27:47.967+00,[],[],[],[],[],"[{""url"":""https://641bdd57-e650-4f10-a19f-628c07eb50b7-00-1e7i1aja8wnz9.worf.replit.dev/api/storage/objects/products/owlee-v2/77180-O_Studio_Ottoman.jpg"",""alt_text"":null,""is_primary"":true,""display_order"":0,""image_kind"":""gallery"",""variant_id"":null}]",[]
O.W. Lee,o-w-lee,5217,77186-2L,Studio Left Double Sectional,owlee-studio-studio-left-double-sectional-77186-2l,"The O.W. Lee Studio Sectional Collection allows for customized outdoor seating configurations with a clean, modern aesthetic. Featuring modular aluminum frames and plush cushions, these outdoor sectional pieces offer flexibility, comfort, and long-lasting performance for larger outdoor living spaces. O.W. Lee is renowned for its exceptional quality, supported by an industry-leading warranty. Our frames are covered by a 20-year structural warranty, and the finish is guaranteed against fading, blistering, and peeling for 5 years. Cushions and fabrics are also backed by a 5-year warranty. With a selection of 10 elegant frame finishes and over 100 fabric options, including 16 sling fabrics, customers can easily customize each piece to seamlessly complement their individual style.","The O.W. Lee Studio Sectional Collection allows for customized outdoor seating configurations with a clean, modern aesthetic. Featuring modular aluminum frames and plush cushions, these outdoor sectional pieces offer flexibility, comfort, and long-lasting performance for larger outdoor living spaces. O.W. Lee is renowned for its exceptional quality, supported by an industry-leading warranty. Our frames are covered by a 20-year structural warranty, and the finish is guaranteed against fading, blistering, and peeling for 5 years. Cushions and fabrics are also backed by a 5-year warranty. With a selection of 10 elegant frame finishes and over 100 fabric options, including 16 sling fabrics, customers can easily customize each piece to seamlessly complement their individual style.",Deep Seating,cat-deep-seating,Aluminum,aluminum,,,,,,,fixed,81.00,,"{""collection"":""Studio"",""weight_lbs"":""81"",""spec_sheet_pdf"":""https://www.owlee.com/wp-content/uploads/2022/08/77186-2L.pdf""}","[""o-w-lee"",""studio"",""made-in-usa""]",false,true,true,true,false,,263,0,true,2026-06-17 00:26:09.66515+00,2026-06-17 00:27:47.955+00,[],[],[],[],[],"[{""url"":""https://641bdd57-e650-4f10-a19f-628c07eb50b7-00-1e7i1aja8wnz9.worf.replit.dev/api/storage/objects/products/owlee-v2/77186-2L_Studio_Studio_Left_Double_Sectional.jpg"",""alt_text"":null,""is_primary"":true,""display_order"":0,""image_kind"":""gallery"",""variant_id"":null}]",[]
O.W. Lee,o-w-lee,5214,77186-2R,Studio Right Double Sectional,owlee-studio-studio-right-double-sectional-77186-2r,"The O.W. Lee Studio Sectional Collection allows for customized outdoor seating configurations with a clean, modern aesthetic. Featuring modular aluminum frames and plush cushions, these outdoor sectional pieces offer flexibility, comfort, and long-lasting performance for larger outdoor living spaces. O.W. Lee is renowned for its exceptional quality, supported by an industry-leading warranty. Our frames are covered by a 20-year structural warranty, and the finish is guaranteed against fading, blistering, and peeling for 5 years. Cushions and fabrics are also backed by a 5-year warranty. With a selection of 10 elegant frame finishes and over 100 fabric options, including 16 sling fabrics, customers can easily customize each piece to seamlessly complement their individual style.","The O.W. Lee Studio Sectional Collection allows for customized outdoor seating configurations with a clean, modern aesthetic. Featuring modular aluminum frames and plush cushions, these outdoor sectional pieces offer flexibility, comfort, and long-lasting performance for larger outdoor living spaces. O.W. Lee is renowned for its exceptional quality, supported by an industry-leading warranty. Our frames are covered by a 20-year structural warranty, and the finish is guaranteed against fading, blistering, and peeling for 5 years. Cushions and fabrics are also backed by a 5-year warranty. With a selection of 10 elegant frame finishes and over 100 fabric options, including 16 sling fabrics, customers can easily customize each piece to seamlessly complement their individual style.",Deep Seating,cat-deep-seating,Aluminum,aluminum,,,,,,,fixed,81.00,,"{""collection"":""Studio"",""weight_lbs"":""81"",""spec_sheet_pdf"":""https://www.owlee.com/wp-content/uploads/2022/08/77186-2R.pdf""}","[""o-w-lee"",""studio"",""made-in-usa""]",false,true,true,true,false,,260,0,true,2026-06-17 00:26:09.651892+00,2026-06-17 00:27:47.912+00,[],[],[],[],[],"[{""url"":""https://641bdd57-e650-4f10-a19f-628c07eb50b7-00-1e7i1aja8wnz9.worf.replit.dev/api/storage/objects/products/owlee-v2/77186-2R_Studio_Studio_Right_Double_Sectional.jpg"",""alt_text"":null,""is_primary"":true,""display_order"":0,""image_kind"":""gallery"",""variant_id"":null}]",[]
O.W. Lee,o-w-lee,5212,77186-2S,Studio Love Seat,owlee-studio-love-seat-77186-2s,"The O.W. Lee Studio Love Seat offers streamlined seating for two with a modern, approachable feel. Built with a durable aluminum frame and comfortable cushions, this outdoor aluminum love seat is ideal for smaller spaces or paired seating arrangements. O.W. Lee is renowned for its exceptional quality, supported by an industry-leading warranty. Our frames are covered by a 20-year structural warranty, and the finish is guaranteed against fading, blistering, and peeling for 5 years. Cushions and fabrics are also backed by a 5-year warranty. With a selection of 10 elegant frame finishes and over 100 fabric options, including 16 sling fabrics, customers can easily customize each piece to seamlessly complement their individual style.","The O.W. Lee Studio Love Seat offers streamlined seating for two with a modern, approachable feel. Built with a durable aluminum frame and comfortable cushions, this outdoor aluminum love seat is ideal for smaller spaces or paired seating arrangements. O.W. Lee is renowned for its exceptional quality, supported by an industry-leading warranty. Our frames are covered by a 20-year structural warranty, and the finish is guaranteed against fading, blistering, and peeling for 5 years. Cushions and fabrics are also backed by a 5-year warranty. With a selection of 10 elegant frame finishes and over 100 fabric options, including 16 sling fabrics, customers can easily customize each piece to seamlessly complement their individual style.",Deep Seating,cat-deep-seating,Aluminum,aluminum,,,,,,,fixed,81.00,,"{""collection"":""Studio"",""weight_lbs"":""81"",""spec_sheet_pdf"":""https://www.owlee.com/wp-content/uploads/2022/08/77186-2S.pdf""}","[""o-w-lee"",""studio"",""made-in-usa""]",false,true,true,true,false,,258,0,true,2026-06-17 00:26:09.643331+00,2026-06-17 00:27:47.901+00,[],[],[],[],[],"[{""url"":""https://641bdd57-e650-4f10-a19f-628c07eb50b7-00-1e7i1aja8wnz9.worf.replit.dev/api/storage/objects/products/owlee-v2/77186-2S_Studio_Love_Seat.jpg"",""alt_text"":null,""is_primary"":true,""display_order"":0,""image_kind"":""gallery"",""variant_id"":null}]",[]
O.W. Lee,o-w-lee,5213,77186-3S,Studio Sofa,owlee-studio-sofa-77186-3s,"The O.W. Lee Studio Sofa provides generous seating with a sleek, contemporary presence. Featuring a strong aluminum frame and deep cushions, this outdoor aluminum sofa delivers comfort, durability, and clean-lined style for modern outdoor environments. O.W. Lee is renowned for its exceptional quality, supported by an industry-leading warranty. Our frames are covered by a 20-year structural warranty, and the finish is guaranteed against fading, blistering, and peeling for 5 years. Cushions and fabrics are also backed by a 5-year warranty. With a selection of 10 elegant frame finishes and over 100 fabric options, including 16 sling fabrics, customers can easily customize each piece to seamlessly complement their individual style.","The O.W. Lee Studio Sofa provides generous seating with a sleek, contemporary presence. Featuring a strong aluminum frame and deep cushions, this outdoor aluminum sofa delivers comfort, durability, and clean-lined style for modern outdoor environments. O.W. Lee is renowned for its exceptional quality, supported by an industry-leading warranty. Our frames are covered by a 20-year structural warranty, and the finish is guaranteed against fading, blistering, and peeling for 5 years. Cushions and fabrics are also backed by a 5-year warranty. With a selection of 10 elegant frame finishes and over 100 fabric options, including 16 sling fabrics, customers can easily customize each piece to seamlessly complement their individual style.",Deep Seating,cat-deep-seating,Aluminum,aluminum,,,,,,,fixed,113.00,,"{""collection"":""Studio"",""weight_lbs"":""113"",""spec_sheet_pdf"":""https://www.owlee.com/wp-content/uploads/2022/08/77186-3S.pdf""}","[""o-w-lee"",""studio"",""made-in-usa""]",false,true,true,true,false,,259,0,true,2026-06-17 00:26:09.647719+00,2026-06-17 00:27:47.906+00,[],[],[],[],[],"[{""url"":""https://641bdd57-e650-4f10-a19f-628c07eb50b7-00-1e7i1aja8wnz9.worf.replit.dev/api/storage/objects/products/owlee-v2/77186-3S_Studio_Sofa.jpg"",""alt_text"":null,""is_primary"":true,""display_order"":0,""image_kind"":""gallery"",""variant_id"":null}]",[]
O.W. Lee,o-w-lee,5216,77186-C,Studio Center Sectional,owlee-studio-center-sectional-77186-c,"The O.W. Lee Studio Sectional Collection allows for customized outdoor seating configurations with a clean, modern aesthetic. Featuring modular aluminum frames and plush cushions, these outdoor sectional pieces offer flexibility, comfort, and long-lasting performance for larger outdoor living spaces. O.W. Lee is renowned for its exceptional quality, supported by an industry-leading warranty. Our frames are covered by a 20-year structural warranty, and the finish is guaranteed against fading, blistering, and peeling for 5 years. Cushions and fabrics are also backed by a 5-year warranty. With a selection of 10 elegant frame finishes and over 100 fabric options, including 16 sling fabrics, customers can easily customize each piece to seamlessly complement their individual style.","The O.W. Lee Studio Sectional Collection allows for customized outdoor seating configurations with a clean, modern aesthetic. Featuring modular aluminum frames and plush cushions, these outdoor sectional pieces offer flexibility, comfort, and long-lasting performance for larger outdoor living spaces. O.W. Lee is renowned for its exceptional quality, supported by an industry-leading warranty. Our frames are covered by a 20-year structural warranty, and the finish is guaranteed against fading, blistering, and peeling for 5 years. Cushions and fabrics are also backed by a 5-year warranty. With a selection of 10 elegant frame finishes and over 100 fabric options, including 16 sling fabrics, customers can easily customize each piece to seamlessly complement their individual style.",Deep Seating,cat-deep-seating,Aluminum,aluminum,,,,,,,fixed,44.00,,"{""collection"":""Studio"",""weight_lbs"":""44"",""spec_sheet_pdf"":""https://www.owlee.com/wp-content/uploads/2022/08/77186-C.pdf""}","[""o-w-lee"",""studio"",""made-in-usa""]",false,true,true,true,false,,262,0,true,2026-06-17 00:26:09.661255+00,2026-06-17 00:27:47.935+00,[],[],[],[],[],"[{""url"":""https://641bdd57-e650-4f10-a19f-628c07eb50b7-00-1e7i1aja8wnz9.worf.replit.dev/api/storage/objects/products/owlee-v2/77186-C_Studio_Center_Sectional.jpg"",""alt_text"":null,""is_primary"":true,""display_order"":0,""image_kind"":""gallery"",""variant_id"":null}]",[]
O.W. Lee,o-w-lee,5210,77186-CC,Studio Lounge Chair,owlee-studio-lounge-chair-77186-cc,"The O.W. Lee Studio Lounge Chair combines minimalist design with inviting comfort. Its clean-lined aluminum frame and plush cushions create a sophisticated outdoor lounge chair that fits effortlessly into modern patios and outdoor living areas. O.W. Lee is renowned for its exceptional quality, supported by an industry-leading warranty. Our frames are covered by a 20-year structural warranty, and the finish is guaranteed against fading, blistering, and peeling for 5 years. Cushions and fabrics are also backed by a 5-year warranty. With a selection of 10 elegant frame finishes and over 100 fabric options, including 16 sling fabrics, customers can easily customize each piece to seamlessly complement their individual style.","The O.W. Lee Studio Lounge Chair combines minimalist design with inviting comfort. Its clean-lined aluminum frame and plush cushions create a sophisticated outdoor lounge chair that fits effortlessly into modern patios and outdoor living areas. O.W. Lee is renowned for its exceptional quality, supported by an industry-leading warranty. Our frames are covered by a 20-year structural warranty, and the finish is guaranteed against fading, blistering, and peeling for 5 years. Cushions and fabrics are also backed by a 5-year warranty. With a selection of 10 elegant frame finishes and over 100 fabric options, including 16 sling fabrics, customers can easily customize each piece to seamlessly complement their individual style.",Deep Seating,cat-deep-seating,Aluminum,aluminum,,,,,,,fixed,51.00,,"{""collection"":""Studio"",""weight_lbs"":""51"",""spec_sheet_pdf"":""https://www.owlee.com/wp-content/uploads/2022/08/77186-SR.pdf""}","[""o-w-lee"",""studio"",""made-in-usa""]",false,true,true,true,false,,256,0,true,2026-06-17 00:26:09.633855+00,2026-06-17 00:27:47.89+00,[],[],[],[],[],"[{""url"":""https://641bdd57-e650-4f10-a19f-628c07eb50b7-00-1e7i1aja8wnz9.worf.replit.dev/api/storage/objects/products/owlee-v2/77186-CC_Studio_Lounge_Chair.jpg"",""alt_text"":null,""is_primary"":true,""display_order"":0,""image_kind"":""gallery"",""variant_id"":null}]",[]
O.W. Lee,o-w-lee,5215,77186-CR,Studio Corner Sectional,owlee-studio-corner-sectional-77186-cr,"The O.W. Lee Studio Sectional Collection allows for customized outdoor seating configurations with a clean, modern aesthetic. Featuring modular aluminum frames and plush cushions, these outdoor sectional pieces offer flexibility, comfort, and long-lasting performance for larger outdoor living spaces. O.W. Lee is renowned for its exceptional quality, supported by an industry-leading warranty. Our frames are covered by a 20-year structural warranty, and the finish is guaranteed against fading, blistering, and peeling for 5 years. Cushions and fabrics are also backed by a 5-year warranty. With a selection of 10 elegant frame finishes and over 100 fabric options, including 16 sling fabrics, customers can easily customize each piece to seamlessly complement their individual style.","The O.W. Lee Studio Sectional Collection allows for customized outdoor seating configurations with a clean, modern aesthetic. Featuring modular aluminum frames and plush cushions, these outdoor sectional pieces offer flexibility, comfort, and long-lasting performance for larger outdoor living spaces. O.W. Lee is renowned for its exceptional quality, supported by an industry-leading warranty. Our frames are covered by a 20-year structural warranty, and the finish is guaranteed against fading, blistering, and peeling for 5 years. Cushions and fabrics are also backed by a 5-year warranty. With a selection of 10 elegant frame finishes and over 100 fabric options, including 16 sling fabrics, customers can easily customize each piece to seamlessly complement their individual style.",Deep Seating,cat-deep-seating,Aluminum,aluminum,,,,,,,fixed,60.00,,"{""collection"":""Studio"",""weight_lbs"":""60"",""spec_sheet_pdf"":""https://www.owlee.com/wp-content/uploads/2022/08/77186-CR.pdf""}","[""o-w-lee"",""studio"",""made-in-usa""]",false,true,true,true,false,,261,0,true,2026-06-17 00:26:09.657611+00,2026-06-17 00:27:47.927+00,[],[],[],[],[],"[{""url"":""https://641bdd57-e650-4f10-a19f-628c07eb50b7-00-1e7i1aja8wnz9.worf.replit.dev/api/storage/objects/products/owlee-v2/77186-CR_Studio_Corner_Sectional.jpg"",""alt_text"":null,""is_primary"":true,""display_order"":0,""image_kind"":""gallery"",""variant_id"":null}]",[]
O.W. Lee,o-w-lee,5211,77186-SR,Studio Swivel Rocker Lounge Chair,owlee-studio-swivel-rocker-lounge-chair-77186-sr,"The O.W. Lee Studio Lounge Chair combines minimalist design with inviting comfort. Its clean-lined aluminum frame and plush cushions create a sophisticated outdoor lounge chair that fits effortlessly into modern patios and outdoor living areas. O.W. Lee is renowned for its exceptional quality, supported by an industry-leading warranty. Our frames are covered by a 20-year structural warranty, and the finish is guaranteed against fading, blistering, and peeling for 5 years. Cushions and fabrics are also backed by a 5-year warranty. With a selection of 10 elegant frame finishes and over 100 fabric options, including 16 sling fabrics, customers can easily customize each piece to seamlessly complement their individual style.","The O.W. Lee Studio Lounge Chair combines minimalist design with inviting comfort. Its clean-lined aluminum frame and plush cushions create a sophisticated outdoor lounge chair that fits effortlessly into modern patios and outdoor living areas. O.W. Lee is renowned for its exceptional quality, supported by an industry-leading warranty. Our frames are covered by a 20-year structural warranty, and the finish is guaranteed against fading, blistering, and peeling for 5 years. Cushions and fabrics are also backed by a 5-year warranty. With a selection of 10 elegant frame finishes and over 100 fabric options, including 16 sling fabrics, customers can easily customize each piece to seamlessly complement their individual style.",Deep Seating,cat-deep-seating,Aluminum,aluminum,,,,,,,fixed,53.00,,"{""collection"":""Studio"",""weight_lbs"":""53"",""spec_sheet_pdf"":""https://www.owlee.com/wp-content/uploads/2022/08/77186-SR.pdf""}","[""o-w-lee"",""studio"",""made-in-usa""]",false,true,true,true,false,,257,0,true,2026-06-17 00:26:09.63936+00,2026-06-17 00:27:47.896+00,[],[],[],[],[],"[{""url"":""https://641bdd57-e650-4f10-a19f-628c07eb50b7-00-1e7i1aja8wnz9.worf.replit.dev/api/storage/objects/products/owlee-v2/77186-SR_Studio_Swivel_Rocker_Lounge_Chair.jpg"",""alt_text"":null,""is_primary"":true,""display_order"":0,""image_kind"":""gallery"",""variant_id"":null}]",[]
O.W. Lee,o-w-lee,5218,77187-B,Studio Bench,owlee-studio-bench-77187-b,"The O.W. Lee Studio Bench offers flexible seating with a modern, understated profile. Its durable aluminum construction and clean design make this outdoor bench a functional accent for dining tables, entry spaces, or casual gathering areas. O.W. Lee is renowned for its exceptional quality, supported by an industry-leading warranty. Our frames are covered by a 20-year structural warranty, and the finish is guaranteed against fading, blistering, and peeling for 5 years. Cushions and fabrics are also backed by a 5-year warranty. With a selection of 10 elegant frame finishes and over 100 fabric options, including 16 sling fabrics, customers can easily customize each piece to seamlessly complement their individual style.","The O.W. Lee Studio Bench offers flexible seating with a modern, understated profile. Its durable aluminum construction and clean design make this outdoor bench a functional accent for dining tables, entry spaces, or casual gathering areas. O.W. Lee is renowned for its exceptional quality, supported by an industry-leading warranty. Our frames are covered by a 20-year structural warranty, and the finish is guaranteed against fading, blistering, and peeling for 5 years. Cushions and fabrics are also backed by a 5-year warranty. With a selection of 10 elegant frame finishes and over 100 fabric options, including 16 sling fabrics, customers can easily customize each piece to seamlessly complement their individual style.",Deep Seating,cat-deep-seating,Aluminum,aluminum,,,,,,,fixed,37.00,,"{""collection"":""Studio"",""weight_lbs"":""37"",""spec_sheet_pdf"":""https://www.owlee.com/wp-content/uploads/2022/08/77187-B.pdf""}","[""o-w-lee"",""studio"",""made-in-usa""]",false,true,true,true,false,,264,0,true,2026-06-17 00:26:09.669634+00,2026-06-17 00:27:47.96+00,[],[],[],[],[],"[{""url"":""https://641bdd57-e650-4f10-a19f-628c07eb50b7-00-1e7i1aja8wnz9.worf.replit.dev/api/storage/objects/products/owlee-v2/77187-B_Studio_Bench.jpg"",""alt_text"":null,""is_primary"":true,""display_order"":0,""image_kind"":""gallery"",""variant_id"":null}]",[]
O.W. Lee,o-w-lee,5221,77192-A,Studio Sling Dining Arm Chair,owlee-studio-sling-dining-arm-chair-77192-a,"The O.W. Lee Studio Sling Dining Chair features a modern, minimalist design with clean lines and a lightweight aluminum frame. Durable sling seating provides comfortable support and easy maintenance, making this outdoor sling dining chair ideal for contemporary patios and dining spaces. O.W. Lee is renowned for its exceptional quality, supported by an industry-leading warranty. Our frames are covered by a 20-year structural warranty, and the finish is guaranteed against fading, blistering, and peeling for 5 years. Cushions and fabrics are also backed by a 5-year warranty. With a selection of 10 elegant frame finishes and over 100 fabric options, including 16 sling fabrics, customers can easily customize each piece to seamlessly complement their individual style.","The O.W. Lee Studio Sling Dining Chair features a modern, minimalist design with clean lines and a lightweight aluminum frame. Durable sling seating provides comfortable support and easy maintenance, making this outdoor sling dining chair ideal for contemporary patios and dining spaces. O.W. Lee is renowned for its exceptional quality, supported by an industry-leading warranty. Our frames are covered by a 20-year structural warranty, and the finish is guaranteed against fading, blistering, and peeling for 5 years. Cushions and fabrics are also backed by a 5-year warranty. With a selection of 10 elegant frame finishes and over 100 fabric options, including 16 sling fabrics, customers can easily customize each piece to seamlessly complement their individual style.",Dining,cat-dining,Aluminum,aluminum,,,,,,,fixed,28.00,,"{""collection"":""Studio"",""weight_lbs"":""28"",""spec_sheet_pdf"":""https://www.owlee.com/wp-content/uploads/2021/11/77192-A.pdf""}","[""o-w-lee"",""studio"",""made-in-usa""]",false,true,true,true,false,,267,0,true,2026-06-17 00:26:09.683196+00,2026-06-17 00:27:47.986+00,[],[],[],[],[],"[{""url"":""https://641bdd57-e650-4f10-a19f-628c07eb50b7-00-1e7i1aja8wnz9.worf.replit.dev/api/storage/objects/products/owlee-v2/77192-A_Studio_Sling_Dining_Arm_Chair.jpg"",""alt_text"":null,""is_primary"":true,""display_order"":0,""image_kind"":""gallery"",""variant_id"":null}]",[]
O.W. Lee,o-w-lee,5227,77192-BS,Studio Sling Bar Stool,owlee-studio-sling-bar-stool-77192-bs,"The O.W. Lee Studio Bar Stool is designed for modern outdoor entertaining. Featuring a sleek aluminum frame and supportive sling or padded sling seating, this outdoor bar-height stool offers durability, comfort, and contemporary style for bars and gathering spaces. O.W. Lee is renowned for its exceptional quality, supported by an industry-leading warranty. Our frames are covered by a 20-year structural warranty, and the finish is guaranteed against fading, blistering, and peeling for 5 years. Cushions and fabrics are also backed by a 5-year warranty. With a selection of 10 elegant frame finishes and over 100 fabric options, including 16 sling fabrics, customers can easily customize each piece to seamlessly complement their individual style.","The O.W. Lee Studio Bar Stool is designed for modern outdoor entertaining. Featuring a sleek aluminum frame and supportive sling or padded sling seating, this outdoor bar-height stool offers durability, comfort, and contemporary style for bars and gathering spaces. O.W. Lee is renowned for its exceptional quality, supported by an industry-leading warranty. Our frames are covered by a 20-year structural warranty, and the finish is guaranteed against fading, blistering, and peeling for 5 years. Cushions and fabrics are also backed by a 5-year warranty. With a selection of 10 elegant frame finishes and over 100 fabric options, including 16 sling fabrics, customers can easily customize each piece to seamlessly complement their individual style.",Dining,cat-dining,Aluminum,aluminum,,,,,,,fixed,35.00,,"{""collection"":""Studio"",""weight_lbs"":""35"",""spec_sheet_pdf"":""https://www.owlee.com/wp-content/uploads/2025/03/Studio_Retail_SpecSheet_2025_Sling-Bar-Stool-77192-BS.pdf""}","[""o-w-lee"",""studio"",""made-in-usa""]",false,true,true,true,false,,273,0,true,2026-06-17 00:26:09.716617+00,2026-06-17 00:27:48.026+00,[],[],[],[],[],"[{""url"":""https://641bdd57-e650-4f10-a19f-628c07eb50b7-00-1e7i1aja8wnz9.worf.replit.dev/api/storage/objects/products/owlee-v2/77192-BS_Studio_Sling_Bar_Stool.jpg"",""alt_text"":null,""is_primary"":true,""display_order"":0,""image_kind"":""gallery"",""variant_id"":null}]",[]
O.W. Lee,o-w-lee,5225,77192-CS,Studio Sling Counter Stool,owlee-studio-sling-counter-stool-77192-cs,"The O.W. Lee Studio Counter Stool brings modern functionality to elevated outdoor dining areas. Crafted from weather-resistant aluminum and available in sling or padded sling options, this outdoor counter-height stool delivers comfortable support with a clean, minimalist aesthetic. O.W. Lee is renowned for its exceptional quality, supported by an industry-leading warranty. Our frames are covered by a 20-year structural warranty, and the finish is guaranteed against fading, blistering, and peeling for 5 years. Cushions and fabrics are also backed by a 5-year warranty. With a selection of 10 elegant frame finishes and over 100 fabric options, including 16 sling fabrics, customers can easily customize each piece to seamlessly complement their individual style.","The O.W. Lee Studio Counter Stool brings modern functionality to elevated outdoor dining areas. Crafted from weather-resistant aluminum and available in sling or padded sling options, this outdoor counter-height stool delivers comfortable support with a clean, minimalist aesthetic. O.W. Lee is renowned for its exceptional quality, supported by an industry-leading warranty. Our frames are covered by a 20-year structural warranty, and the finish is guaranteed against fading, blistering, and peeling for 5 years. Cushions and fabrics are also backed by a 5-year warranty. With a selection of 10 elegant frame finishes and over 100 fabric options, including 16 sling fabrics, customers can easily customize each piece to seamlessly complement their individual style.",Dining,cat-dining,Aluminum,aluminum,,,,,,,fixed,33.00,,"{""collection"":""Studio"",""weight_lbs"":""33"",""spec_sheet_pdf"":""https://www.owlee.com/wp-content/uploads/2021/11/77192-CS.pdf""}","[""o-w-lee"",""studio"",""made-in-usa""]",false,true,true,true,false,,271,0,true,2026-06-17 00:26:09.707154+00,2026-06-17 00:27:48.014+00,[],[],[],[],[],"[{""url"":""https://641bdd57-e650-4f10-a19f-628c07eb50b7-00-1e7i1aja8wnz9.worf.replit.dev/api/storage/objects/products/owlee-v2/77192-CS_Studio_Sling_Counter_Stool.jpg"",""alt_text"":null,""is_primary"":true,""display_order"":0,""image_kind"":""gallery"",""variant_id"":null}]",[]
O.W. Lee,o-w-lee,5223,77192-SR,Studio Sling Swivel Rocker Dining Arm Chair,owlee-studio-sling-swivel-rocker-dining-arm-chair-77192-sr,"The O.W. Lee Studio Sling Dining Chair features a modern, minimalist design with clean lines and a lightweight aluminum frame. Durable sling seating provides comfortable support and easy maintenance, making this outdoor sling dining chair ideal for contemporary patios and dining spaces. O.W. Lee is renowned for its exceptional quality, supported by an industry-leading warranty. Our frames are covered by a 20-year structural warranty, and the finish is guaranteed against fading, blistering, and peeling for 5 years. Cushions and fabrics are also backed by a 5-year warranty. With a selection of 10 elegant frame finishes and over 100 fabric options, including 16 sling fabrics, customers can easily customize each piece to seamlessly complement their individual style.","The O.W. Lee Studio Sling Dining Chair features a modern, minimalist design with clean lines and a lightweight aluminum frame. Durable sling seating provides comfortable support and easy maintenance, making this outdoor sling dining chair ideal for contemporary patios and dining spaces. O.W. Lee is renowned for its exceptional quality, supported by an industry-leading warranty. Our frames are covered by a 20-year structural warranty, and the finish is guaranteed against fading, blistering, and peeling for 5 years. Cushions and fabrics are also backed by a 5-year warranty. With a selection of 10 elegant frame finishes and over 100 fabric options, including 16 sling fabrics, customers can easily customize each piece to seamlessly complement their individual style.",Dining,cat-dining,Aluminum,aluminum,,,,,,,fixed,36.00,,"{""collection"":""Studio"",""weight_lbs"":""36"",""spec_sheet_pdf"":""https://www.owlee.com/wp-content/uploads/2021/11/77192-SR.pdf""}","[""o-w-lee"",""studio"",""made-in-usa""]",false,true,true,true,false,,269,0,true,2026-06-17 00:26:09.693859+00,2026-06-17 00:27:48.005+00,[],[],[],[],[],"[{""url"":""https://641bdd57-e650-4f10-a19f-628c07eb50b7-00-1e7i1aja8wnz9.worf.replit.dev/api/storage/objects/products/owlee-v2/77192-SR_Studio_Sling_Swivel_Rocker_Dining_Arm_Chair.jpg"",""alt_text"":null,""is_primary"":true,""display_order"":0,""image_kind"":""gallery"",""variant_id"":null}]",[]
O.W. Lee,o-w-lee,5222,77192P-A,Studio Padded Sling Dining Arm Chair,owlee-studio-padded-sling-dining-arm-chair-77192p-a,"The O.W. Lee Studio Padded Sling Dining Chair adds enhanced comfort to sleek, modern outdoor dining. Combining a streamlined aluminum frame with cushioned sling seating, this outdoor padded sling dining chair offers lasting durability with a refined, contemporary look. O.W. Lee is renowned for its exceptional quality, supported by an industry-leading warranty. Our frames are covered by a 20-year structural warranty, and the finish is guaranteed against fading, blistering, and peeling for 5 years. Cushions and fabrics are also backed by a 5-year warranty. With a selection of 10 elegant frame finishes and over 100 fabric options, including 16 sling fabrics, customers can easily customize each piece to seamlessly complement their individual style.","The O.W. Lee Studio Padded Sling Dining Chair adds enhanced comfort to sleek, modern outdoor dining. Combining a streamlined aluminum frame with cushioned sling seating, this outdoor padded sling dining chair offers lasting durability with a refined, contemporary look. O.W. Lee is renowned for its exceptional quality, supported by an industry-leading warranty. Our frames are covered by a 20-year structural warranty, and the finish is guaranteed against fading, blistering, and peeling for 5 years. Cushions and fabrics are also backed by a 5-year warranty. With a selection of 10 elegant frame finishes and over 100 fabric options, including 16 sling fabrics, customers can easily customize each piece to seamlessly complement their individual style.",Dining,cat-dining,Aluminum,aluminum,,,,,,,fixed,28.00,,"{""collection"":""Studio"",""weight_lbs"":""28"",""spec_sheet_pdf"":""https://www.owlee.com/wp-content/uploads/2022/08/77192P-A.pdf""}","[""o-w-lee"",""studio"",""made-in-usa""]",false,true,true,true,false,,268,0,true,2026-06-17 00:26:09.687225+00,2026-06-17 00:27:47.991+00,[],[],[],[],[],"[{""url"":""https://641bdd57-e650-4f10-a19f-628c07eb50b7-00-1e7i1aja8wnz9.worf.replit.dev/api/storage/objects/products/owlee-v2/77192P-A_Studio_Padded_Sling_Dining_Arm_Chair.jpg"",""alt_text"":null,""is_primary"":true,""display_order"":0,""image_kind"":""gallery"",""variant_id"":null}]",[]
O.W. Lee,o-w-lee,5228,77192P-BS,Studio Padded Sling Bar Stool,owlee-studio-padded-sling-bar-stool-77192p-bs,"The O.W. Lee Studio Bar Stool is designed for modern outdoor entertaining. Featuring a sleek aluminum frame and supportive sling or padded sling seating, this outdoor bar-height stool offers durability, comfort, and contemporary style for bars and gathering spaces. O.W. Lee is renowned for its exceptional quality, supported by an industry-leading warranty. Our frames are covered by a 20-year structural warranty, and the finish is guaranteed against fading, blistering, and peeling for 5 years. Cushions and fabrics are also backed by a 5-year warranty. With a selection of 10 elegant frame finishes and over 100 fabric options, including 16 sling fabrics, customers can easily customize each piece to seamlessly complement their individual style.","The O.W. Lee Studio Bar Stool is designed for modern outdoor entertaining. Featuring a sleek aluminum frame and supportive sling or padded sling seating, this outdoor bar-height stool offers durability, comfort, and contemporary style for bars and gathering spaces. O.W. Lee is renowned for its exceptional quality, supported by an industry-leading warranty. Our frames are covered by a 20-year structural warranty, and the finish is guaranteed against fading, blistering, and peeling for 5 years. Cushions and fabrics are also backed by a 5-year warranty. With a selection of 10 elegant frame finishes and over 100 fabric options, including 16 sling fabrics, customers can easily customize each piece to seamlessly complement their individual style.",Dining,cat-dining,Aluminum,aluminum,,,,,,,fixed,35.00,,"{""collection"":""Studio"",""weight_lbs"":""35"",""spec_sheet_pdf"":""https://www.owlee.com/wp-content/uploads/2022/08/77192P-BS.pdf""}","[""o-w-lee"",""studio"",""made-in-usa""]",false,true,true,true,false,,274,0,true,2026-06-17 00:26:09.720662+00,2026-06-17 00:27:48.03+00,[],[],[],[],[],"[{""url"":""https://641bdd57-e650-4f10-a19f-628c07eb50b7-00-1e7i1aja8wnz9.worf.replit.dev/api/storage/objects/products/owlee-v2/77192P-BS_Studio_Padded_Sling_Bar_Stool.jpg"",""alt_text"":null,""is_primary"":true,""display_order"":0,""image_kind"":""gallery"",""variant_id"":null}]",[]
O.W. Lee,o-w-lee,5226,77192P-CS,Studio Padded Sling Counter Stool,owlee-studio-padded-sling-counter-stool-77192p-cs,"The O.W. Lee Studio Counter Stool brings modern functionality to elevated outdoor dining areas. Crafted from weather-resistant aluminum and available in sling or padded sling options, this outdoor counter-height stool delivers comfortable support with a clean, minimalist aesthetic. O.W. Lee is renowned for its exceptional quality, supported by an industry-leading warranty. Our frames are covered by a 20-year structural warranty, and the finish is guaranteed against fading, blistering, and peeling for 5 years. Cushions and fabrics are also backed by a 5-year warranty. With a selection of 10 elegant frame finishes and over 100 fabric options, including 16 sling fabrics, customers can easily customize each piece to seamlessly complement their individual style.","The O.W. Lee Studio Counter Stool brings modern functionality to elevated outdoor dining areas. Crafted from weather-resistant aluminum and available in sling or padded sling options, this outdoor counter-height stool delivers comfortable support with a clean, minimalist aesthetic. O.W. Lee is renowned for its exceptional quality, supported by an industry-leading warranty. Our frames are covered by a 20-year structural warranty, and the finish is guaranteed against fading, blistering, and peeling for 5 years. Cushions and fabrics are also backed by a 5-year warranty. With a selection of 10 elegant frame finishes and over 100 fabric options, including 16 sling fabrics, customers can easily customize each piece to seamlessly complement their individual style.",Dining,cat-dining,Aluminum,aluminum,,,,,,,fixed,33.00,,"{""collection"":""Studio"",""weight_lbs"":""33"",""spec_sheet_pdf"":""https://www.owlee.com/wp-content/uploads/2022/08/77192P-CS.pdf""}","[""o-w-lee"",""studio"",""made-in-usa""]",false,true,true,true,false,,272,0,true,2026-06-17 00:26:09.711358+00,2026-06-17 00:27:48.02+00,[],[],[],[],[],"[{""url"":""https://641bdd57-e650-4f10-a19f-628c07eb50b7-00-1e7i1aja8wnz9.worf.replit.dev/api/storage/objects/products/owlee-v2/77192P-CS_Studio_Padded_Sling_Counter_Stool.jpg"",""alt_text"":null,""is_primary"":true,""display_order"":0,""image_kind"":""gallery"",""variant_id"":null}]",[]
O.W. Lee,o-w-lee,5224,77192P-SR,Studio Padded Sling Swivel Rocker Arm Chair,owlee-studio-padded-sling-swivel-rocker-arm-chair-77192p-sr,"The O.W. Lee Studio Padded Sling Dining Chair adds enhanced comfort to sleek, modern outdoor dining. Combining a streamlined aluminum frame with cushioned sling seating, this outdoor padded sling dining chair offers lasting durability with a refined, contemporary look. O.W. Lee is renowned for its exceptional quality, supported by an industry-leading warranty. Our frames are covered by a 20-year structural warranty, and the finish is guaranteed against fading, blistering, and peeling for 5 years. Cushions and fabrics are also backed by a 5-year warranty. With a selection of 10 elegant frame finishes and over 100 fabric options, including 16 sling fabrics, customers can easily customize each piece to seamlessly complement their individual style.","The O.W. Lee Studio Padded Sling Dining Chair adds enhanced comfort to sleek, modern outdoor dining. Combining a streamlined aluminum frame with cushioned sling seating, this outdoor padded sling dining chair offers lasting durability with a refined, contemporary look. O.W. Lee is renowned for its exceptional quality, supported by an industry-leading warranty. Our frames are covered by a 20-year structural warranty, and the finish is guaranteed against fading, blistering, and peeling for 5 years. Cushions and fabrics are also backed by a 5-year warranty. With a selection of 10 elegant frame finishes and over 100 fabric options, including 16 sling fabrics, customers can easily customize each piece to seamlessly complement their individual style.",Deep Seating,cat-deep-seating,Aluminum,aluminum,,,,,,,fixed,36.00,,"{""collection"":""Studio"",""weight_lbs"":""36"",""spec_sheet_pdf"":""https://www.owlee.com/wp-content/uploads/2022/08/77192P-SR.pdf""}","[""o-w-lee"",""studio"",""made-in-usa""]",false,true,true,true,false,,270,0,true,2026-06-17 00:26:09.702524+00,2026-06-17 00:27:48.01+00,[],[],[],[],[],"[{""url"":""https://641bdd57-e650-4f10-a19f-628c07eb50b7-00-1e7i1aja8wnz9.worf.replit.dev/api/storage/objects/products/owlee-v2/77192P-SR_Studio_Padded_Sling_Swivel_Rocker_Arm_Chair.jpg"",""alt_text"":null,""is_primary"":true,""display_order"":0,""image_kind"":""gallery"",""variant_id"":null}]",[]
O.W. Lee,o-w-lee,5220,77198-CH,Studio Sling Chaise Lounge,owlee-studio-sling-chaise-lounge-77198-ch,"The O.W. Lee Studio Sling Chaise Lounge is designed for relaxed outdoor lounging with a contemporary edge. Featuring a sleek aluminum frame and supportive sling fabric, this outdoor sling chaise lounge provides comfort, durability, and effortless modern style. O.W. Lee is renowned for its exceptional quality, supported by an industry-leading warranty. Our frames are covered by a 20-year structural warranty, and the finish is guaranteed against fading, blistering, and peeling for 5 years. Cushions and fabrics are also backed by a 5-year warranty. With a selection of 10 elegant frame finishes and over 100 fabric options, including 16 sling fabrics, customers can easily customize each piece to seamlessly complement their individual style.","The O.W. Lee Studio Sling Chaise Lounge is designed for relaxed outdoor lounging with a contemporary edge. Featuring a sleek aluminum frame and supportive sling fabric, this outdoor sling chaise lounge provides comfort, durability, and effortless modern style. O.W. Lee is renowned for its exceptional quality, supported by an industry-leading warranty. Our frames are covered by a 20-year structural warranty, and the finish is guaranteed against fading, blistering, and peeling for 5 years. Cushions and fabrics are also backed by a 5-year warranty. With a selection of 10 elegant frame finishes and over 100 fabric options, including 16 sling fabrics, customers can easily customize each piece to seamlessly complement their individual style.",Chaise Lounges,cat-chaise-lounges,Aluminum,aluminum,,,,,,,fixed,68.00,,"{""collection"":""Studio"",""weight_lbs"":""68"",""spec_sheet_pdf"":""https://www.owlee.com/wp-content/uploads/2022/08/77198-CH.pdf""}","[""o-w-lee"",""studio"",""made-in-usa""]",false,true,true,true,false,,266,0,true,2026-06-17 00:26:09.679145+00,2026-06-17 00:27:47.973+00,[],[],[],[],[],"[{""url"":""https://641bdd57-e650-4f10-a19f-628c07eb50b7-00-1e7i1aja8wnz9.worf.replit.dev/api/storage/objects/products/owlee-v2/77198-CH_Studio_Sling_Chaise_Lounge.jpg"",""alt_text"":null,""is_primary"":true,""display_order"":0,""image_kind"":""gallery"",""variant_id"":null}]",[]
O.W. Lee,o-w-lee,5154,86156-2S,Pasadera Love Seat,owlee-pasadera-love-seat-86156-2s,"The O.W. Lee Pasadera Love Seat offers intimate seating with classic design influence and old-world character. Its decorative steel frame, warm aesthetic, and comfortable cushions make this outdoor steel love seat a welcoming addition to patios, courtyards, and covered outdoor living areas. O.W. Lee is renowned for its exceptional quality, supported by an industry-leading warranty. Our frames are covered by a 20-year structural warranty, and the finish is guaranteed against fading, blistering, and peeling for 5 years. Cushions and fabrics are also backed by a 5-year warranty. With a selection of 10 elegant frame finishes and over 100 fabric options, including 16 sling fabrics, customers can easily customize each piece to seamlessly complement their individual style.","The O.W. Lee Pasadera Love Seat offers intimate seating with classic design influence and old-world character. Its decorative steel frame, warm aesthetic, and comfortable cushions make this outdoor steel love seat a welcoming addition to patios, courtyards, and covered outdoor living areas. O.W. Lee is renowned for its exceptional quality, supported by an industry-leading warranty. Our frames are covered by a 20-year structural warranty, and the finish is guaranteed against fading, blistering, and peeling for 5 years. Cushions and fabrics are also backed by a 5-year warranty. With a selection of 10 elegant frame finishes and over 100 fabric options, including 16 sling fabrics, customers can easily customize each piece to seamlessly complement their individual style.",Deep Seating,cat-deep-seating,Wrought Iron,wrought-iron,,,,,,,fixed,107.00,,"{""collection"":""Pasadera"",""weight_lbs"":""107"",""spec_sheet_pdf"":""https://www.owlee.com/wp-content/uploads/2021/11/Pasadera_Retail_SpecSheet_2026_86156-2S-Love-Seat.pdf""}","[""o-w-lee"",""pasadera"",""made-in-usa""]",false,true,true,true,false,,200,0,true,2026-06-17 00:26:09.118003+00,2026-06-17 00:27:47.343+00,[],[],[],[],[],"[{""url"":""https://641bdd57-e650-4f10-a19f-628c07eb50b7-00-1e7i1aja8wnz9.worf.replit.dev/api/storage/objects/products/owlee-v2/86156-2S_Pasadera_Love_Seat.jpg"",""alt_text"":null,""is_primary"":true,""display_order"":0,""image_kind"":""gallery"",""variant_id"":null}]",[]
O.W. Lee,o-w-lee,5155,86156-3S,Pasadera Sofa,owlee-pasadera-sofa-86156-3s,"The O.W. Lee Pasadera Sofa creates a sophisticated focal point by combining traditional craftsmanship with modern outdoor durability. Designed with an ornate steel frame and deep cushions, this luxury outdoor steel sofa brings comfort, strength, and timeless appeal to larger outdoor settings. O.W. Lee is renowned for its exceptional quality, supported by an industry-leading warranty. Our frames are covered by a 20-year structural warranty, and the finish is guaranteed against fading, blistering, and peeling for 5 years. Cushions and fabrics are also backed by a 5-year warranty. With a selection of 10 elegant frame finishes and over 100 fabric options, including 16 sling fabrics, customers can easily customize each piece to seamlessly complement their individual style.","The O.W. Lee Pasadera Sofa creates a sophisticated focal point by combining traditional craftsmanship with modern outdoor durability. Designed with an ornate steel frame and deep cushions, this luxury outdoor steel sofa brings comfort, strength, and timeless appeal to larger outdoor settings. O.W. Lee is renowned for its exceptional quality, supported by an industry-leading warranty. Our frames are covered by a 20-year structural warranty, and the finish is guaranteed against fading, blistering, and peeling for 5 years. Cushions and fabrics are also backed by a 5-year warranty. With a selection of 10 elegant frame finishes and over 100 fabric options, including 16 sling fabrics, customers can easily customize each piece to seamlessly complement their individual style.",Deep Seating,cat-deep-seating,Wrought Iron,wrought-iron,,,,,,,fixed,150.00,,"{""collection"":""Pasadera"",""weight_lbs"":""150"",""spec_sheet_pdf"":""https://www.owlee.com/wp-content/uploads/2021/11/Pasadera_Retail_SpecSheet_2026_86156-3S-Sofa.pdf""}","[""o-w-lee"",""pasadera"",""made-in-usa""]",false,true,true,true,false,,201,0,true,2026-06-17 00:26:09.124718+00,2026-06-17 00:27:47.349+00,[],[],[],[],[],"[{""url"":""https://641bdd57-e650-4f10-a19f-628c07eb50b7-00-1e7i1aja8wnz9.worf.replit.dev/api/storage/objects/products/owlee-v2/86156-3S_Pasadera_Sofa.jpg"",""alt_text"":null,""is_primary"":true,""display_order"":0,""image_kind"":""gallery"",""variant_id"":null}]",[]
O.W. Lee,o-w-lee,5151,86156-CC,Pasadera Lounge Chair,owlee-pasadera-lounge-chair-86156-cc,"The O.W. Lee Pasadera Lounge Chair blends rustic charm with refined elegance, inspired by traditional Spanish architecture. Featuring ornate detailing, a durable steel frame, and plush cushions, this outdoor steel lounge chair delivers timeless style and lasting comfort for inviting outdoor spaces. O.W. Lee is renowned for its exceptional quality, supported by an industry-leading warranty. Our frames are covered by a 20-year structural warranty, and the finish is guaranteed against fading, blistering, and peeling for 5 years. Cushions and fabrics are also backed by a 5-year warranty. With a selection of 10 elegant frame finishes and over 100 fabric options, including 16 sling fabrics, customers can easily customize each piece to seamlessly complement their individual style.","The O.W. Lee Pasadera Lounge Chair blends rustic charm with refined elegance, inspired by traditional Spanish architecture. Featuring ornate detailing, a durable steel frame, and plush cushions, this outdoor steel lounge chair delivers timeless style and lasting comfort for inviting outdoor spaces. O.W. Lee is renowned for its exceptional quality, supported by an industry-leading warranty. Our frames are covered by a 20-year structural warranty, and the finish is guaranteed against fading, blistering, and peeling for 5 years. Cushions and fabrics are also backed by a 5-year warranty. With a selection of 10 elegant frame finishes and over 100 fabric options, including 16 sling fabrics, customers can easily customize each piece to seamlessly complement their individual style.",Deep Seating,cat-deep-seating,Wrought Iron,wrought-iron,,,,,,,fixed,68.00,,"{""collection"":""Pasadera"",""weight_lbs"":""68"",""spec_sheet_pdf"":""https://www.owlee.com/wp-content/uploads/2021/11/Pasadera_Retail_SpecSheet_2026_86156-CC-Lounge-Chair.pdf""}","[""o-w-lee"",""pasadera"",""made-in-usa""]",false,true,true,true,false,,197,0,true,2026-06-17 00:26:09.092545+00,2026-06-17 00:27:47.326+00,[],[],[],[],[],"[{""url"":""https://641bdd57-e650-4f10-a19f-628c07eb50b7-00-1e7i1aja8wnz9.worf.replit.dev/api/storage/objects/products/owlee-v2/86156-CC_Pasadera_Lounge_Chair.jpg"",""alt_text"":null,""is_primary"":true,""display_order"":0,""image_kind"":""gallery"",""variant_id"":null}]",[]
O.W. Lee,o-w-lee,5152,86156-SB,Pasadera Spring Base Lounge Chair,owlee-pasadera-spring-base-lounge-chair-86156-sb,"The O.W. Lee Pasadera Lounge Chair blends rustic charm with refined elegance, inspired by traditional Spanish architecture. Featuring ornate detailing, a durable steel frame, and plush cushions, this outdoor steel lounge chair delivers timeless style and lasting comfort for inviting outdoor spaces. O.W. Lee is renowned for its exceptional quality, supported by an industry-leading warranty. Our frames are covered by a 20-year structural warranty, and the finish is guaranteed against fading, blistering, and peeling for 5 years. Cushions and fabrics are also backed by a 5-year warranty. With a selection of 10 elegant frame finishes and over 100 fabric options, including 16 sling fabrics, customers can easily customize each piece to seamlessly complement their individual style.","The O.W. Lee Pasadera Lounge Chair blends rustic charm with refined elegance, inspired by traditional Spanish architecture. Featuring ornate detailing, a durable steel frame, and plush cushions, this outdoor steel lounge chair delivers timeless style and lasting comfort for inviting outdoor spaces. O.W. Lee is renowned for its exceptional quality, supported by an industry-leading warranty. Our frames are covered by a 20-year structural warranty, and the finish is guaranteed against fading, blistering, and peeling for 5 years. Cushions and fabrics are also backed by a 5-year warranty. With a selection of 10 elegant frame finishes and over 100 fabric options, including 16 sling fabrics, customers can easily customize each piece to seamlessly complement their individual style.",Deep Seating,cat-deep-seating,Wrought Iron,wrought-iron,,,,,,,fixed,78.00,,"{""collection"":""Pasadera"",""weight_lbs"":""78"",""spec_sheet_pdf"":""https://www.owlee.com/wp-content/uploads/2021/11/Pasadera_Retail_SpecSheet_2026_86156-SB-Spring-Base-Lounge-Chair.pdf""}","[""o-w-lee"",""pasadera"",""made-in-usa""]",false,true,true,true,false,,198,0,true,2026-06-17 00:26:09.106675+00,2026-06-17 00:27:47.331+00,[],[],[],[],[],"[{""url"":""https://641bdd57-e650-4f10-a19f-628c07eb50b7-00-1e7i1aja8wnz9.worf.replit.dev/api/storage/objects/products/owlee-v2/86156-SB_Pasadera_Spring_Base_Lounge_Chair.jpg"",""alt_text"":null,""is_primary"":true,""display_order"":0,""image_kind"":""gallery"",""variant_id"":null}]",[]
O.W. Lee,o-w-lee,5153,86156-SR,Pasadera Swivel Rocker Lounge Chair,owlee-pasadera-swivel-rocker-lounge-chair-86156-sr,"The O.W. Lee Pasadera Lounge Chair blends rustic charm with refined elegance, inspired by traditional Spanish architecture. Featuring ornate detailing, a durable steel frame, and plush cushions, this outdoor steel lounge chair delivers timeless style and lasting comfort for inviting outdoor spaces. O.W. Lee is renowned for its exceptional quality, supported by an industry-leading warranty. Our frames are covered by a 20-year structural warranty, and the finish is guaranteed against fading, blistering, and peeling for 5 years. Cushions and fabrics are also backed by a 5-year warranty. With a selection of 10 elegant frame finishes and over 100 fabric options, including 16 sling fabrics, customers can easily customize each piece to seamlessly complement their individual style.","The O.W. Lee Pasadera Lounge Chair blends rustic charm with refined elegance, inspired by traditional Spanish architecture. Featuring ornate detailing, a durable steel frame, and plush cushions, this outdoor steel lounge chair delivers timeless style and lasting comfort for inviting outdoor spaces. O.W. Lee is renowned for its exceptional quality, supported by an industry-leading warranty. Our frames are covered by a 20-year structural warranty, and the finish is guaranteed against fading, blistering, and peeling for 5 years. Cushions and fabrics are also backed by a 5-year warranty. With a selection of 10 elegant frame finishes and over 100 fabric options, including 16 sling fabrics, customers can easily customize each piece to seamlessly complement their individual style.",Deep Seating,cat-deep-seating,Wrought Iron,wrought-iron,,,,,,,fixed,78.00,,"{""collection"":""Pasadera"",""weight_lbs"":""78"",""spec_sheet_pdf"":""https://www.owlee.com/wp-content/uploads/2021/11/Pasadera_Retail_SpecSheet_2026_86156-SR-Swivel-Rocker-Lounge-Chair.pdf""}","[""o-w-lee"",""pasadera"",""made-in-usa""]",false,true,true,true,false,,199,0,true,2026-06-17 00:26:09.11187+00,2026-06-17 00:27:47.336+00,[],[],[],[],[],"[{""url"":""https://641bdd57-e650-4f10-a19f-628c07eb50b7-00-1e7i1aja8wnz9.worf.replit.dev/api/storage/objects/products/owlee-v2/86156-SR_Pasadera_Swivel_Rocker_Lounge_Chair.jpg"",""alt_text"":null,""is_primary"":true,""display_order"":0,""image_kind"":""gallery"",""variant_id"":null}]",[]
O.W. Lee,o-w-lee,5157,86158-C,Pasadera Center Sectional,owlee-pasadera-center-sectional-86158-c,"The O.W. Lee Pasadera Sectional Collection allows for customized seating configurations that balance classic design with modern performance. With modular steel frames, ornamental detailing, and plush cushions, these outdoor steel sectional pieces offer flexibility, durability, and enduring style for expansive outdoor living spaces. O.W. Lee is renowned for its exceptional quality, supported by an industry-leading warranty. Our frames are covered by a 20-year structural warranty, and the finish is guaranteed against fading, blistering, and peeling for 5 years. Cushions and fabrics are also backed by a 5-year warranty. With a selection of 10 elegant frame finishes and over 100 fabric options, including 16 sling fabrics, customers can easily customize each piece to seamlessly complement their individual style.","The O.W. Lee Pasadera Sectional Collection allows for customized seating configurations that balance classic design with modern performance. With modular steel frames, ornamental detailing, and plush cushions, these outdoor steel sectional pieces offer flexibility, durability, and enduring style for expansive outdoor living spaces. O.W. Lee is renowned for its exceptional quality, supported by an industry-leading warranty. Our frames are covered by a 20-year structural warranty, and the finish is guaranteed against fading, blistering, and peeling for 5 years. Cushions and fabrics are also backed by a 5-year warranty. With a selection of 10 elegant frame finishes and over 100 fabric options, including 16 sling fabrics, customers can easily customize each piece to seamlessly complement their individual style.",Deep Seating,cat-deep-seating,Wrought Iron,wrought-iron,,,,,,,fixed,116.00,,"{""collection"":""Pasadera"",""weight_lbs"":""116"",""spec_sheet_pdf"":""https://www.owlee.com/wp-content/uploads/2021/11/Pasadera_Retail_SpecSheet_2026_86158-C-Center-Sectional.pdf""}","[""o-w-lee"",""pasadera"",""made-in-usa""]",false,true,true,true,false,,203,0,true,2026-06-17 00:26:09.134873+00,2026-06-17 00:27:47.358+00,[],[],[],[],[],"[{""url"":""https://641bdd57-e650-4f10-a19f-628c07eb50b7-00-1e7i1aja8wnz9.worf.replit.dev/api/storage/objects/products/owlee-v2/86158-C_Pasadera_Center_Sectional.jpg"",""alt_text"":null,""is_primary"":true,""display_order"":0,""image_kind"":""gallery"",""variant_id"":null}]",[]
O.W. Lee,o-w-lee,5158,86158-L,Pasadera Left Sectional,owlee-pasadera-left-sectional-86158-l,"The O.W. Lee Pasadera Sectional Collection allows for customized seating configurations that balance classic design with modern performance. With modular steel frames, ornamental detailing, and plush cushions, these outdoor steel sectional pieces offer flexibility, durability, and enduring style for expansive outdoor living spaces. O.W. Lee is renowned for its exceptional quality, supported by an industry-leading warranty. Our frames are covered by a 20-year structural warranty, and the finish is guaranteed against fading, blistering, and peeling for 5 years. Cushions and fabrics are also backed by a 5-year warranty. With a selection of 10 elegant frame finishes and over 100 fabric options, including 16 sling fabrics, customers can easily customize each piece to seamlessly complement their individual style.","The O.W. Lee Pasadera Sectional Collection allows for customized seating configurations that balance classic design with modern performance. With modular steel frames, ornamental detailing, and plush cushions, these outdoor steel sectional pieces offer flexibility, durability, and enduring style for expansive outdoor living spaces. O.W. Lee is renowned for its exceptional quality, supported by an industry-leading warranty. Our frames are covered by a 20-year structural warranty, and the finish is guaranteed against fading, blistering, and peeling for 5 years. Cushions and fabrics are also backed by a 5-year warranty. With a selection of 10 elegant frame finishes and over 100 fabric options, including 16 sling fabrics, customers can easily customize each piece to seamlessly complement their individual style.",Deep Seating,cat-deep-seating,Wrought Iron,wrought-iron,,,,,,,fixed,124.00,,"{""collection"":""Pasadera"",""weight_lbs"":""124"",""spec_sheet_pdf"":""https://www.owlee.com/wp-content/uploads/2021/11/Pasadera_Retail_SpecSheet_2026_86158-L-Left-Sectional.pdf""}","[""o-w-lee"",""pasadera"",""made-in-usa""]",false,true,true,true,false,,204,0,true,2026-06-17 00:26:09.14122+00,2026-06-17 00:27:47.363+00,[],[],[],[],[],"[{""url"":""https://641bdd57-e650-4f10-a19f-628c07eb50b7-00-1e7i1aja8wnz9.worf.replit.dev/api/storage/objects/products/owlee-v2/86158-L_Pasadera_Left_Sectional.jpg"",""alt_text"":null,""is_primary"":true,""display_order"":0,""image_kind"":""gallery"",""variant_id"":null}]",[]
O.W. Lee,o-w-lee,5156,86158-R,Pasadera Right Sectional,owlee-pasadera-right-sectional-86158-r,"The O.W. Lee Pasadera Sectional Collection allows for customized seating configurations that balance classic design with modern performance. With modular steel frames, ornamental detailing, and plush cushions, these outdoor steel sectional pieces offer flexibility, durability, and enduring style for expansive outdoor living spaces. O.W. Lee is renowned for its exceptional quality, supported by an industry-leading warranty. Our frames are covered by a 20-year structural warranty, and the finish is guaranteed against fading, blistering, and peeling for 5 years. Cushions and fabrics are also backed by a 5-year warranty. With a selection of 10 elegant frame finishes and over 100 fabric options, including 16 sling fabrics, customers can easily customize each piece to seamlessly complement their individual style.","The O.W. Lee Pasadera Sectional Collection allows for customized seating configurations that balance classic design with modern performance. With modular steel frames, ornamental detailing, and plush cushions, these outdoor steel sectional pieces offer flexibility, durability, and enduring style for expansive outdoor living spaces. O.W. Lee is renowned for its exceptional quality, supported by an industry-leading warranty. Our frames are covered by a 20-year structural warranty, and the finish is guaranteed against fading, blistering, and peeling for 5 years. Cushions and fabrics are also backed by a 5-year warranty. With a selection of 10 elegant frame finishes and over 100 fabric options, including 16 sling fabrics, customers can easily customize each piece to seamlessly complement their individual style.",Deep Seating,cat-deep-seating,Wrought Iron,wrought-iron,,,,,,,fixed,124.00,,"{""collection"":""Pasadera"",""weight_lbs"":""124"",""spec_sheet_pdf"":""https://www.owlee.com/wp-content/uploads/2021/11/Pasadera_Retail_SpecSheet_2026_86158-R-Right-Sectional.pdf""}","[""o-w-lee"",""pasadera"",""made-in-usa""]",false,true,true,true,false,,202,0,true,2026-06-17 00:26:09.130139+00,2026-06-17 00:27:47.354+00,[],[],[],[],[],"[{""url"":""https://641bdd57-e650-4f10-a19f-628c07eb50b7-00-1e7i1aja8wnz9.worf.replit.dev/api/storage/objects/products/owlee-v2/86158-R_Pasadera_Right_Sectional.jpg"",""alt_text"":null,""is_primary"":true,""display_order"":0,""image_kind"":""gallery"",""variant_id"":null}]",[]
O.W. Lee,o-w-lee,5159,8690-O,Pasadera Ottoman,owlee-pasadera-ottoman-8690-o,"The O.W. Lee Pasadera Ottoman adds versatile comfort while echoing the collection’s decorative steel detailing. Featuring a sturdy steel frame and tailored cushion, this outdoor patio ottoman functions beautifully as a footrest or additional seating. O.W. Lee is renowned for its exceptional quality, supported by an industry-leading warranty. Our frames are covered by a 20-year structural warranty, and the finish is guaranteed against fading, blistering, and peeling for 5 years. Cushions and fabrics are also backed by a 5-year warranty. With a selection of 10 elegant frame finishes and over 100 fabric options, including 16 sling fabrics, customers can easily customize each piece to seamlessly complement their individual style.","The O.W. Lee Pasadera Ottoman adds versatile comfort while echoing the collection’s decorative steel detailing. Featuring a sturdy steel frame and tailored cushion, this outdoor patio ottoman functions beautifully as a footrest or additional seating. O.W. Lee is renowned for its exceptional quality, supported by an industry-leading warranty. Our frames are covered by a 20-year structural warranty, and the finish is guaranteed against fading, blistering, and peeling for 5 years. Cushions and fabrics are also backed by a 5-year warranty. With a selection of 10 elegant frame finishes and over 100 fabric options, including 16 sling fabrics, customers can easily customize each piece to seamlessly complement their individual style.",Deep Seating,cat-deep-seating,Wrought Iron,wrought-iron,,,,,,,fixed,29.00,,"{""collection"":""Pasadera"",""weight_lbs"":""29"",""spec_sheet_pdf"":""https://www.owlee.com/wp-content/uploads/2021/11/Pasadera_Retail_SpecSheet_2026_8690-O-Ottoman.pdf""}","[""o-w-lee"",""pasadera"",""made-in-usa""]",false,true,true,true,false,,205,0,true,2026-06-17 00:26:09.146242+00,2026-06-17 00:27:47.37+00,[],[],[],[],[],"[{""url"":""https://641bdd57-e650-4f10-a19f-628c07eb50b7-00-1e7i1aja8wnz9.worf.replit.dev/api/storage/objects/products/owlee-v2/8690-O_Pasadera_Ottoman.jpg"",""alt_text"":null,""is_primary"":true,""display_order"":0,""image_kind"":""gallery"",""variant_id"":null}]",[]
O.W. Lee,o-w-lee,2065,9-DT03,Classico 03 Dining Table Base,owlee-classico-03-dining-table-base-9-dt03,"If you’re looking for a table base that’s as beautiful as it is dependable, the Classico Iron Dining Table Base is a standout choice. Handcrafted from heavy-gauge wrought iron, it’s designed to provide rock-solid support while bringing a timeless, refined look to any outdoor space. One of the biggest advantages of the Classico base is its flexibility. It pairs effortlessly with a wide range of table top materials and sizes--whether you’re designing with sleek porcelain, ultra-durable Dekton®, or lightweight micro mesh. That means you can create exactly the table you want, without compromising on performance or style. Wrought iron is known for its strength and longevity, and you can feel the difference. The added weight keeps tables stable in windy conditions, while the material’s durability ensures the base holds up year after year outdoors. It’s furniture you can confidently invest in if you want something that truly lasts. With 10 finish options and numerous table top materials to choose from, the Classico Iron Table Base makes customization easy. It’s a smart investment for customers who value craftsmanship, versatility, and outdoor furniture built to stand the test of time. Fits Tops: - 36"" Square (Porcelain) - 42"" Round (Porcelain and Micro Mesh) - 42"" Square (Porcelain and Micro Mesh) - 54"" Round (Porcelain, Dekton, and Micro Mesh)","If you’re looking for a table base that’s as beautiful as it is dependable, the Classico Iron Dining Table Base is a standout choice. Handcrafted from heavy-gauge wrought iron, it’s designed to provide rock-solid support while bringing a timeless, refined look to any outdoor space. One of the biggest advantages of the Classico base is its flexibility. It pairs effortlessly with a wide range of table top materials and sizes--whether you’re designing with sleek porcelain, ultra-durable Dekton®, or lightweight micro mesh. That means you can create exactly the table you want, without compromising on performance or style. Wrought iron is known for its strength and longevity, and you can feel the difference. The added weight keeps tables stable in windy conditions, while the material’s durability ensures the base holds up year after year outdoors. It’s furniture you can confidently invest in if you want something that truly lasts. With 10 finish options and numerous table top materials to choose from, the Classico Iron Table Base makes customization easy. It’s a smart investment for customers who value craftsmanship, versatility, and outdoor furniture built to stand the test of time. Fits Tops: - 36"" Square (Porcelain) - 42"" Round (Porcelain and Micro Mesh) - 42"" Square (Porcelain and Micro Mesh) - 54"" Round (Porcelain, Dekton, and Micro Mesh)",Dining,cat-dining,Wrought Iron,wrought-iron,,,,,,,fixed,,"H 28.25"" × W 26.25"" × D 26.25""","{""height_in"":""28.25"",""collection"":""Classico"",""weight_lbs"":""35 (pkg)"",""arm_height_in"":""—"",""seat_height_in"":""—"",""spec_sheet_pdf"":""https://www.owlee.com/collections/classico-iron-table-bases/dining-table-base-wrought-iron-steel-classico-w-2/"",""depth_length_in"":""26.25"",""width_diameter_in"":""26.25""}","[""o-w-lee"",""classico"",""made-in-usa""]",false,true,true,true,false,,42,0,true,2026-05-03 01:40:46.891506+00,2026-06-17 00:27:47.168+00,[],[],[],"[{""finish_id"":11,""item_number"":""TG68"",""name"":""Carbon Black"",""description"":""Frame Finish"",""collection"":null,""image_url"":""https://www.owlee.com/wp-content/uploads/2025/12/finishes_0001_TG68-Carbon-Black.jpg"",""display_order"":0},{""finish_id"":12,""item_number"":""SP50"",""name"":""Copper Creek"",""description"":""Frame Finish"",""collection"":null,""image_url"":""https://www.owlee.com/wp-content/uploads/2025/12/finishes_0004_SP50-Copper-Creek.jpg"",""display_order"":0},{""finish_id"":13,""item_number"":""SP42"",""name"":""Espresso"",""description"":""Frame Finish"",""collection"":null,""image_url"":""https://www.owlee.com/wp-content/uploads/2025/12/finishes_0005_SP42-Espresso.jpg"",""display_order"":0},{""finish_id"":14,""item_number"":""SP21"",""name"":""Graphite"",""description"":""Frame Finish"",""collection"":null,""image_url"":""https://www.owlee.com/wp-content/uploads/2025/12/finishes_0007_SP21-Graphite.jpg"",""display_order"":0},{""finish_id"":15,""item_number"":""SP11"",""name"":""Rosewood"",""description"":""Frame Finish"",""collection"":null,""image_url"":""https://www.owlee.com/wp-content/uploads/2025/12/finishes_0008_SP11-Rosewood.jpg"",""display_order"":0},{""finish_id"":16,""item_number"":""SP22"",""name"":""Sable"",""description"":""Frame Finish"",""collection"":null,""image_url"":""https://www.owlee.com/wp-content/uploads/2025/12/finishes_0006_SP22-Sable.jpg"",""display_order"":0},{""finish_id"":17,""item_number"":""AZ53"",""name"":""Sand Dollar"",""description"":""Frame Finish"",""collection"":null,""image_url"":""https://www.owlee.com/wp-content/uploads/2025/12/finishes_0009_AZ53-Sand-Dollar.jpg"",""display_order"":0},{""finish_id"":18,""item_number"":""TC20"",""name"":""Sandalwood"",""description"":""Frame Finish"",""collection"":null,""image_url"":""https://www.owlee.com/wp-content/uploads/2025/12/finishes_0003_TC20-Sandalwood.jpg"",""display_order"":0},{""finish_id"":19,""item_number"":""TG56"",""name"":""Shadow Grey"",""description"":""Frame Finish"",""collection"":null,""image_url"":""https://www.owlee.com/wp-content/uploads/2025/12/finishes_0002_TG56-Shadow-Grey.jpg"",""display_order"":0},{""finish_id"":20,""item_number"":""VT25"",""name"":""Velvet White"",""description"":""Frame Finish"",""collection"":null,""image_url"":""https://www.owlee.com/wp-content/uploads/2025/12/finishes_0000_VT25-Velvet-White.jpg"",""display_order"":0}]",[],"[{""url"":""https://641bdd57-e650-4f10-a19f-628c07eb50b7-00-1e7i1aja8wnz9.worf.replit.dev/api/storage/objects/products/owlee-v2/9-DT03_Classico_Classico_03_Dining_Table_Base.jpg"",""alt_text"":null,""is_primary"":true,""display_order"":0,""image_kind"":""gallery"",""variant_id"":null}]",[]
O.W. Lee,o-w-lee,2064,9-DT07,Classico Dining 07 Table Base,owlee-classico-dining-07-table-base-9-dt07,"If you’re looking for a table base that’s as beautiful as it is dependable, the Classico Iron Dining Table Base is a standout choice. Handcrafted from heavy-gauge wrought iron, it’s designed to provide rock-solid support while bringing a timeless, refined look to any outdoor space. One of the biggest advantages of the Classico base is its flexibility. It pairs effortlessly with a wide range of table top materials and sizes--whether you’re designing with sleek porcelain, ultra-durable Dekton®, or lightweight micro mesh. That means you can create exactly the table you want, without compromising on performance or style. Wrought iron is known for its strength and longevity, and you can feel the difference. The added weight keeps tables stable in windy conditions, while the material’s durability ensures the base holds up year after year outdoors. It’s furniture you can confidently invest in if you want something that truly lasts. With 10 finish options and numerous table top materials to choose from, the Classico Iron Table Base makes customization easy. It’s a smart investment for customers who value craftsmanship, versatility, and outdoor furniture built to stand the test of time. Fits Tops: - 42x72"" (Porcelain) - 42x84"" (Porcelain, Dekton, or Mesh)","If you’re looking for a table base that’s as beautiful as it is dependable, the Classico Iron Dining Table Base is a standout choice. Handcrafted from heavy-gauge wrought iron, it’s designed to provide rock-solid support while bringing a timeless, refined look to any outdoor space. One of the biggest advantages of the Classico base is its flexibility. It pairs effortlessly with a wide range of table top materials and sizes--whether you’re designing with sleek porcelain, ultra-durable Dekton®, or lightweight micro mesh. That means you can create exactly the table you want, without compromising on performance or style. Wrought iron is known for its strength and longevity, and you can feel the difference. The added weight keeps tables stable in windy conditions, while the material’s durability ensures the base holds up year after year outdoors. It’s furniture you can confidently invest in if you want something that truly lasts. With 10 finish options and numerous table top materials to choose from, the Classico Iron Table Base makes customization easy. It’s a smart investment for customers who value craftsmanship, versatility, and outdoor furniture built to stand the test of time. Fits Tops: - 42x72"" (Porcelain) - 42x84"" (Porcelain, Dekton, or Mesh)",Dining,cat-dining,Wrought Iron,wrought-iron,,,,,,,fixed,,"H 28.25"" × W 55"" × D 27.75""","{""height_in"":""28.25"",""collection"":""Classico"",""weight_lbs"":""73 (pkg)"",""arm_height_in"":""—"",""seat_height_in"":""—"",""spec_sheet_pdf"":""https://www.owlee.com/collections/classico-iron-table-bases/classico-dining-table-base/"",""depth_length_in"":""27.75"",""width_diameter_in"":""55""}","[""o-w-lee"",""classico"",""made-in-usa""]",false,true,true,true,false,,41,0,true,2026-05-03 01:40:46.887968+00,2026-06-17 00:27:47.163+00,[],[],[],"[{""finish_id"":11,""item_number"":""TG68"",""name"":""Carbon Black"",""description"":""Frame Finish"",""collection"":null,""image_url"":""https://www.owlee.com/wp-content/uploads/2025/12/finishes_0001_TG68-Carbon-Black.jpg"",""display_order"":0},{""finish_id"":12,""item_number"":""SP50"",""name"":""Copper Creek"",""description"":""Frame Finish"",""collection"":null,""image_url"":""https://www.owlee.com/wp-content/uploads/2025/12/finishes_0004_SP50-Copper-Creek.jpg"",""display_order"":0},{""finish_id"":13,""item_number"":""SP42"",""name"":""Espresso"",""description"":""Frame Finish"",""collection"":null,""image_url"":""https://www.owlee.com/wp-content/uploads/2025/12/finishes_0005_SP42-Espresso.jpg"",""display_order"":0},{""finish_id"":14,""item_number"":""SP21"",""name"":""Graphite"",""description"":""Frame Finish"",""collection"":null,""image_url"":""https://www.owlee.com/wp-content/uploads/2025/12/finishes_0007_SP21-Graphite.jpg"",""display_order"":0},{""finish_id"":15,""item_number"":""SP11"",""name"":""Rosewood"",""description"":""Frame Finish"",""collection"":null,""image_url"":""https://www.owlee.com/wp-content/uploads/2025/12/finishes_0008_SP11-Rosewood.jpg"",""display_order"":0},{""finish_id"":16,""item_number"":""SP22"",""name"":""Sable"",""description"":""Frame Finish"",""collection"":null,""image_url"":""https://www.owlee.com/wp-content/uploads/2025/12/finishes_0006_SP22-Sable.jpg"",""display_order"":0},{""finish_id"":17,""item_number"":""AZ53"",""name"":""Sand Dollar"",""description"":""Frame Finish"",""collection"":null,""image_url"":""https://www.owlee.com/wp-content/uploads/2025/12/finishes_0009_AZ53-Sand-Dollar.jpg"",""display_order"":0},{""finish_id"":18,""item_number"":""TC20"",""name"":""Sandalwood"",""description"":""Frame Finish"",""collection"":null,""image_url"":""https://www.owlee.com/wp-content/uploads/2025/12/finishes_0003_TC20-Sandalwood.jpg"",""display_order"":0},{""finish_id"":19,""item_number"":""TG56"",""name"":""Shadow Grey"",""description"":""Frame Finish"",""collection"":null,""image_url"":""https://www.owlee.com/wp-content/uploads/2025/12/finishes_0002_TG56-Shadow-Grey.jpg"",""display_order"":0},{""finish_id"":20,""item_number"":""VT25"",""name"":""Velvet White"",""description"":""Frame Finish"",""collection"":null,""image_url"":""https://www.owlee.com/wp-content/uploads/2025/12/finishes_0000_VT25-Velvet-White.jpg"",""display_order"":0}]",[],"[{""url"":""https://641bdd57-e650-4f10-a19f-628c07eb50b7-00-1e7i1aja8wnz9.worf.replit.dev/api/storage/objects/products/owlee-v2/9-DT07_Classico_Classico_Dining_07_Table_Base.jpg"",""alt_text"":null,""is_primary"":true,""display_order"":0,""image_kind"":""gallery"",""variant_id"":null}]",[]
O.W. Lee,o-w-lee,2063,9-OT05,Classico 05 Occasional Table Base,owlee-classico-05-occasional-table-base-9-ot05,"If you’re looking for an outdoor occasional / coffee table that’s as beautiful as it is dependable, the Classico Iron Occasional Table Base is a standout choice. Handcrafted from heavy-gauge wrought iron, it’s designed to provide rock-solid support while bringing a timeless, refined look to any outdoor space. One of the biggest advantages of the Classico base is its flexibility. It pairs effortlessly with a wide range of table top materials and sizes--whether you’re designing with sleek porcelain, ultra-durable Dekton®, or lightweight micro mesh. That means you can create exactly the table you want, without compromising on performance or style. Wrought iron is known for its strength and longevity, and you can feel the difference. The added weight keeps tables stable in windy conditions, while the material’s durability ensures the base holds up year after year outdoors. It’s furniture you can confidently invest in if you want something that truly lasts. With 10 finish options and numerous table top materials to choose from, the Classico Iron Table Base makes customization easy. It’s a smart investment for customers who value craftsmanship, versatility, and outdoor furniture built to stand the test of time. Fits Tops: - 28x50"" (Porcelain or Mesh) - 31x56"" (Dekton) - 36x58"" (Porcelain or Mesh)","If you’re looking for an outdoor occasional / coffee table that’s as beautiful as it is dependable, the Classico Iron Occasional Table Base is a standout choice. Handcrafted from heavy-gauge wrought iron, it’s designed to provide rock-solid support while bringing a timeless, refined look to any outdoor space. One of the biggest advantages of the Classico base is its flexibility. It pairs effortlessly with a wide range of table top materials and sizes--whether you’re designing with sleek porcelain, ultra-durable Dekton®, or lightweight micro mesh. That means you can create exactly the table you want, without compromising on performance or style. Wrought iron is known for its strength and longevity, and you can feel the difference. The added weight keeps tables stable in windy conditions, while the material’s durability ensures the base holds up year after year outdoors. It’s furniture you can confidently invest in if you want something that truly lasts. With 10 finish options and numerous table top materials to choose from, the Classico Iron Table Base makes customization easy. It’s a smart investment for customers who value craftsmanship, versatility, and outdoor furniture built to stand the test of time. Fits Tops: - 28x50"" (Porcelain or Mesh) - 31x56"" (Dekton) - 36x58"" (Porcelain or Mesh)",Dining,cat-dining,Wrought Iron,wrought-iron,,,,,,,fixed,,"H 17.75"" × W 44.5"" × D 21.25""","{""height_in"":""17.75"",""collection"":""Classico"",""weight_lbs"":""44 (pkg)"",""arm_height_in"":""—"",""seat_height_in"":""—"",""spec_sheet_pdf"":""https://www.owlee.com/collections/classico-iron-table-bases/classico-occasional-table-base/"",""depth_length_in"":""21.25"",""width_diameter_in"":""44.5""}","[""o-w-lee"",""classico"",""made-in-usa""]",false,true,true,true,false,,40,0,true,2026-05-03 01:40:46.884426+00,2026-06-17 00:27:47.156+00,[],[],[],"[{""finish_id"":11,""item_number"":""TG68"",""name"":""Carbon Black"",""description"":""Frame Finish"",""collection"":null,""image_url"":""https://www.owlee.com/wp-content/uploads/2025/12/finishes_0001_TG68-Carbon-Black.jpg"",""display_order"":0},{""finish_id"":12,""item_number"":""SP50"",""name"":""Copper Creek"",""description"":""Frame Finish"",""collection"":null,""image_url"":""https://www.owlee.com/wp-content/uploads/2025/12/finishes_0004_SP50-Copper-Creek.jpg"",""display_order"":0},{""finish_id"":13,""item_number"":""SP42"",""name"":""Espresso"",""description"":""Frame Finish"",""collection"":null,""image_url"":""https://www.owlee.com/wp-content/uploads/2025/12/finishes_0005_SP42-Espresso.jpg"",""display_order"":0},{""finish_id"":14,""item_number"":""SP21"",""name"":""Graphite"",""description"":""Frame Finish"",""collection"":null,""image_url"":""https://www.owlee.com/wp-content/uploads/2025/12/finishes_0007_SP21-Graphite.jpg"",""display_order"":0},{""finish_id"":15,""item_number"":""SP11"",""name"":""Rosewood"",""description"":""Frame Finish"",""collection"":null,""image_url"":""https://www.owlee.com/wp-content/uploads/2025/12/finishes_0008_SP11-Rosewood.jpg"",""display_order"":0},{""finish_id"":16,""item_number"":""SP22"",""name"":""Sable"",""description"":""Frame Finish"",""collection"":null,""image_url"":""https://www.owlee.com/wp-content/uploads/2025/12/finishes_0006_SP22-Sable.jpg"",""display_order"":0},{""finish_id"":17,""item_number"":""AZ53"",""name"":""Sand Dollar"",""description"":""Frame Finish"",""collection"":null,""image_url"":""https://www.owlee.com/wp-content/uploads/2025/12/finishes_0009_AZ53-Sand-Dollar.jpg"",""display_order"":0},{""finish_id"":18,""item_number"":""TC20"",""name"":""Sandalwood"",""description"":""Frame Finish"",""collection"":null,""image_url"":""https://www.owlee.com/wp-content/uploads/2025/12/finishes_0003_TC20-Sandalwood.jpg"",""display_order"":0},{""finish_id"":19,""item_number"":""TG56"",""name"":""Shadow Grey"",""description"":""Frame Finish"",""collection"":null,""image_url"":""https://www.owlee.com/wp-content/uploads/2025/12/finishes_0002_TG56-Shadow-Grey.jpg"",""display_order"":0},{""finish_id"":20,""item_number"":""VT25"",""name"":""Velvet White"",""description"":""Frame Finish"",""collection"":null,""image_url"":""https://www.owlee.com/wp-content/uploads/2025/12/finishes_0000_VT25-Velvet-White.jpg"",""display_order"":0}]",[],"[{""url"":""https://641bdd57-e650-4f10-a19f-628c07eb50b7-00-1e7i1aja8wnz9.worf.replit.dev/api/storage/objects/products/owlee-v2/9-OT05_Classico_Classico_05_Occasional_Table_Base.jpg"",""alt_text"":null,""is_primary"":true,""display_order"":0,""image_kind"":""gallery"",""variant_id"":null}]",[]
O.W. Lee,o-w-lee,2062,9-ST01,Classico 01 Side Table Base,owlee-classico-01-side-table-base-9-st01,"If you’re looking for an outdoor side table that’s as beautiful as it is dependable, the Classico Iron Side Table Base is a standout choice. Handcrafted from heavy-gauge wrought iron, it’s designed to provide rock-solid support while bringing a timeless, refined look to any outdoor space. One of the biggest advantages of the Classico base is its flexibility. It pairs effortlessly with a wide range of table top materials and sizes--whether you’re designing with sleek porcelain, ultra-durable Dekton®, or lightweight micro mesh. That means you can create exactly the table you want, without compromising on performance or style. Wrought iron is known for its strength and longevity, and you can feel the difference. The added weight keeps tables stable in windy conditions, while the material’s durability ensures the base holds up year after year outdoors. It’s furniture you can confidently invest in if you want something that truly lasts. With 10 finish options and numerous table top materials to choose from, the Classico Iron Table Base makes customization easy. It’s a smart investment for customers who value craftsmanship, versatility, and outdoor furniture built to stand the test of time. Fits Tops: - 24"" Round (Porcelain, Dekton, or Mesh) - 24"" Square (Porcelain or Dekton) - 30"" Round (Porcelain or Mesh)","If you’re looking for an outdoor side table that’s as beautiful as it is dependable, the Classico Iron Side Table Base is a standout choice. Handcrafted from heavy-gauge wrought iron, it’s designed to provide rock-solid support while bringing a timeless, refined look to any outdoor space. One of the biggest advantages of the Classico base is its flexibility. It pairs effortlessly with a wide range of table top materials and sizes--whether you’re designing with sleek porcelain, ultra-durable Dekton®, or lightweight micro mesh. That means you can create exactly the table you want, without compromising on performance or style. Wrought iron is known for its strength and longevity, and you can feel the difference. The added weight keeps tables stable in windy conditions, while the material’s durability ensures the base holds up year after year outdoors. It’s furniture you can confidently invest in if you want something that truly lasts. With 10 finish options and numerous table top materials to choose from, the Classico Iron Table Base makes customization easy. It’s a smart investment for customers who value craftsmanship, versatility, and outdoor furniture built to stand the test of time. Fits Tops: - 24"" Round (Porcelain, Dekton, or Mesh) - 24"" Square (Porcelain or Dekton) - 30"" Round (Porcelain or Mesh)",Dining,cat-dining,Wrought Iron,wrought-iron,,,,,,,fixed,,"H 19.75"" × W 16.25"" × D 16.25""","{""height_in"":""19.75"",""collection"":""Classico"",""weight_lbs"":""22 (pkg)"",""arm_height_in"":""—"",""seat_height_in"":""—"",""spec_sheet_pdf"":""https://www.owlee.com/collections/classico-iron-table-bases/classico-side-table-base/"",""depth_length_in"":""16.25"",""width_diameter_in"":""16.25""}","[""o-w-lee"",""classico"",""made-in-usa""]",false,true,true,true,false,,39,0,true,2026-05-03 01:40:46.880952+00,2026-06-17 00:27:47.148+00,[],[],[],"[{""finish_id"":11,""item_number"":""TG68"",""name"":""Carbon Black"",""description"":""Frame Finish"",""collection"":null,""image_url"":""https://www.owlee.com/wp-content/uploads/2025/12/finishes_0001_TG68-Carbon-Black.jpg"",""display_order"":0},{""finish_id"":12,""item_number"":""SP50"",""name"":""Copper Creek"",""description"":""Frame Finish"",""collection"":null,""image_url"":""https://www.owlee.com/wp-content/uploads/2025/12/finishes_0004_SP50-Copper-Creek.jpg"",""display_order"":0},{""finish_id"":13,""item_number"":""SP42"",""name"":""Espresso"",""description"":""Frame Finish"",""collection"":null,""image_url"":""https://www.owlee.com/wp-content/uploads/2025/12/finishes_0005_SP42-Espresso.jpg"",""display_order"":0},{""finish_id"":14,""item_number"":""SP21"",""name"":""Graphite"",""description"":""Frame Finish"",""collection"":null,""image_url"":""https://www.owlee.com/wp-content/uploads/2025/12/finishes_0007_SP21-Graphite.jpg"",""display_order"":0},{""finish_id"":15,""item_number"":""SP11"",""name"":""Rosewood"",""description"":""Frame Finish"",""collection"":null,""image_url"":""https://www.owlee.com/wp-content/uploads/2025/12/finishes_0008_SP11-Rosewood.jpg"",""display_order"":0},{""finish_id"":16,""item_number"":""SP22"",""name"":""Sable"",""description"":""Frame Finish"",""collection"":null,""image_url"":""https://www.owlee.com/wp-content/uploads/2025/12/finishes_0006_SP22-Sable.jpg"",""display_order"":0},{""finish_id"":17,""item_number"":""AZ53"",""name"":""Sand Dollar"",""description"":""Frame Finish"",""collection"":null,""image_url"":""https://www.owlee.com/wp-content/uploads/2025/12/finishes_0009_AZ53-Sand-Dollar.jpg"",""display_order"":0},{""finish_id"":18,""item_number"":""TC20"",""name"":""Sandalwood"",""description"":""Frame Finish"",""collection"":null,""image_url"":""https://www.owlee.com/wp-content/uploads/2025/12/finishes_0003_TC20-Sandalwood.jpg"",""display_order"":0},{""finish_id"":19,""item_number"":""TG56"",""name"":""Shadow Grey"",""description"":""Frame Finish"",""collection"":null,""image_url"":""https://www.owlee.com/wp-content/uploads/2025/12/finishes_0002_TG56-Shadow-Grey.jpg"",""display_order"":0},{""finish_id"":20,""item_number"":""VT25"",""name"":""Velvet White"",""description"":""Frame Finish"",""collection"":null,""image_url"":""https://www.owlee.com/wp-content/uploads/2025/12/finishes_0000_VT25-Velvet-White.jpg"",""display_order"":0}]",[],"[{""url"":""https://641bdd57-e650-4f10-a19f-628c07eb50b7-00-1e7i1aja8wnz9.worf.replit.dev/api/storage/objects/products/owlee-v2/9-ST01_Classico_Classico_01_Side_Table_Base.jpg"",""alt_text"":null,""is_primary"":true,""display_order"":0,""image_kind"":""gallery"",""variant_id"":null}]",[]
O.W. Lee,o-w-lee,4930,91-OTS285ORT,Kensington Occasional Table with Lower Shelf,owlee-kensington-occasional-table-with-lower-shelf-91-ots285ort,"Kensington tables combine refined style with everyday durability, making them a versatile choice for elevated outdoor spaces. Crafted from sturdy aluminum, each table is topped with a sleek porcelain surface that offers exceptional resistance to the elements while delivering a sophisticated look. Available in 10 premium finishes, Kensington tables provide the flexibility to complement a wide range of outdoor furnishings and design aesthetics.","Kensington tables combine refined style with everyday durability, making them a versatile choice for elevated outdoor spaces. Crafted from sturdy aluminum, each table is topped with a sleek porcelain surface that offers exceptional resistance to the elements while delivering a sophisticated look. Available in 10 premium finishes, Kensington tables provide the flexibility to complement a wide range of outdoor furnishings and design aesthetics.",Coffee & Side Tables,cat-coffee-side-tables,Aluminum,aluminum,,,,,,,fixed,,"H 18"" × W 50"" × D 28""","{""height_in"":""18"",""collection"":""Pre-Designed Tables"",""source_url"":""https://www.owlee.com/collections/fully-welded-tables/occasional-table-with-lower-shelf-aluminum-wrought-aluminum-kensington/"",""weight_lbs"":""144 (pkg)"",""depth_length_in"":""28"",""width_diameter_in"":""50""}","[""o-w-lee"",""tables-tops-bases"",""made-in-usa"",""quote-only""]",false,true,true,true,false,,91,0,true,2026-06-02 00:19:57.941005+00,2026-06-17 00:27:48.426+00,[],[],[],[],[],"[{""url"":""https://641bdd57-e650-4f10-a19f-628c07eb50b7-00-1e7i1aja8wnz9.worf.replit.dev/api/storage/objects/products/owlee-v2/91-OTS285ORT_Pre-Designed_Tables_Kensington_Occasional_Table_with_Lower_Shelf.jpg"",""alt_text"":null,""is_primary"":true,""display_order"":0,""image_kind"":""gallery"",""variant_id"":null}]",[]
O.W. Lee,o-w-lee,4931,91-ST18SQ,Kensington Square Side Table,owlee-kensington-square-side-table-91-st18sq,"The Standard Aluminum table base offers a timeless, versatile foundation designed to complement a wide range of outdoor styles. Crafted from durable aluminum, it provides excellent strength, stability, and resistance to the elements for long-term outdoor use. Clean lines and a balanced profile make it an easy pairing with multiple tabletop shapes and materials, while its dependable construction ensures lasting performance in both residential and commercial settings. Fits table tops: - 36"" Square (Porcelain) - 42"" Round (Porcelain, Micro Mesh) - 42"" Square (Porcelain, Micro Mesh) - 54"" Round (Porcelain, Dekton, Micro Mesh)","The Standard Aluminum table base offers a timeless, versatile foundation designed to complement a wide range of outdoor styles. Crafted from durable aluminum, it provides excellent strength, stability, and resistance to the elements for long-term outdoor use. Clean lines and a balanced profile make it an easy pairing with multiple tabletop shapes and materials, while its dependable construction ensures lasting performance in both residential and commercial settings. Fits table tops: - 36"" Square (Porcelain) - 42"" Round (Porcelain, Micro Mesh) - 42"" Square (Porcelain, Micro Mesh) - 54"" Round (Porcelain, Dekton, Micro Mesh)",Dining,cat-dining,Aluminum,aluminum,,,,,,,fixed,,"H 21"" × W 18"" × D 18""","{""height_in"":""21"",""collection"":""Pre-Designed Tables"",""source_url"":""https://www.owlee.com/collections/fully-welded-tables/square-side-table-aluminum-wrought-aluminum-kensington/"",""weight_lbs"":""37 (pkg)"",""depth_length_in"":""18"",""width_diameter_in"":""18""}","[""o-w-lee"",""tables-tops-bases"",""made-in-usa"",""quote-only""]",false,true,true,true,false,,92,0,true,2026-06-02 00:19:58.107401+00,2026-06-17 00:27:48.421+00,[],[],[],[],[],"[{""url"":""https://641bdd57-e650-4f10-a19f-628c07eb50b7-00-1e7i1aja8wnz9.worf.replit.dev/api/storage/objects/products/owlee-v2/91-ST18SQ_Pre-Designed_Tables_Kensington_Square_Side_Table.jpg"",""alt_text"":null,""is_primary"":true,""display_order"":0,""image_kind"":""gallery"",""variant_id"":null}]",[]
O.W. Lee,o-w-lee,4929,91-WT1650RT,Kensington Console Table,owlee-kensington-console-table-91-wt1650rt,"Kensington tables combine refined style with everyday durability, making them a versatile choice for elevated outdoor spaces. Crafted from sturdy aluminum, each table is topped with a sleek porcelain surface that offers exceptional resistance to the elements while delivering a sophisticated look. Available in 10 premium finishes, Kensington tables provide the flexibility to complement a wide range of outdoor furnishings and design aesthetics.","Kensington tables combine refined style with everyday durability, making them a versatile choice for elevated outdoor spaces. Crafted from sturdy aluminum, each table is topped with a sleek porcelain surface that offers exceptional resistance to the elements while delivering a sophisticated look. Available in 10 premium finishes, Kensington tables provide the flexibility to complement a wide range of outdoor furnishings and design aesthetics.",Dining,cat-dining,Aluminum,aluminum,,,,,,,fixed,,"H 32"" × W 50"" × D 16""","{""height_in"":""32"",""collection"":""Pre-Designed Tables"",""source_url"":""https://www.owlee.com/collections/fully-welded-tables/console-table-aluminum-wrought-aluminum-kensington/"",""weight_lbs"":""110 (pkg)"",""arm_height_in"":""35.5"",""seat_height_in"":""29"",""depth_length_in"":""16"",""width_diameter_in"":""50""}","[""o-w-lee"",""tables-tops-bases"",""made-in-usa"",""quote-only""]",false,true,true,true,false,,90,0,true,2026-06-02 00:19:57.762752+00,2026-06-17 00:27:48.43+00,[],[],[],[],[],"[{""url"":""https://641bdd57-e650-4f10-a19f-628c07eb50b7-00-1e7i1aja8wnz9.worf.replit.dev/api/storage/objects/products/owlee-v2/91-WT1650RT_Pre-Designed_Tables_Kensington_Console_Table.jpg"",""alt_text"":null,""is_primary"":true,""display_order"":0,""image_kind"":""gallery"",""variant_id"":null}]",[]
O.W. Lee,o-w-lee,2048,937-SBW,Classico High-Back Spring Base Lounge Chair,owlee-classico-high-back-spring-base-lounge-chair-937-sbw,"If you want maximum comfort with a more commanding, classic look, the O.W. Lee Classico High Back Spring Base Lounge Chair delivers on all fronts. Its taller back provides extra support for relaxed lounging, while the spring base adds gentle motion that responds naturally as you sit. Together, they create a chair that feels as good as it looks--supportive, comfortable, and inviting. True to the Classico collection, this chair features a stately, Old World silhouette with refined detailing that brings a sense of timeless European elegance to any outdoor space. It’s an ideal choice for those who appreciate traditional design but don’t want to compromise on comfort. Built with O.W. Lee’s legendary craftsmanship, the frame is backed by a 20-year structural warranty, and the finish is guaranteed for 5 years against fading, blistering, and peeling. Cushions and fabrics are also covered for 5 years, ensuring long-lasting performance outdoors. To make it your own, choose from 10 elegant frame finishes and over 100 fabric options. Whether it’s part of a full seating arrangement or a standout lounge piece, the Classico High Back Spring Base Lounge Chair offers elevated comfort, subtle motion, and enduring style.","If you want maximum comfort with a more commanding, classic look, the O.W. Lee Classico High Back Spring Base Lounge Chair delivers on all fronts. Its taller back provides extra support for relaxed lounging, while the spring base adds gentle motion that responds naturally as you sit. Together, they create a chair that feels as good as it looks--supportive, comfortable, and inviting. True to the Classico collection, this chair features a stately, Old World silhouette with refined detailing that brings a sense of timeless European elegance to any outdoor space. It’s an ideal choice for those who appreciate traditional design but don’t want to compromise on comfort. Built with O.W. Lee’s legendary craftsmanship, the frame is backed by a 20-year structural warranty, and the finish is guaranteed for 5 years against fading, blistering, and peeling. Cushions and fabrics are also covered for 5 years, ensuring long-lasting performance outdoors. To make it your own, choose from 10 elegant frame finishes and over 100 fabric options. Whether it’s part of a full seating arrangement or a standout lounge piece, the Classico High Back Spring Base Lounge Chair offers elevated comfort, subtle motion, and enduring style.",Deep Seating,cat-deep-seating,Wrought Iron,wrought-iron,,,,,,,fixed,60.00,"H 43.75"" × W 28"" × D 34.75""","{""height_in"":""43.75"",""collection"":""Classico"",""weight_lbs"":""60"",""arm_height_in"":""26.5"",""seat_height_in"":""17.5"",""spec_sheet_pdf"":""https://www.owlee.com/wp-content/uploads/2021/11/Classico_Retail_SpecSheets_2026_937-SBW-Hi-Back-Spring-Base-Lounge-Chair.pdf"",""depth_length_in"":""34.75"",""width_diameter_in"":""28""}","[""o-w-lee"",""classico"",""made-in-usa""]",false,true,true,true,false,,25,0,true,2026-05-03 01:40:46.830605+00,2026-06-17 00:27:47.059+00,[],[],[],"[{""finish_id"":11,""item_number"":""TG68"",""name"":""Carbon Black"",""description"":""Frame Finish"",""collection"":null,""image_url"":""https://www.owlee.com/wp-content/uploads/2025/12/finishes_0001_TG68-Carbon-Black.jpg"",""display_order"":0},{""finish_id"":12,""item_number"":""SP50"",""name"":""Copper Creek"",""description"":""Frame Finish"",""collection"":null,""image_url"":""https://www.owlee.com/wp-content/uploads/2025/12/finishes_0004_SP50-Copper-Creek.jpg"",""display_order"":0},{""finish_id"":13,""item_number"":""SP42"",""name"":""Espresso"",""description"":""Frame Finish"",""collection"":null,""image_url"":""https://www.owlee.com/wp-content/uploads/2025/12/finishes_0005_SP42-Espresso.jpg"",""display_order"":0},{""finish_id"":14,""item_number"":""SP21"",""name"":""Graphite"",""description"":""Frame Finish"",""collection"":null,""image_url"":""https://www.owlee.com/wp-content/uploads/2025/12/finishes_0007_SP21-Graphite.jpg"",""display_order"":0},{""finish_id"":15,""item_number"":""SP11"",""name"":""Rosewood"",""description"":""Frame Finish"",""collection"":null,""image_url"":""https://www.owlee.com/wp-content/uploads/2025/12/finishes_0008_SP11-Rosewood.jpg"",""display_order"":0},{""finish_id"":16,""item_number"":""SP22"",""name"":""Sable"",""description"":""Frame Finish"",""collection"":null,""image_url"":""https://www.owlee.com/wp-content/uploads/2025/12/finishes_0006_SP22-Sable.jpg"",""display_order"":0},{""finish_id"":17,""item_number"":""AZ53"",""name"":""Sand Dollar"",""description"":""Frame Finish"",""collection"":null,""image_url"":""https://www.owlee.com/wp-content/uploads/2025/12/finishes_0009_AZ53-Sand-Dollar.jpg"",""display_order"":0},{""finish_id"":18,""item_number"":""TC20"",""name"":""Sandalwood"",""description"":""Frame Finish"",""collection"":null,""image_url"":""https://www.owlee.com/wp-content/uploads/2025/12/finishes_0003_TC20-Sandalwood.jpg"",""display_order"":0},{""finish_id"":19,""item_number"":""TG56"",""name"":""Shadow Grey"",""description"":""Frame Finish"",""collection"":null,""image_url"":""https://www.owlee.com/wp-content/uploads/2025/12/finishes_0002_TG56-Shadow-Grey.jpg"",""display_order"":0},{""finish_id"":20,""item_number"":""VT25"",""name"":""Velvet White"",""description"":""Frame Finish"",""collection"":null,""image_url"":""https://www.owlee.com/wp-content/uploads/2025/12/finishes_0000_VT25-Velvet-White.jpg"",""display_order"":0}]",[],"[{""url"":""https://641bdd57-e650-4f10-a19f-628c07eb50b7-00-1e7i1aja8wnz9.worf.replit.dev/api/storage/objects/products/owlee-v2/937-SBW_Classico_Classico_High-Back_Spring_Base_Lounge_Chair.jpg"",""alt_text"":null,""is_primary"":true,""display_order"":0,""image_kind"":""gallery"",""variant_id"":null}]",[]
O.W. Lee,o-w-lee,2049,937-SRW,Classico High-Back Swivel Rocker Lounge Chair,owlee-classico-high-back-swivel-rocker-lounge-chair-937-srw,"If comfort is your top priority but you still want timeless style, the O.W. Lee Classico High Back Swivel Rocker Lounge Chair checks every box. The tall, supportive back is perfect for leaning in and relaxing, while the smooth swivel and gentle rocking motion let you move naturally and stay comfortable for longer stretches outdoors. It’s an ideal chair for conversations, quiet moments, and everything in between. Design-wise, this chair stays true to the Classico collection’s classic European influence. Refined detailing and an elegant silhouette give it a polished, Old World look that elevates any patio or outdoor living space. As with all O.W. Lee furniture, quality and durability come standard. The wrought iron frame is backed by a 20-year structural warranty, and the finish is guaranteed for 5 years against fading, blistering, and peeling. Cushions and fabrics are also covered for 5 years, so you can relax knowing your chair is built to last. Personalizing your look is easy with 10 elegant frame finishes and over 100 fabric options. Whether it stands alone or completes a full seating group, the Classico High Back Swivel Rocker Lounge Chair offers exceptional comfort, graceful motion, and enduring craftsmanship.","If comfort is your top priority but you still want timeless style, the O.W. Lee Classico High Back Swivel Rocker Lounge Chair checks every box. The tall, supportive back is perfect for leaning in and relaxing, while the smooth swivel and gentle rocking motion let you move naturally and stay comfortable for longer stretches outdoors. It’s an ideal chair for conversations, quiet moments, and everything in between. Design-wise, this chair stays true to the Classico collection’s classic European influence. Refined detailing and an elegant silhouette give it a polished, Old World look that elevates any patio or outdoor living space. As with all O.W. Lee furniture, quality and durability come standard. The wrought iron frame is backed by a 20-year structural warranty, and the finish is guaranteed for 5 years against fading, blistering, and peeling. Cushions and fabrics are also covered for 5 years, so you can relax knowing your chair is built to last. Personalizing your look is easy with 10 elegant frame finishes and over 100 fabric options. Whether it stands alone or completes a full seating group, the Classico High Back Swivel Rocker Lounge Chair offers exceptional comfort, graceful motion, and enduring craftsmanship.",Deep Seating,cat-deep-seating,Wrought Iron,wrought-iron,,,,,,,fixed,58.00,"H 44.5"" × W 28"" × D 34""","{""height_in"":""44.5"",""collection"":""Classico"",""weight_lbs"":""58"",""arm_height_in"":""26.75"",""seat_height_in"":""17.75"",""spec_sheet_pdf"":""https://www.owlee.com/wp-content/uploads/2021/11/Classico_Retail_SpecSheets_2026-upd_Part13.pdf"",""depth_length_in"":""34"",""width_diameter_in"":""28""}","[""o-w-lee"",""classico"",""made-in-usa""]",false,true,true,true,false,,26,0,true,2026-05-03 01:40:46.83384+00,2026-06-17 00:27:47.073+00,[],[],[],"[{""finish_id"":11,""item_number"":""TG68"",""name"":""Carbon Black"",""description"":""Frame Finish"",""collection"":null,""image_url"":""https://www.owlee.com/wp-content/uploads/2025/12/finishes_0001_TG68-Carbon-Black.jpg"",""display_order"":0},{""finish_id"":12,""item_number"":""SP50"",""name"":""Copper Creek"",""description"":""Frame Finish"",""collection"":null,""image_url"":""https://www.owlee.com/wp-content/uploads/2025/12/finishes_0004_SP50-Copper-Creek.jpg"",""display_order"":0},{""finish_id"":13,""item_number"":""SP42"",""name"":""Espresso"",""description"":""Frame Finish"",""collection"":null,""image_url"":""https://www.owlee.com/wp-content/uploads/2025/12/finishes_0005_SP42-Espresso.jpg"",""display_order"":0},{""finish_id"":14,""item_number"":""SP21"",""name"":""Graphite"",""description"":""Frame Finish"",""collection"":null,""image_url"":""https://www.owlee.com/wp-content/uploads/2025/12/finishes_0007_SP21-Graphite.jpg"",""display_order"":0},{""finish_id"":15,""item_number"":""SP11"",""name"":""Rosewood"",""description"":""Frame Finish"",""collection"":null,""image_url"":""https://www.owlee.com/wp-content/uploads/2025/12/finishes_0008_SP11-Rosewood.jpg"",""display_order"":0},{""finish_id"":16,""item_number"":""SP22"",""name"":""Sable"",""description"":""Frame Finish"",""collection"":null,""image_url"":""https://www.owlee.com/wp-content/uploads/2025/12/finishes_0006_SP22-Sable.jpg"",""display_order"":0},{""finish_id"":17,""item_number"":""AZ53"",""name"":""Sand Dollar"",""description"":""Frame Finish"",""collection"":null,""image_url"":""https://www.owlee.com/wp-content/uploads/2025/12/finishes_0009_AZ53-Sand-Dollar.jpg"",""display_order"":0},{""finish_id"":18,""item_number"":""TC20"",""name"":""Sandalwood"",""description"":""Frame Finish"",""collection"":null,""image_url"":""https://www.owlee.com/wp-content/uploads/2025/12/finishes_0003_TC20-Sandalwood.jpg"",""display_order"":0},{""finish_id"":19,""item_number"":""TG56"",""name"":""Shadow Grey"",""description"":""Frame Finish"",""collection"":null,""image_url"":""https://www.owlee.com/wp-content/uploads/2025/12/finishes_0002_TG56-Shadow-Grey.jpg"",""display_order"":0},{""finish_id"":20,""item_number"":""VT25"",""name"":""Velvet White"",""description"":""Frame Finish"",""collection"":null,""image_url"":""https://www.owlee.com/wp-content/uploads/2025/12/finishes_0000_VT25-Velvet-White.jpg"",""display_order"":0}]",[],"[{""url"":""https://641bdd57-e650-4f10-a19f-628c07eb50b7-00-1e7i1aja8wnz9.worf.replit.dev/api/storage/objects/products/owlee-v2/937-SRW_Classico_Classico_High-Back_Swivel_Rocker_Lounge_Chair.jpg"",""alt_text"":null,""is_primary"":true,""display_order"":0,""image_kind"":""gallery"",""variant_id"":null}]",[]
O.W. Lee,o-w-lee,2058,942-SRW,Classico Club Dining Swivel Rocker Arm Chair,owlee-classico-club-dining-swivel-rocker-arm-chair-942-srw,"Classico Swivel Rocker Club Dining Arm Chair The O.W. Lee Classico Swivel Rocker Club Dining Arm Chair elevates dining comfort with a more generously cushioned seat and back. Designed with classic European styling and smooth swivel rocker motion, this club-style outdoor dining chair blends refined elegance with lounge-like comfort at the table. O.W. Lee is renowned for its exceptional quality, supported by an industry-leading warranty. Our frames are covered by a 20-year structural warranty, and the finish is guaranteed against fading, blistering, and peeling for 5 years. Cushions and fabrics are also backed by a 5-year warranty. With a selection of 10 elegant frame finishes and over 100 fabric options, customers can easily customize each piece to seamlessly complement their individual style.","Classico Swivel Rocker Club Dining Arm Chair The O.W. Lee Classico Swivel Rocker Club Dining Arm Chair elevates dining comfort with a more generously cushioned seat and back. Designed with classic European styling and smooth swivel rocker motion, this club-style outdoor dining chair blends refined elegance with lounge-like comfort at the table. O.W. Lee is renowned for its exceptional quality, supported by an industry-leading warranty. Our frames are covered by a 20-year structural warranty, and the finish is guaranteed against fading, blistering, and peeling for 5 years. Cushions and fabrics are also backed by a 5-year warranty. With a selection of 10 elegant frame finishes and over 100 fabric options, customers can easily customize each piece to seamlessly complement their individual style.",Dining,cat-dining,Wrought Iron,wrought-iron,,,,,,,fixed,49.00,"H 39.5"" × W 26"" × D 29.75""","{""height_in"":""39.5"",""collection"":""Classico"",""weight_lbs"":""49"",""arm_height_in"":""29.25"",""seat_height_in"":""18.5"",""spec_sheet_pdf"":""https://www.owlee.com/wp-content/uploads/2021/11/Classico_Retail_SpecSheets_2026_953-SRW-Swivel-Rocker-Dining.pdf"",""depth_length_in"":""29.75"",""width_diameter_in"":""26""}","[""o-w-lee"",""classico"",""made-in-usa""]",false,true,true,true,false,,35,0,true,2026-05-03 01:40:46.866206+00,2026-06-17 00:27:47.122+00,[],[],[],"[{""finish_id"":11,""item_number"":""TG68"",""name"":""Carbon Black"",""description"":""Frame Finish"",""collection"":null,""image_url"":""https://www.owlee.com/wp-content/uploads/2025/12/finishes_0001_TG68-Carbon-Black.jpg"",""display_order"":0},{""finish_id"":12,""item_number"":""SP50"",""name"":""Copper Creek"",""description"":""Frame Finish"",""collection"":null,""image_url"":""https://www.owlee.com/wp-content/uploads/2025/12/finishes_0004_SP50-Copper-Creek.jpg"",""display_order"":0},{""finish_id"":13,""item_number"":""SP42"",""name"":""Espresso"",""description"":""Frame Finish"",""collection"":null,""image_url"":""https://www.owlee.com/wp-content/uploads/2025/12/finishes_0005_SP42-Espresso.jpg"",""display_order"":0},{""finish_id"":14,""item_number"":""SP21"",""name"":""Graphite"",""description"":""Frame Finish"",""collection"":null,""image_url"":""https://www.owlee.com/wp-content/uploads/2025/12/finishes_0007_SP21-Graphite.jpg"",""display_order"":0},{""finish_id"":15,""item_number"":""SP11"",""name"":""Rosewood"",""description"":""Frame Finish"",""collection"":null,""image_url"":""https://www.owlee.com/wp-content/uploads/2025/12/finishes_0008_SP11-Rosewood.jpg"",""display_order"":0},{""finish_id"":16,""item_number"":""SP22"",""name"":""Sable"",""description"":""Frame Finish"",""collection"":null,""image_url"":""https://www.owlee.com/wp-content/uploads/2025/12/finishes_0006_SP22-Sable.jpg"",""display_order"":0},{""finish_id"":17,""item_number"":""AZ53"",""name"":""Sand Dollar"",""description"":""Frame Finish"",""collection"":null,""image_url"":""https://www.owlee.com/wp-content/uploads/2025/12/finishes_0009_AZ53-Sand-Dollar.jpg"",""display_order"":0},{""finish_id"":18,""item_number"":""TC20"",""name"":""Sandalwood"",""description"":""Frame Finish"",""collection"":null,""image_url"":""https://www.owlee.com/wp-content/uploads/2025/12/finishes_0003_TC20-Sandalwood.jpg"",""display_order"":0},{""finish_id"":19,""item_number"":""TG56"",""name"":""Shadow Grey"",""description"":""Frame Finish"",""collection"":null,""image_url"":""https://www.owlee.com/wp-content/uploads/2025/12/finishes_0002_TG56-Shadow-Grey.jpg"",""display_order"":0},{""finish_id"":20,""item_number"":""VT25"",""name"":""Velvet White"",""description"":""Frame Finish"",""collection"":null,""image_url"":""https://www.owlee.com/wp-content/uploads/2025/12/finishes_0000_VT25-Velvet-White.jpg"",""display_order"":0}]",[],"[{""url"":""https://641bdd57-e650-4f10-a19f-628c07eb50b7-00-1e7i1aja8wnz9.worf.replit.dev/api/storage/objects/products/owlee-v2/942-SRW_Classico_Club_Dining_Swivel_Rocker_Arm_Chair.jpg"",""alt_text"":null,""is_primary"":true,""display_order"":0,""image_kind"":""gallery"",""variant_id"":null}]",[]
O.W. Lee,o-w-lee,2052,950-OW,Classico Ottoman,owlee-classico-ottoman-950-ow,"The O.W. Lee Classico Ottoman complements the collection’s seating with functional elegance. Featuring classic detailing and a tailored cushion, this outdoor ottoman works as a footrest or additional seating. O.W. Lee is renowned for its exceptional quality, supported by an industry-leading warranty. Our frames are covered by a 20-year structural warranty, and the finish is guaranteed against fading, blistering, and peeling for 5 years. Cushions and fabrics are also backed by a 5-year warranty. With a selection of 10 elegant frame finishes and over 100 fabric options, customers can easily customize each piece to seamlessly complement their individual style.","The O.W. Lee Classico Ottoman complements the collection’s seating with functional elegance. Featuring classic detailing and a tailored cushion, this outdoor ottoman works as a footrest or additional seating. O.W. Lee is renowned for its exceptional quality, supported by an industry-leading warranty. Our frames are covered by a 20-year structural warranty, and the finish is guaranteed against fading, blistering, and peeling for 5 years. Cushions and fabrics are also backed by a 5-year warranty. With a selection of 10 elegant frame finishes and over 100 fabric options, customers can easily customize each piece to seamlessly complement their individual style.",Deep Seating,cat-deep-seating,Wrought Iron,wrought-iron,,,,,,,fixed,26.00,"H 18.5"" × W 26.75"" × D 26.25""","{""height_in"":""18.5"",""collection"":""Classico"",""weight_lbs"":""26"",""arm_height_in"":""—"",""seat_height_in"":""—"",""spec_sheet_pdf"":""https://www.owlee.com/wp-content/uploads/2021/11/Classico_Retail_SpecSheets_2026_950-OW-Ottoman.pdf"",""depth_length_in"":""26.25"",""width_diameter_in"":""26.75""}","[""o-w-lee"",""classico"",""made-in-usa""]",false,true,true,true,false,,29,0,true,2026-05-03 01:40:46.845208+00,2026-06-17 00:27:47.089+00,[],[],[],"[{""finish_id"":11,""item_number"":""TG68"",""name"":""Carbon Black"",""description"":""Frame Finish"",""collection"":null,""image_url"":""https://www.owlee.com/wp-content/uploads/2025/12/finishes_0001_TG68-Carbon-Black.jpg"",""display_order"":0},{""finish_id"":12,""item_number"":""SP50"",""name"":""Copper Creek"",""description"":""Frame Finish"",""collection"":null,""image_url"":""https://www.owlee.com/wp-content/uploads/2025/12/finishes_0004_SP50-Copper-Creek.jpg"",""display_order"":0},{""finish_id"":13,""item_number"":""SP42"",""name"":""Espresso"",""description"":""Frame Finish"",""collection"":null,""image_url"":""https://www.owlee.com/wp-content/uploads/2025/12/finishes_0005_SP42-Espresso.jpg"",""display_order"":0},{""finish_id"":14,""item_number"":""SP21"",""name"":""Graphite"",""description"":""Frame Finish"",""collection"":null,""image_url"":""https://www.owlee.com/wp-content/uploads/2025/12/finishes_0007_SP21-Graphite.jpg"",""display_order"":0},{""finish_id"":15,""item_number"":""SP11"",""name"":""Rosewood"",""description"":""Frame Finish"",""collection"":null,""image_url"":""https://www.owlee.com/wp-content/uploads/2025/12/finishes_0008_SP11-Rosewood.jpg"",""display_order"":0},{""finish_id"":16,""item_number"":""SP22"",""name"":""Sable"",""description"":""Frame Finish"",""collection"":null,""image_url"":""https://www.owlee.com/wp-content/uploads/2025/12/finishes_0006_SP22-Sable.jpg"",""display_order"":0},{""finish_id"":17,""item_number"":""AZ53"",""name"":""Sand Dollar"",""description"":""Frame Finish"",""collection"":null,""image_url"":""https://www.owlee.com/wp-content/uploads/2025/12/finishes_0009_AZ53-Sand-Dollar.jpg"",""display_order"":0},{""finish_id"":18,""item_number"":""TC20"",""name"":""Sandalwood"",""description"":""Frame Finish"",""collection"":null,""image_url"":""https://www.owlee.com/wp-content/uploads/2025/12/finishes_0003_TC20-Sandalwood.jpg"",""display_order"":0},{""finish_id"":19,""item_number"":""TG56"",""name"":""Shadow Grey"",""description"":""Frame Finish"",""collection"":null,""image_url"":""https://www.owlee.com/wp-content/uploads/2025/12/finishes_0002_TG56-Shadow-Grey.jpg"",""display_order"":0},{""finish_id"":20,""item_number"":""VT25"",""name"":""Velvet White"",""description"":""Frame Finish"",""collection"":null,""image_url"":""https://www.owlee.com/wp-content/uploads/2025/12/finishes_0000_VT25-Velvet-White.jpg"",""display_order"":0}]",[],"[{""url"":""https://641bdd57-e650-4f10-a19f-628c07eb50b7-00-1e7i1aja8wnz9.worf.replit.dev/api/storage/objects/products/owlee-v2/950-OW_Classico_Classico_Ottoman.jpg"",""alt_text"":null,""is_primary"":true,""display_order"":0,""image_kind"":""gallery"",""variant_id"":null}]",[]
O.W. Lee,o-w-lee,2055,951-S,Classico Dining Side Chair,owlee-classico-dining-side-chair-951-s,"The O.W. Lee Classico Dining Side Chair reflects traditional European elegance with a refined, timeless silhouette. Ornate detailing, including embossed flat bar and rivet accents, gives this outdoor dining side chair a classic presence well suited for formal and casual outdoor dining spaces. O.W. Lee is renowned for its exceptional quality, supported by an industry-leading warranty. Our frames are covered by a 20-year structural warranty, and the finish is guaranteed against fading, blistering, and peeling for 5 years. Cushions and fabrics are also backed by a 5-year warranty. With a selection of 10 elegant frame finishes and over 100 fabric options, customers can easily customize each piece to seamlessly complement their individual style.","The O.W. Lee Classico Dining Side Chair reflects traditional European elegance with a refined, timeless silhouette. Ornate detailing, including embossed flat bar and rivet accents, gives this outdoor dining side chair a classic presence well suited for formal and casual outdoor dining spaces. O.W. Lee is renowned for its exceptional quality, supported by an industry-leading warranty. Our frames are covered by a 20-year structural warranty, and the finish is guaranteed against fading, blistering, and peeling for 5 years. Cushions and fabrics are also backed by a 5-year warranty. With a selection of 10 elegant frame finishes and over 100 fabric options, customers can easily customize each piece to seamlessly complement their individual style.",Dining,cat-dining,Wrought Iron,wrought-iron,,,,,,,fixed,19.00,"H 36.5"" × W 20.25"" × D 25.5""","{""height_in"":""36.5"",""collection"":""Classico"",""weight_lbs"":""19"",""arm_height_in"":""—"",""seat_height_in"":""18"",""spec_sheet_pdf"":""https://www.owlee.com/wp-content/uploads/2021/11/Classico_Retail_SpecSheets_2026_951-S.pdf"",""depth_length_in"":""25.5"",""width_diameter_in"":""20.25""}","[""o-w-lee"",""classico"",""made-in-usa""]",false,true,true,true,false,,32,0,true,2026-05-03 01:40:46.8558+00,2026-06-17 00:27:47.104+00,[],[],[],"[{""finish_id"":11,""item_number"":""TG68"",""name"":""Carbon Black"",""description"":""Frame Finish"",""collection"":null,""image_url"":""https://www.owlee.com/wp-content/uploads/2025/12/finishes_0001_TG68-Carbon-Black.jpg"",""display_order"":0},{""finish_id"":12,""item_number"":""SP50"",""name"":""Copper Creek"",""description"":""Frame Finish"",""collection"":null,""image_url"":""https://www.owlee.com/wp-content/uploads/2025/12/finishes_0004_SP50-Copper-Creek.jpg"",""display_order"":0},{""finish_id"":13,""item_number"":""SP42"",""name"":""Espresso"",""description"":""Frame Finish"",""collection"":null,""image_url"":""https://www.owlee.com/wp-content/uploads/2025/12/finishes_0005_SP42-Espresso.jpg"",""display_order"":0},{""finish_id"":14,""item_number"":""SP21"",""name"":""Graphite"",""description"":""Frame Finish"",""collection"":null,""image_url"":""https://www.owlee.com/wp-content/uploads/2025/12/finishes_0007_SP21-Graphite.jpg"",""display_order"":0},{""finish_id"":15,""item_number"":""SP11"",""name"":""Rosewood"",""description"":""Frame Finish"",""collection"":null,""image_url"":""https://www.owlee.com/wp-content/uploads/2025/12/finishes_0008_SP11-Rosewood.jpg"",""display_order"":0},{""finish_id"":16,""item_number"":""SP22"",""name"":""Sable"",""description"":""Frame Finish"",""collection"":null,""image_url"":""https://www.owlee.com/wp-content/uploads/2025/12/finishes_0006_SP22-Sable.jpg"",""display_order"":0},{""finish_id"":17,""item_number"":""AZ53"",""name"":""Sand Dollar"",""description"":""Frame Finish"",""collection"":null,""image_url"":""https://www.owlee.com/wp-content/uploads/2025/12/finishes_0009_AZ53-Sand-Dollar.jpg"",""display_order"":0},{""finish_id"":18,""item_number"":""TC20"",""name"":""Sandalwood"",""description"":""Frame Finish"",""collection"":null,""image_url"":""https://www.owlee.com/wp-content/uploads/2025/12/finishes_0003_TC20-Sandalwood.jpg"",""display_order"":0},{""finish_id"":19,""item_number"":""TG56"",""name"":""Shadow Grey"",""description"":""Frame Finish"",""collection"":null,""image_url"":""https://www.owlee.com/wp-content/uploads/2025/12/finishes_0002_TG56-Shadow-Grey.jpg"",""display_order"":0},{""finish_id"":20,""item_number"":""VT25"",""name"":""Velvet White"",""description"":""Frame Finish"",""collection"":null,""image_url"":""https://www.owlee.com/wp-content/uploads/2025/12/finishes_0000_VT25-Velvet-White.jpg"",""display_order"":0}]",[],"[{""url"":""https://641bdd57-e650-4f10-a19f-628c07eb50b7-00-1e7i1aja8wnz9.worf.replit.dev/api/storage/objects/products/owlee-v2/951-S_Classico_Classico_Dining_Side_Chair.jpg"",""alt_text"":null,""is_primary"":true,""display_order"":0,""image_kind"":""gallery"",""variant_id"":null}]",[]
O.W. Lee,o-w-lee,2060,951-SBS,Classico Armless Swivel Bar Stool,owlee-classico-armless-swivel-bar-stool-951-sbs,"The O.W. Lee Classico Armless Swivel Bar Stool brings classic European influence to bar-height outdoor spaces. Its clean silhouette, decorative accents, and swivel functionality create a refined outdoor bar stool ideal for entertaining. O.W. Lee is renowned for its exceptional quality, supported by an industry-leading warranty. Our frames are covered by a 20-year structural warranty, and the finish is guaranteed against fading, blistering, and peeling for 5 years. Cushions and fabrics are also backed by a 5-year warranty. With a selection of 10 elegant frame finishes and over 100 fabric options, customers can easily customize each piece to seamlessly complement their individual style.","The O.W. Lee Classico Armless Swivel Bar Stool brings classic European influence to bar-height outdoor spaces. Its clean silhouette, decorative accents, and swivel functionality create a refined outdoor bar stool ideal for entertaining. O.W. Lee is renowned for its exceptional quality, supported by an industry-leading warranty. Our frames are covered by a 20-year structural warranty, and the finish is guaranteed against fading, blistering, and peeling for 5 years. Cushions and fabrics are also backed by a 5-year warranty. With a selection of 10 elegant frame finishes and over 100 fabric options, customers can easily customize each piece to seamlessly complement their individual style.",Dining,cat-dining,Wrought Iron,wrought-iron,,,,,,,fixed,30.00,"H 50"" × W 20.25"" × D 25.5""","{""height_in"":""50"",""collection"":""Classico"",""weight_lbs"":""30"",""arm_height_in"":""—"",""seat_height_in"":""31.5"",""spec_sheet_pdf"":""https://www.owlee.com/collections/wrought-iron-steel/classico-armless-swivel-bar-stool/"",""depth_length_in"":""25.5"",""width_diameter_in"":""20.25""}","[""o-w-lee"",""classico"",""made-in-usa""]",false,true,true,true,false,,37,0,true,2026-05-03 01:40:46.873836+00,2026-06-17 00:27:47.135+00,[],[],[],"[{""finish_id"":11,""item_number"":""TG68"",""name"":""Carbon Black"",""description"":""Frame Finish"",""collection"":null,""image_url"":""https://www.owlee.com/wp-content/uploads/2025/12/finishes_0001_TG68-Carbon-Black.jpg"",""display_order"":0},{""finish_id"":12,""item_number"":""SP50"",""name"":""Copper Creek"",""description"":""Frame Finish"",""collection"":null,""image_url"":""https://www.owlee.com/wp-content/uploads/2025/12/finishes_0004_SP50-Copper-Creek.jpg"",""display_order"":0},{""finish_id"":13,""item_number"":""SP42"",""name"":""Espresso"",""description"":""Frame Finish"",""collection"":null,""image_url"":""https://www.owlee.com/wp-content/uploads/2025/12/finishes_0005_SP42-Espresso.jpg"",""display_order"":0},{""finish_id"":14,""item_number"":""SP21"",""name"":""Graphite"",""description"":""Frame Finish"",""collection"":null,""image_url"":""https://www.owlee.com/wp-content/uploads/2025/12/finishes_0007_SP21-Graphite.jpg"",""display_order"":0},{""finish_id"":15,""item_number"":""SP11"",""name"":""Rosewood"",""description"":""Frame Finish"",""collection"":null,""image_url"":""https://www.owlee.com/wp-content/uploads/2025/12/finishes_0008_SP11-Rosewood.jpg"",""display_order"":0},{""finish_id"":16,""item_number"":""SP22"",""name"":""Sable"",""description"":""Frame Finish"",""collection"":null,""image_url"":""https://www.owlee.com/wp-content/uploads/2025/12/finishes_0006_SP22-Sable.jpg"",""display_order"":0},{""finish_id"":17,""item_number"":""AZ53"",""name"":""Sand Dollar"",""description"":""Frame Finish"",""collection"":null,""image_url"":""https://www.owlee.com/wp-content/uploads/2025/12/finishes_0009_AZ53-Sand-Dollar.jpg"",""display_order"":0},{""finish_id"":18,""item_number"":""TC20"",""name"":""Sandalwood"",""description"":""Frame Finish"",""collection"":null,""image_url"":""https://www.owlee.com/wp-content/uploads/2025/12/finishes_0003_TC20-Sandalwood.jpg"",""display_order"":0},{""finish_id"":19,""item_number"":""TG56"",""name"":""Shadow Grey"",""description"":""Frame Finish"",""collection"":null,""image_url"":""https://www.owlee.com/wp-content/uploads/2025/12/finishes_0002_TG56-Shadow-Grey.jpg"",""display_order"":0},{""finish_id"":20,""item_number"":""VT25"",""name"":""Velvet White"",""description"":""Frame Finish"",""collection"":null,""image_url"":""https://www.owlee.com/wp-content/uploads/2025/12/finishes_0000_VT25-Velvet-White.jpg"",""display_order"":0}]",[],"[{""url"":""https://641bdd57-e650-4f10-a19f-628c07eb50b7-00-1e7i1aja8wnz9.worf.replit.dev/api/storage/objects/products/owlee-v2/951-SBS_Classico_Classico_Armless_Swivel_Bar_Stool.jpg"",""alt_text"":null,""is_primary"":true,""display_order"":0,""image_kind"":""gallery"",""variant_id"":null}]",[]
O.W. Lee,o-w-lee,2054,951-SCS,Classico Armless Swivel Counter Stool,owlee-classico-armless-swivel-counter-stool-951-scs,"The O.W. Lee Classico Armless Swivel Counter Stool offers elevated seating with a streamlined, traditional profile. Ornate metal detailing and smooth swivel motion make this outdoor counter-height stool both functional and visually timeless. O.W. Lee is renowned for its exceptional quality, supported by an industry-leading warranty. Our frames are covered by a 20-year structural warranty, and the finish is guaranteed against fading, blistering, and peeling for 5 years. Cushions and fabrics are also backed by a 5-year warranty. With a selection of 10 elegant frame finishes and over 100 fabric options, customers can easily customize each piece to seamlessly complement their individual style.","The O.W. Lee Classico Armless Swivel Counter Stool offers elevated seating with a streamlined, traditional profile. Ornate metal detailing and smooth swivel motion make this outdoor counter-height stool both functional and visually timeless. O.W. Lee is renowned for its exceptional quality, supported by an industry-leading warranty. Our frames are covered by a 20-year structural warranty, and the finish is guaranteed against fading, blistering, and peeling for 5 years. Cushions and fabrics are also backed by a 5-year warranty. With a selection of 10 elegant frame finishes and over 100 fabric options, customers can easily customize each piece to seamlessly complement their individual style.",Dining,cat-dining,Wrought Iron,wrought-iron,,,,,,,fixed,40.00,"H 46"" × W 20.25"" × D 25.5""","{""height_in"":""46"",""collection"":""Classico"",""weight_lbs"":""40"",""arm_height_in"":""—"",""seat_height_in"":""27.5"",""spec_sheet_pdf"":""https://www.owlee.com/wp-content/uploads/2021/11/Classico_Retail_SpecSheets_2026_951-SCS-Swivel-Counter-Armless.pdf"",""depth_length_in"":""25.5"",""width_diameter_in"":""20.25""}","[""o-w-lee"",""classico"",""made-in-usa""]",false,true,true,true,false,,31,0,true,2026-05-03 01:40:46.851935+00,2026-06-17 00:27:47.1+00,[],[],[],[],[],"[{""url"":""https://641bdd57-e650-4f10-a19f-628c07eb50b7-00-1e7i1aja8wnz9.worf.replit.dev/api/storage/objects/products/owlee-v2/951-SCS_Classico_Classico_Collection_Armless_Swivel_Counter_Stool.jpg"",""alt_text"":null,""is_primary"":true,""display_order"":0,""image_kind"":""gallery"",""variant_id"":null}]",[]
O.W. Lee,o-w-lee,2053,952-CHW,Classico Adjustable Chaise,owlee-classico-adjustable-chaise-952-chw,"The O.W. Lee Classico Chaise Lounge brings traditional European style to poolside and patio relaxation. Its elegant frame and comfortable reclining design create a timeless outdoor chaise lounge ideal for leisurely outdoor living. O.W. Lee is renowned for its exceptional quality, supported by an industry-leading warranty. Our frames are covered by a 20-year structural warranty, and the finish is guaranteed against fading, blistering, and peeling for 5 years. Cushions and fabrics are also backed by a 5-year warranty. With a selection of 10 elegant frame finishes and over 100 fabric options, customers can easily customize each piece to seamlessly complement their individual style.","The O.W. Lee Classico Chaise Lounge brings traditional European style to poolside and patio relaxation. Its elegant frame and comfortable reclining design create a timeless outdoor chaise lounge ideal for leisurely outdoor living. O.W. Lee is renowned for its exceptional quality, supported by an industry-leading warranty. Our frames are covered by a 20-year structural warranty, and the finish is guaranteed against fading, blistering, and peeling for 5 years. Cushions and fabrics are also backed by a 5-year warranty. With a selection of 10 elegant frame finishes and over 100 fabric options, customers can easily customize each piece to seamlessly complement their individual style.",Chaise Lounges,cat-chaise-lounges,Wrought Iron,wrought-iron,,,,,,,fixed,72.00,"H 40.25"" × W 28"" × D 68""","{""height_in"":""40.25"",""collection"":""Classico"",""weight_lbs"":""72"",""arm_height_in"":""22.5"",""seat_height_in"":""19"",""spec_sheet_pdf"":""https://www.owlee.com/wp-content/uploads/2021/11/Classico_Retail_SpecSheets_2026_952-CHW-Chaise.pdf"",""depth_length_in"":""68"",""width_diameter_in"":""28""}","[""o-w-lee"",""classico"",""made-in-usa""]",false,true,true,true,false,,30,0,true,2026-05-03 01:40:46.84828+00,2026-06-17 00:27:47.094+00,[],[],[],"[{""finish_id"":11,""item_number"":""TG68"",""name"":""Carbon Black"",""description"":""Frame Finish"",""collection"":null,""image_url"":""https://www.owlee.com/wp-content/uploads/2025/12/finishes_0001_TG68-Carbon-Black.jpg"",""display_order"":0},{""finish_id"":12,""item_number"":""SP50"",""name"":""Copper Creek"",""description"":""Frame Finish"",""collection"":null,""image_url"":""https://www.owlee.com/wp-content/uploads/2025/12/finishes_0004_SP50-Copper-Creek.jpg"",""display_order"":0},{""finish_id"":13,""item_number"":""SP42"",""name"":""Espresso"",""description"":""Frame Finish"",""collection"":null,""image_url"":""https://www.owlee.com/wp-content/uploads/2025/12/finishes_0005_SP42-Espresso.jpg"",""display_order"":0},{""finish_id"":14,""item_number"":""SP21"",""name"":""Graphite"",""description"":""Frame Finish"",""collection"":null,""image_url"":""https://www.owlee.com/wp-content/uploads/2025/12/finishes_0007_SP21-Graphite.jpg"",""display_order"":0},{""finish_id"":15,""item_number"":""SP11"",""name"":""Rosewood"",""description"":""Frame Finish"",""collection"":null,""image_url"":""https://www.owlee.com/wp-content/uploads/2025/12/finishes_0008_SP11-Rosewood.jpg"",""display_order"":0},{""finish_id"":16,""item_number"":""SP22"",""name"":""Sable"",""description"":""Frame Finish"",""collection"":null,""image_url"":""https://www.owlee.com/wp-content/uploads/2025/12/finishes_0006_SP22-Sable.jpg"",""display_order"":0},{""finish_id"":17,""item_number"":""AZ53"",""name"":""Sand Dollar"",""description"":""Frame Finish"",""collection"":null,""image_url"":""https://www.owlee.com/wp-content/uploads/2025/12/finishes_0009_AZ53-Sand-Dollar.jpg"",""display_order"":0},{""finish_id"":18,""item_number"":""TC20"",""name"":""Sandalwood"",""description"":""Frame Finish"",""collection"":null,""image_url"":""https://www.owlee.com/wp-content/uploads/2025/12/finishes_0003_TC20-Sandalwood.jpg"",""display_order"":0},{""finish_id"":19,""item_number"":""TG56"",""name"":""Shadow Grey"",""description"":""Frame Finish"",""collection"":null,""image_url"":""https://www.owlee.com/wp-content/uploads/2025/12/finishes_0002_TG56-Shadow-Grey.jpg"",""display_order"":0},{""finish_id"":20,""item_number"":""VT25"",""name"":""Velvet White"",""description"":""Frame Finish"",""collection"":null,""image_url"":""https://www.owlee.com/wp-content/uploads/2025/12/finishes_0000_VT25-Velvet-White.jpg"",""display_order"":0}]",[],"[{""url"":""https://641bdd57-e650-4f10-a19f-628c07eb50b7-00-1e7i1aja8wnz9.worf.replit.dev/api/storage/objects/products/owlee-v2/952-CHW_Classico_Adjustable_Chaise.jpg"",""alt_text"":null,""is_primary"":true,""display_order"":0,""image_kind"":""gallery"",""variant_id"":null}]",[]
O.W. Lee,o-w-lee,2056,953-AW,Classico Dining Arm Chair,owlee-classico-dining-arm-chair-953-aw,"The O.W. Lee Classico Dining Arm Chair brings graceful proportions and decorative craftsmanship to outdoor dining. Featuring classic lines and detailed metalwork, this outdoor dining arm chair offers comfortable support while reinforcing the collection’s traditional aesthetic. O.W. Lee is renowned for its exceptional quality, supported by an industry-leading warranty. Our frames are covered by a 20-year structural warranty, and the finish is guaranteed against fading, blistering, and peeling for 5 years. Cushions and fabrics are also backed by a 5-year warranty. With a selection of 10 elegant frame finishes and over 100 fabric options, customers can easily customize each piece to seamlessly complement their individual style.","The O.W. Lee Classico Dining Arm Chair brings graceful proportions and decorative craftsmanship to outdoor dining. Featuring classic lines and detailed metalwork, this outdoor dining arm chair offers comfortable support while reinforcing the collection’s traditional aesthetic. O.W. Lee is renowned for its exceptional quality, supported by an industry-leading warranty. Our frames are covered by a 20-year structural warranty, and the finish is guaranteed against fading, blistering, and peeling for 5 years. Cushions and fabrics are also backed by a 5-year warranty. With a selection of 10 elegant frame finishes and over 100 fabric options, customers can easily customize each piece to seamlessly complement their individual style.",Dining,cat-dining,Wrought Iron,wrought-iron,,,,,,,fixed,27.00,"H 36.5"" × W 22.75"" × D 25.5""","{""height_in"":""36.5"",""collection"":""Classico"",""weight_lbs"":""27"",""arm_height_in"":""—"",""seat_height_in"":""18"",""spec_sheet_pdf"":""https://www.owlee.com/wp-content/uploads/2021/11/Classico_Retail_SpecSheets_2026_953-AW-Dining-Arm-Chair.pdf"",""depth_length_in"":""25.5"",""width_diameter_in"":""22.75""}","[""o-w-lee"",""classico"",""made-in-usa""]",false,true,true,true,false,,33,0,true,2026-05-03 01:40:46.859119+00,2026-06-17 00:27:47.11+00,[],[],[],"[{""finish_id"":11,""item_number"":""TG68"",""name"":""Carbon Black"",""description"":""Frame Finish"",""collection"":null,""image_url"":""https://www.owlee.com/wp-content/uploads/2025/12/finishes_0001_TG68-Carbon-Black.jpg"",""display_order"":0},{""finish_id"":12,""item_number"":""SP50"",""name"":""Copper Creek"",""description"":""Frame Finish"",""collection"":null,""image_url"":""https://www.owlee.com/wp-content/uploads/2025/12/finishes_0004_SP50-Copper-Creek.jpg"",""display_order"":0},{""finish_id"":13,""item_number"":""SP42"",""name"":""Espresso"",""description"":""Frame Finish"",""collection"":null,""image_url"":""https://www.owlee.com/wp-content/uploads/2025/12/finishes_0005_SP42-Espresso.jpg"",""display_order"":0},{""finish_id"":14,""item_number"":""SP21"",""name"":""Graphite"",""description"":""Frame Finish"",""collection"":null,""image_url"":""https://www.owlee.com/wp-content/uploads/2025/12/finishes_0007_SP21-Graphite.jpg"",""display_order"":0},{""finish_id"":15,""item_number"":""SP11"",""name"":""Rosewood"",""description"":""Frame Finish"",""collection"":null,""image_url"":""https://www.owlee.com/wp-content/uploads/2025/12/finishes_0008_SP11-Rosewood.jpg"",""display_order"":0},{""finish_id"":16,""item_number"":""SP22"",""name"":""Sable"",""description"":""Frame Finish"",""collection"":null,""image_url"":""https://www.owlee.com/wp-content/uploads/2025/12/finishes_0006_SP22-Sable.jpg"",""display_order"":0},{""finish_id"":17,""item_number"":""AZ53"",""name"":""Sand Dollar"",""description"":""Frame Finish"",""collection"":null,""image_url"":""https://www.owlee.com/wp-content/uploads/2025/12/finishes_0009_AZ53-Sand-Dollar.jpg"",""display_order"":0},{""finish_id"":18,""item_number"":""TC20"",""name"":""Sandalwood"",""description"":""Frame Finish"",""collection"":null,""image_url"":""https://www.owlee.com/wp-content/uploads/2025/12/finishes_0003_TC20-Sandalwood.jpg"",""display_order"":0},{""finish_id"":19,""item_number"":""TG56"",""name"":""Shadow Grey"",""description"":""Frame Finish"",""collection"":null,""image_url"":""https://www.owlee.com/wp-content/uploads/2025/12/finishes_0002_TG56-Shadow-Grey.jpg"",""display_order"":0},{""finish_id"":20,""item_number"":""VT25"",""name"":""Velvet White"",""description"":""Frame Finish"",""collection"":null,""image_url"":""https://www.owlee.com/wp-content/uploads/2025/12/finishes_0000_VT25-Velvet-White.jpg"",""display_order"":0}]",[],"[{""url"":""https://641bdd57-e650-4f10-a19f-628c07eb50b7-00-1e7i1aja8wnz9.worf.replit.dev/api/storage/objects/products/owlee-v2/953-AW_Classico_Classico_Dining_Arm_Chair.jpg"",""alt_text"":null,""is_primary"":true,""display_order"":0,""image_kind"":""gallery"",""variant_id"":null}]",[]
O.W. Lee,o-w-lee,2061,953-SBSW,Classico Swivel Bar Stool With Arms,owlee-classico-swivel-bar-stool-with-arms-953-sbsw,"The O.W. Lee Classico Swivel Bar Stool with Arms offers elevated comfort with timeless appeal. Ornate accents, supportive arms, and swivel functionality make this outdoor bar-height stool a classic choice for refined outdoor entertaining spaces. O.W. Lee is renowned for its exceptional quality, supported by an industry-leading warranty. Our frames are covered by a 20-year structural warranty, and the finish is guaranteed against fading, blistering, and peeling for 5 years. Cushions and fabrics are also backed by a 5-year warranty. With a selection of 10 elegant frame finishes and over 100 fabric options, customers can easily customize each piece to seamlessly complement their individual style.","The O.W. Lee Classico Swivel Bar Stool with Arms offers elevated comfort with timeless appeal. Ornate accents, supportive arms, and swivel functionality make this outdoor bar-height stool a classic choice for refined outdoor entertaining spaces. O.W. Lee is renowned for its exceptional quality, supported by an industry-leading warranty. Our frames are covered by a 20-year structural warranty, and the finish is guaranteed against fading, blistering, and peeling for 5 years. Cushions and fabrics are also backed by a 5-year warranty. With a selection of 10 elegant frame finishes and over 100 fabric options, customers can easily customize each piece to seamlessly complement their individual style.",Dining,cat-dining,Wrought Iron,wrought-iron,,,,,,,fixed,41.00,"H 50"" × W 22.75"" × D 25.75""","{""height_in"":""50"",""collection"":""Classico"",""weight_lbs"":""41"",""arm_height_in"":""39.5"",""seat_height_in"":""31.5"",""spec_sheet_pdf"":""https://www.owlee.com/wp-content/uploads/2021/11/Classico_Retail_SpecSheets_2026_953-SBSW-Swivel-Bar-Stool-with-Arms.pdf"",""depth_length_in"":""25.75"",""width_diameter_in"":""22.75""}","[""o-w-lee"",""classico"",""made-in-usa""]",false,true,true,true,false,,38,0,true,2026-05-03 01:40:46.877822+00,2026-06-17 00:27:47.141+00,[],[],[],"[{""finish_id"":11,""item_number"":""TG68"",""name"":""Carbon Black"",""description"":""Frame Finish"",""collection"":null,""image_url"":""https://www.owlee.com/wp-content/uploads/2025/12/finishes_0001_TG68-Carbon-Black.jpg"",""display_order"":0},{""finish_id"":12,""item_number"":""SP50"",""name"":""Copper Creek"",""description"":""Frame Finish"",""collection"":null,""image_url"":""https://www.owlee.com/wp-content/uploads/2025/12/finishes_0004_SP50-Copper-Creek.jpg"",""display_order"":0},{""finish_id"":13,""item_number"":""SP42"",""name"":""Espresso"",""description"":""Frame Finish"",""collection"":null,""image_url"":""https://www.owlee.com/wp-content/uploads/2025/12/finishes_0005_SP42-Espresso.jpg"",""display_order"":0},{""finish_id"":14,""item_number"":""SP21"",""name"":""Graphite"",""description"":""Frame Finish"",""collection"":null,""image_url"":""https://www.owlee.com/wp-content/uploads/2025/12/finishes_0007_SP21-Graphite.jpg"",""display_order"":0},{""finish_id"":15,""item_number"":""SP11"",""name"":""Rosewood"",""description"":""Frame Finish"",""collection"":null,""image_url"":""https://www.owlee.com/wp-content/uploads/2025/12/finishes_0008_SP11-Rosewood.jpg"",""display_order"":0},{""finish_id"":16,""item_number"":""SP22"",""name"":""Sable"",""description"":""Frame Finish"",""collection"":null,""image_url"":""https://www.owlee.com/wp-content/uploads/2025/12/finishes_0006_SP22-Sable.jpg"",""display_order"":0},{""finish_id"":17,""item_number"":""AZ53"",""name"":""Sand Dollar"",""description"":""Frame Finish"",""collection"":null,""image_url"":""https://www.owlee.com/wp-content/uploads/2025/12/finishes_0009_AZ53-Sand-Dollar.jpg"",""display_order"":0},{""finish_id"":18,""item_number"":""TC20"",""name"":""Sandalwood"",""description"":""Frame Finish"",""collection"":null,""image_url"":""https://www.owlee.com/wp-content/uploads/2025/12/finishes_0003_TC20-Sandalwood.jpg"",""display_order"":0},{""finish_id"":19,""item_number"":""TG56"",""name"":""Shadow Grey"",""description"":""Frame Finish"",""collection"":null,""image_url"":""https://www.owlee.com/wp-content/uploads/2025/12/finishes_0002_TG56-Shadow-Grey.jpg"",""display_order"":0},{""finish_id"":20,""item_number"":""VT25"",""name"":""Velvet White"",""description"":""Frame Finish"",""collection"":null,""image_url"":""https://www.owlee.com/wp-content/uploads/2025/12/finishes_0000_VT25-Velvet-White.jpg"",""display_order"":0}]",[],"[{""url"":""https://641bdd57-e650-4f10-a19f-628c07eb50b7-00-1e7i1aja8wnz9.worf.replit.dev/api/storage/objects/products/owlee-v2/953-SBSW_Classico_Swivel_Bar_Stool_With_Arms.jpg"",""alt_text"":null,""is_primary"":true,""display_order"":0,""image_kind"":""gallery"",""variant_id"":null}]",[]
O.W. Lee,o-w-lee,2059,953-SCSW,Classico Swivel Counter Stool With Arms,owlee-classico-swivel-counter-stool-with-arms-953-scsw,"The O.W. Lee Classico Swivel Counter Stool with Arms pairs traditional detailing with added comfort and support. Featuring elegant armrests and smooth swivel motion, this counter-height outdoor stool delivers both sophistication and ease of use. O.W. Lee is renowned for its exceptional quality, supported by an industry-leading warranty. Our frames are covered by a 20-year structural warranty, and the finish is guaranteed against fading, blistering, and peeling for 5 years. Cushions and fabrics are also backed by a 5-year warranty. With a selection of 10 elegant frame finishes and over 100 fabric options, customers can easily customize each piece to seamlessly complement their individual style.","The O.W. Lee Classico Swivel Counter Stool with Arms pairs traditional detailing with added comfort and support. Featuring elegant armrests and smooth swivel motion, this counter-height outdoor stool delivers both sophistication and ease of use. O.W. Lee is renowned for its exceptional quality, supported by an industry-leading warranty. Our frames are covered by a 20-year structural warranty, and the finish is guaranteed against fading, blistering, and peeling for 5 years. Cushions and fabrics are also backed by a 5-year warranty. With a selection of 10 elegant frame finishes and over 100 fabric options, customers can easily customize each piece to seamlessly complement their individual style.",Dining,cat-dining,Wrought Iron,wrought-iron,,,,,,,fixed,39.00,"H 46"" × W 22.75"" × D 25.75""","{""height_in"":""46"",""collection"":""Classico"",""weight_lbs"":""39"",""arm_height_in"":""—"",""seat_height_in"":""27.5"",""spec_sheet_pdf"":""https://www.owlee.com/wp-content/uploads/2021/11/Classico_Retail_SpecSheets_2026_953-SCSW-Swivel-Counter-Stool-with-Arms.pdf"",""depth_length_in"":""25.75"",""width_diameter_in"":""22.75""}","[""o-w-lee"",""classico"",""made-in-usa""]",false,true,true,true,false,,36,0,true,2026-05-03 01:40:46.869759+00,2026-06-17 00:27:47.128+00,[],[],[],"[{""finish_id"":11,""item_number"":""TG68"",""name"":""Carbon Black"",""description"":""Frame Finish"",""collection"":null,""image_url"":""https://www.owlee.com/wp-content/uploads/2025/12/finishes_0001_TG68-Carbon-Black.jpg"",""display_order"":0},{""finish_id"":12,""item_number"":""SP50"",""name"":""Copper Creek"",""description"":""Frame Finish"",""collection"":null,""image_url"":""https://www.owlee.com/wp-content/uploads/2025/12/finishes_0004_SP50-Copper-Creek.jpg"",""display_order"":0},{""finish_id"":13,""item_number"":""SP42"",""name"":""Espresso"",""description"":""Frame Finish"",""collection"":null,""image_url"":""https://www.owlee.com/wp-content/uploads/2025/12/finishes_0005_SP42-Espresso.jpg"",""display_order"":0},{""finish_id"":14,""item_number"":""SP21"",""name"":""Graphite"",""description"":""Frame Finish"",""collection"":null,""image_url"":""https://www.owlee.com/wp-content/uploads/2025/12/finishes_0007_SP21-Graphite.jpg"",""display_order"":0},{""finish_id"":15,""item_number"":""SP11"",""name"":""Rosewood"",""description"":""Frame Finish"",""collection"":null,""image_url"":""https://www.owlee.com/wp-content/uploads/2025/12/finishes_0008_SP11-Rosewood.jpg"",""display_order"":0},{""finish_id"":16,""item_number"":""SP22"",""name"":""Sable"",""description"":""Frame Finish"",""collection"":null,""image_url"":""https://www.owlee.com/wp-content/uploads/2025/12/finishes_0006_SP22-Sable.jpg"",""display_order"":0},{""finish_id"":17,""item_number"":""AZ53"",""name"":""Sand Dollar"",""description"":""Frame Finish"",""collection"":null,""image_url"":""https://www.owlee.com/wp-content/uploads/2025/12/finishes_0009_AZ53-Sand-Dollar.jpg"",""display_order"":0},{""finish_id"":18,""item_number"":""TC20"",""name"":""Sandalwood"",""description"":""Frame Finish"",""collection"":null,""image_url"":""https://www.owlee.com/wp-content/uploads/2025/12/finishes_0003_TC20-Sandalwood.jpg"",""display_order"":0},{""finish_id"":19,""item_number"":""TG56"",""name"":""Shadow Grey"",""description"":""Frame Finish"",""collection"":null,""image_url"":""https://www.owlee.com/wp-content/uploads/2025/12/finishes_0002_TG56-Shadow-Grey.jpg"",""display_order"":0},{""finish_id"":20,""item_number"":""VT25"",""name"":""Velvet White"",""description"":""Frame Finish"",""collection"":null,""image_url"":""https://www.owlee.com/wp-content/uploads/2025/12/finishes_0000_VT25-Velvet-White.jpg"",""display_order"":0}]",[],"[{""url"":""https://641bdd57-e650-4f10-a19f-628c07eb50b7-00-1e7i1aja8wnz9.worf.replit.dev/api/storage/objects/products/owlee-v2/953-SCSW_Classico_Classico_Swivel_Counter_Stool_With_Arms.jpg"",""alt_text"":null,""is_primary"":true,""display_order"":0,""image_kind"":""gallery"",""variant_id"":null}]",[]
O.W. Lee,o-w-lee,2057,953-SRW,Classico Swivel Rocker Dining Arm Chair,owlee-classico-swivel-rocker-dining-arm-chair-953-srw,"The O.W. Lee Classico Swivel Rocker Dining Arm Chair combines Old World design with relaxed functionality. Smooth swivel and gentle rocking motion enhance comfort, while embossed detailing and rivets lend timeless character to this outdoor swivel dining chair. O.W. Lee is renowned for its exceptional quality, supported by an industry-leading warranty. Our frames are covered by a 20-year structural warranty, and the finish is guaranteed against fading, blistering, and peeling for 5 years. Cushions and fabrics are also backed by a 5-year warranty. With a selection of 10 elegant frame finishes and over 100 fabric options, customers can easily customize each piece to seamlessly complement their individual style.","The O.W. Lee Classico Swivel Rocker Dining Arm Chair combines Old World design with relaxed functionality. Smooth swivel and gentle rocking motion enhance comfort, while embossed detailing and rivets lend timeless character to this outdoor swivel dining chair. O.W. Lee is renowned for its exceptional quality, supported by an industry-leading warranty. Our frames are covered by a 20-year structural warranty, and the finish is guaranteed against fading, blistering, and peeling for 5 years. Cushions and fabrics are also backed by a 5-year warranty. With a selection of 10 elegant frame finishes and over 100 fabric options, customers can easily customize each piece to seamlessly complement their individual style.",Dining,cat-dining,Wrought Iron,wrought-iron,,,,,,,fixed,35.00,"H 36.5"" × W 22.75"" × D 25.5""","{""height_in"":""36.5"",""collection"":""Classico"",""weight_lbs"":""35"",""arm_height_in"":""26"",""seat_height_in"":""18"",""spec_sheet_pdf"":""https://www.owlee.com/wp-content/uploads/2021/11/Classico_Retail_SpecSheets_2026_953-SRW-Swivel-Rocker-Dining.pdf"",""depth_length_in"":""25.5"",""width_diameter_in"":""22.75""}","[""o-w-lee"",""classico"",""made-in-usa""]",false,true,true,true,false,,34,0,true,2026-05-03 01:40:46.862322+00,2026-06-17 00:27:47.116+00,[],[],[],"[{""finish_id"":11,""item_number"":""TG68"",""name"":""Carbon Black"",""description"":""Frame Finish"",""collection"":null,""image_url"":""https://www.owlee.com/wp-content/uploads/2025/12/finishes_0001_TG68-Carbon-Black.jpg"",""display_order"":0},{""finish_id"":12,""item_number"":""SP50"",""name"":""Copper Creek"",""description"":""Frame Finish"",""collection"":null,""image_url"":""https://www.owlee.com/wp-content/uploads/2025/12/finishes_0004_SP50-Copper-Creek.jpg"",""display_order"":0},{""finish_id"":13,""item_number"":""SP42"",""name"":""Espresso"",""description"":""Frame Finish"",""collection"":null,""image_url"":""https://www.owlee.com/wp-content/uploads/2025/12/finishes_0005_SP42-Espresso.jpg"",""display_order"":0},{""finish_id"":14,""item_number"":""SP21"",""name"":""Graphite"",""description"":""Frame Finish"",""collection"":null,""image_url"":""https://www.owlee.com/wp-content/uploads/2025/12/finishes_0007_SP21-Graphite.jpg"",""display_order"":0},{""finish_id"":15,""item_number"":""SP11"",""name"":""Rosewood"",""description"":""Frame Finish"",""collection"":null,""image_url"":""https://www.owlee.com/wp-content/uploads/2025/12/finishes_0008_SP11-Rosewood.jpg"",""display_order"":0},{""finish_id"":16,""item_number"":""SP22"",""name"":""Sable"",""description"":""Frame Finish"",""collection"":null,""image_url"":""https://www.owlee.com/wp-content/uploads/2025/12/finishes_0006_SP22-Sable.jpg"",""display_order"":0},{""finish_id"":17,""item_number"":""AZ53"",""name"":""Sand Dollar"",""description"":""Frame Finish"",""collection"":null,""image_url"":""https://www.owlee.com/wp-content/uploads/2025/12/finishes_0009_AZ53-Sand-Dollar.jpg"",""display_order"":0},{""finish_id"":18,""item_number"":""TC20"",""name"":""Sandalwood"",""description"":""Frame Finish"",""collection"":null,""image_url"":""https://www.owlee.com/wp-content/uploads/2025/12/finishes_0003_TC20-Sandalwood.jpg"",""display_order"":0},{""finish_id"":19,""item_number"":""TG56"",""name"":""Shadow Grey"",""description"":""Frame Finish"",""collection"":null,""image_url"":""https://www.owlee.com/wp-content/uploads/2025/12/finishes_0002_TG56-Shadow-Grey.jpg"",""display_order"":0},{""finish_id"":20,""item_number"":""VT25"",""name"":""Velvet White"",""description"":""Frame Finish"",""collection"":null,""image_url"":""https://www.owlee.com/wp-content/uploads/2025/12/finishes_0000_VT25-Velvet-White.jpg"",""display_order"":0}]",[],"[{""url"":""https://641bdd57-e650-4f10-a19f-628c07eb50b7-00-1e7i1aja8wnz9.worf.replit.dev/api/storage/objects/products/owlee-v2/953-SRW_Classico_Classico_Swivel_Rocker_Dining_Arm_Chair.jpg"",""alt_text"":null,""is_primary"":true,""display_order"":0,""image_kind"":""gallery"",""variant_id"":null}]",[]
O.W. Lee,o-w-lee,2050,956-2SW,Classico Love Seat,owlee-classico-love-seat-956-2sw,"The O.W. Lee Classico Love Seat offers intimate seating defined by elegant proportions and ornate detailing. Plush cushions and traditional styling make this outdoor love seat a refined addition to patios and courtyards. O.W. Lee is renowned for its exceptional quality, supported by an industry-leading warranty. Our frames are covered by a 20-year structural warranty, and the finish is guaranteed against fading, blistering, and peeling for 5 years. Cushions and fabrics are also backed by a 5-year warranty. With a selection of 10 elegant frame finishes and over 100 fabric options, customers can easily customize each piece to seamlessly complement their individual style.","The O.W. Lee Classico Love Seat offers intimate seating defined by elegant proportions and ornate detailing. Plush cushions and traditional styling make this outdoor love seat a refined addition to patios and courtyards. O.W. Lee is renowned for its exceptional quality, supported by an industry-leading warranty. Our frames are covered by a 20-year structural warranty, and the finish is guaranteed against fading, blistering, and peeling for 5 years. Cushions and fabrics are also backed by a 5-year warranty. With a selection of 10 elegant frame finishes and over 100 fabric options, customers can easily customize each piece to seamlessly complement their individual style.",Deep Seating,cat-deep-seating,Wrought Iron,wrought-iron,,,,,,,fixed,77.00,"H 35.5"" × W 53"" × D 33.75""","{""height_in"":""35.5"",""collection"":""Classico"",""weight_lbs"":""77"",""arm_height_in"":""26.5"",""seat_height_in"":""18"",""spec_sheet_pdf"":""https://www.owlee.com/wp-content/uploads/2021/11/Classico_Retail_SpecSheets_2026_956-2SW-Love-Seat.pdf"",""depth_length_in"":""33.75"",""width_diameter_in"":""53""}","[""o-w-lee"",""classico"",""made-in-usa""]",false,true,true,true,false,,27,0,true,2026-05-03 01:40:46.83735+00,2026-06-17 00:27:47.078+00,[],[],[],"[{""finish_id"":11,""item_number"":""TG68"",""name"":""Carbon Black"",""description"":""Frame Finish"",""collection"":null,""image_url"":""https://www.owlee.com/wp-content/uploads/2025/12/finishes_0001_TG68-Carbon-Black.jpg"",""display_order"":0},{""finish_id"":12,""item_number"":""SP50"",""name"":""Copper Creek"",""description"":""Frame Finish"",""collection"":null,""image_url"":""https://www.owlee.com/wp-content/uploads/2025/12/finishes_0004_SP50-Copper-Creek.jpg"",""display_order"":0},{""finish_id"":13,""item_number"":""SP42"",""name"":""Espresso"",""description"":""Frame Finish"",""collection"":null,""image_url"":""https://www.owlee.com/wp-content/uploads/2025/12/finishes_0005_SP42-Espresso.jpg"",""display_order"":0},{""finish_id"":14,""item_number"":""SP21"",""name"":""Graphite"",""description"":""Frame Finish"",""collection"":null,""image_url"":""https://www.owlee.com/wp-content/uploads/2025/12/finishes_0007_SP21-Graphite.jpg"",""display_order"":0},{""finish_id"":15,""item_number"":""SP11"",""name"":""Rosewood"",""description"":""Frame Finish"",""collection"":null,""image_url"":""https://www.owlee.com/wp-content/uploads/2025/12/finishes_0008_SP11-Rosewood.jpg"",""display_order"":0},{""finish_id"":16,""item_number"":""SP22"",""name"":""Sable"",""description"":""Frame Finish"",""collection"":null,""image_url"":""https://www.owlee.com/wp-content/uploads/2025/12/finishes_0006_SP22-Sable.jpg"",""display_order"":0},{""finish_id"":17,""item_number"":""AZ53"",""name"":""Sand Dollar"",""description"":""Frame Finish"",""collection"":null,""image_url"":""https://www.owlee.com/wp-content/uploads/2025/12/finishes_0009_AZ53-Sand-Dollar.jpg"",""display_order"":0},{""finish_id"":18,""item_number"":""TC20"",""name"":""Sandalwood"",""description"":""Frame Finish"",""collection"":null,""image_url"":""https://www.owlee.com/wp-content/uploads/2025/12/finishes_0003_TC20-Sandalwood.jpg"",""display_order"":0},{""finish_id"":19,""item_number"":""TG56"",""name"":""Shadow Grey"",""description"":""Frame Finish"",""collection"":null,""image_url"":""https://www.owlee.com/wp-content/uploads/2025/12/finishes_0002_TG56-Shadow-Grey.jpg"",""display_order"":0},{""finish_id"":20,""item_number"":""VT25"",""name"":""Velvet White"",""description"":""Frame Finish"",""collection"":null,""image_url"":""https://www.owlee.com/wp-content/uploads/2025/12/finishes_0000_VT25-Velvet-White.jpg"",""display_order"":0}]",[],"[{""url"":""https://641bdd57-e650-4f10-a19f-628c07eb50b7-00-1e7i1aja8wnz9.worf.replit.dev/api/storage/objects/products/owlee-v2/956-2SW_Classico_Classico_Love_Seat.jpg"",""alt_text"":null,""is_primary"":true,""display_order"":0,""image_kind"":""gallery"",""variant_id"":null}]",[]
O.W. Lee,o-w-lee,2051,956-3SW,Classico Sofa,owlee-classico-sofa-956-3sw,"If you’re looking to anchor your outdoor space with something truly timeless, the O.W. Lee Classico Sofa makes a beautiful statement. Designed as a sophisticated focal point, this outdoor sofa features a classic silhouette, elegant decorative accents, and generous seating that invites everyone to gather. Its European-inspired design brings a sense of tradition and refinement to patios, terraces, and outdoor living rooms alike. Crafted with O.W. Lee’s renowned attention to quality, the Classico Sofa is built to stand up to the elements while maintaining its beauty. The wrought iron frame is backed by a 20-year structural warranty, and the finish is guaranteed for 5 years against fading, blistering, and peeling. Plush cushions and performance fabrics are also covered for 5 years, giving you confidence that your investment will look and feel great for years to come. Customization is simple and seamless. With 10 elegant frame finishes and over 100 fabric options, you can tailor the Classico Sofa to perfectly complement your outdoor décor. Whether you’re creating an intimate seating area or a grand outdoor gathering space, this sofa delivers classic style, lasting comfort, and craftsmanship you can trust.","If you’re looking to anchor your outdoor space with something truly timeless, the O.W. Lee Classico Sofa makes a beautiful statement. Designed as a sophisticated focal point, this outdoor sofa features a classic silhouette, elegant decorative accents, and generous seating that invites everyone to gather. Its European-inspired design brings a sense of tradition and refinement to patios, terraces, and outdoor living rooms alike. Crafted with O.W. Lee’s renowned attention to quality, the Classico Sofa is built to stand up to the elements while maintaining its beauty. The wrought iron frame is backed by a 20-year structural warranty, and the finish is guaranteed for 5 years against fading, blistering, and peeling. Plush cushions and performance fabrics are also covered for 5 years, giving you confidence that your investment will look and feel great for years to come. Customization is simple and seamless. With 10 elegant frame finishes and over 100 fabric options, you can tailor the Classico Sofa to perfectly complement your outdoor décor. Whether you’re creating an intimate seating area or a grand outdoor gathering space, this sofa delivers classic style, lasting comfort, and craftsmanship you can trust.",Deep Seating,cat-deep-seating,Wrought Iron,wrought-iron,,,,,,,fixed,104.00,"H 35.5"" × W 76.25"" × D 34""","{""height_in"":""35.5"",""collection"":""Classico"",""weight_lbs"":""104"",""arm_height_in"":""26.5"",""seat_height_in"":""18"",""spec_sheet_pdf"":""https://www.owlee.com/wp-content/uploads/2021/11/Classico_Retail_SpecSheets_2026_956-3SW-Sofa.pdf"",""depth_length_in"":""34"",""width_diameter_in"":""76.25""}","[""o-w-lee"",""classico"",""made-in-usa""]",false,true,true,true,false,,28,0,true,2026-05-03 01:40:46.841408+00,2026-06-17 00:27:47.084+00,[],[],[],"[{""finish_id"":11,""item_number"":""TG68"",""name"":""Carbon Black"",""description"":""Frame Finish"",""collection"":null,""image_url"":""https://www.owlee.com/wp-content/uploads/2025/12/finishes_0001_TG68-Carbon-Black.jpg"",""display_order"":0},{""finish_id"":12,""item_number"":""SP50"",""name"":""Copper Creek"",""description"":""Frame Finish"",""collection"":null,""image_url"":""https://www.owlee.com/wp-content/uploads/2025/12/finishes_0004_SP50-Copper-Creek.jpg"",""display_order"":0},{""finish_id"":13,""item_number"":""SP42"",""name"":""Espresso"",""description"":""Frame Finish"",""collection"":null,""image_url"":""https://www.owlee.com/wp-content/uploads/2025/12/finishes_0005_SP42-Espresso.jpg"",""display_order"":0},{""finish_id"":14,""item_number"":""SP21"",""name"":""Graphite"",""description"":""Frame Finish"",""collection"":null,""image_url"":""https://www.owlee.com/wp-content/uploads/2025/12/finishes_0007_SP21-Graphite.jpg"",""display_order"":0},{""finish_id"":15,""item_number"":""SP11"",""name"":""Rosewood"",""description"":""Frame Finish"",""collection"":null,""image_url"":""https://www.owlee.com/wp-content/uploads/2025/12/finishes_0008_SP11-Rosewood.jpg"",""display_order"":0},{""finish_id"":16,""item_number"":""SP22"",""name"":""Sable"",""description"":""Frame Finish"",""collection"":null,""image_url"":""https://www.owlee.com/wp-content/uploads/2025/12/finishes_0006_SP22-Sable.jpg"",""display_order"":0},{""finish_id"":17,""item_number"":""AZ53"",""name"":""Sand Dollar"",""description"":""Frame Finish"",""collection"":null,""image_url"":""https://www.owlee.com/wp-content/uploads/2025/12/finishes_0009_AZ53-Sand-Dollar.jpg"",""display_order"":0},{""finish_id"":18,""item_number"":""TC20"",""name"":""Sandalwood"",""description"":""Frame Finish"",""collection"":null,""image_url"":""https://www.owlee.com/wp-content/uploads/2025/12/finishes_0003_TC20-Sandalwood.jpg"",""display_order"":0},{""finish_id"":19,""item_number"":""TG56"",""name"":""Shadow Grey"",""description"":""Frame Finish"",""collection"":null,""image_url"":""https://www.owlee.com/wp-content/uploads/2025/12/finishes_0002_TG56-Shadow-Grey.jpg"",""display_order"":0},{""finish_id"":20,""item_number"":""VT25"",""name"":""Velvet White"",""description"":""Frame Finish"",""collection"":null,""image_url"":""https://www.owlee.com/wp-content/uploads/2025/12/finishes_0000_VT25-Velvet-White.jpg"",""display_order"":0}]",[],"[{""url"":""https://641bdd57-e650-4f10-a19f-628c07eb50b7-00-1e7i1aja8wnz9.worf.replit.dev/api/storage/objects/products/owlee-v2/956-3SW_Classico_Classico_Sofa.jpg"",""alt_text"":null,""is_primary"":true,""display_order"":0,""image_kind"":""gallery"",""variant_id"":null}]",[]
O.W. Lee,o-w-lee,2045,956-CCW,Classico Lounge Chair,owlee-classico-lounge-chair-956-ccw,"If you’re looking for a classic outdoor lounge chair that feels just as good as it looks, the O.W. Lee Classico Lounge Chair delivers. It brings the collection’s signature traditional style into a relaxed, lounge-ready design, complete with decorative metalwork and plush cushions that invite you to sit back and stay awhile. It’s the kind of chair that instantly makes an outdoor space feel warm, comfortable, and refined. Like everything O.W. Lee makes, the Classico Lounge Chair is built to last. The wrought iron frame is backed by a 20-year structural warranty, while the finish is guaranteed for 5 years against fading, blistering, and peeling. Cushions and fabrics are also covered for 5 years, so you can enjoy both comfort and peace of mind season after season. Customization is where this chair really shines. Choose from 10 elegant frame finishes and over 100 fabric options to create a look that fits your space and your style perfectly. Whether you’re furnishing a cozy patio or a full outdoor living area, the Classico Lounge Chair offers timeless design, exceptional comfort, and craftsmanship you can trust.","If you’re looking for a classic outdoor lounge chair that feels just as good as it looks, the O.W. Lee Classico Lounge Chair delivers. It brings the collection’s signature traditional style into a relaxed, lounge-ready design, complete with decorative metalwork and plush cushions that invite you to sit back and stay awhile. It’s the kind of chair that instantly makes an outdoor space feel warm, comfortable, and refined. Like everything O.W. Lee makes, the Classico Lounge Chair is built to last. The wrought iron frame is backed by a 20-year structural warranty, while the finish is guaranteed for 5 years against fading, blistering, and peeling. Cushions and fabrics are also covered for 5 years, so you can enjoy both comfort and peace of mind season after season. Customization is where this chair really shines. Choose from 10 elegant frame finishes and over 100 fabric options to create a look that fits your space and your style perfectly. Whether you’re furnishing a cozy patio or a full outdoor living area, the Classico Lounge Chair offers timeless design, exceptional comfort, and craftsmanship you can trust.",Deep Seating,cat-deep-seating,Wrought Iron,wrought-iron,,,,,,,fixed,46.00,"H 38.5"" × W 28"" × D 36.75""","{""height_in"":""38.5"",""collection"":""Classico"",""weight_lbs"":""46"",""arm_height_in"":""26.5"",""seat_height_in"":""18"",""spec_sheet_pdf"":""https://www.owlee.com/wp-content/uploads/2026/02/Classico_Retail_SpecSheets_2026-upd_Part9.pdf"",""depth_length_in"":""36.75"",""width_diameter_in"":""28""}","[""o-w-lee"",""classico"",""made-in-usa""]",false,true,true,true,false,,22,0,true,2026-05-03 01:40:46.818159+00,2026-06-17 00:27:47.004+00,[],[],[],"[{""finish_id"":11,""item_number"":""TG68"",""name"":""Carbon Black"",""description"":""Frame Finish"",""collection"":null,""image_url"":""https://www.owlee.com/wp-content/uploads/2025/12/finishes_0001_TG68-Carbon-Black.jpg"",""display_order"":0},{""finish_id"":12,""item_number"":""SP50"",""name"":""Copper Creek"",""description"":""Frame Finish"",""collection"":null,""image_url"":""https://www.owlee.com/wp-content/uploads/2025/12/finishes_0004_SP50-Copper-Creek.jpg"",""display_order"":0},{""finish_id"":13,""item_number"":""SP42"",""name"":""Espresso"",""description"":""Frame Finish"",""collection"":null,""image_url"":""https://www.owlee.com/wp-content/uploads/2025/12/finishes_0005_SP42-Espresso.jpg"",""display_order"":0},{""finish_id"":14,""item_number"":""SP21"",""name"":""Graphite"",""description"":""Frame Finish"",""collection"":null,""image_url"":""https://www.owlee.com/wp-content/uploads/2025/12/finishes_0007_SP21-Graphite.jpg"",""display_order"":0},{""finish_id"":15,""item_number"":""SP11"",""name"":""Rosewood"",""description"":""Frame Finish"",""collection"":null,""image_url"":""https://www.owlee.com/wp-content/uploads/2025/12/finishes_0008_SP11-Rosewood.jpg"",""display_order"":0},{""finish_id"":16,""item_number"":""SP22"",""name"":""Sable"",""description"":""Frame Finish"",""collection"":null,""image_url"":""https://www.owlee.com/wp-content/uploads/2025/12/finishes_0006_SP22-Sable.jpg"",""display_order"":0},{""finish_id"":17,""item_number"":""AZ53"",""name"":""Sand Dollar"",""description"":""Frame Finish"",""collection"":null,""image_url"":""https://www.owlee.com/wp-content/uploads/2025/12/finishes_0009_AZ53-Sand-Dollar.jpg"",""display_order"":0},{""finish_id"":18,""item_number"":""TC20"",""name"":""Sandalwood"",""description"":""Frame Finish"",""collection"":null,""image_url"":""https://www.owlee.com/wp-content/uploads/2025/12/finishes_0003_TC20-Sandalwood.jpg"",""display_order"":0},{""finish_id"":19,""item_number"":""TG56"",""name"":""Shadow Grey"",""description"":""Frame Finish"",""collection"":null,""image_url"":""https://www.owlee.com/wp-content/uploads/2025/12/finishes_0002_TG56-Shadow-Grey.jpg"",""display_order"":0},{""finish_id"":20,""item_number"":""VT25"",""name"":""Velvet White"",""description"":""Frame Finish"",""collection"":null,""image_url"":""https://www.owlee.com/wp-content/uploads/2025/12/finishes_0000_VT25-Velvet-White.jpg"",""display_order"":0}]",[],"[{""url"":""https://641bdd57-e650-4f10-a19f-628c07eb50b7-00-1e7i1aja8wnz9.worf.replit.dev/api/storage/objects/products/owlee-v2/956-CCW_Classico_Classico_Lounge_Chair.jpg"",""alt_text"":null,""is_primary"":true,""display_order"":0,""image_kind"":""gallery"",""variant_id"":null}]",[]
O.W. Lee,o-w-lee,2047,956-SBT,Classico Spring Base Lounge Chair,owlee-classico-spring-base-lounge-chair-956-sbt,"If you love the look of classic outdoor furniture but want a little extra comfort, the O.W. Lee Classico Spring Base Lounge Chair is a perfect fit. It takes the timeless elegance of the Classico collection and adds gentle motion, thanks to a spring-supported base that responds as you sit and relax. The result is a lounge chair that feels supportive, comfortable, and effortlessly inviting. Ornate metal details highlight the collection’s European-inspired craftsmanship, giving the chair a refined, old-world appeal. As with all O.W. Lee furniture, this chair is built for long-term outdoor living. The wrought iron frame is protected by a 20-year structural warranty, and the finish is backed for 5 years against fading, blistering, and peeling. Cushions and fabrics also carry a 5-year warranty, so you can enjoy comfort and durability with confidence. Personalizing your chair is easy. Choose from 10 elegant frame finishes and over 100 fabric options to create a look that feels uniquely yours. Whether you’re designing a quiet retreat or a sophisticated outdoor lounge, the Classico Spring Base Lounge Chair delivers classic style, subtle motion, and lasting comfort.","If you love the look of classic outdoor furniture but want a little extra comfort, the O.W. Lee Classico Spring Base Lounge Chair is a perfect fit. It takes the timeless elegance of the Classico collection and adds gentle motion, thanks to a spring-supported base that responds as you sit and relax. The result is a lounge chair that feels supportive, comfortable, and effortlessly inviting. Ornate metal details highlight the collection’s European-inspired craftsmanship, giving the chair a refined, old-world appeal. As with all O.W. Lee furniture, this chair is built for long-term outdoor living. The wrought iron frame is protected by a 20-year structural warranty, and the finish is backed for 5 years against fading, blistering, and peeling. Cushions and fabrics also carry a 5-year warranty, so you can enjoy comfort and durability with confidence. Personalizing your chair is easy. Choose from 10 elegant frame finishes and over 100 fabric options to create a look that feels uniquely yours. Whether you’re designing a quiet retreat or a sophisticated outdoor lounge, the Classico Spring Base Lounge Chair delivers classic style, subtle motion, and lasting comfort.",Deep Seating,cat-deep-seating,Wrought Iron,wrought-iron,,,,,,,fixed,58.00,"H 41"" × W 28"" × D 33.25""","{""height_in"":""41"",""collection"":""Classico"",""weight_lbs"":""58"",""arm_height_in"":""26.5"",""seat_height_in"":""17.5"",""spec_sheet_pdf"":""https://www.owlee.com/wp-content/uploads/2026/02/Classico_Retail_SpecSheets_2026-upd_Part10.pdf"",""depth_length_in"":""33.25"",""width_diameter_in"":""28""}","[""o-w-lee"",""classico"",""made-in-usa""]",false,true,true,true,false,,24,0,true,2026-05-03 01:40:46.826481+00,2026-06-17 00:27:47.053+00,[],[],[],"[{""finish_id"":11,""item_number"":""TG68"",""name"":""Carbon Black"",""description"":""Frame Finish"",""collection"":null,""image_url"":""https://www.owlee.com/wp-content/uploads/2025/12/finishes_0001_TG68-Carbon-Black.jpg"",""display_order"":0},{""finish_id"":12,""item_number"":""SP50"",""name"":""Copper Creek"",""description"":""Frame Finish"",""collection"":null,""image_url"":""https://www.owlee.com/wp-content/uploads/2025/12/finishes_0004_SP50-Copper-Creek.jpg"",""display_order"":0},{""finish_id"":13,""item_number"":""SP42"",""name"":""Espresso"",""description"":""Frame Finish"",""collection"":null,""image_url"":""https://www.owlee.com/wp-content/uploads/2025/12/finishes_0005_SP42-Espresso.jpg"",""display_order"":0},{""finish_id"":14,""item_number"":""SP21"",""name"":""Graphite"",""description"":""Frame Finish"",""collection"":null,""image_url"":""https://www.owlee.com/wp-content/uploads/2025/12/finishes_0007_SP21-Graphite.jpg"",""display_order"":0},{""finish_id"":15,""item_number"":""SP11"",""name"":""Rosewood"",""description"":""Frame Finish"",""collection"":null,""image_url"":""https://www.owlee.com/wp-content/uploads/2025/12/finishes_0008_SP11-Rosewood.jpg"",""display_order"":0},{""finish_id"":16,""item_number"":""SP22"",""name"":""Sable"",""description"":""Frame Finish"",""collection"":null,""image_url"":""https://www.owlee.com/wp-content/uploads/2025/12/finishes_0006_SP22-Sable.jpg"",""display_order"":0},{""finish_id"":17,""item_number"":""AZ53"",""name"":""Sand Dollar"",""description"":""Frame Finish"",""collection"":null,""image_url"":""https://www.owlee.com/wp-content/uploads/2025/12/finishes_0009_AZ53-Sand-Dollar.jpg"",""display_order"":0},{""finish_id"":18,""item_number"":""TC20"",""name"":""Sandalwood"",""description"":""Frame Finish"",""collection"":null,""image_url"":""https://www.owlee.com/wp-content/uploads/2025/12/finishes_0003_TC20-Sandalwood.jpg"",""display_order"":0},{""finish_id"":19,""item_number"":""TG56"",""name"":""Shadow Grey"",""description"":""Frame Finish"",""collection"":null,""image_url"":""https://www.owlee.com/wp-content/uploads/2025/12/finishes_0002_TG56-Shadow-Grey.jpg"",""display_order"":0},{""finish_id"":20,""item_number"":""VT25"",""name"":""Velvet White"",""description"":""Frame Finish"",""collection"":null,""image_url"":""https://www.owlee.com/wp-content/uploads/2025/12/finishes_0000_VT25-Velvet-White.jpg"",""display_order"":0}]",[],"[{""url"":""https://641bdd57-e650-4f10-a19f-628c07eb50b7-00-1e7i1aja8wnz9.worf.replit.dev/api/storage/objects/products/owlee-v2/956-SBT_Classico_Classico_Spring_Base_Lounge_Chair.jpg"",""alt_text"":null,""is_primary"":true,""display_order"":0,""image_kind"":""gallery"",""variant_id"":null}]",[]
O.W. Lee,o-w-lee,2046,956-SRW,Classico Swivel Rocker Lounge Chair,owlee-classico-swivel-rocker-lounge-chair-956-srw,"The O.W. Lee Classico Swivel Rocker Lounge Chair blends graceful design with gentle movement. Featuring smooth swivel and rocking motion, this outdoor lounge chair offers relaxed comfort wrapped in traditional sophistication. O.W. Lee is renowned for its exceptional quality, supported by an industry-leading warranty. Our frames are covered by a 20-year structural warranty, and the finish is guaranteed against fading, blistering, and peeling for 5 years. Cushions and fabrics are also backed by a 5-year warranty. With a selection of 10 elegant frame finishes and over 100 fabric options, customers can easily customize each piece to seamlessly complement their individual style.","The O.W. Lee Classico Swivel Rocker Lounge Chair blends graceful design with gentle movement. Featuring smooth swivel and rocking motion, this outdoor lounge chair offers relaxed comfort wrapped in traditional sophistication. O.W. Lee is renowned for its exceptional quality, supported by an industry-leading warranty. Our frames are covered by a 20-year structural warranty, and the finish is guaranteed against fading, blistering, and peeling for 5 years. Cushions and fabrics are also backed by a 5-year warranty. With a selection of 10 elegant frame finishes and over 100 fabric options, customers can easily customize each piece to seamlessly complement their individual style.",Deep Seating,cat-deep-seating,Wrought Iron,wrought-iron,,,,,,,fixed,,"H 40.75"" × W 28"" × D 34.25""","{""height_in"":""40.75"",""collection"":""Classico"",""weight_lbs"":""57 (pkg)"",""arm_height_in"":""26.75"",""seat_height_in"":""17.75"",""spec_sheet_pdf"":""https://www.owlee.com/wp-content/uploads/2026/02/Classico_Retail_SpecSheets_2026-upd_Part11.pdf"",""depth_length_in"":""34.25"",""width_diameter_in"":""28""}","[""o-w-lee"",""classico"",""made-in-usa""]",false,true,true,true,false,,23,0,true,2026-05-03 01:40:46.822159+00,2026-06-17 00:27:47.043+00,[],[],[],"[{""finish_id"":11,""item_number"":""TG68"",""name"":""Carbon Black"",""description"":""Frame Finish"",""collection"":null,""image_url"":""https://www.owlee.com/wp-content/uploads/2025/12/finishes_0001_TG68-Carbon-Black.jpg"",""display_order"":0},{""finish_id"":12,""item_number"":""SP50"",""name"":""Copper Creek"",""description"":""Frame Finish"",""collection"":null,""image_url"":""https://www.owlee.com/wp-content/uploads/2025/12/finishes_0004_SP50-Copper-Creek.jpg"",""display_order"":0},{""finish_id"":13,""item_number"":""SP42"",""name"":""Espresso"",""description"":""Frame Finish"",""collection"":null,""image_url"":""https://www.owlee.com/wp-content/uploads/2025/12/finishes_0005_SP42-Espresso.jpg"",""display_order"":0},{""finish_id"":14,""item_number"":""SP21"",""name"":""Graphite"",""description"":""Frame Finish"",""collection"":null,""image_url"":""https://www.owlee.com/wp-content/uploads/2025/12/finishes_0007_SP21-Graphite.jpg"",""display_order"":0},{""finish_id"":15,""item_number"":""SP11"",""name"":""Rosewood"",""description"":""Frame Finish"",""collection"":null,""image_url"":""https://www.owlee.com/wp-content/uploads/2025/12/finishes_0008_SP11-Rosewood.jpg"",""display_order"":0},{""finish_id"":16,""item_number"":""SP22"",""name"":""Sable"",""description"":""Frame Finish"",""collection"":null,""image_url"":""https://www.owlee.com/wp-content/uploads/2025/12/finishes_0006_SP22-Sable.jpg"",""display_order"":0},{""finish_id"":17,""item_number"":""AZ53"",""name"":""Sand Dollar"",""description"":""Frame Finish"",""collection"":null,""image_url"":""https://www.owlee.com/wp-content/uploads/2025/12/finishes_0009_AZ53-Sand-Dollar.jpg"",""display_order"":0},{""finish_id"":18,""item_number"":""TC20"",""name"":""Sandalwood"",""description"":""Frame Finish"",""collection"":null,""image_url"":""https://www.owlee.com/wp-content/uploads/2025/12/finishes_0003_TC20-Sandalwood.jpg"",""display_order"":0},{""finish_id"":19,""item_number"":""TG56"",""name"":""Shadow Grey"",""description"":""Frame Finish"",""collection"":null,""image_url"":""https://www.owlee.com/wp-content/uploads/2025/12/finishes_0002_TG56-Shadow-Grey.jpg"",""display_order"":0},{""finish_id"":20,""item_number"":""VT25"",""name"":""Velvet White"",""description"":""Frame Finish"",""collection"":null,""image_url"":""https://www.owlee.com/wp-content/uploads/2025/12/finishes_0000_VT25-Velvet-White.jpg"",""display_order"":0}]",[],"[{""url"":""https://641bdd57-e650-4f10-a19f-628c07eb50b7-00-1e7i1aja8wnz9.worf.replit.dev/api/storage/objects/products/owlee-v2/956-SRW_Classico_Classico_Swivel_Rocker_Lounge_Chair.jpg"",""alt_text"":null,""is_primary"":true,""display_order"":0,""image_kind"":""gallery"",""variant_id"":null}]",[]
O.W. Lee,o-w-lee,2170,AT-CT01,Table Bases Standard Aluminum 01 Counter Table Base,owlee-table-bases-standard-aluminum-01-counter-table-base-at-ct01,"The Standard Aluminum table base offers a timeless, versatile foundation designed to complement a wide range of outdoor styles. Crafted from durable aluminum, it provides excellent strength, stability, and resistance to the elements for long-term outdoor use. Clean lines and a balanced profile make it an easy pairing with multiple tabletop shapes and materials, while its dependable construction ensures lasting performance in both residential and commercial settings. Fits table tops: - 24"" Round (Porcelain, Dekton, Micro Mesh) - 24"" Square (Porcelain, Dekton) - 30"" Round (Porcelain, Micro Mesh)","The Standard Aluminum table base offers a timeless, versatile foundation designed to complement a wide range of outdoor styles. Crafted from durable aluminum, it provides excellent strength, stability, and resistance to the elements for long-term outdoor use. Clean lines and a balanced profile make it an easy pairing with multiple tabletop shapes and materials, while its dependable construction ensures lasting performance in both residential and commercial settings. Fits table tops: - 24"" Round (Porcelain, Dekton, Micro Mesh) - 24"" Square (Porcelain, Dekton) - 30"" Round (Porcelain, Micro Mesh)",Dining,cat-dining,Aluminum,aluminum,,,,,,,fixed,,,"{""collection"":""Table Bases"",""weight_lbs"":""32 (pkg)"",""spec_sheet_pdf"":""https://www.owlee.com/collections/table-bases/counter-table-base-table-bases-standard-aluminum-bases/""}","[""o-w-lee"",""table-bases"",""made-in-usa""]",false,true,true,true,false,,189,0,true,2026-05-03 01:40:47.429253+00,2026-06-17 00:27:48.615+00,[],[],[],"[{""finish_id"":11,""item_number"":""TG68"",""name"":""Carbon Black"",""description"":""Frame Finish"",""collection"":null,""image_url"":""https://www.owlee.com/wp-content/uploads/2025/12/finishes_0001_TG68-Carbon-Black.jpg"",""display_order"":0},{""finish_id"":12,""item_number"":""SP50"",""name"":""Copper Creek"",""description"":""Frame Finish"",""collection"":null,""image_url"":""https://www.owlee.com/wp-content/uploads/2025/12/finishes_0004_SP50-Copper-Creek.jpg"",""display_order"":0},{""finish_id"":13,""item_number"":""SP42"",""name"":""Espresso"",""description"":""Frame Finish"",""collection"":null,""image_url"":""https://www.owlee.com/wp-content/uploads/2025/12/finishes_0005_SP42-Espresso.jpg"",""display_order"":0},{""finish_id"":14,""item_number"":""SP21"",""name"":""Graphite"",""description"":""Frame Finish"",""collection"":null,""image_url"":""https://www.owlee.com/wp-content/uploads/2025/12/finishes_0007_SP21-Graphite.jpg"",""display_order"":0},{""finish_id"":15,""item_number"":""SP11"",""name"":""Rosewood"",""description"":""Frame Finish"",""collection"":null,""image_url"":""https://www.owlee.com/wp-content/uploads/2025/12/finishes_0008_SP11-Rosewood.jpg"",""display_order"":0},{""finish_id"":16,""item_number"":""SP22"",""name"":""Sable"",""description"":""Frame Finish"",""collection"":null,""image_url"":""https://www.owlee.com/wp-content/uploads/2025/12/finishes_0006_SP22-Sable.jpg"",""display_order"":0},{""finish_id"":17,""item_number"":""AZ53"",""name"":""Sand Dollar"",""description"":""Frame Finish"",""collection"":null,""image_url"":""https://www.owlee.com/wp-content/uploads/2025/12/finishes_0009_AZ53-Sand-Dollar.jpg"",""display_order"":0},{""finish_id"":18,""item_number"":""TC20"",""name"":""Sandalwood"",""description"":""Frame Finish"",""collection"":null,""image_url"":""https://www.owlee.com/wp-content/uploads/2025/12/finishes_0003_TC20-Sandalwood.jpg"",""display_order"":0},{""finish_id"":19,""item_number"":""TG56"",""name"":""Shadow Grey"",""description"":""Frame Finish"",""collection"":null,""image_url"":""https://www.owlee.com/wp-content/uploads/2025/12/finishes_0002_TG56-Shadow-Grey.jpg"",""display_order"":0},{""finish_id"":20,""item_number"":""VT25"",""name"":""Velvet White"",""description"":""Frame Finish"",""collection"":null,""image_url"":""https://www.owlee.com/wp-content/uploads/2025/12/finishes_0000_VT25-Velvet-White.jpg"",""display_order"":0}]",[],"[{""url"":""https://641bdd57-e650-4f10-a19f-628c07eb50b7-00-1e7i1aja8wnz9.worf.replit.dev/api/storage/objects/products/owlee-v2/AT-CT01_Table_Bases_Standard_Aluminum_01_Counter_Table_Base.jpg"",""alt_text"":null,""is_primary"":true,""display_order"":0,""image_kind"":""gallery"",""variant_id"":null}]",[]
O.W. Lee,o-w-lee,2171,AT-CT03,Table Bases Standard Aluminum 03 Counter Table Base,owlee-table-bases-standard-aluminum-03-counter-table-base-at-ct03,"The Standard Aluminum table base offers a timeless, versatile foundation designed to complement a wide range of outdoor styles. Crafted from durable aluminum, it provides excellent strength, stability, and resistance to the elements for long-term outdoor use. Clean lines and a balanced profile make it an easy pairing with multiple tabletop shapes and materials, while its dependable construction ensures lasting performance in both residential and commercial settings. Fits table tops: - 36"" square - 42"" round - 42"" square - 54"" round","The Standard Aluminum table base offers a timeless, versatile foundation designed to complement a wide range of outdoor styles. Crafted from durable aluminum, it provides excellent strength, stability, and resistance to the elements for long-term outdoor use. Clean lines and a balanced profile make it an easy pairing with multiple tabletop shapes and materials, while its dependable construction ensures lasting performance in both residential and commercial settings. Fits table tops: - 36"" square - 42"" round - 42"" square - 54"" round",Dining,cat-dining,Aluminum,aluminum,,,,,,,fixed,37.00,,"{""collection"":""Table Bases"",""weight_lbs"":""37"",""spec_sheet_pdf"":""https://www.owlee.com/collections/table-bases/counter-table-base-table-bases-standard-aluminum-bases-2/""}","[""o-w-lee"",""table-bases"",""made-in-usa""]",false,true,true,true,false,,190,0,true,2026-05-03 01:40:47.431939+00,2026-06-17 00:27:48.62+00,[],[],[],"[{""finish_id"":11,""item_number"":""TG68"",""name"":""Carbon Black"",""description"":""Frame Finish"",""collection"":null,""image_url"":""https://www.owlee.com/wp-content/uploads/2025/12/finishes_0001_TG68-Carbon-Black.jpg"",""display_order"":0},{""finish_id"":12,""item_number"":""SP50"",""name"":""Copper Creek"",""description"":""Frame Finish"",""collection"":null,""image_url"":""https://www.owlee.com/wp-content/uploads/2025/12/finishes_0004_SP50-Copper-Creek.jpg"",""display_order"":0},{""finish_id"":13,""item_number"":""SP42"",""name"":""Espresso"",""description"":""Frame Finish"",""collection"":null,""image_url"":""https://www.owlee.com/wp-content/uploads/2025/12/finishes_0005_SP42-Espresso.jpg"",""display_order"":0},{""finish_id"":14,""item_number"":""SP21"",""name"":""Graphite"",""description"":""Frame Finish"",""collection"":null,""image_url"":""https://www.owlee.com/wp-content/uploads/2025/12/finishes_0007_SP21-Graphite.jpg"",""display_order"":0},{""finish_id"":15,""item_number"":""SP11"",""name"":""Rosewood"",""description"":""Frame Finish"",""collection"":null,""image_url"":""https://www.owlee.com/wp-content/uploads/2025/12/finishes_0008_SP11-Rosewood.jpg"",""display_order"":0},{""finish_id"":16,""item_number"":""SP22"",""name"":""Sable"",""description"":""Frame Finish"",""collection"":null,""image_url"":""https://www.owlee.com/wp-content/uploads/2025/12/finishes_0006_SP22-Sable.jpg"",""display_order"":0},{""finish_id"":17,""item_number"":""AZ53"",""name"":""Sand Dollar"",""description"":""Frame Finish"",""collection"":null,""image_url"":""https://www.owlee.com/wp-content/uploads/2025/12/finishes_0009_AZ53-Sand-Dollar.jpg"",""display_order"":0},{""finish_id"":18,""item_number"":""TC20"",""name"":""Sandalwood"",""description"":""Frame Finish"",""collection"":null,""image_url"":""https://www.owlee.com/wp-content/uploads/2025/12/finishes_0003_TC20-Sandalwood.jpg"",""display_order"":0},{""finish_id"":19,""item_number"":""TG56"",""name"":""Shadow Grey"",""description"":""Frame Finish"",""collection"":null,""image_url"":""https://www.owlee.com/wp-content/uploads/2025/12/finishes_0002_TG56-Shadow-Grey.jpg"",""display_order"":0},{""finish_id"":20,""item_number"":""VT25"",""name"":""Velvet White"",""description"":""Frame Finish"",""collection"":null,""image_url"":""https://www.owlee.com/wp-content/uploads/2025/12/finishes_0000_VT25-Velvet-White.jpg"",""display_order"":0}]",[],"[{""url"":""https://641bdd57-e650-4f10-a19f-628c07eb50b7-00-1e7i1aja8wnz9.worf.replit.dev/api/storage/objects/products/owlee-v2/AT-CT03_Table_Bases_Standard_Aluminum_03_Counter_Table_Base.jpg"",""alt_text"":null,""is_primary"":true,""display_order"":0,""image_kind"":""gallery"",""variant_id"":null}]",[]
O.W. Lee,o-w-lee,2167,AT-DT01,Table Bases Standard Aluminum 01 Dining Table Base,owlee-table-bases-standard-aluminum-01-dining-table-base-at-dt01,"The Standard Aluminum table base offers a timeless, versatile foundation designed to complement a wide range of outdoor styles. Crafted from durable aluminum, it provides excellent strength, stability, and resistance to the elements for long-term outdoor use. Clean lines and a balanced profile make it an easy pairing with multiple tabletop shapes and materials, while its dependable construction ensures lasting performance in both residential and commercial settings. Fits table tops: - 24"" Round (Porcelain, Dekton, Micro Mesh) - 24"" Square (Porcelain, Dekton) - 30"" Round (Porcelain, Micro Mesh)","The Standard Aluminum table base offers a timeless, versatile foundation designed to complement a wide range of outdoor styles. Crafted from durable aluminum, it provides excellent strength, stability, and resistance to the elements for long-term outdoor use. Clean lines and a balanced profile make it an easy pairing with multiple tabletop shapes and materials, while its dependable construction ensures lasting performance in both residential and commercial settings. Fits table tops: - 24"" Round (Porcelain, Dekton, Micro Mesh) - 24"" Square (Porcelain, Dekton) - 30"" Round (Porcelain, Micro Mesh)",Dining,cat-dining,Aluminum,aluminum,,,,,,,fixed,,,"{""collection"":""Table Bases"",""weight_lbs"":""19 (pkg)"",""spec_sheet_pdf"":""https://www.owlee.com/collections/table-bases/dining-table-base-table-bases-standard-aluminum-bases/""}","[""o-w-lee"",""table-bases"",""made-in-usa""]",false,true,true,true,false,,186,0,true,2026-05-03 01:40:47.419443+00,2026-06-17 00:27:48.599+00,[],[],[],"[{""finish_id"":11,""item_number"":""TG68"",""name"":""Carbon Black"",""description"":""Frame Finish"",""collection"":null,""image_url"":""https://www.owlee.com/wp-content/uploads/2025/12/finishes_0001_TG68-Carbon-Black.jpg"",""display_order"":0},{""finish_id"":12,""item_number"":""SP50"",""name"":""Copper Creek"",""description"":""Frame Finish"",""collection"":null,""image_url"":""https://www.owlee.com/wp-content/uploads/2025/12/finishes_0004_SP50-Copper-Creek.jpg"",""display_order"":0},{""finish_id"":13,""item_number"":""SP42"",""name"":""Espresso"",""description"":""Frame Finish"",""collection"":null,""image_url"":""https://www.owlee.com/wp-content/uploads/2025/12/finishes_0005_SP42-Espresso.jpg"",""display_order"":0},{""finish_id"":14,""item_number"":""SP21"",""name"":""Graphite"",""description"":""Frame Finish"",""collection"":null,""image_url"":""https://www.owlee.com/wp-content/uploads/2025/12/finishes_0007_SP21-Graphite.jpg"",""display_order"":0},{""finish_id"":15,""item_number"":""SP11"",""name"":""Rosewood"",""description"":""Frame Finish"",""collection"":null,""image_url"":""https://www.owlee.com/wp-content/uploads/2025/12/finishes_0008_SP11-Rosewood.jpg"",""display_order"":0},{""finish_id"":16,""item_number"":""SP22"",""name"":""Sable"",""description"":""Frame Finish"",""collection"":null,""image_url"":""https://www.owlee.com/wp-content/uploads/2025/12/finishes_0006_SP22-Sable.jpg"",""display_order"":0},{""finish_id"":17,""item_number"":""AZ53"",""name"":""Sand Dollar"",""description"":""Frame Finish"",""collection"":null,""image_url"":""https://www.owlee.com/wp-content/uploads/2025/12/finishes_0009_AZ53-Sand-Dollar.jpg"",""display_order"":0},{""finish_id"":18,""item_number"":""TC20"",""name"":""Sandalwood"",""description"":""Frame Finish"",""collection"":null,""image_url"":""https://www.owlee.com/wp-content/uploads/2025/12/finishes_0003_TC20-Sandalwood.jpg"",""display_order"":0},{""finish_id"":19,""item_number"":""TG56"",""name"":""Shadow Grey"",""description"":""Frame Finish"",""collection"":null,""image_url"":""https://www.owlee.com/wp-content/uploads/2025/12/finishes_0002_TG56-Shadow-Grey.jpg"",""display_order"":0},{""finish_id"":20,""item_number"":""VT25"",""name"":""Velvet White"",""description"":""Frame Finish"",""collection"":null,""image_url"":""https://www.owlee.com/wp-content/uploads/2025/12/finishes_0000_VT25-Velvet-White.jpg"",""display_order"":0}]",[],"[{""url"":""https://641bdd57-e650-4f10-a19f-628c07eb50b7-00-1e7i1aja8wnz9.worf.replit.dev/api/storage/objects/products/owlee-v2/AT-DT01_Table_Bases_Standard_Aluminum_01_Dining_Table_Base.jpg"",""alt_text"":null,""is_primary"":true,""display_order"":0,""image_kind"":""gallery"",""variant_id"":null}]",[]
O.W. Lee,o-w-lee,2166,AT-DT03,Table Bases Standard Aluminum 03 Dining Table Base,owlee-table-bases-standard-aluminum-03-dining-table-base-at-dt03,"The Standard Aluminum table base offers a timeless, versatile foundation designed to complement a wide range of outdoor styles. Crafted from durable aluminum, it provides excellent strength, stability, and resistance to the elements for long-term outdoor use. Clean lines and a balanced profile make it an easy pairing with multiple tabletop shapes and materials, while its dependable construction ensures lasting performance in both residential and commercial settings. Fits table tops: - 36"" square - 42"" round - 42"" square - 54"" round","The Standard Aluminum table base offers a timeless, versatile foundation designed to complement a wide range of outdoor styles. Crafted from durable aluminum, it provides excellent strength, stability, and resistance to the elements for long-term outdoor use. Clean lines and a balanced profile make it an easy pairing with multiple tabletop shapes and materials, while its dependable construction ensures lasting performance in both residential and commercial settings. Fits table tops: - 36"" square - 42"" round - 42"" square - 54"" round",Dining,cat-dining,Aluminum,aluminum,,,,,,,fixed,,,"{""collection"":""Table Bases"",""spec_sheet_pdf"":""https://www.owlee.com/collections/table-bases/standard-aluminum-03-dining-table-base/""}","[""o-w-lee"",""table-bases"",""made-in-usa""]",false,true,true,true,false,,185,0,true,2026-05-03 01:40:47.416276+00,2026-06-17 00:27:48.594+00,[],[],[],"[{""finish_id"":21,""item_number"":""Atlantic-City"",""name"":""Atlantic City"",""description"":""Table Top Tile"",""collection"":null,""image_url"":""https://www.owlee.com/wp-content/uploads/2026/01/tops_0018_Atlantic-City_1600.jpg"",""display_order"":0},{""finish_id"":22,""item_number"":""Blackwood"",""name"":""Blackwood"",""description"":""Table Top Tile"",""collection"":null,""image_url"":""https://www.owlee.com/wp-content/uploads/2026/01/tops_0017_Blackwood_1600.jpg"",""display_order"":0},{""finish_id"":23,""item_number"":""BuckSkin"",""name"":""Buckskin"",""description"":""Table Top Tile"",""collection"":null,""image_url"":""https://www.owlee.com/wp-content/uploads/2026/01/tops_0016_BuckSkin_1600.jpg"",""display_order"":0},{""finish_id"":24,""item_number"":""Cabaletta"",""name"":""Cabaletta"",""description"":""Table Top Tile"",""collection"":null,""image_url"":""https://www.owlee.com/wp-content/uploads/2026/01/tops_0015_Cabaletta_1600.jpg"",""display_order"":0},{""finish_id"":25,""item_number"":""Canyon-Taupe"",""name"":""Canyon Taupe"",""description"":""Table Top Tile"",""collection"":null,""image_url"":""https://www.owlee.com/wp-content/uploads/2026/01/tops_0014_Canyon-Taupe_1600.jpg"",""display_order"":0},{""finish_id"":11,""item_number"":""TG68"",""name"":""Carbon Black"",""description"":""Frame Finish"",""collection"":null,""image_url"":""https://www.owlee.com/wp-content/uploads/2025/12/finishes_0001_TG68-Carbon-Black.jpg"",""display_order"":0},{""finish_id"":26,""item_number"":""Cavatina"",""name"":""Cavatina"",""description"":""Table Top Tile"",""collection"":null,""image_url"":""https://www.owlee.com/wp-content/uploads/2026/01/tops_0013_Cavatina_1600.jpg"",""display_order"":0},{""finish_id"":54,""item_number"":null,""name"":""Cielo"",""description"":""Table Top Tile"",""collection"":null,""image_url"":""https://www.owlee.com/wp-content/uploads/2026/01/tops_0002_Valencia_Cielo_1600.jpg"",""display_order"":0},{""finish_id"":12,""item_number"":""SP50"",""name"":""Copper Creek"",""description"":""Frame Finish"",""collection"":null,""image_url"":""https://www.owlee.com/wp-content/uploads/2025/12/finishes_0004_SP50-Copper-Creek.jpg"",""display_order"":0},{""finish_id"":27,""item_number"":""SOKE-DK-sq"",""name"":""Dekton Soke"",""description"":""Table Top Tile"",""collection"":null,""image_url"":""https://www.owlee.com/wp-content/uploads/2026/01/tops_0006_SOKE-DK-sq.jpg"",""display_order"":0},{""finish_id"":28,""item_number"":""DK-Trillium-sq"",""name"":""Dekton Trillium"",""description"":""Table Top Tile"",""collection"":null,""image_url"":""https://www.owlee.com/wp-content/uploads/2026/01/tops_0012_DK-Trillium-sq.jpg"",""display_order"":0},{""finish_id"":13,""item_number"":""SP42"",""name"":""Espresso"",""description"":""Frame Finish"",""collection"":null,""image_url"":""https://www.owlee.com/wp-content/uploads/2025/12/finishes_0005_SP42-Espresso.jpg"",""display_order"":0},{""finish_id"":14,""item_number"":""SP21"",""name"":""Graphite"",""description"":""Frame Finish"",""collection"":null,""image_url"":""https://www.owlee.com/wp-content/uploads/2025/12/finishes_0007_SP21-Graphite.jpg"",""display_order"":0},{""finish_id"":30,""item_number"":""Myrtle-Beach"",""name"":""Myrtle Beach"",""description"":""Table Top Tile"",""collection"":null,""image_url"":""https://www.owlee.com/wp-content/uploads/2026/01/tops_0010_Myrtle-Beach_1600.jpg"",""display_order"":0},{""finish_id"":31,""item_number"":""Palazzo-Black"",""name"":""Palazzo Black"",""description"":""Table Top Tile"",""collection"":null,""image_url"":""https://www.owlee.com/wp-content/uploads/2026/01/tops_0009_Palazzo-Black_1600.jpg"",""display_order"":0},{""finish_id"":32,""item_number"":""Palazzo-White"",""name"":""Palazzo White"",""description"":""Table Top Tile"",""collection"":null,""image_url"":""https://www.owlee.com/wp-content/uploads/2026/01/tops_0008_Palazzo-White_1600.jpg"",""display_order"":0},{""finish_id"":15,""item_number"":""SP11"",""name"":""Rosewood"",""description"":""Frame Finish"",""collection"":null,""image_url"":""https://www.owlee.com/wp-content/uploads/2025/12/finishes_0008_SP11-Rosewood.jpg"",""display_order"":0},{""finish_id"":16,""item_number"":""SP22"",""name"":""Sable"",""description"":""Frame Finish"",""collection"":null,""image_url"":""https://www.owlee.com/wp-content/uploads/2025/12/finishes_0006_SP22-Sable.jpg"",""display_order"":0},{""finish_id"":17,""item_number"":""AZ53"",""name"":""Sand Dollar"",""description"":""Frame Finish"",""collection"":null,""image_url"":""https://www.owlee.com/wp-content/uploads/2025/12/finishes_0009_AZ53-Sand-Dollar.jpg"",""display_order"":0},{""finish_id"":18,""item_number"":""TC20"",""name"":""Sandalwood"",""description"":""Frame Finish"",""collection"":null,""image_url"":""https://www.owlee.com/wp-content/uploads/2025/12/finishes_0003_TC20-Sandalwood.jpg"",""display_order"":0},{""finish_id"":19,""item_number"":""TG56"",""name"":""Shadow Grey"",""description"":""Frame Finish"",""collection"":null,""image_url"":""https://www.owlee.com/wp-content/uploads/2025/12/finishes_0002_TG56-Shadow-Grey.jpg"",""display_order"":0},{""finish_id"":33,""item_number"":""Silver-Oak"",""name"":""Silver Oak"",""description"":""Table Top Tile"",""collection"":null,""image_url"":""https://www.owlee.com/wp-content/uploads/2026/01/tops_0007_Silver-Oak_1600.jpg"",""display_order"":0},{""finish_id"":34,""item_number"":""Summit-Grey"",""name"":""Summit Grey"",""description"":""Table Top Tile"",""collection"":null,""image_url"":""https://www.owlee.com/wp-content/uploads/2026/01/tops_0005_Summit-Grey_1600.jpg"",""display_order"":0},{""finish_id"":63,""item_number"":null,""name"":""Trullo"",""description"":""Table Top Tile"",""collection"":null,""image_url"":""https://www.owlee.com/wp-content/uploads/2026/01/tops_0001_Valencia_Trullo_1600.jpg"",""display_order"":0},{""finish_id"":35,""item_number"":""Urban-Pulse"",""name"":""Urban Pulse"",""description"":""Table Top Tile"",""collection"":null,""image_url"":""https://www.owlee.com/wp-content/uploads/2026/01/tops_0004_Urban-Pulse_1600.jpg"",""display_order"":0},{""finish_id"":36,""item_number"":""Urban-Shift"",""name"":""Urban Shift"",""description"":""Table Top Tile"",""collection"":null,""image_url"":""https://www.owlee.com/wp-content/uploads/2026/01/tops_0003_Urban-Shift_1600.jpg"",""display_order"":0},{""finish_id"":20,""item_number"":""VT25"",""name"":""Velvet White"",""description"":""Frame Finish"",""collection"":null,""image_url"":""https://www.owlee.com/wp-content/uploads/2025/12/finishes_0000_VT25-Velvet-White.jpg"",""display_order"":0},{""finish_id"":37,""item_number"":""Venice-Beach"",""name"":""Venice Beach"",""description"":""Table Top Tile"",""collection"":null,""image_url"":""https://www.owlee.com/wp-content/uploads/2026/01/tops_0000_Venice-Beach_1600.jpg"",""display_order"":0}]",[],"[{""url"":""https://641bdd57-e650-4f10-a19f-628c07eb50b7-00-1e7i1aja8wnz9.worf.replit.dev/api/storage/objects/products/owlee-v2/AT-DT03_Table_Bases_Standard_Aluminum_03_Dining_Table_Base.jpg"",""alt_text"":null,""is_primary"":true,""display_order"":0,""image_kind"":""gallery"",""variant_id"":null}]",[]
O.W. Lee,o-w-lee,2168,AT-DT07,Table Bases Standard Aluminum 07 Dining Table Base,owlee-table-bases-standard-aluminum-07-dining-table-base-at-dt07,"The Standard Aluminum table base offers a timeless, versatile foundation designed to complement a wide range of outdoor styles. Crafted from durable aluminum, it provides excellent strength, stability, and resistance to the elements for long-term outdoor use. Clean lines and a balanced profile make it an easy pairing with multiple tabletop shapes and materials, while its dependable construction ensures lasting performance in both residential and commercial settings. Fits table tops: - 42x72"" (Porcelain) - 42x84"" (Porcelain, Dekton, Micro Mesh)","The Standard Aluminum table base offers a timeless, versatile foundation designed to complement a wide range of outdoor styles. Crafted from durable aluminum, it provides excellent strength, stability, and resistance to the elements for long-term outdoor use. Clean lines and a balanced profile make it an easy pairing with multiple tabletop shapes and materials, while its dependable construction ensures lasting performance in both residential and commercial settings. Fits table tops: - 42x72"" (Porcelain) - 42x84"" (Porcelain, Dekton, Micro Mesh)",Dining,cat-dining,Aluminum,aluminum,,,,,,,fixed,,"H 28"" × W 53.5"" × D 26.5""","{""height_in"":""28"",""collection"":""Table Bases"",""weight_lbs"":""48 (pkg)"",""spec_sheet_pdf"":""https://www.owlee.com/collections/table-bases/dining-table-base-table-bases-standard-aluminum-bases-3/"",""depth_length_in"":""26.5"",""width_diameter_in"":""53.5""}","[""o-w-lee"",""table-bases"",""made-in-usa""]",false,true,true,true,false,,187,0,true,2026-05-03 01:40:47.422686+00,2026-06-17 00:27:48.606+00,[],[],[],"[{""finish_id"":11,""item_number"":""TG68"",""name"":""Carbon Black"",""description"":""Frame Finish"",""collection"":null,""image_url"":""https://www.owlee.com/wp-content/uploads/2025/12/finishes_0001_TG68-Carbon-Black.jpg"",""display_order"":0},{""finish_id"":12,""item_number"":""SP50"",""name"":""Copper Creek"",""description"":""Frame Finish"",""collection"":null,""image_url"":""https://www.owlee.com/wp-content/uploads/2025/12/finishes_0004_SP50-Copper-Creek.jpg"",""display_order"":0},{""finish_id"":13,""item_number"":""SP42"",""name"":""Espresso"",""description"":""Frame Finish"",""collection"":null,""image_url"":""https://www.owlee.com/wp-content/uploads/2025/12/finishes_0005_SP42-Espresso.jpg"",""display_order"":0},{""finish_id"":14,""item_number"":""SP21"",""name"":""Graphite"",""description"":""Frame Finish"",""collection"":null,""image_url"":""https://www.owlee.com/wp-content/uploads/2025/12/finishes_0007_SP21-Graphite.jpg"",""display_order"":0},{""finish_id"":15,""item_number"":""SP11"",""name"":""Rosewood"",""description"":""Frame Finish"",""collection"":null,""image_url"":""https://www.owlee.com/wp-content/uploads/2025/12/finishes_0008_SP11-Rosewood.jpg"",""display_order"":0},{""finish_id"":16,""item_number"":""SP22"",""name"":""Sable"",""description"":""Frame Finish"",""collection"":null,""image_url"":""https://www.owlee.com/wp-content/uploads/2025/12/finishes_0006_SP22-Sable.jpg"",""display_order"":0},{""finish_id"":17,""item_number"":""AZ53"",""name"":""Sand Dollar"",""description"":""Frame Finish"",""collection"":null,""image_url"":""https://www.owlee.com/wp-content/uploads/2025/12/finishes_0009_AZ53-Sand-Dollar.jpg"",""display_order"":0},{""finish_id"":18,""item_number"":""TC20"",""name"":""Sandalwood"",""description"":""Frame Finish"",""collection"":null,""image_url"":""https://www.owlee.com/wp-content/uploads/2025/12/finishes_0003_TC20-Sandalwood.jpg"",""display_order"":0},{""finish_id"":19,""item_number"":""TG56"",""name"":""Shadow Grey"",""description"":""Frame Finish"",""collection"":null,""image_url"":""https://www.owlee.com/wp-content/uploads/2025/12/finishes_0002_TG56-Shadow-Grey.jpg"",""display_order"":0},{""finish_id"":20,""item_number"":""VT25"",""name"":""Velvet White"",""description"":""Frame Finish"",""collection"":null,""image_url"":""https://www.owlee.com/wp-content/uploads/2025/12/finishes_0000_VT25-Velvet-White.jpg"",""display_order"":0}]",[],"[{""url"":""https://641bdd57-e650-4f10-a19f-628c07eb50b7-00-1e7i1aja8wnz9.worf.replit.dev/api/storage/objects/products/owlee-v2/AT-DT07_Table_Bases_Standard_Aluminum_07_Dining_Table_Base.jpg"",""alt_text"":null,""is_primary"":true,""display_order"":0,""image_kind"":""gallery"",""variant_id"":null}]",[]
O.W. Lee,o-w-lee,2169,AT-DT10,Table Bases Standard Aluminum 10 Dining Table Base,owlee-table-bases-standard-aluminum-10-dining-table-base-at-dt10,"The Standard Aluminum table base offers a timeless, versatile foundation designed to complement a wide range of outdoor styles. Crafted from durable aluminum, it provides excellent strength, stability, and resistance to the elements for long-term outdoor use. Clean lines and a balanced profile make it an easy pairing with multiple tabletop shapes and materials, while its dependable construction ensures lasting performance in both residential and commercial settings. This table is made to fit a 42x120"" table top and is great for entertaining and for hosting large groups. Fits table tops: - 42x120"" (Porcelain only)","The Standard Aluminum table base offers a timeless, versatile foundation designed to complement a wide range of outdoor styles. Crafted from durable aluminum, it provides excellent strength, stability, and resistance to the elements for long-term outdoor use. Clean lines and a balanced profile make it an easy pairing with multiple tabletop shapes and materials, while its dependable construction ensures lasting performance in both residential and commercial settings. This table is made to fit a 42x120"" table top and is great for entertaining and for hosting large groups. Fits table tops: - 42x120"" (Porcelain only)",Dining,cat-dining,Aluminum,aluminum,,,,,,,fixed,,"H 28"" × W 67"" × D 32""","{""height_in"":""28"",""collection"":""Table Bases"",""weight_lbs"":""41 (pkg)"",""spec_sheet_pdf"":""https://www.owlee.com/collections/table-bases/dining-table-base-table-bases-standard-aluminum-bases-5/"",""depth_length_in"":""32"",""width_diameter_in"":""67""}","[""o-w-lee"",""table-bases"",""made-in-usa""]",false,true,true,true,false,,188,0,true,2026-05-03 01:40:47.426183+00,2026-06-17 00:27:48.611+00,[],[],[],"[{""finish_id"":11,""item_number"":""TG68"",""name"":""Carbon Black"",""description"":""Frame Finish"",""collection"":null,""image_url"":""https://www.owlee.com/wp-content/uploads/2025/12/finishes_0001_TG68-Carbon-Black.jpg"",""display_order"":0},{""finish_id"":12,""item_number"":""SP50"",""name"":""Copper Creek"",""description"":""Frame Finish"",""collection"":null,""image_url"":""https://www.owlee.com/wp-content/uploads/2025/12/finishes_0004_SP50-Copper-Creek.jpg"",""display_order"":0},{""finish_id"":13,""item_number"":""SP42"",""name"":""Espresso"",""description"":""Frame Finish"",""collection"":null,""image_url"":""https://www.owlee.com/wp-content/uploads/2025/12/finishes_0005_SP42-Espresso.jpg"",""display_order"":0},{""finish_id"":14,""item_number"":""SP21"",""name"":""Graphite"",""description"":""Frame Finish"",""collection"":null,""image_url"":""https://www.owlee.com/wp-content/uploads/2025/12/finishes_0007_SP21-Graphite.jpg"",""display_order"":0},{""finish_id"":15,""item_number"":""SP11"",""name"":""Rosewood"",""description"":""Frame Finish"",""collection"":null,""image_url"":""https://www.owlee.com/wp-content/uploads/2025/12/finishes_0008_SP11-Rosewood.jpg"",""display_order"":0},{""finish_id"":16,""item_number"":""SP22"",""name"":""Sable"",""description"":""Frame Finish"",""collection"":null,""image_url"":""https://www.owlee.com/wp-content/uploads/2025/12/finishes_0006_SP22-Sable.jpg"",""display_order"":0},{""finish_id"":17,""item_number"":""AZ53"",""name"":""Sand Dollar"",""description"":""Frame Finish"",""collection"":null,""image_url"":""https://www.owlee.com/wp-content/uploads/2025/12/finishes_0009_AZ53-Sand-Dollar.jpg"",""display_order"":0},{""finish_id"":18,""item_number"":""TC20"",""name"":""Sandalwood"",""description"":""Frame Finish"",""collection"":null,""image_url"":""https://www.owlee.com/wp-content/uploads/2025/12/finishes_0003_TC20-Sandalwood.jpg"",""display_order"":0},{""finish_id"":19,""item_number"":""TG56"",""name"":""Shadow Grey"",""description"":""Frame Finish"",""collection"":null,""image_url"":""https://www.owlee.com/wp-content/uploads/2025/12/finishes_0002_TG56-Shadow-Grey.jpg"",""display_order"":0},{""finish_id"":20,""item_number"":""VT25"",""name"":""Velvet White"",""description"":""Frame Finish"",""collection"":null,""image_url"":""https://www.owlee.com/wp-content/uploads/2025/12/finishes_0000_VT25-Velvet-White.jpg"",""display_order"":0}]",[],"[{""url"":""https://641bdd57-e650-4f10-a19f-628c07eb50b7-00-1e7i1aja8wnz9.worf.replit.dev/api/storage/objects/products/owlee-v2/AT-DT10_Table_Bases_Standard_Aluminum_10_Dining_Table_Base.jpg"",""alt_text"":null,""is_primary"":true,""display_order"":0,""image_kind"":""gallery"",""variant_id"":null}]",[]
O.W. Lee,o-w-lee,2164,BT01-BASE,Table Bases Standard Iron 01 Bar Table Base,owlee-table-bases-standard-iron-01-bar-table-base-bt01-base,"Timeless and sturdy, our Standard Iron table bases provide a strong foundation for your outdoor tables. Crafted from durable iron with a refined finish, they combine classic design with long-lasting performance. These versatile bases pair beautifully with the Monterra and Pasadera collections, enhancing both traditional and contemporary outdoor spaces. This base fits the following tops: - 24"" Round (Porcelain, Dekton, or Mesh) - 24"" Square (Porcelain or Dekton) - 30"" Round (Porcelain or Mesh)","Timeless and sturdy, our Standard Iron table bases provide a strong foundation for your outdoor tables. Crafted from durable iron with a refined finish, they combine classic design with long-lasting performance. These versatile bases pair beautifully with the Monterra and Pasadera collections, enhancing both traditional and contemporary outdoor spaces. This base fits the following tops: - 24"" Round (Porcelain, Dekton, or Mesh) - 24"" Square (Porcelain or Dekton) - 30"" Round (Porcelain or Mesh)",Dining,cat-dining,Wrought Iron,wrought-iron,,,,,,,fixed,,"H 41"" × W 15"" × D 15""","{""height_in"":""41"",""collection"":""Table Bases"",""weight_lbs"":""25 (pkg)"",""spec_sheet_pdf"":""https://www.owlee.com/collections/standard-iron-bases/bar-table-base-table-bases-standard-iron-bases-3/"",""depth_length_in"":""15"",""width_diameter_in"":""15""}","[""o-w-lee"",""table-bases"",""made-in-usa""]",false,true,true,true,false,,183,0,true,2026-05-03 01:40:47.408145+00,2026-06-17 00:27:48.582+00,[],[],[],"[{""finish_id"":11,""item_number"":""TG68"",""name"":""Carbon Black"",""description"":""Frame Finish"",""collection"":null,""image_url"":""https://www.owlee.com/wp-content/uploads/2025/12/finishes_0001_TG68-Carbon-Black.jpg"",""display_order"":0},{""finish_id"":12,""item_number"":""SP50"",""name"":""Copper Creek"",""description"":""Frame Finish"",""collection"":null,""image_url"":""https://www.owlee.com/wp-content/uploads/2025/12/finishes_0004_SP50-Copper-Creek.jpg"",""display_order"":0},{""finish_id"":13,""item_number"":""SP42"",""name"":""Espresso"",""description"":""Frame Finish"",""collection"":null,""image_url"":""https://www.owlee.com/wp-content/uploads/2025/12/finishes_0005_SP42-Espresso.jpg"",""display_order"":0},{""finish_id"":14,""item_number"":""SP21"",""name"":""Graphite"",""description"":""Frame Finish"",""collection"":null,""image_url"":""https://www.owlee.com/wp-content/uploads/2025/12/finishes_0007_SP21-Graphite.jpg"",""display_order"":0},{""finish_id"":15,""item_number"":""SP11"",""name"":""Rosewood"",""description"":""Frame Finish"",""collection"":null,""image_url"":""https://www.owlee.com/wp-content/uploads/2025/12/finishes_0008_SP11-Rosewood.jpg"",""display_order"":0},{""finish_id"":16,""item_number"":""SP22"",""name"":""Sable"",""description"":""Frame Finish"",""collection"":null,""image_url"":""https://www.owlee.com/wp-content/uploads/2025/12/finishes_0006_SP22-Sable.jpg"",""display_order"":0},{""finish_id"":17,""item_number"":""AZ53"",""name"":""Sand Dollar"",""description"":""Frame Finish"",""collection"":null,""image_url"":""https://www.owlee.com/wp-content/uploads/2025/12/finishes_0009_AZ53-Sand-Dollar.jpg"",""display_order"":0},{""finish_id"":18,""item_number"":""TC20"",""name"":""Sandalwood"",""description"":""Frame Finish"",""collection"":null,""image_url"":""https://www.owlee.com/wp-content/uploads/2025/12/finishes_0003_TC20-Sandalwood.jpg"",""display_order"":0},{""finish_id"":19,""item_number"":""TG56"",""name"":""Shadow Grey"",""description"":""Frame Finish"",""collection"":null,""image_url"":""https://www.owlee.com/wp-content/uploads/2025/12/finishes_0002_TG56-Shadow-Grey.jpg"",""display_order"":0},{""finish_id"":20,""item_number"":""VT25"",""name"":""Velvet White"",""description"":""Frame Finish"",""collection"":null,""image_url"":""https://www.owlee.com/wp-content/uploads/2025/12/finishes_0000_VT25-Velvet-White.jpg"",""display_order"":0}]",[],"[{""url"":""https://641bdd57-e650-4f10-a19f-628c07eb50b7-00-1e7i1aja8wnz9.worf.replit.dev/api/storage/objects/products/owlee-v2/BT01-BASE_Table_Bases_Standard_Iron_01_Bar_Table_Base.jpg"",""alt_text"":null,""is_primary"":true,""display_order"":0,""image_kind"":""gallery"",""variant_id"":null}]",[]
O.W. Lee,o-w-lee,2165,BT03-BASE,Table Bases Standard Iron 03 Bar Table Base,owlee-table-bases-standard-iron-03-bar-table-base-bt03-base,"Timeless and sturdy, our Standard Iron table bases provide a strong foundation for your outdoor tables. Crafted from durable iron with a refined finish, they combine classic design with long-lasting performance. These versatile bases pair beautifully with the Monterra and Pasadera collections, enhancing both traditional and contemporary outdoor spaces. This base fits the following tops: - 36"" Square (Porcelain) - 42"" Round (Porcelain and Micro Mesh) - 42"" Square (Porcelain and Micro Mesh) - 54"" Round (Porcelain, Dekton, and Micro Mesh)","Timeless and sturdy, our Standard Iron table bases provide a strong foundation for your outdoor tables. Crafted from durable iron with a refined finish, they combine classic design with long-lasting performance. These versatile bases pair beautifully with the Monterra and Pasadera collections, enhancing both traditional and contemporary outdoor spaces. This base fits the following tops: - 36"" Square (Porcelain) - 42"" Round (Porcelain and Micro Mesh) - 42"" Square (Porcelain and Micro Mesh) - 54"" Round (Porcelain, Dekton, and Micro Mesh)",Dining,cat-dining,Wrought Iron,wrought-iron,,,,,,,fixed,,"H 41"" × W 25"" × D 25""","{""height_in"":""41"",""collection"":""Table Bases"",""weight_lbs"":""44 (pkg)"",""spec_sheet_pdf"":""https://www.owlee.com/collections/standard-iron-bases/bar-table-base-table-bases-standard-iron-bases/"",""depth_length_in"":""25"",""width_diameter_in"":""25""}","[""o-w-lee"",""table-bases"",""made-in-usa""]",false,true,true,true,false,,184,0,true,2026-05-03 01:40:47.411352+00,2026-06-17 00:27:48.589+00,[],[],[],"[{""finish_id"":11,""item_number"":""TG68"",""name"":""Carbon Black"",""description"":""Frame Finish"",""collection"":null,""image_url"":""https://www.owlee.com/wp-content/uploads/2025/12/finishes_0001_TG68-Carbon-Black.jpg"",""display_order"":0},{""finish_id"":12,""item_number"":""SP50"",""name"":""Copper Creek"",""description"":""Frame Finish"",""collection"":null,""image_url"":""https://www.owlee.com/wp-content/uploads/2025/12/finishes_0004_SP50-Copper-Creek.jpg"",""display_order"":0},{""finish_id"":13,""item_number"":""SP42"",""name"":""Espresso"",""description"":""Frame Finish"",""collection"":null,""image_url"":""https://www.owlee.com/wp-content/uploads/2025/12/finishes_0005_SP42-Espresso.jpg"",""display_order"":0},{""finish_id"":14,""item_number"":""SP21"",""name"":""Graphite"",""description"":""Frame Finish"",""collection"":null,""image_url"":""https://www.owlee.com/wp-content/uploads/2025/12/finishes_0007_SP21-Graphite.jpg"",""display_order"":0},{""finish_id"":15,""item_number"":""SP11"",""name"":""Rosewood"",""description"":""Frame Finish"",""collection"":null,""image_url"":""https://www.owlee.com/wp-content/uploads/2025/12/finishes_0008_SP11-Rosewood.jpg"",""display_order"":0},{""finish_id"":16,""item_number"":""SP22"",""name"":""Sable"",""description"":""Frame Finish"",""collection"":null,""image_url"":""https://www.owlee.com/wp-content/uploads/2025/12/finishes_0006_SP22-Sable.jpg"",""display_order"":0},{""finish_id"":17,""item_number"":""AZ53"",""name"":""Sand Dollar"",""description"":""Frame Finish"",""collection"":null,""image_url"":""https://www.owlee.com/wp-content/uploads/2025/12/finishes_0009_AZ53-Sand-Dollar.jpg"",""display_order"":0},{""finish_id"":18,""item_number"":""TC20"",""name"":""Sandalwood"",""description"":""Frame Finish"",""collection"":null,""image_url"":""https://www.owlee.com/wp-content/uploads/2025/12/finishes_0003_TC20-Sandalwood.jpg"",""display_order"":0},{""finish_id"":19,""item_number"":""TG56"",""name"":""Shadow Grey"",""description"":""Frame Finish"",""collection"":null,""image_url"":""https://www.owlee.com/wp-content/uploads/2025/12/finishes_0002_TG56-Shadow-Grey.jpg"",""display_order"":0},{""finish_id"":20,""item_number"":""VT25"",""name"":""Velvet White"",""description"":""Frame Finish"",""collection"":null,""image_url"":""https://www.owlee.com/wp-content/uploads/2025/12/finishes_0000_VT25-Velvet-White.jpg"",""display_order"":0}]",[],"[{""url"":""https://641bdd57-e650-4f10-a19f-628c07eb50b7-00-1e7i1aja8wnz9.worf.replit.dev/api/storage/objects/products/owlee-v2/BT03-BASE_Table_Bases_Standard_Iron_03_Bar_Table_Base.jpg"",""alt_text"":null,""is_primary"":true,""display_order"":0,""image_kind"":""gallery"",""variant_id"":null}]",[]
O.W. Lee,o-w-lee,2162,CT01-BASE,Table Bases Standard Iron 01 Counter Table Base,owlee-table-bases-standard-iron-01-counter-table-base-ct01-base,"Timeless and sturdy, our Standard Iron table bases provide a strong foundation for your outdoor tables. Crafted from durable iron with a refined finish, they combine classic design with long-lasting performance. These versatile bases pair beautifully with the Monterra and Pasadera collections, enhancing both traditional and contemporary outdoor spaces. This base fits the following tops: - 24"" Round (Porcelain, Dekton, or Mesh) - 24"" Square (Porcelain or Dekton) - 30"" Round (Porcelain or Mesh)","Timeless and sturdy, our Standard Iron table bases provide a strong foundation for your outdoor tables. Crafted from durable iron with a refined finish, they combine classic design with long-lasting performance. These versatile bases pair beautifully with the Monterra and Pasadera collections, enhancing both traditional and contemporary outdoor spaces. This base fits the following tops: - 24"" Round (Porcelain, Dekton, or Mesh) - 24"" Square (Porcelain or Dekton) - 30"" Round (Porcelain or Mesh)",Dining,cat-dining,Wrought Iron,wrought-iron,,,,,,,fixed,,"H 37"" × W 15"" × D 15""","{""height_in"":""37"",""collection"":""Table Bases"",""weight_lbs"":""23 (pkg)"",""spec_sheet_pdf"":""https://www.owlee.com/collections/standard-iron-bases/counter-table-base-table-bases-standard-iron-bases/"",""depth_length_in"":""15"",""width_diameter_in"":""15""}","[""o-w-lee"",""table-bases"",""made-in-usa""]",false,true,true,true,false,,181,0,true,2026-05-03 01:40:47.401528+00,2026-06-17 00:27:48.566+00,[],[],[],"[{""finish_id"":11,""item_number"":""TG68"",""name"":""Carbon Black"",""description"":""Frame Finish"",""collection"":null,""image_url"":""https://www.owlee.com/wp-content/uploads/2025/12/finishes_0001_TG68-Carbon-Black.jpg"",""display_order"":0},{""finish_id"":12,""item_number"":""SP50"",""name"":""Copper Creek"",""description"":""Frame Finish"",""collection"":null,""image_url"":""https://www.owlee.com/wp-content/uploads/2025/12/finishes_0004_SP50-Copper-Creek.jpg"",""display_order"":0},{""finish_id"":13,""item_number"":""SP42"",""name"":""Espresso"",""description"":""Frame Finish"",""collection"":null,""image_url"":""https://www.owlee.com/wp-content/uploads/2025/12/finishes_0005_SP42-Espresso.jpg"",""display_order"":0},{""finish_id"":14,""item_number"":""SP21"",""name"":""Graphite"",""description"":""Frame Finish"",""collection"":null,""image_url"":""https://www.owlee.com/wp-content/uploads/2025/12/finishes_0007_SP21-Graphite.jpg"",""display_order"":0},{""finish_id"":15,""item_number"":""SP11"",""name"":""Rosewood"",""description"":""Frame Finish"",""collection"":null,""image_url"":""https://www.owlee.com/wp-content/uploads/2025/12/finishes_0008_SP11-Rosewood.jpg"",""display_order"":0},{""finish_id"":16,""item_number"":""SP22"",""name"":""Sable"",""description"":""Frame Finish"",""collection"":null,""image_url"":""https://www.owlee.com/wp-content/uploads/2025/12/finishes_0006_SP22-Sable.jpg"",""display_order"":0},{""finish_id"":17,""item_number"":""AZ53"",""name"":""Sand Dollar"",""description"":""Frame Finish"",""collection"":null,""image_url"":""https://www.owlee.com/wp-content/uploads/2025/12/finishes_0009_AZ53-Sand-Dollar.jpg"",""display_order"":0},{""finish_id"":18,""item_number"":""TC20"",""name"":""Sandalwood"",""description"":""Frame Finish"",""collection"":null,""image_url"":""https://www.owlee.com/wp-content/uploads/2025/12/finishes_0003_TC20-Sandalwood.jpg"",""display_order"":0},{""finish_id"":19,""item_number"":""TG56"",""name"":""Shadow Grey"",""description"":""Frame Finish"",""collection"":null,""image_url"":""https://www.owlee.com/wp-content/uploads/2025/12/finishes_0002_TG56-Shadow-Grey.jpg"",""display_order"":0},{""finish_id"":20,""item_number"":""VT25"",""name"":""Velvet White"",""description"":""Frame Finish"",""collection"":null,""image_url"":""https://www.owlee.com/wp-content/uploads/2025/12/finishes_0000_VT25-Velvet-White.jpg"",""display_order"":0}]",[],"[{""url"":""https://641bdd57-e650-4f10-a19f-628c07eb50b7-00-1e7i1aja8wnz9.worf.replit.dev/api/storage/objects/products/owlee-v2/CT01-BASE_Table_Bases_Standard_Iron_01_Counter_Table_Base.jpg"",""alt_text"":null,""is_primary"":true,""display_order"":0,""image_kind"":""gallery"",""variant_id"":null}]",[]
O.W. Lee,o-w-lee,2163,CT03-BASE,Table Bases Standard Iron 03 Counter Table Base,owlee-table-bases-standard-iron-03-counter-table-base-ct03-base,"Timeless and sturdy, our Standard Iron table bases provide a strong foundation for your outdoor tables. Crafted from durable iron with a refined finish, they combine classic design with long-lasting performance. These versatile bases pair beautifully with the Monterra and Pasadera collections, enhancing both traditional and contemporary outdoor spaces. This base fits the following tops: - 36"" Square (Porcelain) - 42"" Round (Porcelain and Micro Mesh) - 42"" Square (Porcelain and Micro Mesh) - 54"" Round (Porcelain, Dekton, and Micro Mesh)","Timeless and sturdy, our Standard Iron table bases provide a strong foundation for your outdoor tables. Crafted from durable iron with a refined finish, they combine classic design with long-lasting performance. These versatile bases pair beautifully with the Monterra and Pasadera collections, enhancing both traditional and contemporary outdoor spaces. This base fits the following tops: - 36"" Square (Porcelain) - 42"" Round (Porcelain and Micro Mesh) - 42"" Square (Porcelain and Micro Mesh) - 54"" Round (Porcelain, Dekton, and Micro Mesh)",Dining,cat-dining,Wrought Iron,wrought-iron,,,,,,,fixed,,"H 37"" × W 25"" × D 25""","{""height_in"":""37"",""collection"":""Table Bases"",""weight_lbs"":""42 (pkg)"",""spec_sheet_pdf"":""https://www.owlee.com/collections/standard-iron-bases/counter-table-base-table-bases-standard-iron-bases-2/"",""depth_length_in"":""25"",""width_diameter_in"":""25""}","[""o-w-lee"",""table-bases"",""made-in-usa""]",false,true,true,true,false,,182,0,true,2026-05-03 01:40:47.404675+00,2026-06-17 00:27:48.576+00,[],[],[],"[{""finish_id"":11,""item_number"":""TG68"",""name"":""Carbon Black"",""description"":""Frame Finish"",""collection"":null,""image_url"":""https://www.owlee.com/wp-content/uploads/2025/12/finishes_0001_TG68-Carbon-Black.jpg"",""display_order"":0},{""finish_id"":12,""item_number"":""SP50"",""name"":""Copper Creek"",""description"":""Frame Finish"",""collection"":null,""image_url"":""https://www.owlee.com/wp-content/uploads/2025/12/finishes_0004_SP50-Copper-Creek.jpg"",""display_order"":0},{""finish_id"":13,""item_number"":""SP42"",""name"":""Espresso"",""description"":""Frame Finish"",""collection"":null,""image_url"":""https://www.owlee.com/wp-content/uploads/2025/12/finishes_0005_SP42-Espresso.jpg"",""display_order"":0},{""finish_id"":14,""item_number"":""SP21"",""name"":""Graphite"",""description"":""Frame Finish"",""collection"":null,""image_url"":""https://www.owlee.com/wp-content/uploads/2025/12/finishes_0007_SP21-Graphite.jpg"",""display_order"":0},{""finish_id"":15,""item_number"":""SP11"",""name"":""Rosewood"",""description"":""Frame Finish"",""collection"":null,""image_url"":""https://www.owlee.com/wp-content/uploads/2025/12/finishes_0008_SP11-Rosewood.jpg"",""display_order"":0},{""finish_id"":16,""item_number"":""SP22"",""name"":""Sable"",""description"":""Frame Finish"",""collection"":null,""image_url"":""https://www.owlee.com/wp-content/uploads/2025/12/finishes_0006_SP22-Sable.jpg"",""display_order"":0},{""finish_id"":17,""item_number"":""AZ53"",""name"":""Sand Dollar"",""description"":""Frame Finish"",""collection"":null,""image_url"":""https://www.owlee.com/wp-content/uploads/2025/12/finishes_0009_AZ53-Sand-Dollar.jpg"",""display_order"":0},{""finish_id"":18,""item_number"":""TC20"",""name"":""Sandalwood"",""description"":""Frame Finish"",""collection"":null,""image_url"":""https://www.owlee.com/wp-content/uploads/2025/12/finishes_0003_TC20-Sandalwood.jpg"",""display_order"":0},{""finish_id"":19,""item_number"":""TG56"",""name"":""Shadow Grey"",""description"":""Frame Finish"",""collection"":null,""image_url"":""https://www.owlee.com/wp-content/uploads/2025/12/finishes_0002_TG56-Shadow-Grey.jpg"",""display_order"":0},{""finish_id"":20,""item_number"":""VT25"",""name"":""Velvet White"",""description"":""Frame Finish"",""collection"":null,""image_url"":""https://www.owlee.com/wp-content/uploads/2025/12/finishes_0000_VT25-Velvet-White.jpg"",""display_order"":0}]",[],"[{""url"":""https://641bdd57-e650-4f10-a19f-628c07eb50b7-00-1e7i1aja8wnz9.worf.replit.dev/api/storage/objects/products/owlee-v2/CT03-BASE_Table_Bases_Standard_Iron_03_Counter_Table_Base.jpg"",""alt_text"":null,""is_primary"":true,""display_order"":0,""image_kind"":""gallery"",""variant_id"":null}]",[]
O.W. Lee,o-w-lee,2158,DT01-BASE,Table Bases Standard Iron 01 Dining Table Base,owlee-table-bases-standard-iron-01-dining-table-base-dt01-base,"Timeless and sturdy, our Standard Iron table bases provide a strong foundation for your outdoor tables. Crafted from durable iron with a refined finish, they combine classic design with long-lasting performance. These versatile bases pair beautifully with the Monterra and Pasadera collections, enhancing both traditional and contemporary outdoor spaces. This base fits the following tops: - 24"" Round (Porcelain, Dekton, or Mesh) - 24"" Square (Porcelain or Dekton) - 30"" Round (Porcelain or Mesh)","Timeless and sturdy, our Standard Iron table bases provide a strong foundation for your outdoor tables. Crafted from durable iron with a refined finish, they combine classic design with long-lasting performance. These versatile bases pair beautifully with the Monterra and Pasadera collections, enhancing both traditional and contemporary outdoor spaces. This base fits the following tops: - 24"" Round (Porcelain, Dekton, or Mesh) - 24"" Square (Porcelain or Dekton) - 30"" Round (Porcelain or Mesh)",Dining,cat-dining,Wrought Iron,wrought-iron,,,,,,,fixed,,"H 28"" × W 15"" × D 15""","{""height_in"":""28"",""collection"":""Table Bases"",""weight_lbs"":""19 (pkg)"",""spec_sheet_pdf"":""https://www.owlee.com/collections/standard-iron-bases/dining-table-base-table-bases-standard-iron-bases/"",""depth_length_in"":""15"",""width_diameter_in"":""15""}","[""o-w-lee"",""table-bases"",""made-in-usa""]",false,true,true,true,false,,177,0,true,2026-05-03 01:40:47.388936+00,2026-06-17 00:27:48.464+00,[],[],[],"[{""finish_id"":11,""item_number"":""TG68"",""name"":""Carbon Black"",""description"":""Frame Finish"",""collection"":null,""image_url"":""https://www.owlee.com/wp-content/uploads/2025/12/finishes_0001_TG68-Carbon-Black.jpg"",""display_order"":0},{""finish_id"":12,""item_number"":""SP50"",""name"":""Copper Creek"",""description"":""Frame Finish"",""collection"":null,""image_url"":""https://www.owlee.com/wp-content/uploads/2025/12/finishes_0004_SP50-Copper-Creek.jpg"",""display_order"":0},{""finish_id"":13,""item_number"":""SP42"",""name"":""Espresso"",""description"":""Frame Finish"",""collection"":null,""image_url"":""https://www.owlee.com/wp-content/uploads/2025/12/finishes_0005_SP42-Espresso.jpg"",""display_order"":0},{""finish_id"":14,""item_number"":""SP21"",""name"":""Graphite"",""description"":""Frame Finish"",""collection"":null,""image_url"":""https://www.owlee.com/wp-content/uploads/2025/12/finishes_0007_SP21-Graphite.jpg"",""display_order"":0},{""finish_id"":15,""item_number"":""SP11"",""name"":""Rosewood"",""description"":""Frame Finish"",""collection"":null,""image_url"":""https://www.owlee.com/wp-content/uploads/2025/12/finishes_0008_SP11-Rosewood.jpg"",""display_order"":0},{""finish_id"":16,""item_number"":""SP22"",""name"":""Sable"",""description"":""Frame Finish"",""collection"":null,""image_url"":""https://www.owlee.com/wp-content/uploads/2025/12/finishes_0006_SP22-Sable.jpg"",""display_order"":0},{""finish_id"":17,""item_number"":""AZ53"",""name"":""Sand Dollar"",""description"":""Frame Finish"",""collection"":null,""image_url"":""https://www.owlee.com/wp-content/uploads/2025/12/finishes_0009_AZ53-Sand-Dollar.jpg"",""display_order"":0},{""finish_id"":18,""item_number"":""TC20"",""name"":""Sandalwood"",""description"":""Frame Finish"",""collection"":null,""image_url"":""https://www.owlee.com/wp-content/uploads/2025/12/finishes_0003_TC20-Sandalwood.jpg"",""display_order"":0},{""finish_id"":19,""item_number"":""TG56"",""name"":""Shadow Grey"",""description"":""Frame Finish"",""collection"":null,""image_url"":""https://www.owlee.com/wp-content/uploads/2025/12/finishes_0002_TG56-Shadow-Grey.jpg"",""display_order"":0},{""finish_id"":20,""item_number"":""VT25"",""name"":""Velvet White"",""description"":""Frame Finish"",""collection"":null,""image_url"":""https://www.owlee.com/wp-content/uploads/2025/12/finishes_0000_VT25-Velvet-White.jpg"",""display_order"":0}]",[],"[{""url"":""https://641bdd57-e650-4f10-a19f-628c07eb50b7-00-1e7i1aja8wnz9.worf.replit.dev/api/storage/objects/products/owlee-v2/DT01-BASE_Table_Bases_Standard_Iron_01_Dining_Table_Base.jpg"",""alt_text"":null,""is_primary"":true,""display_order"":0,""image_kind"":""gallery"",""variant_id"":null}]",[]
O.W. Lee,o-w-lee,2159,DT03-BASE,Table Bases Standard Iron 03 Dining Table Base,owlee-table-bases-standard-iron-03-dining-table-base-dt03-base,"Timeless and sturdy, our Standard Iron table bases provide a strong foundation for your outdoor tables. Crafted from durable iron with a refined finish, they combine classic design with long-lasting performance. These versatile bases pair beautifully with the Monterra and Pasadera collections, enhancing both traditional and contemporary outdoor spaces. This base fits the following tops: - 36"" Square (Porcelain) - 42"" Round (Porcelain and Micro Mesh) - 42"" Square (Porcelain and Micro Mesh) - 54"" Round (Porcelain, Dekton, and Micro Mesh)","Timeless and sturdy, our Standard Iron table bases provide a strong foundation for your outdoor tables. Crafted from durable iron with a refined finish, they combine classic design with long-lasting performance. These versatile bases pair beautifully with the Monterra and Pasadera collections, enhancing both traditional and contemporary outdoor spaces. This base fits the following tops: - 36"" Square (Porcelain) - 42"" Round (Porcelain and Micro Mesh) - 42"" Square (Porcelain and Micro Mesh) - 54"" Round (Porcelain, Dekton, and Micro Mesh)",Dining,cat-dining,Wrought Iron,wrought-iron,,,,,,,fixed,,,"{""collection"":""Table Bases"",""weight_lbs"":""30 (pkg)"",""spec_sheet_pdf"":""https://www.owlee.com/collections/standard-iron-bases/dining-table-base-table-bases-standard-iron-bases-2/""}","[""o-w-lee"",""table-bases"",""made-in-usa""]",false,true,true,true,false,,178,0,true,2026-05-03 01:40:47.39168+00,2026-06-17 00:27:48.469+00,[],[],[],"[{""finish_id"":11,""item_number"":""TG68"",""name"":""Carbon Black"",""description"":""Frame Finish"",""collection"":null,""image_url"":""https://www.owlee.com/wp-content/uploads/2025/12/finishes_0001_TG68-Carbon-Black.jpg"",""display_order"":0},{""finish_id"":12,""item_number"":""SP50"",""name"":""Copper Creek"",""description"":""Frame Finish"",""collection"":null,""image_url"":""https://www.owlee.com/wp-content/uploads/2025/12/finishes_0004_SP50-Copper-Creek.jpg"",""display_order"":0},{""finish_id"":13,""item_number"":""SP42"",""name"":""Espresso"",""description"":""Frame Finish"",""collection"":null,""image_url"":""https://www.owlee.com/wp-content/uploads/2025/12/finishes_0005_SP42-Espresso.jpg"",""display_order"":0},{""finish_id"":14,""item_number"":""SP21"",""name"":""Graphite"",""description"":""Frame Finish"",""collection"":null,""image_url"":""https://www.owlee.com/wp-content/uploads/2025/12/finishes_0007_SP21-Graphite.jpg"",""display_order"":0},{""finish_id"":15,""item_number"":""SP11"",""name"":""Rosewood"",""description"":""Frame Finish"",""collection"":null,""image_url"":""https://www.owlee.com/wp-content/uploads/2025/12/finishes_0008_SP11-Rosewood.jpg"",""display_order"":0},{""finish_id"":16,""item_number"":""SP22"",""name"":""Sable"",""description"":""Frame Finish"",""collection"":null,""image_url"":""https://www.owlee.com/wp-content/uploads/2025/12/finishes_0006_SP22-Sable.jpg"",""display_order"":0},{""finish_id"":17,""item_number"":""AZ53"",""name"":""Sand Dollar"",""description"":""Frame Finish"",""collection"":null,""image_url"":""https://www.owlee.com/wp-content/uploads/2025/12/finishes_0009_AZ53-Sand-Dollar.jpg"",""display_order"":0},{""finish_id"":18,""item_number"":""TC20"",""name"":""Sandalwood"",""description"":""Frame Finish"",""collection"":null,""image_url"":""https://www.owlee.com/wp-content/uploads/2025/12/finishes_0003_TC20-Sandalwood.jpg"",""display_order"":0},{""finish_id"":19,""item_number"":""TG56"",""name"":""Shadow Grey"",""description"":""Frame Finish"",""collection"":null,""image_url"":""https://www.owlee.com/wp-content/uploads/2025/12/finishes_0002_TG56-Shadow-Grey.jpg"",""display_order"":0},{""finish_id"":20,""item_number"":""VT25"",""name"":""Velvet White"",""description"":""Frame Finish"",""collection"":null,""image_url"":""https://www.owlee.com/wp-content/uploads/2025/12/finishes_0000_VT25-Velvet-White.jpg"",""display_order"":0}]",[],"[{""url"":""https://641bdd57-e650-4f10-a19f-628c07eb50b7-00-1e7i1aja8wnz9.worf.replit.dev/api/storage/objects/products/owlee-v2/DT03-BASE_Table_Bases_Standard_Iron_03_Dining_Table_Base.jpg"",""alt_text"":null,""is_primary"":true,""display_order"":0,""image_kind"":""gallery"",""variant_id"":null}]",[]
O.W. Lee,o-w-lee,2160,DT05-BASE,Table Bases Standard Iron 05 Dining Table Base,owlee-table-bases-standard-iron-05-dining-table-base-dt05-base,"Timeless and sturdy, our Standard Iron table bases provide a strong foundation for your outdoor tables. Crafted from durable iron with a refined finish, they combine classic design with long-lasting performance. These versatile bases pair beautifully with the Monterra and Pasadera collections, enhancing both traditional and contemporary outdoor spaces. This base fits the following tops: - 28x50"" (Porcelain, Micro Mesh) - 31x56"" (Dekton) - 36x58"" (Porcelain, Micro Mesh)","Timeless and sturdy, our Standard Iron table bases provide a strong foundation for your outdoor tables. Crafted from durable iron with a refined finish, they combine classic design with long-lasting performance. These versatile bases pair beautifully with the Monterra and Pasadera collections, enhancing both traditional and contemporary outdoor spaces. This base fits the following tops: - 28x50"" (Porcelain, Micro Mesh) - 31x56"" (Dekton) - 36x58"" (Porcelain, Micro Mesh)",Dining,cat-dining,Wrought Iron,wrought-iron,,,,,,,fixed,,,"{""collection"":""Table Bases"",""weight_lbs"":""38 (pkg)"",""spec_sheet_pdf"":""https://www.owlee.com/collections/standard-iron-bases/dining-table-base-table-bases-standard-iron-bases-3/""}","[""o-w-lee"",""table-bases"",""made-in-usa""]",false,true,true,true,false,,179,0,true,2026-05-03 01:40:47.394282+00,2026-06-17 00:27:48.475+00,[],[],[],"[{""finish_id"":11,""item_number"":""TG68"",""name"":""Carbon Black"",""description"":""Frame Finish"",""collection"":null,""image_url"":""https://www.owlee.com/wp-content/uploads/2025/12/finishes_0001_TG68-Carbon-Black.jpg"",""display_order"":0},{""finish_id"":12,""item_number"":""SP50"",""name"":""Copper Creek"",""description"":""Frame Finish"",""collection"":null,""image_url"":""https://www.owlee.com/wp-content/uploads/2025/12/finishes_0004_SP50-Copper-Creek.jpg"",""display_order"":0},{""finish_id"":13,""item_number"":""SP42"",""name"":""Espresso"",""description"":""Frame Finish"",""collection"":null,""image_url"":""https://www.owlee.com/wp-content/uploads/2025/12/finishes_0005_SP42-Espresso.jpg"",""display_order"":0},{""finish_id"":14,""item_number"":""SP21"",""name"":""Graphite"",""description"":""Frame Finish"",""collection"":null,""image_url"":""https://www.owlee.com/wp-content/uploads/2025/12/finishes_0007_SP21-Graphite.jpg"",""display_order"":0},{""finish_id"":15,""item_number"":""SP11"",""name"":""Rosewood"",""description"":""Frame Finish"",""collection"":null,""image_url"":""https://www.owlee.com/wp-content/uploads/2025/12/finishes_0008_SP11-Rosewood.jpg"",""display_order"":0},{""finish_id"":16,""item_number"":""SP22"",""name"":""Sable"",""description"":""Frame Finish"",""collection"":null,""image_url"":""https://www.owlee.com/wp-content/uploads/2025/12/finishes_0006_SP22-Sable.jpg"",""display_order"":0},{""finish_id"":17,""item_number"":""AZ53"",""name"":""Sand Dollar"",""description"":""Frame Finish"",""collection"":null,""image_url"":""https://www.owlee.com/wp-content/uploads/2025/12/finishes_0009_AZ53-Sand-Dollar.jpg"",""display_order"":0},{""finish_id"":18,""item_number"":""TC20"",""name"":""Sandalwood"",""description"":""Frame Finish"",""collection"":null,""image_url"":""https://www.owlee.com/wp-content/uploads/2025/12/finishes_0003_TC20-Sandalwood.jpg"",""display_order"":0},{""finish_id"":19,""item_number"":""TG56"",""name"":""Shadow Grey"",""description"":""Frame Finish"",""collection"":null,""image_url"":""https://www.owlee.com/wp-content/uploads/2025/12/finishes_0002_TG56-Shadow-Grey.jpg"",""display_order"":0},{""finish_id"":20,""item_number"":""VT25"",""name"":""Velvet White"",""description"":""Frame Finish"",""collection"":null,""image_url"":""https://www.owlee.com/wp-content/uploads/2025/12/finishes_0000_VT25-Velvet-White.jpg"",""display_order"":0}]",[],"[{""url"":""https://641bdd57-e650-4f10-a19f-628c07eb50b7-00-1e7i1aja8wnz9.worf.replit.dev/api/storage/objects/products/owlee-v2/DT05-BASE_Table_Bases_Standard_Iron_05_Dining_Table_Base.jpg"",""alt_text"":null,""is_primary"":true,""display_order"":0,""image_kind"":""gallery"",""variant_id"":null}]",[]
O.W. Lee,o-w-lee,2161,DT07-BASE,Table Bases Standard Iron 07 Dining Table Base,owlee-table-bases-standard-iron-07-dining-table-base-dt07-base,"Timeless and sturdy, our Standard Iron table bases provide a strong foundation for your outdoor tables. Crafted from durable iron with a refined finish, they combine classic design with long-lasting performance. These versatile bases pair beautifully with the Monterra and Pasadera collections, enhancing both traditional and contemporary outdoor spaces. This base fits the following tops: - 42x72"" (Porcelain) - 42x84"" (Porcelain, Dekton, Micro Mesh)","Timeless and sturdy, our Standard Iron table bases provide a strong foundation for your outdoor tables. Crafted from durable iron with a refined finish, they combine classic design with long-lasting performance. These versatile bases pair beautifully with the Monterra and Pasadera collections, enhancing both traditional and contemporary outdoor spaces. This base fits the following tops: - 42x72"" (Porcelain) - 42x84"" (Porcelain, Dekton, Micro Mesh)",Dining,cat-dining,Wrought Iron,wrought-iron,,,,,,,fixed,,,"{""collection"":""Table Bases"",""weight_lbs"":""61 (pkg)"",""spec_sheet_pdf"":""https://www.owlee.com/collections/standard-iron-bases/dining-table-base-table-bases-standard-iron-bases-4/""}","[""o-w-lee"",""table-bases"",""made-in-usa""]",false,true,true,true,false,,180,0,true,2026-05-03 01:40:47.398026+00,2026-06-17 00:27:48.48+00,[],[],[],"[{""finish_id"":11,""item_number"":""TG68"",""name"":""Carbon Black"",""description"":""Frame Finish"",""collection"":null,""image_url"":""https://www.owlee.com/wp-content/uploads/2025/12/finishes_0001_TG68-Carbon-Black.jpg"",""display_order"":0},{""finish_id"":12,""item_number"":""SP50"",""name"":""Copper Creek"",""description"":""Frame Finish"",""collection"":null,""image_url"":""https://www.owlee.com/wp-content/uploads/2025/12/finishes_0004_SP50-Copper-Creek.jpg"",""display_order"":0},{""finish_id"":13,""item_number"":""SP42"",""name"":""Espresso"",""description"":""Frame Finish"",""collection"":null,""image_url"":""https://www.owlee.com/wp-content/uploads/2025/12/finishes_0005_SP42-Espresso.jpg"",""display_order"":0},{""finish_id"":14,""item_number"":""SP21"",""name"":""Graphite"",""description"":""Frame Finish"",""collection"":null,""image_url"":""https://www.owlee.com/wp-content/uploads/2025/12/finishes_0007_SP21-Graphite.jpg"",""display_order"":0},{""finish_id"":15,""item_number"":""SP11"",""name"":""Rosewood"",""description"":""Frame Finish"",""collection"":null,""image_url"":""https://www.owlee.com/wp-content/uploads/2025/12/finishes_0008_SP11-Rosewood.jpg"",""display_order"":0},{""finish_id"":16,""item_number"":""SP22"",""name"":""Sable"",""description"":""Frame Finish"",""collection"":null,""image_url"":""https://www.owlee.com/wp-content/uploads/2025/12/finishes_0006_SP22-Sable.jpg"",""display_order"":0},{""finish_id"":17,""item_number"":""AZ53"",""name"":""Sand Dollar"",""description"":""Frame Finish"",""collection"":null,""image_url"":""https://www.owlee.com/wp-content/uploads/2025/12/finishes_0009_AZ53-Sand-Dollar.jpg"",""display_order"":0},{""finish_id"":18,""item_number"":""TC20"",""name"":""Sandalwood"",""description"":""Frame Finish"",""collection"":null,""image_url"":""https://www.owlee.com/wp-content/uploads/2025/12/finishes_0003_TC20-Sandalwood.jpg"",""display_order"":0},{""finish_id"":19,""item_number"":""TG56"",""name"":""Shadow Grey"",""description"":""Frame Finish"",""collection"":null,""image_url"":""https://www.owlee.com/wp-content/uploads/2025/12/finishes_0002_TG56-Shadow-Grey.jpg"",""display_order"":0},{""finish_id"":20,""item_number"":""VT25"",""name"":""Velvet White"",""description"":""Frame Finish"",""collection"":null,""image_url"":""https://www.owlee.com/wp-content/uploads/2025/12/finishes_0000_VT25-Velvet-White.jpg"",""display_order"":0}]",[],"[{""url"":""https://641bdd57-e650-4f10-a19f-628c07eb50b7-00-1e7i1aja8wnz9.worf.replit.dev/api/storage/objects/products/owlee-v2/DT07-BASE_Table_Bases_Standard_Iron_07_Dining_Table_Base.jpg"",""alt_text"":null,""is_primary"":true,""display_order"":0,""image_kind"":""gallery"",""variant_id"":null}]",[]
O.W. Lee,o-w-lee,5258,E-4284RTD,Table Tops 42 x 84 Porcelain Table Top,owlee-table-tops-table-tops-42-x-84-porcelain-table-top-e-4284rtd,"Our 42x84"" porcelain table tops are designed to pair seamlessly with 07 table bases and are available in a selection of 16 porcelain finishes. Each top is thoughtfully constructed in three durable layers and finished with a protective metal rim for long-lasting performance outdoors.
At the core is a lightweight aluminum honeycomb substrate that provides exceptional strength without added weight. This advanced structure creates a stable foundation that resists bending and warping, even in changing temperatures. The porcelain tiles are permanently bonded to the substrate using a waterproof epoxy adhesive, creating a stronger, longer-lasting bond than traditional tile methods. The surface is made with commercial-grade porcelain tile and epoxy grout, resulting in a dense, non-porous top that resists moisture, stains, scratches, and fading. Because porcelain does not absorb water, it will not crack or split in freezing conditions, and spills won't leave lasting marks. A surrounding metal rim helps protect the tile from everyday impacts, ensuring your table maintains its beauty and integrity season after season.","Our 42x84"" porcelain table tops are designed to pair seamlessly with 07 table bases and are available in a selection of 16 porcelain finishes. Each top is thoughtfully constructed in three durable layers and finished with a protective metal rim for long-lasting performance outdoors.
At the core is a lightweight aluminum honeycomb substrate that provides exceptional strength without added weight. This advanced structure creates a stable foundation that resists bending and warping, even in changing temperatures. The porcelain tiles are permanently bonded to the substrate using a waterproof epoxy adhesive, creating a stronger, longer-lasting bond than traditional tile methods. The surface is made with commercial-grade porcelain tile and epoxy grout, resulting in a dense, non-porous top that resists moisture, stains, scratches, and fading. Because porcelain does not absorb water, it will not crack or split in freezing conditions, and spills won't leave lasting marks. A surrounding metal rim helps protect the tile from everyday impacts, ensuring your table maintains its beauty and integrity season after season.",Dining,cat-dining,,,,,,,,,fixed,,"W 42"" × D 84""","{""collection"":""Table Tops"",""weight_lbs"":""170 (pkg)"",""depth_length_in"":""84"",""width_diameter_in"":""42""}","[""o-w-lee"",""table-tops"",""made-in-usa""]",false,true,true,true,false,,304,0,true,2026-06-17 00:26:10.565745+00,2026-06-17 00:27:48.737+00,[],[],[],[],[],"[{""url"":""https://641bdd57-e650-4f10-a19f-628c07eb50b7-00-1e7i1aja8wnz9.worf.replit.dev/api/storage/objects/products/owlee-v2/Table_Tops_42_x_84_Porcelain_Table_Top.jpg"",""alt_text"":null,""is_primary"":true,""display_order"":0,""image_kind"":""gallery"",""variant_id"":null}]",[]
O.W. Lee,o-w-lee,5236,K-24RD,"Table Tops 24"" Round Dekton Top",owlee-table-tops-24-round-dekton-top-k-24rd,"The Dekton 24"" round table top fits our 01 table bases. Elevate your outdoor or indoor dining experience with our premium Dekton table tops. Engineered from ultra-compact surfaces, Dekton combines the beauty of natural stone with exceptional performance, offering unmatched durability and elegance. Resistant to scratches, heat, stains, and UV fading, these surfaces maintain their pristine appearance even in the most demanding environments. With a sleek, modern finish and a wide palette of colors and patterns, a Dekton table top is as visually stunning as it is functional—perfect for entertaining, dining, or creating a striking centerpiece in any space.","The Dekton 24"" round table top fits our 01 table bases. Elevate your outdoor or indoor dining experience with our premium Dekton table tops. Engineered from ultra-compact surfaces, Dekton combines the beauty of natural stone with exceptional performance, offering unmatched durability and elegance. Resistant to scratches, heat, stains, and UV fading, these surfaces maintain their pristine appearance even in the most demanding environments. With a sleek, modern finish and a wide palette of colors and patterns, a Dekton table top is as visually stunning as it is functional—perfect for entertaining, dining, or creating a striking centerpiece in any space.",Dining,cat-dining,Wrought Iron,wrought-iron,,,,,,,fixed,,,"{""collection"":""Table Tops""}","[""o-w-lee"",""table-tops"",""made-in-usa""]",false,true,true,true,false,,282,0,true,2026-06-17 00:26:10.185561+00,2026-06-17 00:27:48.341+00,[],[],[],[],[],"[{""url"":""https://641bdd57-e650-4f10-a19f-628c07eb50b7-00-1e7i1aja8wnz9.worf.replit.dev/api/storage/objects/products/owlee-v2/K-24RD_Table_Tops_24_Round_Dekton_Top.jpg"",""alt_text"":null,""is_primary"":true,""display_order"":0,""image_kind"":""gallery"",""variant_id"":null}]",[]
O.W. Lee,o-w-lee,5237,K-24SQ,"Table Tops 24"" Square Dekton Top",owlee-table-tops-24-square-dekton-top-k-24sq,"Our 24"" Dekton table tops are designed to pair seamlessly with 01 table bases. Elevate your outdoor or indoor experience with our premium Dekton table tops. Engineered from ultra-compact surfaces, Dekton combines the beauty of natural stone with exceptional performance, offering unmatched durability and elegance. Resistant to scratches, heat, stains, and UV fading, these surfaces maintain their pristine appearance even in the most demanding environments.","Our 24"" Dekton table tops are designed to pair seamlessly with 01 table bases. Elevate your outdoor or indoor experience with our premium Dekton table tops. Engineered from ultra-compact surfaces, Dekton combines the beauty of natural stone with exceptional performance, offering unmatched durability and elegance. Resistant to scratches, heat, stains, and UV fading, these surfaces maintain their pristine appearance even in the most demanding environments.",Dining,cat-dining,Wrought Iron,wrought-iron,,,,,,,fixed,,,"{""collection"":""Table Tops""}","[""o-w-lee"",""table-tops"",""made-in-usa""]",false,true,true,true,false,,283,0,true,2026-06-17 00:26:10.190292+00,2026-06-17 00:27:48.346+00,[],[],[],[],[],"[{""url"":""https://641bdd57-e650-4f10-a19f-628c07eb50b7-00-1e7i1aja8wnz9.worf.replit.dev/api/storage/objects/products/owlee-v2/K-24SQ_Table_Tops_24_Square_Dekton_Top.jpg"",""alt_text"":null,""is_primary"":true,""display_order"":0,""image_kind"":""gallery"",""variant_id"":null}]",[]
O.W. Lee,o-w-lee,5233,K-3156,"Table Tops 31x56"" Dekton Table Top",owlee-table-tops-31x56-dekton-table-top-k-3156,"The 31x56"" top pairs with of our 05 table bases and is available with an umbrella hole. Elevate your outdoor or indoor dining experience with our premium Dekton table tops. Engineered from ultra-compact surfaces, Dekton combines the beauty of natural stone with exceptional performance, offering unmatched durability and elegance. Resistant to scratches, heat, stains, and UV fading, these surfaces maintain their pristine appearance even in the most demanding environments. With a sleek, modern finish and a wide palette of colors and patterns, a Dekton table top is as visually stunning as it is functional--perfect for entertaining, dining, or creating a striking centerpiece in any space.","The 31x56"" top pairs with of our 05 table bases and is available with an umbrella hole. Elevate your outdoor or indoor dining experience with our premium Dekton table tops. Engineered from ultra-compact surfaces, Dekton combines the beauty of natural stone with exceptional performance, offering unmatched durability and elegance. Resistant to scratches, heat, stains, and UV fading, these surfaces maintain their pristine appearance even in the most demanding environments. With a sleek, modern finish and a wide palette of colors and patterns, a Dekton table top is as visually stunning as it is functional--perfect for entertaining, dining, or creating a striking centerpiece in any space.",Dining,cat-dining,Wrought Iron,wrought-iron,,,,,,,fixed,,,"{""collection"":""Table Tops""}","[""o-w-lee"",""table-tops"",""made-in-usa""]",false,true,true,true,false,,279,0,true,2026-06-17 00:26:10.16565+00,2026-06-17 00:27:48.327+00,[],[],[],[],[],"[{""url"":""https://641bdd57-e650-4f10-a19f-628c07eb50b7-00-1e7i1aja8wnz9.worf.replit.dev/api/storage/objects/products/owlee-v2/K-3156_Table_Tops_31x56_Dekton_Table_Top.jpg"",""alt_text"":null,""is_primary"":true,""display_order"":0,""image_kind"":""gallery"",""variant_id"":null}]",[]
O.W. Lee,o-w-lee,5234,K-4284,"Table Tops 42x84"" Dekton Table Top",owlee-table-tops-42x84-dekton-table-top-k-4284,"The 42x84"" Dekton table top pairs with our 07 table bases. Elevate your outdoor or indoor dining experience with our premium Dekton table tops. Engineered from ultra-compact surfaces, Dekton combines the beauty of natural stone with exceptional performance, offering unmatched durability and elegance. Resistant to scratches, heat, stains, and UV fading, these surfaces maintain their pristine appearance even in the most demanding environments. With a sleek, modern finish and a wide palette of colors and patterns, a Dekton table top is as visually stunning as it is functional—perfect for entertaining, dining, or creating a striking centerpiece in any space.","The 42x84"" Dekton table top pairs with our 07 table bases. Elevate your outdoor or indoor dining experience with our premium Dekton table tops. Engineered from ultra-compact surfaces, Dekton combines the beauty of natural stone with exceptional performance, offering unmatched durability and elegance. Resistant to scratches, heat, stains, and UV fading, these surfaces maintain their pristine appearance even in the most demanding environments. With a sleek, modern finish and a wide palette of colors and patterns, a Dekton table top is as visually stunning as it is functional—perfect for entertaining, dining, or creating a striking centerpiece in any space.",Dining,cat-dining,Wrought Iron,wrought-iron,,,,,,,fixed,,,"{""collection"":""Table Tops"",""weight_lbs"":""292 (pkg)""}","[""o-w-lee"",""table-tops"",""made-in-usa""]",false,true,true,true,false,,280,0,true,2026-06-17 00:26:10.171602+00,2026-06-17 00:27:48.331+00,[],[],[],[],[],"[{""url"":""https://641bdd57-e650-4f10-a19f-628c07eb50b7-00-1e7i1aja8wnz9.worf.replit.dev/api/storage/objects/products/owlee-v2/K-4284_Table_Tops_42x84_Dekton_Table_Top.jpg"",""alt_text"":null,""is_primary"":true,""display_order"":0,""image_kind"":""gallery"",""variant_id"":null}]",[]
O.W. Lee,o-w-lee,5235,K-54RD,"Table Tops 54"" Round Dekton Table Top",owlee-table-tops-54-round-dekton-table-top-k-54rd,"Our 54"" round Dekton top fits our 03 table bases. It is available with an umbrella hole. Elevate your outdoor or indoor dining experience with our premium Dekton table tops. Engineered from ultra-compact surfaces, Dekton combines the beauty of natural stone with exceptional performance, offering unmatched durability and elegance. Resistant to scratches, heat, stains, and UV fading, these surfaces maintain their pristine appearance even in the most demanding environments. With a sleek, modern finish and a wide palette of colors and patterns, a Dekton table top is as visually stunning as it is functional—perfect for entertaining, dining, or creating a striking centerpiece in any space.","Our 54"" round Dekton top fits our 03 table bases. It is available with an umbrella hole. Elevate your outdoor or indoor dining experience with our premium Dekton table tops. Engineered from ultra-compact surfaces, Dekton combines the beauty of natural stone with exceptional performance, offering unmatched durability and elegance. Resistant to scratches, heat, stains, and UV fading, these surfaces maintain their pristine appearance even in the most demanding environments. With a sleek, modern finish and a wide palette of colors and patterns, a Dekton table top is as visually stunning as it is functional—perfect for entertaining, dining, or creating a striking centerpiece in any space.",Dining,cat-dining,Wrought Iron,wrought-iron,,,,,,,fixed,,,"{""collection"":""Table Tops""}","[""o-w-lee"",""table-tops"",""made-in-usa""]",false,true,true,true,false,,281,0,true,2026-06-17 00:26:10.17657+00,2026-06-17 00:27:48.336+00,[],[],[],[],[],"[{""url"":""https://641bdd57-e650-4f10-a19f-628c07eb50b7-00-1e7i1aja8wnz9.worf.replit.dev/api/storage/objects/products/owlee-v2/K-54RD_Table_Tops_54_Round_Dekton_Table_Top.jpg"",""alt_text"":null,""is_primary"":true,""display_order"":0,""image_kind"":""gallery"",""variant_id"":null}]",[]
O.W. Lee,o-w-lee,4897,MA-2020ST,"20"" Square Slat Top Side Table",owlee-20-square-slat-top-side-table-ma-2020st,"Sleek, minimal, and perfectly suited for contemporary outdoor living, this 20"" side table features a durable aluminum top with clean slats, creating a light, airy design. Crafted from powder-coated aluminum, it is lightweight yet built to withstand the elements--resistant to rust, corrosion, and fading. Its simple modern silhouette complements any outdoor seating arrangement, making it an ideal addition to patios, decks, or commercial spaces. Stylish, functional, and low-maintenance, this side table brings both elegance and practicality to your outdoor spaces.","Sleek, minimal, and perfectly suited for contemporary outdoor living, this 20"" side table features a durable aluminum top with clean slats, creating a light, airy design. Crafted from powder-coated aluminum, it is lightweight yet built to withstand the elements--resistant to rust, corrosion, and fading. Its simple modern silhouette complements any outdoor seating arrangement, making it an ideal addition to patios, decks, or commercial spaces. Stylish, functional, and low-maintenance, this side table brings both elegance and practicality to your outdoor spaces.",Dining,cat-dining,Aluminum,aluminum,,,,,,,fixed,,"H 20.5"" × W 20"" × D 20""","{""height_in"":""20.5"",""collection"":""Pre-Designed Tables"",""source_url"":""https://www.owlee.com/collections/fully-welded-tables/20-square-slat-top-side-table/"",""weight_lbs"":""22 (pkg)"",""depth_length_in"":""20"",""width_diameter_in"":""20""}","[""o-w-lee"",""tables-tops-bases"",""made-in-usa"",""quote-only""]",false,true,true,true,false,,53,0,true,2026-06-02 00:19:50.435003+00,2026-06-17 00:27:48.434+00,[],[],[],[],[],"[{""url"":""https://641bdd57-e650-4f10-a19f-628c07eb50b7-00-1e7i1aja8wnz9.worf.replit.dev/api/storage/objects/products/owlee-v2/MA-2020ST_Pre-Designed_Tables_20_Square_Slat_Top_Side_Table.jpg"",""alt_text"":null,""is_primary"":true,""display_order"":0,""image_kind"":""gallery"",""variant_id"":null}]",[]
O.W. Lee,o-w-lee,4933,MA-BT03,Modern Aluminum 03 Bar Table Base,owlee-modern-aluminum-03-bar-table-base-ma-bt03,"Sleek, minimal, and designed for contemporary outdoor living, our Modern Aluminum table bases provide a clean foundation for any table top. Crafted from durable, powder-coated aluminum, they are lightweight yet built to withstand the elements—resistant to rust, corrosion, and fading. Their streamlined design pairs effortlessly with porcelain, Dekton, or micro mesh tops and complements our Arc, Aris, Avana, and Studio collections, making them a versatile choice for both residential and commercial settings. Combining modern style with long-lasting performance, these bases are as practical as they are elegant. This base fits the following tops: - 36"" Square (Porcelain) - 42"" Round (Porcelain and Micro Mesh) - 42"" Square (Porcelain and Micro Mesh) - 54"" Round (Porcelain, Dekton, and Micro Mesh)","Sleek, minimal, and designed for contemporary outdoor living, our Modern Aluminum table bases provide a clean foundation for any table top. Crafted from durable, powder-coated aluminum, they are lightweight yet built to withstand the elements—resistant to rust, corrosion, and fading. Their streamlined design pairs effortlessly with porcelain, Dekton, or micro mesh tops and complements our Arc, Aris, Avana, and Studio collections, making them a versatile choice for both residential and commercial settings. Combining modern style with long-lasting performance, these bases are as practical as they are elegant. This base fits the following tops: - 36"" Square (Porcelain) - 42"" Round (Porcelain and Micro Mesh) - 42"" Square (Porcelain and Micro Mesh) - 54"" Round (Porcelain, Dekton, and Micro Mesh)",Dining,cat-dining,Aluminum,aluminum,,,,,,,fixed,30.00,"W 25"" × D 25""","{""collection"":""Table Bases"",""source_url"":""https://www.owlee.com/collections/table-bases/bar-table-base-table-bases-modern-aluminum/"",""weight_lbs"":""30"",""depth_length_in"":""25"",""width_diameter_in"":""25""}","[""o-w-lee"",""tables-tops-bases"",""made-in-usa"",""quote-only""]",false,true,true,true,false,,99,0,true,2026-06-02 00:19:58.536485+00,2026-06-17 00:27:48.661+00,[],[],[],[],[],"[{""url"":""https://641bdd57-e650-4f10-a19f-628c07eb50b7-00-1e7i1aja8wnz9.worf.replit.dev/api/storage/objects/products/owlee-v2/MA-BT03_Table_Bases_Modern_Aluminum_03_Bar_Table_Base.jpg"",""alt_text"":null,""is_primary"":true,""display_order"":0,""image_kind"":""gallery"",""variant_id"":null}]",[]
O.W. Lee,o-w-lee,2172,MA-BT05,Table Bases Modern Aluminum 05 Bar Table Base,owlee-table-bases-modern-aluminum-05-bar-table-base-ma-bt05,"Sleek, minimal, and designed for contemporary outdoor living, our Modern Aluminum table bases provide a clean foundation for any table top. Crafted from durable, powder-coated aluminum, they are lightweight yet built to withstand the elements--resistant to rust, corrosion, and fading. Their streamlined design pairs effortlessly with porcelain, Dekton, or micro mesh tops and complements our Arc, Aris, Avana, and Studio collections, making them a versatile choice for both residential and commercial settings. Combining modern style with long-lasting performance, these bases are as practical as they are elegant. This base fits the following tops: - 28x50"" (Porcelain, Micro Mesh) - 31x56"" (Dekton) - 36x58"" (porcelain, Micro Mesh)","Sleek, minimal, and designed for contemporary outdoor living, our Modern Aluminum table bases provide a clean foundation for any table top. Crafted from durable, powder-coated aluminum, they are lightweight yet built to withstand the elements--resistant to rust, corrosion, and fading. Their streamlined design pairs effortlessly with porcelain, Dekton, or micro mesh tops and complements our Arc, Aris, Avana, and Studio collections, making them a versatile choice for both residential and commercial settings. Combining modern style with long-lasting performance, these bases are as practical as they are elegant. This base fits the following tops: - 28x50"" (Porcelain, Micro Mesh) - 31x56"" (Dekton) - 36x58"" (porcelain, Micro Mesh)",Dining,cat-dining,Aluminum,aluminum,,,,,,,fixed,,,"{""collection"":""Table Bases"",""weight_lbs"":""29 (pkg)"",""spec_sheet_pdf"":""https://www.owlee.com/collections/table-bases/modern-aluminum-05-bar-table-base/""}","[""o-w-lee"",""table-bases"",""made-in-usa""]",false,true,true,true,false,,191,0,true,2026-05-03 01:40:47.43507+00,2026-06-17 00:27:48.625+00,[],[],[],"[{""finish_id"":21,""item_number"":""Atlantic-City"",""name"":""Atlantic City"",""description"":""Table Top Tile"",""collection"":null,""image_url"":""https://www.owlee.com/wp-content/uploads/2026/01/tops_0018_Atlantic-City_1600.jpg"",""display_order"":0},{""finish_id"":22,""item_number"":""Blackwood"",""name"":""Blackwood"",""description"":""Table Top Tile"",""collection"":null,""image_url"":""https://www.owlee.com/wp-content/uploads/2026/01/tops_0017_Blackwood_1600.jpg"",""display_order"":0},{""finish_id"":23,""item_number"":""BuckSkin"",""name"":""Buckskin"",""description"":""Table Top Tile"",""collection"":null,""image_url"":""https://www.owlee.com/wp-content/uploads/2026/01/tops_0016_BuckSkin_1600.jpg"",""display_order"":0},{""finish_id"":24,""item_number"":""Cabaletta"",""name"":""Cabaletta"",""description"":""Table Top Tile"",""collection"":null,""image_url"":""https://www.owlee.com/wp-content/uploads/2026/01/tops_0015_Cabaletta_1600.jpg"",""display_order"":0},{""finish_id"":25,""item_number"":""Canyon-Taupe"",""name"":""Canyon Taupe"",""description"":""Table Top Tile"",""collection"":null,""image_url"":""https://www.owlee.com/wp-content/uploads/2026/01/tops_0014_Canyon-Taupe_1600.jpg"",""display_order"":0},{""finish_id"":11,""item_number"":""TG68"",""name"":""Carbon Black"",""description"":""Frame Finish"",""collection"":null,""image_url"":""https://www.owlee.com/wp-content/uploads/2025/12/finishes_0001_TG68-Carbon-Black.jpg"",""display_order"":0},{""finish_id"":26,""item_number"":""Cavatina"",""name"":""Cavatina"",""description"":""Table Top Tile"",""collection"":null,""image_url"":""https://www.owlee.com/wp-content/uploads/2026/01/tops_0013_Cavatina_1600.jpg"",""display_order"":0},{""finish_id"":54,""item_number"":null,""name"":""Cielo"",""description"":""Table Top Tile"",""collection"":null,""image_url"":""https://www.owlee.com/wp-content/uploads/2026/01/tops_0002_Valencia_Cielo_1600.jpg"",""display_order"":0},{""finish_id"":12,""item_number"":""SP50"",""name"":""Copper Creek"",""description"":""Frame Finish"",""collection"":null,""image_url"":""https://www.owlee.com/wp-content/uploads/2025/12/finishes_0004_SP50-Copper-Creek.jpg"",""display_order"":0},{""finish_id"":27,""item_number"":""SOKE-DK-sq"",""name"":""Dekton Soke"",""description"":""Table Top Tile"",""collection"":null,""image_url"":""https://www.owlee.com/wp-content/uploads/2026/01/tops_0006_SOKE-DK-sq.jpg"",""display_order"":0},{""finish_id"":28,""item_number"":""DK-Trillium-sq"",""name"":""Dekton Trillium"",""description"":""Table Top Tile"",""collection"":null,""image_url"":""https://www.owlee.com/wp-content/uploads/2026/01/tops_0012_DK-Trillium-sq.jpg"",""display_order"":0},{""finish_id"":13,""item_number"":""SP42"",""name"":""Espresso"",""description"":""Frame Finish"",""collection"":null,""image_url"":""https://www.owlee.com/wp-content/uploads/2025/12/finishes_0005_SP42-Espresso.jpg"",""display_order"":0},{""finish_id"":14,""item_number"":""SP21"",""name"":""Graphite"",""description"":""Frame Finish"",""collection"":null,""image_url"":""https://www.owlee.com/wp-content/uploads/2025/12/finishes_0007_SP21-Graphite.jpg"",""display_order"":0},{""finish_id"":29,""item_number"":""Micro-Mesh-6x6-1"",""name"":""Micro Mesh"",""description"":""Table Top Tile"",""collection"":null,""image_url"":""https://www.owlee.com/wp-content/uploads/2026/01/tops_0011_Micro-Mesh-6x6-1.jpg"",""display_order"":0},{""finish_id"":30,""item_number"":""Myrtle-Beach"",""name"":""Myrtle Beach"",""description"":""Table Top Tile"",""collection"":null,""image_url"":""https://www.owlee.com/wp-content/uploads/2026/01/tops_0010_Myrtle-Beach_1600.jpg"",""display_order"":0},{""finish_id"":31,""item_number"":""Palazzo-Black"",""name"":""Palazzo Black"",""description"":""Table Top Tile"",""collection"":null,""image_url"":""https://www.owlee.com/wp-content/uploads/2026/01/tops_0009_Palazzo-Black_1600.jpg"",""display_order"":0},{""finish_id"":32,""item_number"":""Palazzo-White"",""name"":""Palazzo White"",""description"":""Table Top Tile"",""collection"":null,""image_url"":""https://www.owlee.com/wp-content/uploads/2026/01/tops_0008_Palazzo-White_1600.jpg"",""display_order"":0},{""finish_id"":15,""item_number"":""SP11"",""name"":""Rosewood"",""description"":""Frame Finish"",""collection"":null,""image_url"":""https://www.owlee.com/wp-content/uploads/2025/12/finishes_0008_SP11-Rosewood.jpg"",""display_order"":0},{""finish_id"":16,""item_number"":""SP22"",""name"":""Sable"",""description"":""Frame Finish"",""collection"":null,""image_url"":""https://www.owlee.com/wp-content/uploads/2025/12/finishes_0006_SP22-Sable.jpg"",""display_order"":0},{""finish_id"":17,""item_number"":""AZ53"",""name"":""Sand Dollar"",""description"":""Frame Finish"",""collection"":null,""image_url"":""https://www.owlee.com/wp-content/uploads/2025/12/finishes_0009_AZ53-Sand-Dollar.jpg"",""display_order"":0},{""finish_id"":18,""item_number"":""TC20"",""name"":""Sandalwood"",""description"":""Frame Finish"",""collection"":null,""image_url"":""https://www.owlee.com/wp-content/uploads/2025/12/finishes_0003_TC20-Sandalwood.jpg"",""display_order"":0},{""finish_id"":19,""item_number"":""TG56"",""name"":""Shadow Grey"",""description"":""Frame Finish"",""collection"":null,""image_url"":""https://www.owlee.com/wp-content/uploads/2025/12/finishes_0002_TG56-Shadow-Grey.jpg"",""display_order"":0},{""finish_id"":33,""item_number"":""Silver-Oak"",""name"":""Silver Oak"",""description"":""Table Top Tile"",""collection"":null,""image_url"":""https://www.owlee.com/wp-content/uploads/2026/01/tops_0007_Silver-Oak_1600.jpg"",""display_order"":0},{""finish_id"":34,""item_number"":""Summit-Grey"",""name"":""Summit Grey"",""description"":""Table Top Tile"",""collection"":null,""image_url"":""https://www.owlee.com/wp-content/uploads/2026/01/tops_0005_Summit-Grey_1600.jpg"",""display_order"":0},{""finish_id"":63,""item_number"":null,""name"":""Trullo"",""description"":""Table Top Tile"",""collection"":null,""image_url"":""https://www.owlee.com/wp-content/uploads/2026/01/tops_0001_Valencia_Trullo_1600.jpg"",""display_order"":0},{""finish_id"":35,""item_number"":""Urban-Pulse"",""name"":""Urban Pulse"",""description"":""Table Top Tile"",""collection"":null,""image_url"":""https://www.owlee.com/wp-content/uploads/2026/01/tops_0004_Urban-Pulse_1600.jpg"",""display_order"":0},{""finish_id"":36,""item_number"":""Urban-Shift"",""name"":""Urban Shift"",""description"":""Table Top Tile"",""collection"":null,""image_url"":""https://www.owlee.com/wp-content/uploads/2026/01/tops_0003_Urban-Shift_1600.jpg"",""display_order"":0},{""finish_id"":20,""item_number"":""VT25"",""name"":""Velvet White"",""description"":""Frame Finish"",""collection"":null,""image_url"":""https://www.owlee.com/wp-content/uploads/2025/12/finishes_0000_VT25-Velvet-White.jpg"",""display_order"":0},{""finish_id"":37,""item_number"":""Venice-Beach"",""name"":""Venice Beach"",""description"":""Table Top Tile"",""collection"":null,""image_url"":""https://www.owlee.com/wp-content/uploads/2026/01/tops_0000_Venice-Beach_1600.jpg"",""display_order"":0}]",[],"[{""url"":""https://641bdd57-e650-4f10-a19f-628c07eb50b7-00-1e7i1aja8wnz9.worf.replit.dev/api/storage/objects/products/owlee-v2/MA-BT05_Table_Bases_Modern_Aluminum_05_Bar_Table_Base.jpg"",""alt_text"":null,""is_primary"":true,""display_order"":0,""image_kind"":""gallery"",""variant_id"":null}]",[]
O.W. Lee,o-w-lee,4934,MA-CT03,Modern Aluminum 03 Counter Table Base,owlee-modern-aluminum-03-counter-table-base-ma-ct03,"Sleek, minimal, and designed for contemporary outdoor living, our Modern Aluminum table bases provide a clean foundation for any table top. Crafted from durable, powder-coated aluminum, they are lightweight yet built to withstand the elements—resistant to rust, corrosion, and fading. Their streamlined design pairs effortlessly with porcelain, Dekton, or micro mesh tops and complements our Arc, Aris, Avana, and Studio collections, making them a versatile choice for both residential and commercial settings. Combining modern style with long-lasting performance, these bases are as practical as they are elegant. This base fits the following tops: - 36"" Square (Porcelain) - 42"" Round (Porcelain and Micro Mesh) - 42"" Square (Porcelain and Micro Mesh) - 54"" Round (Porcelain, Dekton, and Micro Mesh)","Sleek, minimal, and designed for contemporary outdoor living, our Modern Aluminum table bases provide a clean foundation for any table top. Crafted from durable, powder-coated aluminum, they are lightweight yet built to withstand the elements—resistant to rust, corrosion, and fading. Their streamlined design pairs effortlessly with porcelain, Dekton, or micro mesh tops and complements our Arc, Aris, Avana, and Studio collections, making them a versatile choice for both residential and commercial settings. Combining modern style with long-lasting performance, these bases are as practical as they are elegant. This base fits the following tops: - 36"" Square (Porcelain) - 42"" Round (Porcelain and Micro Mesh) - 42"" Square (Porcelain and Micro Mesh) - 54"" Round (Porcelain, Dekton, and Micro Mesh)",Dining,cat-dining,Aluminum,aluminum,,,,,,,fixed,,"H 37"" × W 25"" × D 25""","{""height_in"":""37"",""collection"":""Table Bases"",""source_url"":""https://www.owlee.com/collections/table-bases/counter-table-base-table-bases-modern-aluminum/"",""weight_lbs"":""25 (pkg)"",""depth_length_in"":""25"",""width_diameter_in"":""25""}","[""o-w-lee"",""tables-tops-bases"",""made-in-usa"",""quote-only""]",false,true,true,true,false,,100,0,true,2026-06-02 00:19:58.671293+00,2026-06-17 00:27:48.656+00,[],[],[],[],[],"[{""url"":""https://641bdd57-e650-4f10-a19f-628c07eb50b7-00-1e7i1aja8wnz9.worf.replit.dev/api/storage/objects/products/owlee-v2/MA-CT03_Table_Bases_Modern_Aluminum_03_Counter_Table_Base.jpg"",""alt_text"":null,""is_primary"":true,""display_order"":0,""image_kind"":""gallery"",""variant_id"":null}]",[]
O.W. Lee,o-w-lee,2173,MA-CT05,Table Bases Modern Aluminum 05 Counter Table Base,owlee-table-bases-modern-aluminum-05-counter-table-base-ma-ct05,"Sleek, minimal, and designed for contemporary outdoor living, our Modern Aluminum table bases provide a clean foundation for any table top. Crafted from durable, powder-coated aluminum, they are lightweight yet built to withstand the elements--resistant to rust, corrosion, and fading. Their streamlined design pairs effortlessly with porcelain, Dekton, or micro mesh tops and complements our Arc, Aris, Avana, and Studio collections, making them a versatile choice for both residential and commercial settings. Combining modern style with long-lasting performance, these bases are as practical as they are elegant. This base fits the following tops: - 28x50"" (Porcelain, Micro Mesh) - 31x56"" (Dekton) - 36x58"" (porcelain, Micro Mesh)","Sleek, minimal, and designed for contemporary outdoor living, our Modern Aluminum table bases provide a clean foundation for any table top. Crafted from durable, powder-coated aluminum, they are lightweight yet built to withstand the elements--resistant to rust, corrosion, and fading. Their streamlined design pairs effortlessly with porcelain, Dekton, or micro mesh tops and complements our Arc, Aris, Avana, and Studio collections, making them a versatile choice for both residential and commercial settings. Combining modern style with long-lasting performance, these bases are as practical as they are elegant. This base fits the following tops: - 28x50"" (Porcelain, Micro Mesh) - 31x56"" (Dekton) - 36x58"" (porcelain, Micro Mesh)",Dining,cat-dining,Aluminum,aluminum,,,,,,,fixed,,,"{""collection"":""Table Bases"",""weight_lbs"":""28 (pkg)"",""spec_sheet_pdf"":""https://www.owlee.com/collections/table-bases/modern-aluminum-05-counter-table-base/""}","[""o-w-lee"",""table-bases"",""made-in-usa""]",false,true,true,true,false,,192,0,true,2026-05-03 01:40:47.438363+00,2026-06-17 00:27:48.629+00,[],[],[],"[{""finish_id"":21,""item_number"":""Atlantic-City"",""name"":""Atlantic City"",""description"":""Table Top Tile"",""collection"":null,""image_url"":""https://www.owlee.com/wp-content/uploads/2026/01/tops_0018_Atlantic-City_1600.jpg"",""display_order"":0},{""finish_id"":22,""item_number"":""Blackwood"",""name"":""Blackwood"",""description"":""Table Top Tile"",""collection"":null,""image_url"":""https://www.owlee.com/wp-content/uploads/2026/01/tops_0017_Blackwood_1600.jpg"",""display_order"":0},{""finish_id"":23,""item_number"":""BuckSkin"",""name"":""Buckskin"",""description"":""Table Top Tile"",""collection"":null,""image_url"":""https://www.owlee.com/wp-content/uploads/2026/01/tops_0016_BuckSkin_1600.jpg"",""display_order"":0},{""finish_id"":24,""item_number"":""Cabaletta"",""name"":""Cabaletta"",""description"":""Table Top Tile"",""collection"":null,""image_url"":""https://www.owlee.com/wp-content/uploads/2026/01/tops_0015_Cabaletta_1600.jpg"",""display_order"":0},{""finish_id"":25,""item_number"":""Canyon-Taupe"",""name"":""Canyon Taupe"",""description"":""Table Top Tile"",""collection"":null,""image_url"":""https://www.owlee.com/wp-content/uploads/2026/01/tops_0014_Canyon-Taupe_1600.jpg"",""display_order"":0},{""finish_id"":11,""item_number"":""TG68"",""name"":""Carbon Black"",""description"":""Frame Finish"",""collection"":null,""image_url"":""https://www.owlee.com/wp-content/uploads/2025/12/finishes_0001_TG68-Carbon-Black.jpg"",""display_order"":0},{""finish_id"":26,""item_number"":""Cavatina"",""name"":""Cavatina"",""description"":""Table Top Tile"",""collection"":null,""image_url"":""https://www.owlee.com/wp-content/uploads/2026/01/tops_0013_Cavatina_1600.jpg"",""display_order"":0},{""finish_id"":54,""item_number"":null,""name"":""Cielo"",""description"":""Table Top Tile"",""collection"":null,""image_url"":""https://www.owlee.com/wp-content/uploads/2026/01/tops_0002_Valencia_Cielo_1600.jpg"",""display_order"":0},{""finish_id"":12,""item_number"":""SP50"",""name"":""Copper Creek"",""description"":""Frame Finish"",""collection"":null,""image_url"":""https://www.owlee.com/wp-content/uploads/2025/12/finishes_0004_SP50-Copper-Creek.jpg"",""display_order"":0},{""finish_id"":27,""item_number"":""SOKE-DK-sq"",""name"":""Dekton Soke"",""description"":""Table Top Tile"",""collection"":null,""image_url"":""https://www.owlee.com/wp-content/uploads/2026/01/tops_0006_SOKE-DK-sq.jpg"",""display_order"":0},{""finish_id"":28,""item_number"":""DK-Trillium-sq"",""name"":""Dekton Trillium"",""description"":""Table Top Tile"",""collection"":null,""image_url"":""https://www.owlee.com/wp-content/uploads/2026/01/tops_0012_DK-Trillium-sq.jpg"",""display_order"":0},{""finish_id"":13,""item_number"":""SP42"",""name"":""Espresso"",""description"":""Frame Finish"",""collection"":null,""image_url"":""https://www.owlee.com/wp-content/uploads/2025/12/finishes_0005_SP42-Espresso.jpg"",""display_order"":0},{""finish_id"":14,""item_number"":""SP21"",""name"":""Graphite"",""description"":""Frame Finish"",""collection"":null,""image_url"":""https://www.owlee.com/wp-content/uploads/2025/12/finishes_0007_SP21-Graphite.jpg"",""display_order"":0},{""finish_id"":29,""item_number"":""Micro-Mesh-6x6-1"",""name"":""Micro Mesh"",""description"":""Table Top Tile"",""collection"":null,""image_url"":""https://www.owlee.com/wp-content/uploads/2026/01/tops_0011_Micro-Mesh-6x6-1.jpg"",""display_order"":0},{""finish_id"":30,""item_number"":""Myrtle-Beach"",""name"":""Myrtle Beach"",""description"":""Table Top Tile"",""collection"":null,""image_url"":""https://www.owlee.com/wp-content/uploads/2026/01/tops_0010_Myrtle-Beach_1600.jpg"",""display_order"":0},{""finish_id"":31,""item_number"":""Palazzo-Black"",""name"":""Palazzo Black"",""description"":""Table Top Tile"",""collection"":null,""image_url"":""https://www.owlee.com/wp-content/uploads/2026/01/tops_0009_Palazzo-Black_1600.jpg"",""display_order"":0},{""finish_id"":32,""item_number"":""Palazzo-White"",""name"":""Palazzo White"",""description"":""Table Top Tile"",""collection"":null,""image_url"":""https://www.owlee.com/wp-content/uploads/2026/01/tops_0008_Palazzo-White_1600.jpg"",""display_order"":0},{""finish_id"":15,""item_number"":""SP11"",""name"":""Rosewood"",""description"":""Frame Finish"",""collection"":null,""image_url"":""https://www.owlee.com/wp-content/uploads/2025/12/finishes_0008_SP11-Rosewood.jpg"",""display_order"":0},{""finish_id"":16,""item_number"":""SP22"",""name"":""Sable"",""description"":""Frame Finish"",""collection"":null,""image_url"":""https://www.owlee.com/wp-content/uploads/2025/12/finishes_0006_SP22-Sable.jpg"",""display_order"":0},{""finish_id"":17,""item_number"":""AZ53"",""name"":""Sand Dollar"",""description"":""Frame Finish"",""collection"":null,""image_url"":""https://www.owlee.com/wp-content/uploads/2025/12/finishes_0009_AZ53-Sand-Dollar.jpg"",""display_order"":0},{""finish_id"":18,""item_number"":""TC20"",""name"":""Sandalwood"",""description"":""Frame Finish"",""collection"":null,""image_url"":""https://www.owlee.com/wp-content/uploads/2025/12/finishes_0003_TC20-Sandalwood.jpg"",""display_order"":0},{""finish_id"":19,""item_number"":""TG56"",""name"":""Shadow Grey"",""description"":""Frame Finish"",""collection"":null,""image_url"":""https://www.owlee.com/wp-content/uploads/2025/12/finishes_0002_TG56-Shadow-Grey.jpg"",""display_order"":0},{""finish_id"":33,""item_number"":""Silver-Oak"",""name"":""Silver Oak"",""description"":""Table Top Tile"",""collection"":null,""image_url"":""https://www.owlee.com/wp-content/uploads/2026/01/tops_0007_Silver-Oak_1600.jpg"",""display_order"":0},{""finish_id"":34,""item_number"":""Summit-Grey"",""name"":""Summit Grey"",""description"":""Table Top Tile"",""collection"":null,""image_url"":""https://www.owlee.com/wp-content/uploads/2026/01/tops_0005_Summit-Grey_1600.jpg"",""display_order"":0},{""finish_id"":63,""item_number"":null,""name"":""Trullo"",""description"":""Table Top Tile"",""collection"":null,""image_url"":""https://www.owlee.com/wp-content/uploads/2026/01/tops_0001_Valencia_Trullo_1600.jpg"",""display_order"":0},{""finish_id"":35,""item_number"":""Urban-Pulse"",""name"":""Urban Pulse"",""description"":""Table Top Tile"",""collection"":null,""image_url"":""https://www.owlee.com/wp-content/uploads/2026/01/tops_0004_Urban-Pulse_1600.jpg"",""display_order"":0},{""finish_id"":36,""item_number"":""Urban-Shift"",""name"":""Urban Shift"",""description"":""Table Top Tile"",""collection"":null,""image_url"":""https://www.owlee.com/wp-content/uploads/2026/01/tops_0003_Urban-Shift_1600.jpg"",""display_order"":0},{""finish_id"":20,""item_number"":""VT25"",""name"":""Velvet White"",""description"":""Frame Finish"",""collection"":null,""image_url"":""https://www.owlee.com/wp-content/uploads/2025/12/finishes_0000_VT25-Velvet-White.jpg"",""display_order"":0},{""finish_id"":37,""item_number"":""Venice-Beach"",""name"":""Venice Beach"",""description"":""Table Top Tile"",""collection"":null,""image_url"":""https://www.owlee.com/wp-content/uploads/2026/01/tops_0000_Venice-Beach_1600.jpg"",""display_order"":0}]",[],"[{""url"":""https://641bdd57-e650-4f10-a19f-628c07eb50b7-00-1e7i1aja8wnz9.worf.replit.dev/api/storage/objects/products/owlee-v2/MA-CT05_Table_Bases_Modern_Aluminum_05_Counter_Table_Base.jpg"",""alt_text"":null,""is_primary"":true,""display_order"":0,""image_kind"":""gallery"",""variant_id"":null}]",[]
O.W. Lee,o-w-lee,4935,MA-DT03,Modern Aluminum 03 Dining Table Base,owlee-modern-aluminum-03-dining-table-base-ma-dt03,"Sleek, minimal, and designed for contemporary outdoor living, our Modern Aluminum table bases provide a clean foundation for any table top. Crafted from durable, powder-coated aluminum, they are lightweight yet built to withstand the elements—resistant to rust, corrosion, and fading. Their streamlined design pairs effortlessly with porcelain, Dekton, or micro mesh tops and complements our Arc, Aris, Avana, and Studio collections, making them a versatile choice for both residential and commercial settings. Combining modern style with long-lasting performance, these bases are as practical as they are elegant. This base fits the following tops: - 36"" Square (Porcelain) - 42"" Round (Porcelain and Micro Mesh) - 42"" Square (Porcelain and Micro Mesh) - 54"" Round (Porcelain, Dekton, and Micro Mesh)","Sleek, minimal, and designed for contemporary outdoor living, our Modern Aluminum table bases provide a clean foundation for any table top. Crafted from durable, powder-coated aluminum, they are lightweight yet built to withstand the elements—resistant to rust, corrosion, and fading. Their streamlined design pairs effortlessly with porcelain, Dekton, or micro mesh tops and complements our Arc, Aris, Avana, and Studio collections, making them a versatile choice for both residential and commercial settings. Combining modern style with long-lasting performance, these bases are as practical as they are elegant. This base fits the following tops: - 36"" Square (Porcelain) - 42"" Round (Porcelain and Micro Mesh) - 42"" Square (Porcelain and Micro Mesh) - 54"" Round (Porcelain, Dekton, and Micro Mesh)",Dining,cat-dining,Aluminum,aluminum,,,,,,,fixed,,"H 28"" × W 25"" × D 25""","{""height_in"":""28"",""collection"":""Table Bases"",""source_url"":""https://www.owlee.com/collections/table-bases/dining-table-base-table-bases-modern-aluminum/"",""weight_lbs"":""21 (pkg)"",""depth_length_in"":""25"",""width_diameter_in"":""25""}","[""o-w-lee"",""tables-tops-bases"",""made-in-usa"",""quote-only""]",false,true,true,true,false,,101,0,true,2026-06-02 00:19:58.832783+00,2026-06-17 00:27:48.647+00,[],[],[],[],[],"[{""url"":""https://641bdd57-e650-4f10-a19f-628c07eb50b7-00-1e7i1aja8wnz9.worf.replit.dev/api/storage/objects/products/owlee-v2/MA-DT03_Table_Bases_Modern_Aluminum_03_Dining_Table_Base.jpg"",""alt_text"":null,""is_primary"":true,""display_order"":0,""image_kind"":""gallery"",""variant_id"":null}]",[]
O.W. Lee,o-w-lee,4937,MA-DT07,Modern Aluminum 07 Dining Table Base,owlee-modern-aluminum-07-dining-table-base-ma-dt07,"Sleek, minimal, and designed for contemporary outdoor living, our Modern Aluminum table bases provide a clean foundation for any table top. Crafted from durable, powder-coated aluminum, they are lightweight yet built to withstand the elements—resistant to rust, corrosion, and fading. Their streamlined design pairs effortlessly with porcelain, Dekton, or micro mesh tops and complements our Arc, Aris, Avana, and Studio collections, making them a versatile choice for both residential and commercial settings. Combining modern style with long-lasting performance, these bases are as practical as they are elegant. This base fits the following tops: - 42x72"" (Porcelain) - 42x84"" (Porcelain, Dekton, Micro Mesh)","Sleek, minimal, and designed for contemporary outdoor living, our Modern Aluminum table bases provide a clean foundation for any table top. Crafted from durable, powder-coated aluminum, they are lightweight yet built to withstand the elements—resistant to rust, corrosion, and fading. Their streamlined design pairs effortlessly with porcelain, Dekton, or micro mesh tops and complements our Arc, Aris, Avana, and Studio collections, making them a versatile choice for both residential and commercial settings. Combining modern style with long-lasting performance, these bases are as practical as they are elegant. This base fits the following tops: - 42x72"" (Porcelain) - 42x84"" (Porcelain, Dekton, Micro Mesh)",Dining,cat-dining,Aluminum,aluminum,,,,,,,fixed,40.00,"H 28"" × W 53.5"" × D 26.5""","{""height_in"":""28"",""collection"":""Table Bases"",""source_url"":""https://www.owlee.com/collections/table-bases/dining-table-base-table-bases-modern-aluminum-2/"",""weight_lbs"":""40"",""depth_length_in"":""26.5"",""width_diameter_in"":""53.5""}","[""o-w-lee"",""tables-tops-bases"",""made-in-usa"",""quote-only""]",false,true,true,true,false,,106,0,true,2026-06-02 00:19:59.154051+00,2026-06-17 00:27:48.651+00,[],[],[],[],[],"[{""url"":""https://641bdd57-e650-4f10-a19f-628c07eb50b7-00-1e7i1aja8wnz9.worf.replit.dev/api/storage/objects/products/owlee-v2/MA-DT07_Table_Bases_Modern_Aluminum_07_Dining_Table_Base.jpg"",""alt_text"":null,""is_primary"":true,""display_order"":0,""image_kind"":""gallery"",""variant_id"":null}]",[]
O.W. Lee,o-w-lee,2174,MA-DT10,Table Bases Modern Aluminum 10 Dining Table Base,owlee-table-bases-modern-aluminum-10-dining-table-base-ma-dt10,"Part of the O.W. Lee Table Bases collection. Crafted in the USA, O.W. Lee pieces are built to order and sold exclusively through our showroom — contact a sales agent for pricing, finishes, and cushion options.",Table Bases collection · Modern Aluminum 10 Dining Table Base by O.W. Lee,Dining,cat-dining,Aluminum,aluminum,,,,,,,fixed,,"H 28"" × W 67"" × D 32""","{""height_in"":""28"",""collection"":""Table Bases"",""spec_sheet_pdf"":""https://www.owlee.com/collections/table-bases/modern-aluminum-10-dining-table-base/"",""depth_length_in"":""32"",""width_diameter_in"":""67""}","[""o-w-lee"",""table-bases"",""made-in-usa""]",false,true,true,true,false,,193,0,true,2026-05-03 01:40:47.441491+00,2026-05-03 01:40:47.441491+00,[],[],[],"[{""finish_id"":21,""item_number"":""Atlantic-City"",""name"":""Atlantic City"",""description"":""Table Top Tile"",""collection"":null,""image_url"":""https://www.owlee.com/wp-content/uploads/2026/01/tops_0018_Atlantic-City_1600.jpg"",""display_order"":0},{""finish_id"":22,""item_number"":""Blackwood"",""name"":""Blackwood"",""description"":""Table Top Tile"",""collection"":null,""image_url"":""https://www.owlee.com/wp-content/uploads/2026/01/tops_0017_Blackwood_1600.jpg"",""display_order"":0},{""finish_id"":23,""item_number"":""BuckSkin"",""name"":""Buckskin"",""description"":""Table Top Tile"",""collection"":null,""image_url"":""https://www.owlee.com/wp-content/uploads/2026/01/tops_0016_BuckSkin_1600.jpg"",""display_order"":0},{""finish_id"":24,""item_number"":""Cabaletta"",""name"":""Cabaletta"",""description"":""Table Top Tile"",""collection"":null,""image_url"":""https://www.owlee.com/wp-content/uploads/2026/01/tops_0015_Cabaletta_1600.jpg"",""display_order"":0},{""finish_id"":25,""item_number"":""Canyon-Taupe"",""name"":""Canyon Taupe"",""description"":""Table Top Tile"",""collection"":null,""image_url"":""https://www.owlee.com/wp-content/uploads/2026/01/tops_0014_Canyon-Taupe_1600.jpg"",""display_order"":0},{""finish_id"":11,""item_number"":""TG68"",""name"":""Carbon Black"",""description"":""Frame Finish"",""collection"":null,""image_url"":""https://www.owlee.com/wp-content/uploads/2025/12/finishes_0001_TG68-Carbon-Black.jpg"",""display_order"":0},{""finish_id"":26,""item_number"":""Cavatina"",""name"":""Cavatina"",""description"":""Table Top Tile"",""collection"":null,""image_url"":""https://www.owlee.com/wp-content/uploads/2026/01/tops_0013_Cavatina_1600.jpg"",""display_order"":0},{""finish_id"":54,""item_number"":null,""name"":""Cielo"",""description"":""Table Top Tile"",""collection"":null,""image_url"":""https://www.owlee.com/wp-content/uploads/2026/01/tops_0002_Valencia_Cielo_1600.jpg"",""display_order"":0},{""finish_id"":12,""item_number"":""SP50"",""name"":""Copper Creek"",""description"":""Frame Finish"",""collection"":null,""image_url"":""https://www.owlee.com/wp-content/uploads/2025/12/finishes_0004_SP50-Copper-Creek.jpg"",""display_order"":0},{""finish_id"":13,""item_number"":""SP42"",""name"":""Espresso"",""description"":""Frame Finish"",""collection"":null,""image_url"":""https://www.owlee.com/wp-content/uploads/2025/12/finishes_0005_SP42-Espresso.jpg"",""display_order"":0},{""finish_id"":14,""item_number"":""SP21"",""name"":""Graphite"",""description"":""Frame Finish"",""collection"":null,""image_url"":""https://www.owlee.com/wp-content/uploads/2025/12/finishes_0007_SP21-Graphite.jpg"",""display_order"":0},{""finish_id"":30,""item_number"":""Myrtle-Beach"",""name"":""Myrtle Beach"",""description"":""Table Top Tile"",""collection"":null,""image_url"":""https://www.owlee.com/wp-content/uploads/2026/01/tops_0010_Myrtle-Beach_1600.jpg"",""display_order"":0},{""finish_id"":31,""item_number"":""Palazzo-Black"",""name"":""Palazzo Black"",""description"":""Table Top Tile"",""collection"":null,""image_url"":""https://www.owlee.com/wp-content/uploads/2026/01/tops_0009_Palazzo-Black_1600.jpg"",""display_order"":0},{""finish_id"":32,""item_number"":""Palazzo-White"",""name"":""Palazzo White"",""description"":""Table Top Tile"",""collection"":null,""image_url"":""https://www.owlee.com/wp-content/uploads/2026/01/tops_0008_Palazzo-White_1600.jpg"",""display_order"":0},{""finish_id"":15,""item_number"":""SP11"",""name"":""Rosewood"",""description"":""Frame Finish"",""collection"":null,""image_url"":""https://www.owlee.com/wp-content/uploads/2025/12/finishes_0008_SP11-Rosewood.jpg"",""display_order"":0},{""finish_id"":16,""item_number"":""SP22"",""name"":""Sable"",""description"":""Frame Finish"",""collection"":null,""image_url"":""https://www.owlee.com/wp-content/uploads/2025/12/finishes_0006_SP22-Sable.jpg"",""display_order"":0},{""finish_id"":17,""item_number"":""AZ53"",""name"":""Sand Dollar"",""description"":""Frame Finish"",""collection"":null,""image_url"":""https://www.owlee.com/wp-content/uploads/2025/12/finishes_0009_AZ53-Sand-Dollar.jpg"",""display_order"":0},{""finish_id"":18,""item_number"":""TC20"",""name"":""Sandalwood"",""description"":""Frame Finish"",""collection"":null,""image_url"":""https://www.owlee.com/wp-content/uploads/2025/12/finishes_0003_TC20-Sandalwood.jpg"",""display_order"":0},{""finish_id"":19,""item_number"":""TG56"",""name"":""Shadow Grey"",""description"":""Frame Finish"",""collection"":null,""image_url"":""https://www.owlee.com/wp-content/uploads/2025/12/finishes_0002_TG56-Shadow-Grey.jpg"",""display_order"":0},{""finish_id"":33,""item_number"":""Silver-Oak"",""name"":""Silver Oak"",""description"":""Table Top Tile"",""collection"":null,""image_url"":""https://www.owlee.com/wp-content/uploads/2026/01/tops_0007_Silver-Oak_1600.jpg"",""display_order"":0},{""finish_id"":34,""item_number"":""Summit-Grey"",""name"":""Summit Grey"",""description"":""Table Top Tile"",""collection"":null,""image_url"":""https://www.owlee.com/wp-content/uploads/2026/01/tops_0005_Summit-Grey_1600.jpg"",""display_order"":0},{""finish_id"":63,""item_number"":null,""name"":""Trullo"",""description"":""Table Top Tile"",""collection"":null,""image_url"":""https://www.owlee.com/wp-content/uploads/2026/01/tops_0001_Valencia_Trullo_1600.jpg"",""display_order"":0},{""finish_id"":35,""item_number"":""Urban-Pulse"",""name"":""Urban Pulse"",""description"":""Table Top Tile"",""collection"":null,""image_url"":""https://www.owlee.com/wp-content/uploads/2026/01/tops_0004_Urban-Pulse_1600.jpg"",""display_order"":0},{""finish_id"":36,""item_number"":""Urban-Shift"",""name"":""Urban Shift"",""description"":""Table Top Tile"",""collection"":null,""image_url"":""https://www.owlee.com/wp-content/uploads/2026/01/tops_0003_Urban-Shift_1600.jpg"",""display_order"":0},{""finish_id"":20,""item_number"":""VT25"",""name"":""Velvet White"",""description"":""Frame Finish"",""collection"":null,""image_url"":""https://www.owlee.com/wp-content/uploads/2025/12/finishes_0000_VT25-Velvet-White.jpg"",""display_order"":0},{""finish_id"":37,""item_number"":""Venice-Beach"",""name"":""Venice Beach"",""description"":""Table Top Tile"",""collection"":null,""image_url"":""https://www.owlee.com/wp-content/uploads/2026/01/tops_0000_Venice-Beach_1600.jpg"",""display_order"":0}]",[],"[{""url"":""https://641bdd57-e650-4f10-a19f-628c07eb50b7-00-1e7i1aja8wnz9.worf.replit.dev/api/storage/objects/products/owlee/MA-DT10.jpg"",""alt_text"":null,""is_primary"":true,""display_order"":0,""image_kind"":""gallery"",""variant_id"":null}]",[]
O.W. Lee,o-w-lee,2175,MA-LT03,Table Bases Modern Aluminum 03 Occasional Table Base,owlee-table-bases-modern-aluminum-03-occasional-table-base-ma-lt03,"Part of the O.W. Lee Table Bases collection. Crafted in the USA, O.W. Lee pieces are built to order and sold exclusively through our showroom — contact a sales agent for pricing, finishes, and cushion options.",Table Bases collection · Modern Aluminum 03 Occasional Table Base by O.W. Lee,Dining,cat-dining,Aluminum,aluminum,,,,,,,fixed,,,"{""collection"":""Table Bases"",""spec_sheet_pdf"":""https://www.owlee.com/collections/table-bases/occasional-table-base-table-bases-modern-aluminum-2/""}","[""o-w-lee"",""table-bases"",""made-in-usa""]",false,true,true,true,false,,194,0,true,2026-05-03 01:40:47.444192+00,2026-05-03 01:40:47.444192+00,[],[],[],"[{""finish_id"":11,""item_number"":""TG68"",""name"":""Carbon Black"",""description"":""Frame Finish"",""collection"":null,""image_url"":""https://www.owlee.com/wp-content/uploads/2025/12/finishes_0001_TG68-Carbon-Black.jpg"",""display_order"":0},{""finish_id"":12,""item_number"":""SP50"",""name"":""Copper Creek"",""description"":""Frame Finish"",""collection"":null,""image_url"":""https://www.owlee.com/wp-content/uploads/2025/12/finishes_0004_SP50-Copper-Creek.jpg"",""display_order"":0},{""finish_id"":13,""item_number"":""SP42"",""name"":""Espresso"",""description"":""Frame Finish"",""collection"":null,""image_url"":""https://www.owlee.com/wp-content/uploads/2025/12/finishes_0005_SP42-Espresso.jpg"",""display_order"":0},{""finish_id"":14,""item_number"":""SP21"",""name"":""Graphite"",""description"":""Frame Finish"",""collection"":null,""image_url"":""https://www.owlee.com/wp-content/uploads/2025/12/finishes_0007_SP21-Graphite.jpg"",""display_order"":0},{""finish_id"":15,""item_number"":""SP11"",""name"":""Rosewood"",""description"":""Frame Finish"",""collection"":null,""image_url"":""https://www.owlee.com/wp-content/uploads/2025/12/finishes_0008_SP11-Rosewood.jpg"",""display_order"":0},{""finish_id"":16,""item_number"":""SP22"",""name"":""Sable"",""description"":""Frame Finish"",""collection"":null,""image_url"":""https://www.owlee.com/wp-content/uploads/2025/12/finishes_0006_SP22-Sable.jpg"",""display_order"":0},{""finish_id"":17,""item_number"":""AZ53"",""name"":""Sand Dollar"",""description"":""Frame Finish"",""collection"":null,""image_url"":""https://www.owlee.com/wp-content/uploads/2025/12/finishes_0009_AZ53-Sand-Dollar.jpg"",""display_order"":0},{""finish_id"":18,""item_number"":""TC20"",""name"":""Sandalwood"",""description"":""Frame Finish"",""collection"":null,""image_url"":""https://www.owlee.com/wp-content/uploads/2025/12/finishes_0003_TC20-Sandalwood.jpg"",""display_order"":0},{""finish_id"":19,""item_number"":""TG56"",""name"":""Shadow Grey"",""description"":""Frame Finish"",""collection"":null,""image_url"":""https://www.owlee.com/wp-content/uploads/2025/12/finishes_0002_TG56-Shadow-Grey.jpg"",""display_order"":0},{""finish_id"":20,""item_number"":""VT25"",""name"":""Velvet White"",""description"":""Frame Finish"",""collection"":null,""image_url"":""https://www.owlee.com/wp-content/uploads/2025/12/finishes_0000_VT25-Velvet-White.jpg"",""display_order"":0}]",[],"[{""url"":""https://641bdd57-e650-4f10-a19f-628c07eb50b7-00-1e7i1aja8wnz9.worf.replit.dev/api/storage/objects/products/owlee/MA-LT03.jpg"",""alt_text"":null,""is_primary"":true,""display_order"":0,""image_kind"":""gallery"",""variant_id"":null}]",[]
O.W. Lee,o-w-lee,4936,MA-OT03,Modern Aluminum 03 Occasional Table Base,owlee-modern-aluminum-03-occasional-table-base-ma-ot03,"Sleek, minimal, and designed for contemporary outdoor living, our Modern Aluminum table bases provide a clean foundation for any table top. Crafted from durable, powder-coated aluminum, they are lightweight yet built to withstand the elements—resistant to rust, corrosion, and fading. Their streamlined design pairs effortlessly with porcelain, Dekton, or micro mesh tops and complements our Arc, Aris, Avana, and Studio collections, making them a versatile choice for both residential and commercial settings. Combining modern style with long-lasting performance, these bases are as practical as they are elegant. This base fits the following tops: - 36"" Square (Porcelain) - 42"" Round (Porcelain and Micro Mesh) - 42"" Square (Porcelain and Micro Mesh) - 54"" Round (Porcelain, Dekton, and Micro Mesh)","Sleek, minimal, and designed for contemporary outdoor living, our Modern Aluminum table bases provide a clean foundation for any table top. Crafted from durable, powder-coated aluminum, they are lightweight yet built to withstand the elements—resistant to rust, corrosion, and fading. Their streamlined design pairs effortlessly with porcelain, Dekton, or micro mesh tops and complements our Arc, Aris, Avana, and Studio collections, making them a versatile choice for both residential and commercial settings. Combining modern style with long-lasting performance, these bases are as practical as they are elegant. This base fits the following tops: - 36"" Square (Porcelain) - 42"" Round (Porcelain and Micro Mesh) - 42"" Square (Porcelain and Micro Mesh) - 54"" Round (Porcelain, Dekton, and Micro Mesh)",Coffee & Side Tables,cat-coffee-side-tables,Aluminum,aluminum,,,,,,,fixed,,"H 18"" × W 25"" × D 25""","{""height_in"":""18"",""collection"":""Table Bases"",""source_url"":""https://www.owlee.com/collections/table-bases/occasional-table-base-table-bases-modern-aluminum-2/"",""weight_lbs"":""20 (pkg)"",""depth_length_in"":""25"",""width_diameter_in"":""25""}","[""o-w-lee"",""tables-tops-bases"",""made-in-usa"",""quote-only""]",false,true,true,true,false,,102,0,true,2026-06-02 00:19:58.987743+00,2026-06-17 00:27:48.634+00,[],[],[],[],[],"[{""url"":""https://641bdd57-e650-4f10-a19f-628c07eb50b7-00-1e7i1aja8wnz9.worf.replit.dev/api/storage/objects/products/owlee-v2/MA-OT03_Table_Bases_Modern_Aluminum_03_Occasional_Table_Base.jpg"",""alt_text"":null,""is_primary"":true,""display_order"":0,""image_kind"":""gallery"",""variant_id"":null}]",[]
O.W. Lee,o-w-lee,2177,MA-OT05,Table Bases Modern Aluminum 05 Occasional Table Base,owlee-table-bases-modern-aluminum-05-occasional-table-base-ma-ot05,"Sleek, minimal, and designed for contemporary outdoor living, our Modern Aluminum table bases provide a clean foundation for any table top. Crafted from durable, powder-coated aluminum, they are lightweight yet built to withstand the elements--resistant to rust, corrosion, and fading. Their streamlined design pairs effortlessly with porcelain, Dekton, or micro mesh tops and complements our Arc, Aris, Avana, and Studio collections, making them a versatile choice for both residential and commercial settings. Combining modern style with long-lasting performance, these bases are as practical as they are elegant. This base fits the following tops: - 28x50"" (Porcelain, Micro Mesh) - 31x56"" (Dekton) - 36x58"" (porcelain, Micro Mesh)","Sleek, minimal, and designed for contemporary outdoor living, our Modern Aluminum table bases provide a clean foundation for any table top. Crafted from durable, powder-coated aluminum, they are lightweight yet built to withstand the elements--resistant to rust, corrosion, and fading. Their streamlined design pairs effortlessly with porcelain, Dekton, or micro mesh tops and complements our Arc, Aris, Avana, and Studio collections, making them a versatile choice for both residential and commercial settings. Combining modern style with long-lasting performance, these bases are as practical as they are elegant. This base fits the following tops: - 28x50"" (Porcelain, Micro Mesh) - 31x56"" (Dekton) - 36x58"" (porcelain, Micro Mesh)",Dining,cat-dining,Aluminum,aluminum,,,,,,,fixed,,"H 18"" × W 43"" × D 20""","{""height_in"":""18"",""collection"":""Table Bases"",""weight_lbs"":""20 (pkg)"",""spec_sheet_pdf"":""https://www.owlee.com/collections/table-bases/occasional-table-base-table-bases-modern-aluminum/"",""depth_length_in"":""20"",""width_diameter_in"":""43""}","[""o-w-lee"",""table-bases"",""made-in-usa""]",false,true,true,true,false,,196,0,true,2026-05-03 01:40:47.450531+00,2026-06-17 00:27:48.643+00,[],[],[],"[{""finish_id"":11,""item_number"":""TG68"",""name"":""Carbon Black"",""description"":""Frame Finish"",""collection"":null,""image_url"":""https://www.owlee.com/wp-content/uploads/2025/12/finishes_0001_TG68-Carbon-Black.jpg"",""display_order"":0},{""finish_id"":12,""item_number"":""SP50"",""name"":""Copper Creek"",""description"":""Frame Finish"",""collection"":null,""image_url"":""https://www.owlee.com/wp-content/uploads/2025/12/finishes_0004_SP50-Copper-Creek.jpg"",""display_order"":0},{""finish_id"":13,""item_number"":""SP42"",""name"":""Espresso"",""description"":""Frame Finish"",""collection"":null,""image_url"":""https://www.owlee.com/wp-content/uploads/2025/12/finishes_0005_SP42-Espresso.jpg"",""display_order"":0},{""finish_id"":14,""item_number"":""SP21"",""name"":""Graphite"",""description"":""Frame Finish"",""collection"":null,""image_url"":""https://www.owlee.com/wp-content/uploads/2025/12/finishes_0007_SP21-Graphite.jpg"",""display_order"":0},{""finish_id"":15,""item_number"":""SP11"",""name"":""Rosewood"",""description"":""Frame Finish"",""collection"":null,""image_url"":""https://www.owlee.com/wp-content/uploads/2025/12/finishes_0008_SP11-Rosewood.jpg"",""display_order"":0},{""finish_id"":16,""item_number"":""SP22"",""name"":""Sable"",""description"":""Frame Finish"",""collection"":null,""image_url"":""https://www.owlee.com/wp-content/uploads/2025/12/finishes_0006_SP22-Sable.jpg"",""display_order"":0},{""finish_id"":17,""item_number"":""AZ53"",""name"":""Sand Dollar"",""description"":""Frame Finish"",""collection"":null,""image_url"":""https://www.owlee.com/wp-content/uploads/2025/12/finishes_0009_AZ53-Sand-Dollar.jpg"",""display_order"":0},{""finish_id"":18,""item_number"":""TC20"",""name"":""Sandalwood"",""description"":""Frame Finish"",""collection"":null,""image_url"":""https://www.owlee.com/wp-content/uploads/2025/12/finishes_0003_TC20-Sandalwood.jpg"",""display_order"":0},{""finish_id"":19,""item_number"":""TG56"",""name"":""Shadow Grey"",""description"":""Frame Finish"",""collection"":null,""image_url"":""https://www.owlee.com/wp-content/uploads/2025/12/finishes_0002_TG56-Shadow-Grey.jpg"",""display_order"":0},{""finish_id"":20,""item_number"":""VT25"",""name"":""Velvet White"",""description"":""Frame Finish"",""collection"":null,""image_url"":""https://www.owlee.com/wp-content/uploads/2025/12/finishes_0000_VT25-Velvet-White.jpg"",""display_order"":0}]",[],"[{""url"":""https://641bdd57-e650-4f10-a19f-628c07eb50b7-00-1e7i1aja8wnz9.worf.replit.dev/api/storage/objects/products/owlee-v2/MA-OT05_Table_Bases_Modern_Aluminum_05_Occasional_Table_Base.jpg"",""alt_text"":null,""is_primary"":true,""display_order"":0,""image_kind"":""gallery"",""variant_id"":null}]",[]
O.W. Lee,o-w-lee,2176,MA-ST01,Table Bases Modern Aluminum 01 Side Table Base,owlee-table-bases-modern-aluminum-01-side-table-base-ma-st01,"Sleek, minimal, and designed for contemporary outdoor living, our Modern Aluminum table bases provide a clean foundation for any table top. Crafted from durable, powder-coated aluminum, they are lightweight yet built to withstand the elements--resistant to rust, corrosion, and fading. Their streamlined design pairs effortlessly with porcelain, Dekton, or micro mesh tops and complements our Arc, Aris, Avana, and Studio collections, making them a versatile choice for both residential and commercial settings. Combining modern style with long-lasting performance, these bases are as practical as they are elegant. This base fits the following tops: - 24"" Round (Porcelain, Dekton, or Mesh) - 24"" Square (Porcelain or Dekton) - 30"" Round (Porcelain or Mesh)","Sleek, minimal, and designed for contemporary outdoor living, our Modern Aluminum table bases provide a clean foundation for any table top. Crafted from durable, powder-coated aluminum, they are lightweight yet built to withstand the elements--resistant to rust, corrosion, and fading. Their streamlined design pairs effortlessly with porcelain, Dekton, or micro mesh tops and complements our Arc, Aris, Avana, and Studio collections, making them a versatile choice for both residential and commercial settings. Combining modern style with long-lasting performance, these bases are as practical as they are elegant. This base fits the following tops: - 24"" Round (Porcelain, Dekton, or Mesh) - 24"" Square (Porcelain or Dekton) - 30"" Round (Porcelain or Mesh)",Dining,cat-dining,Aluminum,aluminum,,,,,,,fixed,11.00,"H 20"" × W 15"" × D 15""","{""height_in"":""20"",""collection"":""Table Bases"",""weight_lbs"":""11"",""spec_sheet_pdf"":""https://www.owlee.com/collections/table-bases/side-table-base-table-bases-modern-aluminum/"",""depth_length_in"":""15"",""width_diameter_in"":""15""}","[""o-w-lee"",""table-bases"",""made-in-usa""]",false,true,true,true,false,,195,0,true,2026-05-03 01:40:47.447096+00,2026-06-17 00:27:48.638+00,[],[],[],"[{""finish_id"":11,""item_number"":""TG68"",""name"":""Carbon Black"",""description"":""Frame Finish"",""collection"":null,""image_url"":""https://www.owlee.com/wp-content/uploads/2025/12/finishes_0001_TG68-Carbon-Black.jpg"",""display_order"":0},{""finish_id"":12,""item_number"":""SP50"",""name"":""Copper Creek"",""description"":""Frame Finish"",""collection"":null,""image_url"":""https://www.owlee.com/wp-content/uploads/2025/12/finishes_0004_SP50-Copper-Creek.jpg"",""display_order"":0},{""finish_id"":13,""item_number"":""SP42"",""name"":""Espresso"",""description"":""Frame Finish"",""collection"":null,""image_url"":""https://www.owlee.com/wp-content/uploads/2025/12/finishes_0005_SP42-Espresso.jpg"",""display_order"":0},{""finish_id"":14,""item_number"":""SP21"",""name"":""Graphite"",""description"":""Frame Finish"",""collection"":null,""image_url"":""https://www.owlee.com/wp-content/uploads/2025/12/finishes_0007_SP21-Graphite.jpg"",""display_order"":0},{""finish_id"":15,""item_number"":""SP11"",""name"":""Rosewood"",""description"":""Frame Finish"",""collection"":null,""image_url"":""https://www.owlee.com/wp-content/uploads/2025/12/finishes_0008_SP11-Rosewood.jpg"",""display_order"":0},{""finish_id"":16,""item_number"":""SP22"",""name"":""Sable"",""description"":""Frame Finish"",""collection"":null,""image_url"":""https://www.owlee.com/wp-content/uploads/2025/12/finishes_0006_SP22-Sable.jpg"",""display_order"":0},{""finish_id"":17,""item_number"":""AZ53"",""name"":""Sand Dollar"",""description"":""Frame Finish"",""collection"":null,""image_url"":""https://www.owlee.com/wp-content/uploads/2025/12/finishes_0009_AZ53-Sand-Dollar.jpg"",""display_order"":0},{""finish_id"":18,""item_number"":""TC20"",""name"":""Sandalwood"",""description"":""Frame Finish"",""collection"":null,""image_url"":""https://www.owlee.com/wp-content/uploads/2025/12/finishes_0003_TC20-Sandalwood.jpg"",""display_order"":0},{""finish_id"":19,""item_number"":""TG56"",""name"":""Shadow Grey"",""description"":""Frame Finish"",""collection"":null,""image_url"":""https://www.owlee.com/wp-content/uploads/2025/12/finishes_0002_TG56-Shadow-Grey.jpg"",""display_order"":0},{""finish_id"":20,""item_number"":""VT25"",""name"":""Velvet White"",""description"":""Frame Finish"",""collection"":null,""image_url"":""https://www.owlee.com/wp-content/uploads/2025/12/finishes_0000_VT25-Velvet-White.jpg"",""display_order"":0}]",[],"[{""url"":""https://641bdd57-e650-4f10-a19f-628c07eb50b7-00-1e7i1aja8wnz9.worf.replit.dev/api/storage/objects/products/owlee-v2/MA-ST01_Table_Bases_Modern_Aluminum_01_Side_Table_Base.jpg"",""alt_text"":null,""is_primary"":true,""display_order"":0,""image_kind"":""gallery"",""variant_id"":null}]",[]
O.W. Lee,o-w-lee,5238,MM-24RD,"Table Tops 24"" Round Micro Mesh Top",owlee-table-tops-24-round-micro-mesh-top-mm-24rd,"This 24"" round table top is designed to pair with our 01 table bases. Our Micro Mesh table tops offer a light, durable, and effortlessly functional surface for outdoor living. Crafted from sturdy metal mesh, they allow air and water to pass through easily, helping surfaces dry quickly and stay cooler in the sun. The finely woven pattern adds subtle texture and visual interest while maintaining a clean, understated appearance. Engineered for long-lasting performance, Micro Mesh table tops are resistant to rust, corrosion, and everyday wear, making them ideal for both residential patios and high-traffic commercial settings. Versatile and low-maintenance, they pair beautifully with a variety of table bases and seating styles, delivering practical comfort with enduring style.","This 24"" round table top is designed to pair with our 01 table bases. Our Micro Mesh table tops offer a light, durable, and effortlessly functional surface for outdoor living. Crafted from sturdy metal mesh, they allow air and water to pass through easily, helping surfaces dry quickly and stay cooler in the sun. The finely woven pattern adds subtle texture and visual interest while maintaining a clean, understated appearance. Engineered for long-lasting performance, Micro Mesh table tops are resistant to rust, corrosion, and everyday wear, making them ideal for both residential patios and high-traffic commercial settings. Versatile and low-maintenance, they pair beautifully with a variety of table bases and seating styles, delivering practical comfort with enduring style.",Dining,cat-dining,,,,,,,,,fixed,,,"{""collection"":""Table Tops""}","[""o-w-lee"",""table-tops"",""made-in-usa""]",false,true,true,true,false,,284,0,true,2026-06-17 00:26:10.19589+00,2026-06-17 00:27:48.351+00,[],[],[],[],[],"[{""url"":""https://641bdd57-e650-4f10-a19f-628c07eb50b7-00-1e7i1aja8wnz9.worf.replit.dev/api/storage/objects/products/owlee-v2/MM-24RD_Table_Tops_24_Round_Micro_Mesh_Top.jpg"",""alt_text"":null,""is_primary"":true,""display_order"":0,""image_kind"":""gallery"",""variant_id"":null}]",[]
O.W. Lee,o-w-lee,5239,MM-2850RT,"Table Tops 28"" x 50"" Micro Mesh Top",owlee-table-tops-28-x-50-micro-mesh-top-mm-2850rt,"This 28x50"" round table top is designed to pair with our 05 table bases. Our Micro Mesh table tops offer a light, durable, and effortlessly functional surface for outdoor living. Crafted from sturdy metal mesh, they allow air and water to pass through easily, helping surfaces dry quickly and stay cooler in the sun. The finely woven pattern adds subtle texture and visual interest while maintaining a clean, understated appearance. Engineered for long-lasting performance, Micro Mesh table tops are resistant to rust, corrosion, and everyday wear, making them ideal for both residential patios and high-traffic commercial settings. Versatile and low-maintenance, they pair beautifully with a variety of table bases and seating styles, delivering practical comfort with enduring style.","This 28x50"" round table top is designed to pair with our 05 table bases. Our Micro Mesh table tops offer a light, durable, and effortlessly functional surface for outdoor living. Crafted from sturdy metal mesh, they allow air and water to pass through easily, helping surfaces dry quickly and stay cooler in the sun. The finely woven pattern adds subtle texture and visual interest while maintaining a clean, understated appearance. Engineered for long-lasting performance, Micro Mesh table tops are resistant to rust, corrosion, and everyday wear, making them ideal for both residential patios and high-traffic commercial settings. Versatile and low-maintenance, they pair beautifully with a variety of table bases and seating styles, delivering practical comfort with enduring style.",Dining,cat-dining,,,,,,,,,fixed,,,"{""collection"":""Table Tops""}","[""o-w-lee"",""table-tops"",""made-in-usa""]",false,true,true,true,false,,285,0,true,2026-06-17 00:26:10.202692+00,2026-06-17 00:27:48.356+00,[],[],[],[],[],"[{""url"":""https://641bdd57-e650-4f10-a19f-628c07eb50b7-00-1e7i1aja8wnz9.worf.replit.dev/api/storage/objects/products/owlee-v2/MM-2850RT_Table_Tops_28_x_50_Micro_Mesh_Top.jpg"",""alt_text"":null,""is_primary"":true,""display_order"":0,""image_kind"":""gallery"",""variant_id"":null}]",[]
O.W. Lee,o-w-lee,5240,MM-30RD,"Table Tops 30"" Round Micro Mesh Top",owlee-table-tops-30-round-micro-mesh-top-mm-30rd,"This 30"" round table top is designed to pair with our 01 table bases. Our Micro Mesh table tops offer a light, durable, and effortlessly functional surface for outdoor living. Crafted from sturdy metal mesh, they allow air and water to pass through easily, helping surfaces dry quickly and stay cooler in the sun. The finely woven pattern adds subtle texture and visual interest while maintaining a clean, understated appearance. Engineered for long-lasting performance, Micro Mesh table tops are resistant to rust, corrosion, and everyday wear, making them ideal for both residential patios and high-traffic commercial settings. Versatile and low-maintenance, they pair beautifully with a variety of table bases and seating styles, delivering practical comfort with enduring style.","This 30"" round table top is designed to pair with our 01 table bases. Our Micro Mesh table tops offer a light, durable, and effortlessly functional surface for outdoor living. Crafted from sturdy metal mesh, they allow air and water to pass through easily, helping surfaces dry quickly and stay cooler in the sun. The finely woven pattern adds subtle texture and visual interest while maintaining a clean, understated appearance. Engineered for long-lasting performance, Micro Mesh table tops are resistant to rust, corrosion, and everyday wear, making them ideal for both residential patios and high-traffic commercial settings. Versatile and low-maintenance, they pair beautifully with a variety of table bases and seating styles, delivering practical comfort with enduring style.",Dining,cat-dining,,,,,,,,,fixed,,,"{""collection"":""Table Tops""}","[""o-w-lee"",""table-tops"",""made-in-usa""]",false,true,true,true,false,,286,0,true,2026-06-17 00:26:10.207464+00,2026-06-17 00:27:48.361+00,[],[],[],[],[],"[{""url"":""https://641bdd57-e650-4f10-a19f-628c07eb50b7-00-1e7i1aja8wnz9.worf.replit.dev/api/storage/objects/products/owlee-v2/MM-30RD_Table_Tops_30_Round_Micro_Mesh_Top.jpg"",""alt_text"":null,""is_primary"":true,""display_order"":0,""image_kind"":""gallery"",""variant_id"":null}]",[]
O.W. Lee,o-w-lee,5252,MM-3658RTU,Table Tops 36 x 58 Micro Mesh Top with Umbrella Hole,owlee-table-tops-table-tops-36-x-58-micro-mesh-top-with-umbrella-hole-mm-3658rtu,"This 36x58"" table top is designed to pair with our 05 table bases. Our Micro Mesh table tops offer a light, durable, and effortlessly functional surface for outdoor living. Crafted from sturdy metal mesh, they allow air and water to pass through easily, helping surfaces dry quickly and stay cooler in the sun. The finely woven pattern adds subtle texture and visual interest while maintaining a clean, understated appearance.
Engineered for long-lasting performance, Micro Mesh table tops are resistant to rust, corrosion, and everyday wear, making them ideal for both residential patios and high-traffic commercial settings. Versatile and low-maintenance, they pair beautifully with a variety of table bases and seating styles, delivering practical comfort with enduring style.","This 36x58"" table top is designed to pair with our 05 table bases. Our Micro Mesh table tops offer a light, durable, and effortlessly functional surface for outdoor living. Crafted from sturdy metal mesh, they allow air and water to pass through easily, helping surfaces dry quickly and stay cooler in the sun. The finely woven pattern adds subtle texture and visual interest while maintaining a clean, understated appearance.
Engineered for long-lasting performance, Micro Mesh table tops are resistant to rust, corrosion, and everyday wear, making them ideal for both residential patios and high-traffic commercial settings. Versatile and low-maintenance, they pair beautifully with a variety of table bases and seating styles, delivering practical comfort with enduring style.",Dining,cat-dining,,,,,,,,,fixed,,"W 36"" × D 58""","{""collection"":""Table Tops"",""special_notes"":""Fits -05 Style Bases"",""depth_length_in"":""58"",""width_diameter_in"":""36""}","[""o-w-lee"",""table-tops"",""made-in-usa""]",false,true,true,true,false,,298,0,true,2026-06-17 00:26:10.496011+00,2026-06-17 00:27:48.709+00,[],[],[],[],[],"[{""url"":""https://641bdd57-e650-4f10-a19f-628c07eb50b7-00-1e7i1aja8wnz9.worf.replit.dev/api/storage/objects/products/owlee-v2/Table_Tops_36_x_58_Micro_Mesh_Top_with_Umbrella_Hole.jpg"",""alt_text"":null,""is_primary"":true,""display_order"":0,""image_kind"":""gallery"",""variant_id"":null}]",[]
O.W. Lee,o-w-lee,5242,MM-4284U,"Table Tops 42"" x 84"" Micro Mesh Top with Umbrella Hole",owlee-table-tops-42-x-84-micro-mesh-top-with-umbrella-hole-mm-4284u,"This 42x84"" table top is designed to pair with our 07 table bases. Our Micro Mesh table tops offer a light, durable, and effortlessly functional surface for outdoor living. Crafted from sturdy metal mesh, they allow air and water to pass through easily, helping surfaces dry quickly and stay cooler in the sun. The finely woven pattern adds subtle texture and visual interest while maintaining a clean, understated appearance. Engineered for long-lasting performance, Micro Mesh table tops are resistant to rust, corrosion, and everyday wear, making them ideal for both residential patios and high-traffic commercial settings. Versatile and low-maintenance, they pair beautifully with a variety of table bases and seating styles, delivering practical comfort with enduring style.","This 42x84"" table top is designed to pair with our 07 table bases. Our Micro Mesh table tops offer a light, durable, and effortlessly functional surface for outdoor living. Crafted from sturdy metal mesh, they allow air and water to pass through easily, helping surfaces dry quickly and stay cooler in the sun. The finely woven pattern adds subtle texture and visual interest while maintaining a clean, understated appearance. Engineered for long-lasting performance, Micro Mesh table tops are resistant to rust, corrosion, and everyday wear, making them ideal for both residential patios and high-traffic commercial settings. Versatile and low-maintenance, they pair beautifully with a variety of table bases and seating styles, delivering practical comfort with enduring style.",Dining,cat-dining,,,,,,,,,fixed,,,"{""collection"":""Table Tops""}","[""o-w-lee"",""table-tops"",""made-in-usa""]",false,true,true,true,false,,288,0,true,2026-06-17 00:26:10.219857+00,2026-06-17 00:27:48.37+00,[],[],[],[],[],"[{""url"":""https://641bdd57-e650-4f10-a19f-628c07eb50b7-00-1e7i1aja8wnz9.worf.replit.dev/api/storage/objects/products/owlee-v2/MM-4284U_Table_Tops_42_x_84_Micro_Mesh_Top_with_Umbrella_Hole.jpg"",""alt_text"":null,""is_primary"":true,""display_order"":0,""image_kind"":""gallery"",""variant_id"":null}]",[]
O.W. Lee,o-w-lee,5243,MM-42RDU,"Table Tops 42"" Round Micro Mesh Top with Umbrella Hole",owlee-table-tops-42-round-micro-mesh-top-with-umbrella-hole-mm-42rdu,"This 42"" round table top is designed to pair with our 03 table bases. Our Micro Mesh table tops offer a light, durable, and effortlessly functional surface for outdoor living. Crafted from sturdy metal mesh, they allow air and water to pass through easily, helping surfaces dry quickly and stay cooler in the sun. The finely woven pattern adds subtle texture and visual interest while maintaining a clean, understated appearance. Engineered for long-lasting performance, Micro Mesh table tops are resistant to rust, corrosion, and everyday wear, making them ideal for both residential patios and high-traffic commercial settings. Versatile and low-maintenance, they pair beautifully with a variety of table bases and seating styles, delivering practical comfort with enduring style.","This 42"" round table top is designed to pair with our 03 table bases. Our Micro Mesh table tops offer a light, durable, and effortlessly functional surface for outdoor living. Crafted from sturdy metal mesh, they allow air and water to pass through easily, helping surfaces dry quickly and stay cooler in the sun. The finely woven pattern adds subtle texture and visual interest while maintaining a clean, understated appearance. Engineered for long-lasting performance, Micro Mesh table tops are resistant to rust, corrosion, and everyday wear, making them ideal for both residential patios and high-traffic commercial settings. Versatile and low-maintenance, they pair beautifully with a variety of table bases and seating styles, delivering practical comfort with enduring style.",Dining,cat-dining,,,,,,,,,fixed,,,"{""collection"":""Table Tops""}","[""o-w-lee"",""table-tops"",""made-in-usa""]",false,true,true,true,false,,289,0,true,2026-06-17 00:26:10.224203+00,2026-06-17 00:27:48.375+00,[],[],[],[],[],"[{""url"":""https://641bdd57-e650-4f10-a19f-628c07eb50b7-00-1e7i1aja8wnz9.worf.replit.dev/api/storage/objects/products/owlee-v2/MM-42RDU_Table_Tops_42_Round_Micro_Mesh_Top_with_Umbrella_Hole.jpg"",""alt_text"":null,""is_primary"":true,""display_order"":0,""image_kind"":""gallery"",""variant_id"":null}]",[]
O.W. Lee,o-w-lee,5241,MM-42SQU,"Table Tops 42"" Square Micro Mesh Top with Umbrella Hole",owlee-table-tops-42-square-micro-mesh-top-with-umbrella-hole-mm-42squ,"This 42"" square table top is designed to pair with our 03 table bases. Our Micro Mesh table tops offer a light, durable, and effortlessly functional surface for outdoor living. Crafted from sturdy metal mesh, they allow air and water to pass through easily, helping surfaces dry quickly and stay cooler in the sun. The finely woven pattern adds subtle texture and visual interest while maintaining a clean, understated appearance. Engineered for long-lasting performance, Micro Mesh table tops are resistant to rust, corrosion, and everyday wear, making them ideal for both residential patios and high-traffic commercial settings. Versatile and low-maintenance, they pair beautifully with a variety of table bases and seating styles, delivering practical comfort with enduring style.","This 42"" square table top is designed to pair with our 03 table bases. Our Micro Mesh table tops offer a light, durable, and effortlessly functional surface for outdoor living. Crafted from sturdy metal mesh, they allow air and water to pass through easily, helping surfaces dry quickly and stay cooler in the sun. The finely woven pattern adds subtle texture and visual interest while maintaining a clean, understated appearance. Engineered for long-lasting performance, Micro Mesh table tops are resistant to rust, corrosion, and everyday wear, making them ideal for both residential patios and high-traffic commercial settings. Versatile and low-maintenance, they pair beautifully with a variety of table bases and seating styles, delivering practical comfort with enduring style.",Dining,cat-dining,,,,,,,,,fixed,,,"{""collection"":""Table Tops""}","[""o-w-lee"",""table-tops"",""made-in-usa""]",false,true,true,true,false,,287,0,true,2026-06-17 00:26:10.214296+00,2026-06-17 00:27:48.366+00,[],[],[],[],[],"[{""url"":""https://641bdd57-e650-4f10-a19f-628c07eb50b7-00-1e7i1aja8wnz9.worf.replit.dev/api/storage/objects/products/owlee-v2/MM-42SQU_Table_Tops_42_Square_Micro_Mesh_Top_with_Umbrella_Hole.jpg"",""alt_text"":null,""is_primary"":true,""display_order"":0,""image_kind"":""gallery"",""variant_id"":null}]",[]
O.W. Lee,o-w-lee,5244,MM-54RD,"Table Tops 54"" Round Micro Mesh Top with Umbrella Hole",owlee-table-tops-54-round-micro-mesh-top-with-umbrella-hole-mm-54rd,"This 54"" round table top is designed to pair with our 03 table bases. Our Micro Mesh table tops offer a light, durable, and effortlessly functional surface for outdoor living. Crafted from sturdy metal mesh, they allow air and water to pass through easily, helping surfaces dry quickly and stay cooler in the sun. The finely woven pattern adds subtle texture and visual interest while maintaining a clean, understated appearance. Engineered for long-lasting performance, Micro Mesh table tops are resistant to rust, corrosion, and everyday wear, making them ideal for both residential patios and high-traffic commercial settings. Versatile and low-maintenance, they pair beautifully with a variety of table bases and seating styles, delivering practical comfort with enduring style.","This 54"" round table top is designed to pair with our 03 table bases. Our Micro Mesh table tops offer a light, durable, and effortlessly functional surface for outdoor living. Crafted from sturdy metal mesh, they allow air and water to pass through easily, helping surfaces dry quickly and stay cooler in the sun. The finely woven pattern adds subtle texture and visual interest while maintaining a clean, understated appearance. Engineered for long-lasting performance, Micro Mesh table tops are resistant to rust, corrosion, and everyday wear, making them ideal for both residential patios and high-traffic commercial settings. Versatile and low-maintenance, they pair beautifully with a variety of table bases and seating styles, delivering practical comfort with enduring style.",Dining,cat-dining,,,,,,,,,fixed,,,"{""collection"":""Table Tops"",""weight_lbs"":""34 (pkg)""}","[""o-w-lee"",""table-tops"",""made-in-usa""]",false,true,true,true,false,,290,0,true,2026-06-17 00:26:10.229076+00,2026-06-17 00:27:48.38+00,[],[],[],[],[],"[{""url"":""https://641bdd57-e650-4f10-a19f-628c07eb50b7-00-1e7i1aja8wnz9.worf.replit.dev/api/storage/objects/products/owlee-v2/MM-54RD_Table_Tops_54_Round_Micro_Mesh_Top_with_Umbrella_Hole.jpg"",""alt_text"":null,""is_primary"":true,""display_order"":0,""image_kind"":""gallery"",""variant_id"":null}]",[]
O.W. Lee,o-w-lee,2157,OT03-BASE,Table Bases Standard Iron 03 Occasional Table Base,owlee-table-bases-standard-iron-03-occasional-table-base-ot03-base,"Timeless and sturdy, our Standard Iron table bases provide a strong foundation for your outdoor tables. Crafted from durable iron with a refined finish, they combine classic design with long-lasting performance. These versatile bases pair beautifully with the Monterra and Pasadera collections, enhancing both traditional and contemporary outdoor spaces. This base fits the following tops: - 36"" Square (Porcelain) - 42"" Round (Porcelain and Micro Mesh) - 42"" Square (Porcelain and Micro Mesh) - 54"" Round (Porcelain, Dekton, and Micro Mesh)","Timeless and sturdy, our Standard Iron table bases provide a strong foundation for your outdoor tables. Crafted from durable iron with a refined finish, they combine classic design with long-lasting performance. These versatile bases pair beautifully with the Monterra and Pasadera collections, enhancing both traditional and contemporary outdoor spaces. This base fits the following tops: - 36"" Square (Porcelain) - 42"" Round (Porcelain and Micro Mesh) - 42"" Square (Porcelain and Micro Mesh) - 54"" Round (Porcelain, Dekton, and Micro Mesh)",Dining,cat-dining,Wrought Iron,wrought-iron,,,,,,,fixed,,,"{""collection"":""Table Bases"",""weight_lbs"":""29 (pkg)"",""spec_sheet_pdf"":""https://www.owlee.com/collections/standard-iron-bases/coffee-table-base-table-bases-standard-iron-bases/""}","[""o-w-lee"",""table-bases"",""made-in-usa""]",false,true,true,true,false,,176,0,true,2026-05-03 01:40:47.385937+00,2026-06-17 00:27:48.456+00,[],[],[],"[{""finish_id"":11,""item_number"":""TG68"",""name"":""Carbon Black"",""description"":""Frame Finish"",""collection"":null,""image_url"":""https://www.owlee.com/wp-content/uploads/2025/12/finishes_0001_TG68-Carbon-Black.jpg"",""display_order"":0},{""finish_id"":12,""item_number"":""SP50"",""name"":""Copper Creek"",""description"":""Frame Finish"",""collection"":null,""image_url"":""https://www.owlee.com/wp-content/uploads/2025/12/finishes_0004_SP50-Copper-Creek.jpg"",""display_order"":0},{""finish_id"":13,""item_number"":""SP42"",""name"":""Espresso"",""description"":""Frame Finish"",""collection"":null,""image_url"":""https://www.owlee.com/wp-content/uploads/2025/12/finishes_0005_SP42-Espresso.jpg"",""display_order"":0},{""finish_id"":14,""item_number"":""SP21"",""name"":""Graphite"",""description"":""Frame Finish"",""collection"":null,""image_url"":""https://www.owlee.com/wp-content/uploads/2025/12/finishes_0007_SP21-Graphite.jpg"",""display_order"":0},{""finish_id"":15,""item_number"":""SP11"",""name"":""Rosewood"",""description"":""Frame Finish"",""collection"":null,""image_url"":""https://www.owlee.com/wp-content/uploads/2025/12/finishes_0008_SP11-Rosewood.jpg"",""display_order"":0},{""finish_id"":16,""item_number"":""SP22"",""name"":""Sable"",""description"":""Frame Finish"",""collection"":null,""image_url"":""https://www.owlee.com/wp-content/uploads/2025/12/finishes_0006_SP22-Sable.jpg"",""display_order"":0},{""finish_id"":17,""item_number"":""AZ53"",""name"":""Sand Dollar"",""description"":""Frame Finish"",""collection"":null,""image_url"":""https://www.owlee.com/wp-content/uploads/2025/12/finishes_0009_AZ53-Sand-Dollar.jpg"",""display_order"":0},{""finish_id"":18,""item_number"":""TC20"",""name"":""Sandalwood"",""description"":""Frame Finish"",""collection"":null,""image_url"":""https://www.owlee.com/wp-content/uploads/2025/12/finishes_0003_TC20-Sandalwood.jpg"",""display_order"":0},{""finish_id"":19,""item_number"":""TG56"",""name"":""Shadow Grey"",""description"":""Frame Finish"",""collection"":null,""image_url"":""https://www.owlee.com/wp-content/uploads/2025/12/finishes_0002_TG56-Shadow-Grey.jpg"",""display_order"":0},{""finish_id"":20,""item_number"":""VT25"",""name"":""Velvet White"",""description"":""Frame Finish"",""collection"":null,""image_url"":""https://www.owlee.com/wp-content/uploads/2025/12/finishes_0000_VT25-Velvet-White.jpg"",""display_order"":0}]",[],"[{""url"":""https://641bdd57-e650-4f10-a19f-628c07eb50b7-00-1e7i1aja8wnz9.worf.replit.dev/api/storage/objects/products/owlee-v2/OT03-BASE_Table_Bases_Standard_Iron_03_Occasional_Table_Base.jpg"",""alt_text"":null,""is_primary"":true,""display_order"":0,""image_kind"":""gallery"",""variant_id"":null}]",[]
O.W. Lee,o-w-lee,2156,OT05-BASE,Table Bases Standard Iron 05 Occasional Table Base,owlee-table-bases-standard-iron-05-occasional-table-base-ot05-base,"Timeless and sturdy, our Standard Iron table bases provide a strong foundation for your outdoor tables. Crafted from durable iron with a refined finish, they combine classic design with long-lasting performance. These versatile bases pair beautifully with the Monterra and Pasadera collections, enhancing both traditional and contemporary outdoor spaces. This base fits the following tops: - 28x50"" (Porcelain, Micro Mesh) - 31x56"" (Dekton) - 36x58"" (Porcelain, Micro Mesh)","Timeless and sturdy, our Standard Iron table bases provide a strong foundation for your outdoor tables. Crafted from durable iron with a refined finish, they combine classic design with long-lasting performance. These versatile bases pair beautifully with the Monterra and Pasadera collections, enhancing both traditional and contemporary outdoor spaces. This base fits the following tops: - 28x50"" (Porcelain, Micro Mesh) - 31x56"" (Dekton) - 36x58"" (Porcelain, Micro Mesh)",Dining,cat-dining,Wrought Iron,wrought-iron,,,,,,,fixed,,,"{""collection"":""Table Bases"",""weight_lbs"":""34 (pkg)"",""spec_sheet_pdf"":""https://www.owlee.com/collections/standard-iron-bases/coffee-table-base-table-bases-standard-iron-bases-2/""}","[""o-w-lee"",""table-bases"",""made-in-usa""]",false,true,true,true,false,,175,0,true,2026-05-03 01:40:47.382543+00,2026-06-17 00:27:48.45+00,[],[],[],"[{""finish_id"":11,""item_number"":""TG68"",""name"":""Carbon Black"",""description"":""Frame Finish"",""collection"":null,""image_url"":""https://www.owlee.com/wp-content/uploads/2025/12/finishes_0001_TG68-Carbon-Black.jpg"",""display_order"":0},{""finish_id"":12,""item_number"":""SP50"",""name"":""Copper Creek"",""description"":""Frame Finish"",""collection"":null,""image_url"":""https://www.owlee.com/wp-content/uploads/2025/12/finishes_0004_SP50-Copper-Creek.jpg"",""display_order"":0},{""finish_id"":13,""item_number"":""SP42"",""name"":""Espresso"",""description"":""Frame Finish"",""collection"":null,""image_url"":""https://www.owlee.com/wp-content/uploads/2025/12/finishes_0005_SP42-Espresso.jpg"",""display_order"":0},{""finish_id"":14,""item_number"":""SP21"",""name"":""Graphite"",""description"":""Frame Finish"",""collection"":null,""image_url"":""https://www.owlee.com/wp-content/uploads/2025/12/finishes_0007_SP21-Graphite.jpg"",""display_order"":0},{""finish_id"":15,""item_number"":""SP11"",""name"":""Rosewood"",""description"":""Frame Finish"",""collection"":null,""image_url"":""https://www.owlee.com/wp-content/uploads/2025/12/finishes_0008_SP11-Rosewood.jpg"",""display_order"":0},{""finish_id"":16,""item_number"":""SP22"",""name"":""Sable"",""description"":""Frame Finish"",""collection"":null,""image_url"":""https://www.owlee.com/wp-content/uploads/2025/12/finishes_0006_SP22-Sable.jpg"",""display_order"":0},{""finish_id"":17,""item_number"":""AZ53"",""name"":""Sand Dollar"",""description"":""Frame Finish"",""collection"":null,""image_url"":""https://www.owlee.com/wp-content/uploads/2025/12/finishes_0009_AZ53-Sand-Dollar.jpg"",""display_order"":0},{""finish_id"":18,""item_number"":""TC20"",""name"":""Sandalwood"",""description"":""Frame Finish"",""collection"":null,""image_url"":""https://www.owlee.com/wp-content/uploads/2025/12/finishes_0003_TC20-Sandalwood.jpg"",""display_order"":0},{""finish_id"":19,""item_number"":""TG56"",""name"":""Shadow Grey"",""description"":""Frame Finish"",""collection"":null,""image_url"":""https://www.owlee.com/wp-content/uploads/2025/12/finishes_0002_TG56-Shadow-Grey.jpg"",""display_order"":0},{""finish_id"":20,""item_number"":""VT25"",""name"":""Velvet White"",""description"":""Frame Finish"",""collection"":null,""image_url"":""https://www.owlee.com/wp-content/uploads/2025/12/finishes_0000_VT25-Velvet-White.jpg"",""display_order"":0}]",[],"[{""url"":""https://641bdd57-e650-4f10-a19f-628c07eb50b7-00-1e7i1aja8wnz9.worf.replit.dev/api/storage/objects/products/owlee-v2/OT05-BASE_Table_Bases_Standard_Iron_05_Occasional_Table_Base.jpg"",""alt_text"":null,""is_primary"":true,""display_order"":0,""image_kind"":""gallery"",""variant_id"":null}]",[]
O.W. Lee,o-w-lee,5245,PA-DT07,Table Bases Parsons 07 Table Base,owlee-table-bases-parsons-07-table-base-pa-dt07,"The Parsons table base delivers a bold yet understated presence, defined by clean lines and a simple modern aesthetic. Crafted from high-quality durable aluminum and paired with a substantial Dekton® top, this large-scale table is ideal for entertaining and gathering outdoors. Its impressive weight and solid construction provide exceptional stability and long-lasting performance, ensuring it’s built to endure season after season while serving as a timeless centerpiece for any outdoor dining space. This base fits the following top: - 42x84"" (Dekton only)","The Parsons table base delivers a bold yet understated presence, defined by clean lines and a simple modern aesthetic. Crafted from high-quality durable aluminum and paired with a substantial Dekton® top, this large-scale table is ideal for entertaining and gathering outdoors. Its impressive weight and solid construction provide exceptional stability and long-lasting performance, ensuring it’s built to endure season after season while serving as a timeless centerpiece for any outdoor dining space. This base fits the following top: - 42x84"" (Dekton only)",Dining,cat-dining,Aluminum,aluminum,,,,,,,fixed,,,"{""collection"":""Table Bases""}","[""o-w-lee"",""table-bases"",""made-in-usa""]",false,true,true,true,false,,291,0,true,2026-06-17 00:26:10.460141+00,2026-06-17 00:27:48.666+00,[],[],[],[],[],"[{""url"":""https://641bdd57-e650-4f10-a19f-628c07eb50b7-00-1e7i1aja8wnz9.worf.replit.dev/api/storage/objects/products/owlee-v2/PA-DT07_Table_Bases_Parsons_07_Table_Base.jpg"",""alt_text"":null,""is_primary"":true,""display_order"":0,""image_kind"":""gallery"",""variant_id"":null}]",[]
O.W. Lee,o-w-lee,2141,PENDING,Table Bases Parsons Table Base,owlee-table-bases-parsons-table-base-pending,"Part of the O.W. Lee Table Bases collection. Crafted in the USA, O.W. Lee pieces are built to order and sold exclusively through our showroom — contact a sales agent for pricing, finishes, and cushion options.",Table Bases collection · Parsons Table Base by O.W. Lee,Dining,cat-dining,,,,,,,,,fixed,,,"{""collection"":""Table Bases"",""spec_sheet_pdf"":""https://www.owlee.com/collections/table-bases/parsons-table-base/""}","[""o-w-lee"",""table-bases"",""made-in-usa""]",false,true,true,true,false,,118,0,true,2026-05-03 01:40:47.167596+00,2026-05-03 01:40:47.483+00,[],[],[],[],[],"[{""url"":""https://641bdd57-e650-4f10-a19f-628c07eb50b7-00-1e7i1aja8wnz9.worf.replit.dev/api/storage/objects/products/owlee/PENDING.jpg"",""alt_text"":null,""is_primary"":true,""display_order"":0,""image_kind"":""gallery"",""variant_id"":null}]",[]
O.W. Lee,o-w-lee,4898,QD-2157,"21"" x 57"" Quadra Iron Counter Table",owlee-21-x-57-quadra-iron-counter-table-qd-2157,"Clean-lined and architecturally modern, the Quadra Iron Tables bring refined structure to outdoor spaces. Defined by their squared iron frame and crisp geometry, Quadra tables offer a contemporary look that feels substantial yet uncluttered. Crafted from durable iron and built to withstand the elements, these tables deliver lasting strength and stability for everyday outdoor living. Available in a wide range of sizes--including side tables, occasional tables, counter height, console, and dining--Quadra tables provide versatile solutions for everything from intimate seating areas to large entertaining spaces. Their simple, modern profile pairs seamlessly with a variety of collections, making Quadra a timeless foundation for both residential and commercial environments.","Clean-lined and architecturally modern, the Quadra Iron Tables bring refined structure to outdoor spaces. Defined by their squared iron frame and crisp geometry, Quadra tables offer a contemporary look that feels substantial yet uncluttered. Crafted from durable iron and built to withstand the elements, these tables deliver lasting strength and stability for everyday outdoor living. Available in a wide range of sizes--including side tables, occasional tables, counter height, console, and dining--Quadra tables provide versatile solutions for everything from intimate seating areas to large entertaining spaces. Their simple, modern profile pairs seamlessly with a variety of collections, making Quadra a timeless foundation for both residential and commercial environments.",Dining,cat-dining,Wrought Iron,wrought-iron,,,,,,,fixed,,"H 37.5"" × W 56.5"" × D 20.5""","{""height_in"":""37.5"",""collection"":""Pre-Designed Tables"",""source_url"":""https://www.owlee.com/collections/quadra-iron-tables/21-x-57-counter-table-fully-welded-tables-quadra-iron-tables/"",""weight_lbs"":""66 (pkg)"",""depth_length_in"":""20.5"",""width_diameter_in"":""56.5""}","[""o-w-lee"",""tables-tops-bases"",""made-in-usa"",""quote-only""]",false,true,true,true,false,,54,0,true,2026-06-02 00:19:50.579321+00,2026-06-17 00:27:48.394+00,[],[],[],[],[],"[{""url"":""https://641bdd57-e650-4f10-a19f-628c07eb50b7-00-1e7i1aja8wnz9.worf.replit.dev/api/storage/objects/products/owlee-v2/QD-2157_Pre-Designed_Tables_21_x_57_Quadra_Iron_Counter_Table.jpg"",""alt_text"":null,""is_primary"":true,""display_order"":0,""image_kind"":""gallery"",""variant_id"":null}]",[]
O.W. Lee,o-w-lee,4899,QD-2157DT,"21"" x 57"" Quadra Iron Dining Table",owlee-21-x-57-quadra-iron-dining-table-qd-2157dt,"Clean-lined and architecturally modern, the Quadra Iron Tables bring refined structure to outdoor spaces. Defined by their squared iron frame and crisp geometry, Quadra tables offer a contemporary look that feels substantial yet uncluttered. Crafted from durable iron and built to withstand the elements, these tables deliver lasting strength and stability for everyday outdoor living. Available in a wide range of sizes--including side tables, occasional tables, counter height, console, and dining--Quadra tables provide versatile solutions for everything from intimate seating areas to large entertaining spaces. Their simple, modern profile pairs seamlessly with a variety of collections, making Quadra a timeless foundation for both residential and commercial environments.","Clean-lined and architecturally modern, the Quadra Iron Tables bring refined structure to outdoor spaces. Defined by their squared iron frame and crisp geometry, Quadra tables offer a contemporary look that feels substantial yet uncluttered. Crafted from durable iron and built to withstand the elements, these tables deliver lasting strength and stability for everyday outdoor living. Available in a wide range of sizes--including side tables, occasional tables, counter height, console, and dining--Quadra tables provide versatile solutions for everything from intimate seating areas to large entertaining spaces. Their simple, modern profile pairs seamlessly with a variety of collections, making Quadra a timeless foundation for both residential and commercial environments.",Dining,cat-dining,Wrought Iron,wrought-iron,,,,,,,fixed,,"H 29"" × W 56.5"" × D 20.5""","{""height_in"":""29"",""collection"":""Pre-Designed Tables"",""source_url"":""https://www.owlee.com/collections/quadra-iron-tables/21-x-57-dining-table-fully-welded-tables-quadra-iron-tables/"",""weight_lbs"":""66 (pkg)"",""depth_length_in"":""20.5"",""width_diameter_in"":""56.5""}","[""o-w-lee"",""tables-tops-bases"",""made-in-usa"",""quote-only""]",false,true,true,true,false,,55,0,true,2026-06-02 00:19:50.769594+00,2026-06-17 00:27:48.413+00,[],[],[],[],[],"[{""url"":""https://641bdd57-e650-4f10-a19f-628c07eb50b7-00-1e7i1aja8wnz9.worf.replit.dev/api/storage/objects/products/owlee-v2/QD-2157DT_Pre-Designed_Tables_21_x_57_Quadra_Iron_Dining_Table.jpg"",""alt_text"":null,""is_primary"":true,""display_order"":0,""image_kind"":""gallery"",""variant_id"":null}]",[]
O.W. Lee,o-w-lee,4900,QD-2323ST,"23"" Square Quadra Iron Side Table",owlee-23-square-quadra-iron-side-table-qd-2323st,"Clean-lined and architecturally modern, the Quadra Iron Tables bring refined structure to outdoor spaces. Defined by their squared iron frame and crisp geometry, Quadra tables offer a contemporary look that feels substantial yet uncluttered. Crafted from durable iron and built to withstand the elements, these tables deliver lasting strength and stability for everyday outdoor living. Available in a wide range of sizes--including side tables, occasional tables, counter height, console, and dining--Quadra tables provide versatile solutions for everything from intimate seating areas to large entertaining spaces. Their simple, modern profile pairs seamlessly with a variety of collections, making Quadra a timeless foundation for both residential and commercial environments.","Clean-lined and architecturally modern, the Quadra Iron Tables bring refined structure to outdoor spaces. Defined by their squared iron frame and crisp geometry, Quadra tables offer a contemporary look that feels substantial yet uncluttered. Crafted from durable iron and built to withstand the elements, these tables deliver lasting strength and stability for everyday outdoor living. Available in a wide range of sizes--including side tables, occasional tables, counter height, console, and dining--Quadra tables provide versatile solutions for everything from intimate seating areas to large entertaining spaces. Their simple, modern profile pairs seamlessly with a variety of collections, making Quadra a timeless foundation for both residential and commercial environments.",Dining,cat-dining,Wrought Iron,wrought-iron,,,,,,,fixed,,"H 18"" × W 22.5"" × D 22.5""","{""height_in"":""18"",""collection"":""Pre-Designed Tables"",""source_url"":""https://www.owlee.com/collections/quadra-iron-tables/23-sq-side-table-fully-welded-tables-quadra-iron-tables/"",""weight_lbs"":""38 (pkg)"",""depth_length_in"":""22.5"",""width_diameter_in"":""22.5""}","[""o-w-lee"",""tables-tops-bases"",""made-in-usa"",""quote-only""]",false,true,true,true,false,,56,0,true,2026-06-02 00:19:50.959123+00,2026-06-17 00:27:48.402+00,[],[],[],[],[],"[{""url"":""https://641bdd57-e650-4f10-a19f-628c07eb50b7-00-1e7i1aja8wnz9.worf.replit.dev/api/storage/objects/products/owlee-v2/QD-2323ST_Pre-Designed_Tables_23_Square_Quadra_Iron_Side_Table.jpg"",""alt_text"":null,""is_primary"":true,""display_order"":0,""image_kind"":""gallery"",""variant_id"":null}]",[]
O.W. Lee,o-w-lee,4910,QD-3153OT,"31"" x 53"" Quadra Iron Occasional Table",owlee-31-x-53-quadra-iron-occasional-table-qd-3153ot,"Clean-lined and architecturally modern, the Quadra Iron Tables bring refined structure to outdoor spaces. Defined by their squared iron frame and crisp geometry, Quadra tables offer a contemporary look that feels substantial yet uncluttered. Crafted from durable iron and built to withstand the elements, these tables deliver lasting strength and stability for everyday outdoor living. Available in a wide range of sizes--including side tables, occasional tables, counter height, console, and dining--Quadra tables provide versatile solutions for everything from intimate seating areas to large entertaining spaces. Their simple, modern profile pairs seamlessly with a variety of collections, making Quadra a timeless foundation for both residential and commercial environments.","Clean-lined and architecturally modern, the Quadra Iron Tables bring refined structure to outdoor spaces. Defined by their squared iron frame and crisp geometry, Quadra tables offer a contemporary look that feels substantial yet uncluttered. Crafted from durable iron and built to withstand the elements, these tables deliver lasting strength and stability for everyday outdoor living. Available in a wide range of sizes--including side tables, occasional tables, counter height, console, and dining--Quadra tables provide versatile solutions for everything from intimate seating areas to large entertaining spaces. Their simple, modern profile pairs seamlessly with a variety of collections, making Quadra a timeless foundation for both residential and commercial environments.",Coffee & Side Tables,cat-coffee-side-tables,Wrought Iron,wrought-iron,,,,,,,fixed,,"H 18"" × W 52.5"" × D 30.5""","{""height_in"":""18"",""collection"":""Pre-Designed Tables"",""source_url"":""https://www.owlee.com/collections/quadra-iron-tables/31-x-53-occasional-table-fully-welded-tables-quadra-iron-tables/"",""weight_lbs"":""151 (pkg)"",""depth_length_in"":""30.5"",""width_diameter_in"":""52.5""}","[""o-w-lee"",""tables-tops-bases"",""made-in-usa"",""quote-only""]",false,true,true,true,false,,66,0,true,2026-06-02 00:19:52.919769+00,2026-06-17 00:27:48.407+00,[],[],[],[],[],"[{""url"":""https://641bdd57-e650-4f10-a19f-628c07eb50b7-00-1e7i1aja8wnz9.worf.replit.dev/api/storage/objects/products/owlee-v2/QD-3153OT_Pre-Designed_Tables_31_x_53_Quadra_Iron_Occasional_Table.jpg"",""alt_text"":null,""is_primary"":true,""display_order"":0,""image_kind"":""gallery"",""variant_id"":null}]",[]
O.W. Lee,o-w-lee,4913,QD-3375CT,"33"" x 75"" Quadra Iron Counter Table",owlee-33-x-75-quadra-iron-counter-table-qd-3375ct,"Clean-lined and architecturally modern, the Quadra Iron Tables bring refined structure to outdoor spaces. Defined by their squared iron frame and crisp geometry, Quadra tables offer a contemporary look that feels substantial yet uncluttered. Crafted from durable iron and built to withstand the elements, these tables deliver lasting strength and stability for everyday outdoor living. Available in a wide range of sizes--including side tables, occasional tables, counter height, console, and dining--Quadra tables provide versatile solutions for everything from intimate seating areas to large entertaining spaces. Their simple, modern profile pairs seamlessly with a variety of collections, making Quadra a timeless foundation for both residential and commercial environments.","Clean-lined and architecturally modern, the Quadra Iron Tables bring refined structure to outdoor spaces. Defined by their squared iron frame and crisp geometry, Quadra tables offer a contemporary look that feels substantial yet uncluttered. Crafted from durable iron and built to withstand the elements, these tables deliver lasting strength and stability for everyday outdoor living. Available in a wide range of sizes--including side tables, occasional tables, counter height, console, and dining--Quadra tables provide versatile solutions for everything from intimate seating areas to large entertaining spaces. Their simple, modern profile pairs seamlessly with a variety of collections, making Quadra a timeless foundation for both residential and commercial environments.",Dining,cat-dining,Wrought Iron,wrought-iron,,,,,,,fixed,,"H 37.5"" × W 75"" × D 33""","{""height_in"":""37.5"",""collection"":""Pre-Designed Tables"",""source_url"":""https://www.owlee.com/collections/quadra-iron-tables/33-x-75-counter-table-fully-welded-tables-quadra-iron-tables/"",""weight_lbs"":""284 (pkg)"",""depth_length_in"":""33"",""width_diameter_in"":""75""}","[""o-w-lee"",""tables-tops-bases"",""made-in-usa"",""quote-only""]",false,true,true,true,false,,69,0,true,2026-06-02 00:19:53.398763+00,2026-06-17 00:27:48.398+00,[],[],[],[],[],"[{""url"":""https://641bdd57-e650-4f10-a19f-628c07eb50b7-00-1e7i1aja8wnz9.worf.replit.dev/api/storage/objects/products/owlee-v2/QD-3375CT_Pre-Designed_Tables_33_x_75_Quadra_Iron_Counter_Table.jpg"",""alt_text"":null,""is_primary"":true,""display_order"":0,""image_kind"":""gallery"",""variant_id"":null}]",[]
O.W. Lee,o-w-lee,4912,QD-3375DT,"33"" x 75"" Dining Table",owlee-33-x-75-dining-table-qd-3375dt,"Clean-lined and architecturally modern, the Quadra Iron Tables bring refined structure to outdoor spaces. Defined by their squared iron frame and crisp geometry, Quadra tables offer a contemporary look that feels substantial yet uncluttered. Crafted from durable iron and built to withstand the elements, these tables deliver lasting strength and stability for everyday outdoor living. Available in a wide range of sizes--including side tables, occasional tables, counter height, console, and dining--Quadra tables provide versatile solutions for everything from intimate seating areas to large entertaining spaces. Their simple, modern profile pairs seamlessly with a variety of collections, making Quadra a timeless foundation for both residential and commercial environments.","Clean-lined and architecturally modern, the Quadra Iron Tables bring refined structure to outdoor spaces. Defined by their squared iron frame and crisp geometry, Quadra tables offer a contemporary look that feels substantial yet uncluttered. Crafted from durable iron and built to withstand the elements, these tables deliver lasting strength and stability for everyday outdoor living. Available in a wide range of sizes--including side tables, occasional tables, counter height, console, and dining--Quadra tables provide versatile solutions for everything from intimate seating areas to large entertaining spaces. Their simple, modern profile pairs seamlessly with a variety of collections, making Quadra a timeless foundation for both residential and commercial environments.",Dining,cat-dining,Wrought Iron,wrought-iron,,,,,,,fixed,,"H 29"" × W 75"" × D 33""","{""height_in"":""29"",""collection"":""Pre-Designed Tables"",""source_url"":""https://www.owlee.com/collections/quadra-iron-tables/33-x-75-dining-table-fully-welded-tables-quadra-iron-tables/"",""depth_length_in"":""33"",""width_diameter_in"":""75""}","[""o-w-lee"",""tables-tops-bases"",""made-in-usa"",""quote-only""]",false,true,true,true,false,,68,0,true,2026-06-02 00:19:53.271089+00,2026-06-17 00:27:48.385+00,[],[],[],[],[],"[{""url"":""https://641bdd57-e650-4f10-a19f-628c07eb50b7-00-1e7i1aja8wnz9.worf.replit.dev/api/storage/objects/products/owlee-v2/QD-3375DT_Pre-Designed_Tables_33_x_75_Dining_Table.jpg"",""alt_text"":null,""is_primary"":true,""display_order"":0,""image_kind"":""gallery"",""variant_id"":null}]",[]
O.W. Lee,o-w-lee,2150,QD-4587DT,"Pre-Designed Tables Quadra 45"" x 87"" Dining Table",owlee-pre-designed-tables-quadra-45-x-87-dining-table-qd-4587dt,"Clean-lined and architecturally modern, the Quadra Iron Tables bring refined structure to outdoor spaces. Defined by their squared iron frame and crisp geometry, Quadra tables offer a contemporary look that feels substantial yet uncluttered. Crafted from durable iron and built to withstand the elements, these tables deliver lasting strength and stability for everyday outdoor living. Available in a wide range of sizes--including side tables, occasional tables, counter height, console, and dining--Quadra tables provide versatile solutions for everything from intimate seating areas to large entertaining spaces. Their simple, modern profile pairs seamlessly with a variety of collections, making Quadra a timeless foundation for both residential and commercial environments.","Clean-lined and architecturally modern, the Quadra Iron Tables bring refined structure to outdoor spaces. Defined by their squared iron frame and crisp geometry, Quadra tables offer a contemporary look that feels substantial yet uncluttered. Crafted from durable iron and built to withstand the elements, these tables deliver lasting strength and stability for everyday outdoor living. Available in a wide range of sizes--including side tables, occasional tables, counter height, console, and dining--Quadra tables provide versatile solutions for everything from intimate seating areas to large entertaining spaces. Their simple, modern profile pairs seamlessly with a variety of collections, making Quadra a timeless foundation for both residential and commercial environments.",Dining,cat-dining,Wrought Iron,wrought-iron,,,,,,,fixed,,"H 29"" × W 86.5"" × D 44.5""","{""height_in"":""29"",""collection"":""Pre-Designed Tables"",""weight_lbs"":""285 (pkg)"",""spec_sheet_pdf"":""https://www.owlee.com/collections/quadra-iron-tables/45-x-87-dining-table-fully-welded-tables-quadra-iron-tables/"",""depth_length_in"":""44.5"",""width_diameter_in"":""86.5""}","[""o-w-lee"",""pre-designed-tables"",""made-in-usa""]",false,true,true,true,false,,158,0,true,2026-05-03 01:40:47.321808+00,2026-06-17 00:27:48.389+00,[],[],[],[],[],"[{""url"":""https://641bdd57-e650-4f10-a19f-628c07eb50b7-00-1e7i1aja8wnz9.worf.replit.dev/api/storage/objects/products/owlee-v2/QD-4587DT_Pre-Designed_Tables_45_x_87_Quadra_Iron_Dining_Table.jpg"",""alt_text"":null,""is_primary"":true,""display_order"":0,""image_kind"":""gallery"",""variant_id"":null}]",[]
O.W. Lee,o-w-lee,2155,ST01-BASE,Table Bases Standard Iron 01 Side Table Base,owlee-table-bases-standard-iron-01-side-table-base-st01-base,"Timeless and sturdy, our Standard Iron table bases provide a strong foundation for your outdoor tables. Crafted from durable iron with a refined finish, they combine classic design with long-lasting performance. These versatile bases pair beautifully with the Monterra and Pasadera collections, enhancing both traditional and contemporary outdoor spaces. This base fits the following tops: - 24"" Round (Porcelain, Dekton, or Mesh) - 24"" Square (Porcelain or Dekton) - 30"" Round (Porcelain or Mesh)","Timeless and sturdy, our Standard Iron table bases provide a strong foundation for your outdoor tables. Crafted from durable iron with a refined finish, they combine classic design with long-lasting performance. These versatile bases pair beautifully with the Monterra and Pasadera collections, enhancing both traditional and contemporary outdoor spaces. This base fits the following tops: - 24"" Round (Porcelain, Dekton, or Mesh) - 24"" Square (Porcelain or Dekton) - 30"" Round (Porcelain or Mesh)",Dining,cat-dining,Wrought Iron,wrought-iron,,,,,,,fixed,,"H 19"" × W 15"" × D 15""","{""height_in"":""19"",""collection"":""Table Bases"",""weight_lbs"":""16 (pkg)"",""spec_sheet_pdf"":""https://www.owlee.com/collections/standard-iron-bases/side-table-base-table-bases-standard-iron-bases/"",""depth_length_in"":""15"",""width_diameter_in"":""15""}","[""o-w-lee"",""table-bases"",""made-in-usa""]",false,true,true,true,false,,174,0,true,2026-05-03 01:40:47.379607+00,2026-06-17 00:27:48.444+00,[],[],[],"[{""finish_id"":11,""item_number"":""TG68"",""name"":""Carbon Black"",""description"":""Frame Finish"",""collection"":null,""image_url"":""https://www.owlee.com/wp-content/uploads/2025/12/finishes_0001_TG68-Carbon-Black.jpg"",""display_order"":0},{""finish_id"":12,""item_number"":""SP50"",""name"":""Copper Creek"",""description"":""Frame Finish"",""collection"":null,""image_url"":""https://www.owlee.com/wp-content/uploads/2025/12/finishes_0004_SP50-Copper-Creek.jpg"",""display_order"":0},{""finish_id"":13,""item_number"":""SP42"",""name"":""Espresso"",""description"":""Frame Finish"",""collection"":null,""image_url"":""https://www.owlee.com/wp-content/uploads/2025/12/finishes_0005_SP42-Espresso.jpg"",""display_order"":0},{""finish_id"":14,""item_number"":""SP21"",""name"":""Graphite"",""description"":""Frame Finish"",""collection"":null,""image_url"":""https://www.owlee.com/wp-content/uploads/2025/12/finishes_0007_SP21-Graphite.jpg"",""display_order"":0},{""finish_id"":15,""item_number"":""SP11"",""name"":""Rosewood"",""description"":""Frame Finish"",""collection"":null,""image_url"":""https://www.owlee.com/wp-content/uploads/2025/12/finishes_0008_SP11-Rosewood.jpg"",""display_order"":0},{""finish_id"":16,""item_number"":""SP22"",""name"":""Sable"",""description"":""Frame Finish"",""collection"":null,""image_url"":""https://www.owlee.com/wp-content/uploads/2025/12/finishes_0006_SP22-Sable.jpg"",""display_order"":0},{""finish_id"":17,""item_number"":""AZ53"",""name"":""Sand Dollar"",""description"":""Frame Finish"",""collection"":null,""image_url"":""https://www.owlee.com/wp-content/uploads/2025/12/finishes_0009_AZ53-Sand-Dollar.jpg"",""display_order"":0},{""finish_id"":18,""item_number"":""TC20"",""name"":""Sandalwood"",""description"":""Frame Finish"",""collection"":null,""image_url"":""https://www.owlee.com/wp-content/uploads/2025/12/finishes_0003_TC20-Sandalwood.jpg"",""display_order"":0},{""finish_id"":19,""item_number"":""TG56"",""name"":""Shadow Grey"",""description"":""Frame Finish"",""collection"":null,""image_url"":""https://www.owlee.com/wp-content/uploads/2025/12/finishes_0002_TG56-Shadow-Grey.jpg"",""display_order"":0},{""finish_id"":20,""item_number"":""VT25"",""name"":""Velvet White"",""description"":""Frame Finish"",""collection"":null,""image_url"":""https://www.owlee.com/wp-content/uploads/2025/12/finishes_0000_VT25-Velvet-White.jpg"",""display_order"":0}]",[],"[{""url"":""https://641bdd57-e650-4f10-a19f-628c07eb50b7-00-1e7i1aja8wnz9.worf.replit.dev/api/storage/objects/products/owlee-v2/ST01-BASE_Table_Bases_Standard_Iron_01_Side_Table_Base.jpg"",""alt_text"":null,""is_primary"":true,""display_order"":0,""image_kind"":""gallery"",""variant_id"":null}]",[]
O.W. Lee,o-w-lee,5246,Table_Bases_Modern_Aluminum_10_Dining_Table_Base,Table Bases Modern Aluminum 10 Dining Table Base,owlee-table-bases-table-bases-modern-aluminum-10-dining-table-base-table-bases-modern-aluminum-10-dining-table-base,"Sleek, minimal, and designed for contemporary outdoor living, our Modern Aluminum table bases provide a clean foundation for any table top. Crafted from durable, powder-coated aluminum, they are lightweight yet built to withstand the elements--resistant to rust, corrosion, and fading. Their streamlined design pairs effortlessly with porcelain, Dekton, or micro mesh tops and complements our Arc, Aris, Avana, and Studio collections, making them a versatile choice for both residential and commercial settings. Combining modern style with long-lasting performance, these bases are as practical as they are elegant.
This base fits the following top: - 42x120"" (Porcelain only)","Sleek, minimal, and designed for contemporary outdoor living, our Modern Aluminum table bases provide a clean foundation for any table top. Crafted from durable, powder-coated aluminum, they are lightweight yet built to withstand the elements--resistant to rust, corrosion, and fading. Their streamlined design pairs effortlessly with porcelain, Dekton, or micro mesh tops and complements our Arc, Aris, Avana, and Studio collections, making them a versatile choice for both residential and commercial settings. Combining modern style with long-lasting performance, these bases are as practical as they are elegant.
This base fits the following top: - 42x120"" (Porcelain only)",Dining,cat-dining,Aluminum,aluminum,,,,,,,fixed,,"H 28"" × W 67"" × D 32""","{""height_in"":""28"",""collection"":""Table Bases"",""depth_length_in"":""32"",""width_diameter_in"":""67""}","[""o-w-lee"",""table-bases"",""made-in-usa""]",false,true,true,true,false,,292,0,true,2026-06-17 00:26:10.466306+00,2026-06-17 00:27:48.67+00,[],[],[],[],[],"[{""url"":""https://641bdd57-e650-4f10-a19f-628c07eb50b7-00-1e7i1aja8wnz9.worf.replit.dev/api/storage/objects/products/owlee-v2/Table_Bases_Modern_Aluminum_10_Dining_Table_Base.jpg"",""alt_text"":null,""is_primary"":true,""display_order"":0,""image_kind"":""gallery"",""variant_id"":null}]",[]
O.W. Lee,o-w-lee,5247,Table_Tops_24_Round_Porcelain_Top,Table Tops 24 Round Porcelain Top,owlee-table-tops-table-tops-24-round-porcelain-top-table-tops-24-round-porcelain-top,"Our 24"" porcelain table tops are designed to pair seamlessly with any of our 01 table bases and are available in a selection of 16 porcelain finishes. Each top is thoughtfully constructed in three durable layers and finished with a protective metal rim for long-lasting performance outdoors.
At the core is a lightweight aluminum honeycomb substrate that provides exceptional strength without added weight. This advanced structure creates a stable foundation that resists bending and warping, even in changing temperatures. The porcelain tiles are permanently bonded to the substrate using a waterproof epoxy adhesive, creating a stronger, longer-lasting bond than traditional tile methods.
The surface is made with commercial-grade porcelain tile and epoxy grout, resulting in a dense, non-porous top that resists moisture, stains, scratches, and fading. Because porcelain does not absorb water, it will not crack or split in freezing conditions, and spills won't leave lasting marks. A surrounding metal rim helps protect the tile from everyday impacts, ensuring your table maintains its beauty and integrity season after season.","Our 24"" porcelain table tops are designed to pair seamlessly with any of our 01 table bases and are available in a selection of 16 porcelain finishes. Each top is thoughtfully constructed in three durable layers and finished with a protective metal rim for long-lasting performance outdoors.
At the core is a lightweight aluminum honeycomb substrate that provides exceptional strength without added weight. This advanced structure creates a stable foundation that resists bending and warping, even in changing temperatures. The porcelain tiles are permanently bonded to the substrate using a waterproof epoxy adhesive, creating a stronger, longer-lasting bond than traditional tile methods.
The surface is made with commercial-grade porcelain tile and epoxy grout, resulting in a dense, non-porous top that resists moisture, stains, scratches, and fading. Because porcelain does not absorb water, it will not crack or split in freezing conditions, and spills won't leave lasting marks. A surrounding metal rim helps protect the tile from everyday impacts, ensuring your table maintains its beauty and integrity season after season.",Dining,cat-dining,,,,,,,,,fixed,,"W 24"" × D 24""","{""collection"":""Table Tops"",""depth_length_in"":""24"",""width_diameter_in"":""24""}","[""o-w-lee"",""table-tops"",""made-in-usa""]",false,true,true,true,false,,293,0,true,2026-06-17 00:26:10.471117+00,2026-06-17 00:27:48.685+00,[],[],[],[],[],"[{""url"":""https://641bdd57-e650-4f10-a19f-628c07eb50b7-00-1e7i1aja8wnz9.worf.replit.dev/api/storage/objects/products/owlee-v2/Table_Tops_24_Round_Porcelain_Top.jpg"",""alt_text"":null,""is_primary"":true,""display_order"":0,""image_kind"":""gallery"",""variant_id"":null}]",[]
O.W. Lee,o-w-lee,5248,Table_Tops_24_Square_Porcelain_Table_Top,Table Tops 24 Square Porcelain Table Top,owlee-table-tops-table-tops-24-square-porcelain-table-top-table-tops-24-square-porcelain-table-top,"Our 24"" porcelain table tops are designed to pair seamlessly with any of our 01 table bases and are available in a selection of 16 porcelain finishes. Each top is thoughtfully constructed in three durable layers and finished with a protective metal rim for long-lasting performance outdoors.
At the core is a lightweight aluminum honeycomb substrate that provides exceptional strength without added weight. This advanced structure creates a stable foundation that resists bending and warping, even in changing temperatures. The porcelain tiles are permanently bonded to the substrate using a waterproof epoxy adhesive, creating a stronger, longer-lasting bond than traditional tile methods.
The surface is made with commercial-grade porcelain tile and epoxy grout, resulting in a dense, non-porous top that resists moisture, stains, scratches, and fading. Because porcelain does not absorb water, it will not crack or split in freezing conditions, and spills won't leave lasting marks. A surrounding metal rim helps protect the tile from everyday impacts, ensuring your table maintains its beauty and integrity season after season.","Our 24"" porcelain table tops are designed to pair seamlessly with any of our 01 table bases and are available in a selection of 16 porcelain finishes. Each top is thoughtfully constructed in three durable layers and finished with a protective metal rim for long-lasting performance outdoors.
At the core is a lightweight aluminum honeycomb substrate that provides exceptional strength without added weight. This advanced structure creates a stable foundation that resists bending and warping, even in changing temperatures. The porcelain tiles are permanently bonded to the substrate using a waterproof epoxy adhesive, creating a stronger, longer-lasting bond than traditional tile methods.
The surface is made with commercial-grade porcelain tile and epoxy grout, resulting in a dense, non-porous top that resists moisture, stains, scratches, and fading. Because porcelain does not absorb water, it will not crack or split in freezing conditions, and spills won't leave lasting marks. A surrounding metal rim helps protect the tile from everyday impacts, ensuring your table maintains its beauty and integrity season after season.",Dining,cat-dining,,,,,,,,,fixed,,"W 24"" × D 24""","{""collection"":""Table Tops"",""depth_length_in"":""24"",""width_diameter_in"":""24""}","[""o-w-lee"",""table-tops"",""made-in-usa""]",false,true,true,true,false,,294,0,true,2026-06-17 00:26:10.475781+00,2026-06-17 00:27:48.689+00,[],[],[],[],[],"[{""url"":""https://641bdd57-e650-4f10-a19f-628c07eb50b7-00-1e7i1aja8wnz9.worf.replit.dev/api/storage/objects/products/owlee-v2/Table_Tops_24_Square_Porcelain_Table_Top.jpg"",""alt_text"":null,""is_primary"":true,""display_order"":0,""image_kind"":""gallery"",""variant_id"":null}]",[]
O.W. Lee,o-w-lee,5249,Table_Tops_28_x_50_Porcelain_Table_Top,Table Tops 28 x 50 Porcelain Table Top,owlee-table-tops-table-tops-28-x-50-porcelain-table-top-table-tops-28-x-50-porcelain-table-top,"Our 28x50"" porcelain table tops are designed to pair seamlessly with 05 table bases and are available in a selection of 16 porcelain finishes. Each top is thoughtfully constructed in three durable layers and finished with a protective metal rim for long-lasting performance outdoors.
At the core is a lightweight aluminum honeycomb substrate that provides exceptional strength without added weight. This advanced structure creates a stable foundation that resists bending and warping, even in changing temperatures. The porcelain tiles are permanently bonded to the substrate using a waterproof epoxy adhesive, creating a stronger, longer-lasting bond than traditional tile methods. The surface is made with commercial-grade porcelain tile and epoxy grout, resulting in a dense, non-porous top that resists moisture, stains, scratches, and fading. Because porcelain does not absorb water, it will not crack or split in freezing conditions, and spills won't leave lasting marks. A surrounding metal rim helps protect the tile from everyday impacts, ensuring your table maintains its beauty and integrity season after season.","Our 28x50"" porcelain table tops are designed to pair seamlessly with 05 table bases and are available in a selection of 16 porcelain finishes. Each top is thoughtfully constructed in three durable layers and finished with a protective metal rim for long-lasting performance outdoors.
At the core is a lightweight aluminum honeycomb substrate that provides exceptional strength without added weight. This advanced structure creates a stable foundation that resists bending and warping, even in changing temperatures. The porcelain tiles are permanently bonded to the substrate using a waterproof epoxy adhesive, creating a stronger, longer-lasting bond than traditional tile methods. The surface is made with commercial-grade porcelain tile and epoxy grout, resulting in a dense, non-porous top that resists moisture, stains, scratches, and fading. Because porcelain does not absorb water, it will not crack or split in freezing conditions, and spills won't leave lasting marks. A surrounding metal rim helps protect the tile from everyday impacts, ensuring your table maintains its beauty and integrity season after season.",Dining,cat-dining,,,,,,,,,fixed,,"W 28"" × D 50""","{""collection"":""Table Tops"",""weight_lbs"":""70 (pkg)"",""depth_length_in"":""50"",""width_diameter_in"":""28""}","[""o-w-lee"",""table-tops"",""made-in-usa""]",false,true,true,true,false,,295,0,true,2026-06-17 00:26:10.480653+00,2026-06-17 00:27:48.694+00,[],[],[],[],[],"[{""url"":""https://641bdd57-e650-4f10-a19f-628c07eb50b7-00-1e7i1aja8wnz9.worf.replit.dev/api/storage/objects/products/owlee-v2/Table_Tops_28_x_50_Porcelain_Table_Top.jpg"",""alt_text"":null,""is_primary"":true,""display_order"":0,""image_kind"":""gallery"",""variant_id"":null}]",[]
O.W. Lee,o-w-lee,5250,Table_Tops_30_Round_Porcelain_Table_Top,Table Tops 30 Round Porcelain Table Top,owlee-table-tops-table-tops-30-round-porcelain-table-top-table-tops-30-round-porcelain-table-top,"Our 30"" porcelain table tops are designed to pair seamlessly with any of our 01 table bases and are available in a selection of 16 porcelain finishes. Each top is thoughtfully constructed in three durable layers and finished with a protective metal rim for long-lasting performance outdoors.
At the core is a lightweight aluminum honeycomb substrate that provides exceptional strength without added weight. This advanced structure creates a stable foundation that resists bending and warping, even in changing temperatures. The porcelain tiles are permanently bonded to the substrate using a waterproof epoxy adhesive, creating a stronger, longer-lasting bond than traditional tile methods.
The surface is made with commercial-grade porcelain tile and epoxy grout, resulting in a dense, non-porous top that resists moisture, stains, scratches, and fading. Because porcelain does not absorb water, it will not crack or split in freezing conditions, and spills won't leave lasting marks. A surrounding metal rim helps protect the tile from everyday impacts, ensuring your table maintains its beauty and integrity season after season.","Our 30"" porcelain table tops are designed to pair seamlessly with any of our 01 table bases and are available in a selection of 16 porcelain finishes. Each top is thoughtfully constructed in three durable layers and finished with a protective metal rim for long-lasting performance outdoors.
At the core is a lightweight aluminum honeycomb substrate that provides exceptional strength without added weight. This advanced structure creates a stable foundation that resists bending and warping, even in changing temperatures. The porcelain tiles are permanently bonded to the substrate using a waterproof epoxy adhesive, creating a stronger, longer-lasting bond than traditional tile methods.
The surface is made with commercial-grade porcelain tile and epoxy grout, resulting in a dense, non-porous top that resists moisture, stains, scratches, and fading. Because porcelain does not absorb water, it will not crack or split in freezing conditions, and spills won't leave lasting marks. A surrounding metal rim helps protect the tile from everyday impacts, ensuring your table maintains its beauty and integrity season after season.",Dining,cat-dining,,,,,,,,,fixed,,"W 30"" × D 30""","{""collection"":""Table Tops"",""special_notes"":""Pairs with 01 Table Bases"",""depth_length_in"":""30"",""width_diameter_in"":""30""}","[""o-w-lee"",""table-tops"",""made-in-usa""]",false,true,true,true,false,,296,0,true,2026-06-17 00:26:10.48589+00,2026-06-17 00:27:48.699+00,[],[],[],[],[],"[{""url"":""https://641bdd57-e650-4f10-a19f-628c07eb50b7-00-1e7i1aja8wnz9.worf.replit.dev/api/storage/objects/products/owlee-v2/Table_Tops_30_Round_Porcelain_Table_Top.jpg"",""alt_text"":null,""is_primary"":true,""display_order"":0,""image_kind"":""gallery"",""variant_id"":null}]",[]
O.W. Lee,o-w-lee,5251,Table_Tops_36_Square_Porcelain_Table_Top,Table Tops 36 Square Porcelain Table Top,owlee-table-tops-table-tops-36-square-porcelain-table-top-table-tops-36-square-porcelain-table-top,"Our 36"" square porcelain table tops are designed to pair seamlessly with our 03 table bases and are available in a selection of 16 porcelain finishes. Each top is thoughtfully constructed in three durable layers and finished with a protective metal rim for long-lasting performance outdoors.
At the core is a lightweight aluminum honeycomb substrate that provides exceptional strength without added weight. This advanced structure creates a stable foundation that resists bending and warping, even in changing temperatures. The porcelain tiles are permanently bonded to the substrate using a waterproof epoxy adhesive, creating a stronger, longer-lasting bond than traditional tile methods. The surface is made with commercial-grade porcelain tile and epoxy grout, resulting in a dense, non-porous top that resists moisture, stains, scratches, and fading. Because porcelain does not absorb water, it will not crack or split in freezing conditions, and spills won't leave lasting marks. A surrounding metal rim helps protect the tile from everyday impacts, ensuring your table maintains its beauty and integrity season after season.","Our 36"" square porcelain table tops are designed to pair seamlessly with our 03 table bases and are available in a selection of 16 porcelain finishes. Each top is thoughtfully constructed in three durable layers and finished with a protective metal rim for long-lasting performance outdoors.
At the core is a lightweight aluminum honeycomb substrate that provides exceptional strength without added weight. This advanced structure creates a stable foundation that resists bending and warping, even in changing temperatures. The porcelain tiles are permanently bonded to the substrate using a waterproof epoxy adhesive, creating a stronger, longer-lasting bond than traditional tile methods. The surface is made with commercial-grade porcelain tile and epoxy grout, resulting in a dense, non-porous top that resists moisture, stains, scratches, and fading. Because porcelain does not absorb water, it will not crack or split in freezing conditions, and spills won't leave lasting marks. A surrounding metal rim helps protect the tile from everyday impacts, ensuring your table maintains its beauty and integrity season after season.",Dining,cat-dining,,,,,,,,,fixed,,"W 36"" × D 36""","{""collection"":""Table Tops"",""depth_length_in"":""36"",""width_diameter_in"":""36""}","[""o-w-lee"",""table-tops"",""made-in-usa""]",false,true,true,true,false,,297,0,true,2026-06-17 00:26:10.491388+00,2026-06-17 00:27:48.704+00,[],[],[],[],[],"[{""url"":""https://641bdd57-e650-4f10-a19f-628c07eb50b7-00-1e7i1aja8wnz9.worf.replit.dev/api/storage/objects/products/owlee-v2/Table_Tops_36_Square_Porcelain_Table_Top.jpg"",""alt_text"":null,""is_primary"":true,""display_order"":0,""image_kind"":""gallery"",""variant_id"":null}]",[]
O.W. Lee,o-w-lee,5253,Table_Tops_36_x_58_Porcelain_Table_Top,Table Tops 36 x 58 Porcelain Table Top,owlee-table-tops-table-tops-36-x-58-porcelain-table-top-table-tops-36-x-58-porcelain-table-top,"Our 36x58"" porcelain table tops are designed to pair seamlessly with 05 table bases and are available in a selection of 16 porcelain finishes. Each top is thoughtfully constructed in three durable layers and finished with a protective metal rim for long-lasting performance outdoors.
At the core is a lightweight aluminum honeycomb substrate that provides exceptional strength without added weight. This advanced structure creates a stable foundation that resists bending and warping, even in changing temperatures. The porcelain tiles are permanently bonded to the substrate using a waterproof epoxy adhesive, creating a stronger, longer-lasting bond than traditional tile methods. The surface is made with commercial-grade porcelain tile and epoxy grout, resulting in a dense, non-porous top that resists moisture, stains, scratches, and fading. Because porcelain does not absorb water, it will not crack or split in freezing conditions, and spills won't leave lasting marks. A surrounding metal rim helps protect the tile from everyday impacts, ensuring your table maintains its beauty and integrity season after season.","Our 36x58"" porcelain table tops are designed to pair seamlessly with 05 table bases and are available in a selection of 16 porcelain finishes. Each top is thoughtfully constructed in three durable layers and finished with a protective metal rim for long-lasting performance outdoors.
At the core is a lightweight aluminum honeycomb substrate that provides exceptional strength without added weight. This advanced structure creates a stable foundation that resists bending and warping, even in changing temperatures. The porcelain tiles are permanently bonded to the substrate using a waterproof epoxy adhesive, creating a stronger, longer-lasting bond than traditional tile methods. The surface is made with commercial-grade porcelain tile and epoxy grout, resulting in a dense, non-porous top that resists moisture, stains, scratches, and fading. Because porcelain does not absorb water, it will not crack or split in freezing conditions, and spills won't leave lasting marks. A surrounding metal rim helps protect the tile from everyday impacts, ensuring your table maintains its beauty and integrity season after season.",Dining,cat-dining,,,,,,,,,fixed,,"W 36"" × D 58""","{""collection"":""Table Tops"",""weight_lbs"":""92 (pkg)"",""depth_length_in"":""58"",""width_diameter_in"":""36""}","[""o-w-lee"",""table-tops"",""made-in-usa""]",false,true,true,true,false,,299,0,true,2026-06-17 00:26:10.502132+00,2026-06-17 00:27:48.714+00,[],[],[],[],[],"[{""url"":""https://641bdd57-e650-4f10-a19f-628c07eb50b7-00-1e7i1aja8wnz9.worf.replit.dev/api/storage/objects/products/owlee-v2/Table_Tops_36_x_58_Porcelain_Table_Top.jpg"",""alt_text"":null,""is_primary"":true,""display_order"":0,""image_kind"":""gallery"",""variant_id"":null}]",[]
O.W. Lee,o-w-lee,5254,Table_Tops_42_Round_Porcelain_Table_Top,Table Tops 42 Round Porcelain Table Top,owlee-table-tops-table-tops-42-round-porcelain-table-top-table-tops-42-round-porcelain-table-top,"Our 42"" round porcelain table tops are designed to pair seamlessly with 03 table bases and are available in a selection of 16 porcelain finishes. Each top is thoughtfully constructed in three durable layers and finished with a protective metal rim for long-lasting performance outdoors.
At the core is a lightweight aluminum honeycomb substrate that provides exceptional strength without added weight. This advanced structure creates a stable foundation that resists bending and warping, even in changing temperatures. The porcelain tiles are permanently bonded to the substrate using a waterproof epoxy adhesive, creating a stronger, longer-lasting bond than traditional tile methods. The surface is made with commercial-grade porcelain tile and epoxy grout, resulting in a dense, non-porous top that resists moisture, stains, scratches, and fading. Because porcelain does not absorb water, it will not crack or split in freezing conditions, and spills won't leave lasting marks. A surrounding metal rim helps protect the tile from everyday impacts, ensuring your table maintains its beauty and integrity season after season.","Our 42"" round porcelain table tops are designed to pair seamlessly with 03 table bases and are available in a selection of 16 porcelain finishes. Each top is thoughtfully constructed in three durable layers and finished with a protective metal rim for long-lasting performance outdoors.
At the core is a lightweight aluminum honeycomb substrate that provides exceptional strength without added weight. This advanced structure creates a stable foundation that resists bending and warping, even in changing temperatures. The porcelain tiles are permanently bonded to the substrate using a waterproof epoxy adhesive, creating a stronger, longer-lasting bond than traditional tile methods. The surface is made with commercial-grade porcelain tile and epoxy grout, resulting in a dense, non-porous top that resists moisture, stains, scratches, and fading. Because porcelain does not absorb water, it will not crack or split in freezing conditions, and spills won't leave lasting marks. A surrounding metal rim helps protect the tile from everyday impacts, ensuring your table maintains its beauty and integrity season after season.",Dining,cat-dining,,,,,,,,,fixed,,"W 42"" × D 42""","{""collection"":""Table Tops"",""weight_lbs"":""66 (pkg)"",""depth_length_in"":""42"",""width_diameter_in"":""42""}","[""o-w-lee"",""table-tops"",""made-in-usa""]",false,true,true,true,false,,300,0,true,2026-06-17 00:26:10.506816+00,2026-06-17 00:27:48.719+00,[],[],[],[],[],"[{""url"":""https://641bdd57-e650-4f10-a19f-628c07eb50b7-00-1e7i1aja8wnz9.worf.replit.dev/api/storage/objects/products/owlee-v2/Table_Tops_42_Round_Porcelain_Table_Top.jpg"",""alt_text"":null,""is_primary"":true,""display_order"":0,""image_kind"":""gallery"",""variant_id"":null}]",[]
O.W. Lee,o-w-lee,5255,Table_Tops_42_Square_Porcelain_Table_Top,Table Tops 42 Square Porcelain Table Top,owlee-table-tops-table-tops-42-square-porcelain-table-top-table-tops-42-square-porcelain-table-top,"Our 42"" square porcelain table tops are designed to pair seamlessly with 03 table bases and are available in a selection of 16 porcelain finishes. Each top is thoughtfully constructed in three durable layers and finished with a protective metal rim for long-lasting performance outdoors.
At the core is a lightweight aluminum honeycomb substrate that provides exceptional strength without added weight. This advanced structure creates a stable foundation that resists bending and warping, even in changing temperatures. The porcelain tiles are permanently bonded to the substrate using a waterproof epoxy adhesive, creating a stronger, longer-lasting bond than traditional tile methods. The surface is made with commercial-grade porcelain tile and epoxy grout, resulting in a dense, non-porous top that resists moisture, stains, scratches, and fading. Because porcelain does not absorb water, it will not crack or split in freezing conditions, and spills won't leave lasting marks. A surrounding metal rim helps protect the tile from everyday impacts, ensuring your table maintains its beauty and integrity season after season.","Our 42"" square porcelain table tops are designed to pair seamlessly with 03 table bases and are available in a selection of 16 porcelain finishes. Each top is thoughtfully constructed in three durable layers and finished with a protective metal rim for long-lasting performance outdoors.
At the core is a lightweight aluminum honeycomb substrate that provides exceptional strength without added weight. This advanced structure creates a stable foundation that resists bending and warping, even in changing temperatures. The porcelain tiles are permanently bonded to the substrate using a waterproof epoxy adhesive, creating a stronger, longer-lasting bond than traditional tile methods. The surface is made with commercial-grade porcelain tile and epoxy grout, resulting in a dense, non-porous top that resists moisture, stains, scratches, and fading. Because porcelain does not absorb water, it will not crack or split in freezing conditions, and spills won't leave lasting marks. A surrounding metal rim helps protect the tile from everyday impacts, ensuring your table maintains its beauty and integrity season after season.",Dining,cat-dining,,,,,,,,,fixed,,"W 42"" × D 42""","{""collection"":""Table Tops"",""weight_lbs"":""70 (pkg)"",""depth_length_in"":""42"",""width_diameter_in"":""42""}","[""o-w-lee"",""table-tops"",""made-in-usa""]",false,true,true,true,false,,301,0,true,2026-06-17 00:26:10.512222+00,2026-06-17 00:27:48.724+00,[],[],[],[],[],"[{""url"":""https://641bdd57-e650-4f10-a19f-628c07eb50b7-00-1e7i1aja8wnz9.worf.replit.dev/api/storage/objects/products/owlee-v2/Table_Tops_42_Square_Porcelain_Table_Top.jpg"",""alt_text"":null,""is_primary"":true,""display_order"":0,""image_kind"":""gallery"",""variant_id"":null}]",[]
O.W. Lee,o-w-lee,5256,Table_Tops_42_x_120_Porcelain_Table_Top,Table Tops 42 x 120 Porcelain Table Top,owlee-table-tops-table-tops-42-x-120-porcelain-table-top-table-tops-42-x-120-porcelain-table-top,"Our 42x120"" porcelain table tops are designed to pair seamlessly with our 10 table bases and are available in a selection of 16 porcelain finishes. Each top is thoughtfully constructed in three durable layers and finished with a protective metal rim for long-lasting performance outdoors.
At the core is a lightweight aluminum honeycomb substrate that provides exceptional strength without added weight. This advanced structure creates a stable foundation that resists bending and warping, even in changing temperatures. The porcelain tiles are permanently bonded to the substrate using a waterproof epoxy adhesive, creating a stronger, longer-lasting bond than traditional tile methods. The surface is made with commercial-grade porcelain tile and epoxy grout, resulting in a dense, non-porous top that resists moisture, stains, scratches, and fading. Because porcelain does not absorb water, it will not crack or split in freezing conditions, and spills won't leave lasting marks. A surrounding metal rim helps protect the tile from everyday impacts, ensuring your table maintains its beauty and integrity season after season.","Our 42x120"" porcelain table tops are designed to pair seamlessly with our 10 table bases and are available in a selection of 16 porcelain finishes. Each top is thoughtfully constructed in three durable layers and finished with a protective metal rim for long-lasting performance outdoors.
At the core is a lightweight aluminum honeycomb substrate that provides exceptional strength without added weight. This advanced structure creates a stable foundation that resists bending and warping, even in changing temperatures. The porcelain tiles are permanently bonded to the substrate using a waterproof epoxy adhesive, creating a stronger, longer-lasting bond than traditional tile methods. The surface is made with commercial-grade porcelain tile and epoxy grout, resulting in a dense, non-porous top that resists moisture, stains, scratches, and fading. Because porcelain does not absorb water, it will not crack or split in freezing conditions, and spills won't leave lasting marks. A surrounding metal rim helps protect the tile from everyday impacts, ensuring your table maintains its beauty and integrity season after season.",Dining,cat-dining,,,,,,,,,fixed,,"H 1.5"" × W 42"" × D 120""","{""height_in"":""1.5"",""collection"":""Table Tops"",""weight_lbs"":""390 (pkg)"",""depth_length_in"":""120"",""width_diameter_in"":""42""}","[""o-w-lee"",""table-tops"",""made-in-usa""]",false,true,true,true,false,,302,0,true,2026-06-17 00:26:10.519939+00,2026-06-17 00:27:48.728+00,[],[],[],[],[],"[{""url"":""https://641bdd57-e650-4f10-a19f-628c07eb50b7-00-1e7i1aja8wnz9.worf.replit.dev/api/storage/objects/products/owlee-v2/Table_Tops_42_x_120_Porcelain_Table_Top.jpg"",""alt_text"":null,""is_primary"":true,""display_order"":0,""image_kind"":""gallery"",""variant_id"":null}]",[]
O.W. Lee,o-w-lee,5257,Table_Tops_42_x_72_Porcelain_Table_Top,Table Tops 42 x 72 Porcelain Table Top,owlee-table-tops-table-tops-42-x-72-porcelain-table-top-table-tops-42-x-72-porcelain-table-top,"Our 42x72"" porcelain table tops are designed to pair seamlessly with 07 table bases and are available in a selection of 16 porcelain finishes. Each top is thoughtfully constructed in three durable layers and finished with a protective metal rim for long-lasting performance outdoors.
At the core is a lightweight aluminum honeycomb substrate that provides exceptional strength without added weight. This advanced structure creates a stable foundation that resists bending and warping, even in changing temperatures. The porcelain tiles are permanently bonded to the substrate using a waterproof epoxy adhesive, creating a stronger, longer-lasting bond than traditional tile methods. The surface is made with commercial-grade porcelain tile and epoxy grout, resulting in a dense, non-porous top that resists moisture, stains, scratches, and fading. Because porcelain does not absorb water, it will not crack or split in freezing conditions, and spills won't leave lasting marks. A surrounding metal rim helps protect the tile from everyday impacts, ensuring your table maintains its beauty and integrity season after season.","Our 42x72"" porcelain table tops are designed to pair seamlessly with 07 table bases and are available in a selection of 16 porcelain finishes. Each top is thoughtfully constructed in three durable layers and finished with a protective metal rim for long-lasting performance outdoors.
At the core is a lightweight aluminum honeycomb substrate that provides exceptional strength without added weight. This advanced structure creates a stable foundation that resists bending and warping, even in changing temperatures. The porcelain tiles are permanently bonded to the substrate using a waterproof epoxy adhesive, creating a stronger, longer-lasting bond than traditional tile methods. The surface is made with commercial-grade porcelain tile and epoxy grout, resulting in a dense, non-porous top that resists moisture, stains, scratches, and fading. Because porcelain does not absorb water, it will not crack or split in freezing conditions, and spills won't leave lasting marks. A surrounding metal rim helps protect the tile from everyday impacts, ensuring your table maintains its beauty and integrity season after season.",Dining,cat-dining,,,,,,,,,fixed,,"W 42"" × D 72""","{""collection"":""Table Tops"",""weight_lbs"":""150 (pkg)"",""depth_length_in"":""72"",""width_diameter_in"":""42""}","[""o-w-lee"",""table-tops"",""made-in-usa""]",false,true,true,true,false,,303,0,true,2026-06-17 00:26:10.561567+00,2026-06-17 00:27:48.733+00,[],[],[],[],[],"[{""url"":""https://641bdd57-e650-4f10-a19f-628c07eb50b7-00-1e7i1aja8wnz9.worf.replit.dev/api/storage/objects/products/owlee-v2/Table_Tops_42_x_72_Porcelain_Table_Top.jpg"",""alt_text"":null,""is_primary"":true,""display_order"":0,""image_kind"":""gallery"",""variant_id"":null}]",[]
O.W. Lee,o-w-lee,5259,Table_Tops_54_Round_Porcelain_Table_Top,Table Tops 54 Round Porcelain Table Top,owlee-table-tops-table-tops-54-round-porcelain-table-top-table-tops-54-round-porcelain-table-top,"Our 54"" round porcelain table tops are designed to pair seamlessly with 03 table bases and are available in a selection of 16 porcelain finishes. Each top is thoughtfully constructed in three durable layers and finished with a protective metal rim for long-lasting performance outdoors.
At the core is a lightweight aluminum honeycomb substrate that provides exceptional strength without added weight. This advanced structure creates a stable foundation that resists bending and warping, even in changing temperatures. The porcelain tiles are permanently bonded to the substrate using a waterproof epoxy adhesive, creating a stronger, longer-lasting bond than traditional tile methods. The surface is made with commercial-grade porcelain tile and epoxy grout, resulting in a dense, non-porous top that resists moisture, stains, scratches, and fading. Because porcelain does not absorb water, it will not crack or split in freezing conditions, and spills won't leave lasting marks. A surrounding metal rim helps protect the tile from everyday impacts, ensuring your table maintains its beauty and integrity season after season.","Our 54"" round porcelain table tops are designed to pair seamlessly with 03 table bases and are available in a selection of 16 porcelain finishes. Each top is thoughtfully constructed in three durable layers and finished with a protective metal rim for long-lasting performance outdoors.
At the core is a lightweight aluminum honeycomb substrate that provides exceptional strength without added weight. This advanced structure creates a stable foundation that resists bending and warping, even in changing temperatures. The porcelain tiles are permanently bonded to the substrate using a waterproof epoxy adhesive, creating a stronger, longer-lasting bond than traditional tile methods. The surface is made with commercial-grade porcelain tile and epoxy grout, resulting in a dense, non-porous top that resists moisture, stains, scratches, and fading. Because porcelain does not absorb water, it will not crack or split in freezing conditions, and spills won't leave lasting marks. A surrounding metal rim helps protect the tile from everyday impacts, ensuring your table maintains its beauty and integrity season after season.",Dining,cat-dining,,,,,,,,,fixed,,"W 54"" × D 54""","{""collection"":""Table Tops"",""weight_lbs"":""112 (pkg)"",""depth_length_in"":""54"",""width_diameter_in"":""54""}","[""o-w-lee"",""table-tops"",""made-in-usa""]",false,true,true,true,false,,305,0,true,2026-06-17 00:26:10.571843+00,2026-06-17 00:27:48.742+00,[],[],[],[],[],"[{""url"":""https://641bdd57-e650-4f10-a19f-628c07eb50b7-00-1e7i1aja8wnz9.worf.replit.dev/api/storage/objects/products/owlee-v2/Table_Tops_54_Round_Porcelain_Table_Top.jpg"",""alt_text"":null,""is_primary"":true,""display_order"":0,""image_kind"":""gallery"",""variant_id"":null}]",[]