manufacturer,manufacturer_slug,product_id,sku,name,slug,description,short_description,category,category_slug,material,material_slug,price,sale_price,frame_only_price,cost,msrp,markup_percent,pricing_mode,weight,dimensions,specs,tags,show_price_online,available_online,in_store_only,quote_only,featured,featured_at,display_order,low_stock_threshold,is_active,created_at,updated_at,variants,fabric_options,fabric_pools,finish_options,finish_pools,images,attributes
Summerset,summerset,2906,ARABS,Ariana Armless Barstool,ariana-armless-barstool-sm,"Description ARIANA ARMLESS BARSTOOL Dimensions & Weight Product Dimension 50.4''x26.6''x20.9'' Arm Height Seat Height 29"" Shipping Dimension 40'' x22'' x26'' Net Weight 46.2 lbs Gross Weight 59.4 lbs QTY/CTN 2 Specifications Color Black Frame Type Cast Aluminum Fully Welded Cushion Purchase Separately Matching Cover C11; Warranty Frames: 10 years; Cushion 5 years California's Proposition 65 Warning For California Residents Additional Documents

<ul>
  <li>Color: Black</li>
  <li>Frame Type: Cast Aluminum Fully Welded</li>
  <li>Matching Cover: C11;</li>
  <li>Warranty: Frames: 10 years; Cushion 5 years</li>
</ul>","Description ARIANA ARMLESS BARSTOOL Dimensions & Weight Product Dimension 50.4''x26.6''x20.9'' Arm Height Seat Height 29"" Shipping Dimension 40'' x22'' x26'' Net Weight 46.2 lbs Gross Weight 59.4 lbs QTY/CTN 2 Specifications Color Black Frame Type Cast Aluminum Fully Welded Cushion Purchase Separately Matching Cover C11; Warranty Frames: 10 years; Cushion 5 years California's Proposition 65 Warning For California Residents Additional Documents",Bar,cat-bar,Aluminum,aluminum,,,,,,,fixed,,50.4''x26.6''x20.9'',"{""Color"":""Black"",""Cushion"":""Purchase Separately"",""Frame Type"":""Cast Aluminum Fully Welded"",""Net Weight"":""46.2 lbs"",""Qty/Carton"":""2"",""Gross Weight"":""59.4 lbs"",""Shipping Dimension"":""40''""}","[""2_pack"",""Ariana"",""Bar"",""Stocking""]",false,true,false,true,false,,0,0,true,2026-05-30 03:15:45.087961+00,2026-06-09 22:52:37.515+00,[],[],[],[],[],"[{""url"":""https://641bdd57-e650-4f10-a19f-628c07eb50b7-00-1e7i1aja8wnz9.worf.replit.dev/api/storage/objects/products/summerset/ARABS.jpg"",""alt_text"":""Ariana Armless Barstool"",""is_primary"":true,""display_order"":0,""image_kind"":""gallery"",""variant_id"":null},{""url"":""https://641bdd57-e650-4f10-a19f-628c07eb50b7-00-1e7i1aja8wnz9.worf.replit.dev/api/storage/objects/products/summerset/ARABS_1.jpg"",""alt_text"":""Ariana Armless Barstool"",""is_primary"":false,""display_order"":1,""image_kind"":""gallery"",""variant_id"":null},{""url"":""https://641bdd57-e650-4f10-a19f-628c07eb50b7-00-1e7i1aja8wnz9.worf.replit.dev/api/storage/objects/products/summerset/ARABS_2.jpg"",""alt_text"":""Ariana Armless Barstool"",""is_primary"":false,""display_order"":2,""image_kind"":""gallery"",""variant_id"":null},{""url"":""https://641bdd57-e650-4f10-a19f-628c07eb50b7-00-1e7i1aja8wnz9.worf.replit.dev/api/storage/objects/products/summerset/ARABS_3.jpg"",""alt_text"":""Ariana Armless Barstool"",""is_primary"":false,""display_order"":3,""image_kind"":""gallery"",""variant_id"":null},{""url"":""https://641bdd57-e650-4f10-a19f-628c07eb50b7-00-1e7i1aja8wnz9.worf.replit.dev/api/storage/objects/products/summerset/ARABS_4.jpg"",""alt_text"":""Ariana Armless Barstool"",""is_primary"":false,""display_order"":4,""image_kind"":""gallery"",""variant_id"":null},{""url"":""https://641bdd57-e650-4f10-a19f-628c07eb50b7-00-1e7i1aja8wnz9.worf.replit.dev/api/storage/objects/products/summerset/ARABS_5.jpg"",""alt_text"":""Ariana Armless Barstool"",""is_primary"":false,""display_order"":5,""image_kind"":""gallery"",""variant_id"":null},{""url"":""https://641bdd57-e650-4f10-a19f-628c07eb50b7-00-1e7i1aja8wnz9.worf.replit.dev/api/storage/objects/products/summerset/ARABS_6.jpg"",""alt_text"":""Ariana Armless Barstool"",""is_primary"":false,""display_order"":6,""image_kind"":""gallery"",""variant_id"":null}]",[]
Summerset,summerset,2907,ARACB,Ariana Armless Counter Barstool,ariana-armless-counter-barstool-sm,"Description ARIANA ARMLESS COUNTER BARSTOOL Dimensions & Weight Product Dimension 46.9''x26.6''x20.9'' Arm Height Seat Height 26"" Shipping Dimension 36'' x22'' x26'' Net Weight 39.16 lbs Gross Weight 46.2 lbs QTY/CTN 2 Specifications Color Black Frame Type Cast Aluminum Fully Welded Cushion Purchase Separately Matching Cover C11; Warranty Frames: 10 years; Cushion 5 years California's Proposition 65 Warning For California Residents Additional Documents

<ul>
  <li>Color: Black</li>
  <li>Frame Type: Cast Aluminum Fully Welded</li>
  <li>Matching Cover: C11;</li>
  <li>Warranty: Frames: 10 years; Cushion 5 years</li>
</ul>","Description ARIANA ARMLESS COUNTER BARSTOOL Dimensions & Weight Product Dimension 46.9''x26.6''x20.9'' Arm Height Seat Height 26"" Shipping Dimension 36'' x22'' x26'' Net Weight 39.16 lbs Gross Weight 46.2 lbs QTY/CTN 2 Specifications Color Black Frame Type Cast Aluminum Fully Welded Cushion Purchase Separately Matching Cover C11; Warranty Frames: 10 years; Cushion 5 years California's Proposition 65 Warning For California Residents Additional Documents",Bar,cat-bar,Aluminum,aluminum,,,,,,,fixed,,46.9''x26.6''x20.9'',"{""Color"":""Black"",""Cushion"":""Purchase Separately"",""Frame Type"":""Cast Aluminum Fully Welded"",""Net Weight"":""39.16 lbs"",""Qty/Carton"":""2"",""Gross Weight"":""46.2 lbs"",""Shipping Dimension"":""36''""}","[""2_pack"",""Ariana"",""Bar"",""Stocking""]",false,true,false,true,false,,0,0,true,2026-05-30 03:15:46.184664+00,2026-06-09 22:52:37.515+00,[],[],[],[],[],"[{""url"":""https://641bdd57-e650-4f10-a19f-628c07eb50b7-00-1e7i1aja8wnz9.worf.replit.dev/api/storage/objects/products/summerset/ARACB.jpg"",""alt_text"":""Ariana Armless Counter Barstool"",""is_primary"":true,""display_order"":0,""image_kind"":""gallery"",""variant_id"":null},{""url"":""https://641bdd57-e650-4f10-a19f-628c07eb50b7-00-1e7i1aja8wnz9.worf.replit.dev/api/storage/objects/products/summerset/ARACB_1.jpg"",""alt_text"":""Ariana Armless Counter Barstool"",""is_primary"":false,""display_order"":1,""image_kind"":""gallery"",""variant_id"":null},{""url"":""https://641bdd57-e650-4f10-a19f-628c07eb50b7-00-1e7i1aja8wnz9.worf.replit.dev/api/storage/objects/products/summerset/ARACB_2.jpg"",""alt_text"":""Ariana Armless Counter Barstool"",""is_primary"":false,""display_order"":2,""image_kind"":""gallery"",""variant_id"":null},{""url"":""https://641bdd57-e650-4f10-a19f-628c07eb50b7-00-1e7i1aja8wnz9.worf.replit.dev/api/storage/objects/products/summerset/ARACB_3.jpg"",""alt_text"":""Ariana Armless Counter Barstool"",""is_primary"":false,""display_order"":3,""image_kind"":""gallery"",""variant_id"":null},{""url"":""https://641bdd57-e650-4f10-a19f-628c07eb50b7-00-1e7i1aja8wnz9.worf.replit.dev/api/storage/objects/products/summerset/ARACB_4.jpg"",""alt_text"":""Ariana Armless Counter Barstool"",""is_primary"":false,""display_order"":4,""image_kind"":""gallery"",""variant_id"":null},{""url"":""https://641bdd57-e650-4f10-a19f-628c07eb50b7-00-1e7i1aja8wnz9.worf.replit.dev/api/storage/objects/products/summerset/ARACB_5.jpg"",""alt_text"":""Ariana Armless Counter Barstool"",""is_primary"":false,""display_order"":5,""image_kind"":""gallery"",""variant_id"":null}]",[]
Summerset,summerset,2909,ARADC,Ariana Armless Dining Chair,ariana-armless-dining-chair-sm,"Description ARIANA ARMLESS DINING CHAIR Dimensions & Weight Product Dimension 37.6''x26.6''x20.3'' Arm Height Seat Height 16"" Shipping Dimension 43'' x21'' x33'' Net Weight 47.3 lbs Gross Weight 58.3 lbs QTY/CTN 4 Specifications Color Black Frame Type Cast Aluminum Fully Welded Cushion Purchase Separately Matching Cover C11; Cover 4 dining chairs stacked up. Warranty Frames: 10 years; Cushion 5 years California's Proposition 65 Warning For California Residents Additional Documents

<ul>
  <li>Color: Black</li>
  <li>Frame Type: Cast Aluminum Fully Welded</li>
  <li>Matching Cover: C11; Cover 4 dining chairs stacked up.</li>
  <li>Warranty: Frames: 10 years; Cushion 5 years</li>
</ul>","Description ARIANA ARMLESS DINING CHAIR Dimensions & Weight Product Dimension 37.6''x26.6''x20.3'' Arm Height Seat Height 16"" Shipping Dimension 43'' x21'' x33'' Net Weight 47.3 lbs Gross Weight 58.3 lbs QTY/CTN 4 Specifications Color Black Frame Type Cast Aluminum Fully Welded Cushion Purchase Separately Matching Cover C11; Cover 4 dining chairs stacked up. Warranty Frames: 10 years; Cushion 5 years California's Proposition 65 Warning For California Residents Additional Documents",Dining,cat-dining,Aluminum,aluminum,,,,,,,fixed,,37.6''x26.6''x20.3'',"{""Color"":""Black"",""Cushion"":""Purchase Separately"",""Frame Type"":""Cast Aluminum Fully Welded"",""Net Weight"":""47.3 lbs"",""Qty/Carton"":""4"",""Gross Weight"":""58.3 lbs"",""Shipping Dimension"":""43''""}","[""4_pack"",""Ariana"",""Dining"",""Stocking""]",false,true,false,true,false,,0,0,true,2026-05-30 03:15:48.0374+00,2026-06-09 22:52:37.617+00,[],[],[],[],[],"[{""url"":""https://641bdd57-e650-4f10-a19f-628c07eb50b7-00-1e7i1aja8wnz9.worf.replit.dev/api/storage/objects/products/summerset/ARADC.jpg"",""alt_text"":""Ariana Armless Dining Chair"",""is_primary"":true,""display_order"":0,""image_kind"":""gallery"",""variant_id"":null},{""url"":""https://641bdd57-e650-4f10-a19f-628c07eb50b7-00-1e7i1aja8wnz9.worf.replit.dev/api/storage/objects/products/summerset/ARADC_1.jpg"",""alt_text"":""Ariana Armless Dining Chair"",""is_primary"":false,""display_order"":1,""image_kind"":""gallery"",""variant_id"":null},{""url"":""https://641bdd57-e650-4f10-a19f-628c07eb50b7-00-1e7i1aja8wnz9.worf.replit.dev/api/storage/objects/products/summerset/ARADC_2.jpg"",""alt_text"":""Ariana Armless Dining Chair"",""is_primary"":false,""display_order"":2,""image_kind"":""gallery"",""variant_id"":null},{""url"":""https://641bdd57-e650-4f10-a19f-628c07eb50b7-00-1e7i1aja8wnz9.worf.replit.dev/api/storage/objects/products/summerset/ARADC_3.jpg"",""alt_text"":""Ariana Armless Dining Chair"",""is_primary"":false,""display_order"":3,""image_kind"":""gallery"",""variant_id"":null},{""url"":""https://641bdd57-e650-4f10-a19f-628c07eb50b7-00-1e7i1aja8wnz9.worf.replit.dev/api/storage/objects/products/summerset/ARADC_4.jpg"",""alt_text"":""Ariana Armless Dining Chair"",""is_primary"":false,""display_order"":4,""image_kind"":""gallery"",""variant_id"":null}]",[]
Summerset,summerset,2903,ARBLSGLDR,Ariana Bench Loveseat Glider (Container Order Only),ariana-bench-loveseat-glider-container-order-only-sm,"Description This product is for Container Direct order only. Please check our Container Direct Order Guidelines for ordering instruction. However, if this product is Not showing ""out of stock"", it means we still have some leftover quantity in our California warehouse. In which case, you can order up to the available quantity shown. In addition, these leftover items are discounted 20% to their regular prices. Dimensions & Weight Product Dimension 37.6''x28.5''x44.1'' Arm Height 26"" Seat Height 16","Description This product is for Container Direct order only. Please check our Container Direct Order Guidelines for ordering instruction. However, if this product is Not showing ""out of stock"", it means we still have some leftover quantity in our California warehouse. In which case, you can order up to the available quantity shown. In addition, these leftover items are discounted 20% to their regular prices. Dimensions & Weight Product Dimension 37.6''x28.5''x44.1'' Arm Height 26"" Seat Height 16",Deep Seating,cat-deep-seating,,,,,,,,,fixed,,37.6''x28.5''x44.1'',"{""Color"":""Black"",""Cushion"":""Purchase Separately"",""Frame Type"":""Cast Aluminum Fully Welded"",""Net Weight"":""66 lbs"",""Qty/Carton"":""2"",""Gross Weight"":""95.48 lbs"",""Shipping Dimension"":""42''""}","[""2_pack"",""Ariana""]",false,true,false,true,false,,0,0,true,2026-05-30 03:15:41.743764+00,2026-06-09 22:52:37.631+00,[],[],[],[],[],"[{""url"":""https://641bdd57-e650-4f10-a19f-628c07eb50b7-00-1e7i1aja8wnz9.worf.replit.dev/api/storage/objects/products/summerset/ARBLSGLDR.jpg"",""alt_text"":""Ariana Bench Loveseat Glider (Container Order Only)"",""is_primary"":true,""display_order"":0,""image_kind"":""gallery"",""variant_id"":null}]",[]
Summerset,summerset,2904,ARBS,Ariana Barstool,ariana-barstool-sm,"Description ARIANA BARSTOOL Dimensions & Weight Product Dimension 50.4''x26.6''x25.6'' Arm Height 39"" Seat Height 29"" Shipping Dimension 39'' x26'' x26'' Net Weight 50.16 lbs Gross Weight 58.3 lbs QTY/CTN 2 Specifications Color Black Frame Type Cast Aluminum Fully Welded Cushion Purchase Separately Matching Cover C11; Warranty Frames: 10 years; Cushion 5 years California's Proposition 65 Warning For California Residents Additional Documents

<ul>
  <li>Color: Black</li>
  <li>Frame Type: Cast Aluminum Fully Welded</li>
  <li>Matching Cover: C11;</li>
  <li>Warranty: Frames: 10 years; Cushion 5 years</li>
</ul>","Description ARIANA BARSTOOL Dimensions & Weight Product Dimension 50.4''x26.6''x25.6'' Arm Height 39"" Seat Height 29"" Shipping Dimension 39'' x26'' x26'' Net Weight 50.16 lbs Gross Weight 58.3 lbs QTY/CTN 2 Specifications Color Black Frame Type Cast Aluminum Fully Welded Cushion Purchase Separately Matching Cover C11; Warranty Frames: 10 years; Cushion 5 years California's Proposition 65 Warning For California Residents Additional Documents",Bar,cat-bar,Aluminum,aluminum,,,,,,,fixed,,50.4''x26.6''x25.6'',"{""Color"":""Black"",""Cushion"":""Purchase Separately"",""Frame Type"":""Cast Aluminum Fully Welded"",""Net Weight"":""50.16 lbs"",""Qty/Carton"":""2"",""Gross Weight"":""58.3 lbs"",""Shipping Dimension"":""39''""}","[""2_pack"",""Ariana"",""Bar"",""Stocking""]",false,true,false,true,false,,0,0,true,2026-05-30 03:15:43.232479+00,2026-06-09 22:52:37.515+00,[],[],[],[],[],"[{""url"":""https://641bdd57-e650-4f10-a19f-628c07eb50b7-00-1e7i1aja8wnz9.worf.replit.dev/api/storage/objects/products/summerset/ARBS.jpg"",""alt_text"":""Ariana Barstool"",""is_primary"":true,""display_order"":0,""image_kind"":""gallery"",""variant_id"":null},{""url"":""https://641bdd57-e650-4f10-a19f-628c07eb50b7-00-1e7i1aja8wnz9.worf.replit.dev/api/storage/objects/products/summerset/ARBS_1.jpg"",""alt_text"":""Ariana Barstool"",""is_primary"":false,""display_order"":1,""image_kind"":""gallery"",""variant_id"":null},{""url"":""https://641bdd57-e650-4f10-a19f-628c07eb50b7-00-1e7i1aja8wnz9.worf.replit.dev/api/storage/objects/products/summerset/ARBS_2.jpg"",""alt_text"":""Ariana Barstool"",""is_primary"":false,""display_order"":2,""image_kind"":""gallery"",""variant_id"":null},{""url"":""https://641bdd57-e650-4f10-a19f-628c07eb50b7-00-1e7i1aja8wnz9.worf.replit.dev/api/storage/objects/products/summerset/ARBS_3.jpg"",""alt_text"":""Ariana Barstool"",""is_primary"":false,""display_order"":3,""image_kind"":""gallery"",""variant_id"":null},{""url"":""https://641bdd57-e650-4f10-a19f-628c07eb50b7-00-1e7i1aja8wnz9.worf.replit.dev/api/storage/objects/products/summerset/ARBS_4.jpg"",""alt_text"":""Ariana Barstool"",""is_primary"":false,""display_order"":4,""image_kind"":""gallery"",""variant_id"":null},{""url"":""https://641bdd57-e650-4f10-a19f-628c07eb50b7-00-1e7i1aja8wnz9.worf.replit.dev/api/storage/objects/products/summerset/ARBS_5.jpg"",""alt_text"":""Ariana Barstool"",""is_primary"":false,""display_order"":5,""image_kind"":""gallery"",""variant_id"":null},{""url"":""https://641bdd57-e650-4f10-a19f-628c07eb50b7-00-1e7i1aja8wnz9.worf.replit.dev/api/storage/objects/products/summerset/ARBS_6.jpg"",""alt_text"":""Ariana Barstool"",""is_primary"":false,""display_order"":6,""image_kind"":""gallery"",""variant_id"":null},{""url"":""https://641bdd57-e650-4f10-a19f-628c07eb50b7-00-1e7i1aja8wnz9.worf.replit.dev/api/storage/objects/products/summerset/ARBS_7.jpg"",""alt_text"":""Ariana Barstool"",""is_primary"":false,""display_order"":7,""image_kind"":""gallery"",""variant_id"":null},{""url"":""https://641bdd57-e650-4f10-a19f-628c07eb50b7-00-1e7i1aja8wnz9.worf.replit.dev/api/storage/objects/products/summerset/ARBS_8.jpg"",""alt_text"":""Ariana Barstool"",""is_primary"":false,""display_order"":8,""image_kind"":""gallery"",""variant_id"":null}]",[]
Summerset,summerset,2905,ARCB,Ariana Counter Barstool,ariana-counter-barstool-sm,"Description ARIANA COUNTER BARSTOOL Dimensions & Weight Product Dimension 46.9''x26.6''x25.6'' Arm Height 36"" Seat Height 26"" Shipping Dimension 36'' x26'' x26'' Net Weight 50.6 lbs Gross Weight 66 lbs QTY/CTN 2 Specifications Color Black Frame Type Cast Aluminum Fully Welded Cushion Purchase Separately Matching Cover C11; Warranty Frames: 10 years; Cushion 5 years California's Proposition 65 Warning For California Residents Additional Documents

<ul>
  <li>Color: Black</li>
  <li>Frame Type: Cast Aluminum Fully Welded</li>
  <li>Matching Cover: C11;</li>
  <li>Warranty: Frames: 10 years; Cushion 5 years</li>
</ul>","Description ARIANA COUNTER BARSTOOL Dimensions & Weight Product Dimension 46.9''x26.6''x25.6'' Arm Height 36"" Seat Height 26"" Shipping Dimension 36'' x26'' x26'' Net Weight 50.6 lbs Gross Weight 66 lbs QTY/CTN 2 Specifications Color Black Frame Type Cast Aluminum Fully Welded Cushion Purchase Separately Matching Cover C11; Warranty Frames: 10 years; Cushion 5 years California's Proposition 65 Warning For California Residents Additional Documents",Bar,cat-bar,Aluminum,aluminum,,,,,,,fixed,,46.9''x26.6''x25.6'',"{""Color"":""Black"",""Cushion"":""Purchase Separately"",""Frame Type"":""Cast Aluminum Fully Welded"",""Net Weight"":""50.6 lbs"",""Qty/Carton"":""2"",""Gross Weight"":""66 lbs"",""Shipping Dimension"":""36''""}","[""2_pack"",""Ariana"",""Bar"",""Stocking""]",false,true,false,true,false,,0,0,true,2026-05-30 03:15:43.966387+00,2026-06-09 22:52:37.515+00,[],[],[],[],[],"[{""url"":""https://641bdd57-e650-4f10-a19f-628c07eb50b7-00-1e7i1aja8wnz9.worf.replit.dev/api/storage/objects/products/summerset/ARCB.jpg"",""alt_text"":""Ariana Counter Barstool"",""is_primary"":true,""display_order"":0,""image_kind"":""gallery"",""variant_id"":null},{""url"":""https://641bdd57-e650-4f10-a19f-628c07eb50b7-00-1e7i1aja8wnz9.worf.replit.dev/api/storage/objects/products/summerset/ARCB_1.jpg"",""alt_text"":""Ariana Counter Barstool"",""is_primary"":false,""display_order"":1,""image_kind"":""gallery"",""variant_id"":null},{""url"":""https://641bdd57-e650-4f10-a19f-628c07eb50b7-00-1e7i1aja8wnz9.worf.replit.dev/api/storage/objects/products/summerset/ARCB_2.jpg"",""alt_text"":""Ariana Counter Barstool"",""is_primary"":false,""display_order"":2,""image_kind"":""gallery"",""variant_id"":null},{""url"":""https://641bdd57-e650-4f10-a19f-628c07eb50b7-00-1e7i1aja8wnz9.worf.replit.dev/api/storage/objects/products/summerset/ARCB_3.jpg"",""alt_text"":""Ariana Counter Barstool"",""is_primary"":false,""display_order"":3,""image_kind"":""gallery"",""variant_id"":null}]",[]
Summerset,summerset,2899,ARCCHB,Ariana Club Chair High Back,ariana-club-chair-high-back-sm,"Description ARIANA CLUB CHAIR HIGH BACK Dimensions & Weight Product Dimension 38''x32.7''x32.7'' Arm Height 24"" Seat Height 13"" Shipping Dimension 40.2""x33.5""x42"" Net Weight 39 lbs Gross Weight 57 lbs QTY/CTN 2 Specifications Color Black Frame Type Cast Aluminum Fully Welded Cushion Purchase Separately Matching Cover C21H; Warranty Frames: 10 years; Cushion 5 years California's Proposition 65 Warning For California Residents Additional Documents

<ul>
  <li>Color: Black</li>
  <li>Frame Type: Cast Aluminum Fully Welded</li>
  <li>Matching Cover: C21H;</li>
  <li>Warranty: Frames: 10 years; Cushion 5 years</li>
</ul>","Description ARIANA CLUB CHAIR HIGH BACK Dimensions & Weight Product Dimension 38''x32.7''x32.7'' Arm Height 24"" Seat Height 13"" Shipping Dimension 40.2""x33.5""x42"" Net Weight 39 lbs Gross Weight 57 lbs QTY/CTN 2 Specifications Color Black Frame Type Cast Aluminum Fully Welded Cushion Purchase Separately Matching Cover C21H; Warranty Frames: 10 years; Cushion 5 years California's Proposition 65 Warning For California Residents Additional Documents",Deep Seating,cat-deep-seating,Aluminum,aluminum,,,,,,,fixed,,38''x32.7''x32.7'',"{""Color"":""Black"",""Cushion"":""Purchase Separately"",""Frame Type"":""Cast Aluminum Fully Welded"",""Net Weight"":""39 lbs"",""Qty/Carton"":""2"",""Gross Weight"":""57 lbs"",""Shipping Dimension"":""40.2\""x33.5\""x42\""""}","[""2_pack"",""Ariana"",""Deep Seat"",""Stocking""]",false,true,false,true,false,,0,0,true,2026-05-30 03:15:41.001517+00,2026-06-09 22:52:37.631+00,[],[],[],[],[],"[{""url"":""https://641bdd57-e650-4f10-a19f-628c07eb50b7-00-1e7i1aja8wnz9.worf.replit.dev/api/storage/objects/products/summerset/ARCCHB.jpg"",""alt_text"":""Ariana Club Chair High Back"",""is_primary"":true,""display_order"":0,""image_kind"":""gallery"",""variant_id"":null},{""url"":""https://641bdd57-e650-4f10-a19f-628c07eb50b7-00-1e7i1aja8wnz9.worf.replit.dev/api/storage/objects/products/summerset/ARCCHB_1.jpg"",""alt_text"":""Ariana Club Chair High Back"",""is_primary"":false,""display_order"":1,""image_kind"":""gallery"",""variant_id"":null},{""url"":""https://641bdd57-e650-4f10-a19f-628c07eb50b7-00-1e7i1aja8wnz9.worf.replit.dev/api/storage/objects/products/summerset/ARCCHB_2.jpg"",""alt_text"":""Ariana Club Chair High Back"",""is_primary"":false,""display_order"":2,""image_kind"":""gallery"",""variant_id"":null},{""url"":""https://641bdd57-e650-4f10-a19f-628c07eb50b7-00-1e7i1aja8wnz9.worf.replit.dev/api/storage/objects/products/summerset/ARCCHB_3.jpg"",""alt_text"":""Ariana Club Chair High Back"",""is_primary"":false,""display_order"":3,""image_kind"":""gallery"",""variant_id"":null},{""url"":""https://641bdd57-e650-4f10-a19f-628c07eb50b7-00-1e7i1aja8wnz9.worf.replit.dev/api/storage/objects/products/summerset/ARCCHB_4.jpg"",""alt_text"":""Ariana Club Chair High Back"",""is_primary"":false,""display_order"":4,""image_kind"":""gallery"",""variant_id"":null}]",[]
Summerset,summerset,2896,ARCCSRHB,Ariana Club Chair Swivel Rocker High Back,ariana-club-chair-swivel-rocker-high-back-sm,"Description ARIANA CLUB CHAIR SWIVEL ROCKER HIGH BACK Dimensions & Weight Product Dimension 33.5''x32.7''x32.7'' Arm Height 24"" Seat Height 13"" Shipping Dimension 27'' x33'' x45'' Net Weight 53.9 lbs Gross Weight 69.3 lbs QTY/CTN 2 Specifications Color Black Frame Type Cast Aluminum Fully Welded Cushion Purchase Separately Matching Cover C21H; Warranty Frames: 10 years; Cushion 5 years California's Proposition 65 Warning For California Residents Additional Documents

<ul>
  <li>Color: Black</li>
  <li>Frame Type: Cast Aluminum Fully Welded</li>
  <li>Matching Cover: C21H;</li>
  <li>Warranty: Frames: 10 years; Cushion 5 years</li>
</ul>","Description ARIANA CLUB CHAIR SWIVEL ROCKER HIGH BACK Dimensions & Weight Product Dimension 33.5''x32.7''x32.7'' Arm Height 24"" Seat Height 13"" Shipping Dimension 27'' x33'' x45'' Net Weight 53.9 lbs Gross Weight 69.3 lbs QTY/CTN 2 Specifications Color Black Frame Type Cast Aluminum Fully Welded Cushion Purchase Separately Matching Cover C21H; Warranty Frames: 10 years; Cushion 5 years California's Proposition 65 Warning For California Residents Additional Documents",Deep Seating,cat-deep-seating,Aluminum,aluminum,,,,,,,fixed,,33.5''x32.7''x32.7'',"{""Color"":""Black"",""Cushion"":""Purchase Separately"",""Frame Type"":""Cast Aluminum Fully Welded"",""Net Weight"":""53.9 lbs"",""Qty/Carton"":""2"",""Gross Weight"":""69.3 lbs"",""Shipping Dimension"":""27''""}","[""2_pack"",""Ariana"",""Deep Seat"",""Stocking""]",false,true,false,true,false,,0,0,true,2026-05-30 03:15:39.478287+00,2026-06-09 22:52:37.631+00,[],[],[],[],[],"[{""url"":""https://641bdd57-e650-4f10-a19f-628c07eb50b7-00-1e7i1aja8wnz9.worf.replit.dev/api/storage/objects/products/summerset/ARCCSRHB.jpg"",""alt_text"":""Ariana Club Chair Swivel Rocker High Back"",""is_primary"":true,""display_order"":0,""image_kind"":""gallery"",""variant_id"":null},{""url"":""https://641bdd57-e650-4f10-a19f-628c07eb50b7-00-1e7i1aja8wnz9.worf.replit.dev/api/storage/objects/products/summerset/ARCCSRHB_1.jpg"",""alt_text"":""Ariana Club Chair Swivel Rocker High Back"",""is_primary"":false,""display_order"":1,""image_kind"":""gallery"",""variant_id"":null}]",[]
Summerset,summerset,2902,ARCL,Ariana Chaise Lounger,ariana-chaise-lounger-sm,"Description ARIANA CHAISE LOUNGER Dimensions & Weight Product Dimension 39.4''x83.9''x31.5'' Arm Height 20.5"" Seat Height 13"" Shipping Dimension 20'' x31'' x74'' Net Weight 63.8 lbs Gross Weight 83.6 lbs QTY/CTN 2 Specifications Color Black Frame Type Cast Aluminum Fully Welded Cushion Purchase Separately Matching Cover OL73; Warranty Frames: 10 years; Cushion 5 years California's Proposition 65 Warning For California Residents Additional Documents

<ul>
  <li>Color: Black</li>
  <li>Frame Type: Cast Aluminum Fully Welded</li>
  <li>Matching Cover: OL73;</li>
  <li>Warranty: Frames: 10 years; Cushion 5 years</li>
</ul>","Description ARIANA CHAISE LOUNGER Dimensions & Weight Product Dimension 39.4''x83.9''x31.5'' Arm Height 20.5"" Seat Height 13"" Shipping Dimension 20'' x31'' x74'' Net Weight 63.8 lbs Gross Weight 83.6 lbs QTY/CTN 2 Specifications Color Black Frame Type Cast Aluminum Fully Welded Cushion Purchase Separately Matching Cover OL73; Warranty Frames: 10 years; Cushion 5 years California's Proposition 65 Warning For California Residents Additional Documents",Chaise Lounges,cat-chaise-lounges,Aluminum,aluminum,,,,,,,fixed,,39.4''x83.9''x31.5'',"{""Color"":""Black"",""Cushion"":""Purchase Separately"",""Frame Type"":""Cast Aluminum Fully Welded"",""Net Weight"":""63.8 lbs"",""Qty/Carton"":""2"",""Gross Weight"":""83.6 lbs"",""Shipping Dimension"":""20''""}","[""2_pack"",""Ariana"",""Chaise"",""Stocking""]",false,true,false,true,false,,0,0,true,2026-05-30 03:15:41.535447+00,2026-06-09 22:52:37.61+00,[],[],[],[],[],"[{""url"":""https://641bdd57-e650-4f10-a19f-628c07eb50b7-00-1e7i1aja8wnz9.worf.replit.dev/api/storage/objects/products/summerset/ARCL.jpg"",""alt_text"":""Ariana Chaise Lounger"",""is_primary"":true,""display_order"":0,""image_kind"":""gallery"",""variant_id"":null}]",[]
Summerset,summerset,2900,ARCR,Ariana Club Recliner,ariana-club-recliner-sm,"Description Ariana Club Recliner Dimensions & Weight Product Dimension 39.4''x51.2''x28'' Arm Height 22"" Seat Height 12.5"" Shipping Dimension 23'' x31'' x42'' Net Weight 48.4 lbs Gross Weight 72.16 lbs QTY/CTN 2 Specifications Color Black Frame Type Cast Aluminum Fully Welded Cushion Purchase Separately Matching Cover C21; Warranty Frames: 10 years; Cushion 5 years California's Proposition 65 Warning For California Residents Additional Documents

<ul>
  <li>Color: Black</li>
  <li>Frame Type: Cast Aluminum Fully Welded</li>
  <li>Matching Cover: C21;</li>
  <li>Warranty: Frames: 10 years; Cushion 5 years</li>
</ul>","Description Ariana Club Recliner Dimensions & Weight Product Dimension 39.4''x51.2''x28'' Arm Height 22"" Seat Height 12.5"" Shipping Dimension 23'' x31'' x42'' Net Weight 48.4 lbs Gross Weight 72.16 lbs QTY/CTN 2 Specifications Color Black Frame Type Cast Aluminum Fully Welded Cushion Purchase Separately Matching Cover C21; Warranty Frames: 10 years; Cushion 5 years California's Proposition 65 Warning For California Residents Additional Documents",Deep Seating,cat-deep-seating,Aluminum,aluminum,,,,,,,fixed,,39.4''x51.2''x28'',"{""Color"":""Black"",""Cushion"":""Purchase Separately"",""Frame Type"":""Cast Aluminum Fully Welded"",""Net Weight"":""48.4 lbs"",""Qty/Carton"":""2"",""Gross Weight"":""72.16 lbs"",""Shipping Dimension"":""23''""}","[""2_pack"",""Ariana"",""Deep Seat""]",false,true,false,true,false,,0,0,true,2026-05-30 03:15:41.183514+00,2026-06-09 22:52:37.631+00,[],[],[],[],[],"[{""url"":""https://641bdd57-e650-4f10-a19f-628c07eb50b7-00-1e7i1aja8wnz9.worf.replit.dev/api/storage/objects/products/summerset/ARCR.jpg"",""alt_text"":""Ariana Club Recliner"",""is_primary"":true,""display_order"":0,""image_kind"":""gallery"",""variant_id"":null}]",[]
Summerset,summerset,2895,ARCSHB,Ariana  Curved Sofa High Back,ariana-curved-sofa-high-back-sm,"Description ARIANA CURVED SOFA HIGH BACK Dimensions & Weight Product Dimension 39""x39""x31"" Arm Height 24"" Seat Height 12"" Shipping Dimension 0 Net Weight 30 lbs Gross Weight 45 lbs QTY/CTN 1 Specifications Color Black Frame Type Cast Aluminum Fully Welded Cushion Purchase Separately Matching Cover C302; Warranty Frames: 10 years; Cushion 5 years California's Proposition 65 Warning For California Residents Additional Documents

<ul>
  <li>Color: Black</li>
  <li>Frame Type: Cast Aluminum Fully Welded</li>
  <li>Matching Cover: C302;</li>
  <li>Warranty: Frames: 10 years; Cushion 5 years</li>
</ul>","Description ARIANA CURVED SOFA HIGH BACK Dimensions & Weight Product Dimension 39""x39""x31"" Arm Height 24"" Seat Height 12"" Shipping Dimension 0 Net Weight 30 lbs Gross Weight 45 lbs QTY/CTN 1 Specifications Color Black Frame Type Cast Aluminum Fully Welded Cushion Purchase Separately Matching Cover C302; Warranty Frames: 10 years; Cushion 5 years California's Proposition 65 Warning For California Residents Additional Documents",Deep Seating,cat-deep-seating,Aluminum,aluminum,,,,,,,fixed,,"39""x39""x31""","{""Color"":""Black"",""Cushion"":""Purchase Separately"",""Frame Type"":""Cast Aluminum Fully Welded"",""Net Weight"":""30 lbs"",""Qty/Carton"":""1"",""Gross Weight"":""45 lbs"",""Shipping Dimension"":""0""}","[""2_pack"",""Ariana"",""Deep Seat"",""Stocking""]",false,true,false,true,false,,0,0,true,2026-05-30 03:15:39.1047+00,2026-06-09 22:52:37.631+00,[],[],[],[],[],"[{""url"":""https://641bdd57-e650-4f10-a19f-628c07eb50b7-00-1e7i1aja8wnz9.worf.replit.dev/api/storage/objects/products/summerset/ARCSHB.jpg"",""alt_text"":""Ariana  Curved Sofa High Back"",""is_primary"":true,""display_order"":0,""image_kind"":""gallery"",""variant_id"":null}]",[]
Summerset,summerset,2910,ARDC,Ariana Dining Chair,ariana-dining-chair-sm,"Description ARIANA DINING CHAIR Dimensions & Weight Product Dimension 37.6''x26.6''x25.6'' Arm Height 25"" Seat Height 16"" Shipping Dimension 43'' x26'' x34'' Net Weight 70.4 lbs Gross Weight 83.6 lbs QTY/CTN 4 Specifications Color MA Frame Type Cast Aluminum Fully Welded Cushion Purchase Separately Matching Cover C11; Cover 4 dining chairs stacked up. Warranty Frames: 10 years; Cushion 5 years California's Proposition 65 Warning For California Residents Additional Documents

<ul>
  <li>Color: MA</li>
  <li>Frame Type: Cast Aluminum Fully Welded</li>
  <li>Matching Cover: C11; Cover 4 dining chairs stacked up.</li>
  <li>Warranty: Frames: 10 years; Cushion 5 years</li>
</ul>","Description ARIANA DINING CHAIR Dimensions & Weight Product Dimension 37.6''x26.6''x25.6'' Arm Height 25"" Seat Height 16"" Shipping Dimension 43'' x26'' x34'' Net Weight 70.4 lbs Gross Weight 83.6 lbs QTY/CTN 4 Specifications Color MA Frame Type Cast Aluminum Fully Welded Cushion Purchase Separately Matching Cover C11; Cover 4 dining chairs stacked up. Warranty Frames: 10 years; Cushion 5 years California's Proposition 65 Warning For California Residents Additional Documents",Dining,cat-dining,Aluminum,aluminum,,,,,,,fixed,,37.6''x26.6''x25.6'',"{""Color"":""MA"",""Cushion"":""Purchase Separately"",""Frame Type"":""Cast Aluminum Fully Welded"",""Net Weight"":""70.4 lbs"",""Qty/Carton"":""4"",""Gross Weight"":""83.6 lbs"",""Shipping Dimension"":""43''""}","[""4_pack"",""Ariana"",""Dining"",""Stocking""]",false,true,false,true,false,,0,0,true,2026-05-30 03:15:49.577412+00,2026-06-09 22:52:37.617+00,[],[],[],[],[],"[{""url"":""https://641bdd57-e650-4f10-a19f-628c07eb50b7-00-1e7i1aja8wnz9.worf.replit.dev/api/storage/objects/products/summerset/ARDC.jpg"",""alt_text"":""Ariana Dining Chair"",""is_primary"":true,""display_order"":0,""image_kind"":""gallery"",""variant_id"":null},{""url"":""https://641bdd57-e650-4f10-a19f-628c07eb50b7-00-1e7i1aja8wnz9.worf.replit.dev/api/storage/objects/products/summerset/ARDC_1.jpg"",""alt_text"":""Ariana Dining Chair"",""is_primary"":false,""display_order"":1,""image_kind"":""gallery"",""variant_id"":null},{""url"":""https://641bdd57-e650-4f10-a19f-628c07eb50b7-00-1e7i1aja8wnz9.worf.replit.dev/api/storage/objects/products/summerset/ARDC_2.jpg"",""alt_text"":""Ariana Dining Chair"",""is_primary"":false,""display_order"":2,""image_kind"":""gallery"",""variant_id"":null},{""url"":""https://641bdd57-e650-4f10-a19f-628c07eb50b7-00-1e7i1aja8wnz9.worf.replit.dev/api/storage/objects/products/summerset/ARDC_3.jpg"",""alt_text"":""Ariana Dining Chair"",""is_primary"":false,""display_order"":3,""image_kind"":""gallery"",""variant_id"":null},{""url"":""https://641bdd57-e650-4f10-a19f-628c07eb50b7-00-1e7i1aja8wnz9.worf.replit.dev/api/storage/objects/products/summerset/ARDC_4.jpg"",""alt_text"":""Ariana Dining Chair"",""is_primary"":false,""display_order"":4,""image_kind"":""gallery"",""variant_id"":null},{""url"":""https://641bdd57-e650-4f10-a19f-628c07eb50b7-00-1e7i1aja8wnz9.worf.replit.dev/api/storage/objects/products/summerset/ARDC_5.jpg"",""alt_text"":""Ariana Dining Chair"",""is_primary"":false,""display_order"":5,""image_kind"":""gallery"",""variant_id"":null},{""url"":""https://641bdd57-e650-4f10-a19f-628c07eb50b7-00-1e7i1aja8wnz9.worf.replit.dev/api/storage/objects/products/summerset/ARDC_6.jpg"",""alt_text"":""Ariana Dining Chair"",""is_primary"":false,""display_order"":6,""image_kind"":""gallery"",""variant_id"":null},{""url"":""https://641bdd57-e650-4f10-a19f-628c07eb50b7-00-1e7i1aja8wnz9.worf.replit.dev/api/storage/objects/products/summerset/ARDC_7.jpg"",""alt_text"":""Ariana Dining Chair"",""is_primary"":false,""display_order"":7,""image_kind"":""gallery"",""variant_id"":null},{""url"":""https://641bdd57-e650-4f10-a19f-628c07eb50b7-00-1e7i1aja8wnz9.worf.replit.dev/api/storage/objects/products/summerset/ARDC_8.jpg"",""alt_text"":""Ariana Dining Chair"",""is_primary"":false,""display_order"":8,""image_kind"":""gallery"",""variant_id"":null}]",[]
Summerset,summerset,2901,ARDCL,Ariana Double Chaise Lounger,ariana-double-chaise-lounger-sm,"Description Ariana Double Chaise Lounger Dimensions & Weight Product Dimension 39.4''x83.9''x55.1'' Arm Height 20.5"" Seat Height 13"" Shipping Dimension 22'' x55'' x70'' Net Weight 52.8 lbs Gross Weight 101.2 lbs QTY/CTN 1 Specifications Color Black Frame Type Cast Aluminum Fully Welded Cushion Purchase Separately Matching Cover OSB; Cover shape slightly different, but can cover the whole lounge. Warranty Frames: 10 years; Cushion 5 years California's Proposition 65 Warning For California Residen

<ul>
  <li>Color: Black</li>
  <li>Frame Type: Cast Aluminum Fully Welded</li>
  <li>Matching Cover: OSB; Cover shape slightly different, but can cover the whole lounge.</li>
  <li>Warranty: Frames: 10 years; Cushion 5 years</li>
</ul>","Description Ariana Double Chaise Lounger Dimensions & Weight Product Dimension 39.4''x83.9''x55.1'' Arm Height 20.5"" Seat Height 13"" Shipping Dimension 22'' x55'' x70'' Net Weight 52.8 lbs Gross Weight 101.2 lbs QTY/CTN 1 Specifications Color Black Frame Type Cast Aluminum Fully Welded Cushion Purchase Separately Matching Cover OSB; Cover shape slightly different, but can cover the whole lounge. Warranty Frames: 10 years; Cushion 5 years California's Proposition 65 Warning For California Residen",Chaise Lounges,cat-chaise-lounges,Aluminum,aluminum,,,,,,,fixed,,39.4''x83.9''x55.1'',"{""Color"":""Black"",""Cushion"":""Purchase Separately"",""Frame Type"":""Cast Aluminum Fully Welded"",""Net Weight"":""52.8 lbs"",""Qty/Carton"":""1"",""Gross Weight"":""101.2 lbs"",""Shipping Dimension"":""22''""}","[""Ariana"",""Chaise""]",false,true,false,true,false,,0,0,true,2026-05-30 03:15:41.350931+00,2026-06-09 22:52:37.61+00,[],[],[],[],[],"[{""url"":""https://641bdd57-e650-4f10-a19f-628c07eb50b7-00-1e7i1aja8wnz9.worf.replit.dev/api/storage/objects/products/summerset/ARDCL.jpg"",""alt_text"":""Ariana Double Chaise Lounger"",""is_primary"":true,""display_order"":0,""image_kind"":""gallery"",""variant_id"":null}]",[]
Summerset,summerset,2898,ARDSLSHB,Ariana Deep Loveseat High Back,ariana-deep-loveseat-high-back-sm,"Description ARIANA DEEP LOVESEAT HIGH BACK Dimensions & Weight Product Dimension 38''x32.7''x57.9'' Arm Height 24"" Seat Height 13"" Shipping Dimension 58.3""x40.2""x42"" Net Weight 66 lbs Gross Weight 92 lbs QTY/CTN 2 Specifications Color Black Frame Type Cast Aluminum Fully Welded Cushion Purchase Separately Matching Cover C22; Warranty Frames: 10 years; Cushion 5 years California's Proposition 65 Warning For California Residents Additional Documents

<ul>
  <li>Color: Black</li>
  <li>Frame Type: Cast Aluminum Fully Welded</li>
  <li>Matching Cover: C22;</li>
  <li>Warranty: Frames: 10 years; Cushion 5 years</li>
</ul>","Description ARIANA DEEP LOVESEAT HIGH BACK Dimensions & Weight Product Dimension 38''x32.7''x57.9'' Arm Height 24"" Seat Height 13"" Shipping Dimension 58.3""x40.2""x42"" Net Weight 66 lbs Gross Weight 92 lbs QTY/CTN 2 Specifications Color Black Frame Type Cast Aluminum Fully Welded Cushion Purchase Separately Matching Cover C22; Warranty Frames: 10 years; Cushion 5 years California's Proposition 65 Warning For California Residents Additional Documents",Deep Seating,cat-deep-seating,Aluminum,aluminum,,,,,,,fixed,,38''x32.7''x57.9'',"{""Color"":""Black"",""Cushion"":""Purchase Separately"",""Frame Type"":""Cast Aluminum Fully Welded"",""Net Weight"":""66 lbs"",""Qty/Carton"":""2"",""Gross Weight"":""92 lbs"",""Shipping Dimension"":""58.3\""x40.2\""x42\""""}","[""2_pack"",""Ariana"",""Deep Seat"",""Stocking""]",false,true,false,true,false,,0,0,true,2026-05-30 03:15:39.942009+00,2026-06-09 22:52:37.631+00,[],[],[],[],[],"[{""url"":""https://641bdd57-e650-4f10-a19f-628c07eb50b7-00-1e7i1aja8wnz9.worf.replit.dev/api/storage/objects/products/summerset/ARDSLSHB.jpg"",""alt_text"":""Ariana Deep Loveseat High Back"",""is_primary"":true,""display_order"":0,""image_kind"":""gallery"",""variant_id"":null}]",[]
Summerset,summerset,2897,ARDSSHB,Ariana Deep Sofa High Back,ariana-deep-sofa-high-back-sm,"Description ARIANA DEEP SEAT SOFA HIGH BACK Dimensions & Weight Product Dimension 38""x78""x28"" Arm Height 24"" Seat Height 13"" Shipping Dimension 83.5""x40.2""x42"" Net Weight 92 lbs Gross Weight 132 lbs QTY/CTN 2 Specifications Color Black Frame Type Cast Aluminum Fully Welded Cushion Purchase Separately Matching Cover C23; Warranty Frames: 10 years; Cushion 5 years California's Proposition 65 Warning For California Residents Additional Documents

<ul>
  <li>Color: Black</li>
  <li>Frame Type: Cast Aluminum Fully Welded</li>
  <li>Matching Cover: C23;</li>
  <li>Warranty: Frames: 10 years; Cushion 5 years</li>
</ul>","Description ARIANA DEEP SEAT SOFA HIGH BACK Dimensions & Weight Product Dimension 38""x78""x28"" Arm Height 24"" Seat Height 13"" Shipping Dimension 83.5""x40.2""x42"" Net Weight 92 lbs Gross Weight 132 lbs QTY/CTN 2 Specifications Color Black Frame Type Cast Aluminum Fully Welded Cushion Purchase Separately Matching Cover C23; Warranty Frames: 10 years; Cushion 5 years California's Proposition 65 Warning For California Residents Additional Documents",Deep Seating,cat-deep-seating,Aluminum,aluminum,,,,,,,fixed,,"38""x78""x28""","{""Color"":""Black"",""Cushion"":""Purchase Separately"",""Frame Type"":""Cast Aluminum Fully Welded"",""Net Weight"":""92 lbs"",""Qty/Carton"":""2"",""Gross Weight"":""132 lbs"",""Shipping Dimension"":""83.5\""x40.2\""x42\""""}","[""2_pack"",""Ariana"",""Deep Seat"",""Stocking""]",false,true,false,true,false,,0,0,true,2026-05-30 03:15:39.744549+00,2026-06-09 22:52:37.631+00,[],[],[],[],[],"[{""url"":""https://641bdd57-e650-4f10-a19f-628c07eb50b7-00-1e7i1aja8wnz9.worf.replit.dev/api/storage/objects/products/summerset/ARDSSHB.jpg"",""alt_text"":""Ariana Deep Sofa High Back"",""is_primary"":true,""display_order"":0,""image_kind"":""gallery"",""variant_id"":null}]",[]
Summerset,summerset,2908,ARSR,Ariana Swivel Rocker,ariana-swivel-rocker-sm,"Description ARIANA SWIVEL ROCKER Dimensions & Weight Product Dimension 37.6''x26.6''x25.6'' Arm Height 25"" Seat Height 16"" Shipping Dimension 25'' x26'' x34'' Net Weight 55 lbs Gross Weight 68.64 lbs QTY/CTN 2 Specifications Color Black Frame Type Cast Aluminum Fully Welded Cushion Purchase Separately Matching Cover C11; Cover will be longer. Sugguest using table cover. Warranty Frames: 10 years; Cushion 5 years California's Proposition 65 Warning For California Residents Additional Documents

<ul>
  <li>Color: Black</li>
  <li>Frame Type: Cast Aluminum Fully Welded</li>
  <li>Matching Cover: C11; Cover will be longer. Sugguest using table cover.</li>
  <li>Warranty: Frames: 10 years; Cushion 5 years</li>
</ul>","Description ARIANA SWIVEL ROCKER Dimensions & Weight Product Dimension 37.6''x26.6''x25.6'' Arm Height 25"" Seat Height 16"" Shipping Dimension 25'' x26'' x34'' Net Weight 55 lbs Gross Weight 68.64 lbs QTY/CTN 2 Specifications Color Black Frame Type Cast Aluminum Fully Welded Cushion Purchase Separately Matching Cover C11; Cover will be longer. Sugguest using table cover. Warranty Frames: 10 years; Cushion 5 years California's Proposition 65 Warning For California Residents Additional Documents",Deep Seating,cat-deep-seating,Aluminum,aluminum,,,,,,,fixed,,37.6''x26.6''x25.6'',"{""Color"":""Black"",""Cushion"":""Purchase Separately"",""Frame Type"":""Cast Aluminum Fully Welded"",""Net Weight"":""55 lbs"",""Qty/Carton"":""2"",""Gross Weight"":""68.64 lbs"",""Shipping Dimension"":""25''""}","[""2_pack"",""Ariana"",""Dining"",""Stocking""]",false,true,false,true,false,,0,0,true,2026-05-30 03:15:47.238237+00,2026-06-09 22:52:37.631+00,[],[],[],[],[],"[{""url"":""https://641bdd57-e650-4f10-a19f-628c07eb50b7-00-1e7i1aja8wnz9.worf.replit.dev/api/storage/objects/products/summerset/ARSR.jpg"",""alt_text"":""Ariana Swivel Rocker"",""is_primary"":true,""display_order"":0,""image_kind"":""gallery"",""variant_id"":null},{""url"":""https://641bdd57-e650-4f10-a19f-628c07eb50b7-00-1e7i1aja8wnz9.worf.replit.dev/api/storage/objects/products/summerset/ARSR_1.jpg"",""alt_text"":""Ariana Swivel Rocker"",""is_primary"":false,""display_order"":1,""image_kind"":""gallery"",""variant_id"":null},{""url"":""https://641bdd57-e650-4f10-a19f-628c07eb50b7-00-1e7i1aja8wnz9.worf.replit.dev/api/storage/objects/products/summerset/ARSR_2.jpg"",""alt_text"":""Ariana Swivel Rocker"",""is_primary"":false,""display_order"":2,""image_kind"":""gallery"",""variant_id"":null},{""url"":""https://641bdd57-e650-4f10-a19f-628c07eb50b7-00-1e7i1aja8wnz9.worf.replit.dev/api/storage/objects/products/summerset/ARSR_3.jpg"",""alt_text"":""Ariana Swivel Rocker"",""is_primary"":false,""display_order"":3,""image_kind"":""gallery"",""variant_id"":null},{""url"":""https://641bdd57-e650-4f10-a19f-628c07eb50b7-00-1e7i1aja8wnz9.worf.replit.dev/api/storage/objects/products/summerset/ARSR_4.jpg"",""alt_text"":""Ariana Swivel Rocker"",""is_primary"":false,""display_order"":4,""image_kind"":""gallery"",""variant_id"":null}]",[]
Summerset,summerset,2661,ATCAT,Athena Dark Curved Circular Accent Table With Storage,athena-dark-curved-circular-accent-table-with-storage-sm,"Description Athena Dark CURVED CIRCULAR ACCENT TABLE Dimensions & Weight Product Dimension 25.5""x22""x31"" Shipping Dimension 26'' x28'' x31'' Net Weight 13.2 lbs Gross Weight 17.6 lbs QTY/CTN 1 Specifications Color Dark Grey Frame Type Wicker on Aluminum Frame Matching Cover E302; Warranty Frames: 10 years; Wicker: 5 years California's Proposition 65 Warning For California Residents Additional Documents ??

<ul>
  <li>Color: Dark Grey</li>
  <li>Frame Type: Wicker on Aluminum Frame</li>
  <li>Matching Cover: E302;</li>
  <li>Warranty: Frames: 10 years; Wicker: 5 years</li>
</ul>","Description Athena Dark CURVED CIRCULAR ACCENT TABLE Dimensions & Weight Product Dimension 25.5""x22""x31"" Shipping Dimension 26'' x28'' x31'' Net Weight 13.2 lbs Gross Weight 17.6 lbs QTY/CTN 1 Specifications Color Dark Grey Frame Type Wicker on Aluminum Frame Matching Cover E302; Warranty Frames: 10 years; Wicker: 5 years California's Proposition 65 Warning For California Residents Additional Documents ??",Accent Pieces,cat-accent-pieces,Wicker,wicker,,,,,,,fixed,,"25.5""x22""x31""","{""Color"":""Dark Grey"",""Frame Type"":""Wicker on Aluminum Frame"",""Net Weight"":""13.2 lbs"",""Qty/Carton"":""1"",""Gross Weight"":""17.6 lbs"",""Shipping Dimension"":""26''""}","[""Athena Dark"",""Stocking""]",false,true,false,true,false,,0,0,true,2026-05-30 03:13:41.47339+00,2026-06-09 22:52:37.641+00,[],[],[],[],[],"[{""url"":""https://641bdd57-e650-4f10-a19f-628c07eb50b7-00-1e7i1aja8wnz9.worf.replit.dev/api/storage/objects/products/summerset/ATCAT.jpg"",""alt_text"":""Athena Dark Curved Circular Accent Table With Storage"",""is_primary"":true,""display_order"":0,""image_kind"":""gallery"",""variant_id"":null},{""url"":""https://641bdd57-e650-4f10-a19f-628c07eb50b7-00-1e7i1aja8wnz9.worf.replit.dev/api/storage/objects/products/summerset/ATCAT_1.jpg"",""alt_text"":""Athena Dark Curved Circular Accent Table With Storage"",""is_primary"":false,""display_order"":1,""image_kind"":""gallery"",""variant_id"":null}]",[]
Summerset,summerset,2859,ATDCCAZ,Athena Dark Square Club Chair,athena-dark-square-club-chair-sm,"Description Athena Dark Club Chair Dimensions & Weight Product Dimension 30.3''x32.7''x36.8'' Arm Height 23"" Seat Height 10"" Shipping Dimension 34'' x44'' x45'' Net Weight 63.8 lbs Gross Weight 79.2 lbs QTY/CTN 2 Specifications Color Dark Grey Frame Type Wicker/Aluminum Frame Fully Welded Cushion Purchase Separately Matching Cover C21W; Warranty Frames: 10 years; Cushion 5 years California's Proposition 65 Warning For California Residents Additional Documents

<ul>
  <li>Color: Dark Grey</li>
  <li>Frame Type: Wicker/Aluminum Frame Fully Welded</li>
  <li>Matching Cover: C21W;</li>
  <li>Warranty: Frames: 10 years; Cushion 5 years</li>
</ul>","Description Athena Dark Club Chair Dimensions & Weight Product Dimension 30.3''x32.7''x36.8'' Arm Height 23"" Seat Height 10"" Shipping Dimension 34'' x44'' x45'' Net Weight 63.8 lbs Gross Weight 79.2 lbs QTY/CTN 2 Specifications Color Dark Grey Frame Type Wicker/Aluminum Frame Fully Welded Cushion Purchase Separately Matching Cover C21W; Warranty Frames: 10 years; Cushion 5 years California's Proposition 65 Warning For California Residents Additional Documents",Deep Seating,cat-deep-seating,Wicker,wicker,,,,,,,fixed,,30.3''x32.7''x36.8'',"{""Color"":""Dark Grey"",""Cushion"":""Purchase Separately"",""Frame Type"":""Wicker/Aluminum Frame Fully Welded"",""Net Weight"":""63.8 lbs"",""Qty/Carton"":""2"",""Gross Weight"":""79.2 lbs"",""Shipping Dimension"":""34''""}","[""2_pack"",""Athena Dark"",""Stocking""]",false,true,false,true,false,,0,0,true,2026-05-30 03:15:11.470427+00,2026-06-09 22:52:37.631+00,[],[],[],[],[],"[{""url"":""https://641bdd57-e650-4f10-a19f-628c07eb50b7-00-1e7i1aja8wnz9.worf.replit.dev/api/storage/objects/products/summerset/ATDCCAZ.jpg"",""alt_text"":""Athena Dark Square Club Chair"",""is_primary"":true,""display_order"":0,""image_kind"":""gallery"",""variant_id"":null}]",[]
Summerset,summerset,2858,ATDCCSAZ,Athena Dark Square Club Chair Swivel,athena-dark-square-club-chair-swivel-sm,"Description Athena Dark Club Chair Swivel Dimensions & Weight Product Dimension 30.3''x32.7''x36.8'' Arm Height 23"" Seat Height 10"" Shipping Dimension 34'' x44'' x45'' Net Weight 0 lbs Gross Weight 0 lbs QTY/CTN 1 Specifications Color Dark Grey Frame Type Wicker/Aluminum Frame Fully Welded Cushion Purchase Separately Matching Cover C21W; Warranty Frames: 10 years; Cushion 5 years California's Proposition 65 Warning For California Residents Additional Documents

<ul>
  <li>Color: Dark Grey</li>
  <li>Frame Type: Wicker/Aluminum Frame Fully Welded</li>
  <li>Matching Cover: C21W;</li>
  <li>Warranty: Frames: 10 years; Cushion 5 years</li>
</ul>","Description Athena Dark Club Chair Swivel Dimensions & Weight Product Dimension 30.3''x32.7''x36.8'' Arm Height 23"" Seat Height 10"" Shipping Dimension 34'' x44'' x45'' Net Weight 0 lbs Gross Weight 0 lbs QTY/CTN 1 Specifications Color Dark Grey Frame Type Wicker/Aluminum Frame Fully Welded Cushion Purchase Separately Matching Cover C21W; Warranty Frames: 10 years; Cushion 5 years California's Proposition 65 Warning For California Residents Additional Documents",Deep Seating,cat-deep-seating,Wicker,wicker,,,,,,,fixed,,30.3''x32.7''x36.8'',"{""Color"":""Dark Grey"",""Cushion"":""Purchase Separately"",""Frame Type"":""Wicker/Aluminum Frame Fully Welded"",""Net Weight"":""0 lbs"",""Qty/Carton"":""1"",""Gross Weight"":""0 lbs"",""Shipping Dimension"":""34''""}","[""2_pack"",""Athena Dark"",""Stocking""]",false,true,false,true,false,,0,0,true,2026-05-30 03:15:11.258314+00,2026-06-09 22:52:37.631+00,[],[],[],[],[],"[{""url"":""https://641bdd57-e650-4f10-a19f-628c07eb50b7-00-1e7i1aja8wnz9.worf.replit.dev/api/storage/objects/products/summerset/ATDCCSAZ.jpg"",""alt_text"":""Athena Dark Square Club Chair Swivel"",""is_primary"":true,""display_order"":0,""image_kind"":""gallery"",""variant_id"":null}]",[]
Summerset,summerset,2866,ATDCT,Athena Dark Coffee Table,athena-dark-coffee-table-sm,"Description Athena Dark Coffee Table Dimensions & Weight Product Dimension 18.1''x48''x24.4'' Shipping Dimension 19'' x25'' x49'' Net Weight 26.4 lbs Gross Weight 39.6 lbs QTY/CTN 1 Specifications Color DG Frame Type Wicker/Aluminum Frame Fully Welded Warranty Frames: 10 years; California's Proposition 65 Warning For California Residents Additional Documents ""

<ul>
  <li>Color: DG</li>
  <li>Frame Type: Wicker/Aluminum Frame Fully Welded</li>
  <li>Warranty: Frames: 10 years;</li>
</ul>","Description Athena Dark Coffee Table Dimensions & Weight Product Dimension 18.1''x48''x24.4'' Shipping Dimension 19'' x25'' x49'' Net Weight 26.4 lbs Gross Weight 39.6 lbs QTY/CTN 1 Specifications Color DG Frame Type Wicker/Aluminum Frame Fully Welded Warranty Frames: 10 years; California's Proposition 65 Warning For California Residents Additional Documents """,Coffee & Side Tables,cat-coffee-side-tables,Wicker,wicker,,,,,,,fixed,,18.1''x48''x24.4'',"{""Color"":""DG"",""Frame Type"":""Wicker/Aluminum Frame Fully Welded"",""Net Weight"":""26.4 lbs"",""Qty/Carton"":""1"",""Gross Weight"":""39.6 lbs"",""Shipping Dimension"":""19''""}","[""Athena Dark"",""Stocking""]",false,true,false,true,false,,0,0,true,2026-05-30 03:15:13.219666+00,2026-06-09 22:52:37.657+00,[],[],[],[],[],"[{""url"":""https://641bdd57-e650-4f10-a19f-628c07eb50b7-00-1e7i1aja8wnz9.worf.replit.dev/api/storage/objects/products/summerset/ATDCT.jpg"",""alt_text"":""Athena Dark Coffee Table"",""is_primary"":true,""display_order"":0,""image_kind"":""gallery"",""variant_id"":null}]",[]
Summerset,summerset,2607,ATDCTS,Athena Dark Coffee Table Slat,athena-dark-coffee-table-slat-sm,"Description Athena Dark Coffee Table Slat Dimensions & Weight Product Dimension 52''x28''x18'' Shipping Dimension 55"" x30"" x25"" Net Weight 40 lbs Gross Weight 55 lbs QTY/CTN 1 Specifications Color DG Frame Type Wicker/Aluminum Frame Fully Welded Warranty Frames: 10 years; California's Proposition 65 Warning For California Residents Additional Documents ""

<ul>
  <li>Color: DG</li>
  <li>Frame Type: Wicker/Aluminum Frame Fully Welded</li>
  <li>Warranty: Frames: 10 years;</li>
</ul>","Description Athena Dark Coffee Table Slat Dimensions & Weight Product Dimension 52''x28''x18'' Shipping Dimension 55"" x30"" x25"" Net Weight 40 lbs Gross Weight 55 lbs QTY/CTN 1 Specifications Color DG Frame Type Wicker/Aluminum Frame Fully Welded Warranty Frames: 10 years; California's Proposition 65 Warning For California Residents Additional Documents """,Coffee & Side Tables,cat-coffee-side-tables,Wicker,wicker,,,,,,,fixed,,52''x28''x18'',"{""Color"":""DG"",""Frame Type"":""Wicker/Aluminum Frame Fully Welded"",""Net Weight"":""40 lbs"",""Qty/Carton"":""1"",""Gross Weight"":""55 lbs"",""Shipping Dimension"":""55\"" x30\"" x25\""""}","[""Athena Dark"",""Stocking""]",false,true,false,true,false,,0,0,true,2026-05-30 03:13:27.36797+00,2026-06-09 22:52:37.657+00,[],[],[],[],[],"[{""url"":""https://641bdd57-e650-4f10-a19f-628c07eb50b7-00-1e7i1aja8wnz9.worf.replit.dev/api/storage/objects/products/summerset/ATDCTS.jpg"",""alt_text"":""Athena Dark Coffee Table Slat"",""is_primary"":true,""display_order"":0,""image_kind"":""gallery"",""variant_id"":null}]",[]
Summerset,summerset,2857,ATDDSLSAZ,Athena Dark Square Deep Seat Loveseat,athena-dark-square-deep-seat-loveseat-sm,"Description Athena Dark Loveseat Dimensions & Weight Product Dimension 30.3''x32.7''x62.2'' Arm Height 23"" Seat Height 10"" Shipping Dimension 34'' x45'' x68'' Net Weight 88 lbs Gross Weight 110 lbs QTY/CTN 2 Specifications Color Dark Grey Frame Type Wicker/Aluminum Frame Fully Welded Cushion Purchase Separately Matching Cover C22W; Warranty Frames: 10 years; Cushion 5 years California's Proposition 65 Warning For California Residents Additional Documents

<ul>
  <li>Color: Dark Grey</li>
  <li>Frame Type: Wicker/Aluminum Frame Fully Welded</li>
  <li>Matching Cover: C22W;</li>
  <li>Warranty: Frames: 10 years; Cushion 5 years</li>
</ul>","Description Athena Dark Loveseat Dimensions & Weight Product Dimension 30.3''x32.7''x62.2'' Arm Height 23"" Seat Height 10"" Shipping Dimension 34'' x45'' x68'' Net Weight 88 lbs Gross Weight 110 lbs QTY/CTN 2 Specifications Color Dark Grey Frame Type Wicker/Aluminum Frame Fully Welded Cushion Purchase Separately Matching Cover C22W; Warranty Frames: 10 years; Cushion 5 years California's Proposition 65 Warning For California Residents Additional Documents",Deep Seating,cat-deep-seating,Wicker,wicker,,,,,,,fixed,,30.3''x32.7''x62.2'',"{""Color"":""Dark Grey"",""Cushion"":""Purchase Separately"",""Frame Type"":""Wicker/Aluminum Frame Fully Welded"",""Net Weight"":""88 lbs"",""Qty/Carton"":""2"",""Gross Weight"":""110 lbs"",""Shipping Dimension"":""34''""}","[""2_pack"",""Athena Dark"",""Stocking""]",false,true,false,true,false,,0,0,true,2026-05-30 03:15:11.035987+00,2026-06-09 22:52:37.631+00,[],[],[],[],[],"[{""url"":""https://641bdd57-e650-4f10-a19f-628c07eb50b7-00-1e7i1aja8wnz9.worf.replit.dev/api/storage/objects/products/summerset/ATDDSLSAZ.jpg"",""alt_text"":""Athena Dark Square Deep Seat Loveseat"",""is_primary"":true,""display_order"":0,""image_kind"":""gallery"",""variant_id"":null}]",[]
Summerset,summerset,2856,ATDDSSAZ,Athena Dark Square Deep Seat Sofa,athena-dark-square-deep-seat-sofa-sm,"Description Athena Dark Sofa Dimensions & Weight Product Dimension 30.3''x32.7''x85'' Arm Height 23"" Seat Height 10"" Shipping Dimension 34'' x45'' x93'' Net Weight 110 lbs Gross Weight 136.4 lbs QTY/CTN 2 Specifications Color Dark Grey Frame Type Wicker/Aluminum Frame Fully Welded Cushion Purchase Separately Matching Cover C23W; Warranty Frames: 10 years; Cushion 5 years California's Proposition 65 Warning For California Residents Additional Documents

<ul>
  <li>Color: Dark Grey</li>
  <li>Frame Type: Wicker/Aluminum Frame Fully Welded</li>
  <li>Matching Cover: C23W;</li>
  <li>Warranty: Frames: 10 years; Cushion 5 years</li>
</ul>","Description Athena Dark Sofa Dimensions & Weight Product Dimension 30.3''x32.7''x85'' Arm Height 23"" Seat Height 10"" Shipping Dimension 34'' x45'' x93'' Net Weight 110 lbs Gross Weight 136.4 lbs QTY/CTN 2 Specifications Color Dark Grey Frame Type Wicker/Aluminum Frame Fully Welded Cushion Purchase Separately Matching Cover C23W; Warranty Frames: 10 years; Cushion 5 years California's Proposition 65 Warning For California Residents Additional Documents",Deep Seating,cat-deep-seating,Wicker,wicker,,,,,,,fixed,,30.3''x32.7''x85'',"{""Color"":""Dark Grey"",""Cushion"":""Purchase Separately"",""Frame Type"":""Wicker/Aluminum Frame Fully Welded"",""Net Weight"":""110 lbs"",""Qty/Carton"":""2"",""Gross Weight"":""136.4 lbs"",""Shipping Dimension"":""34''""}","[""2_pack"",""Athena Dark"",""Stocking""]",false,true,false,true,false,,0,0,true,2026-05-30 03:15:10.779816+00,2026-06-09 22:52:37.631+00,[],[],[],[],[],"[{""url"":""https://641bdd57-e650-4f10-a19f-628c07eb50b7-00-1e7i1aja8wnz9.worf.replit.dev/api/storage/objects/products/summerset/ATDDSSAZ.jpg"",""alt_text"":""Athena Dark Square Deep Seat Sofa"",""is_primary"":true,""display_order"":0,""image_kind"":""gallery"",""variant_id"":null}]",[]
Summerset,summerset,2865,ATDROT44,"Athena Dark Round Ottoman 44""",athena-dark-round-ottoman-44-sm,"Description Athena Dark Round Ottoman 44"" Dimensions & Weight Product Dimension 10""x44""x44"" Arm Height 0 Seat Height 10"" Shipping Dimension 13.5""x45""x45"" Net Weight 18.5 lbs Gross Weight 38 lbs QTY/CTN 1 Specifications Color Dark Grey Frame Type Wicker Knock-Down Cushion Purchase Separately Warranty Frames: 10 years; Cushion 5 years California's Proposition 65 Warning For California Residents Additional Documents

<ul>
  <li>Color: Dark Grey</li>
  <li>Frame Type: Wicker Knock-Down</li>
  <li>Warranty: Frames: 10 years; Cushion 5 years</li>
</ul>","Description Athena Dark Round Ottoman 44"" Dimensions & Weight Product Dimension 10""x44""x44"" Arm Height 0 Seat Height 10"" Shipping Dimension 13.5""x45""x45"" Net Weight 18.5 lbs Gross Weight 38 lbs QTY/CTN 1 Specifications Color Dark Grey Frame Type Wicker Knock-Down Cushion Purchase Separately Warranty Frames: 10 years; Cushion 5 years California's Proposition 65 Warning For California Residents Additional Documents",Accent Pieces,cat-accent-pieces,Wicker,wicker,,,,,,,fixed,,"10""x44""x44""","{""Color"":""Dark Grey"",""Cushion"":""Purchase Separately"",""Frame Type"":""Wicker Knock-Down"",""Net Weight"":""18.5 lbs"",""Qty/Carton"":""1"",""Gross Weight"":""38 lbs"",""Shipping Dimension"":""13.5\""x45\""x45\""""}","[""Athena Dark""]",false,true,false,true,false,,0,0,true,2026-05-30 03:15:13.027832+00,2026-06-09 22:52:37.641+00,[],[],[],[],[],"[{""url"":""https://641bdd57-e650-4f10-a19f-628c07eb50b7-00-1e7i1aja8wnz9.worf.replit.dev/api/storage/objects/products/summerset/ATDROT44.jpg"",""alt_text"":""Athena Dark Round Ottoman 44\"""",""is_primary"":true,""display_order"":0,""image_kind"":""gallery"",""variant_id"":null}]",[]
Summerset,summerset,2864,ATDSAC,Athena Dark Sectional Armless Club Chair,athena-dark-sectional-armless-club-chair-sm,"Description Athena Dark Sectional Armless Club Chair Dimensions & Weight Product Dimension 30.3''x32.7''x24'' Arm Height 0 Seat Height 10"" Shipping Dimension 31'' x25'' x36'' Net Weight 22 lbs Gross Weight 33 lbs QTY/CTN 1 Specifications Color Dark Grey Frame Type Wicker Knock-Down Cushion Purchase Separately Matching Cover M402; Modular cover piece only available in Mercury series. Warranty Frames: 10 years; Cushion 5 years California's Proposition 65 Warning For California Residents Additional

<ul>
  <li>Color: Dark Grey</li>
  <li>Frame Type: Wicker Knock-Down</li>
  <li>Matching Cover: M402; Modular cover piece only available in Mercury series.</li>
  <li>Warranty: Frames: 10 years; Cushion 5 years</li>
</ul>","Description Athena Dark Sectional Armless Club Chair Dimensions & Weight Product Dimension 30.3''x32.7''x24'' Arm Height 0 Seat Height 10"" Shipping Dimension 31'' x25'' x36'' Net Weight 22 lbs Gross Weight 33 lbs QTY/CTN 1 Specifications Color Dark Grey Frame Type Wicker Knock-Down Cushion Purchase Separately Matching Cover M402; Modular cover piece only available in Mercury series. Warranty Frames: 10 years; Cushion 5 years California's Proposition 65 Warning For California Residents Additional",Deep Seating,cat-deep-seating,Wicker,wicker,,,,,,,fixed,,30.3''x32.7''x24'',"{""Color"":""Dark Grey"",""Cushion"":""Purchase Separately"",""Frame Type"":""Wicker Knock-Down"",""Net Weight"":""22 lbs"",""Qty/Carton"":""1"",""Gross Weight"":""33 lbs"",""Shipping Dimension"":""31''""}","[""Athena Dark""]",false,true,false,true,false,,0,0,true,2026-05-30 03:15:12.775974+00,2026-06-09 22:52:37.631+00,[],[],[],[],[],"[{""url"":""https://641bdd57-e650-4f10-a19f-628c07eb50b7-00-1e7i1aja8wnz9.worf.replit.dev/api/storage/objects/products/summerset/ATDSAC.jpg"",""alt_text"":""Athena Dark Sectional Armless Club Chair"",""is_primary"":true,""display_order"":0,""image_kind"":""gallery"",""variant_id"":null},{""url"":""https://641bdd57-e650-4f10-a19f-628c07eb50b7-00-1e7i1aja8wnz9.worf.replit.dev/api/storage/objects/products/summerset/ATDSAC_1.jpg"",""alt_text"":""Athena Dark Sectional Armless Club Chair"",""is_primary"":false,""display_order"":1,""image_kind"":""gallery"",""variant_id"":null}]",[]
Summerset,summerset,2863,ATDSCC,Athena Dark Sectional Corner Club Chair,athena-dark-sectional-corner-club-chair-sm,"Description Athena Dark Sectional Corner Club Chair Dimensions & Weight Product Dimension 30.3''x32.7''x32.7'' Arm Height 0 Seat Height 10"" Shipping Dimension 41'' x36'' x36'' Net Weight 45.1 lbs Gross Weight 60.5 lbs QTY/CTN 1 Specifications Color Dark Grey Frame Type Wicker Knock-Down Cushion Purchase Separately Matching Cover M404; Modular cover piece only available in Mercury series. Warranty Frames: 10 years; Cushion 5 years California's Proposition 65 Warning For California Residents Addit

<ul>
  <li>Color: Dark Grey</li>
  <li>Frame Type: Wicker Knock-Down</li>
  <li>Matching Cover: M404; Modular cover piece only available in Mercury series.</li>
  <li>Warranty: Frames: 10 years; Cushion 5 years</li>
</ul>","Description Athena Dark Sectional Corner Club Chair Dimensions & Weight Product Dimension 30.3''x32.7''x32.7'' Arm Height 0 Seat Height 10"" Shipping Dimension 41'' x36'' x36'' Net Weight 45.1 lbs Gross Weight 60.5 lbs QTY/CTN 1 Specifications Color Dark Grey Frame Type Wicker Knock-Down Cushion Purchase Separately Matching Cover M404; Modular cover piece only available in Mercury series. Warranty Frames: 10 years; Cushion 5 years California's Proposition 65 Warning For California Residents Addit",Deep Seating,cat-deep-seating,Wicker,wicker,,,,,,,fixed,,30.3''x32.7''x32.7'',"{""Color"":""Dark Grey"",""Cushion"":""Purchase Separately"",""Frame Type"":""Wicker Knock-Down"",""Net Weight"":""45.1 lbs"",""Qty/Carton"":""1"",""Gross Weight"":""60.5 lbs"",""Shipping Dimension"":""41''""}","[""Athena Dark""]",false,true,false,true,false,,0,0,true,2026-05-30 03:15:12.390993+00,2026-06-09 22:52:37.631+00,[],[],[],[],[],"[{""url"":""https://641bdd57-e650-4f10-a19f-628c07eb50b7-00-1e7i1aja8wnz9.worf.replit.dev/api/storage/objects/products/summerset/ATDSCC.jpg"",""alt_text"":""Athena Dark Sectional Corner Club Chair"",""is_primary"":true,""display_order"":0,""image_kind"":""gallery"",""variant_id"":null}]",[]
Summerset,summerset,2867,ATDSCS,Athena Curved Circular Sofa,athena-curved-circular-sofa-sm,"Description Athena Dark Curved Circular Sofa Dimensions & Weight Product Dimension 34""x84""x30"" Arm Height 0 Seat Height 13"" Shipping Dimension 43'' x49'' x83'' Net Weight 94.7978 lbs Gross Weight 152.1174 lbs QTY/CTN 2 Specifications Color Dark Grey Frame Type Wicker/Aluminum Frame Fully Welded Cushion Purchase Separately Matching Cover C302; Warranty Frames: 10 years; Wicker: 5 years; Cushion 5 years California's Proposition 65 Warning For California Residents Additional Documents

<ul>
  <li>Color: Dark Grey</li>
  <li>Frame Type: Wicker/Aluminum Frame Fully Welded</li>
  <li>Matching Cover: C302;</li>
  <li>Warranty: Frames: 10 years; Wicker: 5 years; Cushion 5 years</li>
</ul>","Description Athena Dark Curved Circular Sofa Dimensions & Weight Product Dimension 34""x84""x30"" Arm Height 0 Seat Height 13"" Shipping Dimension 43'' x49'' x83'' Net Weight 94.7978 lbs Gross Weight 152.1174 lbs QTY/CTN 2 Specifications Color Dark Grey Frame Type Wicker/Aluminum Frame Fully Welded Cushion Purchase Separately Matching Cover C302; Warranty Frames: 10 years; Wicker: 5 years; Cushion 5 years California's Proposition 65 Warning For California Residents Additional Documents",Deep Seating,cat-deep-seating,Wicker,wicker,,,,,,,fixed,,"34""x84""x30""","{""Color"":""Dark Grey"",""Cushion"":""Purchase Separately"",""Frame Type"":""Wicker/Aluminum Frame Fully Welded"",""Net Weight"":""94.7978 lbs"",""Qty/Carton"":""2"",""Gross Weight"":""152.1174 lbs"",""Shipping Dimension"":""43''""}","[""2_pack"",""Athena Dark"",""Stocking""]",false,true,false,true,false,,0,0,true,2026-05-30 03:15:13.662623+00,2026-06-09 22:52:37.631+00,[],[],[],[],[],"[{""url"":""https://641bdd57-e650-4f10-a19f-628c07eb50b7-00-1e7i1aja8wnz9.worf.replit.dev/api/storage/objects/products/summerset/ATDSCS.jpg"",""alt_text"":""Athena Curved Circular Sofa"",""is_primary"":true,""display_order"":0,""image_kind"":""gallery"",""variant_id"":null},{""url"":""https://641bdd57-e650-4f10-a19f-628c07eb50b7-00-1e7i1aja8wnz9.worf.replit.dev/api/storage/objects/products/summerset/ATDSCS_1.jpg"",""alt_text"":""Athena Curved Circular Sofa"",""is_primary"":false,""display_order"":1,""image_kind"":""gallery"",""variant_id"":null}]",[]
Summerset,summerset,2606,ATDSCVC,Athena Dark Sectional Curved Corner Club Chair,athena-dark-sectional-curved-corner-club-chair-sm,"Description Athena Dark Sectional Curved Corner Club Chair Dimensions & Weight Product Dimension 64.2""x37""x30.3"" Arm Height 0 Seat Height 10"" Shipping Dimension 67""x42""x36"" Net Weight lbs Gross Weight lbs QTY/CTN 1 Specifications Color Dark Grey Frame Type Wicker Knock-Down Cushion Purchase Separately Matching Cover M404; Modular cover piece only available in Mercury series. Warranty Frames: 10 years; Cushion 5 years California's Proposition 65 Warning For California Residents Additional Documen

<ul>
  <li>Color: Dark Grey</li>
  <li>Frame Type: Wicker Knock-Down</li>
  <li>Matching Cover: M404; Modular cover piece only available in Mercury series.</li>
  <li>Warranty: Frames: 10 years; Cushion 5 years</li>
</ul>","Description Athena Dark Sectional Curved Corner Club Chair Dimensions & Weight Product Dimension 64.2""x37""x30.3"" Arm Height 0 Seat Height 10"" Shipping Dimension 67""x42""x36"" Net Weight lbs Gross Weight lbs QTY/CTN 1 Specifications Color Dark Grey Frame Type Wicker Knock-Down Cushion Purchase Separately Matching Cover M404; Modular cover piece only available in Mercury series. Warranty Frames: 10 years; Cushion 5 years California's Proposition 65 Warning For California Residents Additional Documen",Deep Seating,cat-deep-seating,Wicker,wicker,,,,,,,fixed,,"64.2""x37""x30.3""","{""Color"":""Dark Grey"",""Cushion"":""Purchase Separately"",""Frame Type"":""Wicker Knock-Down"",""Qty/Carton"":""1"",""Shipping Dimension"":""67\""x42\""x36\""""}","[""Athena Dark""]",false,true,false,true,false,,0,0,true,2026-05-30 03:13:27.231793+00,2026-06-09 22:52:37.631+00,[],[],[],[],[],"[{""url"":""https://641bdd57-e650-4f10-a19f-628c07eb50b7-00-1e7i1aja8wnz9.worf.replit.dev/api/storage/objects/products/summerset/ATDSCVC.jpg"",""alt_text"":""Athena Dark Sectional Curved Corner Club Chair"",""is_primary"":true,""display_order"":0,""image_kind"":""gallery"",""variant_id"":null}]",[]
Summerset,summerset,2862,ATDSLSLA,Athena Dark Sectional Loveseat Left Arm,athena-dark-sectional-loveseat-left-arm-sm,"Description Athena Dark Sectional Loveseat Left Arm Dimensions & Weight Product Dimension 0 Arm Height 0 Seat Height 0 Shipping Dimension 0 Net Weight lbs Gross Weight lbs QTY/CTN LR/CTN Specifications Color Dark Grey Frame Type Wicker Knock-Down Cushion Purchase Separately Matching Cover M409; Modular cover piece only available in Mercury series. Warranty Frames: 10 years; Cushion 5 years California's Proposition 65 Warning For California Residents Additional Documents

<ul>
  <li>Color: Dark Grey</li>
  <li>Frame Type: Wicker Knock-Down</li>
  <li>Matching Cover: M409; Modular cover piece only available in Mercury series.</li>
  <li>Warranty: Frames: 10 years; Cushion 5 years</li>
</ul>",Description Athena Dark Sectional Loveseat Left Arm Dimensions & Weight Product Dimension 0 Arm Height 0 Seat Height 0 Shipping Dimension 0 Net Weight lbs Gross Weight lbs QTY/CTN LR/CTN Specifications Color Dark Grey Frame Type Wicker Knock-Down Cushion Purchase Separately Matching Cover M409; Modular cover piece only available in Mercury series. Warranty Frames: 10 years; Cushion 5 years California's Proposition 65 Warning For California Residents Additional Documents,Deep Seating,cat-deep-seating,Wicker,wicker,,,,,,,fixed,,0,"{""Color"":""Dark Grey"",""Cushion"":""Purchase Separately"",""Frame Type"":""Wicker Knock-Down"",""Qty/Carton"":""LR/CTN"",""Shipping Dimension"":""0""}","[""Athena Dark""]",false,true,false,true,false,,0,0,true,2026-05-30 03:15:12.207072+00,2026-06-09 22:52:37.631+00,[],[],[],[],[],"[{""url"":""https://641bdd57-e650-4f10-a19f-628c07eb50b7-00-1e7i1aja8wnz9.worf.replit.dev/api/storage/objects/products/summerset/ATDSLSLA.jpg"",""alt_text"":""Athena Dark Sectional Loveseat Left Arm"",""is_primary"":true,""display_order"":0,""image_kind"":""gallery"",""variant_id"":null}]",[]
Summerset,summerset,2861,ATDSLSRA,Athena Dark Sectional Loveseat Right Arm,athena-dark-sectional-loveseat-right-arm-sm,"Description Athena Dark Sectional Loveseat Right Arm Dimensions & Weight Product Dimension 0 Arm Height 0 Seat Height 0 Shipping Dimension 0 Net Weight lbs Gross Weight lbs QTY/CTN LR/CTN Specifications Color Dark Grey Frame Type Wicker Knock-Down Cushion Purchase Separately Matching Cover M407; Modular cover piece only available in Mercury series. Warranty Frames: 10 years; Cushion 5 years California's Proposition 65 Warning For California Residents Additional Documents

<ul>
  <li>Color: Dark Grey</li>
  <li>Frame Type: Wicker Knock-Down</li>
  <li>Matching Cover: M407; Modular cover piece only available in Mercury series.</li>
  <li>Warranty: Frames: 10 years; Cushion 5 years</li>
</ul>",Description Athena Dark Sectional Loveseat Right Arm Dimensions & Weight Product Dimension 0 Arm Height 0 Seat Height 0 Shipping Dimension 0 Net Weight lbs Gross Weight lbs QTY/CTN LR/CTN Specifications Color Dark Grey Frame Type Wicker Knock-Down Cushion Purchase Separately Matching Cover M407; Modular cover piece only available in Mercury series. Warranty Frames: 10 years; Cushion 5 years California's Proposition 65 Warning For California Residents Additional Documents,Deep Seating,cat-deep-seating,Wicker,wicker,,,,,,,fixed,,0,"{""Color"":""Dark Grey"",""Cushion"":""Purchase Separately"",""Frame Type"":""Wicker Knock-Down"",""Qty/Carton"":""LR/CTN"",""Shipping Dimension"":""0""}","[""Athena Dark""]",false,true,false,true,false,,0,0,true,2026-05-30 03:15:11.998665+00,2026-06-09 22:52:37.631+00,[],[],[],[],[],"[{""url"":""https://641bdd57-e650-4f10-a19f-628c07eb50b7-00-1e7i1aja8wnz9.worf.replit.dev/api/storage/objects/products/summerset/ATDSLSRA.jpg"",""alt_text"":""Athena Dark Sectional Loveseat Right Arm"",""is_primary"":true,""display_order"":0,""image_kind"":""gallery"",""variant_id"":null}]",[]
Summerset,summerset,2860,ATDSQAT,Athena Dark Square Accent Table,athena-dark-square-accent-table-sm,"Description Athena Dark Square Accent Table Dimensions & Weight Product Dimension 18.1''x24.4''x24.4'' Arm Height 0 Seat Height 0 Shipping Dimension 19'' x25'' x25'' Net Weight 15.84 lbs Gross Weight 25.3 lbs QTY/CTN 1 Specifications Color Dark Grey Frame Type Wicker/Aluminum Frame Fully Welded Cushion Purchase Separately Matching Cover TA24; Warranty Wicker: 5 years; Frames: 10 years; California's Proposition 65 Warning For California Residents Additional Documents

<ul>
  <li>Color: Dark Grey</li>
  <li>Frame Type: Wicker/Aluminum Frame Fully Welded</li>
  <li>Matching Cover: TA24;</li>
  <li>Warranty: Wicker: 5 years; Frames: 10 years;</li>
</ul>",Description Athena Dark Square Accent Table Dimensions & Weight Product Dimension 18.1''x24.4''x24.4'' Arm Height 0 Seat Height 0 Shipping Dimension 19'' x25'' x25'' Net Weight 15.84 lbs Gross Weight 25.3 lbs QTY/CTN 1 Specifications Color Dark Grey Frame Type Wicker/Aluminum Frame Fully Welded Cushion Purchase Separately Matching Cover TA24; Warranty Wicker: 5 years; Frames: 10 years; California's Proposition 65 Warning For California Residents Additional Documents,Accent Pieces,cat-accent-pieces,Wicker,wicker,,,,,,,fixed,,18.1''x24.4''x24.4'',"{""Color"":""Dark Grey"",""Cushion"":""Purchase Separately"",""Frame Type"":""Wicker/Aluminum Frame Fully Welded"",""Net Weight"":""15.84 lbs"",""Qty/Carton"":""1"",""Gross Weight"":""25.3 lbs"",""Shipping Dimension"":""19''""}","[""Athena Dark"",""Stocking""]",false,true,false,true,false,,0,0,true,2026-05-30 03:15:11.808252+00,2026-06-09 22:52:37.641+00,[],[],[],[],[],"[{""url"":""https://641bdd57-e650-4f10-a19f-628c07eb50b7-00-1e7i1aja8wnz9.worf.replit.dev/api/storage/objects/products/summerset/ATDSQAT.jpg"",""alt_text"":""Athena Dark Square Accent Table"",""is_primary"":true,""display_order"":0,""image_kind"":""gallery"",""variant_id"":null},{""url"":""https://641bdd57-e650-4f10-a19f-628c07eb50b7-00-1e7i1aja8wnz9.worf.replit.dev/api/storage/objects/products/summerset/ATDSQAT_1.jpg"",""alt_text"":""Athena Dark Square Accent Table"",""is_primary"":false,""display_order"":1,""image_kind"":""gallery"",""variant_id"":null}]",[]
Summerset,summerset,2855,ATDSQOT30,"Athena Dark Square Ottoman 30""",athena-dark-square-ottoman-30-sm,"Description Athena Dark Square Ottoman 30"" Dimensions & Weight Product Dimension 10""x30""x30"" Arm Height 0 Seat Height 10"" Shipping Dimension 18""x31.5""x31.5"" Net Weight 11.7 lbs Gross Weight 23 lbs QTY/CTN 1 Specifications Color Dark Grey Frame Type Wicker Knock-Down Cushion Purchase Separately Warranty Frames: 10 years; Cushion 5 years California's Proposition 65 Warning For California Residents Additional Documents

<ul>
  <li>Color: Dark Grey</li>
  <li>Frame Type: Wicker Knock-Down</li>
  <li>Warranty: Frames: 10 years; Cushion 5 years</li>
</ul>","Description Athena Dark Square Ottoman 30"" Dimensions & Weight Product Dimension 10""x30""x30"" Arm Height 0 Seat Height 10"" Shipping Dimension 18""x31.5""x31.5"" Net Weight 11.7 lbs Gross Weight 23 lbs QTY/CTN 1 Specifications Color Dark Grey Frame Type Wicker Knock-Down Cushion Purchase Separately Warranty Frames: 10 years; Cushion 5 years California's Proposition 65 Warning For California Residents Additional Documents",Accent Pieces,cat-accent-pieces,Wicker,wicker,,,,,,,fixed,,"10""x30""x30""","{""Color"":""Dark Grey"",""Cushion"":""Purchase Separately"",""Frame Type"":""Wicker Knock-Down"",""Net Weight"":""11.7 lbs"",""Qty/Carton"":""1"",""Gross Weight"":""23 lbs"",""Shipping Dimension"":""18\""x31.5\""x31.5\""""}","[""Athena Dark""]",false,true,false,true,false,,0,0,true,2026-05-30 03:15:10.51342+00,2026-06-09 22:52:37.641+00,[],[],[],[],[],"[{""url"":""https://641bdd57-e650-4f10-a19f-628c07eb50b7-00-1e7i1aja8wnz9.worf.replit.dev/api/storage/objects/products/summerset/ATDSQOT30.jpg"",""alt_text"":""Athena Dark Square Ottoman 30\"""",""is_primary"":true,""display_order"":0,""image_kind"":""gallery"",""variant_id"":null},{""url"":""https://641bdd57-e650-4f10-a19f-628c07eb50b7-00-1e7i1aja8wnz9.worf.replit.dev/api/storage/objects/products/summerset/ATDSQOT30_1.jpg"",""alt_text"":""Athena Dark Square Ottoman 30\"""",""is_primary"":false,""display_order"":1,""image_kind"":""gallery"",""variant_id"":null}]",[]
Summerset,summerset,2893,AZABS,Aztec Armless Barstool,aztec-armless-barstool-sm,"Description Aztec Armless Barstool Dimensions & Weight Product Dimension 50""x24.5""x25"" Arm Height Seat Height 28"" Shipping Dimension 0 Net Weight 49.5 lbs Gross Weight 62.7 lbs QTY/CTN 2 Specifications Color Chocolate Rosewood Frame Type Wicker on Aluminum Frame Cushion Purchase Separately Matching Cover C11; Warranty Frames: 10 years; Cushion 5 years California's Proposition 65 Warning For California Residents Additional Documents

<ul>
  <li>Color: Chocolate Rosewood</li>
  <li>Frame Type: Wicker on Aluminum Frame</li>
  <li>Matching Cover: C11;</li>
  <li>Warranty: Frames: 10 years; Cushion 5 years</li>
</ul>","Description Aztec Armless Barstool Dimensions & Weight Product Dimension 50""x24.5""x25"" Arm Height Seat Height 28"" Shipping Dimension 0 Net Weight 49.5 lbs Gross Weight 62.7 lbs QTY/CTN 2 Specifications Color Chocolate Rosewood Frame Type Wicker on Aluminum Frame Cushion Purchase Separately Matching Cover C11; Warranty Frames: 10 years; Cushion 5 years California's Proposition 65 Warning For California Residents Additional Documents",Bar,cat-bar,Wicker,wicker,,,,,,,fixed,,"50""x24.5""x25""","{""Color"":""Chocolate Rosewood"",""Cushion"":""Purchase Separately"",""Frame Type"":""Wicker on Aluminum Frame"",""Net Weight"":""49.5 lbs"",""Qty/Carton"":""2"",""Gross Weight"":""62.7 lbs"",""Shipping Dimension"":""0""}","[""2_pack"",""Aztec"",""Bar""]",false,true,false,true,false,,0,0,true,2026-05-30 03:15:38.715546+00,2026-06-09 22:52:37.515+00,[],[],[],[],[],"[{""url"":""https://641bdd57-e650-4f10-a19f-628c07eb50b7-00-1e7i1aja8wnz9.worf.replit.dev/api/storage/objects/products/summerset/AZABS.jpg"",""alt_text"":""Aztec Armless Barstool"",""is_primary"":true,""display_order"":0,""image_kind"":""gallery"",""variant_id"":null},{""url"":""https://641bdd57-e650-4f10-a19f-628c07eb50b7-00-1e7i1aja8wnz9.worf.replit.dev/api/storage/objects/products/summerset/AZABS_1.jpg"",""alt_text"":""Aztec Armless Barstool"",""is_primary"":false,""display_order"":1,""image_kind"":""gallery"",""variant_id"":null}]",[]
Summerset,summerset,2892,AZADC,Aztec Armless Dining Chair,aztec-armless-dining-chair-sm,"Description AZTEC ARMLESS DINING CHAIR Dimensions & Weight Product Dimension 38""x22.5""x25"" Arm Height Seat Height 17"" Shipping Dimension 36.2""x21.7""x44.5"" Net Weight 61.6 lbs Gross Weight 75.9 lbs QTY/CTN 4 Specifications Color Chocolate Rosewood Frame Type Wicker on Aluminum Frame Cushion Purchase Separately Matching Cover C11; 4 chairs stacked up; or use table cover. Warranty Frames: 10 years; Cushion 5 years California's Proposition 65 Warning For California Residents Additional Documents

<ul>
  <li>Color: Chocolate Rosewood</li>
  <li>Frame Type: Wicker on Aluminum Frame</li>
  <li>Matching Cover: C11; 4 chairs stacked up; or use table cover.</li>
  <li>Warranty: Frames: 10 years; Cushion 5 years</li>
</ul>","Description AZTEC ARMLESS DINING CHAIR Dimensions & Weight Product Dimension 38""x22.5""x25"" Arm Height Seat Height 17"" Shipping Dimension 36.2""x21.7""x44.5"" Net Weight 61.6 lbs Gross Weight 75.9 lbs QTY/CTN 4 Specifications Color Chocolate Rosewood Frame Type Wicker on Aluminum Frame Cushion Purchase Separately Matching Cover C11; 4 chairs stacked up; or use table cover. Warranty Frames: 10 years; Cushion 5 years California's Proposition 65 Warning For California Residents Additional Documents",Dining,cat-dining,Wicker,wicker,,,,,,,fixed,,"38""x22.5""x25""","{""Color"":""Chocolate Rosewood"",""Cushion"":""Purchase Separately"",""Frame Type"":""Wicker on Aluminum Frame"",""Net Weight"":""61.6 lbs"",""Qty/Carton"":""4"",""Gross Weight"":""75.9 lbs"",""Shipping Dimension"":""36.2\""x21.7\""x44.5\""""}","[""4_pack"",""Aztec"",""Bar"",""Stocking""]",false,true,false,true,false,,0,0,true,2026-05-30 03:15:38.391692+00,2026-06-09 22:52:37.617+00,[],[],[],[],[],"[{""url"":""https://641bdd57-e650-4f10-a19f-628c07eb50b7-00-1e7i1aja8wnz9.worf.replit.dev/api/storage/objects/products/summerset/AZADC.jpg"",""alt_text"":""Aztec Armless Dining Chair"",""is_primary"":true,""display_order"":0,""image_kind"":""gallery"",""variant_id"":null},{""url"":""https://641bdd57-e650-4f10-a19f-628c07eb50b7-00-1e7i1aja8wnz9.worf.replit.dev/api/storage/objects/products/summerset/AZADC_1.jpg"",""alt_text"":""Aztec Armless Dining Chair"",""is_primary"":false,""display_order"":1,""image_kind"":""gallery"",""variant_id"":null},{""url"":""https://641bdd57-e650-4f10-a19f-628c07eb50b7-00-1e7i1aja8wnz9.worf.replit.dev/api/storage/objects/products/summerset/AZADC_2.png"",""alt_text"":""Aztec Armless Dining Chair"",""is_primary"":false,""display_order"":2,""image_kind"":""gallery"",""variant_id"":null},{""url"":""https://641bdd57-e650-4f10-a19f-628c07eb50b7-00-1e7i1aja8wnz9.worf.replit.dev/api/storage/objects/products/summerset/AZADC_3.png"",""alt_text"":""Aztec Armless Dining Chair"",""is_primary"":false,""display_order"":3,""image_kind"":""gallery"",""variant_id"":null}]",[]
Summerset,summerset,2891,AZBS,Aztec Barstool,aztec-barstool-sm,"Description AZTEC BARSTOOL Dimensions & Weight Product Dimension 50""x24.5""x25"" Arm Height 37"" Seat Height 28"" Shipping Dimension 42.5""x31.5""x26.4"" Net Weight 49.5 lbs Gross Weight 62.7 lbs QTY/CTN 2 Specifications Color Chocolate Rosewood Frame Type Wicker on Aluminum Frame Cushion Purchase Separately Matching Cover C11; Warranty Frames: 10 years; Cushion 5 years California's Proposition 65 Warning For California Residents Additional Documents

<ul>
  <li>Color: Chocolate Rosewood</li>
  <li>Frame Type: Wicker on Aluminum Frame</li>
  <li>Matching Cover: C11;</li>
  <li>Warranty: Frames: 10 years; Cushion 5 years</li>
</ul>","Description AZTEC BARSTOOL Dimensions & Weight Product Dimension 50""x24.5""x25"" Arm Height 37"" Seat Height 28"" Shipping Dimension 42.5""x31.5""x26.4"" Net Weight 49.5 lbs Gross Weight 62.7 lbs QTY/CTN 2 Specifications Color Chocolate Rosewood Frame Type Wicker on Aluminum Frame Cushion Purchase Separately Matching Cover C11; Warranty Frames: 10 years; Cushion 5 years California's Proposition 65 Warning For California Residents Additional Documents",Bar,cat-bar,Wicker,wicker,,,,,,,fixed,,"50""x24.5""x25""","{""Color"":""Chocolate Rosewood"",""Cushion"":""Purchase Separately"",""Frame Type"":""Wicker on Aluminum Frame"",""Net Weight"":""49.5 lbs"",""Qty/Carton"":""2"",""Gross Weight"":""62.7 lbs"",""Shipping Dimension"":""42.5\""x31.5\""x26.4\""""}","[""2_pack"",""Aztec"",""Bar"",""Stocking""]",false,true,false,true,false,,0,0,true,2026-05-30 03:15:37.551983+00,2026-06-09 22:52:37.515+00,[],[],[],[],[],"[{""url"":""https://641bdd57-e650-4f10-a19f-628c07eb50b7-00-1e7i1aja8wnz9.worf.replit.dev/api/storage/objects/products/summerset/AZBS.jpg"",""alt_text"":""Aztec Barstool"",""is_primary"":true,""display_order"":0,""image_kind"":""gallery"",""variant_id"":null}]",[]
Summerset,summerset,2886,AZCB,Aztec Counter Barstool,aztec-counter-barstool-sm,"Description AZTEC COUNTER BARSTOOL Dimensions & Weight Product Dimension 47""x24.5x25"" Arm Height 34"" Seat Height 25"" Shipping Dimension 41""x33.5""x26.4"" Net Weight 48.4 lbs Gross Weight 60.5 lbs QTY/CTN 2 Specifications Color Chocolate Rosewood Frame Type Wicker on Aluminum Frame Cushion Purchase Separately Matching Cover C11; Warranty Frames: 10 years; Cushion 5 years California's Proposition 65 Warning For California Residents Additional Documents

<ul>
  <li>Color: Chocolate Rosewood</li>
  <li>Frame Type: Wicker on Aluminum Frame</li>
  <li>Matching Cover: C11;</li>
  <li>Warranty: Frames: 10 years; Cushion 5 years</li>
</ul>","Description AZTEC COUNTER BARSTOOL Dimensions & Weight Product Dimension 47""x24.5x25"" Arm Height 34"" Seat Height 25"" Shipping Dimension 41""x33.5""x26.4"" Net Weight 48.4 lbs Gross Weight 60.5 lbs QTY/CTN 2 Specifications Color Chocolate Rosewood Frame Type Wicker on Aluminum Frame Cushion Purchase Separately Matching Cover C11; Warranty Frames: 10 years; Cushion 5 years California's Proposition 65 Warning For California Residents Additional Documents",Bar,cat-bar,Wicker,wicker,,,,,,,fixed,,"47""x24.5x25""","{""Color"":""Chocolate Rosewood"",""Cushion"":""Purchase Separately"",""Frame Type"":""Wicker on Aluminum Frame"",""Net Weight"":""48.4 lbs"",""Qty/Carton"":""2"",""Gross Weight"":""60.5 lbs"",""Shipping Dimension"":""41\""x33.5\""x26.4\""""}","[""2_pack"",""Aztec"",""Bar"",""Stocking""]",false,true,false,true,false,,0,0,true,2026-05-30 03:15:35.902966+00,2026-06-09 22:52:37.515+00,[],[],[],[],[],"[{""url"":""https://641bdd57-e650-4f10-a19f-628c07eb50b7-00-1e7i1aja8wnz9.worf.replit.dev/api/storage/objects/products/summerset/AZCB.jpg"",""alt_text"":""Aztec Counter Barstool"",""is_primary"":true,""display_order"":0,""image_kind"":""gallery"",""variant_id"":null},{""url"":""https://641bdd57-e650-4f10-a19f-628c07eb50b7-00-1e7i1aja8wnz9.worf.replit.dev/api/storage/objects/products/summerset/AZCB_1.jpg"",""alt_text"":""Aztec Counter Barstool"",""is_primary"":false,""display_order"":1,""image_kind"":""gallery"",""variant_id"":null},{""url"":""https://641bdd57-e650-4f10-a19f-628c07eb50b7-00-1e7i1aja8wnz9.worf.replit.dev/api/storage/objects/products/summerset/AZCB_2.jpg"",""alt_text"":""Aztec Counter Barstool"",""is_primary"":false,""display_order"":2,""image_kind"":""gallery"",""variant_id"":null},{""url"":""https://641bdd57-e650-4f10-a19f-628c07eb50b7-00-1e7i1aja8wnz9.worf.replit.dev/api/storage/objects/products/summerset/AZCB_3.jpg"",""alt_text"":""Aztec Counter Barstool"",""is_primary"":false,""display_order"":3,""image_kind"":""gallery"",""variant_id"":null}]",[]
Summerset,summerset,2889,AZCC,Aztec Club Chair,aztec-club-chair-sm,"Description Aztec Club Chair Dimensions & Weight Product Dimension 30.3''x32.7''x36.8'' Arm Height 23"" Seat Height 10"" Shipping Dimension 34'' x44'' x45'' Net Weight 63.8 lbs Gross Weight 79.2 lbs QTY/CTN 2 Specifications Color Chocolate Rosewood Frame Type Wicker on Aluminum Frame Cushion Purchase Separately Matching Cover C21W; Warranty Frames: 10 years; Cushion 5 years California's Proposition 65 Warning For California Residents Additional Documents

<ul>
  <li>Color: Chocolate Rosewood</li>
  <li>Frame Type: Wicker on Aluminum Frame</li>
  <li>Matching Cover: C21W;</li>
  <li>Warranty: Frames: 10 years; Cushion 5 years</li>
</ul>","Description Aztec Club Chair Dimensions & Weight Product Dimension 30.3''x32.7''x36.8'' Arm Height 23"" Seat Height 10"" Shipping Dimension 34'' x44'' x45'' Net Weight 63.8 lbs Gross Weight 79.2 lbs QTY/CTN 2 Specifications Color Chocolate Rosewood Frame Type Wicker on Aluminum Frame Cushion Purchase Separately Matching Cover C21W; Warranty Frames: 10 years; Cushion 5 years California's Proposition 65 Warning For California Residents Additional Documents",Deep Seating,cat-deep-seating,Wicker,wicker,,,,,,,fixed,,30.3''x32.7''x36.8'',"{""Color"":""Chocolate Rosewood"",""Cushion"":""Purchase Separately"",""Frame Type"":""Wicker on Aluminum Frame"",""Net Weight"":""63.8 lbs"",""Qty/Carton"":""2"",""Gross Weight"":""79.2 lbs"",""Shipping Dimension"":""34''""}","[""2_pack"",""Aztec"",""Deep Seat""]",false,true,false,true,false,,0,0,true,2026-05-30 03:15:37.159534+00,2026-06-09 22:52:37.631+00,[],[],[],[],[],"[{""url"":""https://641bdd57-e650-4f10-a19f-628c07eb50b7-00-1e7i1aja8wnz9.worf.replit.dev/api/storage/objects/products/summerset/AZCC.jpg"",""alt_text"":""Aztec Club Chair"",""is_primary"":true,""display_order"":0,""image_kind"":""gallery"",""variant_id"":null},{""url"":""https://641bdd57-e650-4f10-a19f-628c07eb50b7-00-1e7i1aja8wnz9.worf.replit.dev/api/storage/objects/products/summerset/AZCC_1.jpg"",""alt_text"":""Aztec Club Chair"",""is_primary"":false,""display_order"":1,""image_kind"":""gallery"",""variant_id"":null},{""url"":""https://641bdd57-e650-4f10-a19f-628c07eb50b7-00-1e7i1aja8wnz9.worf.replit.dev/api/storage/objects/products/summerset/AZCC_2.jpg"",""alt_text"":""Aztec Club Chair"",""is_primary"":false,""display_order"":2,""image_kind"":""gallery"",""variant_id"":null},{""url"":""https://641bdd57-e650-4f10-a19f-628c07eb50b7-00-1e7i1aja8wnz9.worf.replit.dev/api/storage/objects/products/summerset/AZCC_3.jpg"",""alt_text"":""Aztec Club Chair"",""is_primary"":false,""display_order"":3,""image_kind"":""gallery"",""variant_id"":null}]",[]
Summerset,summerset,2888,AZCCS,Aztec Club Chair Swivel,aztec-club-chair-swivel-sm,"Description Aztec Club Chair Swivel Dimensions & Weight Product Dimension 30.3''x32.7''x36.8'' Arm Height 23"" Seat Height 10"" Shipping Dimension 34'' x44'' x45'' Net Weight lbs Gross Weight lbs QTY/CTN 1 Specifications Color Chocolate Rosewood Frame Type Wicker on Aluminum Frame Cushion Purchase Separately Matching Cover C21W; Warranty Frames: 10 years; Cushion 5 years California's Proposition 65 Warning For California Residents Additional Documents

<ul>
  <li>Color: Chocolate Rosewood</li>
  <li>Frame Type: Wicker on Aluminum Frame</li>
  <li>Matching Cover: C21W;</li>
  <li>Warranty: Frames: 10 years; Cushion 5 years</li>
</ul>","Description Aztec Club Chair Swivel Dimensions & Weight Product Dimension 30.3''x32.7''x36.8'' Arm Height 23"" Seat Height 10"" Shipping Dimension 34'' x44'' x45'' Net Weight lbs Gross Weight lbs QTY/CTN 1 Specifications Color Chocolate Rosewood Frame Type Wicker on Aluminum Frame Cushion Purchase Separately Matching Cover C21W; Warranty Frames: 10 years; Cushion 5 years California's Proposition 65 Warning For California Residents Additional Documents",Deep Seating,cat-deep-seating,Wicker,wicker,,,,,,,fixed,,30.3''x32.7''x36.8'',"{""Color"":""Chocolate Rosewood"",""Cushion"":""Purchase Separately"",""Frame Type"":""Wicker on Aluminum Frame"",""Qty/Carton"":""1"",""Shipping Dimension"":""34''""}","[""2_pack"",""Aztec"",""Deep Seat""]",false,true,false,true,false,,0,0,true,2026-05-30 03:15:36.277547+00,2026-06-09 22:52:37.631+00,[],[],[],[],[],"[{""url"":""https://641bdd57-e650-4f10-a19f-628c07eb50b7-00-1e7i1aja8wnz9.worf.replit.dev/api/storage/objects/products/summerset/AZCCS.jpg"",""alt_text"":""Aztec Club Chair Swivel"",""is_primary"":true,""display_order"":0,""image_kind"":""gallery"",""variant_id"":null}]",[]
Summerset,summerset,2890,AZCL,Aztec Chaise Lounge,aztec-chaise-lounge-sm,"Description AZTEC CHAISE LOUNGE Dimensions & Weight Product Dimension 37.5""x28.5""x80"" Arm Height 0 Seat Height 0 Shipping Dimension 74""x30""x22"" Net Weight 64 lbs Gross Weight 77 lbs QTY/CTN 2 Specifications Color Chocolate Rosewood Frame Type Wicker on Aluminum Frame Cushion Purchase Separately Matching Cover OL73; Warranty Frames: 10 years; Cushion 5 years California's Proposition 65 Warning For California Residents Additional Documents

<ul>
  <li>Color: Chocolate Rosewood</li>
  <li>Frame Type: Wicker on Aluminum Frame</li>
  <li>Matching Cover: OL73;</li>
  <li>Warranty: Frames: 10 years; Cushion 5 years</li>
</ul>","Description AZTEC CHAISE LOUNGE Dimensions & Weight Product Dimension 37.5""x28.5""x80"" Arm Height 0 Seat Height 0 Shipping Dimension 74""x30""x22"" Net Weight 64 lbs Gross Weight 77 lbs QTY/CTN 2 Specifications Color Chocolate Rosewood Frame Type Wicker on Aluminum Frame Cushion Purchase Separately Matching Cover OL73; Warranty Frames: 10 years; Cushion 5 years California's Proposition 65 Warning For California Residents Additional Documents",Chaise Lounges,cat-chaise-lounges,Wicker,wicker,,,,,,,fixed,,"37.5""x28.5""x80""","{""Color"":""Chocolate Rosewood"",""Cushion"":""Purchase Separately"",""Frame Type"":""Wicker on Aluminum Frame"",""Net Weight"":""64 lbs"",""Qty/Carton"":""2"",""Gross Weight"":""77 lbs"",""Shipping Dimension"":""74\""x30\""x22\""""}","[""2_pack"",""Aztec"",""Chaise"",""Stocking""]",false,true,false,true,false,,0,0,true,2026-05-30 03:15:37.371421+00,2026-06-09 22:52:37.61+00,[],[],[],[],[],"[{""url"":""https://641bdd57-e650-4f10-a19f-628c07eb50b7-00-1e7i1aja8wnz9.worf.replit.dev/api/storage/objects/products/summerset/AZCL.jpg"",""alt_text"":""Aztec Chaise Lounge"",""is_primary"":true,""display_order"":0,""image_kind"":""gallery"",""variant_id"":null}]",[]
Summerset,summerset,2887,AZCT,Aztec Coffee Table,aztec-coffee-table-sm,"Description Aztec Coffee Table Dimensions & Weight Product Dimension 18.1''x48''x24.4'' Arm Height 0 Seat Height 0 Shipping Dimension 19'' x25'' x49'' Net Weight 26.4 lbs Gross Weight 39.6 lbs QTY/CTN 1 Specifications Color Chocolate Rosewood Frame Type Wicker on Aluminum Frame Cushion Purchase Separately Matching Cover TC48; Cover will be slightly bigger. Warranty Frames: 10 years; Cushion 5 years California's Proposition 65 Warning For California Residents Additional Documents

<ul>
  <li>Color: Chocolate Rosewood</li>
  <li>Frame Type: Wicker on Aluminum Frame</li>
  <li>Matching Cover: TC48; Cover will be slightly bigger.</li>
  <li>Warranty: Frames: 10 years; Cushion 5 years</li>
</ul>",Description Aztec Coffee Table Dimensions & Weight Product Dimension 18.1''x48''x24.4'' Arm Height 0 Seat Height 0 Shipping Dimension 19'' x25'' x49'' Net Weight 26.4 lbs Gross Weight 39.6 lbs QTY/CTN 1 Specifications Color Chocolate Rosewood Frame Type Wicker on Aluminum Frame Cushion Purchase Separately Matching Cover TC48; Cover will be slightly bigger. Warranty Frames: 10 years; Cushion 5 years California's Proposition 65 Warning For California Residents Additional Documents,Coffee & Side Tables,cat-coffee-side-tables,Wicker,wicker,,,,,,,fixed,,18.1''x48''x24.4'',"{""Color"":""Chocolate Rosewood"",""Cushion"":""Purchase Separately"",""Frame Type"":""Wicker on Aluminum Frame"",""Net Weight"":""26.4 lbs"",""Qty/Carton"":""1"",""Gross Weight"":""39.6 lbs"",""Shipping Dimension"":""19''""}","[""Aztec"",""Deep Seat""]",false,true,false,true,false,,0,0,true,2026-05-30 03:15:36.110352+00,2026-06-09 22:52:37.657+00,[],[],[],[],[],"[{""url"":""https://641bdd57-e650-4f10-a19f-628c07eb50b7-00-1e7i1aja8wnz9.worf.replit.dev/api/storage/objects/products/summerset/AZCT.jpg"",""alt_text"":""Aztec Coffee Table"",""is_primary"":true,""display_order"":0,""image_kind"":""gallery"",""variant_id"":null}]",[]
Summerset,summerset,2883,AZDC,Aztec Dining Chair,aztec-dining-chair-sm,"Description AZTEC DINING CHAIR Dimensions & Weight Product Dimension 38""x24""x25"" Arm Height 26"" Seat Height 17"" Shipping Dimension 36.2""x26""x44"" Net Weight 61.6 lbs Gross Weight 75.9 lbs QTY/CTN 4 Specifications Color Chocolate Rosewood Frame Type Wicker on Aluminum Frame Cushion Purchase Separately Matching Cover C11; 4 chairs stacked up; or use table cover. Warranty Frames: 10 years; Cushion 5 years California's Proposition 65 Warning For California Residents Additional Documents

<ul>
  <li>Color: Chocolate Rosewood</li>
  <li>Frame Type: Wicker on Aluminum Frame</li>
  <li>Matching Cover: C11; 4 chairs stacked up; or use table cover.</li>
  <li>Warranty: Frames: 10 years; Cushion 5 years</li>
</ul>","Description AZTEC DINING CHAIR Dimensions & Weight Product Dimension 38""x24""x25"" Arm Height 26"" Seat Height 17"" Shipping Dimension 36.2""x26""x44"" Net Weight 61.6 lbs Gross Weight 75.9 lbs QTY/CTN 4 Specifications Color Chocolate Rosewood Frame Type Wicker on Aluminum Frame Cushion Purchase Separately Matching Cover C11; 4 chairs stacked up; or use table cover. Warranty Frames: 10 years; Cushion 5 years California's Proposition 65 Warning For California Residents Additional Documents",Dining,cat-dining,Wicker,wicker,,,,,,,fixed,,"38""x24""x25""","{""Color"":""Chocolate Rosewood"",""Cushion"":""Purchase Separately"",""Frame Type"":""Wicker on Aluminum Frame"",""Net Weight"":""61.6 lbs"",""Qty/Carton"":""4"",""Gross Weight"":""75.9 lbs"",""Shipping Dimension"":""36.2\""x26\""x44\""""}","[""Aztec"",""Dining"",""Stocking""]",false,true,false,true,false,,0,0,true,2026-05-30 03:15:34.570597+00,2026-06-09 22:52:37.617+00,[],[],[],[],[],"[{""url"":""https://641bdd57-e650-4f10-a19f-628c07eb50b7-00-1e7i1aja8wnz9.worf.replit.dev/api/storage/objects/products/summerset/AZDC.jpg"",""alt_text"":""Aztec Dining Chair"",""is_primary"":true,""display_order"":0,""image_kind"":""gallery"",""variant_id"":null},{""url"":""https://641bdd57-e650-4f10-a19f-628c07eb50b7-00-1e7i1aja8wnz9.worf.replit.dev/api/storage/objects/products/summerset/AZDC_1.jpg"",""alt_text"":""Aztec Dining Chair"",""is_primary"":false,""display_order"":1,""image_kind"":""gallery"",""variant_id"":null},{""url"":""https://641bdd57-e650-4f10-a19f-628c07eb50b7-00-1e7i1aja8wnz9.worf.replit.dev/api/storage/objects/products/summerset/AZDC_2.jpg"",""alt_text"":""Aztec Dining Chair"",""is_primary"":false,""display_order"":2,""image_kind"":""gallery"",""variant_id"":null}]",[]
Summerset,summerset,2879,AZDSLA,Aztec Sectional Deep Seat Left Arm,aztec-sectional-deep-seat-left-arm-sm,"Description Aztec Sectional Deep Seat Left Arm Dimensions & Weight Product Dimension 30.3''x32.7''x30.1'' Arm Height 23"" Seat Height 10"" Shipping Dimension 34'' x31'' x45'' Net Weight 52.8 lbs Gross Weight 68.2 lbs QTY/CTN 2 Specifications Color Chocolate Rosewood Frame Type Wicker on Aluminum Frame Cushion Purchase Separately Matching Cover M409; Modular cover piece only available in Mercury series. Warranty Frames: 10 years; Cushion 5 years California's Proposition 65 Warning For California Re

<ul>
  <li>Color: Chocolate Rosewood</li>
  <li>Frame Type: Wicker on Aluminum Frame</li>
  <li>Matching Cover: M409; Modular cover piece only available in Mercury series.</li>
  <li>Warranty: Frames: 10 years; Cushion 5 years</li>
</ul>","Description Aztec Sectional Deep Seat Left Arm Dimensions & Weight Product Dimension 30.3''x32.7''x30.1'' Arm Height 23"" Seat Height 10"" Shipping Dimension 34'' x31'' x45'' Net Weight 52.8 lbs Gross Weight 68.2 lbs QTY/CTN 2 Specifications Color Chocolate Rosewood Frame Type Wicker on Aluminum Frame Cushion Purchase Separately Matching Cover M409; Modular cover piece only available in Mercury series. Warranty Frames: 10 years; Cushion 5 years California's Proposition 65 Warning For California Re",Deep Seating,cat-deep-seating,Wicker,wicker,,,,,,,fixed,,30.3''x32.7''x30.1'',"{""Color"":""Chocolate Rosewood"",""Cushion"":""Purchase Separately"",""Frame Type"":""Wicker on Aluminum Frame"",""Net Weight"":""52.8 lbs"",""Qty/Carton"":""2"",""Gross Weight"":""68.2 lbs"",""Shipping Dimension"":""34''""}","[""Aztec"",""Deep Seat"",""Sectional""]",false,true,false,true,false,,0,0,true,2026-05-30 03:15:32.905704+00,2026-06-09 22:52:37.631+00,[],[],[],[],[],"[{""url"":""https://641bdd57-e650-4f10-a19f-628c07eb50b7-00-1e7i1aja8wnz9.worf.replit.dev/api/storage/objects/products/summerset/AZDSLA.jpg"",""alt_text"":""Aztec Sectional Deep Seat Left Arm"",""is_primary"":true,""display_order"":0,""image_kind"":""gallery"",""variant_id"":null}]",[]
Summerset,summerset,2885,AZDSLS,Aztec Deep Loveseat,aztec-deep-loveseat-sm,"Description Aztec Deep Loveseat Dimensions & Weight Product Dimension 30.3''x32.7''x62.2'' Arm Height 23"" Seat Height 10"" Shipping Dimension 34'' x45'' x68'' Net Weight 88 lbs Gross Weight 110 lbs QTY/CTN 2 Specifications Color Chocolate Rosewood Frame Type Wicker on Aluminum Frame Cushion Purchase Separately Matching Cover C22W; Warranty Frames: 10 years; Cushion 5 years California's Proposition 65 Warning For California Residents Additional Documents

<ul>
  <li>Color: Chocolate Rosewood</li>
  <li>Frame Type: Wicker on Aluminum Frame</li>
  <li>Matching Cover: C22W;</li>
  <li>Warranty: Frames: 10 years; Cushion 5 years</li>
</ul>","Description Aztec Deep Loveseat Dimensions & Weight Product Dimension 30.3''x32.7''x62.2'' Arm Height 23"" Seat Height 10"" Shipping Dimension 34'' x45'' x68'' Net Weight 88 lbs Gross Weight 110 lbs QTY/CTN 2 Specifications Color Chocolate Rosewood Frame Type Wicker on Aluminum Frame Cushion Purchase Separately Matching Cover C22W; Warranty Frames: 10 years; Cushion 5 years California's Proposition 65 Warning For California Residents Additional Documents",Deep Seating,cat-deep-seating,Wicker,wicker,,,,,,,fixed,,30.3''x32.7''x62.2'',"{""Color"":""Chocolate Rosewood"",""Cushion"":""Purchase Separately"",""Frame Type"":""Wicker on Aluminum Frame"",""Net Weight"":""88 lbs"",""Qty/Carton"":""2"",""Gross Weight"":""110 lbs"",""Shipping Dimension"":""34''""}","[""2_pack"",""Aztec"",""Deep Seat""]",false,true,false,true,false,,0,0,true,2026-05-30 03:15:35.14134+00,2026-06-09 22:52:37.631+00,[],[],[],[],[],"[{""url"":""https://641bdd57-e650-4f10-a19f-628c07eb50b7-00-1e7i1aja8wnz9.worf.replit.dev/api/storage/objects/products/summerset/AZDSLS.jpg"",""alt_text"":""Aztec Deep Loveseat"",""is_primary"":true,""display_order"":0,""image_kind"":""gallery"",""variant_id"":null},{""url"":""https://641bdd57-e650-4f10-a19f-628c07eb50b7-00-1e7i1aja8wnz9.worf.replit.dev/api/storage/objects/products/summerset/AZDSLS_1.jpg"",""alt_text"":""Aztec Deep Loveseat"",""is_primary"":false,""display_order"":1,""image_kind"":""gallery"",""variant_id"":null}]",[]
Summerset,summerset,2591,AZDSLSLA,Aztec Dark Sectional Loveseat Left Arm Facing,aztec-dark-sectional-loveseat-left-arm-facing-sm,"Infuse your outdoor space with rich texture and bold character using the Aztec Dark Sectional Loveseat Left Arm Facing by Summerset Casual . Crafted with handwoven all-weather wicker in a deep espresso finish, this loveseat delivers a sophisticated, earthy aesthetic with enduring durability. The left arm facing configuration makes it an essential component for custom sectional arrangements, pairing seamlessly with other pieces in the Aztec collection. Topped with plush, fade-resistant cushions,","Infuse your outdoor space with rich texture and bold character using the Aztec Dark Sectional Loveseat Left Arm Facing by Summerset Casual . Crafted with handwoven all-weather wicker in a deep espresso finish, this loveseat delivers a sophisticated, earthy aesthetic with enduring durability. The left arm facing configuration makes it an essential component for custom sectional arrangements, pairing seamlessly with other pieces in the Aztec collection. Topped with plush, fade-resistant cushions,",Deep Seating,cat-deep-seating,Wicker,wicker,,,,,,,fixed,,,"{""Cushion"":""s, this piece brings together rustic charm and modern comfor""}","[""Loveseat"",""Summerset Casual""]",false,true,false,true,false,,0,0,true,2026-05-30 03:13:24.647883+00,2026-06-09 22:52:37.631+00,[],[],[],[],[],"[{""url"":""https://641bdd57-e650-4f10-a19f-628c07eb50b7-00-1e7i1aja8wnz9.worf.replit.dev/api/storage/objects/products/summerset/AZDSLSLA.jpg"",""alt_text"":""Aztec Dark Sectional Loveseat Left Arm Facing"",""is_primary"":true,""display_order"":0,""image_kind"":""gallery"",""variant_id"":null}]",[]
Summerset,summerset,2590,AZDSLSRA,Aztec Dark Sectional Loveseat Right Arm Facing,aztec-dark-sectional-loveseat-right-arm-facing-sm,"Complete your modular outdoor seating with the Aztec Dark Sectional Loveseat Right Arm Facing by Summerset Casual . This beautifully crafted piece features handwoven, all-weather wicker in a rich dark finish, offering a warm, natural look with exceptional resilience. Designed for versatility, the right arm facing layout allows seamless integration with other sectional components from the Aztec collection. Deep, weather-resistant cushions provide cozy support, making it ideal for lounging, entert","Complete your modular outdoor seating with the Aztec Dark Sectional Loveseat Right Arm Facing by Summerset Casual . This beautifully crafted piece features handwoven, all-weather wicker in a rich dark finish, offering a warm, natural look with exceptional resilience. Designed for versatility, the right arm facing layout allows seamless integration with other sectional components from the Aztec collection. Deep, weather-resistant cushions provide cozy support, making it ideal for lounging, entert",Deep Seating,cat-deep-seating,Wicker,wicker,,,,,,,fixed,,,"{""Cushion"":""s provide cozy support, making it ideal for lounging, entert""}","[""Loveseat"",""Summerset Casual""]",false,true,false,true,false,,0,0,true,2026-05-30 03:13:24.516083+00,2026-06-09 22:52:37.631+00,[],[],[],[],[],"[{""url"":""https://641bdd57-e650-4f10-a19f-628c07eb50b7-00-1e7i1aja8wnz9.worf.replit.dev/api/storage/objects/products/summerset/AZDSLSRA.jpg"",""alt_text"":""Aztec Dark Sectional Loveseat Right Arm Facing"",""is_primary"":true,""display_order"":0,""image_kind"":""gallery"",""variant_id"":null}]",[]
Summerset,summerset,2878,AZDSRA,Aztec Sectional Deep Seat Right Arm,aztec-sectional-deep-seat-right-arm-sm,"Description Aztec Sectional Deep Seat Right Arm Dimensions & Weight Product Dimension 30.3''x32.7''x30.1'' Arm Height 23"" Seat Height 10"" Shipping Dimension 34'' x31'' x45'' Net Weight 52.8 lbs Gross Weight 68.2 lbs QTY/CTN 2 Specifications Color Chocolate Rosewood Frame Type Wicker on Aluminum Frame Cushion Purchase Separately Matching Cover M407; Modular cover piece only available in Mercury series. Warranty Frames: 10 years; Cushion 5 years California's Proposition 65 Warning For California R

<ul>
  <li>Color: Chocolate Rosewood</li>
  <li>Frame Type: Wicker on Aluminum Frame</li>
  <li>Matching Cover: M407; Modular cover piece only available in Mercury series.</li>
  <li>Warranty: Frames: 10 years; Cushion 5 years</li>
</ul>","Description Aztec Sectional Deep Seat Right Arm Dimensions & Weight Product Dimension 30.3''x32.7''x30.1'' Arm Height 23"" Seat Height 10"" Shipping Dimension 34'' x31'' x45'' Net Weight 52.8 lbs Gross Weight 68.2 lbs QTY/CTN 2 Specifications Color Chocolate Rosewood Frame Type Wicker on Aluminum Frame Cushion Purchase Separately Matching Cover M407; Modular cover piece only available in Mercury series. Warranty Frames: 10 years; Cushion 5 years California's Proposition 65 Warning For California R",Deep Seating,cat-deep-seating,Wicker,wicker,,,,,,,fixed,,30.3''x32.7''x30.1'',"{""Color"":""Chocolate Rosewood"",""Cushion"":""Purchase Separately"",""Frame Type"":""Wicker on Aluminum Frame"",""Net Weight"":""52.8 lbs"",""Qty/Carton"":""2"",""Gross Weight"":""68.2 lbs"",""Shipping Dimension"":""34''""}","[""Aztec"",""Deep Seat"",""Sectional""]",false,true,false,true,false,,0,0,true,2026-05-30 03:15:32.70839+00,2026-06-09 22:52:37.631+00,[],[],[],[],[],"[{""url"":""https://641bdd57-e650-4f10-a19f-628c07eb50b7-00-1e7i1aja8wnz9.worf.replit.dev/api/storage/objects/products/summerset/AZDSRA.jpg"",""alt_text"":""Aztec Sectional Deep Seat Right Arm"",""is_primary"":true,""display_order"":0,""image_kind"":""gallery"",""variant_id"":null}]",[]
Summerset,summerset,2884,AZDSS,Aztec Deep Seat Sofa,aztec-deep-seat-sofa-sm,"Description Aztec Deep Seat Sofa Dimensions & Weight Product Dimension 30.3''x32.7''x85'' Arm Height 23"" Seat Height 10"" Shipping Dimension 34'' x45'' x93'' Net Weight 110 lbs Gross Weight 136.4 lbs QTY/CTN 2 Specifications Color Chocolate Rosewood Frame Type Wicker on Aluminum Frame Cushion Purchase Separately Matching Cover C23W; Warranty Frames: 10 years; Cushion 5 years California's Proposition 65 Warning For California Residents Additional Documents

<ul>
  <li>Color: Chocolate Rosewood</li>
  <li>Frame Type: Wicker on Aluminum Frame</li>
  <li>Matching Cover: C23W;</li>
  <li>Warranty: Frames: 10 years; Cushion 5 years</li>
</ul>","Description Aztec Deep Seat Sofa Dimensions & Weight Product Dimension 30.3''x32.7''x85'' Arm Height 23"" Seat Height 10"" Shipping Dimension 34'' x45'' x93'' Net Weight 110 lbs Gross Weight 136.4 lbs QTY/CTN 2 Specifications Color Chocolate Rosewood Frame Type Wicker on Aluminum Frame Cushion Purchase Separately Matching Cover C23W; Warranty Frames: 10 years; Cushion 5 years California's Proposition 65 Warning For California Residents Additional Documents",Deep Seating,cat-deep-seating,Wicker,wicker,,,,,,,fixed,,30.3''x32.7''x85'',"{""Color"":""Chocolate Rosewood"",""Cushion"":""Purchase Separately"",""Frame Type"":""Wicker on Aluminum Frame"",""Net Weight"":""110 lbs"",""Qty/Carton"":""2"",""Gross Weight"":""136.4 lbs"",""Shipping Dimension"":""34''""}","[""2_pack"",""Aztec"",""Deep Seat""]",false,true,false,true,false,,0,0,true,2026-05-30 03:15:34.776379+00,2026-06-09 22:52:37.631+00,[],[],[],[],[],"[{""url"":""https://641bdd57-e650-4f10-a19f-628c07eb50b7-00-1e7i1aja8wnz9.worf.replit.dev/api/storage/objects/products/summerset/AZDSS.jpg"",""alt_text"":""Aztec Deep Seat Sofa"",""is_primary"":true,""display_order"":0,""image_kind"":""gallery"",""variant_id"":null}]",[]
Summerset,summerset,2882,AZROT44,"Aztec Round Ottoman 44""",aztec-round-ottoman-44-sm,"Description Aztec Round Ottoman 44"" Dimensions & Weight Product Dimension 10""x44""x44"" Arm Height 0 Seat Height 10"" Shipping Dimension 13.5""x45""x45"" Net Weight 18.5 lbs Gross Weight 38 lbs QTY/CTN 1 Specifications Color Chocolate Rosewood Frame Type Wicker on Aluminum Frame Cushion Purchase Separately Warranty Frames: 10 years; Cushion 5 years California's Proposition 65 Warning For California Residents Additional Documents

<ul>
  <li>Color: Chocolate Rosewood</li>
  <li>Frame Type: Wicker on Aluminum Frame</li>
  <li>Warranty: Frames: 10 years; Cushion 5 years</li>
</ul>","Description Aztec Round Ottoman 44"" Dimensions & Weight Product Dimension 10""x44""x44"" Arm Height 0 Seat Height 10"" Shipping Dimension 13.5""x45""x45"" Net Weight 18.5 lbs Gross Weight 38 lbs QTY/CTN 1 Specifications Color Chocolate Rosewood Frame Type Wicker on Aluminum Frame Cushion Purchase Separately Warranty Frames: 10 years; Cushion 5 years California's Proposition 65 Warning For California Residents Additional Documents",Accent Pieces,cat-accent-pieces,Wicker,wicker,,,,,,,fixed,,"10""x44""x44""","{""Color"":""Chocolate Rosewood"",""Cushion"":""Purchase Separately"",""Frame Type"":""Wicker on Aluminum Frame"",""Net Weight"":""18.5 lbs"",""Qty/Carton"":""1"",""Gross Weight"":""38 lbs"",""Shipping Dimension"":""13.5\""x45\""x45\""""}","[""Aztec"",""Deep Seat""]",false,true,false,true,false,,0,0,true,2026-05-30 03:15:34.022665+00,2026-06-09 22:52:37.641+00,[],[],[],[],[],"[{""url"":""https://641bdd57-e650-4f10-a19f-628c07eb50b7-00-1e7i1aja8wnz9.worf.replit.dev/api/storage/objects/products/summerset/AZROT44.jpg"",""alt_text"":""Aztec Round Ottoman 44\"""",""is_primary"":true,""display_order"":0,""image_kind"":""gallery"",""variant_id"":null},{""url"":""https://641bdd57-e650-4f10-a19f-628c07eb50b7-00-1e7i1aja8wnz9.worf.replit.dev/api/storage/objects/products/summerset/AZROT44_1.jpg"",""alt_text"":""Aztec Round Ottoman 44\"""",""is_primary"":false,""display_order"":1,""image_kind"":""gallery"",""variant_id"":null},{""url"":""https://641bdd57-e650-4f10-a19f-628c07eb50b7-00-1e7i1aja8wnz9.worf.replit.dev/api/storage/objects/products/summerset/AZROT44_2.jpg"",""alt_text"":""Aztec Round Ottoman 44\"""",""is_primary"":false,""display_order"":2,""image_kind"":""gallery"",""variant_id"":null}]",[]
Summerset,summerset,2881,AZSAC,Aztec Sectional Armless Club Chair,aztec-sectional-armless-club-chair-sm,"Description Aztec Sectional Armless Club Chair Dimensions & Weight Product Dimension 30.3''x32.7''x24'' Arm Height Seat Height 10"" Shipping Dimension 31'' x25'' x36'' Net Weight 22 lbs Gross Weight 33 lbs QTY/CTN 1 Specifications Color Chocolate Rosewood Frame Type Wicker on Aluminum Frame Cushion Purchase Separately Matching Cover M402; Modular cover piece only available in Mercury series. Warranty Frames: 10 years; Cushion 5 years California's Proposition 65 Warning For California Residents Ad

<ul>
  <li>Color: Chocolate Rosewood</li>
  <li>Frame Type: Wicker on Aluminum Frame</li>
  <li>Matching Cover: M402; Modular cover piece only available in Mercury series.</li>
  <li>Warranty: Frames: 10 years; Cushion 5 years</li>
</ul>","Description Aztec Sectional Armless Club Chair Dimensions & Weight Product Dimension 30.3''x32.7''x24'' Arm Height Seat Height 10"" Shipping Dimension 31'' x25'' x36'' Net Weight 22 lbs Gross Weight 33 lbs QTY/CTN 1 Specifications Color Chocolate Rosewood Frame Type Wicker on Aluminum Frame Cushion Purchase Separately Matching Cover M402; Modular cover piece only available in Mercury series. Warranty Frames: 10 years; Cushion 5 years California's Proposition 65 Warning For California Residents Ad",Deep Seating,cat-deep-seating,Wicker,wicker,,,,,,,fixed,,30.3''x32.7''x24'',"{""Color"":""Chocolate Rosewood"",""Cushion"":""Purchase Separately"",""Frame Type"":""Wicker on Aluminum Frame"",""Net Weight"":""22 lbs"",""Qty/Carton"":""1"",""Gross Weight"":""33 lbs"",""Shipping Dimension"":""31''""}","[""2_pack"",""Aztec"",""Deep Seat"",""Sectional""]",false,true,false,true,false,,0,0,true,2026-05-30 03:15:33.281529+00,2026-06-09 22:52:37.631+00,[],[],[],[],[],"[{""url"":""https://641bdd57-e650-4f10-a19f-628c07eb50b7-00-1e7i1aja8wnz9.worf.replit.dev/api/storage/objects/products/summerset/AZSAC.jpg"",""alt_text"":""Aztec Sectional Armless Club Chair"",""is_primary"":true,""display_order"":0,""image_kind"":""gallery"",""variant_id"":null}]",[]
Summerset,summerset,2875,AZSB,Aztec Sun Bed (Container Order Only),aztec-sun-bed-container-order-only-sm,"Description This product is for Container Direct order only. Please check our Container Direct Order Guidelines for ordering instruction. However, if this product is Not showing ""out of stock"", it means we still have some leftover quantity in our California warehouse. In which case, you can order up to the available quantity shown. In addition, these leftover items are discounted 20% to their regular prices. Dimensions & Weight Product Dimension 12""x66.5""x92.5"" Arm Height Tray: 23"" Seat Height B","Description This product is for Container Direct order only. Please check our Container Direct Order Guidelines for ordering instruction. However, if this product is Not showing ""out of stock"", it means we still have some leftover quantity in our California warehouse. In which case, you can order up to the available quantity shown. In addition, these leftover items are discounted 20% to their regular prices. Dimensions & Weight Product Dimension 12""x66.5""x92.5"" Arm Height Tray: 23"" Seat Height B",Daybeds,cat-daybeds,,,,,,,,,fixed,,"12""x66.5""x92.5""","{""Color"":""Chocolate Rosewood"",""Cushion"":""Purchase Separately"",""Frame Type"":""Wicker on Aluminum Frame"",""Net Weight"":""99 lbs"",""Qty/Carton"":""1"",""Gross Weight"":""132 lbs"",""Shipping Dimension"":""94\""x13\""x67\""""}","[""Aztec"",""Chaise""]",false,true,false,true,false,,0,0,true,2026-05-30 03:15:31.777859+00,2026-06-09 22:52:37.7+00,[],[],[],[],[],"[{""url"":""https://641bdd57-e650-4f10-a19f-628c07eb50b7-00-1e7i1aja8wnz9.worf.replit.dev/api/storage/objects/products/summerset/AZSB.jpg"",""alt_text"":""Aztec Sun Bed (Container Order Only)"",""is_primary"":true,""display_order"":0,""image_kind"":""gallery"",""variant_id"":null}]",[]
Summerset,summerset,2880,AZSCC,Aztec Sectional Corner Club Chair,aztec-sectional-corner-club-chair-sm,"Description Aztec Sectional Corner Club Chair Dimensions & Weight Product Dimension 30.3''x32.7''x32.7'' Arm Height Seat Height 10"" Shipping Dimension 41'' x36'' x36'' Net Weight 45.1 lbs Gross Weight 60.5 lbs QTY/CTN 1 Specifications Color Chocolate Rosewood Frame Type Wicker on Aluminum Frame Cushion Purchase Separately Matching Cover M404; Modular cover piece only available in Mercury series. Warranty Frames: 10 years; Cushion 5 years California's Proposition 65 Warning For California Residen

<ul>
  <li>Color: Chocolate Rosewood</li>
  <li>Frame Type: Wicker on Aluminum Frame</li>
  <li>Matching Cover: M404; Modular cover piece only available in Mercury series.</li>
  <li>Warranty: Frames: 10 years; Cushion 5 years</li>
</ul>","Description Aztec Sectional Corner Club Chair Dimensions & Weight Product Dimension 30.3''x32.7''x32.7'' Arm Height Seat Height 10"" Shipping Dimension 41'' x36'' x36'' Net Weight 45.1 lbs Gross Weight 60.5 lbs QTY/CTN 1 Specifications Color Chocolate Rosewood Frame Type Wicker on Aluminum Frame Cushion Purchase Separately Matching Cover M404; Modular cover piece only available in Mercury series. Warranty Frames: 10 years; Cushion 5 years California's Proposition 65 Warning For California Residen",Deep Seating,cat-deep-seating,Wicker,wicker,,,,,,,fixed,,30.3''x32.7''x32.7'',"{""Color"":""Chocolate Rosewood"",""Cushion"":""Purchase Separately"",""Frame Type"":""Wicker on Aluminum Frame"",""Net Weight"":""45.1 lbs"",""Qty/Carton"":""1"",""Gross Weight"":""60.5 lbs"",""Shipping Dimension"":""41''""}","[""Aztec"",""Deep Seat"",""Sectional""]",false,true,false,true,false,,0,0,true,2026-05-30 03:15:33.090707+00,2026-06-09 22:52:37.631+00,[],[],[],[],[],"[{""url"":""https://641bdd57-e650-4f10-a19f-628c07eb50b7-00-1e7i1aja8wnz9.worf.replit.dev/api/storage/objects/products/summerset/AZSCC.jpg"",""alt_text"":""Aztec Sectional Corner Club Chair"",""is_primary"":true,""display_order"":0,""image_kind"":""gallery"",""variant_id"":null}]",[]
Summerset,summerset,2877,AZSQAT,Aztec Square Accent Table,aztec-square-accent-table-sm,"Description Aztec Square Accent Table Dimensions & Weight Product Dimension 18.1''x24.4''x24.4'' Shipping Dimension 19'' x25'' x25'' Net Weight 15.84 lbs Gross Weight 25.3 lbs QTY/CTN 1 Specifications Color Chocolate Rosewood Frame Type Wicker on Aluminum Frame Warranty Wicker: 5 years; Frames: 10 years; California's Proposition 65 Warning For California Residents Additional Documents

<ul>
  <li>Color: Chocolate Rosewood</li>
  <li>Frame Type: Wicker on Aluminum Frame</li>
  <li>Warranty: Wicker: 5 years; Frames: 10 years;</li>
</ul>",Description Aztec Square Accent Table Dimensions & Weight Product Dimension 18.1''x24.4''x24.4'' Shipping Dimension 19'' x25'' x25'' Net Weight 15.84 lbs Gross Weight 25.3 lbs QTY/CTN 1 Specifications Color Chocolate Rosewood Frame Type Wicker on Aluminum Frame Warranty Wicker: 5 years; Frames: 10 years; California's Proposition 65 Warning For California Residents Additional Documents,Accent Pieces,cat-accent-pieces,Wicker,wicker,,,,,,,fixed,,18.1''x24.4''x24.4'',"{""Color"":""Chocolate Rosewood"",""Frame Type"":""Wicker on Aluminum Frame"",""Net Weight"":""15.84 lbs"",""Qty/Carton"":""1"",""Gross Weight"":""25.3 lbs"",""Shipping Dimension"":""19''""}","[""Aztec"",""Deep Seat""]",false,true,false,true,false,,0,0,true,2026-05-30 03:15:32.505365+00,2026-06-09 22:52:37.641+00,[],[],[],[],[],"[{""url"":""https://641bdd57-e650-4f10-a19f-628c07eb50b7-00-1e7i1aja8wnz9.worf.replit.dev/api/storage/objects/products/summerset/AZSQAT.jpg"",""alt_text"":""Aztec Square Accent Table"",""is_primary"":true,""display_order"":0,""image_kind"":""gallery"",""variant_id"":null},{""url"":""https://641bdd57-e650-4f10-a19f-628c07eb50b7-00-1e7i1aja8wnz9.worf.replit.dev/api/storage/objects/products/summerset/AZSQAT_1.jpg"",""alt_text"":""Aztec Square Accent Table"",""is_primary"":false,""display_order"":1,""image_kind"":""gallery"",""variant_id"":null}]",[]
Summerset,summerset,2876,AZSQOT30,"Aztec Square Ottoman 30""",aztec-square-ottoman-30-sm,"Description Aztec Square Ottoman 30"" Dimensions & Weight Product Dimension 10""x30""x30"" Arm Height 0 Seat Height 10"" Shipping Dimension 18""x31.5""x31.5"" Net Weight 11.7 lbs Gross Weight 23 lbs QTY/CTN 1 Specifications Color Chocolate Rosewood Frame Type Wicker on Aluminum Frame Cushion Purchase Separately Warranty Frames: 10 years; Cushion 5 years California's Proposition 65 Warning For California Residents Additional Documents

<ul>
  <li>Color: Chocolate Rosewood</li>
  <li>Frame Type: Wicker on Aluminum Frame</li>
  <li>Warranty: Frames: 10 years; Cushion 5 years</li>
</ul>","Description Aztec Square Ottoman 30"" Dimensions & Weight Product Dimension 10""x30""x30"" Arm Height 0 Seat Height 10"" Shipping Dimension 18""x31.5""x31.5"" Net Weight 11.7 lbs Gross Weight 23 lbs QTY/CTN 1 Specifications Color Chocolate Rosewood Frame Type Wicker on Aluminum Frame Cushion Purchase Separately Warranty Frames: 10 years; Cushion 5 years California's Proposition 65 Warning For California Residents Additional Documents",Accent Pieces,cat-accent-pieces,Wicker,wicker,,,,,,,fixed,,"10""x30""x30""","{""Color"":""Chocolate Rosewood"",""Cushion"":""Purchase Separately"",""Frame Type"":""Wicker on Aluminum Frame"",""Net Weight"":""11.7 lbs"",""Qty/Carton"":""1"",""Gross Weight"":""23 lbs"",""Shipping Dimension"":""18\""x31.5\""x31.5\""""}","[""Aztec"",""Deep Seat""]",false,true,false,true,false,,0,0,true,2026-05-30 03:15:32.165537+00,2026-06-09 22:52:37.641+00,[],[],[],[],[],"[{""url"":""https://641bdd57-e650-4f10-a19f-628c07eb50b7-00-1e7i1aja8wnz9.worf.replit.dev/api/storage/objects/products/summerset/AZSQOT30.jpg"",""alt_text"":""Aztec Square Ottoman 30\"""",""is_primary"":true,""display_order"":0,""image_kind"":""gallery"",""variant_id"":null},{""url"":""https://641bdd57-e650-4f10-a19f-628c07eb50b7-00-1e7i1aja8wnz9.worf.replit.dev/api/storage/objects/products/summerset/AZSQOT30_1.jpg"",""alt_text"":""Aztec Square Ottoman 30\"""",""is_primary"":false,""display_order"":1,""image_kind"":""gallery"",""variant_id"":null}]",[]
Summerset,summerset,2874,AZSR,Aztec Swivel Rocker,aztec-swivel-rocker-sm,"Description AZTEC SWIVEL ROCKER Dimensions & Weight Product Dimension 38""x24""x25"" Arm Height 25"" Seat Height 16"" Shipping Dimension 35.8""x27.6""x26.4"" Net Weight 44 lbs Gross Weight 53 lbs QTY/CTN 2 Specifications Color Chocolate Rosewood Frame Type Wicker on Aluminum Frame Cushion Purchase Separately Matching Cover C11; Cover will be bigger. Suggest using table cover. Warranty Frames: 10 years; Cushion 5 years California's Proposition 65 Warning For California Residents Additional Documents

<ul>
  <li>Color: Chocolate Rosewood</li>
  <li>Frame Type: Wicker on Aluminum Frame</li>
  <li>Matching Cover: C11; Cover will be bigger. Suggest using table cover.</li>
  <li>Warranty: Frames: 10 years; Cushion 5 years</li>
</ul>","Description AZTEC SWIVEL ROCKER Dimensions & Weight Product Dimension 38""x24""x25"" Arm Height 25"" Seat Height 16"" Shipping Dimension 35.8""x27.6""x26.4"" Net Weight 44 lbs Gross Weight 53 lbs QTY/CTN 2 Specifications Color Chocolate Rosewood Frame Type Wicker on Aluminum Frame Cushion Purchase Separately Matching Cover C11; Cover will be bigger. Suggest using table cover. Warranty Frames: 10 years; Cushion 5 years California's Proposition 65 Warning For California Residents Additional Documents",Deep Seating,cat-deep-seating,Wicker,wicker,,,,,,,fixed,,"38""x24""x25""","{""Color"":""Chocolate Rosewood"",""Cushion"":""Purchase Separately"",""Frame Type"":""Wicker on Aluminum Frame"",""Net Weight"":""44 lbs"",""Qty/Carton"":""2"",""Gross Weight"":""53 lbs"",""Shipping Dimension"":""35.8\""x27.6\""x26.4\""""}","[""2_pack"",""Aztec"",""Dining"",""Stocking""]",false,true,false,true,false,,0,0,true,2026-05-30 03:15:31.627313+00,2026-06-09 22:52:37.631+00,[],[],[],[],[],"[{""url"":""https://641bdd57-e650-4f10-a19f-628c07eb50b7-00-1e7i1aja8wnz9.worf.replit.dev/api/storage/objects/products/summerset/AZSR.jpg"",""alt_text"":""Aztec Swivel Rocker"",""is_primary"":true,""display_order"":0,""image_kind"":""gallery"",""variant_id"":null},{""url"":""https://641bdd57-e650-4f10-a19f-628c07eb50b7-00-1e7i1aja8wnz9.worf.replit.dev/api/storage/objects/products/summerset/AZSR_1.jpg"",""alt_text"":""Aztec Swivel Rocker"",""is_primary"":false,""display_order"":1,""image_kind"":""gallery"",""variant_id"":null},{""url"":""https://641bdd57-e650-4f10-a19f-628c07eb50b7-00-1e7i1aja8wnz9.worf.replit.dev/api/storage/objects/products/summerset/AZSR_2.jpg"",""alt_text"":""Aztec Swivel Rocker"",""is_primary"":false,""display_order"":2,""image_kind"":""gallery"",""variant_id"":null},{""url"":""https://641bdd57-e650-4f10-a19f-628c07eb50b7-00-1e7i1aja8wnz9.worf.replit.dev/api/storage/objects/products/summerset/AZSR_3.jpg"",""alt_text"":""Aztec Swivel Rocker"",""is_primary"":false,""display_order"":3,""image_kind"":""gallery"",""variant_id"":null},{""url"":""https://641bdd57-e650-4f10-a19f-628c07eb50b7-00-1e7i1aja8wnz9.worf.replit.dev/api/storage/objects/products/summerset/AZSR_4.png"",""alt_text"":""Aztec Swivel Rocker"",""is_primary"":false,""display_order"":4,""image_kind"":""gallery"",""variant_id"":null},{""url"":""https://641bdd57-e650-4f10-a19f-628c07eb50b7-00-1e7i1aja8wnz9.worf.replit.dev/api/storage/objects/products/summerset/AZSR_5.png"",""alt_text"":""Aztec Swivel Rocker"",""is_primary"":false,""display_order"":5,""image_kind"":""gallery"",""variant_id"":null}]",[]
Summerset,summerset,2662,CSOCCSR,Club Swivel Rockers (Classic) Set of 2 (Container Order Only),club-swivel-rockers-classic-set-of-2-container-order-only-sm,"Description Include Linen Sesame Sunbrella cushions. This product is for Container Direct order only. Please check our Container Direct Order Guidelines for ordering instruction. However, if this product is Not showing ""out of stock"", it means we still have some leftover quantity in our California warehouse. In which case, you can order up to the available quantity shown. In addition, these leftover items are discounted 20% to their regular prices. Dimensions & Weight Product Dimension 30""W x 37","Description Include Linen Sesame Sunbrella cushions. This product is for Container Direct order only. Please check our Container Direct Order Guidelines for ordering instruction. However, if this product is Not showing ""out of stock"", it means we still have some leftover quantity in our California warehouse. In which case, you can order up to the available quantity shown. In addition, these leftover items are discounted 20% to their regular prices. Dimensions & Weight Product Dimension 30""W x 37",Deep Seating,cat-deep-seating,,,,,,,,,fixed,,"30""W","{""Color"":""Black"",""Cushion"":""s. This product is for Container Direct order only. Please c"",""Frame Type"":""Cast Aluminum Fulled Welded for Sofa and Club Chairs; Cast Aluminum Knock-down for Fire Table and End Table"",""Net Weight"":""79 lbs"",""Qty/Carton"":""2"",""Gross Weight"":""88 lbs"",""Shipping Dimension"":""44.25\""x31.5\""x33\""""}","[""Fire Table""]",false,true,false,true,false,,0,0,true,2026-05-30 03:13:42.989399+00,2026-06-09 22:52:37.631+00,[],[],[],[],[],"[{""url"":""https://641bdd57-e650-4f10-a19f-628c07eb50b7-00-1e7i1aja8wnz9.worf.replit.dev/api/storage/objects/products/summerset/CSOCCSR.jpg"",""alt_text"":""Club Swivel Rockers (Classic) Set of 2 (Container Order Only)"",""is_primary"":true,""display_order"":0,""image_kind"":""gallery"",""variant_id"":null},{""url"":""https://641bdd57-e650-4f10-a19f-628c07eb50b7-00-1e7i1aja8wnz9.worf.replit.dev/api/storage/objects/products/summerset/CSOCCSR_1.jpg"",""alt_text"":""Club Swivel Rockers (Classic) Set of 2 (Container Order Only)"",""is_primary"":false,""display_order"":1,""image_kind"":""gallery"",""variant_id"":null},{""url"":""https://641bdd57-e650-4f10-a19f-628c07eb50b7-00-1e7i1aja8wnz9.worf.replit.dev/api/storage/objects/products/summerset/CSOCCSR_2.jpg"",""alt_text"":""Club Swivel Rockers (Classic) Set of 2 (Container Order Only)"",""is_primary"":false,""display_order"":2,""image_kind"":""gallery"",""variant_id"":null},{""url"":""https://641bdd57-e650-4f10-a19f-628c07eb50b7-00-1e7i1aja8wnz9.worf.replit.dev/api/storage/objects/products/summerset/CSOCCSR_3.jpg"",""alt_text"":""Club Swivel Rockers (Classic) Set of 2 (Container Order Only)"",""is_primary"":false,""display_order"":3,""image_kind"":""gallery"",""variant_id"":null},{""url"":""https://641bdd57-e650-4f10-a19f-628c07eb50b7-00-1e7i1aja8wnz9.worf.replit.dev/api/storage/objects/products/summerset/CSOCCSR_4.jpg"",""alt_text"":""Club Swivel Rockers (Classic) Set of 2 (Container Order Only)"",""is_primary"":false,""display_order"":4,""image_kind"":""gallery"",""variant_id"":null},{""url"":""https://641bdd57-e650-4f10-a19f-628c07eb50b7-00-1e7i1aja8wnz9.worf.replit.dev/api/storage/objects/products/summerset/CSOCCSR_5.jpg"",""alt_text"":""Club Swivel Rockers (Classic) Set of 2 (Container Order Only)"",""is_primary"":false,""display_order"":5,""image_kind"":""gallery"",""variant_id"":null}]",[]
Summerset,summerset,2689,CSODC,Dining Chair (Classic) w/ Sunbrella Cushion (Set of 2) (Container Order Only),dining-chair-classic-w-sunbrella-cushion-set-of-2-container-order-only-sm,"Description Include Linen Sesame Sunbrella cushions as shown. This product is for Container Direct order only. Please check our Container Direct Order Guidelines for ordering instruction. However, if this product is Not showing ""out of stock"", it means we still have some leftover quantity in our California warehouse. In which case, you can order up to the available quantity shown. In addition, these leftover items are discounted 20% to their regular prices. Dimensions & Weight Product Dimension","Description Include Linen Sesame Sunbrella cushions as shown. This product is for Container Direct order only. Please check our Container Direct Order Guidelines for ordering instruction. However, if this product is Not showing ""out of stock"", it means we still have some leftover quantity in our California warehouse. In which case, you can order up to the available quantity shown. In addition, these leftover items are discounted 20% to their regular prices. Dimensions & Weight Product Dimension",Replacement Parts,cat-replacement-parts,,,,,,,,,fixed,,"25.5"" x 28"" x 39.5""","{""Color"":""MA"",""Cushion"":""s as shown. This product is for Container Direct order only."",""Frame Type"":""Cast Aluminum Fully Welded"",""Net Weight"":""48 lbs"",""Qty/Carton"":""2"",""Gross Weight"":""52 lbs"",""Shipping Dimension"":""28.5\"" x 26.5\"" x 40\""""}","[""Dining"",""Ecom""]",false,true,false,true,false,,0,0,true,2026-05-30 03:14:01.024864+00,2026-06-09 22:52:36.83+00,[],[],[],[],[],"[{""url"":""https://641bdd57-e650-4f10-a19f-628c07eb50b7-00-1e7i1aja8wnz9.worf.replit.dev/api/storage/objects/products/summerset/CSODC.jpg"",""alt_text"":""Dining Chair (Classic) w/ Sunbrella Cushion (Set of 2) (Container Order Only)"",""is_primary"":true,""display_order"":0,""image_kind"":""gallery"",""variant_id"":null},{""url"":""https://641bdd57-e650-4f10-a19f-628c07eb50b7-00-1e7i1aja8wnz9.worf.replit.dev/api/storage/objects/products/summerset/CSODC_1.jpg"",""alt_text"":""Dining Chair (Classic) w/ Sunbrella Cushion (Set of 2) (Container Order Only)"",""is_primary"":false,""display_order"":1,""image_kind"":""gallery"",""variant_id"":null},{""url"":""https://641bdd57-e650-4f10-a19f-628c07eb50b7-00-1e7i1aja8wnz9.worf.replit.dev/api/storage/objects/products/summerset/CSODC_2.jpg"",""alt_text"":""Dining Chair (Classic) w/ Sunbrella Cushion (Set of 2) (Container Order Only)"",""is_primary"":false,""display_order"":2,""image_kind"":""gallery"",""variant_id"":null},{""url"":""https://641bdd57-e650-4f10-a19f-628c07eb50b7-00-1e7i1aja8wnz9.worf.replit.dev/api/storage/objects/products/summerset/CSODC_3.jpg"",""alt_text"":""Dining Chair (Classic) w/ Sunbrella Cushion (Set of 2) (Container Order Only)"",""is_primary"":false,""display_order"":3,""image_kind"":""gallery"",""variant_id"":null},{""url"":""https://641bdd57-e650-4f10-a19f-628c07eb50b7-00-1e7i1aja8wnz9.worf.replit.dev/api/storage/objects/products/summerset/CSODC_4.jpg"",""alt_text"":""Dining Chair (Classic) w/ Sunbrella Cushion (Set of 2) (Container Order Only)"",""is_primary"":false,""display_order"":4,""image_kind"":""gallery"",""variant_id"":null},{""url"":""https://641bdd57-e650-4f10-a19f-628c07eb50b7-00-1e7i1aja8wnz9.worf.replit.dev/api/storage/objects/products/summerset/CSODC_5.jpg"",""alt_text"":""Dining Chair (Classic) w/ Sunbrella Cushion (Set of 2) (Container Order Only)"",""is_primary"":false,""display_order"":5,""image_kind"":""gallery"",""variant_id"":null},{""url"":""https://641bdd57-e650-4f10-a19f-628c07eb50b7-00-1e7i1aja8wnz9.worf.replit.dev/api/storage/objects/products/summerset/CSODC_6.jpg"",""alt_text"":""Dining Chair (Classic) w/ Sunbrella Cushion (Set of 2) (Container Order Only)"",""is_primary"":false,""display_order"":6,""image_kind"":""gallery"",""variant_id"":null}]",[]
Summerset,summerset,2815,CT4221,"42"" x 21"" Rectangle Coffee Table Signature",42-x-21-rectangle-coffee-table-signature-sm,"Description 42"" X 21"" RECTANGLE COFFEE TABLE SIGNATURE Dimensions & Weight Product Dimension 17""x42""x21"" Shipping Dimension 23'' x3'' x43'' Net Weight 24.2 lbs Gross Weight 29.7 lbs QTY/CTN 1 Specifications Color MA Frame Type Cast Aluminum Knock-Down Matching Cover TC44; Warranty Frames: 10 years; California's Proposition 65 Warning For California Residents Additional Documents

<ul>
  <li>Color: MA</li>
  <li>Frame Type: Cast Aluminum Knock-Down</li>
  <li>Matching Cover: TC44;</li>
  <li>Warranty: Frames: 10 years;</li>
</ul>","Description 42"" X 21"" RECTANGLE COFFEE TABLE SIGNATURE Dimensions & Weight Product Dimension 17""x42""x21"" Shipping Dimension 23'' x3'' x43'' Net Weight 24.2 lbs Gross Weight 29.7 lbs QTY/CTN 1 Specifications Color MA Frame Type Cast Aluminum Knock-Down Matching Cover TC44; Warranty Frames: 10 years; California's Proposition 65 Warning For California Residents Additional Documents",Coffee & Side Tables,cat-coffee-side-tables,Aluminum,aluminum,,,,,,,fixed,,"17""x42""x21""","{""Color"":""MA"",""Frame Type"":""Cast Aluminum Knock-Down"",""Net Weight"":""24.2 lbs"",""Qty/Carton"":""1"",""Gross Weight"":""29.7 lbs"",""Shipping Dimension"":""23''""}","[""Ecom"",""Signature"",""Stocking""]",false,true,false,true,false,,0,0,true,2026-05-30 03:14:52.214405+00,2026-06-09 22:52:37.657+00,[],[],[],[],[],"[{""url"":""https://641bdd57-e650-4f10-a19f-628c07eb50b7-00-1e7i1aja8wnz9.worf.replit.dev/api/storage/objects/products/summerset/CT4221.jpg"",""alt_text"":""42\"" x 21\"" Rectangle Coffee Table Signature"",""is_primary"":true,""display_order"":0,""image_kind"":""gallery"",""variant_id"":null},{""url"":""https://641bdd57-e650-4f10-a19f-628c07eb50b7-00-1e7i1aja8wnz9.worf.replit.dev/api/storage/objects/products/summerset/CT4221_1.jpg"",""alt_text"":""42\"" x 21\"" Rectangle Coffee Table Signature"",""is_primary"":false,""display_order"":1,""image_kind"":""gallery"",""variant_id"":null},{""url"":""https://641bdd57-e650-4f10-a19f-628c07eb50b7-00-1e7i1aja8wnz9.worf.replit.dev/api/storage/objects/products/summerset/CT4221_2.jpg"",""alt_text"":""42\"" x 21\"" Rectangle Coffee Table Signature"",""is_primary"":false,""display_order"":2,""image_kind"":""gallery"",""variant_id"":null},{""url"":""https://641bdd57-e650-4f10-a19f-628c07eb50b7-00-1e7i1aja8wnz9.worf.replit.dev/api/storage/objects/products/summerset/CT4221_3.jpg"",""alt_text"":""42\"" x 21\"" Rectangle Coffee Table Signature"",""is_primary"":false,""display_order"":3,""image_kind"":""gallery"",""variant_id"":null},{""url"":""https://641bdd57-e650-4f10-a19f-628c07eb50b7-00-1e7i1aja8wnz9.worf.replit.dev/api/storage/objects/products/summerset/CT4221_4.jpg"",""alt_text"":""42\"" x 21\"" Rectangle Coffee Table Signature"",""is_primary"":false,""display_order"":4,""image_kind"":""gallery"",""variant_id"":null},{""url"":""https://641bdd57-e650-4f10-a19f-628c07eb50b7-00-1e7i1aja8wnz9.worf.replit.dev/api/storage/objects/products/summerset/CT4221_5.jpg"",""alt_text"":""42\"" x 21\"" Rectangle Coffee Table Signature"",""is_primary"":false,""display_order"":5,""image_kind"":""gallery"",""variant_id"":null},{""url"":""https://641bdd57-e650-4f10-a19f-628c07eb50b7-00-1e7i1aja8wnz9.worf.replit.dev/api/storage/objects/products/summerset/CT4221_6.jpg"",""alt_text"":""42\"" x 21\"" Rectangle Coffee Table Signature"",""is_primary"":false,""display_order"":6,""image_kind"":""gallery"",""variant_id"":null},{""url"":""https://641bdd57-e650-4f10-a19f-628c07eb50b7-00-1e7i1aja8wnz9.worf.replit.dev/api/storage/objects/products/summerset/CT4221_7.jpg"",""alt_text"":""42\"" x 21\"" Rectangle Coffee Table Signature"",""is_primary"":false,""display_order"":7,""image_kind"":""gallery"",""variant_id"":null},{""url"":""https://641bdd57-e650-4f10-a19f-628c07eb50b7-00-1e7i1aja8wnz9.worf.replit.dev/api/storage/objects/products/summerset/CT4221_8.jpg"",""alt_text"":""42\"" x 21\"" Rectangle Coffee Table Signature"",""is_primary"":false,""display_order"":8,""image_kind"":""gallery"",""variant_id"":null}]",[]
Summerset,summerset,2796,CTDR4424,"44"" x 24"" Rectangle Coffee Table Designer",44-x-24-rectangle-coffee-table-designer-sm,"Description 44"" X 24"" RECTANGLE COFFEE TABLE DESIGNER Dimensions & Weight Product Dimension 18.1''x41.9''x24'' Shipping Dimension 26'' x3'' x46'' Net Weight 26.4 lbs Gross Weight 35.86 lbs QTY/CTN 1 Specifications Color MA Frame Type Cast Aluminum Knock-Down Matching Cover TC44; Warranty Frames: 10 years; California's Proposition 65 Warning For California Residents Additional Documents

<ul>
  <li>Color: MA</li>
  <li>Frame Type: Cast Aluminum Knock-Down</li>
  <li>Matching Cover: TC44;</li>
  <li>Warranty: Frames: 10 years;</li>
</ul>","Description 44"" X 24"" RECTANGLE COFFEE TABLE DESIGNER Dimensions & Weight Product Dimension 18.1''x41.9''x24'' Shipping Dimension 26'' x3'' x46'' Net Weight 26.4 lbs Gross Weight 35.86 lbs QTY/CTN 1 Specifications Color MA Frame Type Cast Aluminum Knock-Down Matching Cover TC44; Warranty Frames: 10 years; California's Proposition 65 Warning For California Residents Additional Documents",Coffee & Side Tables,cat-coffee-side-tables,Aluminum,aluminum,,,,,,,fixed,,18.1''x41.9''x24'',"{""Color"":""MA"",""Frame Type"":""Cast Aluminum Knock-Down"",""Net Weight"":""26.4 lbs"",""Qty/Carton"":""1"",""Gross Weight"":""35.86 lbs"",""Shipping Dimension"":""26''""}","[""Designer"",""Stocking""]",false,true,false,true,false,,0,0,true,2026-05-30 03:14:40.026967+00,2026-06-09 22:52:37.657+00,[],[],[],[],[],"[{""url"":""https://641bdd57-e650-4f10-a19f-628c07eb50b7-00-1e7i1aja8wnz9.worf.replit.dev/api/storage/objects/products/summerset/CTDR4424.jpg"",""alt_text"":""44\"" x 24\"" Rectangle Coffee Table Designer"",""is_primary"":true,""display_order"":0,""image_kind"":""gallery"",""variant_id"":null},{""url"":""https://641bdd57-e650-4f10-a19f-628c07eb50b7-00-1e7i1aja8wnz9.worf.replit.dev/api/storage/objects/products/summerset/CTDR4424_1.jpg"",""alt_text"":""44\"" x 24\"" Rectangle Coffee Table Designer"",""is_primary"":false,""display_order"":1,""image_kind"":""gallery"",""variant_id"":null}]",[]
Summerset,summerset,2616,CTER4824,"48""x24"" Coffee Table Aeros",48-x24-coffee-table-aeros-sm,"Description 48""x24"" Coffee Table Aeros Dimensions & Weight Product Dimension 48""x24""x18"" Shipping Dimension 43""x26""x7"" Net Weight 26 lbs Gross Weight 37 lbs QTY/CTN 1 Specifications Color Light Grey/Dark Grey Frame Type Cast Aluminum Knock-Down Matching Cover TC48 Warranty Frames: 10 years; California's Proposition 65 Warning For California Residents Additional Documents

<ul>
  <li>Color: Light Grey/Dark Grey</li>
  <li>Frame Type: Cast Aluminum Knock-Down</li>
  <li>Matching Cover: TC48</li>
  <li>Warranty: Frames: 10 years;</li>
</ul>","Description 48""x24"" Coffee Table Aeros Dimensions & Weight Product Dimension 48""x24""x18"" Shipping Dimension 43""x26""x7"" Net Weight 26 lbs Gross Weight 37 lbs QTY/CTN 1 Specifications Color Light Grey/Dark Grey Frame Type Cast Aluminum Knock-Down Matching Cover TC48 Warranty Frames: 10 years; California's Proposition 65 Warning For California Residents Additional Documents",Coffee & Side Tables,cat-coffee-side-tables,Aluminum,aluminum,,,,,,,fixed,,"48""x24""x18""","{""Color"":""Light Grey/Dark Grey"",""Frame Type"":""Cast Aluminum Knock-Down"",""Net Weight"":""26 lbs"",""Qty/Carton"":""1"",""Gross Weight"":""37 lbs"",""Shipping Dimension"":""43\""x26\""x7\""""}","[""Aeros""]",false,true,false,true,false,,0,0,true,2026-05-30 03:13:29.503024+00,2026-06-09 22:52:37.657+00,[],[],[],[],[],"[{""url"":""https://641bdd57-e650-4f10-a19f-628c07eb50b7-00-1e7i1aja8wnz9.worf.replit.dev/api/storage/objects/products/summerset/CTER4824.jpg"",""alt_text"":""48\""x24\"" Coffee Table Aeros"",""is_primary"":true,""display_order"":0,""image_kind"":""gallery"",""variant_id"":null}]",[]
Summerset,summerset,2576,CTER4824 - B,"48""x24"" Coffee Table Aeros - Bronze",48-x24-coffee-table-aeros-bronze-sm,"Description 48""x24"" Coffee Table Aeros Dimensions & Weight Product Dimension 48""x24""x18"" Shipping Dimension 43""x26""x7"" Net Weight 26 lbs Gross Weight 37 lbs QTY/CTN 1 Specifications Color Rubbed Oil Bronze Frame Type Cast Aluminum Knock-Down Matching Cover TC48 Warranty Frames: 10 years; California's Proposition 65 Warning For California Residents Additional Documents

<ul>
  <li>Color: Rubbed Oil Bronze</li>
  <li>Frame Type: Cast Aluminum Knock-Down</li>
  <li>Matching Cover: TC48</li>
  <li>Warranty: Frames: 10 years;</li>
</ul>","Description 48""x24"" Coffee Table Aeros Dimensions & Weight Product Dimension 48""x24""x18"" Shipping Dimension 43""x26""x7"" Net Weight 26 lbs Gross Weight 37 lbs QTY/CTN 1 Specifications Color Rubbed Oil Bronze Frame Type Cast Aluminum Knock-Down Matching Cover TC48 Warranty Frames: 10 years; California's Proposition 65 Warning For California Residents Additional Documents",Coffee & Side Tables,cat-coffee-side-tables,Aluminum,aluminum,,,,,,,fixed,,"48""x24""x18""","{""Color"":""Rubbed Oil Bronze"",""Frame Type"":""Cast Aluminum Knock-Down"",""Net Weight"":""26 lbs"",""Qty/Carton"":""1"",""Gross Weight"":""37 lbs"",""Shipping Dimension"":""43\""x26\""x7\""""}","[""Aeros""]",false,true,false,true,false,,0,0,true,2026-05-30 03:13:22.916712+00,2026-06-09 22:52:37.657+00,[],[],[],[],[],"[{""url"":""https://641bdd57-e650-4f10-a19f-628c07eb50b7-00-1e7i1aja8wnz9.worf.replit.dev/api/storage/objects/products/summerset/CTER4824_-_B.jpg"",""alt_text"":""48\""x24\"" Coffee Table Aeros - Bronze"",""is_primary"":true,""display_order"":0,""image_kind"":""gallery"",""variant_id"":null}]",[]
Summerset,summerset,2847,CTJL4825,"48"" x 25"" Coffee Table JoLee",48-x-25-coffee-table-jolee-sm,"Description Coffee Table Jolee Dimensions & Weight Product Dimension 18""x48""x25"" Shipping Dimension 26.8""x3.5""x50.3"" Net Weight 23.1 lbs Gross Weight 28.6 lbs QTY/CTN 1 Specifications Color BG Frame Type Aluminum Knock-Down Warranty Frames: 10 years; California's Proposition 65 Warning For California Residents Additional Documents

<ul>
  <li>Color: BG</li>
  <li>Frame Type: Aluminum Knock-Down</li>
  <li>Warranty: Frames: 10 years;</li>
</ul>","Description Coffee Table Jolee Dimensions & Weight Product Dimension 18""x48""x25"" Shipping Dimension 26.8""x3.5""x50.3"" Net Weight 23.1 lbs Gross Weight 28.6 lbs QTY/CTN 1 Specifications Color BG Frame Type Aluminum Knock-Down Warranty Frames: 10 years; California's Proposition 65 Warning For California Residents Additional Documents",Coffee & Side Tables,cat-coffee-side-tables,Aluminum,aluminum,,,,,,,fixed,,"18""x48""x25""","{""Color"":""BG"",""Frame Type"":""Aluminum Knock-Down"",""Net Weight"":""23.1 lbs"",""Qty/Carton"":""1"",""Gross Weight"":""28.6 lbs"",""Shipping Dimension"":""26.8\""x3.5\""x50.3\""""}","[""JoLee"",""Stocking""]",false,true,false,true,false,,0,0,true,2026-05-30 03:15:07.71723+00,2026-06-09 22:52:37.657+00,[],[],[],[],[],"[{""url"":""https://641bdd57-e650-4f10-a19f-628c07eb50b7-00-1e7i1aja8wnz9.worf.replit.dev/api/storage/objects/products/summerset/CTJL4825.jpg"",""alt_text"":""48\"" x 25\"" Coffee Table JoLee"",""is_primary"":true,""display_order"":0,""image_kind"":""gallery"",""variant_id"":null}]",[]
Summerset,summerset,2772,CTJLW4825,"Coffee Table 48"" x 25"" JoLee White",coffee-table-48-x-25-jolee-white-sm,"Description 48"" x 25"" Coffee Table JoLee White Dimensions & Weight Product Dimension 18""x48""x25"" Shipping Dimension 26.8""x3.5""x50.3"" Net Weight 23.1 lbs Gross Weight 28.6 lbs QTY/CTN 1 Specifications Color White Wash Frame Type Aluminum Knock-Down Warranty Frames: 10 years; California's Proposition 65 Warning For California Residents Additional Documents

<ul>
  <li>Color: White Wash</li>
  <li>Frame Type: Aluminum Knock-Down</li>
  <li>Warranty: Frames: 10 years;</li>
</ul>","Description 48"" x 25"" Coffee Table JoLee White Dimensions & Weight Product Dimension 18""x48""x25"" Shipping Dimension 26.8""x3.5""x50.3"" Net Weight 23.1 lbs Gross Weight 28.6 lbs QTY/CTN 1 Specifications Color White Wash Frame Type Aluminum Knock-Down Warranty Frames: 10 years; California's Proposition 65 Warning For California Residents Additional Documents",Coffee & Side Tables,cat-coffee-side-tables,Aluminum,aluminum,,,,,,,fixed,,"18""x48""x25""","{""Color"":""White Wash"",""Frame Type"":""Aluminum Knock-Down"",""Net Weight"":""23.1 lbs"",""Qty/Carton"":""1"",""Gross Weight"":""28.6 lbs"",""Shipping Dimension"":""26.8\""x3.5\""x50.3\""""}","[""Deep Seat"",""Jolee White"",""Stocking""]",false,true,false,true,false,,0,0,true,2026-05-30 03:14:25.517297+00,2026-06-09 22:52:37.657+00,[],[],[],[],[],"[{""url"":""https://641bdd57-e650-4f10-a19f-628c07eb50b7-00-1e7i1aja8wnz9.worf.replit.dev/api/storage/objects/products/summerset/CTJLW4825.jpg"",""alt_text"":""Coffee Table 48\"" x 25\"" JoLee White"",""is_primary"":true,""display_order"":0,""image_kind"":""gallery"",""variant_id"":null}]",[]
Summerset,summerset,2827,CTWV4221,"42"" x 21"" Rectangle Coffee Table Weave",42-x-21-rectangle-coffee-table-weave-sm,"Description 42"" X 21"" RECTANGLE COFFEE TABLE WEAVE Dimensions & Weight Product Dimension 18.1''x42''x20.9'' Shipping Dimension 23'' x3'' x43'' Net Weight 24.2 lbs Gross Weight 29.7 lbs QTY/CTN 1 Specifications Color MA Frame Type Cast Aluminum Knock-Down Matching Cover TC44; Warranty Frames: 10 years; California's Proposition 65 Warning For California Residents Additional Documents

<ul>
  <li>Color: MA</li>
  <li>Frame Type: Cast Aluminum Knock-Down</li>
  <li>Matching Cover: TC44;</li>
  <li>Warranty: Frames: 10 years;</li>
</ul>","Description 42"" X 21"" RECTANGLE COFFEE TABLE WEAVE Dimensions & Weight Product Dimension 18.1''x42''x20.9'' Shipping Dimension 23'' x3'' x43'' Net Weight 24.2 lbs Gross Weight 29.7 lbs QTY/CTN 1 Specifications Color MA Frame Type Cast Aluminum Knock-Down Matching Cover TC44; Warranty Frames: 10 years; California's Proposition 65 Warning For California Residents Additional Documents",Coffee & Side Tables,cat-coffee-side-tables,Aluminum,aluminum,,,,,,,fixed,,18.1''x42''x20.9'',"{""Color"":""MA"",""Frame Type"":""Cast Aluminum Knock-Down"",""Net Weight"":""24.2 lbs"",""Qty/Carton"":""1"",""Gross Weight"":""29.7 lbs"",""Shipping Dimension"":""23''""}","[""Ecom"",""Stocking"",""Weave""]",false,true,false,true,false,,0,0,true,2026-05-30 03:14:59.185969+00,2026-06-09 22:52:37.657+00,[],[],[],[],[],"[{""url"":""https://641bdd57-e650-4f10-a19f-628c07eb50b7-00-1e7i1aja8wnz9.worf.replit.dev/api/storage/objects/products/summerset/CTWV4221.jpg"",""alt_text"":""42\"" x 21\"" Rectangle Coffee Table Weave"",""is_primary"":true,""display_order"":0,""image_kind"":""gallery"",""variant_id"":null},{""url"":""https://641bdd57-e650-4f10-a19f-628c07eb50b7-00-1e7i1aja8wnz9.worf.replit.dev/api/storage/objects/products/summerset/CTWV4221_1.jpg"",""alt_text"":""42\"" x 21\"" Rectangle Coffee Table Weave"",""is_primary"":false,""display_order"":1,""image_kind"":""gallery"",""variant_id"":null},{""url"":""https://641bdd57-e650-4f10-a19f-628c07eb50b7-00-1e7i1aja8wnz9.worf.replit.dev/api/storage/objects/products/summerset/CTWV4221_2.jpg"",""alt_text"":""42\"" x 21\"" Rectangle Coffee Table Weave"",""is_primary"":false,""display_order"":2,""image_kind"":""gallery"",""variant_id"":null},{""url"":""https://641bdd57-e650-4f10-a19f-628c07eb50b7-00-1e7i1aja8wnz9.worf.replit.dev/api/storage/objects/products/summerset/CTWV4221_3.jpg"",""alt_text"":""42\"" x 21\"" Rectangle Coffee Table Weave"",""is_primary"":false,""display_order"":3,""image_kind"":""gallery"",""variant_id"":null},{""url"":""https://641bdd57-e650-4f10-a19f-628c07eb50b7-00-1e7i1aja8wnz9.worf.replit.dev/api/storage/objects/products/summerset/CTWV4221_4.jpg"",""alt_text"":""42\"" x 21\"" Rectangle Coffee Table Weave"",""is_primary"":false,""display_order"":4,""image_kind"":""gallery"",""variant_id"":null},{""url"":""https://641bdd57-e650-4f10-a19f-628c07eb50b7-00-1e7i1aja8wnz9.worf.replit.dev/api/storage/objects/products/summerset/CTWV4221_5.jpg"",""alt_text"":""42\"" x 21\"" Rectangle Coffee Table Weave"",""is_primary"":false,""display_order"":5,""image_kind"":""gallery"",""variant_id"":null},{""url"":""https://641bdd57-e650-4f10-a19f-628c07eb50b7-00-1e7i1aja8wnz9.worf.replit.dev/api/storage/objects/products/summerset/CTWV4221_6.jpg"",""alt_text"":""42\"" x 21\"" Rectangle Coffee Table Weave"",""is_primary"":false,""display_order"":6,""image_kind"":""gallery"",""variant_id"":null},{""url"":""https://641bdd57-e650-4f10-a19f-628c07eb50b7-00-1e7i1aja8wnz9.worf.replit.dev/api/storage/objects/products/summerset/CTWV4221_7.jpg"",""alt_text"":""42\"" x 21\"" Rectangle Coffee Table Weave"",""is_primary"":false,""display_order"":7,""image_kind"":""gallery"",""variant_id"":null}]",[]
Summerset,summerset,2757,CUSH-A-2,Cushion for Ariana Dining or Barstool,cushion-for-ariana-dining-or-barstool-sm,"Description It's required to put fabric name in the product note. * Please make sure to put fabric name in the customer Note field. ** This cushion is in solid color. For upgraded fabric, please purchase Cushion Upgrade item. Stripe Color = 1 x Upgrade Weave Color = 2 x Upgrade Print Color = 3 x Upgrade Specifications Dimension 20""x19""x3"" Net Weight 3 lbs Material Sunbrella or Tempotest Color Solid Warranty 5-year Additional Documents Sunbrella Cushion Cleaning Instruction Introducing Tempotest

<ul>
  <li>Color: Solid</li>
  <li>Warranty: 5-year</li>
</ul>","Description It's required to put fabric name in the product note. * Please make sure to put fabric name in the customer Note field. ** This cushion is in solid color. For upgraded fabric, please purchase Cushion Upgrade item. Stripe Color = 1 x Upgrade Weave Color = 2 x Upgrade Print Color = 3 x Upgrade Specifications Dimension 20""x19""x3"" Net Weight 3 lbs Material Sunbrella or Tempotest Color Solid Warranty 5-year Additional Documents Sunbrella Cushion Cleaning Instruction Introducing Tempotest",Replacement Parts,cat-replacement-parts,,,,,,,,,fixed,,"20""x19""x3""","{""Color"":"". For upgraded fabric, please purchase"",""Cushion"":""is in solid color. For upgraded fabric, please purchase Cush"",""Net Weight"":""3 lbs""}","[""Ariana"",""Bar"",""Cushion"",""Dining""]",false,true,false,true,false,,0,0,true,2026-05-30 03:14:21.642838+00,2026-06-09 22:52:36.83+00,[],[],[],[],[],"[{""url"":""https://641bdd57-e650-4f10-a19f-628c07eb50b7-00-1e7i1aja8wnz9.worf.replit.dev/api/storage/objects/products/summerset/CUSH-A-2.jpg"",""alt_text"":""Cushion for Ariana Dining or Barstool"",""is_primary"":true,""display_order"":0,""image_kind"":""gallery"",""variant_id"":null},{""url"":""https://641bdd57-e650-4f10-a19f-628c07eb50b7-00-1e7i1aja8wnz9.worf.replit.dev/api/storage/objects/products/summerset/CUSH-A-2_1.jpg"",""alt_text"":""Cushion for Ariana Dining or Barstool"",""is_primary"":false,""display_order"":1,""image_kind"":""gallery"",""variant_id"":null}]",[]
Summerset,summerset,2756,CUSH-AZT,Cushion for Aztec or Athena Round Ottoman,cushion-for-aztec-or-athena-round-ottoman-sm,"Description It's required to put fabric name in the product note. * Please make sure to put fabric name in the customer Note field. ** This cushion is in solid color. For upgraded fabric, please purchase Cushion Upgrade item. Stripe Color = 1 x Upgrade Weave Color = 2 x Upgrade Print Color = 3 x Upgrade Specifications Dimension To be updated Net Weight To be updated Material Sunbrella or Tempotest Color Solid Warranty 5-year Additional Documents Sunbrella Cushion Cleaning Instruction Introducing

<ul>
  <li>Color: Solid</li>
  <li>Warranty: 5-year</li>
</ul>","Description It's required to put fabric name in the product note. * Please make sure to put fabric name in the customer Note field. ** This cushion is in solid color. For upgraded fabric, please purchase Cushion Upgrade item. Stripe Color = 1 x Upgrade Weave Color = 2 x Upgrade Print Color = 3 x Upgrade Specifications Dimension To be updated Net Weight To be updated Material Sunbrella or Tempotest Color Solid Warranty 5-year Additional Documents Sunbrella Cushion Cleaning Instruction Introducing",Replacement Parts,cat-replacement-parts,,,,,,,,,fixed,,,"{""Color"":"". For upgraded fabric, please purchase"",""Cushion"":""is in solid color. For upgraded fabric, please purchase Cush""}","[""Athena Dark"",""Aztec"",""Cushion"",""Ottoman""]",false,true,false,true,false,,0,0,true,2026-05-30 03:14:21.334038+00,2026-06-09 22:52:36.83+00,[],[],[],[],[],"[{""url"":""https://641bdd57-e650-4f10-a19f-628c07eb50b7-00-1e7i1aja8wnz9.worf.replit.dev/api/storage/objects/products/summerset/CUSH-AZT.jpg"",""alt_text"":""Cushion for Aztec or Athena Round Ottoman"",""is_primary"":true,""display_order"":0,""image_kind"":""gallery"",""variant_id"":null}]",[]
Summerset,summerset,2755,CUSH-D-2,Cushion for Sahara Dining or Barstool,cushion-for-sahara-dining-or-barstool-sm,"Description It's required to put fabric name in the product note * Please make sure to put fabric name in the customer Note field. ** This cushion is in solid color. For upgraded fabric, please purchase Cushion Upgrade item. Stripe Color = 1 x Upgrade Weave Color = 2 x Upgrade Print Color = 3 x Upgrade Specifications Dimension 20""x19""x3"" Net Weight To be updated Material Sunbrella or Tempotest Color Solid Warranty 5-year Additional Documents Sunbrella Cushion Cleaning Instruction Introducing Tem

<ul>
  <li>Color: Solid</li>
  <li>Warranty: 5-year</li>
</ul>","Description It's required to put fabric name in the product note * Please make sure to put fabric name in the customer Note field. ** This cushion is in solid color. For upgraded fabric, please purchase Cushion Upgrade item. Stripe Color = 1 x Upgrade Weave Color = 2 x Upgrade Print Color = 3 x Upgrade Specifications Dimension 20""x19""x3"" Net Weight To be updated Material Sunbrella or Tempotest Color Solid Warranty 5-year Additional Documents Sunbrella Cushion Cleaning Instruction Introducing Tem",Replacement Parts,cat-replacement-parts,,,,,,,,,fixed,,"20""x19""x3""","{""Color"":"". For upgraded fabric, please purchase"",""Cushion"":""is in solid color. For upgraded fabric, please purchase Cush""}","[""Bar"",""Cushion"",""Dining"",""Sahara""]",false,true,false,true,false,,0,0,true,2026-05-30 03:14:21.194295+00,2026-06-09 22:52:36.83+00,[],[],[],[],[],"[{""url"":""https://641bdd57-e650-4f10-a19f-628c07eb50b7-00-1e7i1aja8wnz9.worf.replit.dev/api/storage/objects/products/summerset/CUSH-D-2.jpg"",""alt_text"":""Cushion for Sahara Dining or Barstool"",""is_primary"":true,""display_order"":0,""image_kind"":""gallery"",""variant_id"":null},{""url"":""https://641bdd57-e650-4f10-a19f-628c07eb50b7-00-1e7i1aja8wnz9.worf.replit.dev/api/storage/objects/products/summerset/CUSH-D-2_1.jpg"",""alt_text"":""Cushion for Sahara Dining or Barstool"",""is_primary"":false,""display_order"":1,""image_kind"":""gallery"",""variant_id"":null},{""url"":""https://641bdd57-e650-4f10-a19f-628c07eb50b7-00-1e7i1aja8wnz9.worf.replit.dev/api/storage/objects/products/summerset/CUSH-D-2_2.jpg"",""alt_text"":""Cushion for Sahara Dining or Barstool"",""is_primary"":false,""display_order"":2,""image_kind"":""gallery"",""variant_id"":null}]",[]
Summerset,summerset,2754,CUSH-E,Cushion for Bare Barstool,cushion-for-bare-barstool-sm,"Description It's required to put fabric name in the product note. * Please make sure to put fabric name in the customer Note field. ** This cushion is in solid color. For upgraded fabric, please purchase Cushion Upgrade item. Stripe Color = 1 x Upgrade Weave Color = 2 x Upgrade Print Color = 3 x Upgrade Specifications Dimension 15"" Dia x 2"" Net Weight To be updated Material Sunbrella or Tempotest Color Solid Warranty 5-year Additional Documents Sunbrella Cushion Cleaning Instruction Introducing

<ul>
  <li>Color: Solid</li>
  <li>Warranty: 5-year</li>
</ul>","Description It's required to put fabric name in the product note. * Please make sure to put fabric name in the customer Note field. ** This cushion is in solid color. For upgraded fabric, please purchase Cushion Upgrade item. Stripe Color = 1 x Upgrade Weave Color = 2 x Upgrade Print Color = 3 x Upgrade Specifications Dimension 15"" Dia x 2"" Net Weight To be updated Material Sunbrella or Tempotest Color Solid Warranty 5-year Additional Documents Sunbrella Cushion Cleaning Instruction Introducing",Replacement Parts,cat-replacement-parts,,,,,,,,,fixed,,,"{""Color"":"". For upgraded fabric, please purchase"",""Cushion"":""is in solid color. For upgraded fabric, please purchase Cush""}","[""Bar"",""Cushion""]",false,true,false,true,false,,0,0,true,2026-05-30 03:14:20.788115+00,2026-06-09 22:52:36.83+00,[],[],[],[],[],"[{""url"":""https://641bdd57-e650-4f10-a19f-628c07eb50b7-00-1e7i1aja8wnz9.worf.replit.dev/api/storage/objects/products/summerset/CUSH-E.jpg"",""alt_text"":""Cushion for Bare Barstool"",""is_primary"":true,""display_order"":0,""image_kind"":""gallery"",""variant_id"":null}]",[]
Summerset,summerset,2658,CUSH-G-2,Cushion for Ariana Bench Loveseat Glider,cushion-for-jolee-bench-short-sm,"Description It's required to put fabric name in the product note. * Please make sure to put fabric name in the customer Note field. ** This cushion is in solid color. For upgraded fabric, please purchase Cushion Upgrade item. Stripe Color = 1 x Upgrade Weave Color = 2 x Upgrade Print Color = 3 x Upgrade Specifications Dimension To be updated Net Weight To be updated Material Sunbrella or Tempotest Color Solid Warranty 5-year Additional Documents Sunbrella Cushion Cleaning Instruction Introducing

<ul>
  <li>Color: Solid</li>
  <li>Warranty: 5-year</li>
</ul>","Description It's required to put fabric name in the product note. * Please make sure to put fabric name in the customer Note field. ** This cushion is in solid color. For upgraded fabric, please purchase Cushion Upgrade item. Stripe Color = 1 x Upgrade Weave Color = 2 x Upgrade Print Color = 3 x Upgrade Specifications Dimension To be updated Net Weight To be updated Material Sunbrella or Tempotest Color Solid Warranty 5-year Additional Documents Sunbrella Cushion Cleaning Instruction Introducing",Replacement Parts,cat-replacement-parts,,,,,,,,,fixed,,,"{""Color"":"". For upgraded fabric, please purchase"",""Cushion"":""is in solid color. For upgraded fabric, please purchase Cush""}","[""Ariana"",""Bench"",""Cushion""]",false,true,false,true,false,,0,0,true,2026-05-30 03:13:40.227083+00,2026-06-09 22:52:36.83+00,[],[],[],[],[],"[{""url"":""https://641bdd57-e650-4f10-a19f-628c07eb50b7-00-1e7i1aja8wnz9.worf.replit.dev/api/storage/objects/products/summerset/CUSH-G-2.jpg"",""alt_text"":""Cushion for Jolee Bench Short"",""is_primary"":true,""display_order"":0,""image_kind"":""gallery"",""variant_id"":null}]",[]
Summerset,summerset,2753,CUSH-GL-2,Cushion for Jolee Bench Long,cushion-for-jolee-bench-long-sm,"Description It's required to put fabric name in the product note. * Please make sure to put fabric name in the customer Note field. ** This cushion is in solid color. For upgraded fabric, please purchase Cushion Upgrade item. Stripe Color = 1 x Upgrade Weave Color = 2 x Upgrade Print Color = 3 x Upgrade Bench Cushion = 2 x Dining Cushion For example, a bench cushion in Astoria Sunset fabric (Strip) needs to buy 2 dining cushion upgrade Specifications Dimension To be updated Net Weight To be upda

<p>Dimension To be updated Net Weight To be upda</p>","Description It's required to put fabric name in the product note. * Please make sure to put fabric name in the customer Note field. ** This cushion is in solid color. For upgraded fabric, please purchase Cushion Upgrade item. Stripe Color = 1 x Upgrade Weave Color = 2 x Upgrade Print Color = 3 x Upgrade Bench Cushion = 2 x Dining Cushion For example, a bench cushion in Astoria Sunset fabric (Strip) needs to buy 2 dining cushion upgrade Specifications Dimension To be updated Net Weight To be upda",Replacement Parts,cat-replacement-parts,,,,,,,,,fixed,,,"{""Color"":"". For upgraded fabric, please purchase"",""Cushion"":""is in solid color. For upgraded fabric, please purchase Cush""}","[""Bench"",""Cushion"",""JoLee""]",false,true,false,true,false,,0,0,true,2026-05-30 03:14:20.5462+00,2026-06-09 22:52:36.83+00,[],[],[],[],[],"[{""url"":""https://641bdd57-e650-4f10-a19f-628c07eb50b7-00-1e7i1aja8wnz9.worf.replit.dev/api/storage/objects/products/summerset/CUSH-GL-2.jpg"",""alt_text"":""Cushion for Jolee Bench Long"",""is_primary"":true,""display_order"":0,""image_kind"":""gallery"",""variant_id"":null}]",[]
Summerset,summerset,2752,CUSH-M-2,Cushion for Ariana Chaise Lounge,cushion-for-ariana-chaise-lounge-sm,"Description It's required to put fabric name in the product note. * Please make sure to put fabric name in the customer Note field. ** This cushion is in solid color. For upgraded fabric, please purchase Cushion Upgrade item. Stripe Color = 1 x Upgrade Weave Color = 2 x Upgrade Print Color = 3 x Upgrade Specifications Dimension To be updated Net Weight To be updated Material Sunbrella or Tempotest Color Solid Warranty 5-year Additional Documents Sunbrella Cushion Cleaning Instruction Introducing

<ul>
  <li>Color: Solid</li>
  <li>Warranty: 5-year</li>
</ul>","Description It's required to put fabric name in the product note. * Please make sure to put fabric name in the customer Note field. ** This cushion is in solid color. For upgraded fabric, please purchase Cushion Upgrade item. Stripe Color = 1 x Upgrade Weave Color = 2 x Upgrade Print Color = 3 x Upgrade Specifications Dimension To be updated Net Weight To be updated Material Sunbrella or Tempotest Color Solid Warranty 5-year Additional Documents Sunbrella Cushion Cleaning Instruction Introducing",Replacement Parts,cat-replacement-parts,,,,,,,,,fixed,,,"{""Color"":"". For upgraded fabric, please purchase"",""Cushion"":""is in solid color. For upgraded fabric, please purchase Cush""}","[""Ariana"",""Chaise"",""Cushion""]",false,true,false,true,false,,0,0,true,2026-05-30 03:14:20.415197+00,2026-06-09 22:52:37.418+00,[],[],[],[],[],"[{""url"":""https://641bdd57-e650-4f10-a19f-628c07eb50b7-00-1e7i1aja8wnz9.worf.replit.dev/api/storage/objects/products/summerset/CUSH-M-2.jpg"",""alt_text"":""Cushion for Ariana Chaise Lounge"",""is_primary"":true,""display_order"":0,""image_kind"":""gallery"",""variant_id"":null},{""url"":""https://641bdd57-e650-4f10-a19f-628c07eb50b7-00-1e7i1aja8wnz9.worf.replit.dev/api/storage/objects/products/summerset/CUSH-M-2_1.jpg"",""alt_text"":""Cushion for Ariana Chaise Lounge"",""is_primary"":false,""display_order"":1,""image_kind"":""gallery"",""variant_id"":null},{""url"":""https://641bdd57-e650-4f10-a19f-628c07eb50b7-00-1e7i1aja8wnz9.worf.replit.dev/api/storage/objects/products/summerset/CUSH-M-2_2.jpg"",""alt_text"":""Cushion for Ariana Chaise Lounge"",""is_primary"":false,""display_order"":2,""image_kind"":""gallery"",""variant_id"":null}]",[]
Summerset,summerset,2600,CUSH-MB,Cushion for Aztec Sun Bed,cushion-for-aztec-sun-bed-sm,"Description It's required to put fabric name in the product note. * Please make sure to put fabric name in the customer Note field. ** This cushion is in solid color. For upgraded fabric, please purchase Cushion Upgrade item. Stripe Color = 1 x Upgrade Weave Color = 2 x Upgrade Print Color = 3 x Upgrade Sunbed = 2 x Chaise Lounge Cushion For example, a sunbed cushion in Astoria Sunset fabric (Strip) needs to buy??2??Chaise Lounge cushion upgrade Specifications Dimension To be updated Net Weight

<p>Dimension To be updated Net Weight</p>","Description It's required to put fabric name in the product note. * Please make sure to put fabric name in the customer Note field. ** This cushion is in solid color. For upgraded fabric, please purchase Cushion Upgrade item. Stripe Color = 1 x Upgrade Weave Color = 2 x Upgrade Print Color = 3 x Upgrade Sunbed = 2 x Chaise Lounge Cushion For example, a sunbed cushion in Astoria Sunset fabric (Strip) needs to buy??2??Chaise Lounge cushion upgrade Specifications Dimension To be updated Net Weight",Replacement Parts,cat-replacement-parts,,,,,,,,,fixed,,,"{""Color"":"". For upgraded fabric, please purchase"",""Cushion"":""is in solid color. For upgraded fabric, please purchase Cush""}","[""Aztec or Athena"",""Chaise"",""Cushion""]",false,true,false,true,false,,0,0,true,2026-05-30 03:13:25.776848+00,2026-06-09 22:52:36.83+00,[],[],[],[],[],"[{""url"":""https://641bdd57-e650-4f10-a19f-628c07eb50b7-00-1e7i1aja8wnz9.worf.replit.dev/api/storage/objects/products/summerset/CUSH-MB.jpg"",""alt_text"":""Cushion for Aztec Sun Bed"",""is_primary"":true,""display_order"":0,""image_kind"":""gallery"",""variant_id"":null}]",[]
Summerset,summerset,2751,CUSH-MJ-2,Cushion for Jolee Chaise Lounge,cushion-for-jolee-chaise-lounge-sm,"Description It's required to put fabric name in the product note. * Please make sure to put fabric name in the customer Note field. ** This cushion is in solid color. For upgraded fabric, please purchase Cushion Upgrade item. Stripe Color = 1 x Upgrade Weave Color = 2 x Upgrade Print Color = 3 x Upgrade Specifications Dimension To be updated Net Weight To be updated Material Sunbrella or Tempotest Color Solid Warranty 5-year Additional Documents Sunbrella Cushion Cleaning Instruction Introducing

<ul>
  <li>Color: Solid</li>
  <li>Warranty: 5-year</li>
</ul>","Description It's required to put fabric name in the product note. * Please make sure to put fabric name in the customer Note field. ** This cushion is in solid color. For upgraded fabric, please purchase Cushion Upgrade item. Stripe Color = 1 x Upgrade Weave Color = 2 x Upgrade Print Color = 3 x Upgrade Specifications Dimension To be updated Net Weight To be updated Material Sunbrella or Tempotest Color Solid Warranty 5-year Additional Documents Sunbrella Cushion Cleaning Instruction Introducing",Replacement Parts,cat-replacement-parts,,,,,,,,,fixed,,,"{""Color"":"". For upgraded fabric, please purchase"",""Cushion"":""is in solid color. For upgraded fabric, please purchase Cush""}","[""Chaise"",""Cushion"",""JoLee""]",false,true,false,true,false,,0,0,true,2026-05-30 03:14:20.021427+00,2026-06-09 22:52:36.83+00,[],[],[],[],[],"[{""url"":""https://641bdd57-e650-4f10-a19f-628c07eb50b7-00-1e7i1aja8wnz9.worf.replit.dev/api/storage/objects/products/summerset/CUSH-MJ-2.jpg"",""alt_text"":""Cushion for Jolee Chaise Lounge"",""is_primary"":true,""display_order"":0,""image_kind"":""gallery"",""variant_id"":null},{""url"":""https://641bdd57-e650-4f10-a19f-628c07eb50b7-00-1e7i1aja8wnz9.worf.replit.dev/api/storage/objects/products/summerset/CUSH-MJ-2_1.jpg"",""alt_text"":""Cushion for Jolee Chaise Lounge"",""is_primary"":false,""display_order"":1,""image_kind"":""gallery"",""variant_id"":null},{""url"":""https://641bdd57-e650-4f10-a19f-628c07eb50b7-00-1e7i1aja8wnz9.worf.replit.dev/api/storage/objects/products/summerset/CUSH-MJ-2_2.jpg"",""alt_text"":""Cushion for Jolee Chaise Lounge"",""is_primary"":false,""display_order"":2,""image_kind"":""gallery"",""variant_id"":null}]",[]
Summerset,summerset,2750,CUSH-N-2,Cushion for Sahara Chaise Lounge,cushion-for-sahara-chaise-lounge-sm,"Description It's required to put fabric name in the product note * Please make sure to put fabric name in the customer Note field. ** This cushion is in solid color. For upgraded fabric, please purchase Cushion Upgrade item. Stripe Color = 1 x Upgrade Weave Color = 2 x Upgrade Print Color = 3 x Upgrade Specifications Dimension To be updated Net Weight To be updated Material Sunbrella or Tempotest Color Solid Warranty 5-year Additional Documents Sunbrella Cushion Cleaning Instruction Introducing

<ul>
  <li>Color: Solid</li>
  <li>Warranty: 5-year</li>
</ul>","Description It's required to put fabric name in the product note * Please make sure to put fabric name in the customer Note field. ** This cushion is in solid color. For upgraded fabric, please purchase Cushion Upgrade item. Stripe Color = 1 x Upgrade Weave Color = 2 x Upgrade Print Color = 3 x Upgrade Specifications Dimension To be updated Net Weight To be updated Material Sunbrella or Tempotest Color Solid Warranty 5-year Additional Documents Sunbrella Cushion Cleaning Instruction Introducing",Replacement Parts,cat-replacement-parts,,,,,,,,,fixed,,,"{""Color"":"". For upgraded fabric, please purchase"",""Cushion"":""is in solid color. For upgraded fabric, please purchase Cush""}","[""Chaise"",""Cushion"",""Sahara""]",false,true,false,true,false,,0,0,true,2026-05-30 03:14:19.668132+00,2026-06-09 22:52:37.418+00,[],[],[],[],[],"[{""url"":""https://641bdd57-e650-4f10-a19f-628c07eb50b7-00-1e7i1aja8wnz9.worf.replit.dev/api/storage/objects/products/summerset/CUSH-N-2.jpg"",""alt_text"":""Cushion for Sahara Chaise Lounge"",""is_primary"":true,""display_order"":0,""image_kind"":""gallery"",""variant_id"":null},{""url"":""https://641bdd57-e650-4f10-a19f-628c07eb50b7-00-1e7i1aja8wnz9.worf.replit.dev/api/storage/objects/products/summerset/CUSH-N-2_1.jpg"",""alt_text"":""Cushion for Sahara Chaise Lounge"",""is_primary"":false,""display_order"":1,""image_kind"":""gallery"",""variant_id"":null},{""url"":""https://641bdd57-e650-4f10-a19f-628c07eb50b7-00-1e7i1aja8wnz9.worf.replit.dev/api/storage/objects/products/summerset/CUSH-N-2_2.jpg"",""alt_text"":""Cushion for Sahara Chaise Lounge"",""is_primary"":false,""display_order"":2,""image_kind"":""gallery"",""variant_id"":null}]",[]
Summerset,summerset,2749,CUSH-O-2,Cushion for Ariana Double Chaise Lounge,cushion-for-ariana-double-chaise-lounge-sm,"Description It's required to put fabric name in the product note. * Please make sure to put fabric name in the customer Note field. ** This cushion is in solid color. For upgraded fabric, please purchase Cushion Upgrade item. Stripe Color = 1 x Upgrade Weave Color = 2 x Upgrade Print Color = 3 x Upgrade Specifications Dimension To be updated Net Weight To be updated Material Sunbrella or Tempotest Color Solid Warranty 5-year Additional Documents Sunbrella Cushion Cleaning Instruction Introducing

<ul>
  <li>Color: Solid</li>
  <li>Warranty: 5-year</li>
</ul>","Description It's required to put fabric name in the product note. * Please make sure to put fabric name in the customer Note field. ** This cushion is in solid color. For upgraded fabric, please purchase Cushion Upgrade item. Stripe Color = 1 x Upgrade Weave Color = 2 x Upgrade Print Color = 3 x Upgrade Specifications Dimension To be updated Net Weight To be updated Material Sunbrella or Tempotest Color Solid Warranty 5-year Additional Documents Sunbrella Cushion Cleaning Instruction Introducing",Replacement Parts,cat-replacement-parts,,,,,,,,,fixed,,,"{""Color"":"". For upgraded fabric, please purchase"",""Cushion"":""is in solid color. For upgraded fabric, please purchase Cush""}","[""Ariana"",""Chaise"",""Cushion""]",false,true,false,true,false,,0,0,true,2026-05-30 03:14:19.303667+00,2026-06-09 22:52:36.83+00,[],[],[],[],[],"[{""url"":""https://641bdd57-e650-4f10-a19f-628c07eb50b7-00-1e7i1aja8wnz9.worf.replit.dev/api/storage/objects/products/summerset/CUSH-O-2.jpg"",""alt_text"":""Cushion for Ariana Double Chaise Lounge"",""is_primary"":true,""display_order"":0,""image_kind"":""gallery"",""variant_id"":null}]",[]
Summerset,summerset,2748,CUSH-QT-2,Cushion for Aztec or Athena Square Ottoman 30,cushion-for-aztec-or-athena-square-ottoman-30-sm,"Description It's required to put fabric name in the product note. * Please make sure to put fabric name in the customer Note field. ** This cushion is in solid color. For upgraded fabric, please purchase Cushion Upgrade item. Stripe Color = 1 x Upgrade Weave Color = 2 x Upgrade Print Color = 3 x Upgrade Specifications Dimension To be updated Net Weight To be updated Material Sunbrella or Tempotest Color Solid Warranty 5-year Additional Documents Sunbrella Cushion Cleaning Instruction Introducing

<ul>
  <li>Color: Solid</li>
  <li>Warranty: 5-year</li>
</ul>","Description It's required to put fabric name in the product note. * Please make sure to put fabric name in the customer Note field. ** This cushion is in solid color. For upgraded fabric, please purchase Cushion Upgrade item. Stripe Color = 1 x Upgrade Weave Color = 2 x Upgrade Print Color = 3 x Upgrade Specifications Dimension To be updated Net Weight To be updated Material Sunbrella or Tempotest Color Solid Warranty 5-year Additional Documents Sunbrella Cushion Cleaning Instruction Introducing",Replacement Parts,cat-replacement-parts,,,,,,,,,fixed,,,"{""Color"":"". For upgraded fabric, please purchase"",""Cushion"":""is in solid color. For upgraded fabric, please purchase Cush""}","[""Athena Dark"",""Aztec"",""Aztec or Athena"",""Cushion"",""Ottoman""]",false,true,false,true,false,,0,0,true,2026-05-30 03:14:19.171788+00,2026-06-09 22:52:36.83+00,[],[],[],[],[],"[{""url"":""https://641bdd57-e650-4f10-a19f-628c07eb50b7-00-1e7i1aja8wnz9.worf.replit.dev/api/storage/objects/products/summerset/CUSH-QT-2.jpg"",""alt_text"":""Cushion for Aztec or Athena Square Ottoman 30"",""is_primary"":true,""display_order"":0,""image_kind"":""gallery"",""variant_id"":null},{""url"":""https://641bdd57-e650-4f10-a19f-628c07eb50b7-00-1e7i1aja8wnz9.worf.replit.dev/api/storage/objects/products/summerset/CUSH-QT-2_1.jpg"",""alt_text"":""Cushion for Aztec or Athena Square Ottoman 30"",""is_primary"":false,""display_order"":1,""image_kind"":""gallery"",""variant_id"":null}]",[]
Summerset,summerset,2747,CUSH-S-2,Cushion for Ariana Armless Dining or Barstool,cushion-for-ariana-armless-dining-or-barstool-sm,"Description It's required to put fabric name in the product note. * Please make sure to put fabric name in the customer Note field. ** This cushion is in solid color. For upgraded fabric, please purchase Cushion Upgrade item. Stripe Color = 1 x Upgrade Weave Color = 2 x Upgrade Print Color = 3 x Upgrade Specifications Dimension To be updated Net Weight To be updated Material Sunbrella or Tempotest Color Solid Warranty 5-year Additional Documents Sunbrella Cushion Cleaning Instruction Introducing

<ul>
  <li>Color: Solid</li>
  <li>Warranty: 5-year</li>
</ul>","Description It's required to put fabric name in the product note. * Please make sure to put fabric name in the customer Note field. ** This cushion is in solid color. For upgraded fabric, please purchase Cushion Upgrade item. Stripe Color = 1 x Upgrade Weave Color = 2 x Upgrade Print Color = 3 x Upgrade Specifications Dimension To be updated Net Weight To be updated Material Sunbrella or Tempotest Color Solid Warranty 5-year Additional Documents Sunbrella Cushion Cleaning Instruction Introducing",Replacement Parts,cat-replacement-parts,,,,,,,,,fixed,,,"{""Color"":"". For upgraded fabric, please purchase"",""Cushion"":""is in solid color. For upgraded fabric, please purchase Cush""}","[""Ariana"",""Bar"",""Cushion"",""Dining""]",false,true,false,true,false,,0,0,true,2026-05-30 03:14:18.920802+00,2026-06-09 22:52:36.83+00,[],[],[],[],[],"[{""url"":""https://641bdd57-e650-4f10-a19f-628c07eb50b7-00-1e7i1aja8wnz9.worf.replit.dev/api/storage/objects/products/summerset/CUSH-S-2.jpg"",""alt_text"":""Cushion for Ariana Armless Dining or Barstool"",""is_primary"":true,""display_order"":0,""image_kind"":""gallery"",""variant_id"":null},{""url"":""https://641bdd57-e650-4f10-a19f-628c07eb50b7-00-1e7i1aja8wnz9.worf.replit.dev/api/storage/objects/products/summerset/CUSH-S-2_1.jpg"",""alt_text"":""Cushion for Ariana Armless Dining or Barstool"",""is_primary"":false,""display_order"":1,""image_kind"":""gallery"",""variant_id"":null}]",[]
Summerset,summerset,2746,CUSH-T,Cushion for Signature Ottoman,cushion-for-signature-ottoman-sm,"Description It's required to put fabric name in the product note * Please make sure to put fabric name in the customer Note field. ** This cushion is in solid color. For upgraded fabric, please purchase Cushion Upgrade item. Stripe Color = 1 x Upgrade Weave Color = 2 x Upgrade Print Color = 3 x Upgrade Specifications Dimension To be updated Net Weight To be updated Material Sunbrella or Tempotest Color Solid Warranty 5-year Additional Documents Sunbrella Cushion Cleaning Instruction Introducing

<ul>
  <li>Color: Solid</li>
  <li>Warranty: 5-year</li>
</ul>","Description It's required to put fabric name in the product note * Please make sure to put fabric name in the customer Note field. ** This cushion is in solid color. For upgraded fabric, please purchase Cushion Upgrade item. Stripe Color = 1 x Upgrade Weave Color = 2 x Upgrade Print Color = 3 x Upgrade Specifications Dimension To be updated Net Weight To be updated Material Sunbrella or Tempotest Color Solid Warranty 5-year Additional Documents Sunbrella Cushion Cleaning Instruction Introducing",Replacement Parts,cat-replacement-parts,,,,,,,,,fixed,,,"{""Color"":"". For upgraded fabric, please purchase"",""Cushion"":""is in solid color. For upgraded fabric, please purchase Cush""}","[""Cushion"",""Ottoman""]",false,true,false,true,false,,0,0,true,2026-05-30 03:14:18.600698+00,2026-06-09 22:52:37.418+00,[],[],[],[],[],"[{""url"":""https://641bdd57-e650-4f10-a19f-628c07eb50b7-00-1e7i1aja8wnz9.worf.replit.dev/api/storage/objects/products/summerset/CUSH-T.jpg"",""alt_text"":""Cushion for Signature Ottoman"",""is_primary"":true,""display_order"":0,""image_kind"":""gallery"",""variant_id"":null}]",[]
Summerset,summerset,2745,CUSH-TJL-2,Cushion for Jolee Ottoman,cushion-for-jolee-ottoman-sm,"Description It's required to put fabric name in the product note. * Please make sure to put fabric name in the customer Note field. ** This cushion is in solid color. For upgraded fabric, please purchase Cushion Upgrade item. Stripe Color = 1 x Upgrade Weave Color = 2 x Upgrade Print Color = 3 x Upgrade Specifications Dimension To be updated Net Weight To be updated Material Sunbrella or Tempotest Color Solid Warranty 5-year Additional Documents Sunbrella Cushion Cleaning Instruction Introducing

<ul>
  <li>Color: Solid</li>
  <li>Warranty: 5-year</li>
</ul>","Description It's required to put fabric name in the product note. * Please make sure to put fabric name in the customer Note field. ** This cushion is in solid color. For upgraded fabric, please purchase Cushion Upgrade item. Stripe Color = 1 x Upgrade Weave Color = 2 x Upgrade Print Color = 3 x Upgrade Specifications Dimension To be updated Net Weight To be updated Material Sunbrella or Tempotest Color Solid Warranty 5-year Additional Documents Sunbrella Cushion Cleaning Instruction Introducing",Replacement Parts,cat-replacement-parts,,,,,,,,,fixed,,,"{""Color"":"". For upgraded fabric, please purchase"",""Cushion"":""is in solid color. For upgraded fabric, please purchase Cush""}","[""Cushion"",""JoLee"",""Ottoman""]",false,true,false,true,false,,0,0,true,2026-05-30 03:14:18.452831+00,2026-06-09 22:52:37.418+00,[],[],[],[],[],"[{""url"":""https://641bdd57-e650-4f10-a19f-628c07eb50b7-00-1e7i1aja8wnz9.worf.replit.dev/api/storage/objects/products/summerset/CUSH-TJL-2.jpg"",""alt_text"":""Cushion for Jolee Ottoman"",""is_primary"":true,""display_order"":0,""image_kind"":""gallery"",""variant_id"":null},{""url"":""https://641bdd57-e650-4f10-a19f-628c07eb50b7-00-1e7i1aja8wnz9.worf.replit.dev/api/storage/objects/products/summerset/CUSH-TJL-2_1.jpg"",""alt_text"":""Cushion for Jolee Ottoman"",""is_primary"":false,""display_order"":1,""image_kind"":""gallery"",""variant_id"":null}]",[]
Summerset,summerset,2744,CUSH-V,Cushion for Designer Ottoman,cushion-for-designer-ottoman-sm,"Description It's required to put fabric name in the product note. * Please make sure to put fabric name in the customer Note field. ** This cushion is in solid color. For upgraded fabric, please purchase Cushion Upgrade item. Stripe Color = 1 x Upgrade Weave Color = 2 x Upgrade Print Color = 3 x Upgrade Specifications Dimension To be updated Net Weight To be updated Material Sunbrella or Tempotest Color Solid Warranty 5-year Additional Documents Sunbrella Cushion Cleaning Instruction Introducing

<ul>
  <li>Color: Solid</li>
  <li>Warranty: 5-year</li>
</ul>","Description It's required to put fabric name in the product note. * Please make sure to put fabric name in the customer Note field. ** This cushion is in solid color. For upgraded fabric, please purchase Cushion Upgrade item. Stripe Color = 1 x Upgrade Weave Color = 2 x Upgrade Print Color = 3 x Upgrade Specifications Dimension To be updated Net Weight To be updated Material Sunbrella or Tempotest Color Solid Warranty 5-year Additional Documents Sunbrella Cushion Cleaning Instruction Introducing",Replacement Parts,cat-replacement-parts,,,,,,,,,fixed,,,"{""Color"":"". For upgraded fabric, please purchase"",""Cushion"":""is in solid color. For upgraded fabric, please purchase Cush""}","[""Cushion"",""Ottoman""]",false,true,false,true,false,,0,0,true,2026-05-30 03:14:18.219565+00,2026-06-09 22:52:36.83+00,[],[],[],[],[],"[{""url"":""https://641bdd57-e650-4f10-a19f-628c07eb50b7-00-1e7i1aja8wnz9.worf.replit.dev/api/storage/objects/products/summerset/CUSH-V.jpg"",""alt_text"":""Cushion for Designer Ottoman"",""is_primary"":true,""display_order"":0,""image_kind"":""gallery"",""variant_id"":null},{""url"":""https://641bdd57-e650-4f10-a19f-628c07eb50b7-00-1e7i1aja8wnz9.worf.replit.dev/api/storage/objects/products/summerset/CUSH-V_1.jpg"",""alt_text"":""Cushion for Designer Ottoman"",""is_primary"":false,""display_order"":1,""image_kind"":""gallery"",""variant_id"":null}]",[]
Summerset,summerset,2702,CUSH_UP1,Cushion Upgrade for Pillow,cushion-upgrade-for-pillow-sm,"Description Cushion Upgrade for Pillow Note: * Add this item to upgrade cushion fabric from Solid color to Stripe, Weave, or Print. Stripe Color = 1 x Upgrade, Weave Color = 2 x Upgrade, Print Color = 3 x Upgrade. Specifications Dimension To be updated Net Weight To be updated Material Sunbrella or Tempotest Color Solid Warranty 5-year Additional Documents Sunbrella Cushion Cleaning Instruction Introducing Tempotest Tempotest Warranty Quality Assurance

<ul>
  <li>Color: Solid</li>
  <li>Warranty: 5-year</li>
</ul>","Description Cushion Upgrade for Pillow Note: * Add this item to upgrade cushion fabric from Solid color to Stripe, Weave, or Print. Stripe Color = 1 x Upgrade, Weave Color = 2 x Upgrade, Print Color = 3 x Upgrade. Specifications Dimension To be updated Net Weight To be updated Material Sunbrella or Tempotest Color Solid Warranty 5-year Additional Documents Sunbrella Cushion Cleaning Instruction Introducing Tempotest Tempotest Warranty Quality Assurance",Replacement Parts,cat-replacement-parts,,,,,,,,,fixed,,,"{""Color"":""to Stripe, Weave, or Print. Stripe Color = 1 x Upgrade, Weave Color = 2 x Upgrade, Print Color = 3 x Upgrade. Specifications Dimension To be updated Net Weight To be updated Material Sunbrella or Tempotest Color Solid"",""Cushion"":""Upgrade for Pillow Note: * Add this item to upgrade cushion""}","[""Pillow"",""Upgrade""]",false,true,false,true,false,,0,0,true,2026-05-30 03:14:06.162671+00,2026-06-09 22:52:37.418+00,[],[],[],[],[],"[{""url"":""https://641bdd57-e650-4f10-a19f-628c07eb50b7-00-1e7i1aja8wnz9.worf.replit.dev/api/storage/objects/products/summerset/CUSH_UP1.jpg"",""alt_text"":""Cushion Upgrade for Pillow"",""is_primary"":true,""display_order"":0,""image_kind"":""gallery"",""variant_id"":null}]",[]
Summerset,summerset,2705,CUSH_UP2,Cushion Upgrade for Dining,cushion-upgrade-for-dining-sm,"Description Cushion Upgrade for Dining Note: * Add this item to upgrade cushion fabric from Solid color to Stripe, Weave, or Print. Stripe Color = 1 x Upgrade, Weave Color = 2 x Upgrade, Print Color = 3 x Upgrade. ** For 2-seat bench or seat & back cushion, add 2 x upgrade. Specifications Dimension To be updated Net Weight To be updated Material Sunbrella or Tempotest Color Solid Warranty 5-year Additional Documents Sunbrella Cushion Cleaning Instruction Introducing Tempotest Tempotest Warranty

<ul>
  <li>Color: Solid</li>
  <li>Warranty: 5-year</li>
</ul>","Description Cushion Upgrade for Dining Note: * Add this item to upgrade cushion fabric from Solid color to Stripe, Weave, or Print. Stripe Color = 1 x Upgrade, Weave Color = 2 x Upgrade, Print Color = 3 x Upgrade. ** For 2-seat bench or seat & back cushion, add 2 x upgrade. Specifications Dimension To be updated Net Weight To be updated Material Sunbrella or Tempotest Color Solid Warranty 5-year Additional Documents Sunbrella Cushion Cleaning Instruction Introducing Tempotest Tempotest Warranty",Replacement Parts,cat-replacement-parts,,,,,,,,,fixed,,,"{""Color"":""to Stripe, Weave, or Print. Stripe Color = 1 x Upgrade, Weave Color = 2 x Upgrade, Print Color = 3 x Upgrade. ** For 2-seat bench or seat & back"",""Cushion"":""Upgrade for Dining Note: * Add this item to upgrade cushion""}","[""Bar"",""Dining"",""Upgrade""]",false,true,false,true,false,,0,0,true,2026-05-30 03:14:06.848294+00,2026-06-09 22:52:36.83+00,[],[],[],[],[],"[{""url"":""https://641bdd57-e650-4f10-a19f-628c07eb50b7-00-1e7i1aja8wnz9.worf.replit.dev/api/storage/objects/products/summerset/CUSH_UP2.jpg"",""alt_text"":""Cushion Upgrade for Dining"",""is_primary"":true,""display_order"":0,""image_kind"":""gallery"",""variant_id"":null}]",[]
Summerset,summerset,2704,CUSH_UP3,Cushion Upgrade for Deep Seating,cushion-upgrade-for-deep-seating-sm,"Description Cushion Upgrade for Deep Seating cushion Note: * Add this item to upgrade cushion fabric from Solid color to Stripe, Weave, or Print. Stripe Color = 1 x Upgrade, Weave Color = 2 x Upgrade, Print Color = 3 x Upgrade. ** For Loveseat, add 2 x Club Upgrade; for Sofa/Circular Sofa/Curved Sofa, add 3 x Club Upgrade. Specifications Dimension To be updated Net Weight To be updated Material Sunbrella or Tempotest Color Solid Warranty 5-year Additional Documents Sunbrella Cushion Cleaning Ins

<ul>
  <li>Color: Solid</li>
  <li>Warranty: 5-year</li>
</ul>","Description Cushion Upgrade for Deep Seating cushion Note: * Add this item to upgrade cushion fabric from Solid color to Stripe, Weave, or Print. Stripe Color = 1 x Upgrade, Weave Color = 2 x Upgrade, Print Color = 3 x Upgrade. ** For Loveseat, add 2 x Club Upgrade; for Sofa/Circular Sofa/Curved Sofa, add 3 x Club Upgrade. Specifications Dimension To be updated Net Weight To be updated Material Sunbrella or Tempotest Color Solid Warranty 5-year Additional Documents Sunbrella Cushion Cleaning Ins",Replacement Parts,cat-replacement-parts,,,,,,,,,fixed,,,"{""Color"":""to Stripe, Weave, or Print. Stripe Color = 1 x Upgrade, Weave Color = 2 x Upgrade, Print Color = 3 x Upgrade. ** For Loveseat, add 2 x Club Upgrade; for Sofa/Circular Sofa/Curved Sofa, add 3 x Club Upgrade. Specifications Dimension To be updated Net Weight To be updated Material Sunbrella or Tempotest Color Solid"",""Cushion"":""Upgrade for Deep Seating cushion Note: * Add this item to up""}","[""Deep Seat"",""Upgrade""]",false,true,false,true,false,,0,0,true,2026-05-30 03:14:06.638771+00,2026-06-09 22:52:36.83+00,[],[],[],[],[],"[{""url"":""https://641bdd57-e650-4f10-a19f-628c07eb50b7-00-1e7i1aja8wnz9.worf.replit.dev/api/storage/objects/products/summerset/CUSH_UP3.jpg"",""alt_text"":""Cushion Upgrade for Deep Seating"",""is_primary"":true,""display_order"":0,""image_kind"":""gallery"",""variant_id"":null}]",[]
Summerset,summerset,2703,CUSH_UP4,Cushion Upgrade for Chaise,cushion-upgrade-for-chaise-sm,"Description Cushion Upgrade for Chaise Note: * Add this item to upgrade cushion fabric from Solid color to Stripe, Weave, or Print. Stripe Color = 1 x Upgrade, Weave Color = 2 x Upgrade, Print Color = 3 x Upgrade. ** For Double Chaise Lounge or Sun Bed, add 2 x Chaise Upgrade. Specifications Dimension To be updated Net Weight To be updated Material Sunbrella or Tempotest Color Solid Warranty 5-year Additional Documents Sunbrella Cushion Cleaning Instruction Introducing Tempotest Tempotest Warran

<ul>
  <li>Color: Solid</li>
  <li>Warranty: 5-year</li>
</ul>","Description Cushion Upgrade for Chaise Note: * Add this item to upgrade cushion fabric from Solid color to Stripe, Weave, or Print. Stripe Color = 1 x Upgrade, Weave Color = 2 x Upgrade, Print Color = 3 x Upgrade. ** For Double Chaise Lounge or Sun Bed, add 2 x Chaise Upgrade. Specifications Dimension To be updated Net Weight To be updated Material Sunbrella or Tempotest Color Solid Warranty 5-year Additional Documents Sunbrella Cushion Cleaning Instruction Introducing Tempotest Tempotest Warran",Replacement Parts,cat-replacement-parts,,,,,,,,,fixed,,,"{""Color"":""to Stripe, Weave, or Print. Stripe Color = 1 x Upgrade, Weave Color = 2 x Upgrade, Print Color = 3 x Upgrade. ** For Double Chaise Lounge or Sun Bed, add 2 x Chaise Upgrade. Specifications Dimension To be updated Net Weight To be updated Material Sunbrella or Tempotest Color Solid"",""Cushion"":""Upgrade for Chaise Note: * Add this item to upgrade cushion""}","[""Chaise"",""Upgrade""]",false,true,false,true,false,,0,0,true,2026-05-30 03:14:06.422777+00,2026-06-09 22:52:36.83+00,[],[],[],[],[],"[{""url"":""https://641bdd57-e650-4f10-a19f-628c07eb50b7-00-1e7i1aja8wnz9.worf.replit.dev/api/storage/objects/products/summerset/CUSH_UP4.jpg"",""alt_text"":""Cushion Upgrade for Chaise"",""is_primary"":true,""display_order"":0,""image_kind"":""gallery"",""variant_id"":null}]",[]
Summerset,summerset,2612,ERCC,Aeros Club Chair,aeros-club-chair-sm,"Description Aeros Club Chair Dimensions & Weight Product Dimension 32""x32""x33.5"" Shipping Dimension 34.3""x27.2""x18.5"" Net Weight 21 lbs Gross Weight 31 lbs QTY/CTN 1 Specifications Color Light Grey/Dark Grey Frame Type Cast Aluminum Knock-Down Matching Cover C21W Warranty Frames: 10 years; California's Proposition 65 Warning For California Residents Additional Documents

<ul>
  <li>Color: Light Grey/Dark Grey</li>
  <li>Frame Type: Cast Aluminum Knock-Down</li>
  <li>Matching Cover: C21W</li>
  <li>Warranty: Frames: 10 years;</li>
</ul>","Description Aeros Club Chair Dimensions & Weight Product Dimension 32""x32""x33.5"" Shipping Dimension 34.3""x27.2""x18.5"" Net Weight 21 lbs Gross Weight 31 lbs QTY/CTN 1 Specifications Color Light Grey/Dark Grey Frame Type Cast Aluminum Knock-Down Matching Cover C21W Warranty Frames: 10 years; California's Proposition 65 Warning For California Residents Additional Documents",Deep Seating,cat-deep-seating,Aluminum,aluminum,,,,,,,fixed,,"32""x32""x33.5""","{""Color"":""Light Grey/Dark Grey"",""Frame Type"":""Cast Aluminum Knock-Down"",""Net Weight"":""21 lbs"",""Qty/Carton"":""1"",""Gross Weight"":""31 lbs"",""Shipping Dimension"":""34.3\""x27.2\""x18.5\""""}","[""Aeros""]",false,true,false,true,false,,0,0,true,2026-05-30 03:13:28.501596+00,2026-06-09 22:52:37.631+00,[],[],[],[],[],"[{""url"":""https://641bdd57-e650-4f10-a19f-628c07eb50b7-00-1e7i1aja8wnz9.worf.replit.dev/api/storage/objects/products/summerset/ERCC.jpg"",""alt_text"":""Aeros Club Chair"",""is_primary"":true,""display_order"":0,""image_kind"":""gallery"",""variant_id"":null}]",[]
Summerset,summerset,2613,ERCCSR,Aeros Club Swivel Glider Chair,aeros-club-swivel-glider-chair-sm,"Description Aeros Club Swivel Glider Chair Dimensions & Weight Product Dimension 32""x32""x33.5"" Shipping Dimension 34.3""x34.3""x35.5"" Net Weight 42 lbs Gross Weight 53 lbs QTY/CTN 1 Specifications Color Light Grey/Dark Grey Frame Type Cast Aluminum Knock-Down Matching Cover C21W Warranty Frames: 10 years; California's Proposition 65 Warning For California Residents Additional Documents

<ul>
  <li>Color: Light Grey/Dark Grey</li>
  <li>Frame Type: Cast Aluminum Knock-Down</li>
  <li>Matching Cover: C21W</li>
  <li>Warranty: Frames: 10 years;</li>
</ul>","Description Aeros Club Swivel Glider Chair Dimensions & Weight Product Dimension 32""x32""x33.5"" Shipping Dimension 34.3""x34.3""x35.5"" Net Weight 42 lbs Gross Weight 53 lbs QTY/CTN 1 Specifications Color Light Grey/Dark Grey Frame Type Cast Aluminum Knock-Down Matching Cover C21W Warranty Frames: 10 years; California's Proposition 65 Warning For California Residents Additional Documents",Deep Seating,cat-deep-seating,Aluminum,aluminum,,,,,,,fixed,,"32""x32""x33.5""","{""Color"":""Light Grey/Dark Grey"",""Frame Type"":""Cast Aluminum Knock-Down"",""Net Weight"":""42 lbs"",""Qty/Carton"":""1"",""Gross Weight"":""53 lbs"",""Shipping Dimension"":""34.3\""x34.3\""x35.5\""""}","[""Aeros""]",false,true,false,true,false,,0,0,true,2026-05-30 03:13:28.739179+00,2026-06-09 22:52:37.631+00,[],[],[],[],[],"[{""url"":""https://641bdd57-e650-4f10-a19f-628c07eb50b7-00-1e7i1aja8wnz9.worf.replit.dev/api/storage/objects/products/summerset/ERCCSR.jpg"",""alt_text"":""Aeros Club Swivel Glider Chair"",""is_primary"":true,""display_order"":0,""image_kind"":""gallery"",""variant_id"":null}]",[]
Summerset,summerset,2610,ERCL,Aeros Chaise Lounge,aeros-chaise-lounge-sm,"Description Aeros Chaise Lounge Dimensions & Weight Product Dimension 77""x27""x13.5"" Shipping Dimension 79""x29""x12"" Net Weight 44 lbs Gross Weight 55 lbs QTY/CTN 1 Specifications Color Light Grey/Dark Grey Frame Type Cast Aluminum Knock-Down Matching Cover OL77 Warranty Frames: 10 years; California's Proposition 65 Warning For California Residents Additional Documents

<ul>
  <li>Color: Light Grey/Dark Grey</li>
  <li>Frame Type: Cast Aluminum Knock-Down</li>
  <li>Matching Cover: OL77</li>
  <li>Warranty: Frames: 10 years;</li>
</ul>","Description Aeros Chaise Lounge Dimensions & Weight Product Dimension 77""x27""x13.5"" Shipping Dimension 79""x29""x12"" Net Weight 44 lbs Gross Weight 55 lbs QTY/CTN 1 Specifications Color Light Grey/Dark Grey Frame Type Cast Aluminum Knock-Down Matching Cover OL77 Warranty Frames: 10 years; California's Proposition 65 Warning For California Residents Additional Documents",Chaise Lounges,cat-chaise-lounges,Aluminum,aluminum,,,,,,,fixed,,"77""x27""x13.5""","{""Color"":""Light Grey/Dark Grey"",""Frame Type"":""Cast Aluminum Knock-Down"",""Net Weight"":""44 lbs"",""Qty/Carton"":""1"",""Gross Weight"":""55 lbs"",""Shipping Dimension"":""79\""x29\""x12\""""}","[""Aeros""]",false,true,false,true,false,,0,0,true,2026-05-30 03:13:28.141805+00,2026-06-09 22:52:37.61+00,[],[],[],[],[],[],[]
Summerset,summerset,2578,ERCL-B,Aeros Chaise Lounge - Bronze,aeros-chaise-lounge-bronze-sm,"Description Aeros Chaise Lounge Dimensions & Weight Product Dimension 77""x27""x13.5"" Shipping Dimension 79""x29""x12"" Net Weight 44 lbs Gross Weight 55 lbs QTY/CTN 1 Specifications Color Light Grey/Dark Grey Frame Type Cast Aluminum Knock-Down Matching Cover OL77 Warranty Frames: 10 years; California's Proposition 65 Warning For California Residents Additional Documents

<ul>
  <li>Color: Light Grey/Dark Grey</li>
  <li>Frame Type: Cast Aluminum Knock-Down</li>
  <li>Matching Cover: OL77</li>
  <li>Warranty: Frames: 10 years;</li>
</ul>","Description Aeros Chaise Lounge Dimensions & Weight Product Dimension 77""x27""x13.5"" Shipping Dimension 79""x29""x12"" Net Weight 44 lbs Gross Weight 55 lbs QTY/CTN 1 Specifications Color Light Grey/Dark Grey Frame Type Cast Aluminum Knock-Down Matching Cover OL77 Warranty Frames: 10 years; California's Proposition 65 Warning For California Residents Additional Documents",Chaise Lounges,cat-chaise-lounges,Aluminum,aluminum,,,,,,,fixed,,"77""x27""x13.5""","{""Color"":""Light Grey/Dark Grey"",""Frame Type"":""Cast Aluminum Knock-Down"",""Net Weight"":""44 lbs"",""Qty/Carton"":""1"",""Gross Weight"":""55 lbs"",""Shipping Dimension"":""79\""x29\""x12\""""}","[""Aeros""]",false,true,false,true,false,,0,0,true,2026-05-30 03:13:23.130877+00,2026-06-09 22:52:37.61+00,[],[],[],[],[],[],[]
Summerset,summerset,2618,ERDC,Aeros Dining Chair,aeros-dining-chair-sm,"Description Aeros Dining Chair Dimensions & Weight Product Dimension 28""x29""x33.5"" Shipping Dimension 31""x26""x10.5"" Net Weight 21 lbs Gross Weight 31 lbs QTY/CTN 1 Specifications Color Light Grey/Dark Grey Frame Type Cast Aluminum Knock-Down Matching Cover C21; Or Table Set Cover Warranty Frames: 10 years; California's Proposition 65 Warning For California Residents Additional Documents

<ul>
  <li>Color: Light Grey/Dark Grey</li>
  <li>Frame Type: Cast Aluminum Knock-Down</li>
  <li>Matching Cover: C21; Or Table Set Cover</li>
  <li>Warranty: Frames: 10 years;</li>
</ul>","Description Aeros Dining Chair Dimensions & Weight Product Dimension 28""x29""x33.5"" Shipping Dimension 31""x26""x10.5"" Net Weight 21 lbs Gross Weight 31 lbs QTY/CTN 1 Specifications Color Light Grey/Dark Grey Frame Type Cast Aluminum Knock-Down Matching Cover C21; Or Table Set Cover Warranty Frames: 10 years; California's Proposition 65 Warning For California Residents Additional Documents",Dining,cat-dining,Aluminum,aluminum,,,,,,,fixed,,"28""x29""x33.5""","{""Color"":""Light Grey/Dark Grey"",""Frame Type"":""Cast Aluminum Knock-Down"",""Net Weight"":""21 lbs"",""Qty/Carton"":""1"",""Gross Weight"":""31 lbs"",""Shipping Dimension"":""31\""x26\""x10.5\""""}","[""Aeros""]",false,true,false,true,false,,0,0,true,2026-05-30 03:13:30.700636+00,2026-06-09 22:52:37.617+00,[],[],[],[],[],"[{""url"":""https://641bdd57-e650-4f10-a19f-628c07eb50b7-00-1e7i1aja8wnz9.worf.replit.dev/api/storage/objects/products/summerset/ERDC.jpg"",""alt_text"":""Aeros Dining Chair"",""is_primary"":true,""display_order"":0,""image_kind"":""gallery"",""variant_id"":null},{""url"":""https://641bdd57-e650-4f10-a19f-628c07eb50b7-00-1e7i1aja8wnz9.worf.replit.dev/api/storage/objects/products/summerset/ERDC_1.jpg"",""alt_text"":""Aeros Dining Chair"",""is_primary"":false,""display_order"":1,""image_kind"":""gallery"",""variant_id"":null},{""url"":""https://641bdd57-e650-4f10-a19f-628c07eb50b7-00-1e7i1aja8wnz9.worf.replit.dev/api/storage/objects/products/summerset/ERDC_2.jpg"",""alt_text"":""Aeros Dining Chair"",""is_primary"":false,""display_order"":2,""image_kind"":""gallery"",""variant_id"":null}]",[]
Summerset,summerset,2574,ERDSLS,Aeros Deepseat Loveseat,aeros-deepseat-loveseat-sm,"Description Aeros Deepseat Loveseat Dimensions & Weight Product Dimension 57""x32""x33"" Shipping Dimension 52""x28.5""x18.5"" Net Weight 45 lbs Gross Weight 56 lbs QTY/CTN 1 Specifications Color Light Gray Frame Type Cast Aluminum Knock-Down Matching Cover C22 Warranty Frames: 10 years; California's Proposition 65 Warning For California Residents Additional Documents

<ul>
  <li>Color: Light Gray</li>
  <li>Frame Type: Cast Aluminum Knock-Down</li>
  <li>Matching Cover: C22</li>
  <li>Warranty: Frames: 10 years;</li>
</ul>","Description Aeros Deepseat Loveseat Dimensions & Weight Product Dimension 57""x32""x33"" Shipping Dimension 52""x28.5""x18.5"" Net Weight 45 lbs Gross Weight 56 lbs QTY/CTN 1 Specifications Color Light Gray Frame Type Cast Aluminum Knock-Down Matching Cover C22 Warranty Frames: 10 years; California's Proposition 65 Warning For California Residents Additional Documents",Deep Seating,cat-deep-seating,Aluminum,aluminum,,,,,,,fixed,,"57""x32""x33""","{""Color"":""Light Gray"",""Frame Type"":""Cast Aluminum Knock-Down"",""Net Weight"":""45 lbs"",""Qty/Carton"":""1"",""Gross Weight"":""56 lbs"",""Shipping Dimension"":""52\""x28.5\""x18.5\""""}","[""Aeros""]",false,true,false,true,false,,0,0,true,2026-05-30 03:13:22.345454+00,2026-06-09 22:52:37.631+00,[],[],[],[],[],"[{""url"":""https://641bdd57-e650-4f10-a19f-628c07eb50b7-00-1e7i1aja8wnz9.worf.replit.dev/api/storage/objects/products/summerset/ERDSLS.png"",""alt_text"":""Aeros Deepseat Loveseat"",""is_primary"":true,""display_order"":0,""image_kind"":""gallery"",""variant_id"":null}]",[]
Summerset,summerset,2611,ERDSLS - B,Aeros Deepseat Loveseat - Bronze,aeros-deepseat-loveseat-bronze-sm,"Description Aeros Deepseat Loveseat Dimensions & Weight Product Dimension 57""x32""x33"" Shipping Dimension 52""x28.5""x18.5"" Net Weight 45 lbs Gross Weight 56 lbs QTY/CTN 1 Specifications Color Rubbed Oil Bronze Frame Type Cast Aluminum Knock-Down Matching Cover C22 Warranty Frames: 10 years; California's Proposition 65 Warning For California Residents Additional Documents

<ul>
  <li>Color: Rubbed Oil Bronze</li>
  <li>Frame Type: Cast Aluminum Knock-Down</li>
  <li>Matching Cover: C22</li>
  <li>Warranty: Frames: 10 years;</li>
</ul>","Description Aeros Deepseat Loveseat Dimensions & Weight Product Dimension 57""x32""x33"" Shipping Dimension 52""x28.5""x18.5"" Net Weight 45 lbs Gross Weight 56 lbs QTY/CTN 1 Specifications Color Rubbed Oil Bronze Frame Type Cast Aluminum Knock-Down Matching Cover C22 Warranty Frames: 10 years; California's Proposition 65 Warning For California Residents Additional Documents",Deep Seating,cat-deep-seating,Aluminum,aluminum,,,,,,,fixed,,"57""x32""x33""","{""Color"":""Rubbed Oil Bronze"",""Frame Type"":""Cast Aluminum Knock-Down"",""Net Weight"":""45 lbs"",""Qty/Carton"":""1"",""Gross Weight"":""56 lbs"",""Shipping Dimension"":""52\""x28.5\""x18.5\""""}","[""Aeros""]",false,true,false,true,false,,0,0,true,2026-05-30 03:13:28.268797+00,2026-06-09 22:52:37.631+00,[],[],[],[],[],"[{""url"":""https://641bdd57-e650-4f10-a19f-628c07eb50b7-00-1e7i1aja8wnz9.worf.replit.dev/api/storage/objects/products/summerset/ERDSLS_-_B.png"",""alt_text"":""Aeros Deepseat Loveseat - Bronze"",""is_primary"":true,""display_order"":0,""image_kind"":""gallery"",""variant_id"":null}]",[]
Summerset,summerset,2609,ERDSS,Aeros Deepseat Sofa,aeros-deepseat-sofa-sm,"Description Aeros Deepseat Sofa Dimensions & Weight Product Dimension 82""x32""x33.5"" Shipping Dimension 77.2""x28.4""x18.5"" Net Weight 48 lbs Gross Weight 59 lbs QTY/CTN 1 Specifications Color Light Grey/Dark Grey Frame Type Cast Aluminum Knock-Down Matching Cover C23 Warranty Frames: 10 years; California's Proposition 65 Warning For California Residents Additional Documents

<ul>
  <li>Color: Light Grey/Dark Grey</li>
  <li>Frame Type: Cast Aluminum Knock-Down</li>
  <li>Matching Cover: C23</li>
  <li>Warranty: Frames: 10 years;</li>
</ul>","Description Aeros Deepseat Sofa Dimensions & Weight Product Dimension 82""x32""x33.5"" Shipping Dimension 77.2""x28.4""x18.5"" Net Weight 48 lbs Gross Weight 59 lbs QTY/CTN 1 Specifications Color Light Grey/Dark Grey Frame Type Cast Aluminum Knock-Down Matching Cover C23 Warranty Frames: 10 years; California's Proposition 65 Warning For California Residents Additional Documents",Deep Seating,cat-deep-seating,Aluminum,aluminum,,,,,,,fixed,,"82""x32""x33.5""","{""Color"":""Light Grey/Dark Grey"",""Frame Type"":""Cast Aluminum Knock-Down"",""Net Weight"":""48 lbs"",""Qty/Carton"":""1"",""Gross Weight"":""59 lbs"",""Shipping Dimension"":""77.2\""x28.4\""x18.5\""""}","[""Aeros""]",false,true,false,true,false,,0,0,true,2026-05-30 03:13:28.130027+00,2026-06-09 22:52:37.631+00,[],[],[],[],[],"[{""url"":""https://641bdd57-e650-4f10-a19f-628c07eb50b7-00-1e7i1aja8wnz9.worf.replit.dev/api/storage/objects/products/summerset/ERDSS.jpg"",""alt_text"":""Aeros Deepseat Sofa"",""is_primary"":true,""display_order"":0,""image_kind"":""gallery"",""variant_id"":null}]",[]
Summerset,summerset,2575,ERDSS - B,Aeros Deepseat Sofa - Bronze,aeros-deepseat-sofa-bronze-sm,"Description Aeros Deepseat Sofa Dimensions & Weight Product Dimension 82""x32""x33.5"" Shipping Dimension 77.2""x28.4""x18.5"" Net Weight 48 lbs Gross Weight 59 lbs QTY/CTN 1 Specifications Color Rubbed Oil Bronze Frame Type Cast Aluminum Knock-Down Matching Cover C23 Warranty Frames: 10 years; California's Proposition 65 Warning For California Residents Additional Documents

<ul>
  <li>Color: Rubbed Oil Bronze</li>
  <li>Frame Type: Cast Aluminum Knock-Down</li>
  <li>Matching Cover: C23</li>
  <li>Warranty: Frames: 10 years;</li>
</ul>","Description Aeros Deepseat Sofa Dimensions & Weight Product Dimension 82""x32""x33.5"" Shipping Dimension 77.2""x28.4""x18.5"" Net Weight 48 lbs Gross Weight 59 lbs QTY/CTN 1 Specifications Color Rubbed Oil Bronze Frame Type Cast Aluminum Knock-Down Matching Cover C23 Warranty Frames: 10 years; California's Proposition 65 Warning For California Residents Additional Documents",Deep Seating,cat-deep-seating,Aluminum,aluminum,,,,,,,fixed,,"82""x32""x33.5""","{""Color"":""Rubbed Oil Bronze"",""Frame Type"":""Cast Aluminum Knock-Down"",""Net Weight"":""48 lbs"",""Qty/Carton"":""1"",""Gross Weight"":""59 lbs"",""Shipping Dimension"":""77.2\""x28.4\""x18.5\""""}","[""Aeros""]",false,true,false,true,false,,0,0,true,2026-05-30 03:13:22.701892+00,2026-06-09 22:52:37.631+00,[],[],[],[],[],"[{""url"":""https://641bdd57-e650-4f10-a19f-628c07eb50b7-00-1e7i1aja8wnz9.worf.replit.dev/api/storage/objects/products/summerset/ERDSS_-_B.jpg"",""alt_text"":""Aeros Deepseat Sofa - Bronze"",""is_primary"":true,""display_order"":0,""image_kind"":""gallery"",""variant_id"":null}]",[]
Summerset,summerset,2779,FGBLKREF12,"1/2"" Reflective Black Fireglass 15lb",1-2-reflective-black-fireglass-15lb-sm,"Description 1/2"" REFLECTIVE BLACK FIREGLASS Dimensions & Weight Product Dimension 0 Shipping Dimension 11.2""x10""x3.9"" Net Weight 15 lbs Gross Weight 15 lbs QTY/CTN 1 Specifications Color Black Frame Type heat strengthened glass Warranty None California's Proposition 65 Warning For California Residents Additional Documents

<ul>
  <li>Color: Black</li>
  <li>Frame Type: heat strengthened glass</li>
  <li>Warranty: None</li>
</ul>","Description 1/2"" REFLECTIVE BLACK FIREGLASS Dimensions & Weight Product Dimension 0 Shipping Dimension 11.2""x10""x3.9"" Net Weight 15 lbs Gross Weight 15 lbs QTY/CTN 1 Specifications Color Black Frame Type heat strengthened glass Warranty None California's Proposition 65 Warning For California Residents Additional Documents",Fire Tables,cat-fire-tables,,,,,,,,,fixed,,0,"{""Color"":""Black"",""Frame Type"":""heat strengthened glass"",""Net Weight"":""15 lbs"",""Qty/Carton"":""1"",""Gross Weight"":""15 lbs"",""Shipping Dimension"":""11.2\""x10\""x3.9\""""}","[""Accessories"",""Ecom"",""Fire"",""Fire Accessory""]",false,true,false,true,false,,0,0,true,2026-05-30 03:14:28.662418+00,2026-06-09 22:52:37.666+00,[],[],[],[],[],"[{""url"":""https://641bdd57-e650-4f10-a19f-628c07eb50b7-00-1e7i1aja8wnz9.worf.replit.dev/api/storage/objects/products/summerset/FGBLKREF12.jpg"",""alt_text"":""1/2\"" Reflective Black Fireglass 15lb"",""is_primary"":true,""display_order"":0,""image_kind"":""gallery"",""variant_id"":null},{""url"":""https://641bdd57-e650-4f10-a19f-628c07eb50b7-00-1e7i1aja8wnz9.worf.replit.dev/api/storage/objects/products/summerset/FGBLKREF12_1.jpg"",""alt_text"":""1/2\"" Reflective Black Fireglass 15lb"",""is_primary"":false,""display_order"":1,""image_kind"":""gallery"",""variant_id"":null},{""url"":""https://641bdd57-e650-4f10-a19f-628c07eb50b7-00-1e7i1aja8wnz9.worf.replit.dev/api/storage/objects/products/summerset/FGBLKREF12_2.jpg"",""alt_text"":""1/2\"" Reflective Black Fireglass 15lb"",""is_primary"":false,""display_order"":2,""image_kind"":""gallery"",""variant_id"":null},{""url"":""https://641bdd57-e650-4f10-a19f-628c07eb50b7-00-1e7i1aja8wnz9.worf.replit.dev/api/storage/objects/products/summerset/FGBLKREF12_3.jpg"",""alt_text"":""1/2\"" Reflective Black Fireglass 15lb"",""is_primary"":false,""display_order"":3,""image_kind"":""gallery"",""variant_id"":null}]",[]
Summerset,summerset,2777,FGBLUREF12,"1/2"" Reflective Blue Fireglass 15lb",1-2-reflective-blue-fireglass-15lb-sm,"Description 1/2"" REFLECTIVE BLUE FIREGLASS Dimensions & Weight Product Dimension 0 Shipping Dimension 11.2""x10""x3.9"" Net Weight 15 lbs Gross Weight 15 lbs QTY/CTN 1 Specifications Color Blue Frame Type heat strengthened glass Warranty None California's Proposition 65 Warning For California Residents Additional Documents

<ul>
  <li>Color: Blue</li>
  <li>Frame Type: heat strengthened glass</li>
  <li>Warranty: None</li>
</ul>","Description 1/2"" REFLECTIVE BLUE FIREGLASS Dimensions & Weight Product Dimension 0 Shipping Dimension 11.2""x10""x3.9"" Net Weight 15 lbs Gross Weight 15 lbs QTY/CTN 1 Specifications Color Blue Frame Type heat strengthened glass Warranty None California's Proposition 65 Warning For California Residents Additional Documents",Fire Tables,cat-fire-tables,,,,,,,,,fixed,,0,"{""Color"":""Blue"",""Frame Type"":""heat strengthened glass"",""Net Weight"":""15 lbs"",""Qty/Carton"":""1"",""Gross Weight"":""15 lbs"",""Shipping Dimension"":""11.2\""x10\""x3.9\""""}","[""Accessories"",""Ecom"",""Fire"",""Fire Accessory""]",false,true,false,true,false,,0,0,true,2026-05-30 03:14:27.344122+00,2026-06-09 22:52:37.666+00,[],[],[],[],[],"[{""url"":""https://641bdd57-e650-4f10-a19f-628c07eb50b7-00-1e7i1aja8wnz9.worf.replit.dev/api/storage/objects/products/summerset/FGBLUREF12.jpg"",""alt_text"":""1/2\"" Reflective Blue Fireglass 15lb"",""is_primary"":true,""display_order"":0,""image_kind"":""gallery"",""variant_id"":null},{""url"":""https://641bdd57-e650-4f10-a19f-628c07eb50b7-00-1e7i1aja8wnz9.worf.replit.dev/api/storage/objects/products/summerset/FGBLUREF12_1.jpg"",""alt_text"":""1/2\"" Reflective Blue Fireglass 15lb"",""is_primary"":false,""display_order"":1,""image_kind"":""gallery"",""variant_id"":null},{""url"":""https://641bdd57-e650-4f10-a19f-628c07eb50b7-00-1e7i1aja8wnz9.worf.replit.dev/api/storage/objects/products/summerset/FGBLUREF12_2.jpg"",""alt_text"":""1/2\"" Reflective Blue Fireglass 15lb"",""is_primary"":false,""display_order"":2,""image_kind"":""gallery"",""variant_id"":null},{""url"":""https://641bdd57-e650-4f10-a19f-628c07eb50b7-00-1e7i1aja8wnz9.worf.replit.dev/api/storage/objects/products/summerset/FGBLUREF12_3.jpg"",""alt_text"":""1/2\"" Reflective Blue Fireglass 15lb"",""is_primary"":false,""display_order"":3,""image_kind"":""gallery"",""variant_id"":null}]",[]
Summerset,summerset,2778,FGCHREF12,"1/2"" Reflective Copper Fireglass 15lb",1-2-reflective-copper-fireglass-15lb-sm,"Description 1/2"" REFLECTIVE COPPER FIREGLASS Dimensions & Weight Product Dimension 0 Shipping Dimension 11.2""x10""x3.9"" Net Weight 15 lbs Gross Weight 15 lbs QTY/CTN 1 Specifications Color Brown Frame Type heat strengthened glass Warranty None California's Proposition 65 Warning For California Residents Additional Documents

<ul>
  <li>Color: Brown</li>
  <li>Frame Type: heat strengthened glass</li>
  <li>Warranty: None</li>
</ul>","Description 1/2"" REFLECTIVE COPPER FIREGLASS Dimensions & Weight Product Dimension 0 Shipping Dimension 11.2""x10""x3.9"" Net Weight 15 lbs Gross Weight 15 lbs QTY/CTN 1 Specifications Color Brown Frame Type heat strengthened glass Warranty None California's Proposition 65 Warning For California Residents Additional Documents",Fire Tables,cat-fire-tables,,,,,,,,,fixed,,0,"{""Color"":""Brown"",""Frame Type"":""heat strengthened glass"",""Net Weight"":""15 lbs"",""Qty/Carton"":""1"",""Gross Weight"":""15 lbs"",""Shipping Dimension"":""11.2\""x10\""x3.9\""""}","[""Accessories"",""Ecom"",""Fire"",""Fire Accessory""]",false,true,false,true,false,,0,0,true,2026-05-30 03:14:28.003578+00,2026-06-09 22:52:37.666+00,[],[],[],[],[],"[{""url"":""https://641bdd57-e650-4f10-a19f-628c07eb50b7-00-1e7i1aja8wnz9.worf.replit.dev/api/storage/objects/products/summerset/FGCHREF12.jpg"",""alt_text"":""1/2\"" Reflective Copper Fireglass 15lb"",""is_primary"":true,""display_order"":0,""image_kind"":""gallery"",""variant_id"":null},{""url"":""https://641bdd57-e650-4f10-a19f-628c07eb50b7-00-1e7i1aja8wnz9.worf.replit.dev/api/storage/objects/products/summerset/FGCHREF12_1.jpg"",""alt_text"":""1/2\"" Reflective Copper Fireglass 15lb"",""is_primary"":false,""display_order"":1,""image_kind"":""gallery"",""variant_id"":null},{""url"":""https://641bdd57-e650-4f10-a19f-628c07eb50b7-00-1e7i1aja8wnz9.worf.replit.dev/api/storage/objects/products/summerset/FGCHREF12_2.jpg"",""alt_text"":""1/2\"" Reflective Copper Fireglass 15lb"",""is_primary"":false,""display_order"":2,""image_kind"":""gallery"",""variant_id"":null}]",[]
Summerset,summerset,2784,FPASSY-GF,Square Firepit Burner For FPCHSQ44 And FPRDT8444,square-firepit-burner-for-fpchsq44-and-fprdt8444-sm,"Description SQUARE FIREPIT BURNER FOR FPCHSQ44 AND FPRDT8444 Dimensions & Weight Product Dimension 0 Shipping Dimension 0 Net Weight lbs Gross Weight lbs QTY/CTN 1 Specifications Color 0 Frame Type 304 Stainless Steel Warranty 1 year California's Proposition 65 Warning For California Residents Additional Documents

<ul>
  <li>Color: 0</li>
  <li>Frame Type: 304 Stainless Steel</li>
  <li>Warranty: 1 year</li>
</ul>",Description SQUARE FIREPIT BURNER FOR FPCHSQ44 AND FPRDT8444 Dimensions & Weight Product Dimension 0 Shipping Dimension 0 Net Weight lbs Gross Weight lbs QTY/CTN 1 Specifications Color 0 Frame Type 304 Stainless Steel Warranty 1 year California's Proposition 65 Warning For California Residents Additional Documents,Fire Tables,cat-fire-tables,,,,,,,,,fixed,,0,"{""Color"":""0"",""Frame Type"":""304 Stainless Steel"",""Qty/Carton"":""1"",""Shipping Dimension"":""0""}","[""Accessories"",""Fire"",""Fire Accessory"",""Stocking""]",false,true,false,true,false,,0,0,true,2026-05-30 03:14:30.57995+00,2026-06-09 22:52:37.666+00,[],[],[],[],[],"[{""url"":""https://641bdd57-e650-4f10-a19f-628c07eb50b7-00-1e7i1aja8wnz9.worf.replit.dev/api/storage/objects/products/summerset/FPASSY-GF.jpg"",""alt_text"":""Square Firepit Burner For FPCHSQ44 And FPRDT8444"",""is_primary"":true,""display_order"":0,""image_kind"":""gallery"",""variant_id"":null}]",[]
Summerset,summerset,2782,FPASSY-GI,"Round Firepit Table Burner With Ignitor For 48"" And 52"" Round Table On LP",round-firepit-table-burner-with-ignitor-for-48-and-52-round-table-on-lp-sm,"Description ROUND FIREPIT TABLE BURNER WITH IGNITOR FOR 48"" AND 52"" ROUND TABLE ON LP Dimensions & Weight Product Dimension 0 Shipping Dimension 0 Net Weight lbs Gross Weight lbs QTY/CTN 1 Specifications Color Black Frame Type 304 Stainless Steel Warranty 1 year California's Proposition 65 Warning For California Residents Additional Documents

<ul>
  <li>Color: Black</li>
  <li>Frame Type: 304 Stainless Steel</li>
  <li>Warranty: 1 year</li>
</ul>","Description ROUND FIREPIT TABLE BURNER WITH IGNITOR FOR 48"" AND 52"" ROUND TABLE ON LP Dimensions & Weight Product Dimension 0 Shipping Dimension 0 Net Weight lbs Gross Weight lbs QTY/CTN 1 Specifications Color Black Frame Type 304 Stainless Steel Warranty 1 year California's Proposition 65 Warning For California Residents Additional Documents",Fire Tables,cat-fire-tables,,,,,,,,,fixed,,0,"{""Color"":""Black"",""Frame Type"":""304 Stainless Steel"",""Qty/Carton"":""1"",""Shipping Dimension"":""0""}","[""Accessories"",""Fire"",""Fire Accessory"",""Stocking""]",false,true,false,true,false,,0,0,true,2026-05-30 03:14:29.104801+00,2026-06-09 22:52:37.666+00,[],[],[],[],[],"[{""url"":""https://641bdd57-e650-4f10-a19f-628c07eb50b7-00-1e7i1aja8wnz9.worf.replit.dev/api/storage/objects/products/summerset/FPASSY-GI.jpg"",""alt_text"":""Round Firepit Table Burner With Ignitor For 48\"" And 52\"" Round Table On LP"",""is_primary"":true,""display_order"":0,""image_kind"":""gallery"",""variant_id"":null}]",[]
Summerset,summerset,2781,FPASSY-WB,"Round Firepit Table Wood Burner For 48"" And 52"" Round Table",round-firepit-table-wood-burner-for-48-and-52-round-table-sm,"Description ROUND FIREPIT TABLE WOOD BURNER FOR 48"" AND 52"" ROUND TABLE Dimensions & Weight Product Dimension 0 Shipping Dimension 0 Net Weight lbs Gross Weight lbs QTY/CTN 1 Specifications Color Black Frame Type Iron Warranty 1 year California's Proposition 65 Warning For California Residents Additional Documents

<ul>
  <li>Color: Black</li>
  <li>Frame Type: Iron</li>
  <li>Warranty: 1 year</li>
</ul>","Description ROUND FIREPIT TABLE WOOD BURNER FOR 48"" AND 52"" ROUND TABLE Dimensions & Weight Product Dimension 0 Shipping Dimension 0 Net Weight lbs Gross Weight lbs QTY/CTN 1 Specifications Color Black Frame Type Iron Warranty 1 year California's Proposition 65 Warning For California Residents Additional Documents",Fire Tables,cat-fire-tables,,,,,,,,,fixed,,0,"{""Color"":""Black"",""Frame Type"":""Iron"",""Qty/Carton"":""1"",""Shipping Dimension"":""0""}","[""Accessories"",""Fire"",""Fire Accessory""]",false,true,false,true,false,,0,0,true,2026-05-30 03:14:28.935169+00,2026-06-09 22:52:37.666+00,[],[],[],[],[],"[{""url"":""https://641bdd57-e650-4f10-a19f-628c07eb50b7-00-1e7i1aja8wnz9.worf.replit.dev/api/storage/objects/products/summerset/FPASSY-WB.jpg"",""alt_text"":""Round Firepit Table Wood Burner For 48\"" And 52\"" Round Table"",""is_primary"":true,""display_order"":0,""image_kind"":""gallery"",""variant_id"":null}]",[]
Summerset,summerset,2869,FPCHATD52,"52"" Round Athena Dark Chat Firepit Table (Burner or Ice Bucket NOT Included)",52-round-athena-dark-chat-firepit-table-burner-or-ice-bucket-not-included-sm,"Description 52"" Round Athena Dark Chat Firepit Table (Burner or Ice Bucket Optional) Dimensions & Weight Product Dimension Dia52""x25H"" Shipping Dimension 53""x11""x53"" Net Weight lbs Gross Weight lbs QTY/CTN 1 Specifications Color DG Frame Type Wicker Knock-Down Warranty Frames: 10 years; California's Proposition 65 Warning For California Residents Additional Documents

<ul>
  <li>Color: DG</li>
  <li>Frame Type: Wicker Knock-Down</li>
  <li>Warranty: Frames: 10 years;</li>
</ul>","Description 52"" Round Athena Dark Chat Firepit Table (Burner or Ice Bucket Optional) Dimensions & Weight Product Dimension Dia52""x25H"" Shipping Dimension 53""x11""x53"" Net Weight lbs Gross Weight lbs QTY/CTN 1 Specifications Color DG Frame Type Wicker Knock-Down Warranty Frames: 10 years; California's Proposition 65 Warning For California Residents Additional Documents",Fire Tables,cat-fire-tables,Wicker,wicker,,,,,,,fixed,,"Dia52""x25H""","{""Color"":""DG"",""Frame Type"":""Wicker Knock-Down"",""Qty/Carton"":""1"",""Shipping Dimension"":""53\""x11\""x53\""""}","[""Athena Dark"",""Fire Table"",""Stocking""]",false,true,false,true,false,,0,0,true,2026-05-30 03:15:14.254651+00,2026-06-09 22:52:37.666+00,[],[],[],[],[],"[{""url"":""https://641bdd57-e650-4f10-a19f-628c07eb50b7-00-1e7i1aja8wnz9.worf.replit.dev/api/storage/objects/products/summerset/FPCHATD52.jpg"",""alt_text"":""52\"" Round Athena Dark Chat Firepit Table (Burner or Ice Bucket NOT Included)"",""is_primary"":true,""display_order"":0,""image_kind"":""gallery"",""variant_id"":null}]",[]
Summerset,summerset,2791,FPCHDRW52,"52"" Round Chat Wrap Firepit Table Designer (Burner or Ice Bucket NOT Included)",52-round-chat-wrap-firepit-table-designer-burner-or-ice-bucket-not-included-sm,"Description 52"" ROUND CHAT WRAP FIREPIT TABLE DESIGNER (BURNER OR ICE BUCKET OPTIONAL) Dimensions & Weight Product Dimension 24.5""x52""x52"" Shipping Dimension 0 Net Weight lbs Gross Weight lbs QTY/CTN 1 Specifications Color MA Frame Type Cast Aluminum Knock-Down Matching Cover TR52; Warranty Frames: 10 years; California's Proposition 65 Warning For California Residents Additional Documents

<ul>
  <li>Color: MA</li>
  <li>Frame Type: Cast Aluminum Knock-Down</li>
  <li>Matching Cover: TR52;</li>
  <li>Warranty: Frames: 10 years;</li>
</ul>","Description 52"" ROUND CHAT WRAP FIREPIT TABLE DESIGNER (BURNER OR ICE BUCKET OPTIONAL) Dimensions & Weight Product Dimension 24.5""x52""x52"" Shipping Dimension 0 Net Weight lbs Gross Weight lbs QTY/CTN 1 Specifications Color MA Frame Type Cast Aluminum Knock-Down Matching Cover TR52; Warranty Frames: 10 years; California's Proposition 65 Warning For California Residents Additional Documents",Fire Tables,cat-fire-tables,Aluminum,aluminum,,,,,,,fixed,,"24.5""x52""x52""","{""Color"":""MA"",""Frame Type"":""Cast Aluminum Knock-Down"",""Qty/Carton"":""1"",""Shipping Dimension"":""0""}","[""Designer"",""Fire Table"",""Stocking""]",false,true,false,true,false,,0,0,true,2026-05-30 03:14:38.134659+00,2026-06-09 22:52:37.666+00,[],[],[],[],[],"[{""url"":""https://641bdd57-e650-4f10-a19f-628c07eb50b7-00-1e7i1aja8wnz9.worf.replit.dev/api/storage/objects/products/summerset/FPCHDRW52.jpg"",""alt_text"":""52\"" Round Chat Wrap Firepit Table Designer (Burner or Ice Bucket NOT Included)"",""is_primary"":true,""display_order"":0,""image_kind"":""gallery"",""variant_id"":null}]",[]
Summerset,summerset,2663,FPCHSQ44CSO,"44"" Square Chat Wrap Firepit Table (Classic) (Container Order Only)",44-square-chat-wrap-firepit-table-classic-container-order-only-sm,"Description Include fire table, burner, 15lb black fire glass, and Shield Mercury cover. This product is for Container Direct order only. Please check our Container Direct Order Guidelines for ordering instruction. However, if this product is Not showing ""out of stock"", it means we still have some leftover quantity in our California warehouse. In which case, you can order up to the available quantity shown. In addition, these leftover items are discounted 20% to their regular prices. Dimensions","Description Include fire table, burner, 15lb black fire glass, and Shield Mercury cover. This product is for Container Direct order only. Please check our Container Direct Order Guidelines for ordering instruction. However, if this product is Not showing ""out of stock"", it means we still have some leftover quantity in our California warehouse. In which case, you can order up to the available quantity shown. In addition, these leftover items are discounted 20% to their regular prices. Dimensions",Fire Tables,cat-fire-tables,,,,,,,,,fixed,,29.1''x44.1''x44.1'',"{""Color"":""Black"",""Frame Type"":""Cast Aluminum Knock-Down"",""Net Weight"":""66 lbs"",""Qty/Carton"":""1"",""Gross Weight"":""77 lbs"",""Shipping Dimension"":""46''""}","[""Fire Table"",""Signature""]",false,true,false,true,false,,0,0,true,2026-05-30 03:13:45.146312+00,2026-06-09 22:52:37.666+00,[],[],[],[],[],"[{""url"":""https://641bdd57-e650-4f10-a19f-628c07eb50b7-00-1e7i1aja8wnz9.worf.replit.dev/api/storage/objects/products/summerset/FPCHSQ44CSO.jpg"",""alt_text"":""44\"" Square Chat Wrap Firepit Table (Classic) (Container Order Only)"",""is_primary"":true,""display_order"":0,""image_kind"":""gallery"",""variant_id"":null},{""url"":""https://641bdd57-e650-4f10-a19f-628c07eb50b7-00-1e7i1aja8wnz9.worf.replit.dev/api/storage/objects/products/summerset/FPCHSQ44CSO_1.jpg"",""alt_text"":""44\"" Square Chat Wrap Firepit Table (Classic) (Container Order Only)"",""is_primary"":false,""display_order"":1,""image_kind"":""gallery"",""variant_id"":null},{""url"":""https://641bdd57-e650-4f10-a19f-628c07eb50b7-00-1e7i1aja8wnz9.worf.replit.dev/api/storage/objects/products/summerset/FPCHSQ44CSO_2.jpg"",""alt_text"":""44\"" Square Chat Wrap Firepit Table (Classic) (Container Order Only)"",""is_primary"":false,""display_order"":2,""image_kind"":""gallery"",""variant_id"":null},{""url"":""https://641bdd57-e650-4f10-a19f-628c07eb50b7-00-1e7i1aja8wnz9.worf.replit.dev/api/storage/objects/products/summerset/FPCHSQ44CSO_3.jpg"",""alt_text"":""44\"" Square Chat Wrap Firepit Table (Classic) (Container Order Only)"",""is_primary"":false,""display_order"":3,""image_kind"":""gallery"",""variant_id"":null},{""url"":""https://641bdd57-e650-4f10-a19f-628c07eb50b7-00-1e7i1aja8wnz9.worf.replit.dev/api/storage/objects/products/summerset/FPCHSQ44CSO_4.jpg"",""alt_text"":""44\"" Square Chat Wrap Firepit Table (Classic) (Container Order Only)"",""is_primary"":false,""display_order"":4,""image_kind"":""gallery"",""variant_id"":null},{""url"":""https://641bdd57-e650-4f10-a19f-628c07eb50b7-00-1e7i1aja8wnz9.worf.replit.dev/api/storage/objects/products/summerset/FPCHSQ44CSO_5.jpg"",""alt_text"":""44\"" Square Chat Wrap Firepit Table (Classic) (Container Order Only)"",""is_primary"":false,""display_order"":5,""image_kind"":""gallery"",""variant_id"":null},{""url"":""https://641bdd57-e650-4f10-a19f-628c07eb50b7-00-1e7i1aja8wnz9.worf.replit.dev/api/storage/objects/products/summerset/FPCHSQ44CSO_6.jpg"",""alt_text"":""44\"" Square Chat Wrap Firepit Table (Classic) (Container Order Only)"",""is_primary"":false,""display_order"":6,""image_kind"":""gallery"",""variant_id"":null},{""url"":""https://641bdd57-e650-4f10-a19f-628c07eb50b7-00-1e7i1aja8wnz9.worf.replit.dev/api/storage/objects/products/summerset/FPCHSQ44CSO_7.jpg"",""alt_text"":""44\"" Square Chat Wrap Firepit Table (Classic) (Container Order Only)"",""is_primary"":false,""display_order"":7,""image_kind"":""gallery"",""variant_id"":null},{""url"":""https://641bdd57-e650-4f10-a19f-628c07eb50b7-00-1e7i1aja8wnz9.worf.replit.dev/api/storage/objects/products/summerset/FPCHSQ44CSO_8.jpg"",""alt_text"":""44\"" Square Chat Wrap Firepit Table (Classic) (Container Order Only)"",""is_primary"":false,""display_order"":8,""image_kind"":""gallery"",""variant_id"":null}]",[]
Summerset,summerset,2790,FPCHTT52,"52"" Round Aztec Chat Firepit Table (Burner or Ice Bucket NOT Included)",52-round-aztec-chat-firepit-table-burner-or-ice-bucket-not-included-sm,"Description 52"" ROUND AZTEC CHAT FIRETABLE (BURNER OR ICE BUCKET OPTIONAL) Dimensions & Weight Product Dimension 24.5""x52""x52"" Shipping Dimension 0 Net Weight lbs Gross Weight lbs QTY/CTN 1 Specifications Color Black Frame; Chocolate Rosewood Wicker Frame Type Cast Aluminum Knock-Down Matching Cover TR52; Warranty Frames: 10 years; California's Proposition 65 Warning For California Residents Additional Documents ??

<ul>
  <li>Color: Black Frame; Chocolate Rosewood Wicker</li>
  <li>Frame Type: Cast Aluminum Knock-Down</li>
  <li>Matching Cover: TR52;</li>
  <li>Warranty: Frames: 10 years;</li>
</ul>","Description 52"" ROUND AZTEC CHAT FIRETABLE (BURNER OR ICE BUCKET OPTIONAL) Dimensions & Weight Product Dimension 24.5""x52""x52"" Shipping Dimension 0 Net Weight lbs Gross Weight lbs QTY/CTN 1 Specifications Color Black Frame; Chocolate Rosewood Wicker Frame Type Cast Aluminum Knock-Down Matching Cover TR52; Warranty Frames: 10 years; California's Proposition 65 Warning For California Residents Additional Documents ??",Fire Tables,cat-fire-tables,Wicker,wicker,,,,,,,fixed,,"24.5""x52""x52""","{""Color"":""Black Frame; Chocolate Rosewood Wicker"",""Frame Type"":""Cast Aluminum Knock-Down"",""Qty/Carton"":""1"",""Shipping Dimension"":""0""}","[""Fire Table"",""Stocking""]",false,true,false,true,false,,0,0,true,2026-05-30 03:14:37.953885+00,2026-06-09 22:52:37.666+00,[],[],[],[],[],"[{""url"":""https://641bdd57-e650-4f10-a19f-628c07eb50b7-00-1e7i1aja8wnz9.worf.replit.dev/api/storage/objects/products/summerset/FPCHTT52.jpg"",""alt_text"":""52\"" Round Aztec Chat Firepit Table (Burner or Ice Bucket NOT Included)"",""is_primary"":true,""display_order"":0,""image_kind"":""gallery"",""variant_id"":null},{""url"":""https://641bdd57-e650-4f10-a19f-628c07eb50b7-00-1e7i1aja8wnz9.worf.replit.dev/api/storage/objects/products/summerset/FPCHTT52_1.jpg"",""alt_text"":""52\"" Round Aztec Chat Firepit Table (Burner or Ice Bucket NOT Included)"",""is_primary"":false,""display_order"":1,""image_kind"":""gallery"",""variant_id"":null},{""url"":""https://641bdd57-e650-4f10-a19f-628c07eb50b7-00-1e7i1aja8wnz9.worf.replit.dev/api/storage/objects/products/summerset/FPCHTT52_2.jpg"",""alt_text"":""52\"" Round Aztec Chat Firepit Table (Burner or Ice Bucket NOT Included)"",""is_primary"":false,""display_order"":2,""image_kind"":""gallery"",""variant_id"":null},{""url"":""https://641bdd57-e650-4f10-a19f-628c07eb50b7-00-1e7i1aja8wnz9.worf.replit.dev/api/storage/objects/products/summerset/FPCHTT52_3.jpg"",""alt_text"":""52\"" Round Aztec Chat Firepit Table (Burner or Ice Bucket NOT Included)"",""is_primary"":false,""display_order"":3,""image_kind"":""gallery"",""variant_id"":null}]",[]
Summerset,summerset,2787,FPCHW52CSO,"52"" Round Fire Table (Classic) (Container Order Only)",52-round-fire-table-classic-container-order-only-sm,"Description Include fire table, burner, 15lb black fire glass, and Shield M ercury cover. This product is for Container Direct order only. Please check our Container Direct Order Guidelines for ordering instruction. However, if this product is Not showing ""out of stock"", it means we still have some leftover quantity in our California warehouse. In which case, you can order up to the available quantity shown. In addition, these leftover items are discounted 20% to their regular prices. Dimensions","Description Include fire table, burner, 15lb black fire glass, and Shield M ercury cover. This product is for Container Direct order only. Please check our Container Direct Order Guidelines for ordering instruction. However, if this product is Not showing ""out of stock"", it means we still have some leftover quantity in our California warehouse. In which case, you can order up to the available quantity shown. In addition, these leftover items are discounted 20% to their regular prices. Dimensions",Fire Tables,cat-fire-tables,,,,,,,,,fixed,,"24.5""x52""x52""","{""Color"":""Black"",""Frame Type"":""Cast Aluminum Knock-Down"",""Net Weight"":""95 lbs"",""Qty/Carton"":""1"",""Gross Weight"":""107 lbs"",""Shipping Dimension"":""54.5\"" x 54\"" x 11\""""}","[""Fire Table""]",false,true,false,true,false,,0,0,true,2026-05-30 03:14:34.712169+00,2026-06-09 22:52:37.666+00,[],[],[],[],[],"[{""url"":""https://641bdd57-e650-4f10-a19f-628c07eb50b7-00-1e7i1aja8wnz9.worf.replit.dev/api/storage/objects/products/summerset/FPCHW52CSO.jpg"",""alt_text"":""52\"" Round Fire Table (Classic) (Container Order Only)"",""is_primary"":true,""display_order"":0,""image_kind"":""gallery"",""variant_id"":null},{""url"":""https://641bdd57-e650-4f10-a19f-628c07eb50b7-00-1e7i1aja8wnz9.worf.replit.dev/api/storage/objects/products/summerset/FPCHW52CSO_1.jpg"",""alt_text"":""52\"" Round Fire Table (Classic) (Container Order Only)"",""is_primary"":false,""display_order"":1,""image_kind"":""gallery"",""variant_id"":null},{""url"":""https://641bdd57-e650-4f10-a19f-628c07eb50b7-00-1e7i1aja8wnz9.worf.replit.dev/api/storage/objects/products/summerset/FPCHW52CSO_2.jpg"",""alt_text"":""52\"" Round Fire Table (Classic) (Container Order Only)"",""is_primary"":false,""display_order"":2,""image_kind"":""gallery"",""variant_id"":null},{""url"":""https://641bdd57-e650-4f10-a19f-628c07eb50b7-00-1e7i1aja8wnz9.worf.replit.dev/api/storage/objects/products/summerset/FPCHW52CSO_3.jpg"",""alt_text"":""52\"" Round Fire Table (Classic) (Container Order Only)"",""is_primary"":false,""display_order"":3,""image_kind"":""gallery"",""variant_id"":null},{""url"":""https://641bdd57-e650-4f10-a19f-628c07eb50b7-00-1e7i1aja8wnz9.worf.replit.dev/api/storage/objects/products/summerset/FPCHW52CSO_4.jpg"",""alt_text"":""52\"" Round Fire Table (Classic) (Container Order Only)"",""is_primary"":false,""display_order"":4,""image_kind"":""gallery"",""variant_id"":null},{""url"":""https://641bdd57-e650-4f10-a19f-628c07eb50b7-00-1e7i1aja8wnz9.worf.replit.dev/api/storage/objects/products/summerset/FPCHW52CSO_5.jpg"",""alt_text"":""52\"" Round Fire Table (Classic) (Container Order Only)"",""is_primary"":false,""display_order"":5,""image_kind"":""gallery"",""variant_id"":null}]",[]
Summerset,summerset,2780,FPCHWRC5232,"52"" x 32"" Rectangle Chat Wrap Firepit Table Top + Base W/Burner",52-x-32-rectangle-chat-wrap-firepit-table-top-base-w-burner-sm,"Description 52"" x 32"" Rectangle Chat Wrap Firepit Table Top + Base W/Burner Dimensions & Weight Product Dimension 24.5""x52""x32"" Shipping Dimension Top: 51""x2.4""x31"" Base:42""x22""x25"" Net Weight 60 lbs Gross Weight 81 lbs QTY/CTN 1PC/2CTN Specifications Color Desert Bronze Frame Type Cast Aluminum Knock-Down Matching Cover T5232; Table only Warranty Frames: 10 years; California's Proposition 65 Warning For California Residents Additional Documents

<ul>
  <li>Color: Desert Bronze</li>
  <li>Frame Type: Cast Aluminum Knock-Down</li>
  <li>Matching Cover: T5232; Table only</li>
  <li>Warranty: Frames: 10 years;</li>
</ul>","Description 52"" x 32"" Rectangle Chat Wrap Firepit Table Top + Base W/Burner Dimensions & Weight Product Dimension 24.5""x52""x32"" Shipping Dimension Top: 51""x2.4""x31"" Base:42""x22""x25"" Net Weight 60 lbs Gross Weight 81 lbs QTY/CTN 1PC/2CTN Specifications Color Desert Bronze Frame Type Cast Aluminum Knock-Down Matching Cover T5232; Table only Warranty Frames: 10 years; California's Proposition 65 Warning For California Residents Additional Documents",Fire Tables,cat-fire-tables,Aluminum,aluminum,,,,,,,fixed,,"24.5""x52""x32""","{""Color"":""Desert Bronze"",""Frame Type"":""Cast Aluminum Knock-Down"",""Net Weight"":""60 lbs"",""Qty/Carton"":""1PC/2CTN"",""Gross Weight"":""81 lbs"",""Shipping Dimension"":""Top:""}","[""Fire Table""]",false,true,false,true,false,,0,0,true,2026-05-30 03:14:28.802398+00,2026-06-09 22:52:37.666+00,[],[],[],[],[],"[{""url"":""https://641bdd57-e650-4f10-a19f-628c07eb50b7-00-1e7i1aja8wnz9.worf.replit.dev/api/storage/objects/products/summerset/FPCHWRC5232.jpg"",""alt_text"":""52\"" x 32\"" Rectangle Chat Wrap Firepit Table Top + Base W/Burner"",""is_primary"":true,""display_order"":0,""image_kind"":""gallery"",""variant_id"":null}]",[]
Summerset,summerset,2821,FPCHWV48,"48"" Round Chat Firepit Table Weave (Burner or Ice Bucket NOT Included)",48-round-chat-firepit-table-weave-burner-or-ice-bucket-not-included-sm,"Description 48"" ROUND CHAT FIREPIT TABLE WEAVE (BURNER OR ICE BUCKET OPTIONAL) Dimensions & Weight Product Dimension 24.5""x48""x48"" Shipping Dimension 0 Net Weight lbs Gross Weight lbs QTY/CTN 1 Specifications Color MA Frame Type Cast Aluminum Knock-Down Matching Cover M930; Cover table top only Warranty Frames: 10 years; California's Proposition 65 Warning For California Residents Additional Documents

<ul>
  <li>Color: MA</li>
  <li>Frame Type: Cast Aluminum Knock-Down</li>
  <li>Matching Cover: M930; Cover table top only</li>
  <li>Warranty: Frames: 10 years;</li>
</ul>","Description 48"" ROUND CHAT FIREPIT TABLE WEAVE (BURNER OR ICE BUCKET OPTIONAL) Dimensions & Weight Product Dimension 24.5""x48""x48"" Shipping Dimension 0 Net Weight lbs Gross Weight lbs QTY/CTN 1 Specifications Color MA Frame Type Cast Aluminum Knock-Down Matching Cover M930; Cover table top only Warranty Frames: 10 years; California's Proposition 65 Warning For California Residents Additional Documents",Fire Tables,cat-fire-tables,Aluminum,aluminum,,,,,,,fixed,,"24.5""x48""x48""","{""Color"":""MA"",""Frame Type"":""Cast Aluminum Knock-Down"",""Qty/Carton"":""1"",""Shipping Dimension"":""0""}","[""Ecom"",""Fire Table"",""Stocking"",""Weave""]",false,true,false,true,false,,0,0,true,2026-05-30 03:14:54.364847+00,2026-06-09 22:52:37.666+00,[],[],[],[],[],"[{""url"":""https://641bdd57-e650-4f10-a19f-628c07eb50b7-00-1e7i1aja8wnz9.worf.replit.dev/api/storage/objects/products/summerset/FPCHWV48.jpg"",""alt_text"":""48\"" Round Chat Firepit Table Weave (Burner or Ice Bucket NOT Included)"",""is_primary"":true,""display_order"":0,""image_kind"":""gallery"",""variant_id"":null}]",[]
Summerset,summerset,2771,FPCTJLW4825,"Coffee Table 48"" x 25"" JoLee White with Lovin Flame Burner",coffee-table-48-x-25-jolee-white-with-lovin-flame-burner-sm,,,Coffee & Side Tables,cat-coffee-side-tables,,,,,,,,,fixed,,,,[],false,true,false,true,false,,0,0,true,2026-05-30 03:14:25.319935+00,2026-06-09 22:52:37.657+00,[],[],[],[],[],"[{""url"":""https://641bdd57-e650-4f10-a19f-628c07eb50b7-00-1e7i1aja8wnz9.worf.replit.dev/api/storage/objects/products/summerset/FPCTJLW4825.jpg"",""alt_text"":""Coffee Table 48\"" x 25\"" JoLee White with Lovin Flame Burner"",""is_primary"":true,""display_order"":0,""image_kind"":""gallery"",""variant_id"":null},{""url"":""https://641bdd57-e650-4f10-a19f-628c07eb50b7-00-1e7i1aja8wnz9.worf.replit.dev/api/storage/objects/products/summerset/FPCTJLW4825_1.jpg"",""alt_text"":""Coffee Table 48\"" x 25\"" JoLee White with Lovin Flame Burner"",""is_primary"":false,""display_order"":1,""image_kind"":""gallery"",""variant_id"":null},{""url"":""https://641bdd57-e650-4f10-a19f-628c07eb50b7-00-1e7i1aja8wnz9.worf.replit.dev/api/storage/objects/products/summerset/FPCTJLW4825_2.jpg"",""alt_text"":""Coffee Table 48\"" x 25\"" JoLee White with Lovin Flame Burner"",""is_primary"":false,""display_order"":2,""image_kind"":""gallery"",""variant_id"":null}]",[]
Summerset,summerset,2789,FPRB36,"36"" Round Firetable Bistro Top + Base",36-round-firetable-bistro-top-base-sm,"Description 36"" Round Firetable Bistro Top + Base However, if this product is Not showing ""out of stock"", it means we still have some leftover quantity in our California warehouse. In which case, you can order up to the available quantity shown. In addition, these leftover items are discounted 20% to their regular prices. Dimensions & Weight Product Dimension 24.5""x36""x36"" Shipping Dimension 2.5""x37.5""x37.5""/25""x25""x25"" Net Weight 40 lbs Gross Weight 51 lbs QTY/CTN 1PC/2CTN Specifications Color

<p>Color</p>","Description 36"" Round Firetable Bistro Top + Base However, if this product is Not showing ""out of stock"", it means we still have some leftover quantity in our California warehouse. In which case, you can order up to the available quantity shown. In addition, these leftover items are discounted 20% to their regular prices. Dimensions & Weight Product Dimension 24.5""x36""x36"" Shipping Dimension 2.5""x37.5""x37.5""/25""x25""x25"" Net Weight 40 lbs Gross Weight 51 lbs QTY/CTN 1PC/2CTN Specifications Color",Fire Tables,cat-fire-tables,,,,,,,,,fixed,,"24.5""x36""x36""","{""Color"":""MA"",""Frame Type"":""Cast Aluminum Knock-Down"",""Net Weight"":""40 lbs"",""Qty/Carton"":""1PC/2CTN"",""Gross Weight"":""51 lbs"",""Shipping Dimension"":""2.5\""x37.5\""x37.5\""""}","[""Fire Table""]",false,true,false,true,false,,0,0,true,2026-05-30 03:14:37.036591+00,2026-06-09 22:52:37.666+00,[],[],[],[],[],"[{""url"":""https://641bdd57-e650-4f10-a19f-628c07eb50b7-00-1e7i1aja8wnz9.worf.replit.dev/api/storage/objects/products/summerset/FPRB36.jpg"",""alt_text"":""36\"" Round Firetable Bistro Top + Base"",""is_primary"":true,""display_order"":0,""image_kind"":""gallery"",""variant_id"":null},{""url"":""https://641bdd57-e650-4f10-a19f-628c07eb50b7-00-1e7i1aja8wnz9.worf.replit.dev/api/storage/objects/products/summerset/FPRB36_1.jpg"",""alt_text"":""36\"" Round Firetable Bistro Top + Base"",""is_primary"":false,""display_order"":1,""image_kind"":""gallery"",""variant_id"":null},{""url"":""https://641bdd57-e650-4f10-a19f-628c07eb50b7-00-1e7i1aja8wnz9.worf.replit.dev/api/storage/objects/products/summerset/FPRB36_2.jpg"",""alt_text"":""36\"" Round Firetable Bistro Top + Base"",""is_primary"":false,""display_order"":2,""image_kind"":""gallery"",""variant_id"":null},{""url"":""https://641bdd57-e650-4f10-a19f-628c07eb50b7-00-1e7i1aja8wnz9.worf.replit.dev/api/storage/objects/products/summerset/FPRB36_3.jpg"",""alt_text"":""36\"" Round Firetable Bistro Top + Base"",""is_primary"":false,""display_order"":3,""image_kind"":""gallery"",""variant_id"":null},{""url"":""https://641bdd57-e650-4f10-a19f-628c07eb50b7-00-1e7i1aja8wnz9.worf.replit.dev/api/storage/objects/products/summerset/FPRB36_4.jpg"",""alt_text"":""36\"" Round Firetable Bistro Top + Base"",""is_primary"":false,""display_order"":4,""image_kind"":""gallery"",""variant_id"":null}]",[]
Summerset,summerset,2664,FPRB36CSO,"36"" Round Bistro Firetable (Classic) (Container Order Only)",36-round-bistro-firetable-classic-container-order-only-sm,"Description Include fire table, burner, 15lb black fire glass, and Shield M ercury cover. This product is for Container Direct order only. Please check our Container Direct Order Guidelines for ordering instruction. However, if this product is Not showing ""out of stock"", it means we still have some leftover quantity in our California warehouse. In which case, you can order up to the available quantity shown. In addition, these leftover items are discounted 20% to their regular prices. Dimensions","Description Include fire table, burner, 15lb black fire glass, and Shield M ercury cover. This product is for Container Direct order only. Please check our Container Direct Order Guidelines for ordering instruction. However, if this product is Not showing ""out of stock"", it means we still have some leftover quantity in our California warehouse. In which case, you can order up to the available quantity shown. In addition, these leftover items are discounted 20% to their regular prices. Dimensions",Fire Tables,cat-fire-tables,,,,,,,,,fixed,,"24.5""x36""x36""","{""Color"":""MA"",""Frame Type"":""Cast Aluminum Knock-Down"",""Net Weight"":""62 lbs"",""Qty/Carton"":""1PC/2CTN"",""Gross Weight"":""73 lbs"",""Shipping Dimension"":""Carton1:""}","[""Fire Table""]",false,true,false,true,false,,0,0,true,2026-05-30 03:13:46.605467+00,2026-06-09 22:52:37.666+00,[],[],[],[],[],"[{""url"":""https://641bdd57-e650-4f10-a19f-628c07eb50b7-00-1e7i1aja8wnz9.worf.replit.dev/api/storage/objects/products/summerset/FPRB36CSO.jpg"",""alt_text"":""36\"" Round Bistro Firetable (Classic) (Container Order Only)"",""is_primary"":true,""display_order"":0,""image_kind"":""gallery"",""variant_id"":null},{""url"":""https://641bdd57-e650-4f10-a19f-628c07eb50b7-00-1e7i1aja8wnz9.worf.replit.dev/api/storage/objects/products/summerset/FPRB36CSO_1.jpg"",""alt_text"":""36\"" Round Bistro Firetable (Classic) (Container Order Only)"",""is_primary"":false,""display_order"":1,""image_kind"":""gallery"",""variant_id"":null},{""url"":""https://641bdd57-e650-4f10-a19f-628c07eb50b7-00-1e7i1aja8wnz9.worf.replit.dev/api/storage/objects/products/summerset/FPRB36CSO_2.jpg"",""alt_text"":""36\"" Round Bistro Firetable (Classic) (Container Order Only)"",""is_primary"":false,""display_order"":2,""image_kind"":""gallery"",""variant_id"":null},{""url"":""https://641bdd57-e650-4f10-a19f-628c07eb50b7-00-1e7i1aja8wnz9.worf.replit.dev/api/storage/objects/products/summerset/FPRB36CSO_3.jpg"",""alt_text"":""36\"" Round Bistro Firetable (Classic) (Container Order Only)"",""is_primary"":false,""display_order"":3,""image_kind"":""gallery"",""variant_id"":null},{""url"":""https://641bdd57-e650-4f10-a19f-628c07eb50b7-00-1e7i1aja8wnz9.worf.replit.dev/api/storage/objects/products/summerset/FPRB36CSO_4.jpg"",""alt_text"":""36\"" Round Bistro Firetable (Classic) (Container Order Only)"",""is_primary"":false,""display_order"":4,""image_kind"":""gallery"",""variant_id"":null},{""url"":""https://641bdd57-e650-4f10-a19f-628c07eb50b7-00-1e7i1aja8wnz9.worf.replit.dev/api/storage/objects/products/summerset/FPRB36CSO_5.jpg"",""alt_text"":""36\"" Round Bistro Firetable (Classic) (Container Order Only)"",""is_primary"":false,""display_order"":5,""image_kind"":""gallery"",""variant_id"":null},{""url"":""https://641bdd57-e650-4f10-a19f-628c07eb50b7-00-1e7i1aja8wnz9.worf.replit.dev/api/storage/objects/products/summerset/FPRB36CSO_6.jpg"",""alt_text"":""36\"" Round Bistro Firetable (Classic) (Container Order Only)"",""is_primary"":false,""display_order"":6,""image_kind"":""gallery"",""variant_id"":null}]",[]
Summerset,summerset,2786,FPRCCH5032CSO,"50""x32"" Rectangle Fire Table (Classic) (Container Order Only)",50-x32-rectangle-fire-table-classic-container-order-only-sm,"?? Description Include fire table, burner, 15 lb black fire glass, and Shield M ercury cover. This product is for Container Direct order only. Please check our Container Direct Order Guidelines for ordering instruction. However, if this product is Not showing ""out of stock"", it means we still have some leftover quantity in our California warehouse. In which case, you can order up to the available quantity shown. In addition, these leftover items are discounted 20% to their regular prices. Dimens","?? Description Include fire table, burner, 15 lb black fire glass, and Shield M ercury cover. This product is for Container Direct order only. Please check our Container Direct Order Guidelines for ordering instruction. However, if this product is Not showing ""out of stock"", it means we still have some leftover quantity in our California warehouse. In which case, you can order up to the available quantity shown. In addition, these leftover items are discounted 20% to their regular prices. Dimens",Fire Tables,cat-fire-tables,,,,,,,,,fixed,,"25""x50""x30""","{""Color"":""GE"",""Frame Type"":""Cast Aluminum Knock-Down"",""Net Weight"":""59 lbs"",""Qty/Carton"":""1PC/2CTN"",""Gross Weight"":""99 lbs"",""Shipping Dimension"":""2""}","[""Fire Table""]",false,true,false,true,false,,0,0,true,2026-05-30 03:14:33.284461+00,2026-06-09 22:52:37.666+00,[],[],[],[],[],"[{""url"":""https://641bdd57-e650-4f10-a19f-628c07eb50b7-00-1e7i1aja8wnz9.worf.replit.dev/api/storage/objects/products/summerset/FPRCCH5032CSO.jpg"",""alt_text"":""50\""x32\"" Rectangle Fire Table (Classic) (Container Order Only)"",""is_primary"":true,""display_order"":0,""image_kind"":""gallery"",""variant_id"":null},{""url"":""https://641bdd57-e650-4f10-a19f-628c07eb50b7-00-1e7i1aja8wnz9.worf.replit.dev/api/storage/objects/products/summerset/FPRCCH5032CSO_1.jpg"",""alt_text"":""50\""x32\"" Rectangle Fire Table (Classic) (Container Order Only)"",""is_primary"":false,""display_order"":1,""image_kind"":""gallery"",""variant_id"":null}]",[]
Summerset,summerset,2832,FPRCCH5032MB,50x32 Mirabella Firetable,50x32-mirabella-firetable-sm,"Description 50x32 MIRABELLA FIRE TALBE (container only, non-stocking) Dimensions & Weight Product Dimension 25""x50""x32"" Shipping Dimension 51""x4""x35""/41""x25""25"" Net Weight 59 lbs Gross Weight 99 lbs QTY/CTN 1PC/2CTN Specifications Color GE Frame Type Cast Aluminum Knock-Down Warranty Frames: 10 years; California's Proposition 65 Warning For California Residents Additional Documents ""

<ul>
  <li>Color: GE</li>
  <li>Frame Type: Cast Aluminum Knock-Down</li>
  <li>Warranty: Frames: 10 years;</li>
</ul>","Description 50x32 MIRABELLA FIRE TALBE (container only, non-stocking) Dimensions & Weight Product Dimension 25""x50""x32"" Shipping Dimension 51""x4""x35""/41""x25""25"" Net Weight 59 lbs Gross Weight 99 lbs QTY/CTN 1PC/2CTN Specifications Color GE Frame Type Cast Aluminum Knock-Down Warranty Frames: 10 years; California's Proposition 65 Warning For California Residents Additional Documents """,Fire Tables,cat-fire-tables,Aluminum,aluminum,,,,,,,fixed,,"25""x50""x32""","{""Color"":""GE"",""Frame Type"":""Cast Aluminum Knock-Down"",""Net Weight"":""59 lbs"",""Qty/Carton"":""1PC/2CTN"",""Gross Weight"":""99 lbs"",""Shipping Dimension"":""51\""x4\""x35\""""}","[""Fire Table"",""Mirabella"",""Stocking""]",false,true,false,true,false,,0,0,true,2026-05-30 03:15:00.622108+00,2026-06-09 22:52:37.666+00,[],[],[],[],[],"[{""url"":""https://641bdd57-e650-4f10-a19f-628c07eb50b7-00-1e7i1aja8wnz9.worf.replit.dev/api/storage/objects/products/summerset/FPRCCH5032MB.jpg"",""alt_text"":""50x32 Mirabella Firetable"",""is_primary"":true,""display_order"":0,""image_kind"":""gallery"",""variant_id"":null}]",[]
Summerset,summerset,2868,FPRCCH5232ATD,"52"" x 32"" Rectangle Firepit Table Athena Dark",52-x-32-rectangle-firepit-table-athena-dark-sm,"Description 52"" x 32"" Rectangle Firepit Table Athena Dark Dimensions & Weight Product Dimension 52""x32""x25""H Shipping Dimension Top: 51""x2.4""x31"" Base:42""x22""x25"" Net Weight 60 lbs Gross Weight 81 lbs QTY/CTN 1PC/2CTN Specifications Color DG Frame Type Wicker Knock-Down Matching Cover T5232; Table only Warranty Frames: 10 years; California's Proposition 65 Warning For California Residents Additional Documents

<ul>
  <li>Color: DG</li>
  <li>Frame Type: Wicker Knock-Down</li>
  <li>Matching Cover: T5232; Table only</li>
  <li>Warranty: Frames: 10 years;</li>
</ul>","Description 52"" x 32"" Rectangle Firepit Table Athena Dark Dimensions & Weight Product Dimension 52""x32""x25""H Shipping Dimension Top: 51""x2.4""x31"" Base:42""x22""x25"" Net Weight 60 lbs Gross Weight 81 lbs QTY/CTN 1PC/2CTN Specifications Color DG Frame Type Wicker Knock-Down Matching Cover T5232; Table only Warranty Frames: 10 years; California's Proposition 65 Warning For California Residents Additional Documents",Fire Tables,cat-fire-tables,Wicker,wicker,,,,,,,fixed,,"52""x32""x25""","{""Color"":""DG"",""Frame Type"":""Wicker Knock-Down"",""Net Weight"":""60 lbs"",""Qty/Carton"":""1PC/2CTN"",""Gross Weight"":""81 lbs"",""Shipping Dimension"":""Top:""}","[""Athena Dark"",""Fire Table"",""Stocking""]",false,true,false,true,false,,0,0,true,2026-05-30 03:15:14.058497+00,2026-06-09 22:52:37.666+00,[],[],[],[],[],"[{""url"":""https://641bdd57-e650-4f10-a19f-628c07eb50b7-00-1e7i1aja8wnz9.worf.replit.dev/api/storage/objects/products/summerset/FPRCCH5232ATD.jpg"",""alt_text"":""52\"" x 32\"" Rectangle Firepit Table Athena Dark"",""is_primary"":true,""display_order"":0,""image_kind"":""gallery"",""variant_id"":null},{""url"":""https://641bdd57-e650-4f10-a19f-628c07eb50b7-00-1e7i1aja8wnz9.worf.replit.dev/api/storage/objects/products/summerset/FPRCCH5232ATD_1.jpg"",""alt_text"":""52\"" x 32\"" Rectangle Firepit Table Athena Dark"",""is_primary"":false,""display_order"":1,""image_kind"":""gallery"",""variant_id"":null}]",[]
Summerset,summerset,2894,FPRCCH5232AZ,"52"" x 32"" Rectangle Chat Aztec Firepit Table w/Burner",52-x-32-rectangle-chat-aztec-firepit-table-w-burner-sm,"Description 52"" x 32"" Rectangle Chat Aztec Firepit Table w/Burner Dimensions & Weight Product Dimension 24.5""x52""x32"" Shipping Dimension Top: 51""x2.4""x31"" Base:42""x22""x25"" Net Weight 60 lbs Gross Weight 81 lbs QTY/CTN 1PC/2CTN Specifications Color Black Frame; Chocolate Rosewood Wicker Frame Type Cast Aluminum Knock-Down Matching Cover T5232; Table only Warranty Frames: 10 years; California's Proposition 65 Warning For California Residents Additional Documents

<ul>
  <li>Color: Black Frame; Chocolate Rosewood Wicker</li>
  <li>Frame Type: Cast Aluminum Knock-Down</li>
  <li>Matching Cover: T5232; Table only</li>
  <li>Warranty: Frames: 10 years;</li>
</ul>","Description 52"" x 32"" Rectangle Chat Aztec Firepit Table w/Burner Dimensions & Weight Product Dimension 24.5""x52""x32"" Shipping Dimension Top: 51""x2.4""x31"" Base:42""x22""x25"" Net Weight 60 lbs Gross Weight 81 lbs QTY/CTN 1PC/2CTN Specifications Color Black Frame; Chocolate Rosewood Wicker Frame Type Cast Aluminum Knock-Down Matching Cover T5232; Table only Warranty Frames: 10 years; California's Proposition 65 Warning For California Residents Additional Documents",Fire Tables,cat-fire-tables,Wicker,wicker,,,,,,,fixed,,"24.5""x52""x32""","{""Color"":""Black Frame; Chocolate Rosewood Wicker"",""Frame Type"":""Cast Aluminum Knock-Down"",""Net Weight"":""60 lbs"",""Qty/Carton"":""1PC/2CTN"",""Gross Weight"":""81 lbs"",""Shipping Dimension"":""Top:""}","[""Aztec"",""Deep Seat"",""Fire Table""]",false,true,false,true,false,,0,0,true,2026-05-30 03:15:38.916302+00,2026-06-09 22:52:37.666+00,[],[],[],[],[],"[{""url"":""https://641bdd57-e650-4f10-a19f-628c07eb50b7-00-1e7i1aja8wnz9.worf.replit.dev/api/storage/objects/products/summerset/FPRCCH5232AZ.jpg"",""alt_text"":""52\"" x 32\"" Rectangle Chat Aztec Firepit Table w/Burner"",""is_primary"":true,""display_order"":0,""image_kind"":""gallery"",""variant_id"":null}]",[]
Summerset,summerset,2614,FPRCCH5232ER,"52""x32"" Rectangle Fire Table Aeros",52-x32-rectangle-fire-table-aeros-sm,"Description 52""x32"" Rectangle Fire Table Aeros Dimensions & Weight Product Dimension 52""x32""x25"" Shipping Dimension 54""x33.5""x3""/46""x25.5""25"" Net Weight 78 lbs Gross Weight 90 lbs QTY/CTN 1 Specifications Color Light Grey/Dark Grey Frame Type Cast Aluminum Knock-Down Matching Cover T5232 Warranty Frames: 10 years; California's Proposition 65 Warning For California Residents Additional Documents

<ul>
  <li>Color: Light Grey/Dark Grey</li>
  <li>Frame Type: Cast Aluminum Knock-Down</li>
  <li>Matching Cover: T5232</li>
  <li>Warranty: Frames: 10 years;</li>
</ul>","Description 52""x32"" Rectangle Fire Table Aeros Dimensions & Weight Product Dimension 52""x32""x25"" Shipping Dimension 54""x33.5""x3""/46""x25.5""25"" Net Weight 78 lbs Gross Weight 90 lbs QTY/CTN 1 Specifications Color Light Grey/Dark Grey Frame Type Cast Aluminum Knock-Down Matching Cover T5232 Warranty Frames: 10 years; California's Proposition 65 Warning For California Residents Additional Documents",Fire Tables,cat-fire-tables,Aluminum,aluminum,,,,,,,fixed,,"52""x32""x25""","{""Color"":""Light Grey/Dark Grey"",""Frame Type"":""Cast Aluminum Knock-Down"",""Net Weight"":""78 lbs"",""Qty/Carton"":""1"",""Gross Weight"":""90 lbs"",""Shipping Dimension"":""54\""x33.5\""x3\""""}","[""Aeros""]",false,true,false,true,false,,0,0,true,2026-05-30 03:13:29.122836+00,2026-06-09 22:52:37.666+00,[],[],[],[],[],"[{""url"":""https://641bdd57-e650-4f10-a19f-628c07eb50b7-00-1e7i1aja8wnz9.worf.replit.dev/api/storage/objects/products/summerset/FPRCCH5232ER.jpg"",""alt_text"":""52\""x32\"" Rectangle Fire Table Aeros"",""is_primary"":true,""display_order"":0,""image_kind"":""gallery"",""variant_id"":null}]",[]
Summerset,summerset,2854,FPRCCH5232JL,"Rectangle Chat Firepit Table 52"" x 32"" JoLee",rectangle-chat-firepit-table-52-x-32-jolee-sm,"Description 52"" x 32"" Rectangle Firepit JoLee Dimensions & Weight Product Dimension 25""x52""x32"" Shipping Dimension B:26""x28.3""x47"" T:34""x2.8""x53.8"" Net Weight 29.5 lbs Gross Weight 36.5 lbs QTY/CTN 1PC/2CTN Specifications Color BG Frame Type Aluminum Knock-Down Matching Cover T5232; Table only Warranty Frames: 10 years; California's Proposition 65 Warning For California Residents Additional Documents

<ul>
  <li>Color: BG</li>
  <li>Frame Type: Aluminum Knock-Down</li>
  <li>Matching Cover: T5232; Table only</li>
  <li>Warranty: Frames: 10 years;</li>
</ul>","Description 52"" x 32"" Rectangle Firepit JoLee Dimensions & Weight Product Dimension 25""x52""x32"" Shipping Dimension B:26""x28.3""x47"" T:34""x2.8""x53.8"" Net Weight 29.5 lbs Gross Weight 36.5 lbs QTY/CTN 1PC/2CTN Specifications Color BG Frame Type Aluminum Knock-Down Matching Cover T5232; Table only Warranty Frames: 10 years; California's Proposition 65 Warning For California Residents Additional Documents",Fire Tables,cat-fire-tables,Aluminum,aluminum,,,,,,,fixed,,"25""x52""x32""","{""Color"":""BG"",""Frame Type"":""Aluminum Knock-Down"",""Net Weight"":""29.5 lbs"",""Qty/Carton"":""1PC/2CTN"",""Gross Weight"":""36.5 lbs"",""Shipping Dimension"":""B:26\""x28.3\""x47\""""}","[""Fire Table"",""JoLee"",""Stocking""]",false,true,false,true,false,,0,0,true,2026-05-30 03:15:10.132293+00,2026-06-09 22:52:37.666+00,[],[],[],[],[],"[{""url"":""https://641bdd57-e650-4f10-a19f-628c07eb50b7-00-1e7i1aja8wnz9.worf.replit.dev/api/storage/objects/products/summerset/FPRCCH5232JL.jpg"",""alt_text"":""Rectangle Chat Firepit Table 52\"" x 32\"" JoLee"",""is_primary"":true,""display_order"":0,""image_kind"":""gallery"",""variant_id"":null},{""url"":""https://641bdd57-e650-4f10-a19f-628c07eb50b7-00-1e7i1aja8wnz9.worf.replit.dev/api/storage/objects/products/summerset/FPRCCH5232JL_1.jpg"",""alt_text"":""Rectangle Chat Firepit Table 52\"" x 32\"" JoLee"",""is_primary"":false,""display_order"":1,""image_kind"":""gallery"",""variant_id"":null},{""url"":""https://641bdd57-e650-4f10-a19f-628c07eb50b7-00-1e7i1aja8wnz9.worf.replit.dev/api/storage/objects/products/summerset/FPRCCH5232JL_2.jpg"",""alt_text"":""Rectangle Chat Firepit Table 52\"" x 32\"" JoLee"",""is_primary"":false,""display_order"":2,""image_kind"":""gallery"",""variant_id"":null}]",[]
Summerset,summerset,2788,FPRCCH5232JLW,"52"" x 32"" Rectangle Chat Firepit Table JoLee White",52-x-32-rectangle-chat-firepit-table-jolee-white-sm,"Description 52"" x 32"" Rectangle Chat Firepit Table JoLee White Dimensions & Weight Product Dimension 25""x52""x32"" Shipping Dimension B:26""x28.3""x47"" T:34""x2.8""x53.8"" Net Weight 29.5 lbs Gross Weight 36.5 lbs QTY/CTN 1PC/2CTN Specifications Color WW Frame Type Aluminum Knock-Down Matching Cover T5232; Table only Warranty Frames: 10 years; California's Proposition 65 Warning For California Residents Additional Documents

<ul>
  <li>Color: WW</li>
  <li>Frame Type: Aluminum Knock-Down</li>
  <li>Matching Cover: T5232; Table only</li>
  <li>Warranty: Frames: 10 years;</li>
</ul>","Description 52"" x 32"" Rectangle Chat Firepit Table JoLee White Dimensions & Weight Product Dimension 25""x52""x32"" Shipping Dimension B:26""x28.3""x47"" T:34""x2.8""x53.8"" Net Weight 29.5 lbs Gross Weight 36.5 lbs QTY/CTN 1PC/2CTN Specifications Color WW Frame Type Aluminum Knock-Down Matching Cover T5232; Table only Warranty Frames: 10 years; California's Proposition 65 Warning For California Residents Additional Documents",Fire Tables,cat-fire-tables,Aluminum,aluminum,,,,,,,fixed,,"25""x52""x32""","{""Color"":""WW"",""Frame Type"":""Aluminum Knock-Down"",""Net Weight"":""29.5 lbs"",""Qty/Carton"":""1PC/2CTN"",""Gross Weight"":""36.5 lbs"",""Shipping Dimension"":""B:26\""x28.3\""x47\""""}","[""Fire Table"",""Jolee White"",""Stocking""]",false,true,false,true,false,,0,0,true,2026-05-30 03:14:35.956482+00,2026-06-09 22:52:37.666+00,[],[],[],[],[],"[{""url"":""https://641bdd57-e650-4f10-a19f-628c07eb50b7-00-1e7i1aja8wnz9.worf.replit.dev/api/storage/objects/products/summerset/FPRCCH5232JLW.jpg"",""alt_text"":""52\"" x 32\"" Rectangle Chat Firepit Table JoLee White"",""is_primary"":true,""display_order"":0,""image_kind"":""gallery"",""variant_id"":null},{""url"":""https://641bdd57-e650-4f10-a19f-628c07eb50b7-00-1e7i1aja8wnz9.worf.replit.dev/api/storage/objects/products/summerset/FPRCCH5232JLW_1.jpg"",""alt_text"":""52\"" x 32\"" Rectangle Chat Firepit Table JoLee White"",""is_primary"":false,""display_order"":1,""image_kind"":""gallery"",""variant_id"":null},{""url"":""https://641bdd57-e650-4f10-a19f-628c07eb50b7-00-1e7i1aja8wnz9.worf.replit.dev/api/storage/objects/products/summerset/FPRCCH5232JLW_2.jpg"",""alt_text"":""52\"" x 32\"" Rectangle Chat Firepit Table JoLee White"",""is_primary"":false,""display_order"":2,""image_kind"":""gallery"",""variant_id"":null},{""url"":""https://641bdd57-e650-4f10-a19f-628c07eb50b7-00-1e7i1aja8wnz9.worf.replit.dev/api/storage/objects/products/summerset/FPRCCH5232JLW_3.jpg"",""alt_text"":""52\"" x 32\"" Rectangle Chat Firepit Table JoLee White"",""is_primary"":false,""display_order"":3,""image_kind"":""gallery"",""variant_id"":null},{""url"":""https://641bdd57-e650-4f10-a19f-628c07eb50b7-00-1e7i1aja8wnz9.worf.replit.dev/api/storage/objects/products/summerset/FPRCCH5232JLW_4.jpg"",""alt_text"":""52\"" x 32\"" Rectangle Chat Firepit Table JoLee White"",""is_primary"":false,""display_order"":4,""image_kind"":""gallery"",""variant_id"":null},{""url"":""https://641bdd57-e650-4f10-a19f-628c07eb50b7-00-1e7i1aja8wnz9.worf.replit.dev/api/storage/objects/products/summerset/FPRCCH5232JLW_5.jpg"",""alt_text"":""52\"" x 32\"" Rectangle Chat Firepit Table JoLee White"",""is_primary"":false,""display_order"":5,""image_kind"":""gallery"",""variant_id"":null}]",[]
Summerset,summerset,2785,FPRDT64SP,"64"" Round Dining Fire Table",64-round-dining-fire-table-sm,"Description 64"" Round Firepit Dining Table w/Burner Dimensions & Weight Product Dimension 64""x64""x29"" Shipping Dimension Top: 66""x3""x66"" Base:35.5""x35.5""x30"" Net Weight 97 lbs Gross Weight 128 lbs QTY/CTN 1PC/2CTN Specifications Color MA Frame Type Cast Aluminum Knock-Down Matching Cover TR94; Cover with chairs Warranty Frames: 10 years; California's Proposition 65 Warning For California Residents Additional Documents Assembly Instruction

<ul>
  <li>Color: MA</li>
  <li>Frame Type: Cast Aluminum Knock-Down</li>
  <li>Matching Cover: TR94; Cover with chairs</li>
  <li>Warranty: Frames: 10 years;</li>
</ul>","Description 64"" Round Firepit Dining Table w/Burner Dimensions & Weight Product Dimension 64""x64""x29"" Shipping Dimension Top: 66""x3""x66"" Base:35.5""x35.5""x30"" Net Weight 97 lbs Gross Weight 128 lbs QTY/CTN 1PC/2CTN Specifications Color MA Frame Type Cast Aluminum Knock-Down Matching Cover TR94; Cover with chairs Warranty Frames: 10 years; California's Proposition 65 Warning For California Residents Additional Documents Assembly Instruction",Fire Tables,cat-fire-tables,Aluminum,aluminum,,,,,,,fixed,,"64""x64""x29""","{""Color"":""MA"",""Frame Type"":""Cast Aluminum Knock-Down"",""Net Weight"":""97 lbs"",""Qty/Carton"":""1PC/2CTN"",""Gross Weight"":""128 lbs"",""Shipping Dimension"":""Top:""}","[""Fire Table"",""Stocking""]",false,true,false,true,false,,0,0,true,2026-05-30 03:14:32.895983+00,2026-06-09 22:52:37.666+00,[],[],[],[],[],"[{""url"":""https://641bdd57-e650-4f10-a19f-628c07eb50b7-00-1e7i1aja8wnz9.worf.replit.dev/api/storage/objects/products/summerset/FPRDT64SP.jpg"",""alt_text"":""64\"" Round Dining Fire Table"",""is_primary"":true,""display_order"":0,""image_kind"":""gallery"",""variant_id"":null},{""url"":""https://641bdd57-e650-4f10-a19f-628c07eb50b7-00-1e7i1aja8wnz9.worf.replit.dev/api/storage/objects/products/summerset/FPRDT64SP_1.jpg"",""alt_text"":""64\"" Round Dining Fire Table"",""is_primary"":false,""display_order"":1,""image_kind"":""gallery"",""variant_id"":null},{""url"":""https://641bdd57-e650-4f10-a19f-628c07eb50b7-00-1e7i1aja8wnz9.worf.replit.dev/api/storage/objects/products/summerset/FPRDT64SP_2.jpg"",""alt_text"":""64\"" Round Dining Fire Table"",""is_primary"":false,""display_order"":2,""image_kind"":""gallery"",""variant_id"":null},{""url"":""https://641bdd57-e650-4f10-a19f-628c07eb50b7-00-1e7i1aja8wnz9.worf.replit.dev/api/storage/objects/products/summerset/FPRDT64SP_3.jpg"",""alt_text"":""64\"" Round Dining Fire Table"",""is_primary"":false,""display_order"":3,""image_kind"":""gallery"",""variant_id"":null},{""url"":""https://641bdd57-e650-4f10-a19f-628c07eb50b7-00-1e7i1aja8wnz9.worf.replit.dev/api/storage/objects/products/summerset/FPRDT64SP_4.jpg"",""alt_text"":""64\"" Round Dining Fire Table"",""is_primary"":false,""display_order"":4,""image_kind"":""gallery"",""variant_id"":null},{""url"":""https://641bdd57-e650-4f10-a19f-628c07eb50b7-00-1e7i1aja8wnz9.worf.replit.dev/api/storage/objects/products/summerset/FPRDT64SP_5.jpg"",""alt_text"":""64\"" Round Dining Fire Table"",""is_primary"":false,""display_order"":5,""image_kind"":""gallery"",""variant_id"":null},{""url"":""https://641bdd57-e650-4f10-a19f-628c07eb50b7-00-1e7i1aja8wnz9.worf.replit.dev/api/storage/objects/products/summerset/FPRDT64SP_6.jpg"",""alt_text"":""64\"" Round Dining Fire Table"",""is_primary"":false,""display_order"":6,""image_kind"":""gallery"",""variant_id"":null},{""url"":""https://641bdd57-e650-4f10-a19f-628c07eb50b7-00-1e7i1aja8wnz9.worf.replit.dev/api/storage/objects/products/summerset/FPRDT64SP_7.jpg"",""alt_text"":""64\"" Round Dining Fire Table"",""is_primary"":false,""display_order"":7,""image_kind"":""gallery"",""variant_id"":null},{""url"":""https://641bdd57-e650-4f10-a19f-628c07eb50b7-00-1e7i1aja8wnz9.worf.replit.dev/api/storage/objects/products/summerset/FPRDT64SP_8.jpg"",""alt_text"":""64\"" Round Dining Fire Table"",""is_primary"":false,""display_order"":8,""image_kind"":""gallery"",""variant_id"":null},{""url"":""https://641bdd57-e650-4f10-a19f-628c07eb50b7-00-1e7i1aja8wnz9.worf.replit.dev/api/storage/objects/products/summerset/FPRDT64SP_9.jpg"",""alt_text"":""64\"" Round Dining Fire Table"",""is_primary"":false,""display_order"":9,""image_kind"":""gallery"",""variant_id"":null}]",[]
Summerset,summerset,2799,FPRDT8444,"84"" x 44"" Rectangle Dining Wrap Firepit Table With 2 Burners Signature (Burner or Ice Bucket NOT Included)",84-x-44-rectangle-dining-wrap-firepit-table-with-2-burners-signature-burner-or-ice-bucket-not-included-sm,"Description 84"" X 44"" RECTANGLE DINING WRAP FIREPIT TABLE WITH 2 BURNERS SIGNATURE (BURNER OR ICE BUCKET OPTIONAL) Dimensions & Weight Product Dimension 28""x84""x44"" Shipping Dimension 46'' x6'' x85'' Net Weight 127.6 lbs Gross Weight 141.9 lbs QTY/CTN 1 Specifications Color MA Frame Type Cast Aluminum Knock-Down Matching Cover T12078; Cover with chairs Warranty Frames: 10 years; California's Proposition 65 Warning For California Residents Additional Documents

<ul>
  <li>Color: MA</li>
  <li>Frame Type: Cast Aluminum Knock-Down</li>
  <li>Matching Cover: T12078; Cover with chairs</li>
  <li>Warranty: Frames: 10 years;</li>
</ul>","Description 84"" X 44"" RECTANGLE DINING WRAP FIREPIT TABLE WITH 2 BURNERS SIGNATURE (BURNER OR ICE BUCKET OPTIONAL) Dimensions & Weight Product Dimension 28""x84""x44"" Shipping Dimension 46'' x6'' x85'' Net Weight 127.6 lbs Gross Weight 141.9 lbs QTY/CTN 1 Specifications Color MA Frame Type Cast Aluminum Knock-Down Matching Cover T12078; Cover with chairs Warranty Frames: 10 years; California's Proposition 65 Warning For California Residents Additional Documents",Fire Tables,cat-fire-tables,Aluminum,aluminum,,,,,,,fixed,,"28""x84""x44""","{""Color"":""MA"",""Frame Type"":""Cast Aluminum Knock-Down"",""Net Weight"":""127.6 lbs"",""Qty/Carton"":""1"",""Gross Weight"":""141.9 lbs"",""Shipping Dimension"":""46''""}","[""Fire Table"",""Signature"",""Stocking""]",false,true,false,true,false,,0,0,true,2026-05-30 03:14:41.995827+00,2026-06-09 22:52:37.666+00,[],[],[],[],[],"[{""url"":""https://641bdd57-e650-4f10-a19f-628c07eb50b7-00-1e7i1aja8wnz9.worf.replit.dev/api/storage/objects/products/summerset/FPRDT8444.jpg"",""alt_text"":""84\"" x 44\"" Rectangle Dining Wrap Firepit Table With 2 Burners Signature (Burner or Ice Bucket NOT Included)"",""is_primary"":true,""display_order"":0,""image_kind"":""gallery"",""variant_id"":null},{""url"":""https://641bdd57-e650-4f10-a19f-628c07eb50b7-00-1e7i1aja8wnz9.worf.replit.dev/api/storage/objects/products/summerset/FPRDT8444_1.jpg"",""alt_text"":""84\"" x 44\"" Rectangle Dining Wrap Firepit Table With 2 Burners Signature (Burner or Ice Bucket NOT Included)"",""is_primary"":false,""display_order"":1,""image_kind"":""gallery"",""variant_id"":null},{""url"":""https://641bdd57-e650-4f10-a19f-628c07eb50b7-00-1e7i1aja8wnz9.worf.replit.dev/api/storage/objects/products/summerset/FPRDT8444_2.jpg"",""alt_text"":""84\"" x 44\"" Rectangle Dining Wrap Firepit Table With 2 Burners Signature (Burner or Ice Bucket NOT Included)"",""is_primary"":false,""display_order"":2,""image_kind"":""gallery"",""variant_id"":null}]",[]
Summerset,summerset,2690,HUTCH,Hutch (Container Order Only),hutch-container-order-only-sm,"Description This product is for Container Direct order only. Please check our Container Direct Order Guidelines for ordering instruction. However, if this product is Not showing ""out of stock"", it means we still have some leftover quantity in our California warehouse. In which case, you can order up to the available quantity shown. In addition, these leftover items are discounted 20% to their regular prices. Dimensions & Weight Product Dimension 73""x36.5""x22.5"" Shipping Dimension 76""x7""x35"" Net","Description This product is for Container Direct order only. Please check our Container Direct Order Guidelines for ordering instruction. However, if this product is Not showing ""out of stock"", it means we still have some leftover quantity in our California warehouse. In which case, you can order up to the available quantity shown. In addition, these leftover items are discounted 20% to their regular prices. Dimensions & Weight Product Dimension 73""x36.5""x22.5"" Shipping Dimension 76""x7""x35"" Net",Dining,cat-dining,,,,,,,,,fixed,,"73""x36.5""x22.5""","{""Color"":""Black"",""Frame Type"":""Cast Aluminum Knock-Down"",""Net Weight"":""55 lbs"",""Qty/Carton"":""1"",""Gross Weight"":""66 lbs"",""Shipping Dimension"":""76\""x7\""x35\""""}","[""Accessories"",""Other Accessory""]",false,true,false,true,false,,0,0,true,2026-05-30 03:14:01.182351+00,2026-06-09 22:52:37.617+00,[],[],[],[],[],"[{""url"":""https://641bdd57-e650-4f10-a19f-628c07eb50b7-00-1e7i1aja8wnz9.worf.replit.dev/api/storage/objects/products/summerset/HUTCH.jpg"",""alt_text"":""Hutch (Container Order Only)"",""is_primary"":true,""display_order"":0,""image_kind"":""gallery"",""variant_id"":null}]",[]
Summerset,summerset,2659,ICEBUK-L,Ice Bucket for Fire Table,ice-bucket-for-fire-table-sm,"Description Ice Bucket for Fire Table Dimensions & Weight Product Dimension 19"" Diameter Shipping Dimension 0 Net Weight lbs Gross Weight lbs QTY/CTN 1 Specifications Color Stainless Steel Frame Type 304 Stainless Steel Warranty 1 year California's Proposition 65 Warning For California Residents Additional Documents ??

<ul>
  <li>Color: Stainless Steel</li>
  <li>Frame Type: 304 Stainless Steel</li>
  <li>Warranty: 1 year</li>
</ul>","Description Ice Bucket for Fire Table Dimensions & Weight Product Dimension 19"" Diameter Shipping Dimension 0 Net Weight lbs Gross Weight lbs QTY/CTN 1 Specifications Color Stainless Steel Frame Type 304 Stainless Steel Warranty 1 year California's Proposition 65 Warning For California Residents Additional Documents ??",Fire Tables,cat-fire-tables,,,,,,,,,fixed,,"19""","{""Color"":""Stainless Steel"",""Frame Type"":""304 Stainless Steel"",""Qty/Carton"":""1"",""Shipping Dimension"":""0""}","[""Accessories"",""Fire"",""Fire Accessory"",""Stocking""]",false,true,false,true,false,,0,0,true,2026-05-30 03:13:40.386291+00,2026-06-09 22:52:37.666+00,[],[],[],[],[],"[{""url"":""https://641bdd57-e650-4f10-a19f-628c07eb50b7-00-1e7i1aja8wnz9.worf.replit.dev/api/storage/objects/products/summerset/ICEBUK-L.jpg"",""alt_text"":""Ice Bucket for Fire Table"",""is_primary"":true,""display_order"":0,""image_kind"":""gallery"",""variant_id"":null}]",[]
Summerset,summerset,2842,JLABS,JoLee Armless Barstool,jolee-armless-barstool-sm,"Description JoLee Armless Barstool Dimensions & Weight Product Dimension 43.5""x22""x20.5"" Arm Height Seat Height 29"" Shipping Dimension 22""x27.3""x32 Net Weight 32 lbs Gross Weight 45.1 lbs QTY/CTN 1 Specifications Color BG Frame Type Aluminum Knock-Down Cushion Purchase Separately Matching Cover C11; Warranty Frames: 10 years; Cushion 5 years California's Proposition 65 Warning For California Residents Additional Documents

<ul>
  <li>Color: BG</li>
  <li>Frame Type: Aluminum Knock-Down</li>
  <li>Matching Cover: C11;</li>
  <li>Warranty: Frames: 10 years; Cushion 5 years</li>
</ul>","Description JoLee Armless Barstool Dimensions & Weight Product Dimension 43.5""x22""x20.5"" Arm Height Seat Height 29"" Shipping Dimension 22""x27.3""x32 Net Weight 32 lbs Gross Weight 45.1 lbs QTY/CTN 1 Specifications Color BG Frame Type Aluminum Knock-Down Cushion Purchase Separately Matching Cover C11; Warranty Frames: 10 years; Cushion 5 years California's Proposition 65 Warning For California Residents Additional Documents",Bar,cat-bar,Aluminum,aluminum,,,,,,,fixed,,"43.5""x22""x20.5""","{""Color"":""BG"",""Cushion"":""Purchase Separately"",""Frame Type"":""Aluminum Knock-Down"",""Net Weight"":""32 lbs"",""Qty/Carton"":""1"",""Gross Weight"":""45.1 lbs"",""Shipping Dimension"":""22\""x27.3\""x32""}","[""2_pack"",""Bar"",""JoLee""]",false,true,false,true,false,,0,0,true,2026-05-30 03:15:06.030169+00,2026-06-09 22:52:37.515+00,[],[],[],[],[],"[{""url"":""https://641bdd57-e650-4f10-a19f-628c07eb50b7-00-1e7i1aja8wnz9.worf.replit.dev/api/storage/objects/products/summerset/JLABS.jpg"",""alt_text"":""JoLee Armless Barstool"",""is_primary"":true,""display_order"":0,""image_kind"":""gallery"",""variant_id"":null}]",[]
Summerset,summerset,2841,JLBCH,JoLee Bench,jolee-bench-sm,"Description JoLee Bench Dimensions & Weight Product Dimension 16.3""x45""x16"" Arm Height 0 Seat Height 0 Shipping Dimension 4""x18""47"" Net Weight lbs Gross Weight lbs QTY/CTN 1 Specifications Color BG Frame Type Aluminum Knock-Down Cushion Purchase Separately Warranty Frames: 10 years; Cushion 5 years California's Proposition 65 Warning For California Residents Additional Documents

<ul>
  <li>Color: BG</li>
  <li>Frame Type: Aluminum Knock-Down</li>
  <li>Warranty: Frames: 10 years; Cushion 5 years</li>
</ul>","Description JoLee Bench Dimensions & Weight Product Dimension 16.3""x45""x16"" Arm Height 0 Seat Height 0 Shipping Dimension 4""x18""47"" Net Weight lbs Gross Weight lbs QTY/CTN 1 Specifications Color BG Frame Type Aluminum Knock-Down Cushion Purchase Separately Warranty Frames: 10 years; Cushion 5 years California's Proposition 65 Warning For California Residents Additional Documents",Accent Pieces,cat-accent-pieces,Aluminum,aluminum,,,,,,,fixed,,"16.3""x45""x16""","{""Color"":""BG"",""Cushion"":""Purchase Separately"",""Frame Type"":""Aluminum Knock-Down"",""Qty/Carton"":""1"",""Shipping Dimension"":""4\""x18\""47\""""}","[""Dining"",""JoLee""]",false,true,false,true,false,,0,0,true,2026-05-30 03:15:05.900165+00,2026-06-09 22:52:37.641+00,[],[],[],[],[],"[{""url"":""https://641bdd57-e650-4f10-a19f-628c07eb50b7-00-1e7i1aja8wnz9.worf.replit.dev/api/storage/objects/products/summerset/JLBCH.jpg"",""alt_text"":""JoLee Bench"",""is_primary"":true,""display_order"":0,""image_kind"":""gallery"",""variant_id"":null}]",[]
Summerset,summerset,2691,JLBCHL,JoLee Bench Long,jolee-bench-long-sm,"Description Jolee Bench Long Dimensions & Weight Product Dimension 16.3""x66""x16"" Arm Height Seat Height Shipping Dimension 4""x18""68"" Net Weight 21 lbs Gross Weight 27.6 lbs QTY/CTN 1 Specifications Color Gray Frame Type Aluminum Knock-Down Cushion Purchased Separately Warranty Frames: 10 years; Cushion 5 years California's Proposition 65 Warning For California Residents Additional Documents

<ul>
  <li>Color: Gray</li>
  <li>Frame Type: Aluminum Knock-Down Cushion Purchased Separately</li>
  <li>Warranty: Frames: 10 years; Cushion 5 years</li>
</ul>","Description Jolee Bench Long Dimensions & Weight Product Dimension 16.3""x66""x16"" Arm Height Seat Height Shipping Dimension 4""x18""68"" Net Weight 21 lbs Gross Weight 27.6 lbs QTY/CTN 1 Specifications Color Gray Frame Type Aluminum Knock-Down Cushion Purchased Separately Warranty Frames: 10 years; Cushion 5 years California's Proposition 65 Warning For California Residents Additional Documents",Accent Pieces,cat-accent-pieces,Aluminum,aluminum,,,,,,,fixed,,"16.3""x66""x16""","{""Color"":""Gray"",""Cushion"":""Purchased Separately"",""Frame Type"":""Aluminum Knock-Down"",""Net Weight"":""21 lbs"",""Qty/Carton"":""1"",""Gross Weight"":""27.6 lbs"",""Shipping Dimension"":""4\""x18\""68\""""}","[""Dining"",""JoLee"",""Stocking""]",false,true,false,true,false,,0,0,true,2026-05-30 03:14:01.307717+00,2026-06-09 22:52:37.641+00,[],[],[],[],[],"[{""url"":""https://641bdd57-e650-4f10-a19f-628c07eb50b7-00-1e7i1aja8wnz9.worf.replit.dev/api/storage/objects/products/summerset/JLBCHL.jpg"",""alt_text"":""JoLee Bench Long"",""is_primary"":true,""display_order"":0,""image_kind"":""gallery"",""variant_id"":null}]",[]
Summerset,summerset,2844,JLBS,JoLee Barstool,jolee-barstool-sm,"Description JoLee Barstool Dimensions & Weight Product Dimension 43.5""x22""x20.5"" Arm Height 37.2"" Seat Height 29"" Shipping Dimension 22""x27.3""x32 Net Weight 37.4 lbs Gross Weight 52.8 lbs QTY/CTN 1 Specifications Color BG Frame Type Aluminum Knock-Down Cushion Purchase Separately Matching Cover C11; Warranty Frames: 10 years; Cushion 5 years California's Proposition 65 Warning For California Residents Additional Documents

<ul>
  <li>Color: BG</li>
  <li>Frame Type: Aluminum Knock-Down</li>
  <li>Matching Cover: C11;</li>
  <li>Warranty: Frames: 10 years; Cushion 5 years</li>
</ul>","Description JoLee Barstool Dimensions & Weight Product Dimension 43.5""x22""x20.5"" Arm Height 37.2"" Seat Height 29"" Shipping Dimension 22""x27.3""x32 Net Weight 37.4 lbs Gross Weight 52.8 lbs QTY/CTN 1 Specifications Color BG Frame Type Aluminum Knock-Down Cushion Purchase Separately Matching Cover C11; Warranty Frames: 10 years; Cushion 5 years California's Proposition 65 Warning For California Residents Additional Documents",Bar,cat-bar,Aluminum,aluminum,,,,,,,fixed,,"43.5""x22""x20.5""","{""Color"":""BG"",""Cushion"":""Purchase Separately"",""Frame Type"":""Aluminum Knock-Down"",""Net Weight"":""37.4 lbs"",""Qty/Carton"":""1"",""Gross Weight"":""52.8 lbs"",""Shipping Dimension"":""22\""x27.3\""x32""}","[""2_pack"",""Bar"",""JoLee""]",false,true,false,true,false,,0,0,true,2026-05-30 03:15:07.315571+00,2026-06-09 22:52:37.515+00,[],[],[],[],[],"[{""url"":""https://641bdd57-e650-4f10-a19f-628c07eb50b7-00-1e7i1aja8wnz9.worf.replit.dev/api/storage/objects/products/summerset/JLBS.jpg"",""alt_text"":""JoLee Barstool"",""is_primary"":true,""display_order"":0,""image_kind"":""gallery"",""variant_id"":null},{""url"":""https://641bdd57-e650-4f10-a19f-628c07eb50b7-00-1e7i1aja8wnz9.worf.replit.dev/api/storage/objects/products/summerset/JLBS_1.jpg"",""alt_text"":""JoLee Barstool"",""is_primary"":false,""display_order"":1,""image_kind"":""gallery"",""variant_id"":null},{""url"":""https://641bdd57-e650-4f10-a19f-628c07eb50b7-00-1e7i1aja8wnz9.worf.replit.dev/api/storage/objects/products/summerset/JLBS_2.jpg"",""alt_text"":""JoLee Barstool"",""is_primary"":false,""display_order"":2,""image_kind"":""gallery"",""variant_id"":null},{""url"":""https://641bdd57-e650-4f10-a19f-628c07eb50b7-00-1e7i1aja8wnz9.worf.replit.dev/api/storage/objects/products/summerset/JLBS_3.jpg"",""alt_text"":""JoLee Barstool"",""is_primary"":false,""display_order"":3,""image_kind"":""gallery"",""variant_id"":null},{""url"":""https://641bdd57-e650-4f10-a19f-628c07eb50b7-00-1e7i1aja8wnz9.worf.replit.dev/api/storage/objects/products/summerset/JLBS_4.jpg"",""alt_text"":""JoLee Barstool"",""is_primary"":false,""display_order"":4,""image_kind"":""gallery"",""variant_id"":null},{""url"":""https://641bdd57-e650-4f10-a19f-628c07eb50b7-00-1e7i1aja8wnz9.worf.replit.dev/api/storage/objects/products/summerset/JLBS_5.jpg"",""alt_text"":""JoLee Barstool"",""is_primary"":false,""display_order"":5,""image_kind"":""gallery"",""variant_id"":null},{""url"":""https://641bdd57-e650-4f10-a19f-628c07eb50b7-00-1e7i1aja8wnz9.worf.replit.dev/api/storage/objects/products/summerset/JLBS_6.jpg"",""alt_text"":""JoLee Barstool"",""is_primary"":false,""display_order"":6,""image_kind"":""gallery"",""variant_id"":null},{""url"":""https://641bdd57-e650-4f10-a19f-628c07eb50b7-00-1e7i1aja8wnz9.worf.replit.dev/api/storage/objects/products/summerset/JLBS_7.jpg"",""alt_text"":""JoLee Barstool"",""is_primary"":false,""display_order"":7,""image_kind"":""gallery"",""variant_id"":null}]",[]
Summerset,summerset,2852,JLCC,JoLee Club Chair,jolee-club-chair-sm,"Description Jolee Club Chair Dimensions & Weight Product Dimension 32""x36""x31.5"" Arm Height 24"" Seat Height 11.25"" Shipping Dimension 29.5""x33""x11.5"" Net Weight 34 lbs Gross Weight 38.5 lbs QTY/CTN 1 Specifications Color BG Frame Type Aluminum Knock-Down Cushion Purchase Separately Matching Cover C21W; Warranty Frames: 10 years; Cushion 5 years California's Proposition 65 Warning For California Residents Additional Documents

<ul>
  <li>Color: BG</li>
  <li>Frame Type: Aluminum Knock-Down</li>
  <li>Matching Cover: C21W;</li>
  <li>Warranty: Frames: 10 years; Cushion 5 years</li>
</ul>","Description Jolee Club Chair Dimensions & Weight Product Dimension 32""x36""x31.5"" Arm Height 24"" Seat Height 11.25"" Shipping Dimension 29.5""x33""x11.5"" Net Weight 34 lbs Gross Weight 38.5 lbs QTY/CTN 1 Specifications Color BG Frame Type Aluminum Knock-Down Cushion Purchase Separately Matching Cover C21W; Warranty Frames: 10 years; Cushion 5 years California's Proposition 65 Warning For California Residents Additional Documents",Deep Seating,cat-deep-seating,Aluminum,aluminum,,,,,,,fixed,,"32""x36""x31.5""","{""Color"":""BG"",""Cushion"":""Purchase Separately"",""Frame Type"":""Aluminum Knock-Down"",""Net Weight"":""34 lbs"",""Qty/Carton"":""1"",""Gross Weight"":""38.5 lbs"",""Shipping Dimension"":""29.5\""x33\""x11.5\""""}","[""JoLee"",""Stocking""]",false,true,false,true,false,,0,0,true,2026-05-30 03:15:09.24213+00,2026-06-09 22:52:37.631+00,[],[],[],[],[],"[{""url"":""https://641bdd57-e650-4f10-a19f-628c07eb50b7-00-1e7i1aja8wnz9.worf.replit.dev/api/storage/objects/products/summerset/JLCC.jpg"",""alt_text"":""JoLee Club Chair"",""is_primary"":true,""display_order"":0,""image_kind"":""gallery"",""variant_id"":null},{""url"":""https://641bdd57-e650-4f10-a19f-628c07eb50b7-00-1e7i1aja8wnz9.worf.replit.dev/api/storage/objects/products/summerset/JLCC_1.jpg"",""alt_text"":""JoLee Club Chair"",""is_primary"":false,""display_order"":1,""image_kind"":""gallery"",""variant_id"":null},{""url"":""https://641bdd57-e650-4f10-a19f-628c07eb50b7-00-1e7i1aja8wnz9.worf.replit.dev/api/storage/objects/products/summerset/JLCC_2.jpg"",""alt_text"":""JoLee Club Chair"",""is_primary"":false,""display_order"":2,""image_kind"":""gallery"",""variant_id"":null}]",[]
Summerset,summerset,2845,JLCL,Jolee Chaise Lounge,jolee-chaise-lounge-sm,"Description Jolee Chaise Lounge Dimensions & Weight Product Dimension 39.3""x27.2""x77"" Arm Height Seat Height 11.5"" Shipping Dimension 30""x10.2""x78.3"" Net Weight 28.6 lbs Gross Weight 41.8 lbs QTY/CTN 1 Specifications Color BG Frame Type Aluminum Knock-Down Cushion Purchase Separately Matching Cover OL77; Warranty Frames: 10 years; Cushion 5 years California's Proposition 65 Warning For California Residents Additional Documents

<ul>
  <li>Color: BG</li>
  <li>Frame Type: Aluminum Knock-Down</li>
  <li>Matching Cover: OL77;</li>
  <li>Warranty: Frames: 10 years; Cushion 5 years</li>
</ul>","Description Jolee Chaise Lounge Dimensions & Weight Product Dimension 39.3""x27.2""x77"" Arm Height Seat Height 11.5"" Shipping Dimension 30""x10.2""x78.3"" Net Weight 28.6 lbs Gross Weight 41.8 lbs QTY/CTN 1 Specifications Color BG Frame Type Aluminum Knock-Down Cushion Purchase Separately Matching Cover OL77; Warranty Frames: 10 years; Cushion 5 years California's Proposition 65 Warning For California Residents Additional Documents",Chaise Lounges,cat-chaise-lounges,Aluminum,aluminum,,,,,,,fixed,,"39.3""x27.2""x77""","{""Color"":""BG"",""Cushion"":""Purchase Separately"",""Frame Type"":""Aluminum Knock-Down"",""Net Weight"":""28.6 lbs"",""Qty/Carton"":""1"",""Gross Weight"":""41.8 lbs"",""Shipping Dimension"":""30\""x10.2\""x78.3\""""}","[""JoLee"",""Stocking""]",false,true,false,true,false,,0,0,true,2026-05-30 03:15:07.4741+00,2026-06-09 22:52:37.61+00,[],[],[],[],[],"[{""url"":""https://641bdd57-e650-4f10-a19f-628c07eb50b7-00-1e7i1aja8wnz9.worf.replit.dev/api/storage/objects/products/summerset/JLCL.jpg"",""alt_text"":""Jolee Chaise Lounge"",""is_primary"":true,""display_order"":0,""image_kind"":""gallery"",""variant_id"":null}]",[]
Summerset,summerset,2853,JLDC,Jolee Dining Chair,jolee-dining-chair-sm,"Description Jolee Dining Chair Dimensions & Weight Product Dimension 35.5""x26""x23.5x Arm Height 25.5"" Seat Height 16.5"" Shipping Dimension 25""x27""x10"" Net Weight 18 lbs Gross Weight 22 lbs QTY/CTN 1 Specifications Color BG Frame Type Aluminum Knock-Down Cushion Purchase Separately Warranty Frames: 10 years; Cushion 5 years California's Proposition 65 Warning For California Residents Additional Documents

<ul>
  <li>Color: BG</li>
  <li>Frame Type: Aluminum Knock-Down</li>
  <li>Warranty: Frames: 10 years; Cushion 5 years</li>
</ul>","Description Jolee Dining Chair Dimensions & Weight Product Dimension 35.5""x26""x23.5x Arm Height 25.5"" Seat Height 16.5"" Shipping Dimension 25""x27""x10"" Net Weight 18 lbs Gross Weight 22 lbs QTY/CTN 1 Specifications Color BG Frame Type Aluminum Knock-Down Cushion Purchase Separately Warranty Frames: 10 years; Cushion 5 years California's Proposition 65 Warning For California Residents Additional Documents",Dining,cat-dining,Aluminum,aluminum,,,,,,,fixed,,"35.5""x26""x23.5","{""Color"":""BG"",""Cushion"":""Purchase Separately"",""Frame Type"":""Aluminum Knock-Down"",""Net Weight"":""18 lbs"",""Qty/Carton"":""1"",""Gross Weight"":""22 lbs"",""Shipping Dimension"":""25\""x27\""x10\""""}","[""JoLee"",""Stocking""]",false,true,false,true,false,,0,0,true,2026-05-30 03:15:09.664374+00,2026-06-09 22:52:37.617+00,[],[],[],[],[],"[{""url"":""https://641bdd57-e650-4f10-a19f-628c07eb50b7-00-1e7i1aja8wnz9.worf.replit.dev/api/storage/objects/products/summerset/JLDC.jpg"",""alt_text"":""Jolee Dining Chair"",""is_primary"":true,""display_order"":0,""image_kind"":""gallery"",""variant_id"":null},{""url"":""https://641bdd57-e650-4f10-a19f-628c07eb50b7-00-1e7i1aja8wnz9.worf.replit.dev/api/storage/objects/products/summerset/JLDC_1.jpg"",""alt_text"":""Jolee Dining Chair"",""is_primary"":false,""display_order"":1,""image_kind"":""gallery"",""variant_id"":null},{""url"":""https://641bdd57-e650-4f10-a19f-628c07eb50b7-00-1e7i1aja8wnz9.worf.replit.dev/api/storage/objects/products/summerset/JLDC_2.jpg"",""alt_text"":""Jolee Dining Chair"",""is_primary"":false,""display_order"":2,""image_kind"":""gallery"",""variant_id"":null}]",[]
Summerset,summerset,2851,JLDSLS,JoLee Deep Seat Loveseat,jolee-deep-seat-loveseat-sm,"Description Jolee Loveseat Dimensions & Weight Product Dimension 32""x64""x31.5"" Arm Height 24"" Seat Height 11.25"" Shipping Dimension 33""x9""x58"" Net Weight 57 lbs Gross Weight 56 lbs QTY/CTN 1 Specifications Color BG Frame Type Aluminum Knock-Down Cushion Purchase Separately Matching Cover C22W; Warranty Frames: 10 years; Cushion 5 years California's Proposition 65 Warning For California Residents Additional Documents

<ul>
  <li>Color: BG</li>
  <li>Frame Type: Aluminum Knock-Down</li>
  <li>Matching Cover: C22W;</li>
  <li>Warranty: Frames: 10 years; Cushion 5 years</li>
</ul>","Description Jolee Loveseat Dimensions & Weight Product Dimension 32""x64""x31.5"" Arm Height 24"" Seat Height 11.25"" Shipping Dimension 33""x9""x58"" Net Weight 57 lbs Gross Weight 56 lbs QTY/CTN 1 Specifications Color BG Frame Type Aluminum Knock-Down Cushion Purchase Separately Matching Cover C22W; Warranty Frames: 10 years; Cushion 5 years California's Proposition 65 Warning For California Residents Additional Documents",Deep Seating,cat-deep-seating,Aluminum,aluminum,,,,,,,fixed,,"32""x64""x31.5""","{""Color"":""BG"",""Cushion"":""Purchase Separately"",""Frame Type"":""Aluminum Knock-Down"",""Net Weight"":""57 lbs"",""Qty/Carton"":""1"",""Gross Weight"":""56 lbs"",""Shipping Dimension"":""33\""x9\""x58\""""}","[""JoLee"",""Stocking""]",false,true,false,true,false,,0,0,true,2026-05-30 03:15:08.774891+00,2026-06-09 22:52:37.631+00,[],[],[],[],[],"[{""url"":""https://641bdd57-e650-4f10-a19f-628c07eb50b7-00-1e7i1aja8wnz9.worf.replit.dev/api/storage/objects/products/summerset/JLDSLS.jpg"",""alt_text"":""JoLee Deep Seat Loveseat"",""is_primary"":true,""display_order"":0,""image_kind"":""gallery"",""variant_id"":null},{""url"":""https://641bdd57-e650-4f10-a19f-628c07eb50b7-00-1e7i1aja8wnz9.worf.replit.dev/api/storage/objects/products/summerset/JLDSLS_1.jpg"",""alt_text"":""JoLee Deep Seat Loveseat"",""is_primary"":false,""display_order"":1,""image_kind"":""gallery"",""variant_id"":null}]",[]
Summerset,summerset,2850,JLDSS,JoLee Deep Seat Sofa,jolee-deep-seat-sofa-sm,"Description Jolee Sofa Dimensions & Weight Product Dimension 32""x92""x31.5"" Arm Height 24"" Seat Height 11.25"" Shipping Dimension 30""x9""x85.5"" Net Weight 59.5 lbs Gross Weight 70.5 lbs QTY/CTN 1 Specifications Color BG Frame Type Aluminum Knock-Down Cushion Purchase Separately Matching Cover OWSL; Warranty Frames: 10 years; Cushion 5 years California's Proposition 65 Warning For California Residents Additional Documents

<ul>
  <li>Color: BG</li>
  <li>Frame Type: Aluminum Knock-Down</li>
  <li>Matching Cover: OWSL;</li>
  <li>Warranty: Frames: 10 years; Cushion 5 years</li>
</ul>","Description Jolee Sofa Dimensions & Weight Product Dimension 32""x92""x31.5"" Arm Height 24"" Seat Height 11.25"" Shipping Dimension 30""x9""x85.5"" Net Weight 59.5 lbs Gross Weight 70.5 lbs QTY/CTN 1 Specifications Color BG Frame Type Aluminum Knock-Down Cushion Purchase Separately Matching Cover OWSL; Warranty Frames: 10 years; Cushion 5 years California's Proposition 65 Warning For California Residents Additional Documents",Deep Seating,cat-deep-seating,Aluminum,aluminum,,,,,,,fixed,,"32""x92""x31.5""","{""Color"":""BG"",""Cushion"":""Purchase Separately"",""Frame Type"":""Aluminum Knock-Down"",""Net Weight"":""59.5 lbs"",""Qty/Carton"":""1"",""Gross Weight"":""70.5 lbs"",""Shipping Dimension"":""30\""x9\""x85.5\""""}","[""JoLee"",""Stocking""]",false,true,false,true,false,,0,0,true,2026-05-30 03:15:08.472921+00,2026-06-09 22:52:37.631+00,[],[],[],[],[],"[{""url"":""https://641bdd57-e650-4f10-a19f-628c07eb50b7-00-1e7i1aja8wnz9.worf.replit.dev/api/storage/objects/products/summerset/JLDSS.jpg"",""alt_text"":""JoLee Deep Seat Sofa"",""is_primary"":true,""display_order"":0,""image_kind"":""gallery"",""variant_id"":null},{""url"":""https://641bdd57-e650-4f10-a19f-628c07eb50b7-00-1e7i1aja8wnz9.worf.replit.dev/api/storage/objects/products/summerset/JLDSS_1.jpg"",""alt_text"":""JoLee Deep Seat Sofa"",""is_primary"":false,""display_order"":1,""image_kind"":""gallery"",""variant_id"":null}]",[]
Summerset,summerset,2608,JLGCC,JoLee Glider Swivel Club Chair,jolee-glider-swivel-club-chair-sm,"?? Description JoLee Glider Swivel Club Chair Dimensions & Weight Product Dimension 32""x36""x31.5"" Arm Height 24"" Seat Height 11.25"" Shipping Dimension 33.5""x34.5""x37.5"" Net Weight 53 lbs Gross Weight 62 lbs QTY/CTN 1 Specifications Color Gray Frame Type Aluminum Knock-Down Cushion Purchased Separately Matching Cover C21W; Warranty Frames: 10 years; Cushion 5 years California's Proposition 65 Warning For California Residents Additional Documents ??

<ul>
  <li>Color: Gray</li>
  <li>Frame Type: Aluminum Knock-Down Cushion Purchased Separately</li>
  <li>Matching Cover: C21W;</li>
  <li>Warranty: Frames: 10 years; Cushion 5 years</li>
</ul>","?? Description JoLee Glider Swivel Club Chair Dimensions & Weight Product Dimension 32""x36""x31.5"" Arm Height 24"" Seat Height 11.25"" Shipping Dimension 33.5""x34.5""x37.5"" Net Weight 53 lbs Gross Weight 62 lbs QTY/CTN 1 Specifications Color Gray Frame Type Aluminum Knock-Down Cushion Purchased Separately Matching Cover C21W; Warranty Frames: 10 years; Cushion 5 years California's Proposition 65 Warning For California Residents Additional Documents ??",Deep Seating,cat-deep-seating,Aluminum,aluminum,,,,,,,fixed,,"32""x36""x31.5""","{""Color"":""Gray"",""Cushion"":""Purchased Separately"",""Frame Type"":""Aluminum Knock-Down"",""Net Weight"":""53 lbs"",""Qty/Carton"":""1"",""Gross Weight"":""62 lbs"",""Shipping Dimension"":""33.5\""x34.5\""x37.5\""""}","[""Deep Seat"",""JoLee"",""Stocking""]",false,true,false,true,false,,0,0,true,2026-05-30 03:13:27.829512+00,2026-06-09 22:52:37.631+00,[],[],[],[],[],"[{""url"":""https://641bdd57-e650-4f10-a19f-628c07eb50b7-00-1e7i1aja8wnz9.worf.replit.dev/api/storage/objects/products/summerset/JLGCC.jpg"",""alt_text"":""JoLee Glider Swivel Club Chair"",""is_primary"":true,""display_order"":0,""image_kind"":""gallery"",""variant_id"":null},{""url"":""https://641bdd57-e650-4f10-a19f-628c07eb50b7-00-1e7i1aja8wnz9.worf.replit.dev/api/storage/objects/products/summerset/JLGCC_1.jpg"",""alt_text"":""JoLee Glider Swivel Club Chair"",""is_primary"":false,""display_order"":1,""image_kind"":""gallery"",""variant_id"":null},{""url"":""https://641bdd57-e650-4f10-a19f-628c07eb50b7-00-1e7i1aja8wnz9.worf.replit.dev/api/storage/objects/products/summerset/JLGCC_2.jpg"",""alt_text"":""JoLee Glider Swivel Club Chair"",""is_primary"":false,""display_order"":2,""image_kind"":""gallery"",""variant_id"":null}]",[]
Summerset,summerset,2580,JLSAC,Jolee Gray Sectional Armless Chair,jolee-gray-sectional-armless-chair-sm,"Add flexibility and comfort to your outdoor seating layout with the Jolee Gray Sectional Armless Chair by Summerset Casual . This sleek, armless design features thick, weather-resistant white cushions and a durable, powder-coated aluminum frame — ideal for withstanding the elements while keeping a crisp, modern look. Use it as a standalone seat or as a middle connector between sectional pieces to expand your lounge configuration. Its versatile, modular design makes it easy to personalize your sp","Add flexibility and comfort to your outdoor seating layout with the Jolee Gray Sectional Armless Chair by Summerset Casual . This sleek, armless design features thick, weather-resistant white cushions and a durable, powder-coated aluminum frame — ideal for withstanding the elements while keeping a crisp, modern look. Use it as a standalone seat or as a middle connector between sectional pieces to expand your lounge configuration. Its versatile, modular design makes it easy to personalize your sp",Deep Seating,cat-deep-seating,Aluminum,aluminum,,,,,,,fixed,,32.5''x28''x31.7'',"{""Color"":""Gray"",""Cushion"":""s and a durable, powder-coated aluminum"",""Frame Type"":""Aluminum Knock-Down"",""Net Weight"":""22.1 lbs"",""Qty/Carton"":""1"",""Gross Weight"":""39.70 lbs"",""Shipping Dimension"":""38''""}","[""Armless Chair"",""JoLee"",""Summerset Casual""]",false,true,false,true,false,,0,0,true,2026-05-30 03:13:23.150025+00,2026-06-09 22:52:37.631+00,[],[],[],[],[],[],[]
Summerset,summerset,2581,JLSCC,Jolee Gray Sectional Corner Chair,jolee-gray-sectional-corner-chair-sm,"Create a seamless and stylish transition in your outdoor seating arrangement with the Jolee Gray Sectional Corner Chair by Summerset Casual . This essential connector piece features plush, weather-resistant white cushions and a sleek, powder-coated aluminum frame designed for durability and modern appeal. Perfectly contoured to fit into any corner configuration, it links effortlessly with the left and right arm pieces in the Jolee collection, offering both structure and comfort. Whether you're b","Create a seamless and stylish transition in your outdoor seating arrangement with the Jolee Gray Sectional Corner Chair by Summerset Casual . This essential connector piece features plush, weather-resistant white cushions and a sleek, powder-coated aluminum frame designed for durability and modern appeal. Perfectly contoured to fit into any corner configuration, it links effortlessly with the left and right arm pieces in the Jolee collection, offering both structure and comfort. Whether you're b",Deep Seating,cat-deep-seating,Aluminum,aluminum,,,,,,,fixed,,32.5''x32.5''x31.7'',"{""Color"":""Gray"",""Cushion"":""s and a sleek, powder-coated aluminum"",""Frame Type"":""Aluminum Knock-Down"",""Net Weight"":""22.1 lbs"",""Qty/Carton"":""1"",""Gross Weight"":""35.3 lbs"",""Shipping Dimension"":""34.25''""}","[""Corner Chair"",""JoLee"",""Summerset Casual""]",false,true,false,true,false,,0,0,true,2026-05-30 03:13:23.286971+00,2026-06-09 22:52:37.631+00,[],[],[],[],[],"[{""url"":""https://641bdd57-e650-4f10-a19f-628c07eb50b7-00-1e7i1aja8wnz9.worf.replit.dev/api/storage/objects/products/summerset/JLSCC.png"",""alt_text"":""Jolee Gray Sectional Corner Chair"",""is_primary"":true,""display_order"":0,""image_kind"":""gallery"",""variant_id"":null}]",[]
Summerset,summerset,2583,JLSLSLA,Jolee Gray Sectional Loveseat Left Arm,jolee-gray-sectional-loveseat-left-arm-sm,"Bring timeless elegance and plush comfort to your outdoor space with the Jolee Gray Sectional Loveseat (Left Arm) by Summerset Casual . Thoughtfully crafted for both style and durability, this modular piece features weather-resistant white cushions and a sleek aluminum frame with a modern powder-coated finish. Its left-arm design allows for seamless pairing with other sectional components in the Jolee collection, giving you the freedom to create a layout that fits your patio or garden perfectly.","Bring timeless elegance and plush comfort to your outdoor space with the Jolee Gray Sectional Loveseat (Left Arm) by Summerset Casual . Thoughtfully crafted for both style and durability, this modular piece features weather-resistant white cushions and a sleek aluminum frame with a modern powder-coated finish. Its left-arm design allows for seamless pairing with other sectional components in the Jolee collection, giving you the freedom to create a layout that fits your patio or garden perfectly.",Deep Seating,cat-deep-seating,Aluminum,aluminum,,,,,,,fixed,,"32.5""x60""x31.70""","{""Color"":""White Wash"",""Cushion"":""s and a sleek aluminum"",""Frame Type"":""Aluminum Knock-Down"",""Net Weight"":""64 lbs"",""Qty/Carton"":""2"",""Gross Weight"":""90.40 lbs"",""Shipping Dimension"":""62\""x40\""x37\""""}","[""JoLee"",""Loveseat"",""Summerset Casual""]",false,true,false,true,false,,0,0,true,2026-05-30 03:13:23.624248+00,2026-06-09 22:52:37.631+00,[],[],[],[],[],"[{""url"":""https://641bdd57-e650-4f10-a19f-628c07eb50b7-00-1e7i1aja8wnz9.worf.replit.dev/api/storage/objects/products/summerset/JLSLSLA.jpg"",""alt_text"":""Jolee Gray Sectional Loveseat Left Arm"",""is_primary"":true,""display_order"":0,""image_kind"":""gallery"",""variant_id"":null}]",[]
Summerset,summerset,2582,JLSLSRA,Jolee Gray Sectional Loveseat Right Arm,jolee-gray-sectional-loveseat-right-arm-sm,"1.7Elevate your outdoor lounging experience with the Jolee Gray Sectional Loveseat (Right Arm) by Summerset Casual . Designed with clean lines and modern comfort, this piece features plush, all-weather white cushions set against a sturdy, powder-coated aluminum frame. The right-arm configuration makes it a versatile component in your modular sectional setup, easily pairing with other pieces from the Jolee collection to customize your outdoor seating arrangement. Built to withstand the elements w","1.7Elevate your outdoor lounging experience with the Jolee Gray Sectional Loveseat (Right Arm) by Summerset Casual . Designed with clean lines and modern comfort, this piece features plush, all-weather white cushions set against a sturdy, powder-coated aluminum frame. The right-arm configuration makes it a versatile component in your modular sectional setup, easily pairing with other pieces from the Jolee collection to customize your outdoor seating arrangement. Built to withstand the elements w",Deep Seating,cat-deep-seating,Aluminum,aluminum,,,,,,,fixed,,"32.5""x60""x31.70""","{""Color"":""Gray"",""Cushion"":""s set against a sturdy, powder-coated aluminum"",""Frame Type"":""Aluminum Knock-Down"",""Net Weight"":""64 lbs"",""Qty/Carton"":""2"",""Gross Weight"":""90.40 lbs"",""Shipping Dimension"":""62\""x40\""x37\""""}","[""JoLee"",""Loveseat"",""Summerset Casual""]",false,true,false,true,false,,0,0,true,2026-05-30 03:13:23.479594+00,2026-06-09 22:52:37.631+00,[],[],[],[],[],"[{""url"":""https://641bdd57-e650-4f10-a19f-628c07eb50b7-00-1e7i1aja8wnz9.worf.replit.dev/api/storage/objects/products/summerset/JLSLSRA.png"",""alt_text"":""Jolee Gray Sectional Loveseat Right Arm"",""is_primary"":true,""display_order"":0,""image_kind"":""gallery"",""variant_id"":null}]",[]
Summerset,summerset,2760,JLWABS,JoLee White Armless Barstool,jolee-white-armless-barstool-sm,"Description JoLee White Armless Barstool Dimensions & Weight Product Dimension 43.5""x22""x20.5"" Arm Height Seat Height 29"" Shipping Dimension 22""x27.3""x32 Net Weight 32 lbs Gross Weight 45.1 lbs QTY/CTN 1 Specifications Color White Wash Frame Type Aluminum Knock-Down Cushion Purchased Separately Matching Cover C11; Warranty Frames: 10 years; Cushion 5 years California's Proposition 65 Warning For California Residents Additional Documents

<ul>
  <li>Color: White Wash</li>
  <li>Frame Type: Aluminum Knock-Down Cushion Purchased Separately</li>
  <li>Matching Cover: C11;</li>
  <li>Warranty: Frames: 10 years; Cushion 5 years</li>
</ul>","Description JoLee White Armless Barstool Dimensions & Weight Product Dimension 43.5""x22""x20.5"" Arm Height Seat Height 29"" Shipping Dimension 22""x27.3""x32 Net Weight 32 lbs Gross Weight 45.1 lbs QTY/CTN 1 Specifications Color White Wash Frame Type Aluminum Knock-Down Cushion Purchased Separately Matching Cover C11; Warranty Frames: 10 years; Cushion 5 years California's Proposition 65 Warning For California Residents Additional Documents",Bar,cat-bar,Aluminum,aluminum,,,,,,,fixed,,"43.5""x22""x20.5""","{""Color"":""White Wash"",""Cushion"":""Purchased Separately"",""Frame Type"":""Aluminum Knock-Down"",""Net Weight"":""32 lbs"",""Qty/Carton"":""1"",""Gross Weight"":""45.1 lbs"",""Shipping Dimension"":""22\""x27.3\""x32""}","[""Bar"",""JoLee White""]",false,true,false,true,false,,0,0,true,2026-05-30 03:14:22.184334+00,2026-06-09 22:52:37.515+00,[],[],[],[],[],"[{""url"":""https://641bdd57-e650-4f10-a19f-628c07eb50b7-00-1e7i1aja8wnz9.worf.replit.dev/api/storage/objects/products/summerset/JLWABS.jpg"",""alt_text"":""JoLee White Armless Barstool"",""is_primary"":true,""display_order"":0,""image_kind"":""gallery"",""variant_id"":null}]",[]
Summerset,summerset,2759,JLWBCH,JoLee White Bench,jolee-white-bench-sm,"Description JoLee White Bench Dimensions & Weight Product Dimension 16.3""x45""x16"" Arm Height Seat Height Shipping Dimension 4""x18""47"" Net Weight Gross Weight QTY/CTN 1 Specifications Color White Wash Frame Type Aluminum Knock-Down Cushion Purchased Separately Warranty Frames: 10 years; Cushion 5 years California's Proposition 65 Warning For California Residents Additional Documents

<ul>
  <li>Color: White Wash</li>
  <li>Frame Type: Aluminum Knock-Down Cushion Purchased Separately</li>
  <li>Warranty: Frames: 10 years; Cushion 5 years</li>
</ul>","Description JoLee White Bench Dimensions & Weight Product Dimension 16.3""x45""x16"" Arm Height Seat Height Shipping Dimension 4""x18""47"" Net Weight Gross Weight QTY/CTN 1 Specifications Color White Wash Frame Type Aluminum Knock-Down Cushion Purchased Separately Warranty Frames: 10 years; Cushion 5 years California's Proposition 65 Warning For California Residents Additional Documents",Accent Pieces,cat-accent-pieces,Aluminum,aluminum,,,,,,,fixed,,"16.3""x45""x16""","{""Color"":""White Wash"",""Cushion"":""Purchased Separately"",""Frame Type"":""Aluminum Knock-Down"",""Qty/Carton"":""1"",""Shipping Dimension"":""4\""x18\""47\""""}","[""Dining"",""JoLee White""]",false,true,false,true,false,,0,0,true,2026-05-30 03:14:22.054161+00,2026-06-09 22:52:37.641+00,[],[],[],[],[],"[{""url"":""https://641bdd57-e650-4f10-a19f-628c07eb50b7-00-1e7i1aja8wnz9.worf.replit.dev/api/storage/objects/products/summerset/JLWBCH.jpg"",""alt_text"":""JoLee White Bench"",""is_primary"":true,""display_order"":0,""image_kind"":""gallery"",""variant_id"":null}]",[]
Summerset,summerset,2758,JLWBCHL,JoLee White Bench Long,jolee-white-bench-long-sm,"Description Jolee White Bench Long Dimensions & Weight Product Dimension 16.3""x66""x16"" Arm Height Seat Height Shipping Dimension 4""x18""68"" Net Weight Gross Weight QTY/CTN 1 Specifications Color White Wash Frame Type Aluminum Knock-Down Cushion Purchased Separately Warranty Frames: 10 years; Cushion 5 years California's Proposition 65 Warning For California Residents Additional Documents

<ul>
  <li>Color: White Wash</li>
  <li>Frame Type: Aluminum Knock-Down Cushion Purchased Separately</li>
  <li>Warranty: Frames: 10 years; Cushion 5 years</li>
</ul>","Description Jolee White Bench Long Dimensions & Weight Product Dimension 16.3""x66""x16"" Arm Height Seat Height Shipping Dimension 4""x18""68"" Net Weight Gross Weight QTY/CTN 1 Specifications Color White Wash Frame Type Aluminum Knock-Down Cushion Purchased Separately Warranty Frames: 10 years; Cushion 5 years California's Proposition 65 Warning For California Residents Additional Documents",Accent Pieces,cat-accent-pieces,Aluminum,aluminum,,,,,,,fixed,,"16.3""x66""x16""","{""Color"":""White Wash"",""Cushion"":""Purchased Separately"",""Frame Type"":""Aluminum Knock-Down"",""Qty/Carton"":""1"",""Shipping Dimension"":""4\""x18\""68\""""}","[""Dining"",""JoLee White"",""Stocking""]",false,true,false,true,false,,0,0,true,2026-05-30 03:14:21.91307+00,2026-06-09 22:52:37.641+00,[],[],[],[],[],"[{""url"":""https://641bdd57-e650-4f10-a19f-628c07eb50b7-00-1e7i1aja8wnz9.worf.replit.dev/api/storage/objects/products/summerset/JLWBCHL.jpg"",""alt_text"":""JoLee White Bench Long"",""is_primary"":true,""display_order"":0,""image_kind"":""gallery"",""variant_id"":null}]",[]
Summerset,summerset,2761,JLWBS,JoLee White Barstool,jolee-white-barstool-sm,"Description JoLee White Barstool Dimensions & Weight Product Dimension 43.5""x22""x20.5"" Arm Height 37.2"" Seat Height 29"" Shipping Dimension 22""x27.3""x32 Net Weight 37.4 lbs Gross Weight 52.8 lbs QTY/CTN 1 Specifications Color White Wash Frame Type Aluminum Knock-Down Cushion Purchased Separately Matching Cover C11; Warranty Frames: 10 years; Cushion 5 years California's Proposition 65 Warning For California Residents Additional Documents

<ul>
  <li>Color: White Wash</li>
  <li>Frame Type: Aluminum Knock-Down Cushion Purchased Separately</li>
  <li>Matching Cover: C11;</li>
  <li>Warranty: Frames: 10 years; Cushion 5 years</li>
</ul>","Description JoLee White Barstool Dimensions & Weight Product Dimension 43.5""x22""x20.5"" Arm Height 37.2"" Seat Height 29"" Shipping Dimension 22""x27.3""x32 Net Weight 37.4 lbs Gross Weight 52.8 lbs QTY/CTN 1 Specifications Color White Wash Frame Type Aluminum Knock-Down Cushion Purchased Separately Matching Cover C11; Warranty Frames: 10 years; Cushion 5 years California's Proposition 65 Warning For California Residents Additional Documents",Bar,cat-bar,Aluminum,aluminum,,,,,,,fixed,,"43.5""x22""x20.5""","{""Color"":""White Wash"",""Cushion"":""Purchased Separately"",""Frame Type"":""Aluminum Knock-Down"",""Net Weight"":""37.4 lbs"",""Qty/Carton"":""1"",""Gross Weight"":""52.8 lbs"",""Shipping Dimension"":""22\""x27.3\""x32""}","[""Bar"",""JoLee White""]",false,true,false,true,false,,0,0,true,2026-05-30 03:14:22.553295+00,2026-06-09 22:52:37.515+00,[],[],[],[],[],"[{""url"":""https://641bdd57-e650-4f10-a19f-628c07eb50b7-00-1e7i1aja8wnz9.worf.replit.dev/api/storage/objects/products/summerset/JLWBS.jpg"",""alt_text"":""JoLee White Barstool"",""is_primary"":true,""display_order"":0,""image_kind"":""gallery"",""variant_id"":null},{""url"":""https://641bdd57-e650-4f10-a19f-628c07eb50b7-00-1e7i1aja8wnz9.worf.replit.dev/api/storage/objects/products/summerset/JLWBS_1.jpg"",""alt_text"":""JoLee White Barstool"",""is_primary"":false,""display_order"":1,""image_kind"":""gallery"",""variant_id"":null},{""url"":""https://641bdd57-e650-4f10-a19f-628c07eb50b7-00-1e7i1aja8wnz9.worf.replit.dev/api/storage/objects/products/summerset/JLWBS_2.jpg"",""alt_text"":""JoLee White Barstool"",""is_primary"":false,""display_order"":2,""image_kind"":""gallery"",""variant_id"":null}]",[]
Summerset,summerset,2770,JLWCC,JoLee White Club Chair,jolee-white-club-chair-sm,"Description JoLee White Club Chair Dimensions & Weight Product Dimension 32""x36""x31.5"" Arm Height 24"" Seat Height 11.25"" Shipping Dimension 29.5""x33""x11.5"" Net Weight 34 lbs Gross Weight 38.5 lbs QTY/CTN 1 Specifications Color White Wash Frame Type Aluminum Knock-Down Cushion Purchased Separately Matching Cover C21W; Warranty Frames: 10 years; Cushion 5 years California's Proposition 65 Warning For California Residents Additional Documents

<ul>
  <li>Color: White Wash</li>
  <li>Frame Type: Aluminum Knock-Down Cushion Purchased Separately</li>
  <li>Matching Cover: C21W;</li>
  <li>Warranty: Frames: 10 years; Cushion 5 years</li>
</ul>","Description JoLee White Club Chair Dimensions & Weight Product Dimension 32""x36""x31.5"" Arm Height 24"" Seat Height 11.25"" Shipping Dimension 29.5""x33""x11.5"" Net Weight 34 lbs Gross Weight 38.5 lbs QTY/CTN 1 Specifications Color White Wash Frame Type Aluminum Knock-Down Cushion Purchased Separately Matching Cover C21W; Warranty Frames: 10 years; Cushion 5 years California's Proposition 65 Warning For California Residents Additional Documents",Deep Seating,cat-deep-seating,Aluminum,aluminum,,,,,,,fixed,,"32""x36""x31.5""","{""Color"":""White Wash"",""Cushion"":""Purchased Separately"",""Frame Type"":""Aluminum Knock-Down"",""Net Weight"":""34 lbs"",""Qty/Carton"":""1"",""Gross Weight"":""38.5 lbs"",""Shipping Dimension"":""29.5\""x33\""x11.5\""""}","[""Deep Seat"",""Jolee White"",""Stocking""]",false,true,false,true,false,,0,0,true,2026-05-30 03:14:24.715364+00,2026-06-09 22:52:37.631+00,[],[],[],[],[],"[{""url"":""https://641bdd57-e650-4f10-a19f-628c07eb50b7-00-1e7i1aja8wnz9.worf.replit.dev/api/storage/objects/products/summerset/JLWCC.jpg"",""alt_text"":""JoLee White Club Chair"",""is_primary"":true,""display_order"":0,""image_kind"":""gallery"",""variant_id"":null},{""url"":""https://641bdd57-e650-4f10-a19f-628c07eb50b7-00-1e7i1aja8wnz9.worf.replit.dev/api/storage/objects/products/summerset/JLWCC_1.jpg"",""alt_text"":""JoLee White Club Chair"",""is_primary"":false,""display_order"":1,""image_kind"":""gallery"",""variant_id"":null}]",[]
Summerset,summerset,2769,JLWCL,Jolee White Chaise Lounge,jolee-white-chaise-lounge-sm,"Description Jolee White Chaise Lounge Dimensions & Weight Product Dimension 39.3""x27.2""x77"" Arm Height Seat Height 11.5"" Shipping Dimension 30""x10.2""x78.3"" Net Weight 28.6 lbs Gross Weight 41.8 lbs QTY/CTN 1 Specifications Color White Wash Frame Type Aluminum Knock-Down Cushion Purchased Separately Matching Cover OL77; Warranty Frames: 10 years; Cushion 5 years California's Proposition 65 Warning For California Residents Additional Documents

<ul>
  <li>Color: White Wash</li>
  <li>Frame Type: Aluminum Knock-Down Cushion Purchased Separately</li>
  <li>Matching Cover: OL77;</li>
  <li>Warranty: Frames: 10 years; Cushion 5 years</li>
</ul>","Description Jolee White Chaise Lounge Dimensions & Weight Product Dimension 39.3""x27.2""x77"" Arm Height Seat Height 11.5"" Shipping Dimension 30""x10.2""x78.3"" Net Weight 28.6 lbs Gross Weight 41.8 lbs QTY/CTN 1 Specifications Color White Wash Frame Type Aluminum Knock-Down Cushion Purchased Separately Matching Cover OL77; Warranty Frames: 10 years; Cushion 5 years California's Proposition 65 Warning For California Residents Additional Documents",Chaise Lounges,cat-chaise-lounges,Aluminum,aluminum,,,,,,,fixed,,"39.3""x27.2""x77""","{""Color"":""White Wash"",""Cushion"":""Purchased Separately"",""Frame Type"":""Aluminum Knock-Down"",""Net Weight"":""28.6 lbs"",""Qty/Carton"":""1"",""Gross Weight"":""41.8 lbs"",""Shipping Dimension"":""30\""x10.2\""x78.3\""""}","[""Deep Seat"",""Jolee White"",""Stocking""]",false,true,false,true,false,,0,0,true,2026-05-30 03:14:24.378909+00,2026-06-09 22:52:37.61+00,[],[],[],[],[],"[{""url"":""https://641bdd57-e650-4f10-a19f-628c07eb50b7-00-1e7i1aja8wnz9.worf.replit.dev/api/storage/objects/products/summerset/JLWCL.jpg"",""alt_text"":""Jolee White Chaise Lounge"",""is_primary"":true,""display_order"":0,""image_kind"":""gallery"",""variant_id"":null}]",[]
Summerset,summerset,2768,JLWDC,Jolee White Dining Chair,jolee-white-dining-chair-sm,"Description Jolee White Dining Chair Dimensions & Weight Product Dimension 35.5""x26""x23.5x Arm Height 25.5"" Seat Height 16.5"" Shipping Dimension 25""x27""x10"" Net Weight 18 lbs Gross Weight 22 lbs QTY/CTN 1 Specifications Color White Wash Frame Type Aluminum Knock-Down Cushion Purchased Separately Warranty Frames: 10 years; Cushion 5 years California's Proposition 65 Warning For California Residents Additional Documents

<ul>
  <li>Color: White Wash</li>
  <li>Frame Type: Aluminum Knock-Down Cushion Purchased Separately</li>
  <li>Warranty: Frames: 10 years; Cushion 5 years</li>
</ul>","Description Jolee White Dining Chair Dimensions & Weight Product Dimension 35.5""x26""x23.5x Arm Height 25.5"" Seat Height 16.5"" Shipping Dimension 25""x27""x10"" Net Weight 18 lbs Gross Weight 22 lbs QTY/CTN 1 Specifications Color White Wash Frame Type Aluminum Knock-Down Cushion Purchased Separately Warranty Frames: 10 years; Cushion 5 years California's Proposition 65 Warning For California Residents Additional Documents",Dining,cat-dining,Aluminum,aluminum,,,,,,,fixed,,"35.5""x26""x23.5","{""Color"":""White Wash"",""Cushion"":""Purchased Separately"",""Frame Type"":""Aluminum Knock-Down"",""Net Weight"":""18 lbs"",""Qty/Carton"":""1"",""Gross Weight"":""22 lbs"",""Shipping Dimension"":""25\""x27\""x10\""""}","[""Dining"",""JoLee White"",""Stocking""]",false,true,false,true,false,,0,0,true,2026-05-30 03:14:24.245319+00,2026-06-09 22:52:37.617+00,[],[],[],[],[],"[{""url"":""https://641bdd57-e650-4f10-a19f-628c07eb50b7-00-1e7i1aja8wnz9.worf.replit.dev/api/storage/objects/products/summerset/JLWDC.jpg"",""alt_text"":""Jolee White Dining Chair"",""is_primary"":true,""display_order"":0,""image_kind"":""gallery"",""variant_id"":null}]",[]
Summerset,summerset,2765,JLWDSLS,JoLee White Deep Seat Loveseat,jolee-white-deep-seat-loveseat-sm,"Description JoLee White Deep Seat Loveseat Dimensions & Weight Product Dimension 32""x64""x31.5"" Arm Height 24"" Seat Height 11.25"" Shipping Dimension 33""x9""x58"" Net Weight 57 lbs Gross Weight 56 lbs QTY/CTN 1 Specifications Color White Wash Frame Type Aluminum Knock-Down Cushion Purchased Separately Matching Cover C22W; Warranty Frames: 10 years; Cushion 5 years California's Proposition 65 Warning For California Residents Additional Documents

<ul>
  <li>Color: White Wash</li>
  <li>Frame Type: Aluminum Knock-Down Cushion Purchased Separately</li>
  <li>Matching Cover: C22W;</li>
  <li>Warranty: Frames: 10 years; Cushion 5 years</li>
</ul>","Description JoLee White Deep Seat Loveseat Dimensions & Weight Product Dimension 32""x64""x31.5"" Arm Height 24"" Seat Height 11.25"" Shipping Dimension 33""x9""x58"" Net Weight 57 lbs Gross Weight 56 lbs QTY/CTN 1 Specifications Color White Wash Frame Type Aluminum Knock-Down Cushion Purchased Separately Matching Cover C22W; Warranty Frames: 10 years; Cushion 5 years California's Proposition 65 Warning For California Residents Additional Documents",Deep Seating,cat-deep-seating,Aluminum,aluminum,,,,,,,fixed,,"32""x64""x31.5""","{""Color"":""White Wash"",""Cushion"":""Purchased Separately"",""Frame Type"":""Aluminum Knock-Down"",""Net Weight"":""57 lbs"",""Qty/Carton"":""1"",""Gross Weight"":""56 lbs"",""Shipping Dimension"":""33\""x9\""x58\""""}","[""Deep Seat"",""Jolee White"",""Stocking""]",false,true,false,true,false,,0,0,true,2026-05-30 03:14:23.552142+00,2026-06-09 22:52:37.631+00,[],[],[],[],[],"[{""url"":""https://641bdd57-e650-4f10-a19f-628c07eb50b7-00-1e7i1aja8wnz9.worf.replit.dev/api/storage/objects/products/summerset/JLWDSLS.jpg"",""alt_text"":""JoLee White Deep Seat Loveseat"",""is_primary"":true,""display_order"":0,""image_kind"":""gallery"",""variant_id"":null}]",[]
Summerset,summerset,2764,JLWDSS,JoLee White Deep Seat Sofa,jolee-white-deep-seat-sofa-sm,"Description JoLee White Deep Seat Sofa Dimensions & Weight Product Dimension 32""x92""x31.5"" Arm Height 24"" Seat Height 11.25"" Shipping Dimension 30""x9""x85.5"" Net Weight 59.5 lbs Gross Weight 70.5 lbs QTY/CTN 1 Specifications Color White Wash Frame Type Aluminum Knock-Down Cushion Purchased Separately Matching Cover OWSL; Warranty Frames: 10 years; Cushion 5 years California's Proposition 65 Warning For California Residents Additional Documents

<ul>
  <li>Color: White Wash</li>
  <li>Frame Type: Aluminum Knock-Down Cushion Purchased Separately</li>
  <li>Matching Cover: OWSL;</li>
  <li>Warranty: Frames: 10 years; Cushion 5 years</li>
</ul>","Description JoLee White Deep Seat Sofa Dimensions & Weight Product Dimension 32""x92""x31.5"" Arm Height 24"" Seat Height 11.25"" Shipping Dimension 30""x9""x85.5"" Net Weight 59.5 lbs Gross Weight 70.5 lbs QTY/CTN 1 Specifications Color White Wash Frame Type Aluminum Knock-Down Cushion Purchased Separately Matching Cover OWSL; Warranty Frames: 10 years; Cushion 5 years California's Proposition 65 Warning For California Residents Additional Documents",Deep Seating,cat-deep-seating,Aluminum,aluminum,,,,,,,fixed,,"32""x92""x31.5""","{""Color"":""White Wash"",""Cushion"":""Purchased Separately"",""Frame Type"":""Aluminum Knock-Down"",""Net Weight"":""59.5 lbs"",""Qty/Carton"":""1"",""Gross Weight"":""70.5 lbs"",""Shipping Dimension"":""30\""x9\""x85.5\""""}","[""Deep Seat"",""Jolee White"",""Stocking""]",false,true,false,true,false,,0,0,true,2026-05-30 03:14:23.357546+00,2026-06-09 22:52:37.631+00,[],[],[],[],[],"[{""url"":""https://641bdd57-e650-4f10-a19f-628c07eb50b7-00-1e7i1aja8wnz9.worf.replit.dev/api/storage/objects/products/summerset/JLWDSS.jpg"",""alt_text"":""JoLee White Deep Seat Sofa"",""is_primary"":true,""display_order"":0,""image_kind"":""gallery"",""variant_id"":null},{""url"":""https://641bdd57-e650-4f10-a19f-628c07eb50b7-00-1e7i1aja8wnz9.worf.replit.dev/api/storage/objects/products/summerset/JLWDSS_1.jpg"",""alt_text"":""JoLee White Deep Seat Sofa"",""is_primary"":false,""display_order"":1,""image_kind"":""gallery"",""variant_id"":null}]",[]
Summerset,summerset,2601,JLWGCC,JoLee White Club Glider Swivel Chair,jolee-white-club-glider-swivel-chair-sm,"Description Jolee White Club Chair Glider Swivel Dimensions & Weight Product Dimension 32""x36""x31.5"" Arm Height 24"" Seat Height 11.25"" Shipping Dimension 33.5""x34.5""x37.5"" Net Weight 53 lbs Gross Weight 62 lbs QTY/CTN 1 Specifications Color White Wash Frame Type Aluminum Knock-Down Cushion Purchased Separately Matching Cover C21W; Warranty Frames: 10 years; Cushion 5 years California's Proposition 65 Warning For California Residents Additional Documents ??

<ul>
  <li>Color: White Wash</li>
  <li>Frame Type: Aluminum Knock-Down Cushion Purchased Separately</li>
  <li>Matching Cover: C21W;</li>
  <li>Warranty: Frames: 10 years; Cushion 5 years</li>
</ul>","Description Jolee White Club Chair Glider Swivel Dimensions & Weight Product Dimension 32""x36""x31.5"" Arm Height 24"" Seat Height 11.25"" Shipping Dimension 33.5""x34.5""x37.5"" Net Weight 53 lbs Gross Weight 62 lbs QTY/CTN 1 Specifications Color White Wash Frame Type Aluminum Knock-Down Cushion Purchased Separately Matching Cover C21W; Warranty Frames: 10 years; Cushion 5 years California's Proposition 65 Warning For California Residents Additional Documents ??",Deep Seating,cat-deep-seating,Aluminum,aluminum,,,,,,,fixed,,"32""x36""x31.5""","{""Color"":""White Wash"",""Cushion"":""Purchased Separately"",""Frame Type"":""Aluminum Knock-Down"",""Net Weight"":""53 lbs"",""Qty/Carton"":""1"",""Gross Weight"":""62 lbs"",""Shipping Dimension"":""33.5\""x34.5\""x37.5\""""}","[""Deep Seat"",""Jolee White"",""Stocking""]",false,true,false,true,false,,0,0,true,2026-05-30 03:13:25.941844+00,2026-06-09 22:52:37.631+00,[],[],[],[],[],"[{""url"":""https://641bdd57-e650-4f10-a19f-628c07eb50b7-00-1e7i1aja8wnz9.worf.replit.dev/api/storage/objects/products/summerset/JLWGCC.jpg"",""alt_text"":""JoLee White Club Glider Swivel Chair"",""is_primary"":true,""display_order"":0,""image_kind"":""gallery"",""variant_id"":null}]",[]
Summerset,summerset,2584,JLWSAC,Jolee White Sectional Armless Chair,jolee-white-sectional-armless-chair-sm,"Add flexibility and comfort to your outdoor seating layout with the Jolee White Sectional Armless Chair by Summerset Casual . This sleek, armless design features thick, weather-resistant white cushions and a durable, powder-coated aluminum frame — ideal for withstanding the elements while keeping a crisp, modern look. Use it as a standalone seat or as a middle connector between sectional pieces to expand your lounge configuration. Its versatile, modular design makes it easy to personalize your s","Add flexibility and comfort to your outdoor seating layout with the Jolee White Sectional Armless Chair by Summerset Casual . This sleek, armless design features thick, weather-resistant white cushions and a durable, powder-coated aluminum frame — ideal for withstanding the elements while keeping a crisp, modern look. Use it as a standalone seat or as a middle connector between sectional pieces to expand your lounge configuration. Its versatile, modular design makes it easy to personalize your s",Deep Seating,cat-deep-seating,Aluminum,aluminum,,,,,,,fixed,,32.5''x28''x31.7'',"{""Color"":""White Wash"",""Cushion"":""s and a durable, powder-coated aluminum"",""Frame Type"":""Aluminum Knock-Down"",""Net Weight"":""22.1 lbs"",""Qty/Carton"":""1"",""Gross Weight"":""39.70 lbs"",""Shipping Dimension"":""38''""}","[""Armless Chair"",""Jolee White"",""Summerset Casual""]",false,true,false,true,false,,0,0,true,2026-05-30 03:13:23.636808+00,2026-06-09 22:52:37.631+00,[],[],[],[],[],[],[]
Summerset,summerset,2585,JLWSCC,Jolee White Sectional Corner Chair,jolee-white-sectional-corner-chair-sm,"Create a seamless and stylish transition in your outdoor seating arrangement with the Jolee White Sectional Corner Chair by Summerset Casual . This essential connector piece features plush, weather-resistant white cushions and a sleek, powder-coated aluminum frame designed for durability and modern appeal. Perfectly contoured to fit into any corner configuration, it links effortlessly with the left and right arm pieces in the Jolee collection, offering both structure and comfort. Whether you're","Create a seamless and stylish transition in your outdoor seating arrangement with the Jolee White Sectional Corner Chair by Summerset Casual . This essential connector piece features plush, weather-resistant white cushions and a sleek, powder-coated aluminum frame designed for durability and modern appeal. Perfectly contoured to fit into any corner configuration, it links effortlessly with the left and right arm pieces in the Jolee collection, offering both structure and comfort. Whether you're",Deep Seating,cat-deep-seating,Aluminum,aluminum,,,,,,,fixed,,32.5''x32.5''x31.7'',"{""Color"":""White Wash"",""Cushion"":""s and a sleek, powder-coated aluminum"",""Frame Type"":""Aluminum Knock-Down"",""Net Weight"":""22.1 lbs"",""Qty/Carton"":""1"",""Gross Weight"":""35.3 lbs"",""Shipping Dimension"":""34.25''""}","[""Corner Chair"",""Jolee White"",""Summerset Casual""]",false,true,false,true,false,,0,0,true,2026-05-30 03:13:23.781867+00,2026-06-09 22:52:37.631+00,[],[],[],[],[],"[{""url"":""https://641bdd57-e650-4f10-a19f-628c07eb50b7-00-1e7i1aja8wnz9.worf.replit.dev/api/storage/objects/products/summerset/JLWSCC.jpg"",""alt_text"":""Jolee White Sectional Corner Chair"",""is_primary"":true,""display_order"":0,""image_kind"":""gallery"",""variant_id"":null}]",[]
Summerset,summerset,2587,JLWSLSLA,Jolee White Sectional Loveseat Left Arm,jolee-white-sectional-loveseat-left-arm-sm,"Bring timeless elegance and plush comfort to your outdoor space with the Jolee White Sectional Loveseat (Left Arm) by Summerset Casual . Thoughtfully crafted for both style and durability, this modular piece features weather-resistant white cushions and a sleek aluminum frame with a modern powder-coated finish. Its left-arm design allows for seamless pairing with other sectional components in the Jolee collection, giving you the freedom to create a layout that fits your patio or garden perfectly","Bring timeless elegance and plush comfort to your outdoor space with the Jolee White Sectional Loveseat (Left Arm) by Summerset Casual . Thoughtfully crafted for both style and durability, this modular piece features weather-resistant white cushions and a sleek aluminum frame with a modern powder-coated finish. Its left-arm design allows for seamless pairing with other sectional components in the Jolee collection, giving you the freedom to create a layout that fits your patio or garden perfectly",Deep Seating,cat-deep-seating,Aluminum,aluminum,,,,,,,fixed,,"32.5""x60""x32""","{""Color"":""White Wash"",""Cushion"":""s and a sleek aluminum"",""Frame Type"":""Aluminum Knock-Down"",""Net Weight"":""64 lbs"",""Qty/Carton"":""2"",""Gross Weight"":""90.40 lbs"",""Shipping Dimension"":""62\""x40\""x37\""""}","[""Jolee White"",""Loveseat"",""Summerset Casual""]",false,true,false,true,false,,0,0,true,2026-05-30 03:13:24.064463+00,2026-06-09 22:52:37.631+00,[],[],[],[],[],"[{""url"":""https://641bdd57-e650-4f10-a19f-628c07eb50b7-00-1e7i1aja8wnz9.worf.replit.dev/api/storage/objects/products/summerset/JLWSLSLA.jpg"",""alt_text"":""Jolee White Sectional Loveseat Left Arm"",""is_primary"":true,""display_order"":0,""image_kind"":""gallery"",""variant_id"":null}]",[]
Summerset,summerset,2586,JLWSLSRA,Jolee White Sectional Loveseat Right Arm,jolee-white-sectional-loveseat-right-arm-sm,"Elevate your outdoor lounging experience with the Jolee White Sectional Loveseat (Right Arm) by Summerset Casual . Designed with clean lines and modern comfort, this piece features plush, all-weather white cushions set against a sturdy, powder-coated aluminum frame. The right-arm configuration makes it a versatile component in your modular sectional setup, easily pairing with other pieces from the Jolee collection to customize your outdoor seating arrangement. Built to withstand the elements whi","Elevate your outdoor lounging experience with the Jolee White Sectional Loveseat (Right Arm) by Summerset Casual . Designed with clean lines and modern comfort, this piece features plush, all-weather white cushions set against a sturdy, powder-coated aluminum frame. The right-arm configuration makes it a versatile component in your modular sectional setup, easily pairing with other pieces from the Jolee collection to customize your outdoor seating arrangement. Built to withstand the elements whi",Deep Seating,cat-deep-seating,Aluminum,aluminum,,,,,,,fixed,,"32.5""x60""x31.7""","{""Color"":""White Wash"",""Cushion"":""s set against a sturdy, powder-coated aluminum"",""Frame Type"":""Aluminum Knock-Down"",""Net Weight"":""64 lbs"",""Qty/Carton"":""2"",""Gross Weight"":""90.40 lbs"",""Shipping Dimension"":""62\""x40\""x37\""""}","[""Jolee White"",""Loveseat"",""Summerset Casual""]",false,true,false,true,false,,0,0,true,2026-05-30 03:13:23.915405+00,2026-06-09 22:52:37.631+00,[],[],[],[],[],"[{""url"":""https://641bdd57-e650-4f10-a19f-628c07eb50b7-00-1e7i1aja8wnz9.worf.replit.dev/api/storage/objects/products/summerset/JLWSLSRA.jpg"",""alt_text"":""Jolee White Sectional Loveseat Right Arm"",""is_primary"":true,""display_order"":0,""image_kind"":""gallery"",""variant_id"":null}]",[]
Summerset,summerset,2677,KTARABS2,Cast Aluminum Armless Barstool with Design (Set of 2),cast-aluminum-armless-barstool-with-design-set-of-2-sm,"Description ARMLESS BARSTOOL WITH DESIGN- 2PK Dimensions & Weight Product Dimension 50.4""x26.6""x20.9"" Arm Height Seat Height 29"" Shipping Dimension 40"" x 22"" x26"" Net Weight 46 lbs Gross Weight 59 lbs QTY/CTN 2 Specifications Color Black Frame Type Cast Aluminum Knock-Down Cushion Purchase Separately Matching Cover C11; Warranty Frames: 10 years; Cushion 5 years California's Proposition 65 Warning For California Residents Additional Documents

<ul>
  <li>Color: Black</li>
  <li>Frame Type: Cast Aluminum Knock-Down</li>
  <li>Matching Cover: C11;</li>
  <li>Warranty: Frames: 10 years; Cushion 5 years</li>
</ul>","Description ARMLESS BARSTOOL WITH DESIGN- 2PK Dimensions & Weight Product Dimension 50.4""x26.6""x20.9"" Arm Height Seat Height 29"" Shipping Dimension 40"" x 22"" x26"" Net Weight 46 lbs Gross Weight 59 lbs QTY/CTN 2 Specifications Color Black Frame Type Cast Aluminum Knock-Down Cushion Purchase Separately Matching Cover C11; Warranty Frames: 10 years; Cushion 5 years California's Proposition 65 Warning For California Residents Additional Documents",Bar,cat-bar,Aluminum,aluminum,,,,,,,fixed,,"50.4""x26.6""x20.9""","{""Color"":""Black"",""Cushion"":""Purchase Separately"",""Frame Type"":""Cast Aluminum Knock-Down"",""Net Weight"":""46 lbs"",""Qty/Carton"":""2"",""Gross Weight"":""59 lbs"",""Shipping Dimension"":""40\"" x 22\"" x26\""""}","[""Ecom""]",false,true,false,true,false,,0,0,true,2026-05-30 03:13:51.514403+00,2026-06-09 22:52:37.515+00,[],[],[],[],[],"[{""url"":""https://641bdd57-e650-4f10-a19f-628c07eb50b7-00-1e7i1aja8wnz9.worf.replit.dev/api/storage/objects/products/summerset/KTARABS2.jpg"",""alt_text"":""Cast Aluminum Armless Barstool with Design (Set of 2)"",""is_primary"":true,""display_order"":0,""image_kind"":""gallery"",""variant_id"":null}]",[]
Summerset,summerset,2675,KTARACB2,Cast Aluminum Armless Counter Barstool with Design (Set of 2),cast-aluminum-armless-counter-barstool-with-design-set-of-2-sm,"Description ARMLESS COUNTER BARSTOOL WITH DESIGN - 2PK Dimensions & Weight Product Dimension 46.9""x26.6""x20.9"" Arm Height Seat Height 26"" Shipping Dimension 36"" x 22"" x26"" Net Weight 39 lbs Gross Weight 46 lbs QTY/CTN 2 Specifications Color Black Frame Type Cast Aluminum Knock-Down Cushion Purchase Separately Matching Cover C11; Warranty Frames: 10 years; Cushion 5 years California's Proposition 65 Warning For California Residents Additional Documents

<ul>
  <li>Color: Black</li>
  <li>Frame Type: Cast Aluminum Knock-Down</li>
  <li>Matching Cover: C11;</li>
  <li>Warranty: Frames: 10 years; Cushion 5 years</li>
</ul>","Description ARMLESS COUNTER BARSTOOL WITH DESIGN - 2PK Dimensions & Weight Product Dimension 46.9""x26.6""x20.9"" Arm Height Seat Height 26"" Shipping Dimension 36"" x 22"" x26"" Net Weight 39 lbs Gross Weight 46 lbs QTY/CTN 2 Specifications Color Black Frame Type Cast Aluminum Knock-Down Cushion Purchase Separately Matching Cover C11; Warranty Frames: 10 years; Cushion 5 years California's Proposition 65 Warning For California Residents Additional Documents",Bar,cat-bar,Aluminum,aluminum,,,,,,,fixed,,"46.9""x26.6""x20.9""","{""Color"":""Black"",""Cushion"":""Purchase Separately"",""Frame Type"":""Cast Aluminum Knock-Down"",""Net Weight"":""39 lbs"",""Qty/Carton"":""2"",""Gross Weight"":""46 lbs"",""Shipping Dimension"":""36\"" x 22\"" x26\""""}","[""Ecom""]",false,true,false,true,false,,0,0,true,2026-05-30 03:13:51.202818+00,2026-06-09 22:52:37.515+00,[],[],[],[],[],"[{""url"":""https://641bdd57-e650-4f10-a19f-628c07eb50b7-00-1e7i1aja8wnz9.worf.replit.dev/api/storage/objects/products/summerset/KTARACB2.jpg"",""alt_text"":""Cast Aluminum Armless Counter Barstool with Design (Set of 2)"",""is_primary"":true,""display_order"":0,""image_kind"":""gallery"",""variant_id"":null},{""url"":""https://641bdd57-e650-4f10-a19f-628c07eb50b7-00-1e7i1aja8wnz9.worf.replit.dev/api/storage/objects/products/summerset/KTARACB2_1.jpg"",""alt_text"":""Cast Aluminum Armless Counter Barstool with Design (Set of 2)"",""is_primary"":false,""display_order"":1,""image_kind"":""gallery"",""variant_id"":null}]",[]
Summerset,summerset,2676,KTARBS2,Cast Aluminum Barstool with Design (Set of 2),cast-aluminum-barstool-with-design-set-of-2-sm,"Description BARSTOOL WITH DESIGN- 2PK Dimensions & Weight Product Dimension 50.4""x26.6""x25.6"" Arm Height 39"" Seat Height 29"" Shipping Dimension 39"" x 26"" x26"" Net Weight 50 lbs Gross Weight 58 lbs QTY/CTN 2 Specifications Color Black Frame Type Cast Aluminum Knock-Down Cushion Purchase Separately Matching Cover C11; Warranty Frames: 10 years; Cushion 5 years California's Proposition 65 Warning For California Residents Additional Documents

<ul>
  <li>Color: Black</li>
  <li>Frame Type: Cast Aluminum Knock-Down</li>
  <li>Matching Cover: C11;</li>
  <li>Warranty: Frames: 10 years; Cushion 5 years</li>
</ul>","Description BARSTOOL WITH DESIGN- 2PK Dimensions & Weight Product Dimension 50.4""x26.6""x25.6"" Arm Height 39"" Seat Height 29"" Shipping Dimension 39"" x 26"" x26"" Net Weight 50 lbs Gross Weight 58 lbs QTY/CTN 2 Specifications Color Black Frame Type Cast Aluminum Knock-Down Cushion Purchase Separately Matching Cover C11; Warranty Frames: 10 years; Cushion 5 years California's Proposition 65 Warning For California Residents Additional Documents",Bar,cat-bar,Aluminum,aluminum,,,,,,,fixed,,"50.4""x26.6""x25.6""","{""Color"":""Black"",""Cushion"":""Purchase Separately"",""Frame Type"":""Cast Aluminum Knock-Down"",""Net Weight"":""50 lbs"",""Qty/Carton"":""2"",""Gross Weight"":""58 lbs"",""Shipping Dimension"":""39\"" x 26\"" x26\""""}","[""Ecom""]",false,true,false,true,false,,0,0,true,2026-05-30 03:13:51.337785+00,2026-06-09 22:52:37.515+00,[],[],[],[],[],"[{""url"":""https://641bdd57-e650-4f10-a19f-628c07eb50b7-00-1e7i1aja8wnz9.worf.replit.dev/api/storage/objects/products/summerset/KTARBS2.jpg"",""alt_text"":""Cast Aluminum Barstool with Design (Set of 2)"",""is_primary"":true,""display_order"":0,""image_kind"":""gallery"",""variant_id"":null}]",[]
Summerset,summerset,2674,KTARCB2,Cast Aluminum Counter Barstool with Design (Set of 2),cast-aluminum-counter-barstool-with-design-set-of-2-sm,"Description COUNTER BARSTOOL WITH DESIGN - 2PK Dimensions & Weight Product Dimension 46.9""x26.6""x25.9"" Arm Height 36"" Seat Height 26"" Shipping Dimension 36"" x 26"" x26"" Net Weight 51 lbs Gross Weight 66 lbs QTY/CTN 2 Specifications Color Black Frame Type Cast Aluminum Knock-Down Cushion Purchase Separately Matching Cover C11; Warranty Frames: 10 years; Cushion 5 years California's Proposition 65 Warning For California Residents Additional Documents

<ul>
  <li>Color: Black</li>
  <li>Frame Type: Cast Aluminum Knock-Down</li>
  <li>Matching Cover: C11;</li>
  <li>Warranty: Frames: 10 years; Cushion 5 years</li>
</ul>","Description COUNTER BARSTOOL WITH DESIGN - 2PK Dimensions & Weight Product Dimension 46.9""x26.6""x25.9"" Arm Height 36"" Seat Height 26"" Shipping Dimension 36"" x 26"" x26"" Net Weight 51 lbs Gross Weight 66 lbs QTY/CTN 2 Specifications Color Black Frame Type Cast Aluminum Knock-Down Cushion Purchase Separately Matching Cover C11; Warranty Frames: 10 years; Cushion 5 years California's Proposition 65 Warning For California Residents Additional Documents",Bar,cat-bar,Aluminum,aluminum,,,,,,,fixed,,"46.9""x26.6""x25.9""","{""Color"":""Black"",""Cushion"":""Purchase Separately"",""Frame Type"":""Cast Aluminum Knock-Down"",""Net Weight"":""51 lbs"",""Qty/Carton"":""2"",""Gross Weight"":""66 lbs"",""Shipping Dimension"":""36\"" x 26\"" x26\""""}","[""Ecom""]",false,true,false,true,false,,0,0,true,2026-05-30 03:13:50.937623+00,2026-06-09 22:52:37.515+00,[],[],[],[],[],"[{""url"":""https://641bdd57-e650-4f10-a19f-628c07eb50b7-00-1e7i1aja8wnz9.worf.replit.dev/api/storage/objects/products/summerset/KTARCB2.jpg"",""alt_text"":""Cast Aluminum Counter Barstool with Design (Set of 2)"",""is_primary"":true,""display_order"":0,""image_kind"":""gallery"",""variant_id"":null},{""url"":""https://641bdd57-e650-4f10-a19f-628c07eb50b7-00-1e7i1aja8wnz9.worf.replit.dev/api/storage/objects/products/summerset/KTARCB2_1.jpg"",""alt_text"":""Cast Aluminum Counter Barstool with Design (Set of 2)"",""is_primary"":false,""display_order"":1,""image_kind"":""gallery"",""variant_id"":null},{""url"":""https://641bdd57-e650-4f10-a19f-628c07eb50b7-00-1e7i1aja8wnz9.worf.replit.dev/api/storage/objects/products/summerset/KTARCB2_2.jpg"",""alt_text"":""Cast Aluminum Counter Barstool with Design (Set of 2)"",""is_primary"":false,""display_order"":2,""image_kind"":""gallery"",""variant_id"":null},{""url"":""https://641bdd57-e650-4f10-a19f-628c07eb50b7-00-1e7i1aja8wnz9.worf.replit.dev/api/storage/objects/products/summerset/KTARCB2_3.jpg"",""alt_text"":""Cast Aluminum Counter Barstool with Design (Set of 2)"",""is_primary"":false,""display_order"":3,""image_kind"":""gallery"",""variant_id"":null}]",[]
Summerset,summerset,2654,KTARCS5,Ariana Conversation 5PC Set,ariana-conversation-5pc-set-sm,,,Deep Seating,cat-deep-seating,,,,,,,,,fixed,,,,"[""Set""]",false,true,false,true,false,,0,0,true,2026-05-30 03:13:39.467142+00,2026-06-09 22:52:37.631+00,[],[],[],[],[],"[{""url"":""https://641bdd57-e650-4f10-a19f-628c07eb50b7-00-1e7i1aja8wnz9.worf.replit.dev/api/storage/objects/products/summerset/KTARCS5.jpg"",""alt_text"":""Ariana Conversation 5PC Set"",""is_primary"":true,""display_order"":0,""image_kind"":""gallery"",""variant_id"":null}]",[]
Summerset,summerset,2657,KTARDS7,Ariana Dining 7PC Set,ariana-dining-7pc-set-sm,,,Dining,cat-dining,,,,,,,,,fixed,,,,"[""Set""]",false,true,false,true,false,,0,0,true,2026-05-30 03:13:40.098812+00,2026-06-09 22:52:37.617+00,[],[],[],[],[],"[{""url"":""https://641bdd57-e650-4f10-a19f-628c07eb50b7-00-1e7i1aja8wnz9.worf.replit.dev/api/storage/objects/products/summerset/KTARDS7.jpg"",""alt_text"":""Ariana Dining 7PC Set"",""is_primary"":true,""display_order"":0,""image_kind"":""gallery"",""variant_id"":null}]",[]
Summerset,summerset,2656,KTARDS9,Ariana Dining 9PC Set,ariana-dining-9pc-set-sm,,,Dining,cat-dining,,,,,,,,,fixed,,,,"[""Set""]",false,true,false,true,false,,0,0,true,2026-05-30 03:13:39.917567+00,2026-06-09 22:52:37.617+00,[],[],[],[],[],"[{""url"":""https://641bdd57-e650-4f10-a19f-628c07eb50b7-00-1e7i1aja8wnz9.worf.replit.dev/api/storage/objects/products/summerset/KTARDS9.jpg"",""alt_text"":""Ariana Dining 9PC Set"",""is_primary"":true,""display_order"":0,""image_kind"":""gallery"",""variant_id"":null}]",[]
Summerset,summerset,2655,KTARDS9EX,Ariana Dining 9PC Extension Set,ariana-dining-9pc-extension-set-sm,,,Dining,cat-dining,,,,,,,,,fixed,,,,"[""Set""]",false,true,false,true,false,,0,0,true,2026-05-30 03:13:39.697715+00,2026-06-09 22:52:37.617+00,[],[],[],[],[],"[{""url"":""https://641bdd57-e650-4f10-a19f-628c07eb50b7-00-1e7i1aja8wnz9.worf.replit.dev/api/storage/objects/products/summerset/KTARDS9EX.jpg"",""alt_text"":""Ariana Dining 9PC Extension Set"",""is_primary"":true,""display_order"":0,""image_kind"":""gallery"",""variant_id"":null}]",[]
Summerset,summerset,2653,KTARSS5,Ariana Sofa 5PC Firetable Set,ariana-sofa-5pc-firetable-set-sm,,,Fire Tables,cat-fire-tables,,,,,,,,,fixed,,,,"[""Set""]",false,true,false,true,false,,0,0,true,2026-05-30 03:13:39.294299+00,2026-06-09 22:52:37.666+00,[],[],[],[],[],"[{""url"":""https://641bdd57-e650-4f10-a19f-628c07eb50b7-00-1e7i1aja8wnz9.worf.replit.dev/api/storage/objects/products/summerset/KTARSS5.jpg"",""alt_text"":""Ariana Sofa 5PC Firetable Set"",""is_primary"":true,""display_order"":0,""image_kind"":""gallery"",""variant_id"":null}]",[]
Summerset,summerset,2630,KTATDCSFT5,Athena Circular Sofa w/ Fire Table 5PC Set,athena-circular-sofa-w-fire-table-5pc-set-sm,,,Fire Tables,cat-fire-tables,,,,,,,,,fixed,,,,"[""Set""]",false,true,false,true,false,,0,0,true,2026-05-30 03:13:34.687584+00,2026-06-09 22:52:37.666+00,[],[],[],[],[],"[{""url"":""https://641bdd57-e650-4f10-a19f-628c07eb50b7-00-1e7i1aja8wnz9.worf.replit.dev/api/storage/objects/products/summerset/KTATDCSFT5.jpg"",""alt_text"":""Athena Circular Sofa w/ Fire Table 5PC Set"",""is_primary"":true,""display_order"":0,""image_kind"":""gallery"",""variant_id"":null}]",[]
Summerset,summerset,2628,KTATDCSFT6,Athena Circular Sofa w/ Fire Table 6PC Set,athena-circular-sofa-w-fire-table-6pc-set-sm,,,Fire Tables,cat-fire-tables,,,,,,,,,fixed,,,,"[""Set""]",false,true,false,true,false,,0,0,true,2026-05-30 03:13:34.357724+00,2026-06-09 22:52:37.666+00,[],[],[],[],[],"[{""url"":""https://641bdd57-e650-4f10-a19f-628c07eb50b7-00-1e7i1aja8wnz9.worf.replit.dev/api/storage/objects/products/summerset/KTATDCSFT6.jpg"",""alt_text"":""Athena Circular Sofa w/ Fire Table 6PC Set"",""is_primary"":true,""display_order"":0,""image_kind"":""gallery"",""variant_id"":null}]",[]
Summerset,summerset,2631,KTATDCSO5,Athena Circular Sofa w/ Ottoman 5PC Set,athena-circular-sofa-w-ottoman-5pc-set-sm,,,Deep Seating,cat-deep-seating,,,,,,,,,fixed,,,,"[""Set""]",false,true,false,true,false,,0,0,true,2026-05-30 03:13:34.854283+00,2026-06-09 22:52:37.631+00,[],[],[],[],[],"[{""url"":""https://641bdd57-e650-4f10-a19f-628c07eb50b7-00-1e7i1aja8wnz9.worf.replit.dev/api/storage/objects/products/summerset/KTATDCSO5.jpg"",""alt_text"":""Athena Circular Sofa w/ Ottoman 5PC Set"",""is_primary"":true,""display_order"":0,""image_kind"":""gallery"",""variant_id"":null}]",[]
Summerset,summerset,2629,KTATDCSO6,Athena Circular Sofa w/ Ottoman 6PC Set,athena-circular-sofa-w-ottoman-6pc-set-sm,,,Deep Seating,cat-deep-seating,,,,,,,,,fixed,,,,"[""Set""]",false,true,false,true,false,,0,0,true,2026-05-30 03:13:34.520206+00,2026-06-09 22:52:37.631+00,[],[],[],[],[],"[{""url"":""https://641bdd57-e650-4f10-a19f-628c07eb50b7-00-1e7i1aja8wnz9.worf.replit.dev/api/storage/objects/products/summerset/KTATDCSO6.jpg"",""alt_text"":""Athena Circular Sofa w/ Ottoman 6PC Set"",""is_primary"":true,""display_order"":0,""image_kind"":""gallery"",""variant_id"":null}]",[]
Summerset,summerset,2632,KTATDSS5,Athena Sofa 5PC Set,athena-sofa-5pc-set-sm,,,Deep Seating,cat-deep-seating,,,,,,,,,fixed,,,,"[""Set""]",false,true,false,true,false,,0,0,true,2026-05-30 03:13:35.556235+00,2026-06-09 22:52:37.631+00,[],[],[],[],[],"[{""url"":""https://641bdd57-e650-4f10-a19f-628c07eb50b7-00-1e7i1aja8wnz9.worf.replit.dev/api/storage/objects/products/summerset/KTATDSS5.jpg"",""alt_text"":""Athena Sofa 5PC Set"",""is_primary"":true,""display_order"":0,""image_kind"":""gallery"",""variant_id"":null},{""url"":""https://641bdd57-e650-4f10-a19f-628c07eb50b7-00-1e7i1aja8wnz9.worf.replit.dev/api/storage/objects/products/summerset/KTATDSS5_1.jpg"",""alt_text"":""Athena Sofa 5PC Set"",""is_primary"":false,""display_order"":1,""image_kind"":""gallery"",""variant_id"":null},{""url"":""https://641bdd57-e650-4f10-a19f-628c07eb50b7-00-1e7i1aja8wnz9.worf.replit.dev/api/storage/objects/products/summerset/KTATDSS5_2.jpg"",""alt_text"":""Athena Sofa 5PC Set"",""is_primary"":false,""display_order"":2,""image_kind"":""gallery"",""variant_id"":null}]",[]
Summerset,summerset,2627,KTATSS5HB,Athena High Back Sofa 5PC Set,athena-high-back-sofa-5pc-set-sm,"Factory Direct order only, with Minimum Order Quanity of 10 sets.","Factory Direct order only, with Minimum Order Quanity of 10 sets.",Deep Seating,cat-deep-seating,,,,,,,,,fixed,,,,"[""Set""]",false,true,false,true,false,,0,0,true,2026-05-30 03:13:34.178691+00,2026-06-09 22:52:37.631+00,[],[],[],[],[],"[{""url"":""https://641bdd57-e650-4f10-a19f-628c07eb50b7-00-1e7i1aja8wnz9.worf.replit.dev/api/storage/objects/products/summerset/KTATSS5HB.jpg"",""alt_text"":""Athena High Back Sofa 5PC Set"",""is_primary"":true,""display_order"":0,""image_kind"":""gallery"",""variant_id"":null}]",[]
Summerset,summerset,2670,KTAZABS2,Wicker Armless Barstool (Set of 2) (Container Order Only),wicker-armless-barstool-set-of-2-container-order-only-sm,"Description This product is for Container Direct order only. Please check our Container Direct Order Guidelines for ordering instruction. However, if this product is Not showing ""out of stock"", it means we still have some leftover quantity in our California warehouse. In which case, you can order up to the available quantity shown. In addition, these leftover items are discounted 20% to their regular prices. Dimensions & Weight Product Dimension 50""x24.5""x25"" Arm Height Seat Height 28"" Shipping","Description This product is for Container Direct order only. Please check our Container Direct Order Guidelines for ordering instruction. However, if this product is Not showing ""out of stock"", it means we still have some leftover quantity in our California warehouse. In which case, you can order up to the available quantity shown. In addition, these leftover items are discounted 20% to their regular prices. Dimensions & Weight Product Dimension 50""x24.5""x25"" Arm Height Seat Height 28"" Shipping",Bar,cat-bar,Wicker,wicker,,,,,,,fixed,,"50""x24.5""x25""","{""Color"":""Chocolate Redwood"",""Cushion"":""Purchase Separately"",""Frame Type"":""Wicker on Aluminum Frame"",""Net Weight"":""50 lbs"",""Qty/Carton"":""2"",""Gross Weight"":""63 lbs"",""Shipping Dimension"":""Net""}","[""Ecom""]",false,true,false,true,false,,0,0,true,2026-05-30 03:13:49.387677+00,2026-06-09 22:52:37.515+00,[],[],[],[],[],"[{""url"":""https://641bdd57-e650-4f10-a19f-628c07eb50b7-00-1e7i1aja8wnz9.worf.replit.dev/api/storage/objects/products/summerset/KTAZABS2.jpg"",""alt_text"":""Wicker Armless Barstool (Set of 2) (Container Order Only)"",""is_primary"":true,""display_order"":0,""image_kind"":""gallery"",""variant_id"":null},{""url"":""https://641bdd57-e650-4f10-a19f-628c07eb50b7-00-1e7i1aja8wnz9.worf.replit.dev/api/storage/objects/products/summerset/KTAZABS2_1.jpg"",""alt_text"":""Wicker Armless Barstool (Set of 2) (Container Order Only)"",""is_primary"":false,""display_order"":1,""image_kind"":""gallery"",""variant_id"":null},{""url"":""https://641bdd57-e650-4f10-a19f-628c07eb50b7-00-1e7i1aja8wnz9.worf.replit.dev/api/storage/objects/products/summerset/KTAZABS2_2.jpg"",""alt_text"":""Wicker Armless Barstool (Set of 2) (Container Order Only)"",""is_primary"":false,""display_order"":2,""image_kind"":""gallery"",""variant_id"":null}]",[]
Summerset,summerset,2672,KTAZADC4,Wicker Dining Armless Chair (Set of 4),wicker-dining-armless-chair-set-of-4-sm,"Description WICKER ARMLESS DINING CHAIR - 4PK Dimensions & Weight Product Dimension 38""x22.5""x25"" Arm Height Seat Height 17"" Shipping Dimension 36.2"" x 21.7"" x 44.5"" Net Weight 62 lbs Gross Weight 76 lbs QTY/CTN 4 Specifications Color Chocolate Redwood Frame Type Wicker on Aluminum Frame Cushion Purchase Separately Matching Cover C11; Warranty Frames: 10 years; Wicker 5 years California's Proposition 65 Warning For California Residents Additional Documents

<ul>
  <li>Color: Chocolate Redwood</li>
  <li>Frame Type: Wicker on Aluminum Frame</li>
  <li>Matching Cover: C11;</li>
  <li>Warranty: Frames: 10 years; Wicker 5 years</li>
</ul>","Description WICKER ARMLESS DINING CHAIR - 4PK Dimensions & Weight Product Dimension 38""x22.5""x25"" Arm Height Seat Height 17"" Shipping Dimension 36.2"" x 21.7"" x 44.5"" Net Weight 62 lbs Gross Weight 76 lbs QTY/CTN 4 Specifications Color Chocolate Redwood Frame Type Wicker on Aluminum Frame Cushion Purchase Separately Matching Cover C11; Warranty Frames: 10 years; Wicker 5 years California's Proposition 65 Warning For California Residents Additional Documents",Dining,cat-dining,Wicker,wicker,,,,,,,fixed,,"38""x22.5""x25""","{""Color"":""Chocolate Redwood"",""Cushion"":""Purchase Separately"",""Frame Type"":""Wicker on Aluminum Frame"",""Net Weight"":""62 lbs"",""Qty/Carton"":""4"",""Gross Weight"":""76 lbs"",""Shipping Dimension"":""36.2\"" x 21.7\"" x 44.5\""""}","[""Ecom""]",false,true,false,true,false,,0,0,true,2026-05-30 03:13:49.895607+00,2026-06-09 22:52:37.617+00,[],[],[],[],[],"[{""url"":""https://641bdd57-e650-4f10-a19f-628c07eb50b7-00-1e7i1aja8wnz9.worf.replit.dev/api/storage/objects/products/summerset/KTAZADC4.jpg"",""alt_text"":""Wicker Dining Armless Chair (Set of 4)"",""is_primary"":true,""display_order"":0,""image_kind"":""gallery"",""variant_id"":null},{""url"":""https://641bdd57-e650-4f10-a19f-628c07eb50b7-00-1e7i1aja8wnz9.worf.replit.dev/api/storage/objects/products/summerset/KTAZADC4_1.jpg"",""alt_text"":""Wicker Dining Armless Chair (Set of 4)"",""is_primary"":false,""display_order"":1,""image_kind"":""gallery"",""variant_id"":null}]",[]
Summerset,summerset,2669,KTAZBS2,Wicker Barstool (Set of 2),wicker-barstool-set-of-2-sm,"Description WICKER BARSTOOL - 2PK Dimensions & Weight Product Dimension 50""x24.5""x25"" Arm Height 37"" Seat Height 28"" Shipping Dimension 42.5"" x 31.5"" x 26.5 Net Weight 50 lbs Gross Weight 63 lbs QTY/CTN 2 Specifications Color Chocolate Redwood Frame Type Wicker on Aluminum Frame Cushion Purchase Separately Matching Cover C11; Warranty Frames: 10 years; Wicker 5 years California's Proposition 65 Warning For California Residents Additional Documents

<ul>
  <li>Color: Chocolate Redwood</li>
  <li>Frame Type: Wicker on Aluminum Frame</li>
  <li>Matching Cover: C11;</li>
  <li>Warranty: Frames: 10 years; Wicker 5 years</li>
</ul>","Description WICKER BARSTOOL - 2PK Dimensions & Weight Product Dimension 50""x24.5""x25"" Arm Height 37"" Seat Height 28"" Shipping Dimension 42.5"" x 31.5"" x 26.5 Net Weight 50 lbs Gross Weight 63 lbs QTY/CTN 2 Specifications Color Chocolate Redwood Frame Type Wicker on Aluminum Frame Cushion Purchase Separately Matching Cover C11; Warranty Frames: 10 years; Wicker 5 years California's Proposition 65 Warning For California Residents Additional Documents",Bar,cat-bar,Wicker,wicker,,,,,,,fixed,,"50""x24.5""x25""","{""Color"":""Chocolate Redwood"",""Cushion"":""Purchase Separately"",""Frame Type"":""Wicker on Aluminum Frame"",""Net Weight"":""50 lbs"",""Qty/Carton"":""2"",""Gross Weight"":""63 lbs"",""Shipping Dimension"":""42.5\"" x 31.5\"" x 26.5""}","[""Ecom""]",false,true,false,true,false,,0,0,true,2026-05-30 03:13:48.922947+00,2026-06-09 22:52:37.515+00,[],[],[],[],[],"[{""url"":""https://641bdd57-e650-4f10-a19f-628c07eb50b7-00-1e7i1aja8wnz9.worf.replit.dev/api/storage/objects/products/summerset/KTAZBS2.jpg"",""alt_text"":""Wicker Barstool (Set of 2)"",""is_primary"":true,""display_order"":0,""image_kind"":""gallery"",""variant_id"":null},{""url"":""https://641bdd57-e650-4f10-a19f-628c07eb50b7-00-1e7i1aja8wnz9.worf.replit.dev/api/storage/objects/products/summerset/KTAZBS2_1.jpg"",""alt_text"":""Wicker Barstool (Set of 2)"",""is_primary"":false,""display_order"":1,""image_kind"":""gallery"",""variant_id"":null},{""url"":""https://641bdd57-e650-4f10-a19f-628c07eb50b7-00-1e7i1aja8wnz9.worf.replit.dev/api/storage/objects/products/summerset/KTAZBS2_2.jpg"",""alt_text"":""Wicker Barstool (Set of 2)"",""is_primary"":false,""display_order"":2,""image_kind"":""gallery"",""variant_id"":null},{""url"":""https://641bdd57-e650-4f10-a19f-628c07eb50b7-00-1e7i1aja8wnz9.worf.replit.dev/api/storage/objects/products/summerset/KTAZBS2_3.jpg"",""alt_text"":""Wicker Barstool (Set of 2)"",""is_primary"":false,""display_order"":3,""image_kind"":""gallery"",""variant_id"":null},{""url"":""https://641bdd57-e650-4f10-a19f-628c07eb50b7-00-1e7i1aja8wnz9.worf.replit.dev/api/storage/objects/products/summerset/KTAZBS2_4.jpg"",""alt_text"":""Wicker Barstool (Set of 2)"",""is_primary"":false,""display_order"":4,""image_kind"":""gallery"",""variant_id"":null},{""url"":""https://641bdd57-e650-4f10-a19f-628c07eb50b7-00-1e7i1aja8wnz9.worf.replit.dev/api/storage/objects/products/summerset/KTAZBS2_5.jpg"",""alt_text"":""Wicker Barstool (Set of 2)"",""is_primary"":false,""display_order"":5,""image_kind"":""gallery"",""variant_id"":null}]",[]
Summerset,summerset,2668,KTAZCB2,Wicker Counter Barstool (Set of 2),wicker-counter-barstool-set-of-2-sm,"Description WICKER COUNTER BARSTOOL - 2PK Dimensions & Weight Product Dimension 47""x24""x25"" Arm Height 34"" Seat Height 25"" Shipping Dimension 41"" x 33.5"" x 26.5 Net Weight 48 lbs Gross Weight 61 lbs QTY/CTN 2 Specifications Color Chocolate Redwood Frame Type Wicker on Aluminum Frame Cushion Purchase Separately Matching Cover C11; Warranty Frames: 10 years; Wicker 5 years California's Proposition 65 Warning For California Residents Additional Documents

<ul>
  <li>Color: Chocolate Redwood</li>
  <li>Frame Type: Wicker on Aluminum Frame</li>
  <li>Matching Cover: C11;</li>
  <li>Warranty: Frames: 10 years; Wicker 5 years</li>
</ul>","Description WICKER COUNTER BARSTOOL - 2PK Dimensions & Weight Product Dimension 47""x24""x25"" Arm Height 34"" Seat Height 25"" Shipping Dimension 41"" x 33.5"" x 26.5 Net Weight 48 lbs Gross Weight 61 lbs QTY/CTN 2 Specifications Color Chocolate Redwood Frame Type Wicker on Aluminum Frame Cushion Purchase Separately Matching Cover C11; Warranty Frames: 10 years; Wicker 5 years California's Proposition 65 Warning For California Residents Additional Documents",Bar,cat-bar,Wicker,wicker,,,,,,,fixed,,"47""x24""x25""","{""Color"":""Chocolate Redwood"",""Cushion"":""Purchase Separately"",""Frame Type"":""Wicker on Aluminum Frame"",""Net Weight"":""48 lbs"",""Qty/Carton"":""2"",""Gross Weight"":""61 lbs"",""Shipping Dimension"":""41\"" x 33.5\"" x 26.5""}","[""Ecom""]",false,true,false,true,false,,0,0,true,2026-05-30 03:13:47.928472+00,2026-06-09 22:52:37.515+00,[],[],[],[],[],"[{""url"":""https://641bdd57-e650-4f10-a19f-628c07eb50b7-00-1e7i1aja8wnz9.worf.replit.dev/api/storage/objects/products/summerset/KTAZCB2.jpg"",""alt_text"":""Wicker Counter Barstool (Set of 2)"",""is_primary"":true,""display_order"":0,""image_kind"":""gallery"",""variant_id"":null},{""url"":""https://641bdd57-e650-4f10-a19f-628c07eb50b7-00-1e7i1aja8wnz9.worf.replit.dev/api/storage/objects/products/summerset/KTAZCB2_1.jpg"",""alt_text"":""Wicker Counter Barstool (Set of 2)"",""is_primary"":false,""display_order"":1,""image_kind"":""gallery"",""variant_id"":null},{""url"":""https://641bdd57-e650-4f10-a19f-628c07eb50b7-00-1e7i1aja8wnz9.worf.replit.dev/api/storage/objects/products/summerset/KTAZCB2_2.jpg"",""alt_text"":""Wicker Counter Barstool (Set of 2)"",""is_primary"":false,""display_order"":2,""image_kind"":""gallery"",""variant_id"":null},{""url"":""https://641bdd57-e650-4f10-a19f-628c07eb50b7-00-1e7i1aja8wnz9.worf.replit.dev/api/storage/objects/products/summerset/KTAZCB2_3.jpg"",""alt_text"":""Wicker Counter Barstool (Set of 2)"",""is_primary"":false,""display_order"":3,""image_kind"":""gallery"",""variant_id"":null}]",[]
Summerset,summerset,2667,KTAZCL2,Wicker Chaise Lounge (Set of 2),wicker-chaise-lounge-set-of-2-sm,"Description WICKER CHAISE LOUNGE - 2PK Dimensions & Weight Product Dimension 37.5""x28.5""x80"" Arm Height Seat Height Shipping Dimension 74"" x 30"" x 22"" Net Weight 64 lbs Gross Weight 77 lbs QTY/CTN 2 Specifications Color Chocolate Redwood Frame Type Wicker on Aluminum Frame Cushion Purchase Separately Matching Cover C11; Warranty Frames: 10 years; Wicker 5 years California's Proposition 65 Warning For California Residents Additional Documents

<ul>
  <li>Color: Chocolate Redwood</li>
  <li>Frame Type: Wicker on Aluminum Frame</li>
  <li>Matching Cover: C11;</li>
  <li>Warranty: Frames: 10 years; Wicker 5 years</li>
</ul>","Description WICKER CHAISE LOUNGE - 2PK Dimensions & Weight Product Dimension 37.5""x28.5""x80"" Arm Height Seat Height Shipping Dimension 74"" x 30"" x 22"" Net Weight 64 lbs Gross Weight 77 lbs QTY/CTN 2 Specifications Color Chocolate Redwood Frame Type Wicker on Aluminum Frame Cushion Purchase Separately Matching Cover C11; Warranty Frames: 10 years; Wicker 5 years California's Proposition 65 Warning For California Residents Additional Documents",Chaise Lounges,cat-chaise-lounges,Wicker,wicker,,,,,,,fixed,,"37.5""x28.5""x80""","{""Color"":""Chocolate Redwood"",""Cushion"":""Purchase Separately"",""Frame Type"":""Wicker on Aluminum Frame"",""Net Weight"":""64 lbs"",""Qty/Carton"":""2"",""Gross Weight"":""77 lbs"",""Shipping Dimension"":""74\"" x 30\"" x 22\""""}","[""Ecom""]",false,true,false,true,false,,0,0,true,2026-05-30 03:13:47.295373+00,2026-06-09 22:52:37.61+00,[],[],[],[],[],"[{""url"":""https://641bdd57-e650-4f10-a19f-628c07eb50b7-00-1e7i1aja8wnz9.worf.replit.dev/api/storage/objects/products/summerset/KTAZCL2.jpg"",""alt_text"":""Wicker Chaise Lounge (Set of 2)"",""is_primary"":true,""display_order"":0,""image_kind"":""gallery"",""variant_id"":null}]",[]
Summerset,summerset,2635,KTAZCSFT5,Aztec Circular Sofa w/ Fire Table 5PC Set,aztec-circular-sofa-w-fire-table-5pc-set-sm,,,Fire Tables,cat-fire-tables,,,,,,,,,fixed,,,,"[""Set""]",false,true,false,true,false,,0,0,true,2026-05-30 03:13:36.061448+00,2026-06-09 22:52:37.666+00,[],[],[],[],[],"[{""url"":""https://641bdd57-e650-4f10-a19f-628c07eb50b7-00-1e7i1aja8wnz9.worf.replit.dev/api/storage/objects/products/summerset/KTAZCSFT5.jpg"",""alt_text"":""Aztec Circular Sofa w/ Fire Table 5PC Set"",""is_primary"":true,""display_order"":0,""image_kind"":""gallery"",""variant_id"":null}]",[]
Summerset,summerset,2633,KTAZCSFT6,Aztec Circular Sofa w/ Fire Table 6PC Set,aztec-circular-sofa-w-fire-table-6pc-set-sm,,,Fire Tables,cat-fire-tables,,,,,,,,,fixed,,,,"[""Set""]",false,true,false,true,false,,0,0,true,2026-05-30 03:13:35.734622+00,2026-06-09 22:52:37.666+00,[],[],[],[],[],"[{""url"":""https://641bdd57-e650-4f10-a19f-628c07eb50b7-00-1e7i1aja8wnz9.worf.replit.dev/api/storage/objects/products/summerset/KTAZCSFT6.jpg"",""alt_text"":""Aztec Circular Sofa w/ Fire Table 6PC Set"",""is_primary"":true,""display_order"":0,""image_kind"":""gallery"",""variant_id"":null}]",[]
Summerset,summerset,2636,KTAZCSO5,Aztec Circular Sofa w/ Ottoman 5PC Set,aztec-circular-sofa-w-ottoman-5pc-set-sm,,,Deep Seating,cat-deep-seating,,,,,,,,,fixed,,,,"[""Set""]",false,true,false,true,false,,0,0,true,2026-05-30 03:13:36.239279+00,2026-06-09 22:52:37.631+00,[],[],[],[],[],"[{""url"":""https://641bdd57-e650-4f10-a19f-628c07eb50b7-00-1e7i1aja8wnz9.worf.replit.dev/api/storage/objects/products/summerset/KTAZCSO5.jpg"",""alt_text"":""Aztec Circular Sofa w/ Ottoman 5PC Set"",""is_primary"":true,""display_order"":0,""image_kind"":""gallery"",""variant_id"":null}]",[]
Summerset,summerset,2634,KTAZCSO6,Aztec Circular Sofa w/ Ottoman 6PC Set,aztec-circular-sofa-w-ottoman-6pc-set-sm,,,Deep Seating,cat-deep-seating,,,,,,,,,fixed,,,,"[""Set""]",false,true,false,true,false,,0,0,true,2026-05-30 03:13:35.910506+00,2026-06-09 22:52:37.631+00,[],[],[],[],[],"[{""url"":""https://641bdd57-e650-4f10-a19f-628c07eb50b7-00-1e7i1aja8wnz9.worf.replit.dev/api/storage/objects/products/summerset/KTAZCSO6.jpg"",""alt_text"":""Aztec Circular Sofa w/ Ottoman 6PC Set"",""is_primary"":true,""display_order"":0,""image_kind"":""gallery"",""variant_id"":null}]",[]
Summerset,summerset,2673,KTAZDC4,Wicker Dining Chair (Set of 4),wicker-dining-chair-set-of-4-sm,"Description WICKER DINING CHAIR - 4PK Dimensions & Weight Product Dimension 38""x24""x25"" Arm Height 26"" Seat Height 17"" Shipping Dimension 36.2"" x 26"" x 44"" Net Weight 62 lbs Gross Weight 76 lbs QTY/CTN 4 Specifications Color Chocolate Redwood Frame Type Wicker on Aluminum Frame Cushion Purchase Separately Matching Cover C11; Warranty Frames: 10 years; Wicker 5 years California's Proposition 65 Warning For California Residents Additional Documents

<ul>
  <li>Color: Chocolate Redwood</li>
  <li>Frame Type: Wicker on Aluminum Frame</li>
  <li>Matching Cover: C11;</li>
  <li>Warranty: Frames: 10 years; Wicker 5 years</li>
</ul>","Description WICKER DINING CHAIR - 4PK Dimensions & Weight Product Dimension 38""x24""x25"" Arm Height 26"" Seat Height 17"" Shipping Dimension 36.2"" x 26"" x 44"" Net Weight 62 lbs Gross Weight 76 lbs QTY/CTN 4 Specifications Color Chocolate Redwood Frame Type Wicker on Aluminum Frame Cushion Purchase Separately Matching Cover C11; Warranty Frames: 10 years; Wicker 5 years California's Proposition 65 Warning For California Residents Additional Documents",Dining,cat-dining,Wicker,wicker,,,,,,,fixed,,"38""x24""x25""","{""Color"":""Chocolate Redwood"",""Cushion"":""Purchase Separately"",""Frame Type"":""Wicker on Aluminum Frame"",""Net Weight"":""62 lbs"",""Qty/Carton"":""4"",""Gross Weight"":""76 lbs"",""Shipping Dimension"":""36.2\"" x 26\"" x 44\""""}","[""Ecom""]",false,true,false,true,false,,0,0,true,2026-05-30 03:13:50.24791+00,2026-06-09 22:52:37.617+00,[],[],[],[],[],"[{""url"":""https://641bdd57-e650-4f10-a19f-628c07eb50b7-00-1e7i1aja8wnz9.worf.replit.dev/api/storage/objects/products/summerset/KTAZDC4.jpg"",""alt_text"":""Wicker Dining Chair (Set of 4)"",""is_primary"":true,""display_order"":0,""image_kind"":""gallery"",""variant_id"":null},{""url"":""https://641bdd57-e650-4f10-a19f-628c07eb50b7-00-1e7i1aja8wnz9.worf.replit.dev/api/storage/objects/products/summerset/KTAZDC4_1.jpg"",""alt_text"":""Wicker Dining Chair (Set of 4)"",""is_primary"":false,""display_order"":1,""image_kind"":""gallery"",""variant_id"":null}]",[]
Summerset,summerset,2638,KTAZDS11EX,Aztec Dining 11PC Extension Set,aztec-dining-11pc-extension-set-sm,,,Dining,cat-dining,,,,,,,,,fixed,,,,"[""Set""]",false,true,false,true,false,,0,0,true,2026-05-30 03:13:36.571783+00,2026-06-09 22:52:37.617+00,[],[],[],[],[],"[{""url"":""https://641bdd57-e650-4f10-a19f-628c07eb50b7-00-1e7i1aja8wnz9.worf.replit.dev/api/storage/objects/products/summerset/KTAZDS11EX.jpg"",""alt_text"":""Aztec Dining 11PC Extension Set"",""is_primary"":true,""display_order"":0,""image_kind"":""gallery"",""variant_id"":null}]",[]
Summerset,summerset,2639,KTAZDS9EX,Aztec Dining 9PC Extension Set,aztec-dining-9pc-extension-set-sm,,,Dining,cat-dining,,,,,,,,,fixed,,,,"[""Set""]",false,true,false,true,false,,0,0,true,2026-05-30 03:13:36.731546+00,2026-06-09 22:52:37.617+00,[],[],[],[],[],"[{""url"":""https://641bdd57-e650-4f10-a19f-628c07eb50b7-00-1e7i1aja8wnz9.worf.replit.dev/api/storage/objects/products/summerset/KTAZDS9EX.jpg"",""alt_text"":""Aztec Dining 9PC Extension Set"",""is_primary"":true,""display_order"":0,""image_kind"":""gallery"",""variant_id"":null}]",[]
Summerset,summerset,2671,KTAZSR2,Wicker Swivel Rocker (Set of 2),wicker-swivel-rocker-set-of-2-sm,"Description WICKER DINING SWIVEL ROCKER CHAIR - 2PK Dimensions & Weight Product Dimension 38""x24""x25"" Arm Height 25"" Seat Height 16"" Shipping Dimension 35.8"" x 27.6"" x 26.4"" Net Weight 44 lbs Gross Weight 53 lbs QTY/CTN 2 Specifications Color Chocolate Redwood Frame Type Wicker on Aluminum Frame Cushion Purchase Separately Matching Cover Warranty Frames: 10 years; Wicker 5 years California's Proposition 65 Warning For California Residents Additional Documents

<ul>
  <li>Color: Chocolate Redwood</li>
  <li>Frame Type: Wicker on Aluminum Frame</li>
  <li>Warranty: Frames: 10 years; Wicker 5 years</li>
</ul>","Description WICKER DINING SWIVEL ROCKER CHAIR - 2PK Dimensions & Weight Product Dimension 38""x24""x25"" Arm Height 25"" Seat Height 16"" Shipping Dimension 35.8"" x 27.6"" x 26.4"" Net Weight 44 lbs Gross Weight 53 lbs QTY/CTN 2 Specifications Color Chocolate Redwood Frame Type Wicker on Aluminum Frame Cushion Purchase Separately Matching Cover Warranty Frames: 10 years; Wicker 5 years California's Proposition 65 Warning For California Residents Additional Documents",Deep Seating,cat-deep-seating,Wicker,wicker,,,,,,,fixed,,"38""x24""x25""","{""Color"":""Chocolate Redwood"",""Cushion"":""Purchase Separately"",""Frame Type"":""Wicker on Aluminum Frame"",""Net Weight"":""44 lbs"",""Qty/Carton"":""2"",""Gross Weight"":""53 lbs"",""Shipping Dimension"":""35.8\"" x 27.6\"" x 26.4\""""}","[""Ecom""]",false,true,false,true,false,,0,0,true,2026-05-30 03:13:49.570193+00,2026-06-09 22:52:37.631+00,[],[],[],[],[],"[{""url"":""https://641bdd57-e650-4f10-a19f-628c07eb50b7-00-1e7i1aja8wnz9.worf.replit.dev/api/storage/objects/products/summerset/KTAZSR2.jpg"",""alt_text"":""Wicker Swivel Rocker (Set of 2)"",""is_primary"":true,""display_order"":0,""image_kind"":""gallery"",""variant_id"":null}]",[]
Summerset,summerset,2637,KTAZSS5,Aztec Sofa 5PC Set,aztec-sofa-5pc-set-sm,,,Deep Seating,cat-deep-seating,,,,,,,,,fixed,,,,"[""Set""]",false,true,false,true,false,,0,0,true,2026-05-30 03:13:36.41072+00,2026-06-09 22:52:37.631+00,[],[],[],[],[],"[{""url"":""https://641bdd57-e650-4f10-a19f-628c07eb50b7-00-1e7i1aja8wnz9.worf.replit.dev/api/storage/objects/products/summerset/KTAZSS5.jpg"",""alt_text"":""Aztec Sofa 5PC Set"",""is_primary"":true,""display_order"":0,""image_kind"":""gallery"",""variant_id"":null}]",[]
Summerset,summerset,2743,KTCUSH-AJ12,Cushion for Jolee Dining or Barstool,cushion-for-jolee-dining-or-barstool-sm,"Description It's required to put fabric name in the product note. * Please make sure to put fabric name in the customer Note field. ** This cushion is in solid color. For upgraded fabric, please purchase Cushion Upgrade item. Stripe Color = 1 x Upgrade Weave Color = 2 x Upgrade Print Color = 3 x Upgrade Specifications Dimension To be updated Net Weight To be updated Material Sunbrella or Tempotest Color Solid Warranty 5-year Additional Documents Sunbrella Cushion Cleaning Instruction Introducing

<ul>
  <li>Color: Solid</li>
  <li>Warranty: 5-year</li>
</ul>","Description It's required to put fabric name in the product note. * Please make sure to put fabric name in the customer Note field. ** This cushion is in solid color. For upgraded fabric, please purchase Cushion Upgrade item. Stripe Color = 1 x Upgrade Weave Color = 2 x Upgrade Print Color = 3 x Upgrade Specifications Dimension To be updated Net Weight To be updated Material Sunbrella or Tempotest Color Solid Warranty 5-year Additional Documents Sunbrella Cushion Cleaning Instruction Introducing",Replacement Parts,cat-replacement-parts,,,,,,,,,fixed,,,"{""Color"":"". For upgraded fabric, please purchase"",""Cushion"":""is in solid color. For upgraded fabric, please purchase Cush""}","[""Bar"",""Cushion"",""Dining"",""JoLee""]",false,true,false,true,false,,0,0,true,2026-05-30 03:14:17.979975+00,2026-06-09 22:52:37.418+00,[],[],[],[],[],"[{""url"":""https://641bdd57-e650-4f10-a19f-628c07eb50b7-00-1e7i1aja8wnz9.worf.replit.dev/api/storage/objects/products/summerset/KTCUSH-AJ12.jpg"",""alt_text"":""Cushion for Jolee Dining or Barstool"",""is_primary"":true,""display_order"":0,""image_kind"":""gallery"",""variant_id"":null},{""url"":""https://641bdd57-e650-4f10-a19f-628c07eb50b7-00-1e7i1aja8wnz9.worf.replit.dev/api/storage/objects/products/summerset/KTCUSH-AJ12_1.jpg"",""alt_text"":""Cushion for Jolee Dining or Barstool"",""is_primary"":false,""display_order"":1,""image_kind"":""gallery"",""variant_id"":null}]",[]
Summerset,summerset,2742,KTCUSH-AM12,Cushion for Mirabella Dining,cushion-for-mirabella-dining-sm,"Description It's required to put fabric name in the product note. * Please make sure to put fabric name in the customer Note field. ** This cushion is in solid color. For upgraded fabric, please purchase Cushion Upgrade item. Stripe Color = 1 x Upgrade Weave Color = 2 x Upgrade Print Color = 3 x Upgrade Specifications Dimension To be updated Net Weight To be updated Material Sunbrella or Tempotest Color Solid Warranty 5-year Additional Documents Sunbrella Cushion Cleaning Instruction Introducing

<ul>
  <li>Color: Solid</li>
  <li>Warranty: 5-year</li>
</ul>","Description It's required to put fabric name in the product note. * Please make sure to put fabric name in the customer Note field. ** This cushion is in solid color. For upgraded fabric, please purchase Cushion Upgrade item. Stripe Color = 1 x Upgrade Weave Color = 2 x Upgrade Print Color = 3 x Upgrade Specifications Dimension To be updated Net Weight To be updated Material Sunbrella or Tempotest Color Solid Warranty 5-year Additional Documents Sunbrella Cushion Cleaning Instruction Introducing",Replacement Parts,cat-replacement-parts,,,,,,,,,fixed,,,"{""Color"":"". For upgraded fabric, please purchase"",""Cushion"":""is in solid color. For upgraded fabric, please purchase Cush""}","[""Bar"",""Cushion"",""Dining"",""Mirabella""]",false,true,false,true,false,,0,0,true,2026-05-30 03:14:17.666899+00,2026-06-09 22:52:36.83+00,[],[],[],[],[],"[{""url"":""https://641bdd57-e650-4f10-a19f-628c07eb50b7-00-1e7i1aja8wnz9.worf.replit.dev/api/storage/objects/products/summerset/KTCUSH-AM12.jpg"",""alt_text"":""Cushion for Mirabella Dining"",""is_primary"":true,""display_order"":0,""image_kind"":""gallery"",""variant_id"":null},{""url"":""https://641bdd57-e650-4f10-a19f-628c07eb50b7-00-1e7i1aja8wnz9.worf.replit.dev/api/storage/objects/products/summerset/KTCUSH-AM12_1.jpg"",""alt_text"":""Cushion for Mirabella Dining"",""is_primary"":false,""display_order"":1,""image_kind"":""gallery"",""variant_id"":null}]",[]
Summerset,summerset,2741,KTCUSH-AT11,Cushion for Athena Club Chair High Back,cushion-for-athena-club-chair-high-back-sm,"Description It's required to put fabric name in the product note. * Please make sure to put fabric name in the customer Note field. ** This cushion is in solid color. For upgraded fabric, please purchase Cushion Upgrade item. Stripe Color = 1 x Upgrade Weave Color = 2 x Upgrade Print Color = 3 x Upgrade Loveseat = 2 x Club; Sofa = 3 x Club For example, a sofa cushion in Astoria Sunset fabric (Strip) needs to buy 3 club cushion + 3 club cushion upgrade Specifications Dimension To be updated Net W

<p>Dimension To be updated Net W</p>","Description It's required to put fabric name in the product note. * Please make sure to put fabric name in the customer Note field. ** This cushion is in solid color. For upgraded fabric, please purchase Cushion Upgrade item. Stripe Color = 1 x Upgrade Weave Color = 2 x Upgrade Print Color = 3 x Upgrade Loveseat = 2 x Club; Sofa = 3 x Club For example, a sofa cushion in Astoria Sunset fabric (Strip) needs to buy 3 club cushion + 3 club cushion upgrade Specifications Dimension To be updated Net W",Replacement Parts,cat-replacement-parts,,,,,,,,,fixed,,,"{""Color"":"". For upgraded fabric, please purchase"",""Cushion"":""is in solid color. For upgraded fabric, please purchase Cush""}","[""Athena Light"",""Cushion"",""Deep Seat""]",false,true,false,true,false,,0,0,true,2026-05-30 03:14:17.375999+00,2026-06-09 22:52:36.83+00,[],[],[],[],[],"[{""url"":""https://641bdd57-e650-4f10-a19f-628c07eb50b7-00-1e7i1aja8wnz9.worf.replit.dev/api/storage/objects/products/summerset/KTCUSH-AT11.jpg"",""alt_text"":""Cushion for Athena Club Chair High Back"",""is_primary"":true,""display_order"":0,""image_kind"":""gallery"",""variant_id"":null}]",[]
Summerset,summerset,2740,KTCUSH-AT22,Cushion for Athena Loveseat High Back,cushion-for-athena-loveseat-high-back-sm,"Description It's required to put fabric name in the product note. * Please make sure to put fabric name in the customer Note field. ** This cushion is in solid color. For upgraded fabric, please purchase Cushion Upgrade item. Stripe Color = 1 x Upgrade Weave Color = 2 x Upgrade Print Color = 3 x Upgrade Loveseat = 2 x Club; Sofa = 3 x Club For example, a sofa cushion in Astoria Sunset fabric (Strip) needs to buy 3 club cushion + 3 club cushion upgrade Specifications Dimension To be updated Net W

<p>Dimension To be updated Net W</p>","Description It's required to put fabric name in the product note. * Please make sure to put fabric name in the customer Note field. ** This cushion is in solid color. For upgraded fabric, please purchase Cushion Upgrade item. Stripe Color = 1 x Upgrade Weave Color = 2 x Upgrade Print Color = 3 x Upgrade Loveseat = 2 x Club; Sofa = 3 x Club For example, a sofa cushion in Astoria Sunset fabric (Strip) needs to buy 3 club cushion + 3 club cushion upgrade Specifications Dimension To be updated Net W",Replacement Parts,cat-replacement-parts,,,,,,,,,fixed,,,"{""Color"":"". For upgraded fabric, please purchase"",""Cushion"":""is in solid color. For upgraded fabric, please purchase Cush""}","[""Athena Light"",""Cushion"",""Deep Seat""]",false,true,false,true,false,,0,0,true,2026-05-30 03:14:17.193497+00,2026-06-09 22:52:37.418+00,[],[],[],[],[],"[{""url"":""https://641bdd57-e650-4f10-a19f-628c07eb50b7-00-1e7i1aja8wnz9.worf.replit.dev/api/storage/objects/products/summerset/KTCUSH-AT22.jpg"",""alt_text"":""Cushion for Athena Loveseat High Back"",""is_primary"":true,""display_order"":0,""image_kind"":""gallery"",""variant_id"":null}]",[]
Summerset,summerset,2739,KTCUSH-AT33,Cushion for Athena Sofa High Back,cushion-for-athena-sofa-high-back-sm,"Description It's required to put fabric name in the product note. * Please make sure to put fabric name in the customer Note field. ** This cushion is in solid color. For upgraded fabric, please purchase Cushion Upgrade item. Stripe Color = 1 x Upgrade Weave Color = 2 x Upgrade Print Color = 3 x Upgrade Loveseat = 2 x Club; Sofa = 3 x Club For example, a sofa cushion in Astoria Sunset fabric (Strip) needs to buy 3 club cushion + 3 club cushion upgrade Specifications Dimension To be updated Net W

<p>Dimension To be updated Net W</p>","Description It's required to put fabric name in the product note. * Please make sure to put fabric name in the customer Note field. ** This cushion is in solid color. For upgraded fabric, please purchase Cushion Upgrade item. Stripe Color = 1 x Upgrade Weave Color = 2 x Upgrade Print Color = 3 x Upgrade Loveseat = 2 x Club; Sofa = 3 x Club For example, a sofa cushion in Astoria Sunset fabric (Strip) needs to buy 3 club cushion + 3 club cushion upgrade Specifications Dimension To be updated Net W",Replacement Parts,cat-replacement-parts,,,,,,,,,fixed,,,"{""Color"":"". For upgraded fabric, please purchase"",""Cushion"":""is in solid color. For upgraded fabric, please purchase Cush""}","[""Athena Light"",""Cushion"",""Deep Seat""]",false,true,false,true,false,,0,0,true,2026-05-30 03:14:17.064227+00,2026-06-09 22:52:37.418+00,[],[],[],[],[],"[{""url"":""https://641bdd57-e650-4f10-a19f-628c07eb50b7-00-1e7i1aja8wnz9.worf.replit.dev/api/storage/objects/products/summerset/KTCUSH-AT33.jpg"",""alt_text"":""Cushion for Athena Sofa High Back"",""is_primary"":true,""display_order"":0,""image_kind"":""gallery"",""variant_id"":null}]",[]
Summerset,summerset,2604,KTCUSH-ER12,Cushion for Aeros Club Chair,cushion-for-aeros-club-chair-sm,"Description It's required to put fabric name in the product note. * Please make sure to put fabric name in the customer Note field. ** This cushion is in solid color. For upgraded fabric, please purchase Cushion Upgrade item. Stripe Color = 1 x Upgrade Weave Color = 2 x Upgrade Print Color = 3 x Upgrade Specifications Dimension To be updated Net Weight To be updated Material Sunbrella or Tempotest Color Solid Warranty 5-year Additional Documents Sunbrella Cushion Cleaning Instruction Introducing

<ul>
  <li>Color: Solid</li>
  <li>Warranty: 5-year</li>
</ul>","Description It's required to put fabric name in the product note. * Please make sure to put fabric name in the customer Note field. ** This cushion is in solid color. For upgraded fabric, please purchase Cushion Upgrade item. Stripe Color = 1 x Upgrade Weave Color = 2 x Upgrade Print Color = 3 x Upgrade Specifications Dimension To be updated Net Weight To be updated Material Sunbrella or Tempotest Color Solid Warranty 5-year Additional Documents Sunbrella Cushion Cleaning Instruction Introducing",Replacement Parts,cat-replacement-parts,,,,,,,,,fixed,,,"{""Color"":"". For upgraded fabric, please purchase"",""Cushion"":""is in solid color. For upgraded fabric, please purchase Cush""}","[""Aeros"",""Cushion"",""Deep Seat""]",false,true,false,true,false,,0,0,true,2026-05-30 03:13:26.786885+00,2026-06-09 22:52:36.83+00,[],[],[],[],[],"[{""url"":""https://641bdd57-e650-4f10-a19f-628c07eb50b7-00-1e7i1aja8wnz9.worf.replit.dev/api/storage/objects/products/summerset/KTCUSH-ER12.jpg"",""alt_text"":""Cushion for Aeros Club Chair"",""is_primary"":true,""display_order"":0,""image_kind"":""gallery"",""variant_id"":null},{""url"":""https://641bdd57-e650-4f10-a19f-628c07eb50b7-00-1e7i1aja8wnz9.worf.replit.dev/api/storage/objects/products/summerset/KTCUSH-ER12_1.jpg"",""alt_text"":""Cushion for Aeros Club Chair"",""is_primary"":false,""display_order"":1,""image_kind"":""gallery"",""variant_id"":null},{""url"":""https://641bdd57-e650-4f10-a19f-628c07eb50b7-00-1e7i1aja8wnz9.worf.replit.dev/api/storage/objects/products/summerset/KTCUSH-ER12_2.jpg"",""alt_text"":""Cushion for Aeros Club Chair"",""is_primary"":false,""display_order"":2,""image_kind"":""gallery"",""variant_id"":null}]",[]
Summerset,summerset,2603,KTCUSH-ER23,Cushion for Aeros Loveseat,cushion-for-aeros-loveseat-sm,"Description It's required to put fabric name in the product note. * Please make sure to put fabric name in the customer Note field. ** This cushion is in solid color. For upgraded fabric, please purchase Cushion Upgrade item. Stripe Color = 1 x Upgrade Weave Color = 2 x Upgrade Print Color = 3 x Upgrade Loveseat = 2 x Club; Sofa = 3 x Club For example, a sofa cushion in Astoria Sunset fabric (Strip) needs to buy 3 club cushion upgrade Specifications Dimension To be updated Net Weight To be updat

<p>Dimension To be updated Net Weight To be updat</p>","Description It's required to put fabric name in the product note. * Please make sure to put fabric name in the customer Note field. ** This cushion is in solid color. For upgraded fabric, please purchase Cushion Upgrade item. Stripe Color = 1 x Upgrade Weave Color = 2 x Upgrade Print Color = 3 x Upgrade Loveseat = 2 x Club; Sofa = 3 x Club For example, a sofa cushion in Astoria Sunset fabric (Strip) needs to buy 3 club cushion upgrade Specifications Dimension To be updated Net Weight To be updat",Replacement Parts,cat-replacement-parts,,,,,,,,,fixed,,,"{""Color"":"". For upgraded fabric, please purchase"",""Cushion"":""is in solid color. For upgraded fabric, please purchase Cush""}","[""Aeros"",""Cushion"",""Deep Seat""]",false,true,false,true,false,,0,0,true,2026-05-30 03:13:26.407641+00,2026-06-09 22:52:36.83+00,[],[],[],[],[],"[{""url"":""https://641bdd57-e650-4f10-a19f-628c07eb50b7-00-1e7i1aja8wnz9.worf.replit.dev/api/storage/objects/products/summerset/KTCUSH-ER23.jpg"",""alt_text"":""Cushion for Aeros Loveseat"",""is_primary"":true,""display_order"":0,""image_kind"":""gallery"",""variant_id"":null},{""url"":""https://641bdd57-e650-4f10-a19f-628c07eb50b7-00-1e7i1aja8wnz9.worf.replit.dev/api/storage/objects/products/summerset/KTCUSH-ER23_1.jpg"",""alt_text"":""Cushion for Aeros Loveseat"",""is_primary"":false,""display_order"":1,""image_kind"":""gallery"",""variant_id"":null}]",[]
Summerset,summerset,2602,KTCUSH-ER34,Cushion for Aeros Sofa,cushion-for-aeros-sofa-sm,"Description It's required to put fabric name in the product note. * Please make sure to put fabric name in the customer Note field. ** This cushion is in solid color. For upgraded fabric, please purchase Cushion Upgrade item. Stripe Color = 1 x Upgrade Weave Color = 2 x Upgrade Print Color = 3 x Upgrade Loveseat = 2 x Club; Sofa = 3 x Club For example, a sofa cushion in Astoria Sunset fabric (Strip) needs to buy 3 club cushion upgrade Specifications Dimension To be updated Net Weight To be updat

<p>Dimension To be updated Net Weight To be updat</p>","Description It's required to put fabric name in the product note. * Please make sure to put fabric name in the customer Note field. ** This cushion is in solid color. For upgraded fabric, please purchase Cushion Upgrade item. Stripe Color = 1 x Upgrade Weave Color = 2 x Upgrade Print Color = 3 x Upgrade Loveseat = 2 x Club; Sofa = 3 x Club For example, a sofa cushion in Astoria Sunset fabric (Strip) needs to buy 3 club cushion upgrade Specifications Dimension To be updated Net Weight To be updat",Replacement Parts,cat-replacement-parts,,,,,,,,,fixed,,,"{""Color"":"". For upgraded fabric, please purchase"",""Cushion"":""is in solid color. For upgraded fabric, please purchase Cush""}","[""Aeros"",""Cushion"",""Deep Seat""]",false,true,false,true,false,,0,0,true,2026-05-30 03:13:26.140834+00,2026-06-09 22:52:37.418+00,[],[],[],[],[],"[{""url"":""https://641bdd57-e650-4f10-a19f-628c07eb50b7-00-1e7i1aja8wnz9.worf.replit.dev/api/storage/objects/products/summerset/KTCUSH-ER34.jpg"",""alt_text"":""Cushion for Aeros Sofa"",""is_primary"":true,""display_order"":0,""image_kind"":""gallery"",""variant_id"":null}]",[]
Summerset,summerset,2738,KTCUSH-FS14,Cushion for Ariana Curved Sofa,cushion-for-ariana-curved-sofa-sm,"Description It's required to put fabric name in the product note. * Please make sure to put fabric name in the customer Note field. ** This cushion is in solid color. For upgraded fabric, please purchase Cushion Upgrade item. Stripe Color = 1 x Upgrade Weave Color = 2 x Upgrade Print Color = 3 x Upgrade Specifications Dimension To be updated Net Weight To be updated Material Sunbrella or Tempotest Color Solid Warranty 5-year Additional Documents Sunbrella Cushion Cleaning Instruction Introducing

<ul>
  <li>Color: Solid</li>
  <li>Warranty: 5-year</li>
</ul>","Description It's required to put fabric name in the product note. * Please make sure to put fabric name in the customer Note field. ** This cushion is in solid color. For upgraded fabric, please purchase Cushion Upgrade item. Stripe Color = 1 x Upgrade Weave Color = 2 x Upgrade Print Color = 3 x Upgrade Specifications Dimension To be updated Net Weight To be updated Material Sunbrella or Tempotest Color Solid Warranty 5-year Additional Documents Sunbrella Cushion Cleaning Instruction Introducing",Replacement Parts,cat-replacement-parts,,,,,,,,,fixed,,,"{""Color"":"". For upgraded fabric, please purchase"",""Cushion"":""is in solid color. For upgraded fabric, please purchase Cush""}","[""Ariana"",""Cushion"",""Deep Seat""]",false,true,false,true,false,,0,0,true,2026-05-30 03:14:16.849096+00,2026-06-09 22:52:36.83+00,[],[],[],[],[],"[{""url"":""https://641bdd57-e650-4f10-a19f-628c07eb50b7-00-1e7i1aja8wnz9.worf.replit.dev/api/storage/objects/products/summerset/KTCUSH-FS14.jpg"",""alt_text"":""Cushion for Ariana Curved Sofa"",""is_primary"":true,""display_order"":0,""image_kind"":""gallery"",""variant_id"":null},{""url"":""https://641bdd57-e650-4f10-a19f-628c07eb50b7-00-1e7i1aja8wnz9.worf.replit.dev/api/storage/objects/products/summerset/KTCUSH-FS14_1.jpg"",""alt_text"":""Cushion for Ariana Curved Sofa"",""is_primary"":false,""display_order"":1,""image_kind"":""gallery"",""variant_id"":null},{""url"":""https://641bdd57-e650-4f10-a19f-628c07eb50b7-00-1e7i1aja8wnz9.worf.replit.dev/api/storage/objects/products/summerset/KTCUSH-FS14_2.jpg"",""alt_text"":""Cushion for Ariana Curved Sofa"",""is_primary"":false,""display_order"":2,""image_kind"":""gallery"",""variant_id"":null}]",[]
Summerset,summerset,2737,KTCUSH-I12,Cushion for Ariana Club Chair,cushion-for-ariana-club-chair-sm,"Description It's required to put fabric name in the product note. * Please make sure to put fabric name in the customer Note field. ** This cushion is in solid color. For upgraded fabric, please purchase Cushion Upgrade item. Stripe Color = 1 x Upgrade Weave Color = 2 x Upgrade Print Color = 3 x Upgrade Loveseat = 2 x Club; Sofa = 3 x Club For example, a sofa cushion in Astoria Sunset fabric (Strip) needs to buy 3 club cushion + 3 club cushion upgrade Specifications Dimension To be updated Net W

<p>Dimension To be updated Net W</p>","Description It's required to put fabric name in the product note. * Please make sure to put fabric name in the customer Note field. ** This cushion is in solid color. For upgraded fabric, please purchase Cushion Upgrade item. Stripe Color = 1 x Upgrade Weave Color = 2 x Upgrade Print Color = 3 x Upgrade Loveseat = 2 x Club; Sofa = 3 x Club For example, a sofa cushion in Astoria Sunset fabric (Strip) needs to buy 3 club cushion + 3 club cushion upgrade Specifications Dimension To be updated Net W",Replacement Parts,cat-replacement-parts,,,,,,,,,fixed,,,"{""Color"":"". For upgraded fabric, please purchase"",""Cushion"":""is in solid color. For upgraded fabric, please purchase Cush""}","[""Ariana"",""Cushion"",""Deep Seat""]",false,true,false,true,false,,0,0,true,2026-05-30 03:14:16.486903+00,2026-06-09 22:52:37.418+00,[],[],[],[],[],"[{""url"":""https://641bdd57-e650-4f10-a19f-628c07eb50b7-00-1e7i1aja8wnz9.worf.replit.dev/api/storage/objects/products/summerset/KTCUSH-I12.jpg"",""alt_text"":""Cushion for Ariana Club Chair"",""is_primary"":true,""display_order"":0,""image_kind"":""gallery"",""variant_id"":null},{""url"":""https://641bdd57-e650-4f10-a19f-628c07eb50b7-00-1e7i1aja8wnz9.worf.replit.dev/api/storage/objects/products/summerset/KTCUSH-I12_1.jpg"",""alt_text"":""Cushion for Ariana Club Chair"",""is_primary"":false,""display_order"":1,""image_kind"":""gallery"",""variant_id"":null},{""url"":""https://641bdd57-e650-4f10-a19f-628c07eb50b7-00-1e7i1aja8wnz9.worf.replit.dev/api/storage/objects/products/summerset/KTCUSH-I12_2.jpg"",""alt_text"":""Cushion for Ariana Club Chair"",""is_primary"":false,""display_order"":2,""image_kind"":""gallery"",""variant_id"":null}]",[]
Summerset,summerset,2736,KTCUSH-IJ12,Cushion for Jolee Club Chair,cushion-for-jolee-club-chair-sm,"Description It's required to put fabric name in the product note. * Please make sure to put fabric name in the customer Note field. ** This cushion is in solid color. For upgraded fabric, please purchase Cushion Upgrade item. Stripe Color = 1 x Upgrade Weave Color = 2 x Upgrade Print Color = 3 x Upgrade Specifications Dimension To be updated Net Weight To be updated Material Sunbrella or Tempotest Color Solid Warranty 5-year Additional Documents Sunbrella Cushion Cleaning Instruction Introducing

<ul>
  <li>Color: Solid</li>
  <li>Warranty: 5-year</li>
</ul>","Description It's required to put fabric name in the product note. * Please make sure to put fabric name in the customer Note field. ** This cushion is in solid color. For upgraded fabric, please purchase Cushion Upgrade item. Stripe Color = 1 x Upgrade Weave Color = 2 x Upgrade Print Color = 3 x Upgrade Specifications Dimension To be updated Net Weight To be updated Material Sunbrella or Tempotest Color Solid Warranty 5-year Additional Documents Sunbrella Cushion Cleaning Instruction Introducing",Replacement Parts,cat-replacement-parts,,,,,,,,,fixed,,,"{""Color"":"". For upgraded fabric, please purchase"",""Cushion"":""is in solid color. For upgraded fabric, please purchase Cush""}","[""Cushion"",""Deep Seat"",""JoLee""]",false,true,false,true,false,,0,0,true,2026-05-30 03:14:16.117106+00,2026-06-09 22:52:37.418+00,[],[],[],[],[],"[{""url"":""https://641bdd57-e650-4f10-a19f-628c07eb50b7-00-1e7i1aja8wnz9.worf.replit.dev/api/storage/objects/products/summerset/KTCUSH-IJ12.jpg"",""alt_text"":""Cushion for Jolee Club Chair"",""is_primary"":true,""display_order"":0,""image_kind"":""gallery"",""variant_id"":null},{""url"":""https://641bdd57-e650-4f10-a19f-628c07eb50b7-00-1e7i1aja8wnz9.worf.replit.dev/api/storage/objects/products/summerset/KTCUSH-IJ12_1.jpg"",""alt_text"":""Cushion for Jolee Club Chair"",""is_primary"":false,""display_order"":1,""image_kind"":""gallery"",""variant_id"":null},{""url"":""https://641bdd57-e650-4f10-a19f-628c07eb50b7-00-1e7i1aja8wnz9.worf.replit.dev/api/storage/objects/products/summerset/KTCUSH-IJ12_2.jpg"",""alt_text"":""Cushion for Jolee Club Chair"",""is_primary"":false,""display_order"":2,""image_kind"":""gallery"",""variant_id"":null}]",[]
Summerset,summerset,2735,KTCUSH-IJ23,Cushion for Jolee Loveseat,cushion-for-jolee-loveseat-sm,"Description It's required to put fabric name in the product note. * Please make sure to put fabric name in the customer Note field. ** This cushion is in solid color. For upgraded fabric, please purchase Cushion Upgrade item. Stripe Color = 1 x Upgrade Weave Color = 2 x Upgrade Print Color = 3 x Upgrade Loveseat = 2 x Club; Sofa = 3 x Club For example, a sofa cushion in Astoria Sunset fabric (Strip) needs to buy 3 club cushion upgrade Specifications Dimension To be updated Net Weight To be updat

<p>Dimension To be updated Net Weight To be updat</p>","Description It's required to put fabric name in the product note. * Please make sure to put fabric name in the customer Note field. ** This cushion is in solid color. For upgraded fabric, please purchase Cushion Upgrade item. Stripe Color = 1 x Upgrade Weave Color = 2 x Upgrade Print Color = 3 x Upgrade Loveseat = 2 x Club; Sofa = 3 x Club For example, a sofa cushion in Astoria Sunset fabric (Strip) needs to buy 3 club cushion upgrade Specifications Dimension To be updated Net Weight To be updat",Replacement Parts,cat-replacement-parts,,,,,,,,,fixed,,,"{""Color"":"". For upgraded fabric, please purchase"",""Cushion"":""is in solid color. For upgraded fabric, please purchase Cush""}","[""Cushion"",""Deep Seat"",""JoLee""]",false,true,false,true,false,,0,0,true,2026-05-30 03:14:15.760618+00,2026-06-09 22:52:36.83+00,[],[],[],[],[],"[{""url"":""https://641bdd57-e650-4f10-a19f-628c07eb50b7-00-1e7i1aja8wnz9.worf.replit.dev/api/storage/objects/products/summerset/KTCUSH-IJ23.jpg"",""alt_text"":""Cushion for Jolee Loveseat"",""is_primary"":true,""display_order"":0,""image_kind"":""gallery"",""variant_id"":null},{""url"":""https://641bdd57-e650-4f10-a19f-628c07eb50b7-00-1e7i1aja8wnz9.worf.replit.dev/api/storage/objects/products/summerset/KTCUSH-IJ23_1.jpg"",""alt_text"":""Cushion for Jolee Loveseat"",""is_primary"":false,""display_order"":1,""image_kind"":""gallery"",""variant_id"":null}]",[]
Summerset,summerset,2734,KTCUSH-IJ34,Cushion for Jolee Sofa,cushion-for-jolee-sofa-sm,"Description It's required to put fabric name in the product note. * Please make sure to put fabric name in the customer Note field. ** This cushion is in solid color. For upgraded fabric, please purchase Cushion Upgrade item. Stripe Color = 1 x Upgrade Weave Color = 2 x Upgrade Print Color = 3 x Upgrade Loveseat = 2 x Club; Sofa = 3 x Club For example, a sofa cushion in Astoria Sunset fabric (Strip) needs to buy 3 club cushion upgrade Specifications Dimension To be updated Net Weight To be updat

<p>Dimension To be updated Net Weight To be updat</p>","Description It's required to put fabric name in the product note. * Please make sure to put fabric name in the customer Note field. ** This cushion is in solid color. For upgraded fabric, please purchase Cushion Upgrade item. Stripe Color = 1 x Upgrade Weave Color = 2 x Upgrade Print Color = 3 x Upgrade Loveseat = 2 x Club; Sofa = 3 x Club For example, a sofa cushion in Astoria Sunset fabric (Strip) needs to buy 3 club cushion upgrade Specifications Dimension To be updated Net Weight To be updat",Replacement Parts,cat-replacement-parts,,,,,,,,,fixed,,,"{""Color"":"". For upgraded fabric, please purchase"",""Cushion"":""is in solid color. For upgraded fabric, please purchase Cush""}","[""Cushion"",""Deep Seat"",""JoLee""]",false,true,false,true,false,,0,0,true,2026-05-30 03:14:15.516968+00,2026-06-09 22:52:36.83+00,[],[],[],[],[],"[{""url"":""https://641bdd57-e650-4f10-a19f-628c07eb50b7-00-1e7i1aja8wnz9.worf.replit.dev/api/storage/objects/products/summerset/KTCUSH-IJ34.jpg"",""alt_text"":""Cushion for Jolee Sofa"",""is_primary"":true,""display_order"":0,""image_kind"":""gallery"",""variant_id"":null}]",[]
Summerset,summerset,2733,KTCUSH-IM12,Cushion for Mirabella Club Chair,cushion-for-mirabella-club-chair-sm,"Description It's required to put fabric name in the product note. * Please make sure to put fabric name in the customer Note field. ** This cushion is in solid color. For upgraded fabric, please purchase Cushion Upgrade item. Stripe Color = 1 x Upgrade Weave Color = 2 x Upgrade Print Color = 3 x Upgrade Specifications Dimension To be updated Net Weight To be updated Material Sunbrella or Tempotest Color Solid Warranty 5-year Additional Documents Sunbrella Cushion Cleaning Instruction Introducing

<ul>
  <li>Color: Solid</li>
  <li>Warranty: 5-year</li>
</ul>","Description It's required to put fabric name in the product note. * Please make sure to put fabric name in the customer Note field. ** This cushion is in solid color. For upgraded fabric, please purchase Cushion Upgrade item. Stripe Color = 1 x Upgrade Weave Color = 2 x Upgrade Print Color = 3 x Upgrade Specifications Dimension To be updated Net Weight To be updated Material Sunbrella or Tempotest Color Solid Warranty 5-year Additional Documents Sunbrella Cushion Cleaning Instruction Introducing",Replacement Parts,cat-replacement-parts,,,,,,,,,fixed,,,"{""Color"":"". For upgraded fabric, please purchase"",""Cushion"":""is in solid color. For upgraded fabric, please purchase Cush""}","[""Cushion"",""Deep Seat"",""Mirabella""]",false,true,false,true,false,,0,0,true,2026-05-30 03:14:15.320818+00,2026-06-09 22:52:36.83+00,[],[],[],[],[],"[{""url"":""https://641bdd57-e650-4f10-a19f-628c07eb50b7-00-1e7i1aja8wnz9.worf.replit.dev/api/storage/objects/products/summerset/KTCUSH-IM12.jpg"",""alt_text"":""Cushion for Mirabella Club Chair"",""is_primary"":true,""display_order"":0,""image_kind"":""gallery"",""variant_id"":null},{""url"":""https://641bdd57-e650-4f10-a19f-628c07eb50b7-00-1e7i1aja8wnz9.worf.replit.dev/api/storage/objects/products/summerset/KTCUSH-IM12_1.jpg"",""alt_text"":""Cushion for Mirabella Club Chair"",""is_primary"":false,""display_order"":1,""image_kind"":""gallery"",""variant_id"":null},{""url"":""https://641bdd57-e650-4f10-a19f-628c07eb50b7-00-1e7i1aja8wnz9.worf.replit.dev/api/storage/objects/products/summerset/KTCUSH-IM12_2.jpg"",""alt_text"":""Cushion for Mirabella Club Chair"",""is_primary"":false,""display_order"":2,""image_kind"":""gallery"",""variant_id"":null}]",[]
Summerset,summerset,2732,KTCUSH-IM23,Cushion for Mirabella Loveseat,cushion-for-mirabella-loveseat-sm,"Description It's required to put fabric name in the product note. * Please make sure to put fabric name in the customer Note field. ** This cushion is in solid color. For upgraded fabric, please purchase Cushion Upgrade item. Stripe Color = 1 x Upgrade Weave Color = 2 x Upgrade Print Color = 3 x Upgrade Loveseat = 2 x Club; Sofa = 3 x Club For example, a sofa cushion in Astoria Sunset fabric (Strip) needs to buy 3 club cushion upgrade Specifications Dimension To be updated Net Weight To be updat

<p>Dimension To be updated Net Weight To be updat</p>","Description It's required to put fabric name in the product note. * Please make sure to put fabric name in the customer Note field. ** This cushion is in solid color. For upgraded fabric, please purchase Cushion Upgrade item. Stripe Color = 1 x Upgrade Weave Color = 2 x Upgrade Print Color = 3 x Upgrade Loveseat = 2 x Club; Sofa = 3 x Club For example, a sofa cushion in Astoria Sunset fabric (Strip) needs to buy 3 club cushion upgrade Specifications Dimension To be updated Net Weight To be updat",Replacement Parts,cat-replacement-parts,,,,,,,,,fixed,,,"{""Color"":"". For upgraded fabric, please purchase"",""Cushion"":""is in solid color. For upgraded fabric, please purchase Cush""}","[""Cushion"",""Deep Seat"",""Mirabella""]",false,true,false,true,false,,0,0,true,2026-05-30 03:14:14.967818+00,2026-06-09 22:52:37.418+00,[],[],[],[],[],"[{""url"":""https://641bdd57-e650-4f10-a19f-628c07eb50b7-00-1e7i1aja8wnz9.worf.replit.dev/api/storage/objects/products/summerset/KTCUSH-IM23.jpg"",""alt_text"":""Cushion for Mirabella Loveseat"",""is_primary"":true,""display_order"":0,""image_kind"":""gallery"",""variant_id"":null},{""url"":""https://641bdd57-e650-4f10-a19f-628c07eb50b7-00-1e7i1aja8wnz9.worf.replit.dev/api/storage/objects/products/summerset/KTCUSH-IM23_1.jpg"",""alt_text"":""Cushion for Mirabella Loveseat"",""is_primary"":false,""display_order"":1,""image_kind"":""gallery"",""variant_id"":null}]",[]
Summerset,summerset,2731,KTCUSH-IM34,Cushion for Mirabella Sofa,cushion-for-mirabella-sofa-sm,"Description It's required to put fabric name in the product note * Please make sure to put fabric name in the customer Note field. ** This cushion is in solid color. For upgraded fabric, please purchase Cushion Upgrade item. Stripe Color = 1 x Upgrade Weave Color = 2 x Upgrade Print Color = 3 x Upgrade Loveseat = 2 x Club; Sofa = 3 x Club For example, a sofa cushion in Astoria Sunset fabric (Strip) needs to buy 3 club cushion upgrade Specifications Dimension To be updated Net Weight To be update

<p>Dimension To be updated Net Weight To be update</p>","Description It's required to put fabric name in the product note * Please make sure to put fabric name in the customer Note field. ** This cushion is in solid color. For upgraded fabric, please purchase Cushion Upgrade item. Stripe Color = 1 x Upgrade Weave Color = 2 x Upgrade Print Color = 3 x Upgrade Loveseat = 2 x Club; Sofa = 3 x Club For example, a sofa cushion in Astoria Sunset fabric (Strip) needs to buy 3 club cushion upgrade Specifications Dimension To be updated Net Weight To be update",Replacement Parts,cat-replacement-parts,,,,,,,,,fixed,,,"{""Color"":"". For upgraded fabric, please purchase"",""Cushion"":""is in solid color. For upgraded fabric, please purchase Cush""}","[""Cushion"",""Deep Seat"",""Mirabella""]",false,true,false,true,false,,0,0,true,2026-05-30 03:14:14.709812+00,2026-06-09 22:52:37.418+00,[],[],[],[],[],"[{""url"":""https://641bdd57-e650-4f10-a19f-628c07eb50b7-00-1e7i1aja8wnz9.worf.replit.dev/api/storage/objects/products/summerset/KTCUSH-IM34.jpg"",""alt_text"":""Cushion for Mirabella Sofa"",""is_primary"":true,""display_order"":0,""image_kind"":""gallery"",""variant_id"":null}]",[]
Summerset,summerset,2727,KTCUSH-J-W12,Cushion for Ariana Club High Back,cushion-for-ariana-club-high-back-sm,"Description It's required to put fabric name in the product note. * Please make sure to put fabric name in the customer Note field. ** This cushion is in solid color. For upgraded fabric, please purchase Cushion Upgrade item. Stripe Color = 1 x Upgrade Weave Color = 2 x Upgrade Print Color = 3 x Upgrade Loveseat = 2 x Club; Sofa = 3 x Club For example, a sofa cushion in Astoria Sunset fabric (Strip) needs to buy 3 club cushion + 3 club cushion upgrade Specifications Dimension To be updated Net W

<p>Dimension To be updated Net W</p>","Description It's required to put fabric name in the product note. * Please make sure to put fabric name in the customer Note field. ** This cushion is in solid color. For upgraded fabric, please purchase Cushion Upgrade item. Stripe Color = 1 x Upgrade Weave Color = 2 x Upgrade Print Color = 3 x Upgrade Loveseat = 2 x Club; Sofa = 3 x Club For example, a sofa cushion in Astoria Sunset fabric (Strip) needs to buy 3 club cushion + 3 club cushion upgrade Specifications Dimension To be updated Net W",Replacement Parts,cat-replacement-parts,,,,,,,,,fixed,,,"{""Color"":"". For upgraded fabric, please purchase"",""Cushion"":""is in solid color. For upgraded fabric, please purchase Cush""}","[""Ariana"",""Cushion"",""Deep Seat""]",false,true,false,true,false,,0,0,true,2026-05-30 03:14:13.666215+00,2026-06-09 22:52:36.83+00,[],[],[],[],[],"[{""url"":""https://641bdd57-e650-4f10-a19f-628c07eb50b7-00-1e7i1aja8wnz9.worf.replit.dev/api/storage/objects/products/summerset/KTCUSH-J-W12.jpg"",""alt_text"":""Cushion for Ariana Club High Back"",""is_primary"":true,""display_order"":0,""image_kind"":""gallery"",""variant_id"":null}]",[]
Summerset,summerset,2726,KTCUSH-J-W23,Cushion for Ariana Loveseat High Back,cushion-for-ariana-loveseat-high-back-sm,"Description It's required to put fabric name in the product note. * Please make sure to put fabric name in the customer Note field. ** This cushion is in solid color. For upgraded fabric, please purchase Cushion Upgrade item. Stripe Color = 1 x Upgrade Weave Color = 2 x Upgrade Print Color = 3 x Upgrade Loveseat = 2 x Club; Sofa = 3 x Club For example, a sofa cushion in Astoria Sunset fabric (Strip) needs to buy 3 club cushion + 3 club cushion upgrade Specifications Dimension To be updated Net W

<p>Dimension To be updated Net W</p>","Description It's required to put fabric name in the product note. * Please make sure to put fabric name in the customer Note field. ** This cushion is in solid color. For upgraded fabric, please purchase Cushion Upgrade item. Stripe Color = 1 x Upgrade Weave Color = 2 x Upgrade Print Color = 3 x Upgrade Loveseat = 2 x Club; Sofa = 3 x Club For example, a sofa cushion in Astoria Sunset fabric (Strip) needs to buy 3 club cushion + 3 club cushion upgrade Specifications Dimension To be updated Net W",Replacement Parts,cat-replacement-parts,,,,,,,,,fixed,,,"{""Color"":"". For upgraded fabric, please purchase"",""Cushion"":""is in solid color. For upgraded fabric, please purchase Cush""}","[""Ariana"",""Cushion"",""Deep Seat""]",false,true,false,true,false,,0,0,true,2026-05-30 03:14:13.473861+00,2026-06-09 22:52:37.418+00,[],[],[],[],[],"[{""url"":""https://641bdd57-e650-4f10-a19f-628c07eb50b7-00-1e7i1aja8wnz9.worf.replit.dev/api/storage/objects/products/summerset/KTCUSH-J-W23.jpg"",""alt_text"":""Cushion for Ariana Loveseat High Back"",""is_primary"":true,""display_order"":0,""image_kind"":""gallery"",""variant_id"":null},{""url"":""https://641bdd57-e650-4f10-a19f-628c07eb50b7-00-1e7i1aja8wnz9.worf.replit.dev/api/storage/objects/products/summerset/KTCUSH-J-W23_1.jpg"",""alt_text"":""Cushion for Ariana Loveseat High Back"",""is_primary"":false,""display_order"":1,""image_kind"":""gallery"",""variant_id"":null}]",[]
Summerset,summerset,2725,KTCUSH-J-W34,Cushion for Ariana Sofa High Back,cushion-for-ariana-sofa-high-back-sm,"Description It's required to put fabric name in the product note. * Please make sure to put fabric name in the customer Note field. ** This cushion is in solid color. For upgraded fabric, please purchase Cushion Upgrade item. Stripe Color = 1 x Upgrade Weave Color = 2 x Upgrade Print Color = 3 x Upgrade Loveseat = 2 x Club; Sofa = 3 x Club For example, a sofa cushion in Astoria Sunset fabric (Strip) needs to buy 3 club cushion + 3 club cushion upgrade Specifications Dimension To be updated Net W

<p>Dimension To be updated Net W</p>","Description It's required to put fabric name in the product note. * Please make sure to put fabric name in the customer Note field. ** This cushion is in solid color. For upgraded fabric, please purchase Cushion Upgrade item. Stripe Color = 1 x Upgrade Weave Color = 2 x Upgrade Print Color = 3 x Upgrade Loveseat = 2 x Club; Sofa = 3 x Club For example, a sofa cushion in Astoria Sunset fabric (Strip) needs to buy 3 club cushion + 3 club cushion upgrade Specifications Dimension To be updated Net W",Replacement Parts,cat-replacement-parts,,,,,,,,,fixed,,,"{""Color"":"". For upgraded fabric, please purchase"",""Cushion"":""is in solid color. For upgraded fabric, please purchase Cush""}","[""Ariana"",""Cushion"",""Deep Seat""]",false,true,false,true,false,,0,0,true,2026-05-30 03:14:13.232739+00,2026-06-09 22:52:37.418+00,[],[],[],[],[],"[{""url"":""https://641bdd57-e650-4f10-a19f-628c07eb50b7-00-1e7i1aja8wnz9.worf.replit.dev/api/storage/objects/products/summerset/KTCUSH-J-W34.jpg"",""alt_text"":""Cushion for Ariana Sofa High Back"",""is_primary"":true,""display_order"":0,""image_kind"":""gallery"",""variant_id"":null}]",[]
Summerset,summerset,2730,KTCUSH-J12,Cushion for Ariana Sectional Club Chair,cushion-for-ariana-sectional-club-chair-sm,"Description It's required to put fabric name in the product note. * Please make sure to put fabric name in the customer Note field. ** This cushion is in solid color. For upgraded fabric, please purchase Cushion Upgrade item. Stripe Color = 1 x Upgrade Weave Color = 2 x Upgrade Print Color = 3 x Upgrade Loveseat = 2 x Club; Sofa = 3 x Club For example, a sofa cushion in Astoria Sunset fabric (Strip) needs to buy 3 club cushion + 3 club cushion upgrade Specifications Dimension To be updated Net W

<p>Dimension To be updated Net W</p>","Description It's required to put fabric name in the product note. * Please make sure to put fabric name in the customer Note field. ** This cushion is in solid color. For upgraded fabric, please purchase Cushion Upgrade item. Stripe Color = 1 x Upgrade Weave Color = 2 x Upgrade Print Color = 3 x Upgrade Loveseat = 2 x Club; Sofa = 3 x Club For example, a sofa cushion in Astoria Sunset fabric (Strip) needs to buy 3 club cushion + 3 club cushion upgrade Specifications Dimension To be updated Net W",Replacement Parts,cat-replacement-parts,,,,,,,,,fixed,,,"{""Color"":"". For upgraded fabric, please purchase"",""Cushion"":""is in solid color. For upgraded fabric, please purchase Cush""}","[""Ariana"",""Cushion"",""Deep Seat""]",false,true,false,true,false,,0,0,true,2026-05-30 03:14:14.500708+00,2026-06-09 22:52:36.83+00,[],[],[],[],[],"[{""url"":""https://641bdd57-e650-4f10-a19f-628c07eb50b7-00-1e7i1aja8wnz9.worf.replit.dev/api/storage/objects/products/summerset/KTCUSH-J12.jpg"",""alt_text"":""Cushion for Ariana Sectional Club Chair"",""is_primary"":true,""display_order"":0,""image_kind"":""gallery"",""variant_id"":null},{""url"":""https://641bdd57-e650-4f10-a19f-628c07eb50b7-00-1e7i1aja8wnz9.worf.replit.dev/api/storage/objects/products/summerset/KTCUSH-J12_1.jpg"",""alt_text"":""Cushion for Ariana Sectional Club Chair"",""is_primary"":false,""display_order"":1,""image_kind"":""gallery"",""variant_id"":null},{""url"":""https://641bdd57-e650-4f10-a19f-628c07eb50b7-00-1e7i1aja8wnz9.worf.replit.dev/api/storage/objects/products/summerset/KTCUSH-J12_2.jpg"",""alt_text"":""Cushion for Ariana Sectional Club Chair"",""is_primary"":false,""display_order"":2,""image_kind"":""gallery"",""variant_id"":null}]",[]
Summerset,summerset,2729,KTCUSH-J23,Cushion for Ariana Loveseat or Sectional Loveseat,cushion-for-ariana-loveseat-or-sectional-loveseat-sm,"Description It's required to put fabric name in the product note. * Please make sure to put fabric name in the customer Note field. ** This cushion is in solid color. For upgraded fabric, please purchase Cushion Upgrade item. Stripe Color = 1 x Upgrade Weave Color = 2 x Upgrade Print Color = 3 x Upgrade Loveseat = 2 x Club; Sofa = 3 x Club For example, a sofa cushion in Astoria Sunset fabric (Strip) needs to buy 3 club cushion + 3 club cushion upgrade Specifications Dimension To be updated Net W

<p>Dimension To be updated Net W</p>","Description It's required to put fabric name in the product note. * Please make sure to put fabric name in the customer Note field. ** This cushion is in solid color. For upgraded fabric, please purchase Cushion Upgrade item. Stripe Color = 1 x Upgrade Weave Color = 2 x Upgrade Print Color = 3 x Upgrade Loveseat = 2 x Club; Sofa = 3 x Club For example, a sofa cushion in Astoria Sunset fabric (Strip) needs to buy 3 club cushion + 3 club cushion upgrade Specifications Dimension To be updated Net W",Replacement Parts,cat-replacement-parts,,,,,,,,,fixed,,,"{""Color"":"". For upgraded fabric, please purchase"",""Cushion"":""is in solid color. For upgraded fabric, please purchase Cush""}","[""Ariana"",""Cushion"",""Deep Seat""]",false,true,false,true,false,,0,0,true,2026-05-30 03:14:14.13315+00,2026-06-09 22:52:36.83+00,[],[],[],[],[],"[{""url"":""https://641bdd57-e650-4f10-a19f-628c07eb50b7-00-1e7i1aja8wnz9.worf.replit.dev/api/storage/objects/products/summerset/KTCUSH-J23.jpg"",""alt_text"":""Cushion for Ariana Loveseat or Sectional Loveseat"",""is_primary"":true,""display_order"":0,""image_kind"":""gallery"",""variant_id"":null},{""url"":""https://641bdd57-e650-4f10-a19f-628c07eb50b7-00-1e7i1aja8wnz9.worf.replit.dev/api/storage/objects/products/summerset/KTCUSH-J23_1.jpg"",""alt_text"":""Cushion for Ariana Loveseat or Sectional Loveseat"",""is_primary"":false,""display_order"":1,""image_kind"":""gallery"",""variant_id"":null}]",[]
Summerset,summerset,2728,KTCUSH-J34,Cushion for Ariana Sofa,cushion-for-ariana-sofa-sm,"Description It's required to put fabric name in the product note. * Please make sure to put fabric name in the customer Note field. ** This cushion is in solid color. For upgraded fabric, please purchase Cushion Upgrade item. Stripe Color = 1 x Upgrade Weave Color = 2 x Upgrade Print Color = 3 x Upgrade Loveseat = 2 x Club; Sofa = 3 x Club For example, a sofa cushion in Astoria Sunset fabric (Strip) needs to buy 3 club cushion + 3 club cushion upgrade Specifications Dimension To be updated Net W

<p>Dimension To be updated Net W</p>","Description It's required to put fabric name in the product note. * Please make sure to put fabric name in the customer Note field. ** This cushion is in solid color. For upgraded fabric, please purchase Cushion Upgrade item. Stripe Color = 1 x Upgrade Weave Color = 2 x Upgrade Print Color = 3 x Upgrade Loveseat = 2 x Club; Sofa = 3 x Club For example, a sofa cushion in Astoria Sunset fabric (Strip) needs to buy 3 club cushion + 3 club cushion upgrade Specifications Dimension To be updated Net W",Replacement Parts,cat-replacement-parts,,,,,,,,,fixed,,,"{""Color"":"". For upgraded fabric, please purchase"",""Cushion"":""is in solid color. For upgraded fabric, please purchase Cush""}","[""Ariana"",""Cushion"",""Deep Seat""]",false,true,false,true,false,,0,0,true,2026-05-30 03:14:13.850383+00,2026-06-09 22:52:37.418+00,[],[],[],[],[],"[{""url"":""https://641bdd57-e650-4f10-a19f-628c07eb50b7-00-1e7i1aja8wnz9.worf.replit.dev/api/storage/objects/products/summerset/KTCUSH-J34.jpg"",""alt_text"":""Cushion for Ariana Sofa"",""is_primary"":true,""display_order"":0,""image_kind"":""gallery"",""variant_id"":null}]",[]
Summerset,summerset,2724,KTCUSH-K-Q23,Cushion for Sahara Loveseat,cushion-for-sahara-loveseat-sm,"Description It's required to put fabric name in the product note * Please make sure to put fabric name in the customer Note field. ** This cushion is in solid color. For upgraded fabric, please purchase Cushion Upgrade item. Stripe Color = 1 x Upgrade Weave Color = 2 x Upgrade Print Color = 3 x Upgrade Loveseat = 2 x Club; Sofa = 3 x Club For example, a sofa cushion in Astoria Sunset fabric (Strip) needs to buy 3 club cushion upgrade Specifications Dimension To be updated Net Weight To be update

<p>Dimension To be updated Net Weight To be update</p>","Description It's required to put fabric name in the product note * Please make sure to put fabric name in the customer Note field. ** This cushion is in solid color. For upgraded fabric, please purchase Cushion Upgrade item. Stripe Color = 1 x Upgrade Weave Color = 2 x Upgrade Print Color = 3 x Upgrade Loveseat = 2 x Club; Sofa = 3 x Club For example, a sofa cushion in Astoria Sunset fabric (Strip) needs to buy 3 club cushion upgrade Specifications Dimension To be updated Net Weight To be update",Replacement Parts,cat-replacement-parts,,,,,,,,,fixed,,,"{""Color"":"". For upgraded fabric, please purchase"",""Cushion"":""is in solid color. For upgraded fabric, please purchase Cush""}","[""Cushion"",""Deep Seat"",""Sahara""]",false,true,false,true,false,,0,0,true,2026-05-30 03:14:13.025641+00,2026-06-09 22:52:36.83+00,[],[],[],[],[],"[{""url"":""https://641bdd57-e650-4f10-a19f-628c07eb50b7-00-1e7i1aja8wnz9.worf.replit.dev/api/storage/objects/products/summerset/KTCUSH-K-Q23.jpg"",""alt_text"":""Cushion for Sahara Loveseat"",""is_primary"":true,""display_order"":0,""image_kind"":""gallery"",""variant_id"":null},{""url"":""https://641bdd57-e650-4f10-a19f-628c07eb50b7-00-1e7i1aja8wnz9.worf.replit.dev/api/storage/objects/products/summerset/KTCUSH-K-Q23_1.jpg"",""alt_text"":""Cushion for Sahara Loveseat"",""is_primary"":false,""display_order"":1,""image_kind"":""gallery"",""variant_id"":null}]",[]
Summerset,summerset,2723,KTCUSH-K-Q34,Cushion for Sahara Sofa,cushion-for-sahara-sofa-sm,"Description It's required to put fabric name in the product note * Please make sure to put fabric name in the customer Note field. ** This cushion is in solid color. For upgraded fabric, please purchase Cushion Upgrade item. Stripe Color = 1 x Upgrade Weave Color = 2 x Upgrade Print Color = 3 x Upgrade Loveseat = 2 x Club; Sofa = 3 x Club For example, a sofa cushion in Astoria Sunset fabric (Strip) needs to buy 3 club cushion upgrade Specifications Dimension To be updated Net Weight To be update

<p>Dimension To be updated Net Weight To be update</p>","Description It's required to put fabric name in the product note * Please make sure to put fabric name in the customer Note field. ** This cushion is in solid color. For upgraded fabric, please purchase Cushion Upgrade item. Stripe Color = 1 x Upgrade Weave Color = 2 x Upgrade Print Color = 3 x Upgrade Loveseat = 2 x Club; Sofa = 3 x Club For example, a sofa cushion in Astoria Sunset fabric (Strip) needs to buy 3 club cushion upgrade Specifications Dimension To be updated Net Weight To be update",Replacement Parts,cat-replacement-parts,,,,,,,,,fixed,,,"{""Color"":"". For upgraded fabric, please purchase"",""Cushion"":""is in solid color. For upgraded fabric, please purchase Cush""}","[""Cushion"",""Deep Seat"",""Sahara""]",false,true,false,true,false,,0,0,true,2026-05-30 03:14:12.780746+00,2026-06-09 22:52:37.418+00,[],[],[],[],[],"[{""url"":""https://641bdd57-e650-4f10-a19f-628c07eb50b7-00-1e7i1aja8wnz9.worf.replit.dev/api/storage/objects/products/summerset/KTCUSH-K-Q34.jpg"",""alt_text"":""Cushion for Sahara Sofa"",""is_primary"":true,""display_order"":0,""image_kind"":""gallery"",""variant_id"":null}]",[]
Summerset,summerset,2721,KTCUSH-L-P12,Cushion for Sahara Club Recliner,cushion-for-sahara-club-recliner-sm,"Description It's required to put fabric name in the product note * Please make sure to put fabric name in the customer Note field. ** This cushion is in solid color. For upgraded fabric, please purchase Cushion Upgrade item. Stripe Color = 1 x Upgrade Weave Color = 2 x Upgrade Print Color = 3 x Upgrade Specifications Dimension To be updated Net Weight To be updated Material Sunbrella or Tempotest Color Solid Warranty 5-year Additional Documents Sunbrella Cushion Cleaning Instruction Introducing

<ul>
  <li>Color: Solid</li>
  <li>Warranty: 5-year</li>
</ul>","Description It's required to put fabric name in the product note * Please make sure to put fabric name in the customer Note field. ** This cushion is in solid color. For upgraded fabric, please purchase Cushion Upgrade item. Stripe Color = 1 x Upgrade Weave Color = 2 x Upgrade Print Color = 3 x Upgrade Specifications Dimension To be updated Net Weight To be updated Material Sunbrella or Tempotest Color Solid Warranty 5-year Additional Documents Sunbrella Cushion Cleaning Instruction Introducing",Replacement Parts,cat-replacement-parts,,,,,,,,,fixed,,,"{""Color"":"". For upgraded fabric, please purchase"",""Cushion"":""is in solid color. For upgraded fabric, please purchase Cush""}","[""Cushion"",""Deep Seat"",""Sahara""]",false,true,false,true,false,,0,0,true,2026-05-30 03:14:12.057+00,2026-06-09 22:52:36.83+00,[],[],[],[],[],"[{""url"":""https://641bdd57-e650-4f10-a19f-628c07eb50b7-00-1e7i1aja8wnz9.worf.replit.dev/api/storage/objects/products/summerset/KTCUSH-L-P12.jpg"",""alt_text"":""Cushion for Sahara Club Recliner"",""is_primary"":true,""display_order"":0,""image_kind"":""gallery"",""variant_id"":null},{""url"":""https://641bdd57-e650-4f10-a19f-628c07eb50b7-00-1e7i1aja8wnz9.worf.replit.dev/api/storage/objects/products/summerset/KTCUSH-L-P12_1.jpg"",""alt_text"":""Cushion for Sahara Club Recliner"",""is_primary"":false,""display_order"":1,""image_kind"":""gallery"",""variant_id"":null}]",[]
Summerset,summerset,2722,KTCUSH-L12,Cushion for Sahara Club,cushion-for-sahara-club-sm,"Description It's required to put fabric name in the product note * Please make sure to put fabric name in the customer Note field. ** This cushion is in solid color. For upgraded fabric, please purchase Cushion Upgrade item. Stripe Color = 1 x Upgrade Weave Color = 2 x Upgrade Print Color = 3 x Upgrade Specifications Dimension To be updated Net Weight To be updated Material Sunbrella or Tempotest Color Solid Warranty 5-year Additional Documents Sunbrella Cushion Cleaning Instruction Introducing

<ul>
  <li>Color: Solid</li>
  <li>Warranty: 5-year</li>
</ul>","Description It's required to put fabric name in the product note * Please make sure to put fabric name in the customer Note field. ** This cushion is in solid color. For upgraded fabric, please purchase Cushion Upgrade item. Stripe Color = 1 x Upgrade Weave Color = 2 x Upgrade Print Color = 3 x Upgrade Specifications Dimension To be updated Net Weight To be updated Material Sunbrella or Tempotest Color Solid Warranty 5-year Additional Documents Sunbrella Cushion Cleaning Instruction Introducing",Replacement Parts,cat-replacement-parts,,,,,,,,,fixed,,,"{""Color"":"". For upgraded fabric, please purchase"",""Cushion"":""is in solid color. For upgraded fabric, please purchase Cush""}","[""Cushion"",""Deep Seat"",""Sahara""]",false,true,false,true,false,,0,0,true,2026-05-30 03:14:12.599313+00,2026-06-09 22:52:37.418+00,[],[],[],[],[],"[{""url"":""https://641bdd57-e650-4f10-a19f-628c07eb50b7-00-1e7i1aja8wnz9.worf.replit.dev/api/storage/objects/products/summerset/KTCUSH-L12.jpg"",""alt_text"":""Cushion for Sahara Club"",""is_primary"":true,""display_order"":0,""image_kind"":""gallery"",""variant_id"":null},{""url"":""https://641bdd57-e650-4f10-a19f-628c07eb50b7-00-1e7i1aja8wnz9.worf.replit.dev/api/storage/objects/products/summerset/KTCUSH-L12_1.jpg"",""alt_text"":""Cushion for Sahara Club"",""is_primary"":false,""display_order"":1,""image_kind"":""gallery"",""variant_id"":null},{""url"":""https://641bdd57-e650-4f10-a19f-628c07eb50b7-00-1e7i1aja8wnz9.worf.replit.dev/api/storage/objects/products/summerset/KTCUSH-L12_2.jpg"",""alt_text"":""Cushion for Sahara Club"",""is_primary"":false,""display_order"":2,""image_kind"":""gallery"",""variant_id"":null},{""url"":""https://641bdd57-e650-4f10-a19f-628c07eb50b7-00-1e7i1aja8wnz9.worf.replit.dev/api/storage/objects/products/summerset/KTCUSH-L12_3.jpg"",""alt_text"":""Cushion for Sahara Club"",""is_primary"":false,""display_order"":3,""image_kind"":""gallery"",""variant_id"":null}]",[]
Summerset,summerset,2720,KTCUSH-PA12,Cushion for Alexis Dining,cushion-for-alexis-dining-sm,"Description It's required to put fabric name in the product note. * Please make sure to put fabric name in the customer Note field. ** This cushion is in solid color. For upgraded fabric, please purchase Cushion Upgrade item. Stripe Color = 1 x Upgrade Weave Color = 2 x Upgrade Print Color = 3 x Upgrade Specifications Dimension To be updated Net Weight To be updated Material Sunbrella or Tempotest Color Solid Warranty 5-year Additional Documents Sunbrella Cushion Cleaning Instruction Introducing

<ul>
  <li>Color: Solid</li>
  <li>Warranty: 5-year</li>
</ul>","Description It's required to put fabric name in the product note. * Please make sure to put fabric name in the customer Note field. ** This cushion is in solid color. For upgraded fabric, please purchase Cushion Upgrade item. Stripe Color = 1 x Upgrade Weave Color = 2 x Upgrade Print Color = 3 x Upgrade Specifications Dimension To be updated Net Weight To be updated Material Sunbrella or Tempotest Color Solid Warranty 5-year Additional Documents Sunbrella Cushion Cleaning Instruction Introducing",Replacement Parts,cat-replacement-parts,,,,,,,,,fixed,,,"{""Color"":"". For upgraded fabric, please purchase"",""Cushion"":""is in solid color. For upgraded fabric, please purchase Cush""}","[""Alexis"",""Bar"",""Cushion"",""Dining""]",false,true,false,true,false,,0,0,true,2026-05-30 03:14:11.750172+00,2026-06-09 22:52:36.83+00,[],[],[],[],[],"[{""url"":""https://641bdd57-e650-4f10-a19f-628c07eb50b7-00-1e7i1aja8wnz9.worf.replit.dev/api/storage/objects/products/summerset/KTCUSH-PA12.jpg"",""alt_text"":""Cushion for Alexis Dining"",""is_primary"":true,""display_order"":0,""image_kind"":""gallery"",""variant_id"":null},{""url"":""https://641bdd57-e650-4f10-a19f-628c07eb50b7-00-1e7i1aja8wnz9.worf.replit.dev/api/storage/objects/products/summerset/KTCUSH-PA12_1.jpg"",""alt_text"":""Cushion for Alexis Dining"",""is_primary"":false,""display_order"":1,""image_kind"":""gallery"",""variant_id"":null}]",[]
Summerset,summerset,2719,KTCUSH-PC12,Cushion for Alexis Club Swivel Rocker High Back,cushion-for-alexis-club-swivel-rocker-high-back-sm,"Description It's required to put fabric name in the product note. * Please make sure to put fabric name in the customer Note field. ** This cushion is in solid color. For upgraded fabric, please purchase Cushion Upgrade item. Stripe Color = 1 x Upgrade Weave Color = 2 x Upgrade Print Color = 3 x Upgrade Loveseat = 2 x Club; Sofa = 3 x Club For example, a sofa cushion in Astoria Sunset fabric (Strip) needs to buy 3 club cushion + 3 club cushion upgrade Specifications Dimension To be updated Net W

<p>Dimension To be updated Net W</p>","Description It's required to put fabric name in the product note. * Please make sure to put fabric name in the customer Note field. ** This cushion is in solid color. For upgraded fabric, please purchase Cushion Upgrade item. Stripe Color = 1 x Upgrade Weave Color = 2 x Upgrade Print Color = 3 x Upgrade Loveseat = 2 x Club; Sofa = 3 x Club For example, a sofa cushion in Astoria Sunset fabric (Strip) needs to buy 3 club cushion + 3 club cushion upgrade Specifications Dimension To be updated Net W",Replacement Parts,cat-replacement-parts,,,,,,,,,fixed,,,"{""Color"":"". For upgraded fabric, please purchase"",""Cushion"":""is in solid color. For upgraded fabric, please purchase Cush""}","[""Alexis"",""Cushion"",""Deep Seat""]",false,true,false,true,false,,0,0,true,2026-05-30 03:14:11.450571+00,2026-06-09 22:52:36.83+00,[],[],[],[],[],"[{""url"":""https://641bdd57-e650-4f10-a19f-628c07eb50b7-00-1e7i1aja8wnz9.worf.replit.dev/api/storage/objects/products/summerset/KTCUSH-PC12.jpg"",""alt_text"":""Cushion for Alexis Club Swivel Rocker High Back"",""is_primary"":true,""display_order"":0,""image_kind"":""gallery"",""variant_id"":null}]",[]
Summerset,summerset,2718,KTCUSH-R12,Cushion for Ariana Club Recliner,cushion-for-ariana-club-recliner-sm,"Description It's required to put fabric name in the product note. * Please make sure to put fabric name in the customer Note field. ** This cushion is in solid color. For upgraded fabric, please purchase Cushion Upgrade item. Stripe Color = 1 x Upgrade Weave Color = 2 x Upgrade Print Color = 3 x Upgrade Loveseat = 2 x Club; Sofa = 3 x Club For example, a sofa cushion in Astoria Sunset fabric (Strip) needs to buy 3 club cushion + 3 club cushion upgrade Specifications Dimension To be updated Net W

<p>Dimension To be updated Net W</p>","Description It's required to put fabric name in the product note. * Please make sure to put fabric name in the customer Note field. ** This cushion is in solid color. For upgraded fabric, please purchase Cushion Upgrade item. Stripe Color = 1 x Upgrade Weave Color = 2 x Upgrade Print Color = 3 x Upgrade Loveseat = 2 x Club; Sofa = 3 x Club For example, a sofa cushion in Astoria Sunset fabric (Strip) needs to buy 3 club cushion + 3 club cushion upgrade Specifications Dimension To be updated Net W",Replacement Parts,cat-replacement-parts,,,,,,,,,fixed,,,"{""Color"":"". For upgraded fabric, please purchase"",""Cushion"":""is in solid color. For upgraded fabric, please purchase Cush""}","[""Ariana"",""Cushion"",""Deep Seat""]",false,true,false,true,false,,0,0,true,2026-05-30 03:14:11.244058+00,2026-06-09 22:52:36.83+00,[],[],[],[],[],"[{""url"":""https://641bdd57-e650-4f10-a19f-628c07eb50b7-00-1e7i1aja8wnz9.worf.replit.dev/api/storage/objects/products/summerset/KTCUSH-R12.jpg"",""alt_text"":""Cushion for Ariana Club Recliner"",""is_primary"":true,""display_order"":0,""image_kind"":""gallery"",""variant_id"":null},{""url"":""https://641bdd57-e650-4f10-a19f-628c07eb50b7-00-1e7i1aja8wnz9.worf.replit.dev/api/storage/objects/products/summerset/KTCUSH-R12_1.jpg"",""alt_text"":""Cushion for Ariana Club Recliner"",""is_primary"":false,""display_order"":1,""image_kind"":""gallery"",""variant_id"":null}]",[]
Summerset,summerset,2717,KTCUSH-U13,Cushion for Ariana Sectional Corner,cushion-for-ariana-sectional-corner-sm,"Description It's required to put fabric name in the product note. * Please make sure to put fabric name in the customer Note field. ** This cushion is in solid color. For upgraded fabric, please purchase Cushion Upgrade item. Stripe Color = 1 x Upgrade Weave Color = 2 x Upgrade Print Color = 3 x Upgrade Specifications Dimension To be updated Net Weight To be updated Material Sunbrella or Tempotest Color Solid Warranty 5-year Additional Documents Sunbrella Cushion Cleaning Instruction Introducing

<ul>
  <li>Color: Solid</li>
  <li>Warranty: 5-year</li>
</ul>","Description It's required to put fabric name in the product note. * Please make sure to put fabric name in the customer Note field. ** This cushion is in solid color. For upgraded fabric, please purchase Cushion Upgrade item. Stripe Color = 1 x Upgrade Weave Color = 2 x Upgrade Print Color = 3 x Upgrade Specifications Dimension To be updated Net Weight To be updated Material Sunbrella or Tempotest Color Solid Warranty 5-year Additional Documents Sunbrella Cushion Cleaning Instruction Introducing",Replacement Parts,cat-replacement-parts,,,,,,,,,fixed,,,"{""Color"":"". For upgraded fabric, please purchase"",""Cushion"":""is in solid color. For upgraded fabric, please purchase Cush""}","[""Ariana"",""Cushion"",""Sectional""]",false,true,false,true,false,,0,0,true,2026-05-30 03:14:10.935222+00,2026-06-09 22:52:37.418+00,[],[],[],[],[],"[{""url"":""https://641bdd57-e650-4f10-a19f-628c07eb50b7-00-1e7i1aja8wnz9.worf.replit.dev/api/storage/objects/products/summerset/KTCUSH-U13.jpg"",""alt_text"":""Cushion for Ariana Sectional Corner"",""is_primary"":true,""display_order"":0,""image_kind"":""gallery"",""variant_id"":null},{""url"":""https://641bdd57-e650-4f10-a19f-628c07eb50b7-00-1e7i1aja8wnz9.worf.replit.dev/api/storage/objects/products/summerset/KTCUSH-U13_1.jpg"",""alt_text"":""Cushion for Ariana Sectional Corner"",""is_primary"":false,""display_order"":1,""image_kind"":""gallery"",""variant_id"":null},{""url"":""https://641bdd57-e650-4f10-a19f-628c07eb50b7-00-1e7i1aja8wnz9.worf.replit.dev/api/storage/objects/products/summerset/KTCUSH-U13_2.jpg"",""alt_text"":""Cushion for Ariana Sectional Corner"",""is_primary"":false,""display_order"":2,""image_kind"":""gallery"",""variant_id"":null},{""url"":""https://641bdd57-e650-4f10-a19f-628c07eb50b7-00-1e7i1aja8wnz9.worf.replit.dev/api/storage/objects/products/summerset/KTCUSH-U13_3.jpg"",""alt_text"":""Cushion for Ariana Sectional Corner"",""is_primary"":false,""display_order"":3,""image_kind"":""gallery"",""variant_id"":null}]",[]
Summerset,summerset,2716,KTCUSH-YD14,Cushion for Aztec or Athena Curved Circular Sofa,cushion-for-aztec-or-athena-curved-circular-sofa-sm,"Description It's required to put fabric name in the product note. * Please make sure to put fabric name in the customer Note field. ** This cushion is in solid color. For upgraded fabric, please purchase Cushion Upgrade item. Stripe Color = 1 x Upgrade Weave Color = 2 x Upgrade Print Color = 3 x Upgrade Specifications Dimension To be updated Net Weight To be updated Material Sunbrella or Tempotest Color Solid Warranty 5-year Additional Documents Sunbrella Cushion Cleaning Instruction Introducing

<ul>
  <li>Color: Solid</li>
  <li>Warranty: 5-year</li>
</ul>","Description It's required to put fabric name in the product note. * Please make sure to put fabric name in the customer Note field. ** This cushion is in solid color. For upgraded fabric, please purchase Cushion Upgrade item. Stripe Color = 1 x Upgrade Weave Color = 2 x Upgrade Print Color = 3 x Upgrade Specifications Dimension To be updated Net Weight To be updated Material Sunbrella or Tempotest Color Solid Warranty 5-year Additional Documents Sunbrella Cushion Cleaning Instruction Introducing",Replacement Parts,cat-replacement-parts,,,,,,,,,fixed,,,"{""Color"":"". For upgraded fabric, please purchase"",""Cushion"":""is in solid color. For upgraded fabric, please purchase Cush""}","[""Athena Dark"",""Aztec"",""Aztec or Athena"",""Cushion"",""Deep Seat""]",false,true,false,true,false,,0,0,true,2026-05-30 03:14:10.445077+00,2026-06-09 22:52:37.418+00,[],[],[],[],[],"[{""url"":""https://641bdd57-e650-4f10-a19f-628c07eb50b7-00-1e7i1aja8wnz9.worf.replit.dev/api/storage/objects/products/summerset/KTCUSH-YD14.jpg"",""alt_text"":""Cushion for Aztec or Athena Curved Circular Sofa"",""is_primary"":true,""display_order"":0,""image_kind"":""gallery"",""variant_id"":null},{""url"":""https://641bdd57-e650-4f10-a19f-628c07eb50b7-00-1e7i1aja8wnz9.worf.replit.dev/api/storage/objects/products/summerset/KTCUSH-YD14_1.jpg"",""alt_text"":""Cushion for Aztec or Athena Curved Circular Sofa"",""is_primary"":false,""display_order"":1,""image_kind"":""gallery"",""variant_id"":null},{""url"":""https://641bdd57-e650-4f10-a19f-628c07eb50b7-00-1e7i1aja8wnz9.worf.replit.dev/api/storage/objects/products/summerset/KTCUSH-YD14_2.jpg"",""alt_text"":""Cushion for Aztec or Athena Curved Circular Sofa"",""is_primary"":false,""display_order"":2,""image_kind"":""gallery"",""variant_id"":null}]",[]
Summerset,summerset,2715,KTCUSH-Z12,Cushion for Aztec or Athena Club Chair,cushion-for-aztec-or-athena-club-chair-sm,"Description It's required to put fabric name in the product note. * Please make sure to put fabric name in the customer Note field. ** This cushion is in solid color. For upgraded fabric, please purchase Cushion Upgrade item. Stripe Color = 1 x Upgrade Weave Color = 2 x Upgrade Print Color = 3 x Upgrade Specifications Dimension To be updated Net Weight To be updated Material Sunbrella or Tempotest Color Solid Warranty 5-year Additional Documents Sunbrella Cushion Cleaning Instruction Introducing

<ul>
  <li>Color: Solid</li>
  <li>Warranty: 5-year</li>
</ul>","Description It's required to put fabric name in the product note. * Please make sure to put fabric name in the customer Note field. ** This cushion is in solid color. For upgraded fabric, please purchase Cushion Upgrade item. Stripe Color = 1 x Upgrade Weave Color = 2 x Upgrade Print Color = 3 x Upgrade Specifications Dimension To be updated Net Weight To be updated Material Sunbrella or Tempotest Color Solid Warranty 5-year Additional Documents Sunbrella Cushion Cleaning Instruction Introducing",Replacement Parts,cat-replacement-parts,,,,,,,,,fixed,,,"{""Color"":"". For upgraded fabric, please purchase"",""Cushion"":""is in solid color. For upgraded fabric, please purchase Cush""}","[""Athena Dark"",""Aztec"",""Aztec or Athena"",""Cushion"",""Deep Seat""]",false,true,false,true,false,,0,0,true,2026-05-30 03:14:10.094526+00,2026-06-09 22:52:36.83+00,[],[],[],[],[],"[{""url"":""https://641bdd57-e650-4f10-a19f-628c07eb50b7-00-1e7i1aja8wnz9.worf.replit.dev/api/storage/objects/products/summerset/KTCUSH-Z12.jpg"",""alt_text"":""Cushion for Aztec or Athena Club Chair"",""is_primary"":true,""display_order"":0,""image_kind"":""gallery"",""variant_id"":null},{""url"":""https://641bdd57-e650-4f10-a19f-628c07eb50b7-00-1e7i1aja8wnz9.worf.replit.dev/api/storage/objects/products/summerset/KTCUSH-Z12_1.jpg"",""alt_text"":""Cushion for Aztec or Athena Club Chair"",""is_primary"":false,""display_order"":1,""image_kind"":""gallery"",""variant_id"":null},{""url"":""https://641bdd57-e650-4f10-a19f-628c07eb50b7-00-1e7i1aja8wnz9.worf.replit.dev/api/storage/objects/products/summerset/KTCUSH-Z12_2.jpg"",""alt_text"":""Cushion for Aztec or Athena Club Chair"",""is_primary"":false,""display_order"":2,""image_kind"":""gallery"",""variant_id"":null}]",[]
Summerset,summerset,2714,KTCUSH-Z23,Cushion for Aztec or Athena Loveseat,cushion-for-aztec-or-athena-loveseat-sm,"Description It's required to put fabric name in the product note. * Please make sure to put fabric name in the customer Note field. ** This cushion is in solid color. For upgraded fabric, please purchase Cushion Upgrade item. Stripe Color = 1 x Upgrade Weave Color = 2 x Upgrade Print Color = 3 x Upgrade Loveseat = 2 x Club; Sofa = 3 x Club For example, a sofa cushion in Astoria Sunset fabric (Strip) needs to buy 3 club cushion upgrade Specifications Dimension To be updated Net Weight To be updat

<p>Dimension To be updated Net Weight To be updat</p>","Description It's required to put fabric name in the product note. * Please make sure to put fabric name in the customer Note field. ** This cushion is in solid color. For upgraded fabric, please purchase Cushion Upgrade item. Stripe Color = 1 x Upgrade Weave Color = 2 x Upgrade Print Color = 3 x Upgrade Loveseat = 2 x Club; Sofa = 3 x Club For example, a sofa cushion in Astoria Sunset fabric (Strip) needs to buy 3 club cushion upgrade Specifications Dimension To be updated Net Weight To be updat",Replacement Parts,cat-replacement-parts,,,,,,,,,fixed,,,"{""Color"":"". For upgraded fabric, please purchase"",""Cushion"":""is in solid color. For upgraded fabric, please purchase Cush""}","[""Athena Dark"",""Aztec"",""Aztec or Athena"",""Cushion"",""Deep Seat""]",false,true,false,true,false,,0,0,true,2026-05-30 03:14:09.715916+00,2026-06-09 22:52:36.83+00,[],[],[],[],[],"[{""url"":""https://641bdd57-e650-4f10-a19f-628c07eb50b7-00-1e7i1aja8wnz9.worf.replit.dev/api/storage/objects/products/summerset/KTCUSH-Z23.jpg"",""alt_text"":""Cushion for Aztec or Athena Loveseat"",""is_primary"":true,""display_order"":0,""image_kind"":""gallery"",""variant_id"":null},{""url"":""https://641bdd57-e650-4f10-a19f-628c07eb50b7-00-1e7i1aja8wnz9.worf.replit.dev/api/storage/objects/products/summerset/KTCUSH-Z23_1.jpg"",""alt_text"":""Cushion for Aztec or Athena Loveseat"",""is_primary"":false,""display_order"":1,""image_kind"":""gallery"",""variant_id"":null}]",[]
Summerset,summerset,2713,KTCUSH-Z34,Cushion for Aztec or Athena Sofa,cushion-for-aztec-or-athena-sofa-sm,"Description It's required to put fabric name in the product note. * Please make sure to put fabric name in the customer Note field. ** This cushion is in solid color. For upgraded fabric, please purchase Cushion Upgrade item. Stripe Color = 1 x Upgrade Weave Color = 2 x Upgrade Print Color = 3 x Upgrade Loveseat = 2 x Club; Sofa = 3 x Club For example, a sofa cushion in Astoria Sunset fabric (Strip) needs to buy 3 club cushion upgrade Specifications Dimension To be updated Net Weight To be updat

<p>Dimension To be updated Net Weight To be updat</p>","Description It's required to put fabric name in the product note. * Please make sure to put fabric name in the customer Note field. ** This cushion is in solid color. For upgraded fabric, please purchase Cushion Upgrade item. Stripe Color = 1 x Upgrade Weave Color = 2 x Upgrade Print Color = 3 x Upgrade Loveseat = 2 x Club; Sofa = 3 x Club For example, a sofa cushion in Astoria Sunset fabric (Strip) needs to buy 3 club cushion upgrade Specifications Dimension To be updated Net Weight To be updat",Replacement Parts,cat-replacement-parts,,,,,,,,,fixed,,,"{""Color"":"". For upgraded fabric, please purchase"",""Cushion"":""is in solid color. For upgraded fabric, please purchase Cush""}","[""Athena Dark"",""Aztec"",""Aztec or Athena"",""Cushion"",""Deep Seat""]",false,true,false,true,false,,0,0,true,2026-05-30 03:14:09.36914+00,2026-06-09 22:52:36.83+00,[],[],[],[],[],"[{""url"":""https://641bdd57-e650-4f10-a19f-628c07eb50b7-00-1e7i1aja8wnz9.worf.replit.dev/api/storage/objects/products/summerset/KTCUSH-Z34.jpg"",""alt_text"":""Cushion for Aztec or Athena Sofa"",""is_primary"":true,""display_order"":0,""image_kind"":""gallery"",""variant_id"":null}]",[]
Summerset,summerset,2712,KTCUSH-ZC13,Cushion for Aztec or Aztec Sectional Corner,cushion-for-aztec-or-aztec-sectional-corner-sm,"Description It's required to put fabric name in the product note. * Please make sure to put fabric name in the customer Note field. ** This cushion is in solid color. For upgraded fabric, please purchase Cushion Upgrade item. Stripe Color = 1 x Upgrade Weave Color = 2 x Upgrade Print Color = 3 x Upgrade Specifications Dimension To be updated Net Weight To be updated Material Sunbrella or Tempotest Color Solid Warranty 5-year Additional Documents Sunbrella Cushion Cleaning Instruction Introducing

<ul>
  <li>Color: Solid</li>
  <li>Warranty: 5-year</li>
</ul>","Description It's required to put fabric name in the product note. * Please make sure to put fabric name in the customer Note field. ** This cushion is in solid color. For upgraded fabric, please purchase Cushion Upgrade item. Stripe Color = 1 x Upgrade Weave Color = 2 x Upgrade Print Color = 3 x Upgrade Specifications Dimension To be updated Net Weight To be updated Material Sunbrella or Tempotest Color Solid Warranty 5-year Additional Documents Sunbrella Cushion Cleaning Instruction Introducing",Replacement Parts,cat-replacement-parts,,,,,,,,,fixed,,,"{""Color"":"". For upgraded fabric, please purchase"",""Cushion"":""is in solid color. For upgraded fabric, please purchase Cush""}","[""Athena Dark"",""Aztec"",""Aztec or Athena"",""Cushion"",""Sectional""]",false,true,false,true,false,,0,0,true,2026-05-30 03:14:09.163419+00,2026-06-09 22:52:36.83+00,[],[],[],[],[],"[{""url"":""https://641bdd57-e650-4f10-a19f-628c07eb50b7-00-1e7i1aja8wnz9.worf.replit.dev/api/storage/objects/products/summerset/KTCUSH-ZC13.jpg"",""alt_text"":""Cushion for Aztec or Aztec Sectional Corner"",""is_primary"":true,""display_order"":0,""image_kind"":""gallery"",""variant_id"":null},{""url"":""https://641bdd57-e650-4f10-a19f-628c07eb50b7-00-1e7i1aja8wnz9.worf.replit.dev/api/storage/objects/products/summerset/KTCUSH-ZC13_1.jpg"",""alt_text"":""Cushion for Aztec or Aztec Sectional Corner"",""is_primary"":false,""display_order"":1,""image_kind"":""gallery"",""variant_id"":null},{""url"":""https://641bdd57-e650-4f10-a19f-628c07eb50b7-00-1e7i1aja8wnz9.worf.replit.dev/api/storage/objects/products/summerset/KTCUSH-ZC13_2.jpg"",""alt_text"":""Cushion for Aztec or Aztec Sectional Corner"",""is_primary"":false,""display_order"":2,""image_kind"":""gallery"",""variant_id"":null},{""url"":""https://641bdd57-e650-4f10-a19f-628c07eb50b7-00-1e7i1aja8wnz9.worf.replit.dev/api/storage/objects/products/summerset/KTCUSH-ZC13_3.jpg"",""alt_text"":""Cushion for Aztec or Aztec Sectional Corner"",""is_primary"":false,""display_order"":3,""image_kind"":""gallery"",""variant_id"":null}]",[]
Summerset,summerset,2605,KTCUSH-ZD23,Cushion for Aztec or Athena Sectional Loveseat,cushion-for-aztec-or-athena-sectional-loveseat-sm,"Description It's required to put fabric name in the product note. * Please make sure to put fabric name in the customer Note field. ** This cushion is in solid color. For upgraded fabric, please purchase Cushion Upgrade item. Stripe Color = 1 x Upgrade Weave Color = 2 x Upgrade Print Color = 3 x Upgrade Loveseat = 2 x Club; Sofa = 3 x Club For example, a sofa cushion in Astoria Sunset fabric (Strip) needs to buy 3 club cushion upgrade Specifications Dimension To be updated Net Weight To be updat

<p>Dimension To be updated Net Weight To be updat</p>","Description It's required to put fabric name in the product note. * Please make sure to put fabric name in the customer Note field. ** This cushion is in solid color. For upgraded fabric, please purchase Cushion Upgrade item. Stripe Color = 1 x Upgrade Weave Color = 2 x Upgrade Print Color = 3 x Upgrade Loveseat = 2 x Club; Sofa = 3 x Club For example, a sofa cushion in Astoria Sunset fabric (Strip) needs to buy 3 club cushion upgrade Specifications Dimension To be updated Net Weight To be updat",Replacement Parts,cat-replacement-parts,,,,,,,,,fixed,,,"{""Color"":"". For upgraded fabric, please purchase"",""Cushion"":""is in solid color. For upgraded fabric, please purchase Cush""}","[""Athena Dark"",""Aztec"",""Aztec or Athena"",""Cushion"",""Deep Seat""]",false,true,false,true,false,,0,0,true,2026-05-30 03:13:27.05214+00,2026-06-09 22:52:37.418+00,[],[],[],[],[],"[{""url"":""https://641bdd57-e650-4f10-a19f-628c07eb50b7-00-1e7i1aja8wnz9.worf.replit.dev/api/storage/objects/products/summerset/KTCUSH-ZD23.jpg"",""alt_text"":""Cushion for Aztec or Athena Sectional Loveseat"",""is_primary"":true,""display_order"":0,""image_kind"":""gallery"",""variant_id"":null},{""url"":""https://641bdd57-e650-4f10-a19f-628c07eb50b7-00-1e7i1aja8wnz9.worf.replit.dev/api/storage/objects/products/summerset/KTCUSH-ZD23_1.jpg"",""alt_text"":""Cushion for Aztec or Athena Sectional Loveseat"",""is_primary"":false,""display_order"":1,""image_kind"":""gallery"",""variant_id"":null}]",[]
Summerset,summerset,2623,KTFPCHATD52,"52"" Round Athena Dark Chat Firepit Table (Burner Included)",52-round-athena-dark-chat-firepit-table-burner-included-sm,"Description 52"" Round Athena Dark Chat Firepit Table (Burner Included) Dimensions & Weight Product Dimension Dia52""x25H"" Shipping Dimension 53""x11""x53"" Net Weight lbs Gross Weight lbs QTY/CTN 1 Specifications Color DG Frame Type Wicker Knock-Down Warranty Frames: 10 years; California's Proposition 65 Warning For California Residents Additional Documents ??

<ul>
  <li>Color: DG</li>
  <li>Frame Type: Wicker Knock-Down</li>
  <li>Warranty: Frames: 10 years;</li>
</ul>","Description 52"" Round Athena Dark Chat Firepit Table (Burner Included) Dimensions & Weight Product Dimension Dia52""x25H"" Shipping Dimension 53""x11""x53"" Net Weight lbs Gross Weight lbs QTY/CTN 1 Specifications Color DG Frame Type Wicker Knock-Down Warranty Frames: 10 years; California's Proposition 65 Warning For California Residents Additional Documents ??",Fire Tables,cat-fire-tables,Wicker,wicker,,,,,,,fixed,,"Dia52""x25H""","{""Color"":""DG"",""Frame Type"":""Wicker Knock-Down"",""Qty/Carton"":""1"",""Shipping Dimension"":""53\""x11\""x53\""""}","[""Athena Dark"",""Fire Table"",""Stocking""]",false,true,false,true,false,,0,0,true,2026-05-30 03:13:32.88331+00,2026-06-09 22:52:37.666+00,[],[],[],[],[],"[{""url"":""https://641bdd57-e650-4f10-a19f-628c07eb50b7-00-1e7i1aja8wnz9.worf.replit.dev/api/storage/objects/products/summerset/KTFPCHATD52.jpg"",""alt_text"":""52\"" Round Athena Dark Chat Firepit Table (Burner Included)"",""is_primary"":true,""display_order"":0,""image_kind"":""gallery"",""variant_id"":null}]",[]
Summerset,summerset,2619,KTFPCHDRW52,"52"" Round Chat Wrap Firepit Table Designer (Burner Included)",52-round-chat-wrap-firepit-table-designer-burner-included-sm,"Description 52"" ROUND CHAT WRAP FIREPIT TABLE DESIGNER (BURNER INCLUDED) Dimensions & Weight Product Dimension 24.5""x52""x52"" Shipping Dimension 0 Net Weight lbs Gross Weight lbs QTY/CTN 1 Specifications Color MA Frame Type Cast Aluminum Knock-Down Matching Cover TR52; Warranty Frames: 10 years; California's Proposition 65 Warning For California Residents Additional Documents ??

<ul>
  <li>Color: MA</li>
  <li>Frame Type: Cast Aluminum Knock-Down</li>
  <li>Matching Cover: TR52;</li>
  <li>Warranty: Frames: 10 years;</li>
</ul>","Description 52"" ROUND CHAT WRAP FIREPIT TABLE DESIGNER (BURNER INCLUDED) Dimensions & Weight Product Dimension 24.5""x52""x52"" Shipping Dimension 0 Net Weight lbs Gross Weight lbs QTY/CTN 1 Specifications Color MA Frame Type Cast Aluminum Knock-Down Matching Cover TR52; Warranty Frames: 10 years; California's Proposition 65 Warning For California Residents Additional Documents ??",Fire Tables,cat-fire-tables,Aluminum,aluminum,,,,,,,fixed,,"24.5""x52""x52""","{""Color"":""MA"",""Frame Type"":""Cast Aluminum Knock-Down"",""Qty/Carton"":""1"",""Shipping Dimension"":""0""}","[""Designer"",""Fire Table"",""Stocking""]",false,true,false,true,false,,0,0,true,2026-05-30 03:13:30.890942+00,2026-06-09 22:52:37.666+00,[],[],[],[],[],"[{""url"":""https://641bdd57-e650-4f10-a19f-628c07eb50b7-00-1e7i1aja8wnz9.worf.replit.dev/api/storage/objects/products/summerset/KTFPCHDRW52.jpg"",""alt_text"":""52\"" Round Chat Wrap Firepit Table Designer (Burner Included)"",""is_primary"":true,""display_order"":0,""image_kind"":""gallery"",""variant_id"":null}]",[]
Summerset,summerset,2800,KTFPCHSQ44,"44"" Square Chat Wrap Firepit Table Signature (Burner Included)",44-square-chat-wrap-firepit-table-signature-burner-included-sm,"Description 44"" SQUARE CHAT WRAP FIREPIT TABLE SIGNATURE (BURNER INCLUDED) Dimensions & Weight Product Dimension 29.1''x44.1''x44.1'' Shipping Dimension 46'' x6'' x46'' Net Weight 66 lbs Gross Weight 77 lbs QTY/CTN 1 Specifications Color MA Frame Type Cast Aluminum Knock-Down Matching Cover T44; Warranty Frames: 10 years; California's Proposition 65 Warning For California Residents Additional Documents ??

<ul>
  <li>Color: MA</li>
  <li>Frame Type: Cast Aluminum Knock-Down</li>
  <li>Matching Cover: T44;</li>
  <li>Warranty: Frames: 10 years;</li>
</ul>","Description 44"" SQUARE CHAT WRAP FIREPIT TABLE SIGNATURE (BURNER INCLUDED) Dimensions & Weight Product Dimension 29.1''x44.1''x44.1'' Shipping Dimension 46'' x6'' x46'' Net Weight 66 lbs Gross Weight 77 lbs QTY/CTN 1 Specifications Color MA Frame Type Cast Aluminum Knock-Down Matching Cover T44; Warranty Frames: 10 years; California's Proposition 65 Warning For California Residents Additional Documents ??",Fire Tables,cat-fire-tables,Aluminum,aluminum,,,,,,,fixed,,29.1''x44.1''x44.1'',"{""Color"":""MA"",""Frame Type"":""Cast Aluminum Knock-Down"",""Net Weight"":""66 lbs"",""Qty/Carton"":""1"",""Gross Weight"":""77 lbs"",""Shipping Dimension"":""46''""}","[""Fire Table"",""Signature"",""Stocking""]",false,true,false,true,false,,0,0,true,2026-05-30 03:14:42.911408+00,2026-06-09 22:52:37.666+00,[],[],[],[],[],"[{""url"":""https://641bdd57-e650-4f10-a19f-628c07eb50b7-00-1e7i1aja8wnz9.worf.replit.dev/api/storage/objects/products/summerset/KTFPCHSQ44.jpg"",""alt_text"":""44\"" Square Chat Wrap Firepit Table Signature (Burner Included)"",""is_primary"":true,""display_order"":0,""image_kind"":""gallery"",""variant_id"":null},{""url"":""https://641bdd57-e650-4f10-a19f-628c07eb50b7-00-1e7i1aja8wnz9.worf.replit.dev/api/storage/objects/products/summerset/KTFPCHSQ44_1.jpg"",""alt_text"":""44\"" Square Chat Wrap Firepit Table Signature (Burner Included)"",""is_primary"":false,""display_order"":1,""image_kind"":""gallery"",""variant_id"":null},{""url"":""https://641bdd57-e650-4f10-a19f-628c07eb50b7-00-1e7i1aja8wnz9.worf.replit.dev/api/storage/objects/products/summerset/KTFPCHSQ44_2.jpg"",""alt_text"":""44\"" Square Chat Wrap Firepit Table Signature (Burner Included)"",""is_primary"":false,""display_order"":2,""image_kind"":""gallery"",""variant_id"":null},{""url"":""https://641bdd57-e650-4f10-a19f-628c07eb50b7-00-1e7i1aja8wnz9.worf.replit.dev/api/storage/objects/products/summerset/KTFPCHSQ44_3.jpg"",""alt_text"":""44\"" Square Chat Wrap Firepit Table Signature (Burner Included)"",""is_primary"":false,""display_order"":3,""image_kind"":""gallery"",""variant_id"":null}]",[]
Summerset,summerset,2622,KTFPCHTT52,"52"" Round Aztec Chat Firepit Table (Burner Included)",52-round-aztec-chat-firepit-table-burner-included-sm,"Description 52"" ROUND AZTEC CHAT FIRETABLE (BURNER INCLUDED) Dimensions & Weight Product Dimension 24.5""x52""x52"" Shipping Dimension 0 Net Weight lbs Gross Weight lbs QTY/CTN 1 Specifications Color Black Frame; Chocolate Rosewood Wicker Frame Type Cast Aluminum Knock-Down Matching Cover TR52; Warranty Frames: 10 years; California's Proposition 65 Warning For California Residents Additional Documents ??

<ul>
  <li>Color: Black Frame; Chocolate Rosewood Wicker</li>
  <li>Frame Type: Cast Aluminum Knock-Down</li>
  <li>Matching Cover: TR52;</li>
  <li>Warranty: Frames: 10 years;</li>
</ul>","Description 52"" ROUND AZTEC CHAT FIRETABLE (BURNER INCLUDED) Dimensions & Weight Product Dimension 24.5""x52""x52"" Shipping Dimension 0 Net Weight lbs Gross Weight lbs QTY/CTN 1 Specifications Color Black Frame; Chocolate Rosewood Wicker Frame Type Cast Aluminum Knock-Down Matching Cover TR52; Warranty Frames: 10 years; California's Proposition 65 Warning For California Residents Additional Documents ??",Fire Tables,cat-fire-tables,Wicker,wicker,,,,,,,fixed,,"24.5""x52""x52""","{""Color"":""Black Frame; Chocolate Rosewood Wicker"",""Frame Type"":""Cast Aluminum Knock-Down"",""Qty/Carton"":""1"",""Shipping Dimension"":""0""}","[""Fire Table"",""Stocking""]",false,true,false,true,false,,0,0,true,2026-05-30 03:13:32.665013+00,2026-06-09 22:52:37.666+00,[],[],[],[],[],"[{""url"":""https://641bdd57-e650-4f10-a19f-628c07eb50b7-00-1e7i1aja8wnz9.worf.replit.dev/api/storage/objects/products/summerset/KTFPCHTT52.jpg"",""alt_text"":""52\"" Round Aztec Chat Firepit Table (Burner Included)"",""is_primary"":true,""display_order"":0,""image_kind"":""gallery"",""variant_id"":null},{""url"":""https://641bdd57-e650-4f10-a19f-628c07eb50b7-00-1e7i1aja8wnz9.worf.replit.dev/api/storage/objects/products/summerset/KTFPCHTT52_1.jpg"",""alt_text"":""52\"" Round Aztec Chat Firepit Table (Burner Included)"",""is_primary"":false,""display_order"":1,""image_kind"":""gallery"",""variant_id"":null},{""url"":""https://641bdd57-e650-4f10-a19f-628c07eb50b7-00-1e7i1aja8wnz9.worf.replit.dev/api/storage/objects/products/summerset/KTFPCHTT52_2.jpg"",""alt_text"":""52\"" Round Aztec Chat Firepit Table (Burner Included)"",""is_primary"":false,""display_order"":2,""image_kind"":""gallery"",""variant_id"":null},{""url"":""https://641bdd57-e650-4f10-a19f-628c07eb50b7-00-1e7i1aja8wnz9.worf.replit.dev/api/storage/objects/products/summerset/KTFPCHTT52_3.jpg"",""alt_text"":""52\"" Round Aztec Chat Firepit Table (Burner Included)"",""is_primary"":false,""display_order"":3,""image_kind"":""gallery"",""variant_id"":null}]",[]
Summerset,summerset,2783,KTFPCHW52,"52"" Round Chat Wrap Firepit Table Signature (Burner Included)",52-round-chat-wrap-firepit-table-signature-burner-included-sm,"Description 52"" ROUND CHAT WRAP FIREPIT TABLE SIGNATURE (BURNER INCLUDED) Dimensions & Weight Product Dimension 24.5""x52""x52"" Shipping Dimension 53'' x6'' x53'' Net Weight 66 lbs Gross Weight 77 lbs QTY/CTN 1 Specifications Color MA Frame Type Cast Aluminum Knock-Down Matching Cover TR52; Warranty Frames: 10 years; California's Proposition 65 Warning For California Residents Additional Documents

<ul>
  <li>Color: MA</li>
  <li>Frame Type: Cast Aluminum Knock-Down</li>
  <li>Matching Cover: TR52;</li>
  <li>Warranty: Frames: 10 years;</li>
</ul>","Description 52"" ROUND CHAT WRAP FIREPIT TABLE SIGNATURE (BURNER INCLUDED) Dimensions & Weight Product Dimension 24.5""x52""x52"" Shipping Dimension 53'' x6'' x53'' Net Weight 66 lbs Gross Weight 77 lbs QTY/CTN 1 Specifications Color MA Frame Type Cast Aluminum Knock-Down Matching Cover TR52; Warranty Frames: 10 years; California's Proposition 65 Warning For California Residents Additional Documents",Fire Tables,cat-fire-tables,Aluminum,aluminum,,,,,,,fixed,,"24.5""x52""x52""","{""Color"":""MA"",""Frame Type"":""Cast Aluminum Knock-Down"",""Net Weight"":""66 lbs"",""Qty/Carton"":""1"",""Gross Weight"":""77 lbs"",""Shipping Dimension"":""53''""}","[""Fire Table"",""Stocking""]",false,true,false,true,false,,0,0,true,2026-05-30 03:14:30.39392+00,2026-06-09 22:52:37.666+00,[],[],[],[],[],"[{""url"":""https://641bdd57-e650-4f10-a19f-628c07eb50b7-00-1e7i1aja8wnz9.worf.replit.dev/api/storage/objects/products/summerset/KTFPCHW52.jpg"",""alt_text"":""52\"" Round Chat Wrap Firepit Table Signature (Burner Included)"",""is_primary"":true,""display_order"":0,""image_kind"":""gallery"",""variant_id"":null},{""url"":""https://641bdd57-e650-4f10-a19f-628c07eb50b7-00-1e7i1aja8wnz9.worf.replit.dev/api/storage/objects/products/summerset/KTFPCHW52_1.jpg"",""alt_text"":""52\"" Round Chat Wrap Firepit Table Signature (Burner Included)"",""is_primary"":false,""display_order"":1,""image_kind"":""gallery"",""variant_id"":null},{""url"":""https://641bdd57-e650-4f10-a19f-628c07eb50b7-00-1e7i1aja8wnz9.worf.replit.dev/api/storage/objects/products/summerset/KTFPCHW52_2.jpg"",""alt_text"":""52\"" Round Chat Wrap Firepit Table Signature (Burner Included)"",""is_primary"":false,""display_order"":2,""image_kind"":""gallery"",""variant_id"":null}]",[]
Summerset,summerset,2621,KTFPCHWV48,"48"" Round Chat Firepit Table Weave (Burner Included)",48-round-chat-firepit-table-weave-burner-included-sm,"Description 48"" ROUND CHAT FIREPIT TABLE WEAVE (BURNER INCLUDED) Dimensions & Weight Product Dimension 24.5""x48""x48"" Shipping Dimension 0 Net Weight lbs Gross Weight lbs QTY/CTN 1 Specifications Color MA Frame Type Cast Aluminum Knock-Down Matching Cover M930; Cover table top only Warranty Frames: 10 years; California's Proposition 65 Warning For California Residents Additional Documents ??

<ul>
  <li>Color: MA</li>
  <li>Frame Type: Cast Aluminum Knock-Down</li>
  <li>Matching Cover: M930; Cover table top only</li>
  <li>Warranty: Frames: 10 years;</li>
</ul>","Description 48"" ROUND CHAT FIREPIT TABLE WEAVE (BURNER INCLUDED) Dimensions & Weight Product Dimension 24.5""x48""x48"" Shipping Dimension 0 Net Weight lbs Gross Weight lbs QTY/CTN 1 Specifications Color MA Frame Type Cast Aluminum Knock-Down Matching Cover M930; Cover table top only Warranty Frames: 10 years; California's Proposition 65 Warning For California Residents Additional Documents ??",Fire Tables,cat-fire-tables,Aluminum,aluminum,,,,,,,fixed,,"24.5""x48""x48""","{""Color"":""MA"",""Frame Type"":""Cast Aluminum Knock-Down"",""Qty/Carton"":""1"",""Shipping Dimension"":""0""}","[""Ecom"",""Fire Table"",""Stocking"",""Weave""]",false,true,false,true,false,,0,0,true,2026-05-30 03:13:31.804362+00,2026-06-09 22:52:37.666+00,[],[],[],[],[],"[{""url"":""https://641bdd57-e650-4f10-a19f-628c07eb50b7-00-1e7i1aja8wnz9.worf.replit.dev/api/storage/objects/products/summerset/KTFPCHWV48.jpg"",""alt_text"":""48\"" Round Chat Firepit Table Weave (Burner Included)"",""is_primary"":true,""display_order"":0,""image_kind"":""gallery"",""variant_id"":null}]",[]
Summerset,summerset,2620,KTFPRDT8444,"84"" x 44"" Rectangle Dining Wrap Firepit Table With 2 Burners Signature (Burner Included)",84-x-44-rectangle-dining-wrap-firepit-table-with-2-burners-signature-burner-included-sm,"Description 84"" X 44"" RECTANGLE DINING WRAP FIREPIT TABLE WITH 2 BURNERS SIGNATURE (BURNER INCLUDED) Dimensions & Weight Product Dimension 28""x84""x44"" Shipping Dimension 46'' x6'' x85'' Net Weight 127.6 lbs Gross Weight 141.9 lbs QTY/CTN 1 Specifications Color MA Frame Type Cast Aluminum Knock-Down Matching Cover T12078; Cover with chairs Warranty Frames: 10 years; California's Proposition 65 Warning For California Residents Additional Documents ??

<ul>
  <li>Color: MA</li>
  <li>Frame Type: Cast Aluminum Knock-Down</li>
  <li>Matching Cover: T12078; Cover with chairs</li>
  <li>Warranty: Frames: 10 years;</li>
</ul>","Description 84"" X 44"" RECTANGLE DINING WRAP FIREPIT TABLE WITH 2 BURNERS SIGNATURE (BURNER INCLUDED) Dimensions & Weight Product Dimension 28""x84""x44"" Shipping Dimension 46'' x6'' x85'' Net Weight 127.6 lbs Gross Weight 141.9 lbs QTY/CTN 1 Specifications Color MA Frame Type Cast Aluminum Knock-Down Matching Cover T12078; Cover with chairs Warranty Frames: 10 years; California's Proposition 65 Warning For California Residents Additional Documents ??",Fire Tables,cat-fire-tables,Aluminum,aluminum,,,,,,,fixed,,"28""x84""x44""","{""Color"":""MA"",""Frame Type"":""Cast Aluminum Knock-Down"",""Net Weight"":""127.6 lbs"",""Qty/Carton"":""1"",""Gross Weight"":""141.9 lbs"",""Shipping Dimension"":""46''""}","[""Fire Table"",""Signature"",""Stocking""]",false,true,false,true,false,,0,0,true,2026-05-30 03:13:31.617+00,2026-06-09 22:52:37.666+00,[],[],[],[],[],"[{""url"":""https://641bdd57-e650-4f10-a19f-628c07eb50b7-00-1e7i1aja8wnz9.worf.replit.dev/api/storage/objects/products/summerset/KTFPRDT8444.jpg"",""alt_text"":""84\"" x 44\"" Rectangle Dining Wrap Firepit Table With 2 Burners Signature (Burner Included)"",""is_primary"":true,""display_order"":0,""image_kind"":""gallery"",""variant_id"":null},{""url"":""https://641bdd57-e650-4f10-a19f-628c07eb50b7-00-1e7i1aja8wnz9.worf.replit.dev/api/storage/objects/products/summerset/KTFPRDT8444_1.jpg"",""alt_text"":""84\"" x 44\"" Rectangle Dining Wrap Firepit Table With 2 Burners Signature (Burner Included)"",""is_primary"":false,""display_order"":1,""image_kind"":""gallery"",""variant_id"":null},{""url"":""https://641bdd57-e650-4f10-a19f-628c07eb50b7-00-1e7i1aja8wnz9.worf.replit.dev/api/storage/objects/products/summerset/KTFPRDT8444_2.jpg"",""alt_text"":""84\"" x 44\"" Rectangle Dining Wrap Firepit Table With 2 Burners Signature (Burner Included)"",""is_primary"":false,""display_order"":2,""image_kind"":""gallery"",""variant_id"":null}]",[]
Summerset,summerset,2645,KTJLDS7,JoLee Dining 7PC Set,jolee-dining-7pc-set-sm,,,Dining,cat-dining,,,,,,,,,fixed,,,,"[""Set""]",false,true,false,true,false,,0,0,true,2026-05-30 03:13:37.909803+00,2026-06-09 22:52:37.617+00,[],[],[],[],[],"[{""url"":""https://641bdd57-e650-4f10-a19f-628c07eb50b7-00-1e7i1aja8wnz9.worf.replit.dev/api/storage/objects/products/summerset/KTJLDS7.jpg"",""alt_text"":""JoLee Dining 7PC Set"",""is_primary"":true,""display_order"":0,""image_kind"":""gallery"",""variant_id"":null}]",[]
Summerset,summerset,2644,KTJLDS9,JoLee Dining 9PC Set,jolee-dining-9pc-set-sm,,,Dining,cat-dining,,,,,,,,,fixed,,,,"[""Set""]",false,true,false,true,false,,0,0,true,2026-05-30 03:13:37.600598+00,2026-06-09 22:52:37.617+00,[],[],[],[],[],"[{""url"":""https://641bdd57-e650-4f10-a19f-628c07eb50b7-00-1e7i1aja8wnz9.worf.replit.dev/api/storage/objects/products/summerset/KTJLDS9.jpg"",""alt_text"":""JoLee Dining 9PC Set"",""is_primary"":true,""display_order"":0,""image_kind"":""gallery"",""variant_id"":null}]",[]
Summerset,summerset,2643,KTJLSS5,JoLee Sofa 5PC Set,jolee-sofa-5pc-set-sm,,,Deep Seating,cat-deep-seating,,,,,,,,,fixed,,,,"[""Set""]",false,true,false,true,false,,0,0,true,2026-05-30 03:13:37.439501+00,2026-06-09 22:52:37.631+00,[],[],[],[],[],"[{""url"":""https://641bdd57-e650-4f10-a19f-628c07eb50b7-00-1e7i1aja8wnz9.worf.replit.dev/api/storage/objects/products/summerset/KTJLSS5.jpg"",""alt_text"":""JoLee Sofa 5PC Set"",""is_primary"":true,""display_order"":0,""image_kind"":""gallery"",""variant_id"":null}]",[]
Summerset,summerset,2642,KTJLWDS7,JoLee White Dining 7PC Set,jolee-white-dining-7pc-set-sm,,,Dining,cat-dining,,,,,,,,,fixed,,,,"[""Set""]",false,true,false,true,false,,0,0,true,2026-05-30 03:13:37.26199+00,2026-06-09 22:52:37.617+00,[],[],[],[],[],"[{""url"":""https://641bdd57-e650-4f10-a19f-628c07eb50b7-00-1e7i1aja8wnz9.worf.replit.dev/api/storage/objects/products/summerset/KTJLWDS7.jpg"",""alt_text"":""JoLee White Dining 7PC Set"",""is_primary"":true,""display_order"":0,""image_kind"":""gallery"",""variant_id"":null}]",[]
Summerset,summerset,2641,KTJLWDS9,JoLee White Dining 9PC Set,jolee-white-dining-9pc-set-sm,,,Dining,cat-dining,,,,,,,,,fixed,,,,"[""Set""]",false,true,false,true,false,,0,0,true,2026-05-30 03:13:37.083457+00,2026-06-09 22:52:37.617+00,[],[],[],[],[],"[{""url"":""https://641bdd57-e650-4f10-a19f-628c07eb50b7-00-1e7i1aja8wnz9.worf.replit.dev/api/storage/objects/products/summerset/KTJLWDS9.jpg"",""alt_text"":""JoLee White Dining 9PC Set"",""is_primary"":true,""display_order"":0,""image_kind"":""gallery"",""variant_id"":null}]",[]
Summerset,summerset,2640,KTJLWSS5,JoLee White Sofa 5PC Set,jolee-white-sofa-5pc-set-sm,,,Deep Seating,cat-deep-seating,,,,,,,,,fixed,,,,"[""Set""]",false,true,false,true,false,,0,0,true,2026-05-30 03:13:36.899325+00,2026-06-09 22:52:37.631+00,[],[],[],[],[],"[{""url"":""https://641bdd57-e650-4f10-a19f-628c07eb50b7-00-1e7i1aja8wnz9.worf.replit.dev/api/storage/objects/products/summerset/KTJLWSS5.jpg"",""alt_text"":""JoLee White Sofa 5PC Set"",""is_primary"":true,""display_order"":0,""image_kind"":""gallery"",""variant_id"":null}]",[]
Summerset,summerset,2624,KTMBDS7,Mirabella Dinging 7PC Set,mirabella-dinging-7pc-set-sm,,,Dining,cat-dining,,,,,,,,,fixed,,,,"[""Set""]",false,true,false,true,false,,0,0,true,2026-05-30 03:13:33.053077+00,2026-06-09 22:52:37.617+00,[],[],[],[],[],"[{""url"":""https://641bdd57-e650-4f10-a19f-628c07eb50b7-00-1e7i1aja8wnz9.worf.replit.dev/api/storage/objects/products/summerset/KTMBDS7.jpg"",""alt_text"":""Mirabella Dinging 7PC Set"",""is_primary"":true,""display_order"":0,""image_kind"":""gallery"",""variant_id"":null}]",[]
Summerset,summerset,2625,KTMBSFT5,Mirabella Sofa 5PC Fire Table Set,mirabella-sofa-5pc-fire-table-set-sm,,,Fire Tables,cat-fire-tables,,,,,,,,,fixed,,,,"[""Set""]",false,true,false,true,false,,0,0,true,2026-05-30 03:13:33.232335+00,2026-06-09 22:52:37.666+00,[],[],[],[],[],"[{""url"":""https://641bdd57-e650-4f10-a19f-628c07eb50b7-00-1e7i1aja8wnz9.worf.replit.dev/api/storage/objects/products/summerset/KTMBSFT5.jpg"",""alt_text"":""Mirabella Sofa 5PC Fire Table Set"",""is_primary"":true,""display_order"":0,""image_kind"":""gallery"",""variant_id"":null}]",[]
Summerset,summerset,2626,KTMBSS5,Mirabella Sofa 5PC Set,mirabella-sofa-5pc-set-sm,,,Deep Seating,cat-deep-seating,,,,,,,,,fixed,,,,"[""Set""]",false,true,false,true,false,,0,0,true,2026-05-30 03:13:33.999289+00,2026-06-09 22:52:37.631+00,[],[],[],[],[],"[{""url"":""https://641bdd57-e650-4f10-a19f-628c07eb50b7-00-1e7i1aja8wnz9.worf.replit.dev/api/storage/objects/products/summerset/KTMBSS5.jpg"",""alt_text"":""Mirabella Sofa 5PC Set"",""is_primary"":true,""display_order"":0,""image_kind"":""gallery"",""variant_id"":null},{""url"":""https://641bdd57-e650-4f10-a19f-628c07eb50b7-00-1e7i1aja8wnz9.worf.replit.dev/api/storage/objects/products/summerset/KTMBSS5_1.jpg"",""alt_text"":""Mirabella Sofa 5PC Set"",""is_primary"":false,""display_order"":1,""image_kind"":""gallery"",""variant_id"":null},{""url"":""https://641bdd57-e650-4f10-a19f-628c07eb50b7-00-1e7i1aja8wnz9.worf.replit.dev/api/storage/objects/products/summerset/KTMBSS5_2.jpg"",""alt_text"":""Mirabella Sofa 5PC Set"",""is_primary"":false,""display_order"":2,""image_kind"":""gallery"",""variant_id"":null},{""url"":""https://641bdd57-e650-4f10-a19f-628c07eb50b7-00-1e7i1aja8wnz9.worf.replit.dev/api/storage/objects/products/summerset/KTMBSS5_3.jpg"",""alt_text"":""Mirabella Sofa 5PC Set"",""is_primary"":false,""display_order"":3,""image_kind"":""gallery"",""variant_id"":null}]",[]
Summerset,summerset,2680,KTSAABS2,2PC Laced Armless Barstool (Container Order Only),2pc-laced-armless-barstool-container-order-only-sm,"Description This product is for Container Direct order only. Please check our Container Direct Order Guidelines for ordering instruction. However, if this product is Not showing ""out of stock"", it means we still have some leftover quantity in our California warehouse. In which case, you can order up to the available quantity shown. In addition, these leftover items are discounted 20% to their regular prices. Dimensions & Weight Product Dimension 37.2''x27.6''x22.8'' Arm Height Seat Height 16"" Sh","Description This product is for Container Direct order only. Please check our Container Direct Order Guidelines for ordering instruction. However, if this product is Not showing ""out of stock"", it means we still have some leftover quantity in our California warehouse. In which case, you can order up to the available quantity shown. In addition, these leftover items are discounted 20% to their regular prices. Dimensions & Weight Product Dimension 37.2''x27.6''x22.8'' Arm Height Seat Height 16"" Sh",Bar,cat-bar,,,,,,,,,fixed,,37.2''x27.6''x22.8'',"{""Color"":""Black"",""Cushion"":""Purchase Separately"",""Frame Type"":""Cast Aluminum Knock-Down"",""Net Weight"":""22 lbs"",""Qty/Carton"":""1"",""Gross Weight"":""27.5 lbs"",""Shipping Dimension"":""27''""}","[""Ecom""]",false,true,false,true,false,,0,0,true,2026-05-30 03:13:53.368208+00,2026-06-09 22:52:37.515+00,[],[],[],[],[],"[{""url"":""https://641bdd57-e650-4f10-a19f-628c07eb50b7-00-1e7i1aja8wnz9.worf.replit.dev/api/storage/objects/products/summerset/KTSAABS2.jpg"",""alt_text"":""2PC Laced Armless Barstool (Container Order Only)"",""is_primary"":true,""display_order"":0,""image_kind"":""gallery"",""variant_id"":null},{""url"":""https://641bdd57-e650-4f10-a19f-628c07eb50b7-00-1e7i1aja8wnz9.worf.replit.dev/api/storage/objects/products/summerset/KTSAABS2_1.jpg"",""alt_text"":""2PC Laced Armless Barstool (Container Order Only)"",""is_primary"":false,""display_order"":1,""image_kind"":""gallery"",""variant_id"":null},{""url"":""https://641bdd57-e650-4f10-a19f-628c07eb50b7-00-1e7i1aja8wnz9.worf.replit.dev/api/storage/objects/products/summerset/KTSAABS2_2.jpg"",""alt_text"":""2PC Laced Armless Barstool (Container Order Only)"",""is_primary"":false,""display_order"":2,""image_kind"":""gallery"",""variant_id"":null}]",[]
Summerset,summerset,2678,KTSAACB2,2PC Laced Armless Counter Barstool (Container Order Only),2pc-laced-armless-counter-barstool-container-order-only-sm,"Description This product is for Container Direct order only. Please check our Container Direct Order Guidelines for ordering instruction. However, if this product is Not showing ""out of stock"", it means we still have some leftover quantity in our California warehouse. In which case, you can order up to the available quantity shown. In addition, these leftover items are discounted 20% to their regular prices. Dimensions & Weight Product Dimension 37.2''x27.6''x22.8'' Arm Height Seat Height 16"" Sh","Description This product is for Container Direct order only. Please check our Container Direct Order Guidelines for ordering instruction. However, if this product is Not showing ""out of stock"", it means we still have some leftover quantity in our California warehouse. In which case, you can order up to the available quantity shown. In addition, these leftover items are discounted 20% to their regular prices. Dimensions & Weight Product Dimension 37.2''x27.6''x22.8'' Arm Height Seat Height 16"" Sh",Bar,cat-bar,,,,,,,,,fixed,,37.2''x27.6''x22.8'',"{""Color"":""Black"",""Cushion"":""Purchase Separately"",""Frame Type"":""Cast Aluminum Knock-Down"",""Net Weight"":""22 lbs"",""Qty/Carton"":""1"",""Gross Weight"":""27.5 lbs"",""Shipping Dimension"":""27''""}","[""Ecom""]",false,true,false,true,false,,0,0,true,2026-05-30 03:13:52.076641+00,2026-06-09 22:52:37.515+00,[],[],[],[],[],"[{""url"":""https://641bdd57-e650-4f10-a19f-628c07eb50b7-00-1e7i1aja8wnz9.worf.replit.dev/api/storage/objects/products/summerset/KTSAACB2.jpg"",""alt_text"":""2PC Laced Armless Counter Barstool (Container Order Only)"",""is_primary"":true,""display_order"":0,""image_kind"":""gallery"",""variant_id"":null},{""url"":""https://641bdd57-e650-4f10-a19f-628c07eb50b7-00-1e7i1aja8wnz9.worf.replit.dev/api/storage/objects/products/summerset/KTSAACB2_1.jpg"",""alt_text"":""2PC Laced Armless Counter Barstool (Container Order Only)"",""is_primary"":false,""display_order"":1,""image_kind"":""gallery"",""variant_id"":null},{""url"":""https://641bdd57-e650-4f10-a19f-628c07eb50b7-00-1e7i1aja8wnz9.worf.replit.dev/api/storage/objects/products/summerset/KTSAACB2_2.jpg"",""alt_text"":""2PC Laced Armless Counter Barstool (Container Order Only)"",""is_primary"":false,""display_order"":2,""image_kind"":""gallery"",""variant_id"":null}]",[]
Summerset,summerset,2681,KTSABS2,2PC Laced Barstool,2pc-laced-barstool-sm,"Description LACED""BARSTOOK""- 2PK Dimensions & Weight Product Dimension 37.2''x27.6''x22.8'' Arm Height Seat Height 16"" Shipping Dimension 27'' x6'' x37'' Net Weight 22 lbs Gross Weight 27.5 lbs QTY/CTN 1 Specifications Color Black Frame Type Cast Aluminum Knock-Down Cushion Purchase Separately Matching Cover C11; Warranty Frames: 10 years; Cushion 5 years California's Proposition 65 Warning For California Residents Additional Documents

<ul>
  <li>Color: Black</li>
  <li>Frame Type: Cast Aluminum Knock-Down</li>
  <li>Matching Cover: C11;</li>
  <li>Warranty: Frames: 10 years; Cushion 5 years</li>
</ul>","Description LACED""BARSTOOK""- 2PK Dimensions & Weight Product Dimension 37.2''x27.6''x22.8'' Arm Height Seat Height 16"" Shipping Dimension 27'' x6'' x37'' Net Weight 22 lbs Gross Weight 27.5 lbs QTY/CTN 1 Specifications Color Black Frame Type Cast Aluminum Knock-Down Cushion Purchase Separately Matching Cover C11; Warranty Frames: 10 years; Cushion 5 years California's Proposition 65 Warning For California Residents Additional Documents",Bar,cat-bar,Aluminum,aluminum,,,,,,,fixed,,37.2''x27.6''x22.8'',"{""Color"":""Black"",""Cushion"":""Purchase Separately"",""Frame Type"":""Cast Aluminum Knock-Down"",""Net Weight"":""22 lbs"",""Qty/Carton"":""1"",""Gross Weight"":""27.5 lbs"",""Shipping Dimension"":""27''""}","[""Ecom""]",false,true,false,true,false,,0,0,true,2026-05-30 03:13:54.139514+00,2026-06-09 22:52:37.515+00,[],[],[],[],[],"[{""url"":""https://641bdd57-e650-4f10-a19f-628c07eb50b7-00-1e7i1aja8wnz9.worf.replit.dev/api/storage/objects/products/summerset/KTSABS2.jpg"",""alt_text"":""2PC Laced Barstool"",""is_primary"":true,""display_order"":0,""image_kind"":""gallery"",""variant_id"":null},{""url"":""https://641bdd57-e650-4f10-a19f-628c07eb50b7-00-1e7i1aja8wnz9.worf.replit.dev/api/storage/objects/products/summerset/KTSABS2_1.jpg"",""alt_text"":""2PC Laced Barstool"",""is_primary"":false,""display_order"":1,""image_kind"":""gallery"",""variant_id"":null},{""url"":""https://641bdd57-e650-4f10-a19f-628c07eb50b7-00-1e7i1aja8wnz9.worf.replit.dev/api/storage/objects/products/summerset/KTSABS2_2.jpg"",""alt_text"":""2PC Laced Barstool"",""is_primary"":false,""display_order"":2,""image_kind"":""gallery"",""variant_id"":null},{""url"":""https://641bdd57-e650-4f10-a19f-628c07eb50b7-00-1e7i1aja8wnz9.worf.replit.dev/api/storage/objects/products/summerset/KTSABS2_3.jpg"",""alt_text"":""2PC Laced Barstool"",""is_primary"":false,""display_order"":3,""image_kind"":""gallery"",""variant_id"":null}]",[]
Summerset,summerset,2679,KTSACB2,2PC Laced Counter Barstool,2pc-laced-counter-barstool-sm,"Description LACED COUNTER BARSTOOL - 2PK Dimensions & Weight Product Dimension 37.2''x27.6''x22.8'' Arm Height Seat Height 16"" Shipping Dimension 27'' x6'' x37'' Net Weight 22 lbs Gross Weight 27.5 lbs QTY/CTN 1 Specifications Color Black Frame Type Cast Aluminum Knock-Down Cushion Purchase Separately Matching Cover C11; Warranty Frames: 10 years; Cushion 5 years California's Proposition 65 Warning For California Residents Additional Documents

<ul>
  <li>Color: Black</li>
  <li>Frame Type: Cast Aluminum Knock-Down</li>
  <li>Matching Cover: C11;</li>
  <li>Warranty: Frames: 10 years; Cushion 5 years</li>
</ul>","Description LACED COUNTER BARSTOOL - 2PK Dimensions & Weight Product Dimension 37.2''x27.6''x22.8'' Arm Height Seat Height 16"" Shipping Dimension 27'' x6'' x37'' Net Weight 22 lbs Gross Weight 27.5 lbs QTY/CTN 1 Specifications Color Black Frame Type Cast Aluminum Knock-Down Cushion Purchase Separately Matching Cover C11; Warranty Frames: 10 years; Cushion 5 years California's Proposition 65 Warning For California Residents Additional Documents",Bar,cat-bar,Aluminum,aluminum,,,,,,,fixed,,37.2''x27.6''x22.8'',"{""Color"":""Black"",""Cushion"":""Purchase Separately"",""Frame Type"":""Cast Aluminum Knock-Down"",""Net Weight"":""22 lbs"",""Qty/Carton"":""1"",""Gross Weight"":""27.5 lbs"",""Shipping Dimension"":""27''""}","[""Ecom""]",false,true,false,true,false,,0,0,true,2026-05-30 03:13:52.83006+00,2026-06-09 22:52:37.515+00,[],[],[],[],[],"[{""url"":""https://641bdd57-e650-4f10-a19f-628c07eb50b7-00-1e7i1aja8wnz9.worf.replit.dev/api/storage/objects/products/summerset/KTSACB2.jpg"",""alt_text"":""2PC Laced Counter Barstool"",""is_primary"":true,""display_order"":0,""image_kind"":""gallery"",""variant_id"":null},{""url"":""https://641bdd57-e650-4f10-a19f-628c07eb50b7-00-1e7i1aja8wnz9.worf.replit.dev/api/storage/objects/products/summerset/KTSACB2_1.jpg"",""alt_text"":""2PC Laced Counter Barstool"",""is_primary"":false,""display_order"":1,""image_kind"":""gallery"",""variant_id"":null},{""url"":""https://641bdd57-e650-4f10-a19f-628c07eb50b7-00-1e7i1aja8wnz9.worf.replit.dev/api/storage/objects/products/summerset/KTSACB2_2.jpg"",""alt_text"":""2PC Laced Counter Barstool"",""is_primary"":false,""display_order"":2,""image_kind"":""gallery"",""variant_id"":null},{""url"":""https://641bdd57-e650-4f10-a19f-628c07eb50b7-00-1e7i1aja8wnz9.worf.replit.dev/api/storage/objects/products/summerset/KTSACB2_3.jpg"",""alt_text"":""2PC Laced Counter Barstool"",""is_primary"":false,""display_order"":3,""image_kind"":""gallery"",""variant_id"":null}]",[]
Summerset,summerset,2666,KTSADC4+RDTWV48,"5PC Laced Dining Set with 48"" Round Table, 4 Chairs",5pc-laced-dining-set-with-48-round-table-4-chairs-sm,"Description 4 x LACED DINING CHAIRS + 48"" ROUND WEAVE DINING TABLE Dimensions & Weight Product Dimension Arm Height Seat Height Shipping Dimension Net Weight Gross Weight QTY/CTN Specifications Color Black Frame Type Cast Aluminum Knock-down Cushion Purchase Separately Matching Cover C11; Warranty Frames: 10 years; Cushion 5 years California's Proposition 65 Warning For California Residents Additional Documents

<ul>
  <li>Color: Black</li>
  <li>Frame Type: Cast Aluminum Knock-down</li>
  <li>Matching Cover: C11;</li>
  <li>Warranty: Frames: 10 years; Cushion 5 years</li>
</ul>","Description 4 x LACED DINING CHAIRS + 48"" ROUND WEAVE DINING TABLE Dimensions & Weight Product Dimension Arm Height Seat Height Shipping Dimension Net Weight Gross Weight QTY/CTN Specifications Color Black Frame Type Cast Aluminum Knock-down Cushion Purchase Separately Matching Cover C11; Warranty Frames: 10 years; Cushion 5 years California's Proposition 65 Warning For California Residents Additional Documents",Dining,cat-dining,Aluminum,aluminum,,,,,,,fixed,,Arm,"{""Color"":""Black"",""Cushion"":""Purchase Separately"",""Frame Type"":""Cast Aluminum Knock-down"",""Shipping Dimension"":""Net""}","[""Ecom""]",false,true,false,true,false,,0,0,true,2026-05-30 03:13:47.109831+00,2026-06-09 22:52:37.617+00,[],[],[],[],[],"[{""url"":""https://641bdd57-e650-4f10-a19f-628c07eb50b7-00-1e7i1aja8wnz9.worf.replit.dev/api/storage/objects/products/summerset/KTSADC4+RDTWV48.jpg"",""alt_text"":""5PC Laced Dining Set with 48\"" Round Table, 4 Chairs"",""is_primary"":true,""display_order"":0,""image_kind"":""gallery"",""variant_id"":null}]",[]
Summerset,summerset,2665,KTSADC4+SASR2+RCDTWV8646,"7PC Laced Dining Set with 86""x46"" Table, 4 Chairs and 2 Swivel Rockers",7pc-laced-dining-set-with-86-x46-table-4-chairs-and-2-swivel-rockers-sm,"Description 4 x LACED DINING CHAIRS + 2 x LACED SWIVEL ROCKERS + 86""x46"" RECTANGLE WEAVE DINING TABLE Dimensions & Weight Product Dimension Arm Height Seat Height Shipping Dimension Net Weight Gross Weight QTY/CTN Specifications Color Black Frame Type Cast Aluminum Knock-down Cushion Purchase Separately Matching Cover C11; Warranty Frames: 10 years; Cushion 5 years California's Proposition 65 Warning For California Residents Additional Documents

<ul>
  <li>Color: Black</li>
  <li>Frame Type: Cast Aluminum Knock-down</li>
  <li>Matching Cover: C11;</li>
  <li>Warranty: Frames: 10 years; Cushion 5 years</li>
</ul>","Description 4 x LACED DINING CHAIRS + 2 x LACED SWIVEL ROCKERS + 86""x46"" RECTANGLE WEAVE DINING TABLE Dimensions & Weight Product Dimension Arm Height Seat Height Shipping Dimension Net Weight Gross Weight QTY/CTN Specifications Color Black Frame Type Cast Aluminum Knock-down Cushion Purchase Separately Matching Cover C11; Warranty Frames: 10 years; Cushion 5 years California's Proposition 65 Warning For California Residents Additional Documents",Dining,cat-dining,Aluminum,aluminum,,,,,,,fixed,,Arm,"{""Color"":""Black"",""Cushion"":""Purchase Separately"",""Frame Type"":""Cast Aluminum Knock-down"",""Shipping Dimension"":""Net""}","[""Ecom""]",false,true,false,true,false,,0,0,true,2026-05-30 03:13:46.874132+00,2026-06-09 22:52:37.617+00,[],[],[],[],[],"[{""url"":""https://641bdd57-e650-4f10-a19f-628c07eb50b7-00-1e7i1aja8wnz9.worf.replit.dev/api/storage/objects/products/summerset/KTSADC4+SASR2+RCDTWV8646.jpg"",""alt_text"":""7PC Laced Dining Set with 86\""x46\"" Table, 4 Chairs and 2 Swivel Rockers"",""is_primary"":true,""display_order"":0,""image_kind"":""gallery"",""variant_id"":null}]",[]
Summerset,summerset,2651,KTSADS5,Sahara Dining 5PC Set,sahara-dining-5pc-set-sm,,,Dining,cat-dining,,,,,,,,,fixed,,,,"[""Set""]",false,true,false,true,false,,0,0,true,2026-05-30 03:13:38.942212+00,2026-06-09 22:52:37.617+00,[],[],[],[],[],"[{""url"":""https://641bdd57-e650-4f10-a19f-628c07eb50b7-00-1e7i1aja8wnz9.worf.replit.dev/api/storage/objects/products/summerset/KTSADS5.jpg"",""alt_text"":""Sahara Dining 5PC Set"",""is_primary"":true,""display_order"":0,""image_kind"":""gallery"",""variant_id"":null}]",[]
Summerset,summerset,2652,KTSADS5_NC,Sahara Dining 5PC Set - No Cushion,sahara-dining-5pc-set-no-cushion-sm,,,Replacement Parts,cat-replacement-parts,,,,,,,,,fixed,,,,"[""Set""]",false,true,false,true,false,,0,0,true,2026-05-30 03:13:39.11277+00,2026-06-09 22:52:36.83+00,[],[],[],[],[],"[{""url"":""https://641bdd57-e650-4f10-a19f-628c07eb50b7-00-1e7i1aja8wnz9.worf.replit.dev/api/storage/objects/products/summerset/KTSADS5_NC.jpg"",""alt_text"":""Sahara Dining 5PC Set - No Cushion"",""is_primary"":true,""display_order"":0,""image_kind"":""gallery"",""variant_id"":null}]",[]
Summerset,summerset,2649,KTSADS7,Sahara Dining 7PC Set,sahara-dining-7pc-set-sm,,,Dining,cat-dining,,,,,,,,,fixed,,,,"[""Set""]",false,true,false,true,false,,0,0,true,2026-05-30 03:13:38.611612+00,2026-06-09 22:52:37.617+00,[],[],[],[],[],"[{""url"":""https://641bdd57-e650-4f10-a19f-628c07eb50b7-00-1e7i1aja8wnz9.worf.replit.dev/api/storage/objects/products/summerset/KTSADS7.jpg"",""alt_text"":""Sahara Dining 7PC Set"",""is_primary"":true,""display_order"":0,""image_kind"":""gallery"",""variant_id"":null}]",[]
Summerset,summerset,2650,KTSADS7_NC,Sahara Dining 7PC Set - No Cushion,sahara-dining-7pc-set-no-cushion-sm,,,Replacement Parts,cat-replacement-parts,,,,,,,,,fixed,,,,"[""Set""]",false,true,false,true,false,,0,0,true,2026-05-30 03:13:38.773531+00,2026-06-09 22:52:36.83+00,[],[],[],[],[],"[{""url"":""https://641bdd57-e650-4f10-a19f-628c07eb50b7-00-1e7i1aja8wnz9.worf.replit.dev/api/storage/objects/products/summerset/KTSADS7_NC.jpg"",""alt_text"":""Sahara Dining 7PC Set - No Cushion"",""is_primary"":true,""display_order"":0,""image_kind"":""gallery"",""variant_id"":null}]",[]
Summerset,summerset,2647,KTSADS9EX,Sahara Dining 9PC Extension Set,sahara-dining-9pc-extension-set-sm,,,Dining,cat-dining,,,,,,,,,fixed,,,,"[""Set""]",false,true,false,true,false,,0,0,true,2026-05-30 03:13:38.261128+00,2026-06-09 22:52:37.617+00,[],[],[],[],[],"[{""url"":""https://641bdd57-e650-4f10-a19f-628c07eb50b7-00-1e7i1aja8wnz9.worf.replit.dev/api/storage/objects/products/summerset/KTSADS9EX.jpg"",""alt_text"":""Sahara Dining 9PC Extension Set"",""is_primary"":true,""display_order"":0,""image_kind"":""gallery"",""variant_id"":null}]",[]
Summerset,summerset,2648,KTSADS9EX_NC,Sahara Dining 9PC Extension Set - No Cushion,sahara-dining-9pc-extension-set-no-cushion-sm,,,Replacement Parts,cat-replacement-parts,,,,,,,,,fixed,,,,"[""Set""]",false,true,false,true,false,,0,0,true,2026-05-30 03:13:38.429969+00,2026-06-09 22:52:36.83+00,[],[],[],[],[],"[{""url"":""https://641bdd57-e650-4f10-a19f-628c07eb50b7-00-1e7i1aja8wnz9.worf.replit.dev/api/storage/objects/products/summerset/KTSADS9EX_NC.jpg"",""alt_text"":""Sahara Dining 9PC Extension Set - No Cushion"",""is_primary"":true,""display_order"":0,""image_kind"":""gallery"",""variant_id"":null}]",[]
Summerset,summerset,2682,KTSASR2,2PC Laced Swivel Rocker,2pc-laced-swivel-rocker-sm,"Description LACED SWIVEL ROCKER - 2PK Dimensions & Weight Product Dimension 37.2''x27.6''x22.8'' Arm Height Seat Height 16"" Shipping Dimension 27'' x6'' x37'' Net Weight 22 lbs Gross Weight 27.5 lbs QTY/CTN 1 Specifications Color Black Frame Type Cast Aluminum Knock-Down Cushion Purchase Separately Matching Cover C11; Warranty Frames: 10 years; Cushion 5 years California's Proposition 65 Warning For California Residents Additional Documents

<ul>
  <li>Color: Black</li>
  <li>Frame Type: Cast Aluminum Knock-Down</li>
  <li>Matching Cover: C11;</li>
  <li>Warranty: Frames: 10 years; Cushion 5 years</li>
</ul>","Description LACED SWIVEL ROCKER - 2PK Dimensions & Weight Product Dimension 37.2''x27.6''x22.8'' Arm Height Seat Height 16"" Shipping Dimension 27'' x6'' x37'' Net Weight 22 lbs Gross Weight 27.5 lbs QTY/CTN 1 Specifications Color Black Frame Type Cast Aluminum Knock-Down Cushion Purchase Separately Matching Cover C11; Warranty Frames: 10 years; Cushion 5 years California's Proposition 65 Warning For California Residents Additional Documents",Deep Seating,cat-deep-seating,Aluminum,aluminum,,,,,,,fixed,,37.2''x27.6''x22.8'',"{""Color"":""Black"",""Cushion"":""Purchase Separately"",""Frame Type"":""Cast Aluminum Knock-Down"",""Net Weight"":""22 lbs"",""Qty/Carton"":""1"",""Gross Weight"":""27.5 lbs"",""Shipping Dimension"":""27''""}","[""Ecom""]",false,true,false,true,false,,0,0,true,2026-05-30 03:13:54.674387+00,2026-06-09 22:52:37.631+00,[],[],[],[],[],"[{""url"":""https://641bdd57-e650-4f10-a19f-628c07eb50b7-00-1e7i1aja8wnz9.worf.replit.dev/api/storage/objects/products/summerset/KTSASR2.jpg"",""alt_text"":""2PC Laced Swivel Rocker"",""is_primary"":true,""display_order"":0,""image_kind"":""gallery"",""variant_id"":null},{""url"":""https://641bdd57-e650-4f10-a19f-628c07eb50b7-00-1e7i1aja8wnz9.worf.replit.dev/api/storage/objects/products/summerset/KTSASR2_1.jpg"",""alt_text"":""2PC Laced Swivel Rocker"",""is_primary"":false,""display_order"":1,""image_kind"":""gallery"",""variant_id"":null},{""url"":""https://641bdd57-e650-4f10-a19f-628c07eb50b7-00-1e7i1aja8wnz9.worf.replit.dev/api/storage/objects/products/summerset/KTSASR2_2.jpg"",""alt_text"":""2PC Laced Swivel Rocker"",""is_primary"":false,""display_order"":2,""image_kind"":""gallery"",""variant_id"":null}]",[]
Summerset,summerset,2646,KTSASS5,Sahara Sofa 5PC Set,sahara-sofa-5pc-set-sm,"Factory Direct order only, with Minimum Order Quanity of 10 sets.","Factory Direct order only, with Minimum Order Quanity of 10 sets.",Deep Seating,cat-deep-seating,,,,,,,,,fixed,,,,"[""Set""]",false,true,false,true,false,,0,0,true,2026-05-30 03:13:38.086529+00,2026-06-09 22:52:37.631+00,[],[],[],[],[],"[{""url"":""https://641bdd57-e650-4f10-a19f-628c07eb50b7-00-1e7i1aja8wnz9.worf.replit.dev/api/storage/objects/products/summerset/KTSASS5.jpg"",""alt_text"":""Sahara Sofa 5PC Set"",""is_primary"":true,""display_order"":0,""image_kind"":""gallery"",""variant_id"":null}]",[]
Summerset,summerset,2686,KTTRBS2,Sling Barstool (Set of 2),sling-barstool-set-of-2-sm,"Description TRINITY DINING SWIVEL ROCKER Dimensions & Weight Product Dimension 42.5""W x 31.5""D x 26.4""H Shipping Dimension 27""W x 32""D x 38""H N.W 51 lbs G.W 63 lbs QTY/CTN 2 Specifications Materials Cast Aluminum Color Sand Frame Type Fully Welded Weight Capacity 350 lbs Cushion None Warranty 10 years California's Proposition 65 Warning For California Residents Additional Documents Assembly Instruction, Cushion Care Instruction

<ul>
  <li>Color: Sand</li>
  <li>Frame Type: Fully Welded Weight Capacity 350 lbs Cushion None</li>
  <li>Warranty: 10 years</li>
</ul>","Description TRINITY DINING SWIVEL ROCKER Dimensions & Weight Product Dimension 42.5""W x 31.5""D x 26.4""H Shipping Dimension 27""W x 32""D x 38""H N.W 51 lbs G.W 63 lbs QTY/CTN 2 Specifications Materials Cast Aluminum Color Sand Frame Type Fully Welded Weight Capacity 350 lbs Cushion None Warranty 10 years California's Proposition 65 Warning For California Residents Additional Documents Assembly Instruction, Cushion Care Instruction",Bar,cat-bar,Aluminum,aluminum,,,,,,,fixed,,"42.5""W","{""Color"":""Sand"",""Cushion"":""None"",""Frame Type"":""Fully Welded Weight Capacity 350 lbs"",""Qty/Carton"":""2"",""Shipping Dimension"":""27\""W""}","[""Ecom""]",false,true,false,true,false,,0,0,true,2026-05-30 03:13:57.968872+00,2026-06-09 22:52:37.515+00,[],[],[],[],[],"[{""url"":""https://641bdd57-e650-4f10-a19f-628c07eb50b7-00-1e7i1aja8wnz9.worf.replit.dev/api/storage/objects/products/summerset/KTTRBS2.jpg"",""alt_text"":""Sling Barstool (Set of 2)"",""is_primary"":true,""display_order"":0,""image_kind"":""gallery"",""variant_id"":null},{""url"":""https://641bdd57-e650-4f10-a19f-628c07eb50b7-00-1e7i1aja8wnz9.worf.replit.dev/api/storage/objects/products/summerset/KTTRBS2_1.jpg"",""alt_text"":""Sling Barstool (Set of 2)"",""is_primary"":false,""display_order"":1,""image_kind"":""gallery"",""variant_id"":null},{""url"":""https://641bdd57-e650-4f10-a19f-628c07eb50b7-00-1e7i1aja8wnz9.worf.replit.dev/api/storage/objects/products/summerset/KTTRBS2_2.jpg"",""alt_text"":""Sling Barstool (Set of 2)"",""is_primary"":false,""display_order"":2,""image_kind"":""gallery"",""variant_id"":null},{""url"":""https://641bdd57-e650-4f10-a19f-628c07eb50b7-00-1e7i1aja8wnz9.worf.replit.dev/api/storage/objects/products/summerset/KTTRBS2_3.jpg"",""alt_text"":""Sling Barstool (Set of 2)"",""is_primary"":false,""display_order"":3,""image_kind"":""gallery"",""variant_id"":null}]",[]
Summerset,summerset,2828,KTTRCB2,Trinity Counter Barstool (Set of 2),trinity-counter-barstool-set-of-2-sm,"Description TRINITY COUNTER BARSTOOL- 2PK Dimensions & Weight Product Dimension 47.5""W x 32""D x 26.5""H Shipping Dimension 27""W x 33""D x 46""H N.W 55 lbs G.W 73 lbs QTY/CTN 2 Specifications Materials Cast Aluminum Color Sand Frame Type Fully Welded Weight Capacity 350 lbs Cushion None Warranty 10 years California's Proposition 65 Warning For California Residents Additional Documents Assembly Instruction, Cushion Care Instruction

<ul>
  <li>Color: Sand</li>
  <li>Frame Type: Fully Welded Weight Capacity 350 lbs Cushion None</li>
  <li>Warranty: 10 years</li>
</ul>","Description TRINITY COUNTER BARSTOOL- 2PK Dimensions & Weight Product Dimension 47.5""W x 32""D x 26.5""H Shipping Dimension 27""W x 33""D x 46""H N.W 55 lbs G.W 73 lbs QTY/CTN 2 Specifications Materials Cast Aluminum Color Sand Frame Type Fully Welded Weight Capacity 350 lbs Cushion None Warranty 10 years California's Proposition 65 Warning For California Residents Additional Documents Assembly Instruction, Cushion Care Instruction",Bar,cat-bar,Aluminum,aluminum,,,,,,,fixed,,"47.5""W","{""Color"":""Sand"",""Cushion"":""None"",""Frame Type"":""Fully Welded Weight Capacity 350 lbs"",""Qty/Carton"":""2"",""Shipping Dimension"":""27\""W""}","[""Ecom""]",false,true,false,true,false,,0,0,true,2026-05-30 03:14:59.69614+00,2026-06-09 22:52:37.515+00,[],[],[],[],[],"[{""url"":""https://641bdd57-e650-4f10-a19f-628c07eb50b7-00-1e7i1aja8wnz9.worf.replit.dev/api/storage/objects/products/summerset/KTTRCB2.jpg"",""alt_text"":""Trinity Counter Barstool (Set of 2)"",""is_primary"":true,""display_order"":0,""image_kind"":""gallery"",""variant_id"":null},{""url"":""https://641bdd57-e650-4f10-a19f-628c07eb50b7-00-1e7i1aja8wnz9.worf.replit.dev/api/storage/objects/products/summerset/KTTRCB2_1.jpg"",""alt_text"":""Trinity Counter Barstool (Set of 2)"",""is_primary"":false,""display_order"":1,""image_kind"":""gallery"",""variant_id"":null},{""url"":""https://641bdd57-e650-4f10-a19f-628c07eb50b7-00-1e7i1aja8wnz9.worf.replit.dev/api/storage/objects/products/summerset/KTTRCB2_2.jpg"",""alt_text"":""Trinity Counter Barstool (Set of 2)"",""is_primary"":false,""display_order"":2,""image_kind"":""gallery"",""variant_id"":null}]",[]
Summerset,summerset,2685,KTTRCL2,Sling Chaise Lounger (Set of 2),sling-chaise-lounger-set-of-2-sm,"Description SLING CHAISE LOUNGE - 2PK Dimensions & Weight Product Dimension 42.5""W x 31.5""D x 26.4""H Shipping Dimension 27""W x 32""D x 38""H N.W 51 lbs G.W 63 lbs QTY/CTN 2 Specifications Materials Cast Aluminum Color Sand Frame Type Fully Welded Weight Capacity 350 lbs Cushion None Warranty 10 years California's Proposition 65 Warning For California Residents Additional Documents Assembly Instruction, Cushion Care Instruction

<ul>
  <li>Color: Sand</li>
  <li>Frame Type: Fully Welded Weight Capacity 350 lbs Cushion None</li>
  <li>Warranty: 10 years</li>
</ul>","Description SLING CHAISE LOUNGE - 2PK Dimensions & Weight Product Dimension 42.5""W x 31.5""D x 26.4""H Shipping Dimension 27""W x 32""D x 38""H N.W 51 lbs G.W 63 lbs QTY/CTN 2 Specifications Materials Cast Aluminum Color Sand Frame Type Fully Welded Weight Capacity 350 lbs Cushion None Warranty 10 years California's Proposition 65 Warning For California Residents Additional Documents Assembly Instruction, Cushion Care Instruction",Chaise Lounges,cat-chaise-lounges,Aluminum,aluminum,,,,,,,fixed,,"42.5""W","{""Color"":""Sand"",""Cushion"":""None"",""Frame Type"":""Fully Welded Weight Capacity 350 lbs"",""Qty/Carton"":""2"",""Shipping Dimension"":""27\""W""}","[""Ecom""]",false,true,false,true,false,,0,0,true,2026-05-30 03:13:57.132508+00,2026-06-09 22:52:37.61+00,[],[],[],[],[],"[{""url"":""https://641bdd57-e650-4f10-a19f-628c07eb50b7-00-1e7i1aja8wnz9.worf.replit.dev/api/storage/objects/products/summerset/KTTRCL2.jpg"",""alt_text"":""Sling Chaise Lounger (Set of 2)"",""is_primary"":true,""display_order"":0,""image_kind"":""gallery"",""variant_id"":null},{""url"":""https://641bdd57-e650-4f10-a19f-628c07eb50b7-00-1e7i1aja8wnz9.worf.replit.dev/api/storage/objects/products/summerset/KTTRCL2_1.jpg"",""alt_text"":""Sling Chaise Lounger (Set of 2)"",""is_primary"":false,""display_order"":1,""image_kind"":""gallery"",""variant_id"":null},{""url"":""https://641bdd57-e650-4f10-a19f-628c07eb50b7-00-1e7i1aja8wnz9.worf.replit.dev/api/storage/objects/products/summerset/KTTRCL2_2.jpg"",""alt_text"":""Sling Chaise Lounger (Set of 2)"",""is_primary"":false,""display_order"":2,""image_kind"":""gallery"",""variant_id"":null},{""url"":""https://641bdd57-e650-4f10-a19f-628c07eb50b7-00-1e7i1aja8wnz9.worf.replit.dev/api/storage/objects/products/summerset/KTTRCL2_3.jpg"",""alt_text"":""Sling Chaise Lounger (Set of 2)"",""is_primary"":false,""display_order"":3,""image_kind"":""gallery"",""variant_id"":null}]",[]
Summerset,summerset,2687,KTTRDC2,Sling Dining Chair (Set of 2),sling-dining-chair-set-of-2-sm,,,Dining,cat-dining,,,,,,,,,fixed,,,,"[""Ecom""]",false,true,false,true,false,,0,0,true,2026-05-30 03:13:58.870234+00,2026-06-09 22:52:37.617+00,[],[],[],[],[],"[{""url"":""https://641bdd57-e650-4f10-a19f-628c07eb50b7-00-1e7i1aja8wnz9.worf.replit.dev/api/storage/objects/products/summerset/KTTRDC2.jpg"",""alt_text"":""Sling Dining Chair (Set of 2)"",""is_primary"":true,""display_order"":0,""image_kind"":""gallery"",""variant_id"":null},{""url"":""https://641bdd57-e650-4f10-a19f-628c07eb50b7-00-1e7i1aja8wnz9.worf.replit.dev/api/storage/objects/products/summerset/KTTRDC2_1.jpg"",""alt_text"":""Sling Dining Chair (Set of 2)"",""is_primary"":false,""display_order"":1,""image_kind"":""gallery"",""variant_id"":null},{""url"":""https://641bdd57-e650-4f10-a19f-628c07eb50b7-00-1e7i1aja8wnz9.worf.replit.dev/api/storage/objects/products/summerset/KTTRDC2_2.jpg"",""alt_text"":""Sling Dining Chair (Set of 2)"",""is_primary"":false,""display_order"":2,""image_kind"":""gallery"",""variant_id"":null},{""url"":""https://641bdd57-e650-4f10-a19f-628c07eb50b7-00-1e7i1aja8wnz9.worf.replit.dev/api/storage/objects/products/summerset/KTTRDC2_3.jpg"",""alt_text"":""Sling Dining Chair (Set of 2)"",""is_primary"":false,""display_order"":3,""image_kind"":""gallery"",""variant_id"":null},{""url"":""https://641bdd57-e650-4f10-a19f-628c07eb50b7-00-1e7i1aja8wnz9.worf.replit.dev/api/storage/objects/products/summerset/KTTRDC2_4.jpg"",""alt_text"":""Sling Dining Chair (Set of 2)"",""is_primary"":false,""display_order"":4,""image_kind"":""gallery"",""variant_id"":null}]",[]
Summerset,summerset,2684,KTTRDC4+RDTWV48,"Sling 5-Piece Cast Aluminum Dining Set with 48"" Round Table, 4 Chairs",sling-5-piece-cast-aluminum-dining-set-with-48-round-table-4-chairs-sm,"Description Dimensions & Weight Product Dimension 42.5""W x 31.5""D x 26.4""H Shipping Dimension 27""W x 32""D x 38""H N.W 51 lbs G.W 63 lbs QTY/CTN 2 Specifications Materials Cast Aluminum Color Sand Frame Type Fully Welded Weight Capacity 350 lbs Cushion None Warranty 10 years California's Proposition 65 Warning For California Residents Additional Documents Assembly Instruction, Cushion Care Instruction

<ul>
  <li>Color: Sand</li>
  <li>Frame Type: Fully Welded Weight Capacity 350 lbs Cushion None</li>
  <li>Warranty: 10 years</li>
</ul>","Description Dimensions & Weight Product Dimension 42.5""W x 31.5""D x 26.4""H Shipping Dimension 27""W x 32""D x 38""H N.W 51 lbs G.W 63 lbs QTY/CTN 2 Specifications Materials Cast Aluminum Color Sand Frame Type Fully Welded Weight Capacity 350 lbs Cushion None Warranty 10 years California's Proposition 65 Warning For California Residents Additional Documents Assembly Instruction, Cushion Care Instruction",Dining,cat-dining,Aluminum,aluminum,,,,,,,fixed,,"42.5""W","{""Color"":""Sand"",""Cushion"":""None"",""Frame Type"":""Fully Welded Weight Capacity 350 lbs"",""Qty/Carton"":""2"",""Shipping Dimension"":""27\""W""}","[""Ecom""]",false,true,false,true,false,,0,0,true,2026-05-30 03:13:56.244639+00,2026-06-09 22:52:37.617+00,[],[],[],[],[],"[{""url"":""https://641bdd57-e650-4f10-a19f-628c07eb50b7-00-1e7i1aja8wnz9.worf.replit.dev/api/storage/objects/products/summerset/KTTRDC4+RDTWV48.jpg"",""alt_text"":""Sling 5-Piece Cast Aluminum Dining Set with 48\"" Round Table, 4 Chairs"",""is_primary"":true,""display_order"":0,""image_kind"":""gallery"",""variant_id"":null},{""url"":""https://641bdd57-e650-4f10-a19f-628c07eb50b7-00-1e7i1aja8wnz9.worf.replit.dev/api/storage/objects/products/summerset/KTTRDC4+RDTWV48_1.jpg"",""alt_text"":""Sling 5-Piece Cast Aluminum Dining Set with 48\"" Round Table, 4 Chairs"",""is_primary"":false,""display_order"":1,""image_kind"":""gallery"",""variant_id"":null},{""url"":""https://641bdd57-e650-4f10-a19f-628c07eb50b7-00-1e7i1aja8wnz9.worf.replit.dev/api/storage/objects/products/summerset/KTTRDC4+RDTWV48_2.jpg"",""alt_text"":""Sling 5-Piece Cast Aluminum Dining Set with 48\"" Round Table, 4 Chairs"",""is_primary"":false,""display_order"":2,""image_kind"":""gallery"",""variant_id"":null},{""url"":""https://641bdd57-e650-4f10-a19f-628c07eb50b7-00-1e7i1aja8wnz9.worf.replit.dev/api/storage/objects/products/summerset/KTTRDC4+RDTWV48_3.jpg"",""alt_text"":""Sling 5-Piece Cast Aluminum Dining Set with 48\"" Round Table, 4 Chairs"",""is_primary"":false,""display_order"":3,""image_kind"":""gallery"",""variant_id"":null}]",[]
Summerset,summerset,2683,KTTRDC4+TRSR2+RCDTWV8646,"Sling 7-Piece Cast Aluminum Dining Set with 86""x46"" Table, 4 Chairs and 2 Swivel Rockers",sling-7-piece-cast-aluminum-dining-set-with-86-x46-table-4-chairs-and-2-swivel-rockers-sm,"Description Dimensions & Weight Product Dimension 42.5""W x 31.5""D x 26.4""H Shipping Dimension 27""W x 32""D x 38""H N.W 51 lbs G.W 63 lbs QTY/CTN 2 Specifications Materials Cast Aluminum Color Sand Frame Type Fully Welded Weight Capacity 350 lbs Cushion None Warranty 10 years California's Proposition 65 Warning For California Residents Additional Documents Assembly Instruction, Cushion Care Instruction

<ul>
  <li>Color: Sand</li>
  <li>Frame Type: Fully Welded Weight Capacity 350 lbs Cushion None</li>
  <li>Warranty: 10 years</li>
</ul>","Description Dimensions & Weight Product Dimension 42.5""W x 31.5""D x 26.4""H Shipping Dimension 27""W x 32""D x 38""H N.W 51 lbs G.W 63 lbs QTY/CTN 2 Specifications Materials Cast Aluminum Color Sand Frame Type Fully Welded Weight Capacity 350 lbs Cushion None Warranty 10 years California's Proposition 65 Warning For California Residents Additional Documents Assembly Instruction, Cushion Care Instruction",Dining,cat-dining,Aluminum,aluminum,,,,,,,fixed,,"42.5""W","{""Color"":""Sand"",""Cushion"":""None"",""Frame Type"":""Fully Welded Weight Capacity 350 lbs"",""Qty/Carton"":""2"",""Shipping Dimension"":""27\""W""}","[""Ecom""]",false,true,false,true,false,,0,0,true,2026-05-30 03:13:55.496002+00,2026-06-09 22:52:37.617+00,[],[],[],[],[],"[{""url"":""https://641bdd57-e650-4f10-a19f-628c07eb50b7-00-1e7i1aja8wnz9.worf.replit.dev/api/storage/objects/products/summerset/KTTRDC4+TRSR2+RCDTWV8646.jpg"",""alt_text"":""Sling 7-Piece Cast Aluminum Dining Set with 86\""x46\"" Table, 4 Chairs and 2 Swivel Rockers"",""is_primary"":true,""display_order"":0,""image_kind"":""gallery"",""variant_id"":null},{""url"":""https://641bdd57-e650-4f10-a19f-628c07eb50b7-00-1e7i1aja8wnz9.worf.replit.dev/api/storage/objects/products/summerset/KTTRDC4+TRSR2+RCDTWV8646_1.jpg"",""alt_text"":""Sling 7-Piece Cast Aluminum Dining Set with 86\""x46\"" Table, 4 Chairs and 2 Swivel Rockers"",""is_primary"":false,""display_order"":1,""image_kind"":""gallery"",""variant_id"":null},{""url"":""https://641bdd57-e650-4f10-a19f-628c07eb50b7-00-1e7i1aja8wnz9.worf.replit.dev/api/storage/objects/products/summerset/KTTRDC4+TRSR2+RCDTWV8646_2.jpg"",""alt_text"":""Sling 7-Piece Cast Aluminum Dining Set with 86\""x46\"" Table, 4 Chairs and 2 Swivel Rockers"",""is_primary"":false,""display_order"":2,""image_kind"":""gallery"",""variant_id"":null},{""url"":""https://641bdd57-e650-4f10-a19f-628c07eb50b7-00-1e7i1aja8wnz9.worf.replit.dev/api/storage/objects/products/summerset/KTTRDC4+TRSR2+RCDTWV8646_3.jpg"",""alt_text"":""Sling 7-Piece Cast Aluminum Dining Set with 86\""x46\"" Table, 4 Chairs and 2 Swivel Rockers"",""is_primary"":false,""display_order"":3,""image_kind"":""gallery"",""variant_id"":null},{""url"":""https://641bdd57-e650-4f10-a19f-628c07eb50b7-00-1e7i1aja8wnz9.worf.replit.dev/api/storage/objects/products/summerset/KTTRDC4+TRSR2+RCDTWV8646_4.jpg"",""alt_text"":""Sling 7-Piece Cast Aluminum Dining Set with 86\""x46\"" Table, 4 Chairs and 2 Swivel Rockers"",""is_primary"":false,""display_order"":4,""image_kind"":""gallery"",""variant_id"":null}]",[]
Summerset,summerset,2829,KTTRSR2,Trinity Dining Swivel Rocker (Set of 2),trinity-dining-swivel-rocker-set-of-2-sm,"Description TRINITY DINING SWIVEL ROCKER Dimensions & Weight Product Dimension 42.5""W x 31.5""D x 26.4""H Shipping Dimension 27""W x 32""D x 38""H N.W 51 lbs G.W 63 lbs QTY/CTN 2 Specifications Materials Cast Aluminum Color Sand Frame Type Fully Welded Weight Capacity 350 lbs Cushion None Warranty 10 years California's Proposition 65 Warning For California Residents Additional Documents Assembly Instruction, Cushion Care Instruction

<ul>
  <li>Color: Sand</li>
  <li>Frame Type: Fully Welded Weight Capacity 350 lbs Cushion None</li>
  <li>Warranty: 10 years</li>
</ul>","Description TRINITY DINING SWIVEL ROCKER Dimensions & Weight Product Dimension 42.5""W x 31.5""D x 26.4""H Shipping Dimension 27""W x 32""D x 38""H N.W 51 lbs G.W 63 lbs QTY/CTN 2 Specifications Materials Cast Aluminum Color Sand Frame Type Fully Welded Weight Capacity 350 lbs Cushion None Warranty 10 years California's Proposition 65 Warning For California Residents Additional Documents Assembly Instruction, Cushion Care Instruction",Dining,cat-dining,Aluminum,aluminum,,,,,,,fixed,,"42.5""W","{""Color"":""Sand"",""Cushion"":""None"",""Frame Type"":""Fully Welded Weight Capacity 350 lbs"",""Qty/Carton"":""2"",""Shipping Dimension"":""27\""W""}","[""Ecom""]",false,true,false,true,false,,0,0,true,2026-05-30 03:14:59.891888+00,2026-06-09 22:52:37.617+00,[],[],[],[],[],"[{""url"":""https://641bdd57-e650-4f10-a19f-628c07eb50b7-00-1e7i1aja8wnz9.worf.replit.dev/api/storage/objects/products/summerset/KTTRSR2.jpg"",""alt_text"":""Trinity Dining Swivel Rocker (Set of 2)"",""is_primary"":true,""display_order"":0,""image_kind"":""gallery"",""variant_id"":null}]",[]
Summerset,summerset,2588,LFADC,La Flamme Lace Armless Dining Chair,la-flamme-lace-armless-dining-chair-sm,"The La Flamme Lace Armless Dining Chair by Summerset Casual combines modern elegance with versatile design. Its sleek armless profile creates a clean, open look that fits beautifully around any dining table while maximizing seating space. Featuring a stylish lace-inspired pattern, the chair adds a touch of artistry to your outdoor or indoor setting. Built with durable, weather-resistant materials, it stands up to the elements while offering long-lasting comfort and support. Perfect for casual me","The La Flamme Lace Armless Dining Chair by Summerset Casual combines modern elegance with versatile design. Its sleek armless profile creates a clean, open look that fits beautifully around any dining table while maximizing seating space. Featuring a stylish lace-inspired pattern, the chair adds a touch of artistry to your outdoor or indoor setting. Built with durable, weather-resistant materials, it stands up to the elements while offering long-lasting comfort and support. Perfect for casual me",Dining,cat-dining,,,,,,,,,fixed,,,,"[""Dining Chair"",""Summerset Casual""]",false,true,false,true,false,,0,0,true,2026-05-30 03:13:24.209355+00,2026-06-09 22:52:37.617+00,[],[],[],[],[],"[{""url"":""https://641bdd57-e650-4f10-a19f-628c07eb50b7-00-1e7i1aja8wnz9.worf.replit.dev/api/storage/objects/products/summerset/LFADC.jpg"",""alt_text"":""La Flamme Lace Armless Dining Chair"",""is_primary"":true,""display_order"":0,""image_kind"":""gallery"",""variant_id"":null}]",[]
Summerset,summerset,2594,LFCC,La Flamme High back Club Chair,la-flamme-high-back-club-chair-sm,"Unwind in style with the La Flamme High Back Club Chair by Summerset Casual . Featuring a tall, supportive backrest and wide, inviting seat, this chair is designed for ultimate comfort and relaxation. The lace-inspired detailing brings a touch of elegance, while the durable, weather-resistant construction ensures it will withstand the elements season after season. Perfect for lounging on the patio or creating a cozy conversation area, the La Flamme High Back Club Chair blends timeless design wit","Unwind in style with the La Flamme High Back Club Chair by Summerset Casual . Featuring a tall, supportive backrest and wide, inviting seat, this chair is designed for ultimate comfort and relaxation. The lace-inspired detailing brings a touch of elegance, while the durable, weather-resistant construction ensures it will withstand the elements season after season. Perfect for lounging on the patio or creating a cozy conversation area, the La Flamme High Back Club Chair blends timeless design wit",Deep Seating,cat-deep-seating,,,,,,,,,fixed,,,,"[""Club High Back"",""Summerset Casual""]",false,true,false,true,false,,0,0,true,2026-05-30 03:13:25.132595+00,2026-06-09 22:52:37.631+00,[],[],[],[],[],"[{""url"":""https://641bdd57-e650-4f10-a19f-628c07eb50b7-00-1e7i1aja8wnz9.worf.replit.dev/api/storage/objects/products/summerset/LFCC.jpg"",""alt_text"":""La Flamme High back Club Chair"",""is_primary"":true,""display_order"":0,""image_kind"":""gallery"",""variant_id"":null}]",[]
Summerset,summerset,2592,LFCCSR,La Flamme High back Club Swivel Rocker Chair,la-flamme-high-back-club-swivel-rocker-chair-sm,"The La Flamme High Back Club Swivel Rocker Chair by Summerset Casual combines comfort, motion, and style in one elegant design. With its tall supportive back and deep seating, it offers unmatched relaxation, while the smooth swivel and gentle rocking motion add a touch of ease to your lounging experience. The lace-inspired detailing enhances its sophisticated look, and the durable, weather-resistant frame ensures it stands strong season after season. Perfect for patios, decks, or garden retreats","The La Flamme High Back Club Swivel Rocker Chair by Summerset Casual combines comfort, motion, and style in one elegant design. With its tall supportive back and deep seating, it offers unmatched relaxation, while the smooth swivel and gentle rocking motion add a touch of ease to your lounging experience. The lace-inspired detailing enhances its sophisticated look, and the durable, weather-resistant frame ensures it stands strong season after season. Perfect for patios, decks, or garden retreats",Deep Seating,cat-deep-seating,,,,,,,,,fixed,,,,"[""Summerset Casual"",""Swivel Rocker""]",false,true,false,true,false,,0,0,true,2026-05-30 03:13:24.768972+00,2026-06-09 22:52:37.631+00,[],[],[],[],[],"[{""url"":""https://641bdd57-e650-4f10-a19f-628c07eb50b7-00-1e7i1aja8wnz9.worf.replit.dev/api/storage/objects/products/summerset/LFCCSR.jpg"",""alt_text"":""La Flamme High back Club Swivel Rocker Chair"",""is_primary"":true,""display_order"":0,""image_kind"":""gallery"",""variant_id"":null}]",[]
Summerset,summerset,2596,LFCL,La Flamme Chaise Lounge,la-flamme-chaise-lounge-sm,"Stretch out in luxury with the La Flamme Chaise Lounge by Summerset Casual . Designed for ultimate relaxation, this chaise features a supportive high back and adjustable reclining positions, letting you find the perfect angle for sunbathing, reading, or unwinding poolside. The graceful lace-inspired detailing elevates its elegant design, while the durable, weather-resistant frame ensures it withstands the elements season after season. Spacious and comfortable, the La Flamme Chaise Lounge is the","Stretch out in luxury with the La Flamme Chaise Lounge by Summerset Casual . Designed for ultimate relaxation, this chaise features a supportive high back and adjustable reclining positions, letting you find the perfect angle for sunbathing, reading, or unwinding poolside. The graceful lace-inspired detailing elevates its elegant design, while the durable, weather-resistant frame ensures it withstands the elements season after season. Spacious and comfortable, the La Flamme Chaise Lounge is the",Chaise Lounges,cat-chaise-lounges,,,,,,,,,fixed,,,,"[""Chaise Lounge"",""Summerset Casual""]",false,true,false,true,false,,0,0,true,2026-05-30 03:13:25.310199+00,2026-06-09 22:52:37.61+00,[],[],[],[],[],"[{""url"":""https://641bdd57-e650-4f10-a19f-628c07eb50b7-00-1e7i1aja8wnz9.worf.replit.dev/api/storage/objects/products/summerset/LFCL.jpg"",""alt_text"":""La Flamme Chaise Lounge"",""is_primary"":true,""display_order"":0,""image_kind"":""gallery"",""variant_id"":null}]",[]
Summerset,summerset,2593,LFCR,La Flamme Recliner Club Chair,la-flamme-recliner-club-chair-sm,"Enjoy the perfect balance of luxury and relaxation with the La Flamme Recliner Club Chair by Summerset Casual . Designed with a smooth reclining function, this chair lets you easily transition from upright seating to laid-back lounging. Its high back and generous cushioning provide exceptional comfort, while the lace-inspired detailing adds a refined touch of elegance. Built from durable, weather-resistant materials, it’s crafted to endure outdoor elements while maintaining its timeless style. W","Enjoy the perfect balance of luxury and relaxation with the La Flamme Recliner Club Chair by Summerset Casual . Designed with a smooth reclining function, this chair lets you easily transition from upright seating to laid-back lounging. Its high back and generous cushioning provide exceptional comfort, while the lace-inspired detailing adds a refined touch of elegance. Built from durable, weather-resistant materials, it’s crafted to endure outdoor elements while maintaining its timeless style. W",Deep Seating,cat-deep-seating,,,,,,,,,fixed,,,"{""Cushion"":""ing provide exceptional comfort, while the lace-inspired det""}","[""Club Chair"",""Summerset Casual""]",false,true,false,true,false,,0,0,true,2026-05-30 03:13:24.910907+00,2026-06-09 22:52:37.631+00,[],[],[],[],[],"[{""url"":""https://641bdd57-e650-4f10-a19f-628c07eb50b7-00-1e7i1aja8wnz9.worf.replit.dev/api/storage/objects/products/summerset/LFCR.jpg"",""alt_text"":""La Flamme Recliner Club Chair"",""is_primary"":true,""display_order"":0,""image_kind"":""gallery"",""variant_id"":null}]",[]
Summerset,summerset,2589,LFDC,La Flamme Lace Dining Chair,la-flamme-lace-dining-chair-sm,"Elevate your outdoor dining experience with the La Flamme Lace Dining Chair by Summerset Casual . Designed with both comfort and elegance in mind, this chair features a refined lace-inspired design that adds a touch of sophistication to any patio or dining space. Crafted from durable, weather-resistant materials, it ensures lasting beauty and strength against the elements. The supportive seat and ergonomic backrest provide exceptional comfort, making it perfect for leisurely meals and long gathe","Elevate your outdoor dining experience with the La Flamme Lace Dining Chair by Summerset Casual . Designed with both comfort and elegance in mind, this chair features a refined lace-inspired design that adds a touch of sophistication to any patio or dining space. Crafted from durable, weather-resistant materials, it ensures lasting beauty and strength against the elements. The supportive seat and ergonomic backrest provide exceptional comfort, making it perfect for leisurely meals and long gathe",Dining,cat-dining,,,,,,,,,fixed,,,,"[""Dining Chair"",""Summerset Casual""]",false,true,false,true,false,,0,0,true,2026-05-30 03:13:24.370667+00,2026-06-09 22:52:37.617+00,[],[],[],[],[],"[{""url"":""https://641bdd57-e650-4f10-a19f-628c07eb50b7-00-1e7i1aja8wnz9.worf.replit.dev/api/storage/objects/products/summerset/LFDC.jpg"",""alt_text"":""La Flamme Lace Dining Chair"",""is_primary"":true,""display_order"":0,""image_kind"":""gallery"",""variant_id"":null}]",[]
Summerset,summerset,2599,LFDSLS,La Flamme High Back Loveseat,la-flamme-high-back-loveseat-sm,"The La Flamme High Back Loveseat by Summerset Casual offers the perfect blend of style, comfort, and durability for outdoor living. Designed with a tall supportive back and spacious seating for two, it provides exceptional comfort while encouraging cozy conversations and relaxed lounging. The elegant lace-inspired detailing adds sophistication, while its weather-resistant construction ensures long-lasting beauty and performance in any season. Ideal for patios, gardens, or poolside retreats, the","The La Flamme High Back Loveseat by Summerset Casual offers the perfect blend of style, comfort, and durability for outdoor living. Designed with a tall supportive back and spacious seating for two, it provides exceptional comfort while encouraging cozy conversations and relaxed lounging. The elegant lace-inspired detailing adds sophistication, while its weather-resistant construction ensures long-lasting beauty and performance in any season. Ideal for patios, gardens, or poolside retreats, the",Deep Seating,cat-deep-seating,,,,,,,,,fixed,,,,"[""Loveseat"",""Summerset Casual""]",false,true,false,true,false,,0,0,true,2026-05-30 03:13:25.599572+00,2026-06-09 22:52:37.631+00,[],[],[],[],[],[],[]
Summerset,summerset,2598,LFDSS,La Flamme High back Deep Seat Sofa,la-flamme-high-back-deep-seat-sofa-sm,"The La Flamme High Back Deep Seat Sofa by Summerset Casual brings spacious comfort and timeless elegance to your outdoor living area. Designed with a tall, supportive back and generously deep seating, it offers unmatched relaxation for gatherings or quiet evenings outdoors. The graceful lace-inspired detailing adds a touch of sophistication, while the durable, weather-resistant frame ensures lasting performance through every season. Perfect as the centerpiece of your patio or garden lounge, the","The La Flamme High Back Deep Seat Sofa by Summerset Casual brings spacious comfort and timeless elegance to your outdoor living area. Designed with a tall, supportive back and generously deep seating, it offers unmatched relaxation for gatherings or quiet evenings outdoors. The graceful lace-inspired detailing adds a touch of sophistication, while the durable, weather-resistant frame ensures lasting performance through every season. Perfect as the centerpiece of your patio or garden lounge, the",Deep Seating,cat-deep-seating,,,,,,,,,fixed,,,,"[""Sofa"",""Summerset Casual""]",false,true,false,true,false,,0,0,true,2026-05-30 03:13:25.58813+00,2026-06-09 22:52:37.631+00,[],[],[],[],[],"[{""url"":""https://641bdd57-e650-4f10-a19f-628c07eb50b7-00-1e7i1aja8wnz9.worf.replit.dev/api/storage/objects/products/summerset/LFDSS.jpg"",""alt_text"":""La Flamme High back Deep Seat Sofa"",""is_primary"":true,""display_order"":0,""image_kind"":""gallery"",""variant_id"":null}]",[]
Summerset,summerset,2595,LFSR,La Flamme Dining Swivel Rocker,la-flamme-dining-swivel-rocker-sm,"Experience comfort in motion with the La Flamme Dining Swivel Rocker by Summerset Casual . Designed for both style and function, this chair features a smooth swivel and gentle rocking motion, making every meal or gathering more relaxing. The elegant lace-inspired detailing enhances its sophisticated look, while the durable, weather-resistant frame ensures long-lasting performance outdoors. With its supportive seating and effortless movement, the La Flamme Dining Swivel Rocker is the perfect blen","Experience comfort in motion with the La Flamme Dining Swivel Rocker by Summerset Casual . Designed for both style and function, this chair features a smooth swivel and gentle rocking motion, making every meal or gathering more relaxing. The elegant lace-inspired detailing enhances its sophisticated look, while the durable, weather-resistant frame ensures long-lasting performance outdoors. With its supportive seating and effortless movement, the La Flamme Dining Swivel Rocker is the perfect blen",Dining,cat-dining,,,,,,,,,fixed,,,,"[""Summerset Casual"",""Swivel Rocker""]",false,true,false,true,false,,0,0,true,2026-05-30 03:13:25.145731+00,2026-06-09 22:52:37.617+00,[],[],[],[],[],[],[]
Summerset,summerset,2579,MBCB,Mirabella Counter Barstool,mirabella-counter-barstool-sm,"Description Mirabella Counter Barstool Dimensions & Weight Product Dimension Arm Height Seat Height Shipping Dimension Net Weight Gross Weight QTY/CTN Specifications Color GE Frame Type Cast Aluminum Knock-Down Cushion Purchase Separately Matching Cover Warranty Frames: 10 years; Cushion 5 years California's Proposition 65 Warning For California Residents Additional Documents

<ul>
  <li>Color: GE</li>
  <li>Frame Type: Cast Aluminum Knock-Down</li>
  <li>Warranty: Frames: 10 years; Cushion 5 years</li>
</ul>",Description Mirabella Counter Barstool Dimensions & Weight Product Dimension Arm Height Seat Height Shipping Dimension Net Weight Gross Weight QTY/CTN Specifications Color GE Frame Type Cast Aluminum Knock-Down Cushion Purchase Separately Matching Cover Warranty Frames: 10 years; Cushion 5 years California's Proposition 65 Warning For California Residents Additional Documents,Bar,cat-bar,Aluminum,aluminum,,,,,,,fixed,,Arm,"{""Color"":""GE"",""Cushion"":""Purchase Separately"",""Frame Type"":""Cast Aluminum Knock-Down"",""Shipping Dimension"":""Net""}","[""Mirabella"",""Stocking""]",false,true,false,true,false,,0,0,true,2026-05-30 03:13:23.139181+00,2026-06-09 22:52:37.515+00,[],[],[],[],[],[],[]
Summerset,summerset,2840,MBCC,Mirabella Club Chair,mirabella-club-chair-sm,"Description Mirabella Club Chair Dimensions & Weight Product Dimension 36.5""x25.3""x26"" Arm Height 25.5"" Seat Height 12.5"" Shipping Dimension 37.5""x8.7""x32.3"" Net Weight 31.9 lbs Gross Weight 37.4 lbs QTY/CTN 1 Specifications Color GE Frame Type Cast Aluminum Knock-Down Cushion Purchase Separately Matching Cover C21; Warranty Frames: 10 years; Cushion 5 years California's Proposition 65 Warning For California Residents Additional Documents

<ul>
  <li>Color: GE</li>
  <li>Frame Type: Cast Aluminum Knock-Down</li>
  <li>Matching Cover: C21;</li>
  <li>Warranty: Frames: 10 years; Cushion 5 years</li>
</ul>","Description Mirabella Club Chair Dimensions & Weight Product Dimension 36.5""x25.3""x26"" Arm Height 25.5"" Seat Height 12.5"" Shipping Dimension 37.5""x8.7""x32.3"" Net Weight 31.9 lbs Gross Weight 37.4 lbs QTY/CTN 1 Specifications Color GE Frame Type Cast Aluminum Knock-Down Cushion Purchase Separately Matching Cover C21; Warranty Frames: 10 years; Cushion 5 years California's Proposition 65 Warning For California Residents Additional Documents",Deep Seating,cat-deep-seating,Aluminum,aluminum,,,,,,,fixed,,"36.5""x25.3""x26""","{""Color"":""GE"",""Cushion"":""Purchase Separately"",""Frame Type"":""Cast Aluminum Knock-Down"",""Net Weight"":""31.9 lbs"",""Qty/Carton"":""1"",""Gross Weight"":""37.4 lbs"",""Shipping Dimension"":""37.5\""x8.7\""x32.3\""""}","[""Mirabella"",""Stocking""]",false,true,false,true,false,,0,0,true,2026-05-30 03:15:05.754212+00,2026-06-09 22:52:37.631+00,[],[],[],[],[],"[{""url"":""https://641bdd57-e650-4f10-a19f-628c07eb50b7-00-1e7i1aja8wnz9.worf.replit.dev/api/storage/objects/products/summerset/MBCC.jpg"",""alt_text"":""Mirabella Club Chair"",""is_primary"":true,""display_order"":0,""image_kind"":""gallery"",""variant_id"":null},{""url"":""https://641bdd57-e650-4f10-a19f-628c07eb50b7-00-1e7i1aja8wnz9.worf.replit.dev/api/storage/objects/products/summerset/MBCC_1.jpg"",""alt_text"":""Mirabella Club Chair"",""is_primary"":false,""display_order"":1,""image_kind"":""gallery"",""variant_id"":null},{""url"":""https://641bdd57-e650-4f10-a19f-628c07eb50b7-00-1e7i1aja8wnz9.worf.replit.dev/api/storage/objects/products/summerset/MBCC_2.jpg"",""alt_text"":""Mirabella Club Chair"",""is_primary"":false,""display_order"":2,""image_kind"":""gallery"",""variant_id"":null}]",[]
Summerset,summerset,2837,MBCCS,Mirabella Club Chair Swivel,mirabella-club-chair-swivel-sm,"Description Mirabella club chair swivel Dimensions & Weight Product Dimension 36.5""x25.3""x26"" Arm Height 25.5"" Seat Height 12.5"" Shipping Dimension 34.3""x28.4""x28"" Net Weight 39.6 lbs Gross Weight 50.6 lbs QTY/CTN 1 Specifications Color GE Frame Type Cast Aluminum Knock-Down Cushion Purchase Separately Matching Cover C21; Warranty Frames: 10 years; Cushion 5 years California's Proposition 65 Warning For California Residents Additional Documents

<ul>
  <li>Color: GE</li>
  <li>Frame Type: Cast Aluminum Knock-Down</li>
  <li>Matching Cover: C21;</li>
  <li>Warranty: Frames: 10 years; Cushion 5 years</li>
</ul>","Description Mirabella club chair swivel Dimensions & Weight Product Dimension 36.5""x25.3""x26"" Arm Height 25.5"" Seat Height 12.5"" Shipping Dimension 34.3""x28.4""x28"" Net Weight 39.6 lbs Gross Weight 50.6 lbs QTY/CTN 1 Specifications Color GE Frame Type Cast Aluminum Knock-Down Cushion Purchase Separately Matching Cover C21; Warranty Frames: 10 years; Cushion 5 years California's Proposition 65 Warning For California Residents Additional Documents",Deep Seating,cat-deep-seating,Aluminum,aluminum,,,,,,,fixed,,"36.5""x25.3""x26""","{""Color"":""GE"",""Cushion"":""Purchase Separately"",""Frame Type"":""Cast Aluminum Knock-Down"",""Net Weight"":""39.6 lbs"",""Qty/Carton"":""1"",""Gross Weight"":""50.6 lbs"",""Shipping Dimension"":""34.3\""x28.4\""x28\""""}","[""Mirabella"",""Stocking""]",false,true,false,true,false,,0,0,true,2026-05-30 03:15:03.678476+00,2026-06-09 22:52:37.631+00,[],[],[],[],[],"[{""url"":""https://641bdd57-e650-4f10-a19f-628c07eb50b7-00-1e7i1aja8wnz9.worf.replit.dev/api/storage/objects/products/summerset/MBCCS.jpg"",""alt_text"":""Mirabella Club Chair Swivel"",""is_primary"":true,""display_order"":0,""image_kind"":""gallery"",""variant_id"":null},{""url"":""https://641bdd57-e650-4f10-a19f-628c07eb50b7-00-1e7i1aja8wnz9.worf.replit.dev/api/storage/objects/products/summerset/MBCCS_1.jpg"",""alt_text"":""Mirabella Club Chair Swivel"",""is_primary"":false,""display_order"":1,""image_kind"":""gallery"",""variant_id"":null},{""url"":""https://641bdd57-e650-4f10-a19f-628c07eb50b7-00-1e7i1aja8wnz9.worf.replit.dev/api/storage/objects/products/summerset/MBCCS_2.jpg"",""alt_text"":""Mirabella Club Chair Swivel"",""is_primary"":false,""display_order"":2,""image_kind"":""gallery"",""variant_id"":null},{""url"":""https://641bdd57-e650-4f10-a19f-628c07eb50b7-00-1e7i1aja8wnz9.worf.replit.dev/api/storage/objects/products/summerset/MBCCS_3.jpg"",""alt_text"":""Mirabella Club Chair Swivel"",""is_primary"":false,""display_order"":3,""image_kind"":""gallery"",""variant_id"":null}]",[]
Summerset,summerset,2835,MBCT,Coffee Table Mirabella,coffee-table-mirabella-sm,"Description Mirabella Coffee Table Dimensions & Weight Product Dimension 18.3""x54""x32"" Shipping Dimension 56.3""x5.1""x34.3"" Net Weight 33 lbs Gross Weight 39.6 lbs QTY/CTN 1 Specifications Color GE Frame Type Cast Aluminum Knock-Down Warranty Frames: 10 years; California's Proposition 65 Warning For California Residents Additional Documents

<ul>
  <li>Color: GE</li>
  <li>Frame Type: Cast Aluminum Knock-Down</li>
  <li>Warranty: Frames: 10 years;</li>
</ul>","Description Mirabella Coffee Table Dimensions & Weight Product Dimension 18.3""x54""x32"" Shipping Dimension 56.3""x5.1""x34.3"" Net Weight 33 lbs Gross Weight 39.6 lbs QTY/CTN 1 Specifications Color GE Frame Type Cast Aluminum Knock-Down Warranty Frames: 10 years; California's Proposition 65 Warning For California Residents Additional Documents",Coffee & Side Tables,cat-coffee-side-tables,Aluminum,aluminum,,,,,,,fixed,,"18.3""x54""x32""","{""Color"":""GE"",""Frame Type"":""Cast Aluminum Knock-Down"",""Net Weight"":""33 lbs"",""Qty/Carton"":""1"",""Gross Weight"":""39.6 lbs"",""Shipping Dimension"":""56.3\""x5.1\""x34.3\""""}","[""Mirabella"",""Stocking""]",false,true,false,true,false,,0,0,true,2026-05-30 03:15:02.289952+00,2026-06-09 22:52:37.657+00,[],[],[],[],[],"[{""url"":""https://641bdd57-e650-4f10-a19f-628c07eb50b7-00-1e7i1aja8wnz9.worf.replit.dev/api/storage/objects/products/summerset/MBCT.jpg"",""alt_text"":""Coffee Table Mirabella"",""is_primary"":true,""display_order"":0,""image_kind"":""gallery"",""variant_id"":null}]",[]
Summerset,summerset,2834,MBDC,Mirabella Dining Chair,mirabella-dining-chair-sm,"Description Mirabella Dining Chair Dimensions & Weight Product Dimension 0 Arm Height 0 Seat Height 0 Shipping Dimension 37""x9""x26"" Net Weight 19.8 lbs Gross Weight 28 lbs QTY/CTN 1 Specifications Color GE Frame Type Cast Aluminum Knock-Down Cushion Purchase Separately Warranty Frames: 10 years; Cushion 5 years California's Proposition 65 Warning For California Residents Additional Documents

<ul>
  <li>Color: GE</li>
  <li>Frame Type: Cast Aluminum Knock-Down</li>
  <li>Warranty: Frames: 10 years; Cushion 5 years</li>
</ul>","Description Mirabella Dining Chair Dimensions & Weight Product Dimension 0 Arm Height 0 Seat Height 0 Shipping Dimension 37""x9""x26"" Net Weight 19.8 lbs Gross Weight 28 lbs QTY/CTN 1 Specifications Color GE Frame Type Cast Aluminum Knock-Down Cushion Purchase Separately Warranty Frames: 10 years; Cushion 5 years California's Proposition 65 Warning For California Residents Additional Documents",Dining,cat-dining,Aluminum,aluminum,,,,,,,fixed,,0,"{""Color"":""GE"",""Cushion"":""Purchase Separately"",""Frame Type"":""Cast Aluminum Knock-Down"",""Net Weight"":""19.8 lbs"",""Qty/Carton"":""1"",""Gross Weight"":""28 lbs"",""Shipping Dimension"":""37\""x9\""x26\""""}","[""Dining"",""Mirabella"",""Stocking""]",false,true,false,true,false,,0,0,true,2026-05-30 03:15:02.11359+00,2026-06-09 22:52:37.617+00,[],[],[],[],[],"[{""url"":""https://641bdd57-e650-4f10-a19f-628c07eb50b7-00-1e7i1aja8wnz9.worf.replit.dev/api/storage/objects/products/summerset/MBDC.jpg"",""alt_text"":""Mirabella Dining Chair"",""is_primary"":true,""display_order"":0,""image_kind"":""gallery"",""variant_id"":null},{""url"":""https://641bdd57-e650-4f10-a19f-628c07eb50b7-00-1e7i1aja8wnz9.worf.replit.dev/api/storage/objects/products/summerset/MBDC_1.jpg"",""alt_text"":""Mirabella Dining Chair"",""is_primary"":false,""display_order"":1,""image_kind"":""gallery"",""variant_id"":null},{""url"":""https://641bdd57-e650-4f10-a19f-628c07eb50b7-00-1e7i1aja8wnz9.worf.replit.dev/api/storage/objects/products/summerset/MBDC_2.jpg"",""alt_text"":""Mirabella Dining Chair"",""is_primary"":false,""display_order"":2,""image_kind"":""gallery"",""variant_id"":null},{""url"":""https://641bdd57-e650-4f10-a19f-628c07eb50b7-00-1e7i1aja8wnz9.worf.replit.dev/api/storage/objects/products/summerset/MBDC_3.jpg"",""alt_text"":""Mirabella Dining Chair"",""is_primary"":false,""display_order"":3,""image_kind"":""gallery"",""variant_id"":null},{""url"":""https://641bdd57-e650-4f10-a19f-628c07eb50b7-00-1e7i1aja8wnz9.worf.replit.dev/api/storage/objects/products/summerset/MBDC_4.jpg"",""alt_text"":""Mirabella Dining Chair"",""is_primary"":false,""display_order"":4,""image_kind"":""gallery"",""variant_id"":null}]",[]
Summerset,summerset,2839,MBDSLS,Mirabella Deep Seat Love Seat,mirabella-deep-seat-love-seat-sm,"Description Mirabella Deep Loveseat Dimensions & Weight Product Dimension 36.5""x48.3""x26"" Arm Height 25.5"" Seat Height 12.5"" Shipping Dimension 49.2""x14.2""x35.4"" Net Weight 51.04 lbs Gross Weight 59.4 lbs QTY/CTN 1 Specifications Color GE Frame Type Cast Aluminum Knock-Down Cushion Purchase Separately Matching Cover C22; Warranty Frames: 10 years; Cushion 5 years California's Proposition 65 Warning For California Residents Additional Documents

<ul>
  <li>Color: GE</li>
  <li>Frame Type: Cast Aluminum Knock-Down</li>
  <li>Matching Cover: C22;</li>
  <li>Warranty: Frames: 10 years; Cushion 5 years</li>
</ul>","Description Mirabella Deep Loveseat Dimensions & Weight Product Dimension 36.5""x48.3""x26"" Arm Height 25.5"" Seat Height 12.5"" Shipping Dimension 49.2""x14.2""x35.4"" Net Weight 51.04 lbs Gross Weight 59.4 lbs QTY/CTN 1 Specifications Color GE Frame Type Cast Aluminum Knock-Down Cushion Purchase Separately Matching Cover C22; Warranty Frames: 10 years; Cushion 5 years California's Proposition 65 Warning For California Residents Additional Documents",Deep Seating,cat-deep-seating,Aluminum,aluminum,,,,,,,fixed,,"36.5""x48.3""x26""","{""Color"":""GE"",""Cushion"":""Purchase Separately"",""Frame Type"":""Cast Aluminum Knock-Down"",""Net Weight"":""51.04 lbs"",""Qty/Carton"":""1"",""Gross Weight"":""59.4 lbs"",""Shipping Dimension"":""49.2\""x14.2\""x35.4\""""}","[""Mirabella"",""Stocking""]",false,true,false,true,false,,0,0,true,2026-05-30 03:15:05.078902+00,2026-06-09 22:52:37.631+00,[],[],[],[],[],"[{""url"":""https://641bdd57-e650-4f10-a19f-628c07eb50b7-00-1e7i1aja8wnz9.worf.replit.dev/api/storage/objects/products/summerset/MBDSLS.jpg"",""alt_text"":""Mirabella Deep Seat Love Seat"",""is_primary"":true,""display_order"":0,""image_kind"":""gallery"",""variant_id"":null},{""url"":""https://641bdd57-e650-4f10-a19f-628c07eb50b7-00-1e7i1aja8wnz9.worf.replit.dev/api/storage/objects/products/summerset/MBDSLS_1.jpg"",""alt_text"":""Mirabella Deep Seat Love Seat"",""is_primary"":false,""display_order"":1,""image_kind"":""gallery"",""variant_id"":null}]",[]
Summerset,summerset,2838,MBDSS,Mirabella Deep Seat Sofa,mirabella-deep-seat-sofa-sm,"Description Mirabella Deep Seat Sofa Dimensions & Weight Product Dimension 36.5""x72""x26"" Arm Height 25.5"" Seat Height 12.5"" Shipping Dimension 72.5""x14.2""x35.4"" Net Weight 58.3 lbs Gross Weight 72.6 lbs QTY/CTN 1 Specifications Color GE Frame Type Cast Aluminum Knock-Down Cushion Purchase Separately Matching Cover C23; Warranty Frames: 10 years; Cushion 5 years California's Proposition 65 Warning For California Residents Additional Documents

<ul>
  <li>Color: GE</li>
  <li>Frame Type: Cast Aluminum Knock-Down</li>
  <li>Matching Cover: C23;</li>
  <li>Warranty: Frames: 10 years; Cushion 5 years</li>
</ul>","Description Mirabella Deep Seat Sofa Dimensions & Weight Product Dimension 36.5""x72""x26"" Arm Height 25.5"" Seat Height 12.5"" Shipping Dimension 72.5""x14.2""x35.4"" Net Weight 58.3 lbs Gross Weight 72.6 lbs QTY/CTN 1 Specifications Color GE Frame Type Cast Aluminum Knock-Down Cushion Purchase Separately Matching Cover C23; Warranty Frames: 10 years; Cushion 5 years California's Proposition 65 Warning For California Residents Additional Documents",Deep Seating,cat-deep-seating,Aluminum,aluminum,,,,,,,fixed,,"36.5""x72""x26""","{""Color"":""GE"",""Cushion"":""Purchase Separately"",""Frame Type"":""Cast Aluminum Knock-Down"",""Net Weight"":""58.3 lbs"",""Qty/Carton"":""1"",""Gross Weight"":""72.6 lbs"",""Shipping Dimension"":""72.5\""x14.2\""x35.4\""""}","[""Mirabella"",""Stocking""]",false,true,false,true,false,,0,0,true,2026-05-30 03:15:04.685654+00,2026-06-09 22:52:37.631+00,[],[],[],[],[],"[{""url"":""https://641bdd57-e650-4f10-a19f-628c07eb50b7-00-1e7i1aja8wnz9.worf.replit.dev/api/storage/objects/products/summerset/MBDSS.jpg"",""alt_text"":""Mirabella Deep Seat Sofa"",""is_primary"":true,""display_order"":0,""image_kind"":""gallery"",""variant_id"":null},{""url"":""https://641bdd57-e650-4f10-a19f-628c07eb50b7-00-1e7i1aja8wnz9.worf.replit.dev/api/storage/objects/products/summerset/MBDSS_1.jpg"",""alt_text"":""Mirabella Deep Seat Sofa"",""is_primary"":false,""display_order"":1,""image_kind"":""gallery"",""variant_id"":null},{""url"":""https://641bdd57-e650-4f10-a19f-628c07eb50b7-00-1e7i1aja8wnz9.worf.replit.dev/api/storage/objects/products/summerset/MBDSS_2.jpg"",""alt_text"":""Mirabella Deep Seat Sofa"",""is_primary"":false,""display_order"":2,""image_kind"":""gallery"",""variant_id"":null},{""url"":""https://641bdd57-e650-4f10-a19f-628c07eb50b7-00-1e7i1aja8wnz9.worf.replit.dev/api/storage/objects/products/summerset/MBDSS_3.jpg"",""alt_text"":""Mirabella Deep Seat Sofa"",""is_primary"":false,""display_order"":3,""image_kind"":""gallery"",""variant_id"":null},{""url"":""https://641bdd57-e650-4f10-a19f-628c07eb50b7-00-1e7i1aja8wnz9.worf.replit.dev/api/storage/objects/products/summerset/MBDSS_4.jpg"",""alt_text"":""Mirabella Deep Seat Sofa"",""is_primary"":false,""display_order"":4,""image_kind"":""gallery"",""variant_id"":null}]",[]
Summerset,summerset,2836,MBSQAT,Sqare Accent Table Mirabella,sqare-accent-table-mirabella-sm,"Description Mirabella Accent Table Dimensions & Weight Product Dimension 18.3""x21""x21"" Shipping Dimension 22.8""x5.9""x22.8"" Net Weight 18.7 lbs Gross Weight 23.1 lbs QTY/CTN 1 Specifications Color GE Frame Type Cast Aluminum Knock-Down Warranty Frames: 10 years; California's Proposition 65 Warning For California Residents Additional Documents

<ul>
  <li>Color: GE</li>
  <li>Frame Type: Cast Aluminum Knock-Down</li>
  <li>Warranty: Frames: 10 years;</li>
</ul>","Description Mirabella Accent Table Dimensions & Weight Product Dimension 18.3""x21""x21"" Shipping Dimension 22.8""x5.9""x22.8"" Net Weight 18.7 lbs Gross Weight 23.1 lbs QTY/CTN 1 Specifications Color GE Frame Type Cast Aluminum Knock-Down Warranty Frames: 10 years; California's Proposition 65 Warning For California Residents Additional Documents",Accent Pieces,cat-accent-pieces,Aluminum,aluminum,,,,,,,fixed,,"18.3""x21""x21""","{""Color"":""GE"",""Frame Type"":""Cast Aluminum Knock-Down"",""Net Weight"":""18.7 lbs"",""Qty/Carton"":""1"",""Gross Weight"":""23.1 lbs"",""Shipping Dimension"":""22.8\""x5.9\""x22.8\""""}","[""Mirabella"",""Stocking""]",false,true,false,true,false,,0,0,true,2026-05-30 03:15:02.86176+00,2026-06-09 22:52:37.641+00,[],[],[],[],[],"[{""url"":""https://641bdd57-e650-4f10-a19f-628c07eb50b7-00-1e7i1aja8wnz9.worf.replit.dev/api/storage/objects/products/summerset/MBSQAT.jpg"",""alt_text"":""Sqare Accent Table Mirabella"",""is_primary"":true,""display_order"":0,""image_kind"":""gallery"",""variant_id"":null},{""url"":""https://641bdd57-e650-4f10-a19f-628c07eb50b7-00-1e7i1aja8wnz9.worf.replit.dev/api/storage/objects/products/summerset/MBSQAT_1.jpg"",""alt_text"":""Sqare Accent Table Mirabella"",""is_primary"":false,""display_order"":1,""image_kind"":""gallery"",""variant_id"":null},{""url"":""https://641bdd57-e650-4f10-a19f-628c07eb50b7-00-1e7i1aja8wnz9.worf.replit.dev/api/storage/objects/products/summerset/MBSQAT_2.jpg"",""alt_text"":""Sqare Accent Table Mirabella"",""is_primary"":false,""display_order"":2,""image_kind"":""gallery"",""variant_id"":null}]",[]
Summerset,summerset,2816,MPRAT21,"21"" Round Multi-Purpose Accent Table Signature (w/ Ice Bucket)",21-round-multi-purpose-accent-table-signature-w-ice-bucket-sm,"Description 21"" ROUND MULTI-PURPOSE ACCENT TABLE SIGNATURE (ICE BUCKET OPTIONAL) Dimensions & Weight Product Dimension 21""x21""x21"" Shipping Dimension 22'' x22'' x22'' Net Weight 16.72 lbs Gross Weight 25.3 lbs QTY/CTN 1 Specifications Color MA Frame Type Cast Aluminum Fully Welded Matching Cover TA24; Cover a little bigger Warranty Frames: 10 years; California's Proposition 65 Warning For California Residents Additional Documents

<ul>
  <li>Color: MA</li>
  <li>Frame Type: Cast Aluminum Fully Welded</li>
  <li>Matching Cover: TA24; Cover a little bigger</li>
  <li>Warranty: Frames: 10 years;</li>
</ul>","Description 21"" ROUND MULTI-PURPOSE ACCENT TABLE SIGNATURE (ICE BUCKET OPTIONAL) Dimensions & Weight Product Dimension 21""x21""x21"" Shipping Dimension 22'' x22'' x22'' Net Weight 16.72 lbs Gross Weight 25.3 lbs QTY/CTN 1 Specifications Color MA Frame Type Cast Aluminum Fully Welded Matching Cover TA24; Cover a little bigger Warranty Frames: 10 years; California's Proposition 65 Warning For California Residents Additional Documents",Coffee & Side Tables,cat-coffee-side-tables,Aluminum,aluminum,,,,,,,fixed,,"21""x21""x21""","{""Color"":""MA"",""Frame Type"":""Cast Aluminum Fully Welded"",""Net Weight"":""16.72 lbs"",""Qty/Carton"":""1"",""Gross Weight"":""25.3 lbs"",""Shipping Dimension"":""22''""}","[""Ecom"",""Signature"",""Stocking""]",false,true,false,true,false,,0,0,true,2026-05-30 03:14:52.420157+00,2026-06-09 22:52:37.657+00,[],[],[],[],[],"[{""url"":""https://641bdd57-e650-4f10-a19f-628c07eb50b7-00-1e7i1aja8wnz9.worf.replit.dev/api/storage/objects/products/summerset/MPRAT21.jpg"",""alt_text"":""21\"" Round Multi-Purpose Accent Table Signature (w/ Ice Bucket)"",""is_primary"":true,""display_order"":0,""image_kind"":""gallery"",""variant_id"":null}]",[]
Summerset,summerset,2826,MPRATWV21,"21"" Round Multi-Purpose Accent Table Weave (w/ Ice Bucket)",21-round-multi-purpose-accent-table-weave-w-ice-bucket-sm,"Description 21"" ROUND MULTI-PURPOSE ACCENT TABLE WEAVE (ICE BUCKET OPTIONAL) Dimensions & Weight Product Dimension 21""x21""x21"" Shipping Dimension 22'' x22'' x22'' Net Weight 17.38 lbs Gross Weight 25.96 lbs QTY/CTN 1 Specifications Color MA Frame Type Cast Aluminum Fully Welded Matching Cover TA24; Cover a little bigger Warranty Frames: 10 years; California's Proposition 65 Warning For California Residents Additional Documents

<ul>
  <li>Color: MA</li>
  <li>Frame Type: Cast Aluminum Fully Welded</li>
  <li>Matching Cover: TA24; Cover a little bigger</li>
  <li>Warranty: Frames: 10 years;</li>
</ul>","Description 21"" ROUND MULTI-PURPOSE ACCENT TABLE WEAVE (ICE BUCKET OPTIONAL) Dimensions & Weight Product Dimension 21""x21""x21"" Shipping Dimension 22'' x22'' x22'' Net Weight 17.38 lbs Gross Weight 25.96 lbs QTY/CTN 1 Specifications Color MA Frame Type Cast Aluminum Fully Welded Matching Cover TA24; Cover a little bigger Warranty Frames: 10 years; California's Proposition 65 Warning For California Residents Additional Documents",Coffee & Side Tables,cat-coffee-side-tables,Aluminum,aluminum,,,,,,,fixed,,"21""x21""x21""","{""Color"":""MA"",""Frame Type"":""Cast Aluminum Fully Welded"",""Net Weight"":""17.38 lbs"",""Qty/Carton"":""1"",""Gross Weight"":""25.96 lbs"",""Shipping Dimension"":""22''""}","[""Ecom"",""Stocking"",""Weave""]",false,true,false,true,false,,0,0,true,2026-05-30 03:14:57.710404+00,2026-06-09 22:52:37.657+00,[],[],[],[],[],"[{""url"":""https://641bdd57-e650-4f10-a19f-628c07eb50b7-00-1e7i1aja8wnz9.worf.replit.dev/api/storage/objects/products/summerset/MPRATWV21.jpg"",""alt_text"":""21\"" Round Multi-Purpose Accent Table Weave (w/ Ice Bucket)"",""is_primary"":true,""display_order"":0,""image_kind"":""gallery"",""variant_id"":null},{""url"":""https://641bdd57-e650-4f10-a19f-628c07eb50b7-00-1e7i1aja8wnz9.worf.replit.dev/api/storage/objects/products/summerset/MPRATWV21_1.jpg"",""alt_text"":""21\"" Round Multi-Purpose Accent Table Weave (w/ Ice Bucket)"",""is_primary"":false,""display_order"":1,""image_kind"":""gallery"",""variant_id"":null},{""url"":""https://641bdd57-e650-4f10-a19f-628c07eb50b7-00-1e7i1aja8wnz9.worf.replit.dev/api/storage/objects/products/summerset/MPRATWV21_2.jpg"",""alt_text"":""21\"" Round Multi-Purpose Accent Table Weave (w/ Ice Bucket)"",""is_primary"":false,""display_order"":2,""image_kind"":""gallery"",""variant_id"":null},{""url"":""https://641bdd57-e650-4f10-a19f-628c07eb50b7-00-1e7i1aja8wnz9.worf.replit.dev/api/storage/objects/products/summerset/MPRATWV21_3.jpg"",""alt_text"":""21\"" Round Multi-Purpose Accent Table Weave (w/ Ice Bucket)"",""is_primary"":false,""display_order"":3,""image_kind"":""gallery"",""variant_id"":null},{""url"":""https://641bdd57-e650-4f10-a19f-628c07eb50b7-00-1e7i1aja8wnz9.worf.replit.dev/api/storage/objects/products/summerset/MPRATWV21_4.jpg"",""alt_text"":""21\"" Round Multi-Purpose Accent Table Weave (w/ Ice Bucket)"",""is_primary"":false,""display_order"":4,""image_kind"":""gallery"",""variant_id"":null}]",[]
Summerset,summerset,2809,ODT7242,"72"" x 42"" Oval Dining Table Signature",72-x-42-oval-dining-table-signature-sm,"Description 72"" X 42"" OVAL DINING TABLE SIGNATURE Dimensions & Weight Product Dimension 28""x72""x42"" Shipping Dimension 44'' x3'' x74'' Net Weight 68.2 lbs Gross Weight 81.4 lbs QTY/CTN 1 Specifications Color MA Frame Type Cast Aluminum Knock-Down Matching Cover T12078; Cover with chairs Warranty Frames: 10 years; California's Proposition 65 Warning For California Residents Additional Documents

<ul>
  <li>Color: MA</li>
  <li>Frame Type: Cast Aluminum Knock-Down</li>
  <li>Matching Cover: T12078; Cover with chairs</li>
  <li>Warranty: Frames: 10 years;</li>
</ul>","Description 72"" X 42"" OVAL DINING TABLE SIGNATURE Dimensions & Weight Product Dimension 28""x72""x42"" Shipping Dimension 44'' x3'' x74'' Net Weight 68.2 lbs Gross Weight 81.4 lbs QTY/CTN 1 Specifications Color MA Frame Type Cast Aluminum Knock-Down Matching Cover T12078; Cover with chairs Warranty Frames: 10 years; California's Proposition 65 Warning For California Residents Additional Documents",Dining,cat-dining,Aluminum,aluminum,,,,,,,fixed,,"28""x72""x42""","{""Color"":""MA"",""Frame Type"":""Cast Aluminum Knock-Down"",""Net Weight"":""68.2 lbs"",""Qty/Carton"":""1"",""Gross Weight"":""81.4 lbs"",""Shipping Dimension"":""44''""}","[""Signature"",""Stocking""]",false,true,false,true,false,,0,0,true,2026-05-30 03:14:47.521553+00,2026-06-09 22:52:37.617+00,[],[],[],[],[],"[{""url"":""https://641bdd57-e650-4f10-a19f-628c07eb50b7-00-1e7i1aja8wnz9.worf.replit.dev/api/storage/objects/products/summerset/ODT7242.jpg"",""alt_text"":""72\"" x 42\"" Oval Dining Table Signature"",""is_primary"":true,""display_order"":0,""image_kind"":""gallery"",""variant_id"":null},{""url"":""https://641bdd57-e650-4f10-a19f-628c07eb50b7-00-1e7i1aja8wnz9.worf.replit.dev/api/storage/objects/products/summerset/ODT7242_1.jpg"",""alt_text"":""72\"" x 42\"" Oval Dining Table Signature"",""is_primary"":false,""display_order"":1,""image_kind"":""gallery"",""variant_id"":null},{""url"":""https://641bdd57-e650-4f10-a19f-628c07eb50b7-00-1e7i1aja8wnz9.worf.replit.dev/api/storage/objects/products/summerset/ODT7242_2.jpg"",""alt_text"":""72\"" x 42\"" Oval Dining Table Signature"",""is_primary"":false,""display_order"":2,""image_kind"":""gallery"",""variant_id"":null},{""url"":""https://641bdd57-e650-4f10-a19f-628c07eb50b7-00-1e7i1aja8wnz9.worf.replit.dev/api/storage/objects/products/summerset/ODT7242_3.jpg"",""alt_text"":""72\"" x 42\"" Oval Dining Table Signature"",""is_primary"":false,""display_order"":3,""image_kind"":""gallery"",""variant_id"":null},{""url"":""https://641bdd57-e650-4f10-a19f-628c07eb50b7-00-1e7i1aja8wnz9.worf.replit.dev/api/storage/objects/products/summerset/ODT7242_4.jpg"",""alt_text"":""72\"" x 42\"" Oval Dining Table Signature"",""is_primary"":false,""display_order"":4,""image_kind"":""gallery"",""variant_id"":null}]",[]
Summerset,summerset,2808,ODT8742,"87"" x 42"" Oval Dining Table Signature (Container Order Only)",87-x-42-oval-dining-table-signature-container-order-only-sm,"Description This product is for Container Direct order only. Please check our Container Direct Order Guidelines for ordering instruction. However, if this product is Not showing ""out of stock"", it means we still have some leftover quantity in our California warehouse. In which case, you can order up to the available quantity shown. In addition, these leftover items are discounted 20% to their regular prices. Dimensions & Weight Product Dimension 28""x87""x42"" Shipping Dimension 0 Net Weight lbs Gr","Description This product is for Container Direct order only. Please check our Container Direct Order Guidelines for ordering instruction. However, if this product is Not showing ""out of stock"", it means we still have some leftover quantity in our California warehouse. In which case, you can order up to the available quantity shown. In addition, these leftover items are discounted 20% to their regular prices. Dimensions & Weight Product Dimension 28""x87""x42"" Shipping Dimension 0 Net Weight lbs Gr",Dining,cat-dining,,,,,,,,,fixed,,"28""x87""x42""","{""Color"":""MA"",""Frame Type"":""Cast Aluminum Knock-Down"",""Qty/Carton"":""1"",""Shipping Dimension"":""0""}","[""Signature""]",false,true,false,true,false,,0,0,true,2026-05-30 03:14:46.52328+00,2026-06-09 22:52:37.617+00,[],[],[],[],[],"[{""url"":""https://641bdd57-e650-4f10-a19f-628c07eb50b7-00-1e7i1aja8wnz9.worf.replit.dev/api/storage/objects/products/summerset/ODT8742.jpg"",""alt_text"":""87\"" x 42\"" Oval Dining Table Signature (Container Order Only)"",""is_primary"":true,""display_order"":0,""image_kind"":""gallery"",""variant_id"":null},{""url"":""https://641bdd57-e650-4f10-a19f-628c07eb50b7-00-1e7i1aja8wnz9.worf.replit.dev/api/storage/objects/products/summerset/ODT8742_1.jpg"",""alt_text"":""87\"" x 42\"" Oval Dining Table Signature (Container Order Only)"",""is_primary"":false,""display_order"":1,""image_kind"":""gallery"",""variant_id"":null},{""url"":""https://641bdd57-e650-4f10-a19f-628c07eb50b7-00-1e7i1aja8wnz9.worf.replit.dev/api/storage/objects/products/summerset/ODT8742_2.jpg"",""alt_text"":""87\"" x 42\"" Oval Dining Table Signature (Container Order Only)"",""is_primary"":false,""display_order"":2,""image_kind"":""gallery"",""variant_id"":null},{""url"":""https://641bdd57-e650-4f10-a19f-628c07eb50b7-00-1e7i1aja8wnz9.worf.replit.dev/api/storage/objects/products/summerset/ODT8742_3.jpg"",""alt_text"":""87\"" x 42\"" Oval Dining Table Signature (Container Order Only)"",""is_primary"":false,""display_order"":3,""image_kind"":""gallery"",""variant_id"":null},{""url"":""https://641bdd57-e650-4f10-a19f-628c07eb50b7-00-1e7i1aja8wnz9.worf.replit.dev/api/storage/objects/products/summerset/ODT8742_4.jpg"",""alt_text"":""87\"" x 42\"" Oval Dining Table Signature (Container Order Only)"",""is_primary"":false,""display_order"":4,""image_kind"":""gallery"",""variant_id"":null},{""url"":""https://641bdd57-e650-4f10-a19f-628c07eb50b7-00-1e7i1aja8wnz9.worf.replit.dev/api/storage/objects/products/summerset/ODT8742_5.jpg"",""alt_text"":""87\"" x 42\"" Oval Dining Table Signature (Container Order Only)"",""is_primary"":false,""display_order"":5,""image_kind"":""gallery"",""variant_id"":null}]",[]
Summerset,summerset,2822,ODTWV8442,"84"" x 42"" Oval Dining Table Weave (Container Order Only)",84-x-42-oval-dining-table-weave-container-order-only-sm,"Description This product is for Container Direct order only. Please check our Container Direct Order Guidelines for ordering instruction. However, if this product is Not showing ""out of stock"", it means we still have some leftover quantity in our California warehouse. In which case, you can order up to the available quantity shown. In addition, these leftover items are discounted 20% to their regular prices. Dimensions & Weight Product Dimension 28""x84""x42"" Shipping Dimension 43'' x3'' x87'' Net","Description This product is for Container Direct order only. Please check our Container Direct Order Guidelines for ordering instruction. However, if this product is Not showing ""out of stock"", it means we still have some leftover quantity in our California warehouse. In which case, you can order up to the available quantity shown. In addition, these leftover items are discounted 20% to their regular prices. Dimensions & Weight Product Dimension 28""x84""x42"" Shipping Dimension 43'' x3'' x87'' Net",Dining,cat-dining,,,,,,,,,fixed,,"28""x84""x42""","{""Color"":""MA"",""Frame Type"":""Cast Aluminum Knock-Down"",""Net Weight"":""101.2 lbs"",""Qty/Carton"":""1"",""Gross Weight"":""118.8 lbs"",""Shipping Dimension"":""43''""}","[""Weave""]",false,true,false,true,false,,0,0,true,2026-05-30 03:14:54.520095+00,2026-06-09 22:52:37.617+00,[],[],[],[],[],"[{""url"":""https://641bdd57-e650-4f10-a19f-628c07eb50b7-00-1e7i1aja8wnz9.worf.replit.dev/api/storage/objects/products/summerset/ODTWV8442.jpg"",""alt_text"":""84\"" x 42\"" Oval Dining Table Weave (Container Order Only)"",""is_primary"":true,""display_order"":0,""image_kind"":""gallery"",""variant_id"":null}]",[]
Summerset,summerset,2693,OT,Signature Ottoman,signature-ottoman-sm,"Description Signature Ottoman Dimensions & Weight Product Dimension 23.5"" x 28.5"" x 17.5"" Arm Height Seat Height "" Shipping Dimension 29""x29""x19"" Net Weight 18 lbs Gross Weight 34 lbs QTY/CTN 2 Specifications Color Black Frame Type Cast Aluminum Cushion Purchase Separately Matching Cover OO; Warranty Frames: 10 years; Cushion 5 years California's Proposition 65 Warning For California Residents Additional Documents

<ul>
  <li>Color: Black</li>
  <li>Frame Type: Cast Aluminum</li>
  <li>Matching Cover: OO;</li>
  <li>Warranty: Frames: 10 years; Cushion 5 years</li>
</ul>","Description Signature Ottoman Dimensions & Weight Product Dimension 23.5"" x 28.5"" x 17.5"" Arm Height Seat Height "" Shipping Dimension 29""x29""x19"" Net Weight 18 lbs Gross Weight 34 lbs QTY/CTN 2 Specifications Color Black Frame Type Cast Aluminum Cushion Purchase Separately Matching Cover OO; Warranty Frames: 10 years; Cushion 5 years California's Proposition 65 Warning For California Residents Additional Documents",Accent Pieces,cat-accent-pieces,Aluminum,aluminum,,,,,,,fixed,,"23.5"" x 28.5"" x 17.5""","{""Color"":""Black"",""Cushion"":""Purchase Separately"",""Frame Type"":""Cast Aluminum"",""Net Weight"":""18 lbs"",""Qty/Carton"":""2"",""Gross Weight"":""34 lbs"",""Shipping Dimension"":""29\""x29\""x19\""""}","[""2_pack"",""Deep Seat"",""Signature""]",false,true,false,true,false,,0,0,true,2026-05-30 03:14:01.616343+00,2026-06-09 22:52:37.641+00,[],[],[],[],[],"[{""url"":""https://641bdd57-e650-4f10-a19f-628c07eb50b7-00-1e7i1aja8wnz9.worf.replit.dev/api/storage/objects/products/summerset/OT.jpg"",""alt_text"":""Signature Ottoman"",""is_primary"":true,""display_order"":0,""image_kind"":""gallery"",""variant_id"":null}]",[]
Summerset,summerset,2692,OTD,Designer Ottoman,designer-ottoman-sm,"Description Designer""Ottoman Dimensions & Weight Product Dimension 25.5"" x 27"" x 17.5"" Arm Height Seat Height "" Shipping Dimension 29""x29""x19"" Net Weight 18 lbs Gross Weight 34 lbs QTY/CTN 2 Specifications Color Black Frame Type Cast Aluminum Cushion Purchase Separately Matching Cover OO; Warranty Frames: 10 years; Cushion 5 years California's Proposition 65 Warning For California Residents Additional Documents

<ul>
  <li>Color: Black</li>
  <li>Frame Type: Cast Aluminum</li>
  <li>Matching Cover: OO;</li>
  <li>Warranty: Frames: 10 years; Cushion 5 years</li>
</ul>","Description Designer""Ottoman Dimensions & Weight Product Dimension 25.5"" x 27"" x 17.5"" Arm Height Seat Height "" Shipping Dimension 29""x29""x19"" Net Weight 18 lbs Gross Weight 34 lbs QTY/CTN 2 Specifications Color Black Frame Type Cast Aluminum Cushion Purchase Separately Matching Cover OO; Warranty Frames: 10 years; Cushion 5 years California's Proposition 65 Warning For California Residents Additional Documents",Accent Pieces,cat-accent-pieces,Aluminum,aluminum,,,,,,,fixed,,"25.5"" x 27"" x 17.5""","{""Color"":""Black"",""Cushion"":""Purchase Separately"",""Frame Type"":""Cast Aluminum"",""Net Weight"":""18 lbs"",""Qty/Carton"":""2"",""Gross Weight"":""34 lbs"",""Shipping Dimension"":""29\""x29\""x19\""""}","[""2_pack"",""Deep Seat"",""Designer"",""Stocking""]",false,true,false,true,false,,0,0,true,2026-05-30 03:14:01.487382+00,2026-06-09 22:52:37.641+00,[],[],[],[],[],"[{""url"":""https://641bdd57-e650-4f10-a19f-628c07eb50b7-00-1e7i1aja8wnz9.worf.replit.dev/api/storage/objects/products/summerset/OTD.jpg"",""alt_text"":""Designer Ottoman"",""is_primary"":true,""display_order"":0,""image_kind"":""gallery"",""variant_id"":null}]",[]
Summerset,summerset,2843,OTJL,Ottoman JoLee,ottoman-jolee-sm,"Description Ottoman JoLee Dimensions & Weight Product Dimension 11""x28""x24"" Arm Height 0 Seat Height 0 Shipping Dimension 27""x14.1""x33"" Net Weight 18.9 lbs Gross Weight 26 lbs QTY/CTN 1 Specifications Color BG Frame Type 0 Cushion Purchase Separately Matching Cover OO; Warranty Frames: 10 years; Cushion 5 years California's Proposition 65 Warning For California Residents Additional Documents

<ul>
  <li>Color: BG</li>
  <li>Frame Type: 0</li>
  <li>Matching Cover: OO;</li>
  <li>Warranty: Frames: 10 years; Cushion 5 years</li>
</ul>","Description Ottoman JoLee Dimensions & Weight Product Dimension 11""x28""x24"" Arm Height 0 Seat Height 0 Shipping Dimension 27""x14.1""x33"" Net Weight 18.9 lbs Gross Weight 26 lbs QTY/CTN 1 Specifications Color BG Frame Type 0 Cushion Purchase Separately Matching Cover OO; Warranty Frames: 10 years; Cushion 5 years California's Proposition 65 Warning For California Residents Additional Documents",Accent Pieces,cat-accent-pieces,,,,,,,,,fixed,,"11""x28""x24""","{""Color"":""BG"",""Cushion"":""Purchase Separately"",""Frame Type"":""0"",""Net Weight"":""18.9 lbs"",""Qty/Carton"":""1"",""Gross Weight"":""26 lbs"",""Shipping Dimension"":""27\""x14.1\""x33\""""}","[""2_pack"",""JoLee"",""Stocking""]",false,true,false,true,false,,0,0,true,2026-05-30 03:15:06.203558+00,2026-06-09 22:52:37.641+00,[],[],[],[],[],"[{""url"":""https://641bdd57-e650-4f10-a19f-628c07eb50b7-00-1e7i1aja8wnz9.worf.replit.dev/api/storage/objects/products/summerset/OTJL.jpg"",""alt_text"":""Ottoman JoLee"",""is_primary"":true,""display_order"":0,""image_kind"":""gallery"",""variant_id"":null}]",[]
Summerset,summerset,2767,OTJLW,Ottoman JoLee White,ottoman-jolee-white-sm,"Description Ottoman JoLee White Dimensions & Weight Product Dimension 11""x28""x24"" Arm Height 0 Seat Height 0 Shipping Dimension 27""x14.1""x33"" Net Weight 18.9 lbs Gross Weight 26 lbs QTY/CTN 1 Specifications Color White Wash Frame Type Aluminum Knock-Down Cushion Purchased Separately Matching Cover OO; Warranty Frames: 10 years; Cushion 5 years California's Proposition 65 Warning For California Residents Additional Documents

<ul>
  <li>Color: White Wash</li>
  <li>Frame Type: Aluminum Knock-Down Cushion Purchased Separately</li>
  <li>Matching Cover: OO;</li>
  <li>Warranty: Frames: 10 years; Cushion 5 years</li>
</ul>","Description Ottoman JoLee White Dimensions & Weight Product Dimension 11""x28""x24"" Arm Height 0 Seat Height 0 Shipping Dimension 27""x14.1""x33"" Net Weight 18.9 lbs Gross Weight 26 lbs QTY/CTN 1 Specifications Color White Wash Frame Type Aluminum Knock-Down Cushion Purchased Separately Matching Cover OO; Warranty Frames: 10 years; Cushion 5 years California's Proposition 65 Warning For California Residents Additional Documents",Accent Pieces,cat-accent-pieces,Aluminum,aluminum,,,,,,,fixed,,"11""x28""x24""","{""Color"":""White Wash"",""Cushion"":""Purchased Separately"",""Frame Type"":""Aluminum Knock-Down"",""Net Weight"":""18.9 lbs"",""Qty/Carton"":""1"",""Gross Weight"":""26 lbs"",""Shipping Dimension"":""27\""x14.1\""x33\""""}","[""Deep Seat"",""Jolee White"",""Stocking""]",false,true,false,true,false,,0,0,true,2026-05-30 03:14:24.064186+00,2026-06-09 22:52:37.641+00,[],[],[],[],[],"[{""url"":""https://641bdd57-e650-4f10-a19f-628c07eb50b7-00-1e7i1aja8wnz9.worf.replit.dev/api/storage/objects/products/summerset/OTJLW.jpg"",""alt_text"":""Ottoman JoLee White"",""is_primary"":true,""display_order"":0,""image_kind"":""gallery"",""variant_id"":null}]",[]
Summerset,summerset,2695,PCDC-1,Alexis Dining Chair,alexis-dining-chair-sm,"Description Alexis DINING CHAIR Dimensions & Weight Product Dimension 41''x26''x31'' Arm Height 26.5"" Seat Height 16"" Shipping Dimension 43'' x 27'' x 49'' Net Weight 84 lbs Gross Weight 109 lbs QTY/CTN 4 Specifications Color GE Frame Type Cast Aluminum Fully Welded Cushion Purchase Separately Matching Cover C21; Warranty Frames: 10 years; Cushion 5 years California's Proposition 65 Warning For California Residents Additional Documents

<ul>
  <li>Color: GE</li>
  <li>Frame Type: Cast Aluminum Fully Welded</li>
  <li>Matching Cover: C21;</li>
  <li>Warranty: Frames: 10 years; Cushion 5 years</li>
</ul>","Description Alexis DINING CHAIR Dimensions & Weight Product Dimension 41''x26''x31'' Arm Height 26.5"" Seat Height 16"" Shipping Dimension 43'' x 27'' x 49'' Net Weight 84 lbs Gross Weight 109 lbs QTY/CTN 4 Specifications Color GE Frame Type Cast Aluminum Fully Welded Cushion Purchase Separately Matching Cover C21; Warranty Frames: 10 years; Cushion 5 years California's Proposition 65 Warning For California Residents Additional Documents",Dining,cat-dining,Aluminum,aluminum,,,,,,,fixed,,41''x26''x31'',"{""Color"":""GE"",""Cushion"":""Purchase Separately"",""Frame Type"":""Cast Aluminum Fully Welded"",""Net Weight"":""84 lbs"",""Qty/Carton"":""4"",""Gross Weight"":""109 lbs"",""Shipping Dimension"":""43''""}","[""4_pack"",""Alexis"",""Dining"",""Stocking""]",false,true,false,true,false,,0,0,true,2026-05-30 03:14:03.432382+00,2026-06-09 22:52:37.617+00,[],[],[],[],[],"[{""url"":""https://641bdd57-e650-4f10-a19f-628c07eb50b7-00-1e7i1aja8wnz9.worf.replit.dev/api/storage/objects/products/summerset/PCDC-1.jpg"",""alt_text"":""Alexis Dining Chair"",""is_primary"":true,""display_order"":0,""image_kind"":""gallery"",""variant_id"":null},{""url"":""https://641bdd57-e650-4f10-a19f-628c07eb50b7-00-1e7i1aja8wnz9.worf.replit.dev/api/storage/objects/products/summerset/PCDC-1_1.jpg"",""alt_text"":""Alexis Dining Chair"",""is_primary"":false,""display_order"":1,""image_kind"":""gallery"",""variant_id"":null},{""url"":""https://641bdd57-e650-4f10-a19f-628c07eb50b7-00-1e7i1aja8wnz9.worf.replit.dev/api/storage/objects/products/summerset/PCDC-1_2.jpg"",""alt_text"":""Alexis Dining Chair"",""is_primary"":false,""display_order"":2,""image_kind"":""gallery"",""variant_id"":null},{""url"":""https://641bdd57-e650-4f10-a19f-628c07eb50b7-00-1e7i1aja8wnz9.worf.replit.dev/api/storage/objects/products/summerset/PCDC-1_3.jpg"",""alt_text"":""Alexis Dining Chair"",""is_primary"":false,""display_order"":3,""image_kind"":""gallery"",""variant_id"":null},{""url"":""https://641bdd57-e650-4f10-a19f-628c07eb50b7-00-1e7i1aja8wnz9.worf.replit.dev/api/storage/objects/products/summerset/PCDC-1_4.jpg"",""alt_text"":""Alexis Dining Chair"",""is_primary"":false,""display_order"":4,""image_kind"":""gallery"",""variant_id"":null},{""url"":""https://641bdd57-e650-4f10-a19f-628c07eb50b7-00-1e7i1aja8wnz9.worf.replit.dev/api/storage/objects/products/summerset/PCDC-1_5.jpg"",""alt_text"":""Alexis Dining Chair"",""is_primary"":false,""display_order"":5,""image_kind"":""gallery"",""variant_id"":null}]",[]
Summerset,summerset,2694,PCSR,Alexis Swivel Dining Chair,alexis-swivel-dining-chair-sm,"Description ALEXIS SWIVEL DINING CHAIR Dimensions & Weight Product Dimension 41''x26''x31'' Arm Height 26.5"" Seat Height 16"" Shipping Dimension 40'' x 39'' x 27'' Net Weight 57 lbs Gross Weight 78 lbs QTY/CTN 2 Specifications Color GE Frame Type Cast Aluminum Fully Welded Cushion Purchase Separately Matching Cover C21; Warranty Frames: 10 years; Cushion 5 years California's Proposition 65 Warning For California Residents Additional Documents

<ul>
  <li>Color: GE</li>
  <li>Frame Type: Cast Aluminum Fully Welded</li>
  <li>Matching Cover: C21;</li>
  <li>Warranty: Frames: 10 years; Cushion 5 years</li>
</ul>","Description ALEXIS SWIVEL DINING CHAIR Dimensions & Weight Product Dimension 41''x26''x31'' Arm Height 26.5"" Seat Height 16"" Shipping Dimension 40'' x 39'' x 27'' Net Weight 57 lbs Gross Weight 78 lbs QTY/CTN 2 Specifications Color GE Frame Type Cast Aluminum Fully Welded Cushion Purchase Separately Matching Cover C21; Warranty Frames: 10 years; Cushion 5 years California's Proposition 65 Warning For California Residents Additional Documents",Dining,cat-dining,Aluminum,aluminum,,,,,,,fixed,,41''x26''x31'',"{""Color"":""GE"",""Cushion"":""Purchase Separately"",""Frame Type"":""Cast Aluminum Fully Welded"",""Net Weight"":""57 lbs"",""Qty/Carton"":""2"",""Gross Weight"":""78 lbs"",""Shipping Dimension"":""40''""}","[""2_pack"",""Alexis"",""Dining"",""Stocking""]",false,true,false,true,false,,0,0,true,2026-05-30 03:14:02.375515+00,2026-06-09 22:52:37.617+00,[],[],[],[],[],"[{""url"":""https://641bdd57-e650-4f10-a19f-628c07eb50b7-00-1e7i1aja8wnz9.worf.replit.dev/api/storage/objects/products/summerset/PCSR.jpg"",""alt_text"":""Alexis Swivel Dining Chair"",""is_primary"":true,""display_order"":0,""image_kind"":""gallery"",""variant_id"":null},{""url"":""https://641bdd57-e650-4f10-a19f-628c07eb50b7-00-1e7i1aja8wnz9.worf.replit.dev/api/storage/objects/products/summerset/PCSR_1.jpg"",""alt_text"":""Alexis Swivel Dining Chair"",""is_primary"":false,""display_order"":1,""image_kind"":""gallery"",""variant_id"":null},{""url"":""https://641bdd57-e650-4f10-a19f-628c07eb50b7-00-1e7i1aja8wnz9.worf.replit.dev/api/storage/objects/products/summerset/PCSR_2.jpg"",""alt_text"":""Alexis Swivel Dining Chair"",""is_primary"":false,""display_order"":2,""image_kind"":""gallery"",""variant_id"":null}]",[]
Summerset,summerset,2709,PILL-BOL,Cushion for Throw Pillow Bolister,cushion-for-throw-pillow-bolister-sm,"Description It's required to put fabric name in the product note * Please make sure to put fabric name in the customer Note field. ** This cushion is in solid color. For upgraded fabric, please purchase Cushion Upgrade item. Stripe Color = 1 x Upgrade Weave Color = 2 x Upgrade Print Color = 3 x Upgrade Specifications Dimension To be updated Net Weight To be updated Material Sunbrella or Tempotest Color Solid Warranty 5-year Additional Documents Sunbrella Cushion Cleaning Instruction Introducing

<ul>
  <li>Color: Solid</li>
  <li>Warranty: 5-year</li>
</ul>","Description It's required to put fabric name in the product note * Please make sure to put fabric name in the customer Note field. ** This cushion is in solid color. For upgraded fabric, please purchase Cushion Upgrade item. Stripe Color = 1 x Upgrade Weave Color = 2 x Upgrade Print Color = 3 x Upgrade Specifications Dimension To be updated Net Weight To be updated Material Sunbrella or Tempotest Color Solid Warranty 5-year Additional Documents Sunbrella Cushion Cleaning Instruction Introducing",Replacement Parts,cat-replacement-parts,,,,,,,,,fixed,,,"{""Color"":"". For upgraded fabric, please purchase"",""Cushion"":""is in solid color. For upgraded fabric, please purchase Cush""}","[""Cushion"",""Pillow""]",false,true,false,true,false,,0,0,true,2026-05-30 03:14:08.389643+00,2026-06-09 22:52:36.83+00,[],[],[],[],[],"[{""url"":""https://641bdd57-e650-4f10-a19f-628c07eb50b7-00-1e7i1aja8wnz9.worf.replit.dev/api/storage/objects/products/summerset/PILL-BOL.jpg"",""alt_text"":""Cushion for Throw Pillow Bolister"",""is_primary"":true,""display_order"":0,""image_kind"":""gallery"",""variant_id"":null}]",[]
Summerset,summerset,2708,PILL-LUMB,Cushion for Lumbar Pillow 10x20,cushion-for-lumbar-pillow-10x20-sm,"Description It's required to put fabric name in the product note. * Please make sure to put fabric name in the customer Note field. ** This cushion is in solid color. For upgraded fabric, please purchase Cushion Upgrade item. Stripe Color = 1 x Upgrade Weave Color = 2 x Upgrade Print Color = 3 x Upgrade Specifications Dimension 10""x20""x5"" Net Weight To be updated Material Sunbrella or Tempotest Color Solid Warranty 5-year Additional Documents Sunbrella Cushion Cleaning Instruction Introducing Te

<ul>
  <li>Color: Solid</li>
  <li>Warranty: 5-year</li>
</ul>","Description It's required to put fabric name in the product note. * Please make sure to put fabric name in the customer Note field. ** This cushion is in solid color. For upgraded fabric, please purchase Cushion Upgrade item. Stripe Color = 1 x Upgrade Weave Color = 2 x Upgrade Print Color = 3 x Upgrade Specifications Dimension 10""x20""x5"" Net Weight To be updated Material Sunbrella or Tempotest Color Solid Warranty 5-year Additional Documents Sunbrella Cushion Cleaning Instruction Introducing Te",Replacement Parts,cat-replacement-parts,,,,,,,,,fixed,,"10""x20""x5""","{""Color"":"". For upgraded fabric, please purchase"",""Cushion"":""is in solid color. For upgraded fabric, please purchase Cush""}","[""Cushion"",""Pillow""]",false,true,false,true,false,,0,0,true,2026-05-30 03:14:08.250908+00,2026-06-09 22:52:37.418+00,[],[],[],[],[],"[{""url"":""https://641bdd57-e650-4f10-a19f-628c07eb50b7-00-1e7i1aja8wnz9.worf.replit.dev/api/storage/objects/products/summerset/PILL-LUMB.jpg"",""alt_text"":""Cushion for Lumbar Pillow 10x20"",""is_primary"":true,""display_order"":0,""image_kind"":""gallery"",""variant_id"":null},{""url"":""https://641bdd57-e650-4f10-a19f-628c07eb50b7-00-1e7i1aja8wnz9.worf.replit.dev/api/storage/objects/products/summerset/PILL-LUMB_1.jpg"",""alt_text"":""Cushion for Lumbar Pillow 10x20"",""is_primary"":false,""display_order"":1,""image_kind"":""gallery"",""variant_id"":null},{""url"":""https://641bdd57-e650-4f10-a19f-628c07eb50b7-00-1e7i1aja8wnz9.worf.replit.dev/api/storage/objects/products/summerset/PILL-LUMB_2.jpg"",""alt_text"":""Cushion for Lumbar Pillow 10x20"",""is_primary"":false,""display_order"":2,""image_kind"":""gallery"",""variant_id"":null}]",[]
Summerset,summerset,2711,PILL16,"Cushion for Throw Pillow 16""",cushion-for-throw-pillow-16-sm,"Description It's required to put fabric name in the product note * Please make sure to put fabric name in the customer Note field. ** This cushion is in solid color. For upgraded fabric, please purchase Cushion Upgrade item. Stripe Color = 1 x Upgrade Weave Color = 2 x Upgrade Print Color = 3 x Upgrade Specifications Dimension 16""x16""x5"" Net Weight To be updated Material Sunbrella or Tempotest Color Solid Warranty 5-year Additional Documents Sunbrella Cushion Cleaning Instruction Introducing Tem

<ul>
  <li>Color: Solid</li>
  <li>Warranty: 5-year</li>
</ul>","Description It's required to put fabric name in the product note * Please make sure to put fabric name in the customer Note field. ** This cushion is in solid color. For upgraded fabric, please purchase Cushion Upgrade item. Stripe Color = 1 x Upgrade Weave Color = 2 x Upgrade Print Color = 3 x Upgrade Specifications Dimension 16""x16""x5"" Net Weight To be updated Material Sunbrella or Tempotest Color Solid Warranty 5-year Additional Documents Sunbrella Cushion Cleaning Instruction Introducing Tem",Replacement Parts,cat-replacement-parts,,,,,,,,,fixed,,"16""x16""x5""","{""Color"":"". For upgraded fabric, please purchase"",""Cushion"":""is in solid color. For upgraded fabric, please purchase Cush""}","[""Cushion"",""Pillow""]",false,true,false,true,false,,0,0,true,2026-05-30 03:14:08.628228+00,2026-06-09 22:52:36.83+00,[],[],[],[],[],"[{""url"":""https://641bdd57-e650-4f10-a19f-628c07eb50b7-00-1e7i1aja8wnz9.worf.replit.dev/api/storage/objects/products/summerset/PILL16.jpg"",""alt_text"":""Cushion for Throw Pillow 16\"""",""is_primary"":true,""display_order"":0,""image_kind"":""gallery"",""variant_id"":null}]",[]
Summerset,summerset,2710,PILL20,"Cushion for Throw Pillow 20""",cushion-for-throw-pillow-20-sm,"Description It's required to put fabric name in the product note * Please make sure to put fabric name in the customer Note field. ** This cushion is in solid color. For upgraded fabric, please purchase Cushion Upgrade item. Stripe Color = 1 x Upgrade Weave Color = 2 x Upgrade Print Color = 3 x Upgrade Specifications Dimension 20""x20""x5"" Net Weight To be updated Material Sunbrella or Tempotest Color Solid Warranty 5-year Additional Documents Sunbrella Cushion Cleaning Instruction Introducing Tem

<ul>
  <li>Color: Solid</li>
  <li>Warranty: 5-year</li>
</ul>","Description It's required to put fabric name in the product note * Please make sure to put fabric name in the customer Note field. ** This cushion is in solid color. For upgraded fabric, please purchase Cushion Upgrade item. Stripe Color = 1 x Upgrade Weave Color = 2 x Upgrade Print Color = 3 x Upgrade Specifications Dimension 20""x20""x5"" Net Weight To be updated Material Sunbrella or Tempotest Color Solid Warranty 5-year Additional Documents Sunbrella Cushion Cleaning Instruction Introducing Tem",Replacement Parts,cat-replacement-parts,,,,,,,,,fixed,,"20""x20""x5""","{""Color"":"". For upgraded fabric, please purchase"",""Cushion"":""is in solid color. For upgraded fabric, please purchase Cush""}","[""Cushion"",""Pillow""]",false,true,false,true,false,,0,0,true,2026-05-30 03:14:08.509145+00,2026-06-09 22:52:37.418+00,[],[],[],[],[],"[{""url"":""https://641bdd57-e650-4f10-a19f-628c07eb50b7-00-1e7i1aja8wnz9.worf.replit.dev/api/storage/objects/products/summerset/PILL20.jpg"",""alt_text"":""Cushion for Throw Pillow 20\"""",""is_primary"":true,""display_order"":0,""image_kind"":""gallery"",""variant_id"":null}]",[]
Summerset,summerset,2801,RBTWIB52,"52"" Round Bar Table Signature (Ice Bucket or Burner Optional)",52-round-bar-table-signature-ice-bucket-or-burner-optional-sm,"Description 52"" Round Bar Table Signature (Ice Bucket or Burner Optional) Dimensions & Weight Product Dimension 41""x52""x52"" Shipping Dimension 53'' x4'' x53'' Net Weight 55 lbs Gross Weight 70.4 lbs QTY/CTN 1 Specifications Color MA Frame Type Cast Aluminum Knock-Down Matching Cover TR52; Cover doesn't reach ground Warranty Frames: 10 years; California's Proposition 65 Warning For California Residents Additional Documents

<ul>
  <li>Color: MA</li>
  <li>Frame Type: Cast Aluminum Knock-Down</li>
  <li>Matching Cover: TR52; Cover doesn't reach ground</li>
  <li>Warranty: Frames: 10 years;</li>
</ul>","Description 52"" Round Bar Table Signature (Ice Bucket or Burner Optional) Dimensions & Weight Product Dimension 41""x52""x52"" Shipping Dimension 53'' x4'' x53'' Net Weight 55 lbs Gross Weight 70.4 lbs QTY/CTN 1 Specifications Color MA Frame Type Cast Aluminum Knock-Down Matching Cover TR52; Cover doesn't reach ground Warranty Frames: 10 years; California's Proposition 65 Warning For California Residents Additional Documents",Coffee & Side Tables,cat-coffee-side-tables,Aluminum,aluminum,,,,,,,fixed,,"41""x52""x52""","{""Color"":""MA"",""Frame Type"":""Cast Aluminum Knock-Down"",""Net Weight"":""55 lbs"",""Qty/Carton"":""1"",""Gross Weight"":""70.4 lbs"",""Shipping Dimension"":""53''""}","[""Signature""]",false,true,false,true,false,,0,0,true,2026-05-30 03:14:43.101795+00,2026-06-09 22:52:37.657+00,[],[],[],[],[],"[{""url"":""https://641bdd57-e650-4f10-a19f-628c07eb50b7-00-1e7i1aja8wnz9.worf.replit.dev/api/storage/objects/products/summerset/RBTWIB52.jpg"",""alt_text"":""52\"" Round Bar Table Signature (Ice Bucket or Burner Optional)"",""is_primary"":true,""display_order"":0,""image_kind"":""gallery"",""variant_id"":null}]",[]
Summerset,summerset,2807,RCDT8444,"84"" x 44"" Rectangle Dining Table Signature",84-x-44-rectangle-dining-table-signature-sm,"Description 84"" X 44"" RECTANGLE DINING TABLE SIGNATURE Dimensions & Weight Product Dimension 28""x84""x44"" Shipping Dimension 46'' x3'' x87'' Net Weight 99 lbs Gross Weight 114.4 lbs QTY/CTN 1 Specifications Color MA Frame Type Cast Aluminum Knock-Down Matching Cover T12078; Cover with chairs Warranty Frames: 10 years; California's Proposition 65 Warning For California Residents Additional Documents

<ul>
  <li>Color: MA</li>
  <li>Frame Type: Cast Aluminum Knock-Down</li>
  <li>Matching Cover: T12078; Cover with chairs</li>
  <li>Warranty: Frames: 10 years;</li>
</ul>","Description 84"" X 44"" RECTANGLE DINING TABLE SIGNATURE Dimensions & Weight Product Dimension 28""x84""x44"" Shipping Dimension 46'' x3'' x87'' Net Weight 99 lbs Gross Weight 114.4 lbs QTY/CTN 1 Specifications Color MA Frame Type Cast Aluminum Knock-Down Matching Cover T12078; Cover with chairs Warranty Frames: 10 years; California's Proposition 65 Warning For California Residents Additional Documents",Dining,cat-dining,Aluminum,aluminum,,,,,,,fixed,,"28""x84""x44""","{""Color"":""MA"",""Frame Type"":""Cast Aluminum Knock-Down"",""Net Weight"":""99 lbs"",""Qty/Carton"":""1"",""Gross Weight"":""114.4 lbs"",""Shipping Dimension"":""46''""}","[""Signature"",""Stocking""]",false,true,false,true,false,,0,0,true,2026-05-30 03:14:45.24424+00,2026-06-09 22:52:37.617+00,[],[],[],[],[],"[{""url"":""https://641bdd57-e650-4f10-a19f-628c07eb50b7-00-1e7i1aja8wnz9.worf.replit.dev/api/storage/objects/products/summerset/RCDT8444.jpg"",""alt_text"":""84\"" x 44\"" Rectangle Dining Table Signature"",""is_primary"":true,""display_order"":0,""image_kind"":""gallery"",""variant_id"":null}]",[]
Summerset,summerset,2793,RCDTDR8444,"84"" x 44"" Rectangle Dining Table Designer",84-x-44-rectangle-dining-table-designer-sm,"Description 84"" X 44"" RECTANGLE DINING TABLE DESIGNER Dimensions & Weight Product Dimension 28""x84""x44"" Shipping Dimension 46'' x3'' x86'' Net Weight 79.2 lbs Gross Weight 94.16 lbs QTY/CTN 1 Specifications Color MA Frame Type Cast Aluminum Knock-Down Matching Cover T12078; Cover with chairs Warranty Frames: 10 years; California's Proposition 65 Warning For California Residents Additional Documents

<ul>
  <li>Color: MA</li>
  <li>Frame Type: Cast Aluminum Knock-Down</li>
  <li>Matching Cover: T12078; Cover with chairs</li>
  <li>Warranty: Frames: 10 years;</li>
</ul>","Description 84"" X 44"" RECTANGLE DINING TABLE DESIGNER Dimensions & Weight Product Dimension 28""x84""x44"" Shipping Dimension 46'' x3'' x86'' Net Weight 79.2 lbs Gross Weight 94.16 lbs QTY/CTN 1 Specifications Color MA Frame Type Cast Aluminum Knock-Down Matching Cover T12078; Cover with chairs Warranty Frames: 10 years; California's Proposition 65 Warning For California Residents Additional Documents",Dining,cat-dining,Aluminum,aluminum,,,,,,,fixed,,"28""x84""x44""","{""Color"":""MA"",""Frame Type"":""Cast Aluminum Knock-Down"",""Net Weight"":""79.2 lbs"",""Qty/Carton"":""1"",""Gross Weight"":""94.16 lbs"",""Shipping Dimension"":""46''""}","[""Designer"",""Stocking""]",false,true,false,true,false,,0,0,true,2026-05-30 03:14:38.943205+00,2026-06-09 22:52:37.617+00,[],[],[],[],[],"[{""url"":""https://641bdd57-e650-4f10-a19f-628c07eb50b7-00-1e7i1aja8wnz9.worf.replit.dev/api/storage/objects/products/summerset/RCDTDR8444.jpg"",""alt_text"":""84\"" x 44\"" Rectangle Dining Table Designer"",""is_primary"":true,""display_order"":0,""image_kind"":""gallery"",""variant_id"":null},{""url"":""https://641bdd57-e650-4f10-a19f-628c07eb50b7-00-1e7i1aja8wnz9.worf.replit.dev/api/storage/objects/products/summerset/RCDTDR8444_1.jpg"",""alt_text"":""84\"" x 44\"" Rectangle Dining Table Designer"",""is_primary"":false,""display_order"":1,""image_kind"":""gallery"",""variant_id"":null},{""url"":""https://641bdd57-e650-4f10-a19f-628c07eb50b7-00-1e7i1aja8wnz9.worf.replit.dev/api/storage/objects/products/summerset/RCDTDR8444_2.jpg"",""alt_text"":""84\"" x 44\"" Rectangle Dining Table Designer"",""is_primary"":false,""display_order"":2,""image_kind"":""gallery"",""variant_id"":null}]",[]
Summerset,summerset,2833,RCDTMB8040,"Mirabella Dining Table 80""x40""",mirabella-dining-table-80-x40-sm,"Description 80""x40"" Dining Table Mirabella Dimensions & Weight Product Dimension 29""x80""x40"" Shipping Dimension 82""x6""x42 Net Weight 59.5 lbs Gross Weight 75 lbs QTY/CTN 1 Specifications Color GE Frame Type Cast Aluminum Knock-Down Warranty Frames: 10 years; California's Proposition 65 Warning For California Residents Additional Documents

<ul>
  <li>Color: GE</li>
  <li>Frame Type: Cast Aluminum Knock-Down</li>
  <li>Warranty: Frames: 10 years;</li>
</ul>","Description 80""x40"" Dining Table Mirabella Dimensions & Weight Product Dimension 29""x80""x40"" Shipping Dimension 82""x6""x42 Net Weight 59.5 lbs Gross Weight 75 lbs QTY/CTN 1 Specifications Color GE Frame Type Cast Aluminum Knock-Down Warranty Frames: 10 years; California's Proposition 65 Warning For California Residents Additional Documents",Dining,cat-dining,Aluminum,aluminum,,,,,,,fixed,,"29""x80""x40""","{""Color"":""GE"",""Frame Type"":""Cast Aluminum Knock-Down"",""Net Weight"":""59.5 lbs"",""Qty/Carton"":""1"",""Gross Weight"":""75 lbs"",""Shipping Dimension"":""82\""x6\""x42""}","[""Mirabella"",""Stocking""]",false,true,false,true,false,,0,0,true,2026-05-30 03:15:01.193656+00,2026-06-09 22:52:37.617+00,[],[],[],[],[],"[{""url"":""https://641bdd57-e650-4f10-a19f-628c07eb50b7-00-1e7i1aja8wnz9.worf.replit.dev/api/storage/objects/products/summerset/RCDTMB8040.jpg"",""alt_text"":""Mirabella Dining Table 80\""x40\"""",""is_primary"":true,""display_order"":0,""image_kind"":""gallery"",""variant_id"":null},{""url"":""https://641bdd57-e650-4f10-a19f-628c07eb50b7-00-1e7i1aja8wnz9.worf.replit.dev/api/storage/objects/products/summerset/RCDTMB8040_1.jpg"",""alt_text"":""Mirabella Dining Table 80\""x40\"""",""is_primary"":false,""display_order"":1,""image_kind"":""gallery"",""variant_id"":null},{""url"":""https://641bdd57-e650-4f10-a19f-628c07eb50b7-00-1e7i1aja8wnz9.worf.replit.dev/api/storage/objects/products/summerset/RCDTMB8040_2.jpg"",""alt_text"":""Mirabella Dining Table 80\""x40\"""",""is_primary"":false,""display_order"":2,""image_kind"":""gallery"",""variant_id"":null}]",[]
Summerset,summerset,2823,RCDTWV12046,"120"" x 46"" Rectangle Dining Table Weave (Container Order Only)",120-x-46-rectangle-dining-table-weave-container-order-only-sm,"Description This product is for Container Direct order only. Please check our Container Direct Order Guidelines for ordering instruction. However, if this product is Not showing ""out of stock"", it means we still have some leftover quantity in our California warehouse. In which case, you can order up to the available quantity shown. In addition, these leftover items are discounted 20% to their regular prices. Dimensions & Weight Product Dimension 28""x120""x46"" Shipping Dimension 49'' x4'' x123'' N","Description This product is for Container Direct order only. Please check our Container Direct Order Guidelines for ordering instruction. However, if this product is Not showing ""out of stock"", it means we still have some leftover quantity in our California warehouse. In which case, you can order up to the available quantity shown. In addition, these leftover items are discounted 20% to their regular prices. Dimensions & Weight Product Dimension 28""x120""x46"" Shipping Dimension 49'' x4'' x123'' N",Dining,cat-dining,,,,,,,,,fixed,,"28""x120""x46""","{""Color"":""MA"",""Frame Type"":""Cast Aluminum Knock-Down"",""Net Weight"":""132 lbs"",""Qty/Carton"":""1"",""Gross Weight"":""156.42 lbs"",""Shipping Dimension"":""49''""}","[""Weave""]",false,true,false,true,false,,0,0,true,2026-05-30 03:14:55.804173+00,2026-06-09 22:52:37.617+00,[],[],[],[],[],"[{""url"":""https://641bdd57-e650-4f10-a19f-628c07eb50b7-00-1e7i1aja8wnz9.worf.replit.dev/api/storage/objects/products/summerset/RCDTWV12046.jpg"",""alt_text"":""120\"" x 46\"" Rectangle Dining Table Weave (Container Order Only)"",""is_primary"":true,""display_order"":0,""image_kind"":""gallery"",""variant_id"":null},{""url"":""https://641bdd57-e650-4f10-a19f-628c07eb50b7-00-1e7i1aja8wnz9.worf.replit.dev/api/storage/objects/products/summerset/RCDTWV12046_1.jpg"",""alt_text"":""120\"" x 46\"" Rectangle Dining Table Weave (Container Order Only)"",""is_primary"":false,""display_order"":1,""image_kind"":""gallery"",""variant_id"":null},{""url"":""https://641bdd57-e650-4f10-a19f-628c07eb50b7-00-1e7i1aja8wnz9.worf.replit.dev/api/storage/objects/products/summerset/RCDTWV12046_2.jpg"",""alt_text"":""120\"" x 46\"" Rectangle Dining Table Weave (Container Order Only)"",""is_primary"":false,""display_order"":2,""image_kind"":""gallery"",""variant_id"":null},{""url"":""https://641bdd57-e650-4f10-a19f-628c07eb50b7-00-1e7i1aja8wnz9.worf.replit.dev/api/storage/objects/products/summerset/RCDTWV12046_3.jpg"",""alt_text"":""120\"" x 46\"" Rectangle Dining Table Weave (Container Order Only)"",""is_primary"":false,""display_order"":3,""image_kind"":""gallery"",""variant_id"":null},{""url"":""https://641bdd57-e650-4f10-a19f-628c07eb50b7-00-1e7i1aja8wnz9.worf.replit.dev/api/storage/objects/products/summerset/RCDTWV12046_4.jpg"",""alt_text"":""120\"" x 46\"" Rectangle Dining Table Weave (Container Order Only)"",""is_primary"":false,""display_order"":4,""image_kind"":""gallery"",""variant_id"":null},{""url"":""https://641bdd57-e650-4f10-a19f-628c07eb50b7-00-1e7i1aja8wnz9.worf.replit.dev/api/storage/objects/products/summerset/RCDTWV12046_5.jpg"",""alt_text"":""120\"" x 46\"" Rectangle Dining Table Weave (Container Order Only)"",""is_primary"":false,""display_order"":5,""image_kind"":""gallery"",""variant_id"":null}]",[]
Summerset,summerset,2824,RCDTWV8646,"86"" x 46"" Rectangle Dining Table Weave",86-x-46-rectangle-dining-table-weave-sm,"Description 86"" X 46"" RECTANGLE DINING TABLE WEAVE Dimensions & Weight Product Dimension 28""x86""x46"" Shipping Dimension 49'' x4'' x88'' Net Weight 96.8 lbs Gross Weight 114.4 lbs QTY/CTN 1 Specifications Color MA Frame Type Cast Aluminum Knock-Down Matching Cover T12078; Cover with chairs Warranty Frames: 10 years; California's Proposition 65 Warning For California Residents Additional Documents

<ul>
  <li>Color: MA</li>
  <li>Frame Type: Cast Aluminum Knock-Down</li>
  <li>Matching Cover: T12078; Cover with chairs</li>
  <li>Warranty: Frames: 10 years;</li>
</ul>","Description 86"" X 46"" RECTANGLE DINING TABLE WEAVE Dimensions & Weight Product Dimension 28""x86""x46"" Shipping Dimension 49'' x4'' x88'' Net Weight 96.8 lbs Gross Weight 114.4 lbs QTY/CTN 1 Specifications Color MA Frame Type Cast Aluminum Knock-Down Matching Cover T12078; Cover with chairs Warranty Frames: 10 years; California's Proposition 65 Warning For California Residents Additional Documents",Dining,cat-dining,Aluminum,aluminum,,,,,,,fixed,,"28""x86""x46""","{""Color"":""MA"",""Frame Type"":""Cast Aluminum Knock-Down"",""Net Weight"":""96.8 lbs"",""Qty/Carton"":""1"",""Gross Weight"":""114.4 lbs"",""Shipping Dimension"":""49''""}","[""Ecom"",""Stocking"",""Weave""]",false,true,false,true,false,,0,0,true,2026-05-30 03:14:56.478724+00,2026-06-09 22:52:37.617+00,[],[],[],[],[],"[{""url"":""https://641bdd57-e650-4f10-a19f-628c07eb50b7-00-1e7i1aja8wnz9.worf.replit.dev/api/storage/objects/products/summerset/RCDTWV8646.jpg"",""alt_text"":""86\"" x 46\"" Rectangle Dining Table Weave"",""is_primary"":true,""display_order"":0,""image_kind"":""gallery"",""variant_id"":null},{""url"":""https://641bdd57-e650-4f10-a19f-628c07eb50b7-00-1e7i1aja8wnz9.worf.replit.dev/api/storage/objects/products/summerset/RCDTWV8646_1.jpg"",""alt_text"":""86\"" x 46\"" Rectangle Dining Table Weave"",""is_primary"":false,""display_order"":1,""image_kind"":""gallery"",""variant_id"":null},{""url"":""https://641bdd57-e650-4f10-a19f-628c07eb50b7-00-1e7i1aja8wnz9.worf.replit.dev/api/storage/objects/products/summerset/RCDTWV8646_2.jpg"",""alt_text"":""86\"" x 46\"" Rectangle Dining Table Weave"",""is_primary"":false,""display_order"":2,""image_kind"":""gallery"",""variant_id"":null},{""url"":""https://641bdd57-e650-4f10-a19f-628c07eb50b7-00-1e7i1aja8wnz9.worf.replit.dev/api/storage/objects/products/summerset/RCDTWV8646_3.jpg"",""alt_text"":""86\"" x 46\"" Rectangle Dining Table Weave"",""is_primary"":false,""display_order"":3,""image_kind"":""gallery"",""variant_id"":null}]",[]
Summerset,summerset,2818,RCDTWVEX12748,"127"" x 48"" Rectangle Dining Table Weave Extension",127-x-48-rectangle-dining-table-weave-extension-sm,"Description 127"" x 48"" Rectangle Dining Table Weave Extension Dimensions & Weight Product Dimension 28""127""x48"" Shipping Dimension 7""x86.6""x51"" Net Weight 152 lbs Gross Weight 167.5 lbs QTY/CTN 1 Specifications Color MA Frame Type Cast Aluminum Knock-Down Matching Cover T12078; Cover with chairs Warranty Frames: 10 years; California's Proposition 65 Warning For California Residents Additional Documents

<ul>
  <li>Color: MA</li>
  <li>Frame Type: Cast Aluminum Knock-Down</li>
  <li>Matching Cover: T12078; Cover with chairs</li>
  <li>Warranty: Frames: 10 years;</li>
</ul>","Description 127"" x 48"" Rectangle Dining Table Weave Extension Dimensions & Weight Product Dimension 28""127""x48"" Shipping Dimension 7""x86.6""x51"" Net Weight 152 lbs Gross Weight 167.5 lbs QTY/CTN 1 Specifications Color MA Frame Type Cast Aluminum Knock-Down Matching Cover T12078; Cover with chairs Warranty Frames: 10 years; California's Proposition 65 Warning For California Residents Additional Documents",Dining,cat-dining,Aluminum,aluminum,,,,,,,fixed,,"28""127""x48""","{""Color"":""MA"",""Frame Type"":""Cast Aluminum Knock-Down"",""Net Weight"":""152 lbs"",""Qty/Carton"":""1"",""Gross Weight"":""167.5 lbs"",""Shipping Dimension"":""7\""x86.6\""x51\""""}","[""Stocking"",""Weave""]",false,true,false,true,false,,0,0,true,2026-05-30 03:14:53.145976+00,2026-06-09 22:52:37.617+00,[],[],[],[],[],"[{""url"":""https://641bdd57-e650-4f10-a19f-628c07eb50b7-00-1e7i1aja8wnz9.worf.replit.dev/api/storage/objects/products/summerset/RCDTWVEX12748.jpg"",""alt_text"":""127\"" x 48\"" Rectangle Dining Table Weave Extension"",""is_primary"":true,""display_order"":0,""image_kind"":""gallery"",""variant_id"":null},{""url"":""https://641bdd57-e650-4f10-a19f-628c07eb50b7-00-1e7i1aja8wnz9.worf.replit.dev/api/storage/objects/products/summerset/RCDTWVEX12748_1.jpg"",""alt_text"":""127\"" x 48\"" Rectangle Dining Table Weave Extension"",""is_primary"":false,""display_order"":1,""image_kind"":""gallery"",""variant_id"":null}]",[]
Summerset,summerset,2797,RCDTWVEX13248,"132"" x 48"" Rectangle Dining Table Signature Extension",132-x-48-rectangle-dining-table-signature-extension-sm,"Description 132"" x 48"" Rectangle Dining Table Signature Extension Dimensions & Weight Product Dimension 28""x132""x48"" Shipping Dimension 0 Net Weight 158 lbs Gross Weight 178 lbs QTY/CTN 1 Specifications Color MA Frame Type Cast Aluminum Knock-Down Matching Cover T12078; Cover with chairs Warranty Frames: 10 years; California's Proposition 65 Warning For California Residents Additional Documents

<ul>
  <li>Color: MA</li>
  <li>Frame Type: Cast Aluminum Knock-Down</li>
  <li>Matching Cover: T12078; Cover with chairs</li>
  <li>Warranty: Frames: 10 years;</li>
</ul>","Description 132"" x 48"" Rectangle Dining Table Signature Extension Dimensions & Weight Product Dimension 28""x132""x48"" Shipping Dimension 0 Net Weight 158 lbs Gross Weight 178 lbs QTY/CTN 1 Specifications Color MA Frame Type Cast Aluminum Knock-Down Matching Cover T12078; Cover with chairs Warranty Frames: 10 years; California's Proposition 65 Warning For California Residents Additional Documents",Dining,cat-dining,Aluminum,aluminum,,,,,,,fixed,,"28""x132""x48""","{""Color"":""MA"",""Frame Type"":""Cast Aluminum Knock-Down"",""Net Weight"":""158 lbs"",""Qty/Carton"":""1"",""Gross Weight"":""178 lbs"",""Shipping Dimension"":""0""}","[""Signature"",""Stocking""]",false,true,false,true,false,,0,0,true,2026-05-30 03:14:40.878762+00,2026-06-09 22:52:37.617+00,[],[],[],[],[],"[{""url"":""https://641bdd57-e650-4f10-a19f-628c07eb50b7-00-1e7i1aja8wnz9.worf.replit.dev/api/storage/objects/products/summerset/RCDTWVEX13248.jpg"",""alt_text"":""132\"" x 48\"" Rectangle Dining Table Signature Extension"",""is_primary"":true,""display_order"":0,""image_kind"":""gallery"",""variant_id"":null},{""url"":""https://641bdd57-e650-4f10-a19f-628c07eb50b7-00-1e7i1aja8wnz9.worf.replit.dev/api/storage/objects/products/summerset/RCDTWVEX13248_1.jpg"",""alt_text"":""132\"" x 48\"" Rectangle Dining Table Signature Extension"",""is_primary"":false,""display_order"":1,""image_kind"":""gallery"",""variant_id"":null},{""url"":""https://641bdd57-e650-4f10-a19f-628c07eb50b7-00-1e7i1aja8wnz9.worf.replit.dev/api/storage/objects/products/summerset/RCDTWVEX13248_2.jpg"",""alt_text"":""132\"" x 48\"" Rectangle Dining Table Signature Extension"",""is_primary"":false,""display_order"":2,""image_kind"":""gallery"",""variant_id"":null},{""url"":""https://641bdd57-e650-4f10-a19f-628c07eb50b7-00-1e7i1aja8wnz9.worf.replit.dev/api/storage/objects/products/summerset/RCDTWVEX13248_3.jpg"",""alt_text"":""132\"" x 48\"" Rectangle Dining Table Signature Extension"",""is_primary"":false,""display_order"":3,""image_kind"":""gallery"",""variant_id"":null}]",[]
Summerset,summerset,2798,RCHTWIB52,"52"" Round Chat Table Signature  (Ice Bucket or Burner Optional)",52-round-chat-table-signature-ice-bucket-or-burner-optional-sm,"Description 52"" Round Chat Table Signature (Ice Bucket or Burner Optional) Dimensions & Weight Product Dimension 24.5""x52""x52"" Shipping Dimension 0 Net Weight lbs Gross Weight lbs QTY/CTN 1 Specifications Color MA Frame Type Cast Aluminum Knock-Down Matching Cover TR52; Warranty Frames: 10 years; California's Proposition 65 Warning For California Residents Additional Documents

<ul>
  <li>Color: MA</li>
  <li>Frame Type: Cast Aluminum Knock-Down</li>
  <li>Matching Cover: TR52;</li>
  <li>Warranty: Frames: 10 years;</li>
</ul>","Description 52"" Round Chat Table Signature (Ice Bucket or Burner Optional) Dimensions & Weight Product Dimension 24.5""x52""x52"" Shipping Dimension 0 Net Weight lbs Gross Weight lbs QTY/CTN 1 Specifications Color MA Frame Type Cast Aluminum Knock-Down Matching Cover TR52; Warranty Frames: 10 years; California's Proposition 65 Warning For California Residents Additional Documents",Coffee & Side Tables,cat-coffee-side-tables,Aluminum,aluminum,,,,,,,fixed,,"24.5""x52""x52""","{""Color"":""MA"",""Frame Type"":""Cast Aluminum Knock-Down"",""Qty/Carton"":""1"",""Shipping Dimension"":""0""}","[""Signature""]",false,true,false,true,false,,0,0,true,2026-05-30 03:14:41.315596+00,2026-06-09 22:52:37.657+00,[],[],[],[],[],"[{""url"":""https://641bdd57-e650-4f10-a19f-628c07eb50b7-00-1e7i1aja8wnz9.worf.replit.dev/api/storage/objects/products/summerset/RCHTWIB52.jpg"",""alt_text"":""52\"" Round Chat Table Signature  (Ice Bucket or Burner Optional)"",""is_primary"":true,""display_order"":0,""image_kind"":""gallery"",""variant_id"":null},{""url"":""https://641bdd57-e650-4f10-a19f-628c07eb50b7-00-1e7i1aja8wnz9.worf.replit.dev/api/storage/objects/products/summerset/RCHTWIB52_1.jpg"",""alt_text"":""52\"" Round Chat Table Signature  (Ice Bucket or Burner Optional)"",""is_primary"":false,""display_order"":1,""image_kind"":""gallery"",""variant_id"":null}]",[]
Summerset,summerset,2849,RCTDT7436JL,"74"" x 36"" Rectangle Dining Table JoLee",74-x-36-rectangle-dining-table-jolee-sm,"Description Dining Table 74"" x 36"" Jolee Dimensions & Weight Product Dimension 29""x74""x36"" Shipping Dimension 40.1""x4.5""x76.3"" Net Weight 56.3 lbs Gross Weight 67.1 lbs QTY/CTN 1 Specifications Color BG Frame Type Aluminum Knock-Down Matching Cover T10560; Warranty Frames: 10 years; California's Proposition 65 Warning For California Residents Additional Documents

<ul>
  <li>Color: BG</li>
  <li>Frame Type: Aluminum Knock-Down</li>
  <li>Matching Cover: T10560;</li>
  <li>Warranty: Frames: 10 years;</li>
</ul>","Description Dining Table 74"" x 36"" Jolee Dimensions & Weight Product Dimension 29""x74""x36"" Shipping Dimension 40.1""x4.5""x76.3"" Net Weight 56.3 lbs Gross Weight 67.1 lbs QTY/CTN 1 Specifications Color BG Frame Type Aluminum Knock-Down Matching Cover T10560; Warranty Frames: 10 years; California's Proposition 65 Warning For California Residents Additional Documents",Dining,cat-dining,Aluminum,aluminum,,,,,,,fixed,,"29""x74""x36""","{""Color"":""BG"",""Frame Type"":""Aluminum Knock-Down"",""Net Weight"":""56.3 lbs"",""Qty/Carton"":""1"",""Gross Weight"":""67.1 lbs"",""Shipping Dimension"":""40.1\""x4.5\""x76.3\""""}","[""JoLee"",""Stocking""]",false,true,false,true,false,,0,0,true,2026-05-30 03:15:08.177582+00,2026-06-09 22:52:37.617+00,[],[],[],[],[],"[{""url"":""https://641bdd57-e650-4f10-a19f-628c07eb50b7-00-1e7i1aja8wnz9.worf.replit.dev/api/storage/objects/products/summerset/RCTDT7436JL.jpg"",""alt_text"":""74\"" x 36\"" Rectangle Dining Table JoLee"",""is_primary"":true,""display_order"":0,""image_kind"":""gallery"",""variant_id"":null}]",[]
Summerset,summerset,2763,RCTDT7436JLW,"74"" x 36"" Rectangle Dining Table JoLee White",74-x-36-rectangle-dining-table-jolee-white-sm,"Description 74"" x 36"" Rectangle Dining Table JoLee White Dimensions & Weight Product Dimension 29""x74""x36"" Shipping Dimension 40.1""x4.5""x76.3"" Net Weight 56.3 lbs Gross Weight 67.1 lbs QTY/CTN 1 Specifications Color White Wash Frame Type Aluminum Knock-Down Matching Cover T10560; Warranty Frames: 10 years; California's Proposition 65 Warning For California Residents Additional Documents

<ul>
  <li>Color: White Wash</li>
  <li>Frame Type: Aluminum Knock-Down</li>
  <li>Matching Cover: T10560;</li>
  <li>Warranty: Frames: 10 years;</li>
</ul>","Description 74"" x 36"" Rectangle Dining Table JoLee White Dimensions & Weight Product Dimension 29""x74""x36"" Shipping Dimension 40.1""x4.5""x76.3"" Net Weight 56.3 lbs Gross Weight 67.1 lbs QTY/CTN 1 Specifications Color White Wash Frame Type Aluminum Knock-Down Matching Cover T10560; Warranty Frames: 10 years; California's Proposition 65 Warning For California Residents Additional Documents",Dining,cat-dining,Aluminum,aluminum,,,,,,,fixed,,"29""x74""x36""","{""Color"":""White Wash"",""Frame Type"":""Aluminum Knock-Down"",""Net Weight"":""56.3 lbs"",""Qty/Carton"":""1"",""Gross Weight"":""67.1 lbs"",""Shipping Dimension"":""40.1\""x4.5\""x76.3\""""}","[""Dining"",""JoLee White"",""Stocking""]",false,true,false,true,false,,0,0,true,2026-05-30 03:14:23.009465+00,2026-06-09 22:52:37.617+00,[],[],[],[],[],"[{""url"":""https://641bdd57-e650-4f10-a19f-628c07eb50b7-00-1e7i1aja8wnz9.worf.replit.dev/api/storage/objects/products/summerset/RCTDT7436JLW.jpg"",""alt_text"":""74\"" x 36\"" Rectangle Dining Table JoLee White"",""is_primary"":true,""display_order"":0,""image_kind"":""gallery"",""variant_id"":null},{""url"":""https://641bdd57-e650-4f10-a19f-628c07eb50b7-00-1e7i1aja8wnz9.worf.replit.dev/api/storage/objects/products/summerset/RCTDT7436JLW_1.jpg"",""alt_text"":""74\"" x 36\"" Rectangle Dining Table JoLee White"",""is_primary"":false,""display_order"":1,""image_kind"":""gallery"",""variant_id"":null}]",[]
Summerset,summerset,2617,RCTDT8440ER,"84""x40"" Dining Table Aeros",84-x40-dining-table-aeros-sm,"Description 127"" x 48"" Rectangle Dining Table Weave Extension Dimensions & Weight Product Dimension 84""x40""29.5"" Shipping Dimension 77""x42""x12.5"" Net Weight 73 lbs Gross Weight 86 lbs QTY/CTN 1 Specifications Color Light Grey/Dark Grey Frame Type Cast Aluminum Knock-Down Matching Cover T12078; Cover with chairs Warranty Frames: 10 years; California's Proposition 65 Warning For California Residents Additional Documents

<ul>
  <li>Color: Light Grey/Dark Grey</li>
  <li>Frame Type: Cast Aluminum Knock-Down</li>
  <li>Matching Cover: T12078; Cover with chairs</li>
  <li>Warranty: Frames: 10 years;</li>
</ul>","Description 127"" x 48"" Rectangle Dining Table Weave Extension Dimensions & Weight Product Dimension 84""x40""29.5"" Shipping Dimension 77""x42""x12.5"" Net Weight 73 lbs Gross Weight 86 lbs QTY/CTN 1 Specifications Color Light Grey/Dark Grey Frame Type Cast Aluminum Knock-Down Matching Cover T12078; Cover with chairs Warranty Frames: 10 years; California's Proposition 65 Warning For California Residents Additional Documents",Dining,cat-dining,Aluminum,aluminum,,,,,,,fixed,,"84""x40""29.5""","{""Color"":""Light Grey/Dark Grey"",""Frame Type"":""Cast Aluminum Knock-Down"",""Net Weight"":""73 lbs"",""Qty/Carton"":""1"",""Gross Weight"":""86 lbs"",""Shipping Dimension"":""77\""x42\""x12.5\""""}","[""Aeros""]",false,true,false,true,false,,0,0,true,2026-05-30 03:13:29.931137+00,2026-06-09 22:52:37.617+00,[],[],[],[],[],"[{""url"":""https://641bdd57-e650-4f10-a19f-628c07eb50b7-00-1e7i1aja8wnz9.worf.replit.dev/api/storage/objects/products/summerset/RCTDT8440ER.jpg"",""alt_text"":""84\""x40\"" Dining Table Aeros"",""is_primary"":true,""display_order"":0,""image_kind"":""gallery"",""variant_id"":null},{""url"":""https://641bdd57-e650-4f10-a19f-628c07eb50b7-00-1e7i1aja8wnz9.worf.replit.dev/api/storage/objects/products/summerset/RCTDT8440ER_1.jpg"",""alt_text"":""84\""x40\"" Dining Table Aeros"",""is_primary"":false,""display_order"":1,""image_kind"":""gallery"",""variant_id"":null}]",[]
Summerset,summerset,2848,RCTDT9644JL,"96"" x 44"" Rectangle Dining Table JoLee",96-x-44-rectangle-dining-table-jolee-sm,"Description Dining Table 96"" x 44"" Jolee Dimensions & Weight Product Dimension 29""x96""x44"" Shipping Dimension 47.3""x5.3""x97.5"" Net Weight 78 lbs Gross Weight 91.3 lbs QTY/CTN 1 Specifications Color BG Frame Type Aluminum Knock-Down Matching Cover T12078; Warranty Frames: 10 years; California's Proposition 65 Warning For California Residents Additional Documents

<ul>
  <li>Color: BG</li>
  <li>Frame Type: Aluminum Knock-Down</li>
  <li>Matching Cover: T12078;</li>
  <li>Warranty: Frames: 10 years;</li>
</ul>","Description Dining Table 96"" x 44"" Jolee Dimensions & Weight Product Dimension 29""x96""x44"" Shipping Dimension 47.3""x5.3""x97.5"" Net Weight 78 lbs Gross Weight 91.3 lbs QTY/CTN 1 Specifications Color BG Frame Type Aluminum Knock-Down Matching Cover T12078; Warranty Frames: 10 years; California's Proposition 65 Warning For California Residents Additional Documents",Dining,cat-dining,Aluminum,aluminum,,,,,,,fixed,,"29""x96""x44""","{""Color"":""BG"",""Frame Type"":""Aluminum Knock-Down"",""Net Weight"":""78 lbs"",""Qty/Carton"":""1"",""Gross Weight"":""91.3 lbs"",""Shipping Dimension"":""47.3\""x5.3\""x97.5\""""}","[""JoLee"",""Stocking""]",false,true,false,true,false,,0,0,true,2026-05-30 03:15:08.0441+00,2026-06-09 22:52:37.617+00,[],[],[],[],[],"[{""url"":""https://641bdd57-e650-4f10-a19f-628c07eb50b7-00-1e7i1aja8wnz9.worf.replit.dev/api/storage/objects/products/summerset/RCTDT9644JL.jpg"",""alt_text"":""96\"" x 44\"" Rectangle Dining Table JoLee"",""is_primary"":true,""display_order"":0,""image_kind"":""gallery"",""variant_id"":null},{""url"":""https://641bdd57-e650-4f10-a19f-628c07eb50b7-00-1e7i1aja8wnz9.worf.replit.dev/api/storage/objects/products/summerset/RCTDT9644JL_1.jpg"",""alt_text"":""96\"" x 44\"" Rectangle Dining Table JoLee"",""is_primary"":false,""display_order"":1,""image_kind"":""gallery"",""variant_id"":null}]",[]
Summerset,summerset,2762,RCTDT9644JLW,"96"" x 44"" Rectangle Dining Table JoLee White",96-x-44-rectangle-dining-table-jolee-white-sm,"Description Dining Table 96"" x 44"" Jolee White Dimensions & Weight Product Dimension 29""x96""x44"" Shipping Dimension 47.3""x5.3""x97.5"" Net Weight 78 lbs Gross Weight 91.3 lbs QTY/CTN 1 Specifications Color WW Frame Type Aluminum Knock-Down Matching Cover T12078; Warranty Frames: 10 years; California's Proposition 65 Warning For California Residents Additional Documents

<ul>
  <li>Color: WW</li>
  <li>Frame Type: Aluminum Knock-Down</li>
  <li>Matching Cover: T12078;</li>
  <li>Warranty: Frames: 10 years;</li>
</ul>","Description Dining Table 96"" x 44"" Jolee White Dimensions & Weight Product Dimension 29""x96""x44"" Shipping Dimension 47.3""x5.3""x97.5"" Net Weight 78 lbs Gross Weight 91.3 lbs QTY/CTN 1 Specifications Color WW Frame Type Aluminum Knock-Down Matching Cover T12078; Warranty Frames: 10 years; California's Proposition 65 Warning For California Residents Additional Documents",Dining,cat-dining,Aluminum,aluminum,,,,,,,fixed,,"29""x96""x44""","{""Color"":""WW"",""Frame Type"":""Aluminum Knock-Down"",""Net Weight"":""78 lbs"",""Qty/Carton"":""1"",""Gross Weight"":""91.3 lbs"",""Shipping Dimension"":""47.3\""x5.3\""x97.5\""""}","[""Dining"",""JoLee White"",""Stocking""]",false,true,false,true,false,,0,0,true,2026-05-30 03:14:22.677283+00,2026-06-09 22:52:37.617+00,[],[],[],[],[],"[{""url"":""https://641bdd57-e650-4f10-a19f-628c07eb50b7-00-1e7i1aja8wnz9.worf.replit.dev/api/storage/objects/products/summerset/RCTDT9644JLW.jpg"",""alt_text"":""96\"" x 44\"" Rectangle Dining Table JoLee White"",""is_primary"":true,""display_order"":0,""image_kind"":""gallery"",""variant_id"":null}]",[]
Summerset,summerset,2804,RCTWIB52,"52"" Round Counter Table Signature  (Ice Bucket or Burner Optional)",52-round-counter-table-signature-ice-bucket-or-burner-optional-sm,"Description 52"" ROUND COUNTER TABLE SIGNATURE (ICE BUCKET OR BURNER OPTIONAL) Dimensions & Weight Product Dimension 38""x52""x52"" Shipping Dimension 53'' x4'' x53'' Net Weight 44 lbs Gross Weight 55 lbs QTY/CTN 1 Specifications Color MA Frame Type Cast Aluminum Knock-Down Matching Cover TR52; Warranty Frames: 10 years; California's Proposition 65 Warning For California Residents Additional Documents

<ul>
  <li>Color: MA</li>
  <li>Frame Type: Cast Aluminum Knock-Down</li>
  <li>Matching Cover: TR52;</li>
  <li>Warranty: Frames: 10 years;</li>
</ul>","Description 52"" ROUND COUNTER TABLE SIGNATURE (ICE BUCKET OR BURNER OPTIONAL) Dimensions & Weight Product Dimension 38""x52""x52"" Shipping Dimension 53'' x4'' x53'' Net Weight 44 lbs Gross Weight 55 lbs QTY/CTN 1 Specifications Color MA Frame Type Cast Aluminum Knock-Down Matching Cover TR52; Warranty Frames: 10 years; California's Proposition 65 Warning For California Residents Additional Documents",Coffee & Side Tables,cat-coffee-side-tables,Aluminum,aluminum,,,,,,,fixed,,"38""x52""x52""","{""Color"":""MA"",""Frame Type"":""Cast Aluminum Knock-Down"",""Net Weight"":""44 lbs"",""Qty/Carton"":""1"",""Gross Weight"":""55 lbs"",""Shipping Dimension"":""53''""}","[""Signature"",""Stocking""]",false,true,false,true,false,,0,0,true,2026-05-30 03:14:44.239076+00,2026-06-09 22:52:37.657+00,[],[],[],[],[],"[{""url"":""https://641bdd57-e650-4f10-a19f-628c07eb50b7-00-1e7i1aja8wnz9.worf.replit.dev/api/storage/objects/products/summerset/RCTWIB52.jpg"",""alt_text"":""52\"" Round Counter Table Signature  (Ice Bucket or Burner Optional)"",""is_primary"":true,""display_order"":0,""image_kind"":""gallery"",""variant_id"":null}]",[]
Summerset,summerset,2814,RDT42,"42"" Round Dining Table Signature",42-round-dining-table-signature-sm,"Description 42"" Round Dining Table Signature Dimensions & Weight Product Dimension 28""x42""x42"" Shipping Dimension 43'' x3'' x43'' Net Weight 41.8 lbs Gross Weight 51.7 lbs QTY/CTN 1 Specifications Color MA Frame Type Cast Aluminum Knock-Down Matching Cover M929; Cover table top only Warranty Frames: 10 years; California's Proposition 65 Warning For California Residents Additional Documents

<ul>
  <li>Color: MA</li>
  <li>Frame Type: Cast Aluminum Knock-Down</li>
  <li>Matching Cover: M929; Cover table top only</li>
  <li>Warranty: Frames: 10 years;</li>
</ul>","Description 42"" Round Dining Table Signature Dimensions & Weight Product Dimension 28""x42""x42"" Shipping Dimension 43'' x3'' x43'' Net Weight 41.8 lbs Gross Weight 51.7 lbs QTY/CTN 1 Specifications Color MA Frame Type Cast Aluminum Knock-Down Matching Cover M929; Cover table top only Warranty Frames: 10 years; California's Proposition 65 Warning For California Residents Additional Documents",Dining,cat-dining,Aluminum,aluminum,,,,,,,fixed,,"28""x42""x42""","{""Color"":""MA"",""Frame Type"":""Cast Aluminum Knock-Down"",""Net Weight"":""41.8 lbs"",""Qty/Carton"":""1"",""Gross Weight"":""51.7 lbs"",""Shipping Dimension"":""43''""}","[""Ecom"",""Signature""]",false,true,false,true,false,,0,0,true,2026-05-30 03:14:50.442839+00,2026-06-09 22:52:37.617+00,[],[],[],[],[],"[{""url"":""https://641bdd57-e650-4f10-a19f-628c07eb50b7-00-1e7i1aja8wnz9.worf.replit.dev/api/storage/objects/products/summerset/RDT42.jpg"",""alt_text"":""42\"" Round Dining Table Signature"",""is_primary"":true,""display_order"":0,""image_kind"":""gallery"",""variant_id"":null},{""url"":""https://641bdd57-e650-4f10-a19f-628c07eb50b7-00-1e7i1aja8wnz9.worf.replit.dev/api/storage/objects/products/summerset/RDT42_1.jpg"",""alt_text"":""42\"" Round Dining Table Signature"",""is_primary"":false,""display_order"":1,""image_kind"":""gallery"",""variant_id"":null},{""url"":""https://641bdd57-e650-4f10-a19f-628c07eb50b7-00-1e7i1aja8wnz9.worf.replit.dev/api/storage/objects/products/summerset/RDT42_2.jpg"",""alt_text"":""42\"" Round Dining Table Signature"",""is_primary"":false,""display_order"":2,""image_kind"":""gallery"",""variant_id"":null}]",[]
Summerset,summerset,2813,RDT48,"48"" Round Dining Table Signature",48-round-dining-table-signature-sm,"Description 48"" ROUND DINING TABLE SIGNATURE Dimensions & Weight Product Dimension 28""x48""x48"" Shipping Dimension 50'' x3'' x50'' Net Weight 48.4 lbs Gross Weight 60.5 lbs QTY/CTN 1 Specifications Color MA Frame Type Cast Aluminum Knock-Down Matching Cover TR52; Cover will be slightly bigger; or M930; Cover table top only Warranty Frames: 10 years; California's Proposition 65 Warning For California Residents Additional Documents

<ul>
  <li>Color: MA</li>
  <li>Frame Type: Cast Aluminum Knock-Down</li>
  <li>Matching Cover: TR52; Cover will be slightly bigger; or M930; Cover table top only</li>
  <li>Warranty: Frames: 10 years;</li>
</ul>","Description 48"" ROUND DINING TABLE SIGNATURE Dimensions & Weight Product Dimension 28""x48""x48"" Shipping Dimension 50'' x3'' x50'' Net Weight 48.4 lbs Gross Weight 60.5 lbs QTY/CTN 1 Specifications Color MA Frame Type Cast Aluminum Knock-Down Matching Cover TR52; Cover will be slightly bigger; or M930; Cover table top only Warranty Frames: 10 years; California's Proposition 65 Warning For California Residents Additional Documents",Dining,cat-dining,Aluminum,aluminum,,,,,,,fixed,,"28""x48""x48""","{""Color"":""MA"",""Frame Type"":""Cast Aluminum Knock-Down"",""Net Weight"":""48.4 lbs"",""Qty/Carton"":""1"",""Gross Weight"":""60.5 lbs"",""Shipping Dimension"":""50''""}","[""Ecom"",""Signature"",""Stocking""]",false,true,false,true,false,,0,0,true,2026-05-30 03:14:49.878212+00,2026-06-09 22:52:37.617+00,[],[],[],[],[],"[{""url"":""https://641bdd57-e650-4f10-a19f-628c07eb50b7-00-1e7i1aja8wnz9.worf.replit.dev/api/storage/objects/products/summerset/RDT48.jpg"",""alt_text"":""48\"" Round Dining Table Signature"",""is_primary"":true,""display_order"":0,""image_kind"":""gallery"",""variant_id"":null},{""url"":""https://641bdd57-e650-4f10-a19f-628c07eb50b7-00-1e7i1aja8wnz9.worf.replit.dev/api/storage/objects/products/summerset/RDT48_1.jpg"",""alt_text"":""48\"" Round Dining Table Signature"",""is_primary"":false,""display_order"":1,""image_kind"":""gallery"",""variant_id"":null},{""url"":""https://641bdd57-e650-4f10-a19f-628c07eb50b7-00-1e7i1aja8wnz9.worf.replit.dev/api/storage/objects/products/summerset/RDT48_2.jpg"",""alt_text"":""48\"" Round Dining Table Signature"",""is_primary"":false,""display_order"":2,""image_kind"":""gallery"",""variant_id"":null}]",[]
Summerset,summerset,2811,RDT60,"60"" Round Dining Table Signature",60-round-dining-table-signature-sm,"Description 60"" ROUND DINING TABLE SIGNATURE Dimensions & Weight Product Dimension 28""x60""x60"" Shipping Dimension 61'' x3'' x61'' Net Weight 72.6 lbs Gross Weight 90.2 lbs QTY/CTN 1 Specifications Color MA Frame Type Cast Aluminum Knock-Down Matching Cover TR94; with chairs Warranty Frames: 10 years; California's Proposition 65 Warning For California Residents Additional Documents

<ul>
  <li>Color: MA</li>
  <li>Frame Type: Cast Aluminum Knock-Down</li>
  <li>Matching Cover: TR94; with chairs</li>
  <li>Warranty: Frames: 10 years;</li>
</ul>","Description 60"" ROUND DINING TABLE SIGNATURE Dimensions & Weight Product Dimension 28""x60""x60"" Shipping Dimension 61'' x3'' x61'' Net Weight 72.6 lbs Gross Weight 90.2 lbs QTY/CTN 1 Specifications Color MA Frame Type Cast Aluminum Knock-Down Matching Cover TR94; with chairs Warranty Frames: 10 years; California's Proposition 65 Warning For California Residents Additional Documents",Dining,cat-dining,Aluminum,aluminum,,,,,,,fixed,,"28""x60""x60""","{""Color"":""MA"",""Frame Type"":""Cast Aluminum Knock-Down"",""Net Weight"":""72.6 lbs"",""Qty/Carton"":""1"",""Gross Weight"":""90.2 lbs"",""Shipping Dimension"":""61''""}","[""Ecom"",""Signature"",""Stocking""]",false,true,false,true,false,,0,0,true,2026-05-30 03:14:48.416848+00,2026-06-09 22:52:37.617+00,[],[],[],[],[],"[{""url"":""https://641bdd57-e650-4f10-a19f-628c07eb50b7-00-1e7i1aja8wnz9.worf.replit.dev/api/storage/objects/products/summerset/RDT60.jpg"",""alt_text"":""60\"" Round Dining Table Signature"",""is_primary"":true,""display_order"":0,""image_kind"":""gallery"",""variant_id"":null},{""url"":""https://641bdd57-e650-4f10-a19f-628c07eb50b7-00-1e7i1aja8wnz9.worf.replit.dev/api/storage/objects/products/summerset/RDT60_1.jpg"",""alt_text"":""60\"" Round Dining Table Signature"",""is_primary"":false,""display_order"":1,""image_kind"":""gallery"",""variant_id"":null},{""url"":""https://641bdd57-e650-4f10-a19f-628c07eb50b7-00-1e7i1aja8wnz9.worf.replit.dev/api/storage/objects/products/summerset/RDT60_2.jpg"",""alt_text"":""60\"" Round Dining Table Signature"",""is_primary"":false,""display_order"":2,""image_kind"":""gallery"",""variant_id"":null},{""url"":""https://641bdd57-e650-4f10-a19f-628c07eb50b7-00-1e7i1aja8wnz9.worf.replit.dev/api/storage/objects/products/summerset/RDT60_3.jpg"",""alt_text"":""60\"" Round Dining Table Signature"",""is_primary"":false,""display_order"":3,""image_kind"":""gallery"",""variant_id"":null}]",[]
Summerset,summerset,2812,RDTWIB52,"52"" Round Dining Table Signature (Ice Bucket or Burner Optional)",52-round-dining-table-signature-ice-bucket-or-burner-optional-sm,"Description 52"" ROUND DINING TABLE SIGNATURE (ICE BUCKET OR BURNER OPTIONAL) Dimensions & Weight Product Dimension 28""x52""x52"" Shipping Dimension 53'' x4'' x53'' Net Weight 44 lbs Gross Weight 55 lbs QTY/CTN 1 Specifications Color MA Frame Type Cast Aluminum Knock-Down Matching Cover TR52; Warranty Frames: 10 years; California's Proposition 65 Warning For California Residents Additional Documents

<ul>
  <li>Color: MA</li>
  <li>Frame Type: Cast Aluminum Knock-Down</li>
  <li>Matching Cover: TR52;</li>
  <li>Warranty: Frames: 10 years;</li>
</ul>","Description 52"" ROUND DINING TABLE SIGNATURE (ICE BUCKET OR BURNER OPTIONAL) Dimensions & Weight Product Dimension 28""x52""x52"" Shipping Dimension 53'' x4'' x53'' Net Weight 44 lbs Gross Weight 55 lbs QTY/CTN 1 Specifications Color MA Frame Type Cast Aluminum Knock-Down Matching Cover TR52; Warranty Frames: 10 years; California's Proposition 65 Warning For California Residents Additional Documents",Coffee & Side Tables,cat-coffee-side-tables,Aluminum,aluminum,,,,,,,fixed,,"28""x52""x52""","{""Color"":""MA"",""Frame Type"":""Cast Aluminum Knock-Down"",""Net Weight"":""44 lbs"",""Qty/Carton"":""1"",""Gross Weight"":""55 lbs"",""Shipping Dimension"":""53''""}","[""Ecom"",""Signature"",""Stocking""]",false,true,false,true,false,,0,0,true,2026-05-30 03:14:49.221907+00,2026-06-09 22:52:37.657+00,[],[],[],[],[],"[{""url"":""https://641bdd57-e650-4f10-a19f-628c07eb50b7-00-1e7i1aja8wnz9.worf.replit.dev/api/storage/objects/products/summerset/RDTWIB52.jpg"",""alt_text"":""52\"" Round Dining Table Signature (Ice Bucket or Burner Optional)"",""is_primary"":true,""display_order"":0,""image_kind"":""gallery"",""variant_id"":null},{""url"":""https://641bdd57-e650-4f10-a19f-628c07eb50b7-00-1e7i1aja8wnz9.worf.replit.dev/api/storage/objects/products/summerset/RDTWIB52_1.jpg"",""alt_text"":""52\"" Round Dining Table Signature (Ice Bucket or Burner Optional)"",""is_primary"":false,""display_order"":1,""image_kind"":""gallery"",""variant_id"":null},{""url"":""https://641bdd57-e650-4f10-a19f-628c07eb50b7-00-1e7i1aja8wnz9.worf.replit.dev/api/storage/objects/products/summerset/RDTWIB52_2.jpg"",""alt_text"":""52\"" Round Dining Table Signature (Ice Bucket or Burner Optional)"",""is_primary"":false,""display_order"":2,""image_kind"":""gallery"",""variant_id"":null},{""url"":""https://641bdd57-e650-4f10-a19f-628c07eb50b7-00-1e7i1aja8wnz9.worf.replit.dev/api/storage/objects/products/summerset/RDTWIB52_3.jpg"",""alt_text"":""52\"" Round Dining Table Signature (Ice Bucket or Burner Optional)"",""is_primary"":false,""display_order"":3,""image_kind"":""gallery"",""variant_id"":null}]",[]
Summerset,summerset,2825,RDTWV48,"48"" Round Dining Table Weave",48-round-dining-table-weave-sm,"Description 48"" ROUND DINING TABLE WEAVE Dimensions & Weight Product Dimension 28""x48""x48"" Shipping Dimension 50'' x3'' x50'' Net Weight 61.6 lbs Gross Weight 74.8 lbs QTY/CTN 1 Specifications Color MA Frame Type Cast Aluminum Knock-Down Matching Cover TR52; Cover will be slightly bigger; or M930; Cover table top only Warranty Frames: 10 years; California's Proposition 65 Warning For California Residents Additional Documents

<ul>
  <li>Color: MA</li>
  <li>Frame Type: Cast Aluminum Knock-Down</li>
  <li>Matching Cover: TR52; Cover will be slightly bigger; or M930; Cover table top only</li>
  <li>Warranty: Frames: 10 years;</li>
</ul>","Description 48"" ROUND DINING TABLE WEAVE Dimensions & Weight Product Dimension 28""x48""x48"" Shipping Dimension 50'' x3'' x50'' Net Weight 61.6 lbs Gross Weight 74.8 lbs QTY/CTN 1 Specifications Color MA Frame Type Cast Aluminum Knock-Down Matching Cover TR52; Cover will be slightly bigger; or M930; Cover table top only Warranty Frames: 10 years; California's Proposition 65 Warning For California Residents Additional Documents",Dining,cat-dining,Aluminum,aluminum,,,,,,,fixed,,"28""x48""x48""","{""Color"":""MA"",""Frame Type"":""Cast Aluminum Knock-Down"",""Net Weight"":""61.6 lbs"",""Qty/Carton"":""1"",""Gross Weight"":""74.8 lbs"",""Shipping Dimension"":""50''""}","[""Ecom"",""Stocking"",""Weave""]",false,true,false,true,false,,0,0,true,2026-05-30 03:14:56.848565+00,2026-06-09 22:52:37.617+00,[],[],[],[],[],"[{""url"":""https://641bdd57-e650-4f10-a19f-628c07eb50b7-00-1e7i1aja8wnz9.worf.replit.dev/api/storage/objects/products/summerset/RDTWV48.jpg"",""alt_text"":""48\"" Round Dining Table Weave"",""is_primary"":true,""display_order"":0,""image_kind"":""gallery"",""variant_id"":null},{""url"":""https://641bdd57-e650-4f10-a19f-628c07eb50b7-00-1e7i1aja8wnz9.worf.replit.dev/api/storage/objects/products/summerset/RDTWV48_1.jpg"",""alt_text"":""48\"" Round Dining Table Weave"",""is_primary"":false,""display_order"":1,""image_kind"":""gallery"",""variant_id"":null}]",[]
Summerset,summerset,2803,RPBTWFR36,"36"" Round Pedestal Bar Table Signature With Footrest",36-round-pedestal-bar-table-signature-with-footrest-sm,"Description 36"" ROUND PEDESTAL BAR TABLE SIGNATURE WITH FOOTREST Dimensions & Weight Product Dimension 41""x36""x36"" Shipping Dimension 0 Net Weight lbs Gross Weight lbs QTY/CTN 1 Specifications Color MA Frame Type Cast Aluminum Knock-Down Matching Cover TR36; Cover doesn't reach ground Warranty Frames: 10 years; California's Proposition 65 Warning For California Residents Additional Documents

<ul>
  <li>Color: MA</li>
  <li>Frame Type: Cast Aluminum Knock-Down</li>
  <li>Matching Cover: TR36; Cover doesn't reach ground</li>
  <li>Warranty: Frames: 10 years;</li>
</ul>","Description 36"" ROUND PEDESTAL BAR TABLE SIGNATURE WITH FOOTREST Dimensions & Weight Product Dimension 41""x36""x36"" Shipping Dimension 0 Net Weight lbs Gross Weight lbs QTY/CTN 1 Specifications Color MA Frame Type Cast Aluminum Knock-Down Matching Cover TR36; Cover doesn't reach ground Warranty Frames: 10 years; California's Proposition 65 Warning For California Residents Additional Documents",Bar,cat-bar,Aluminum,aluminum,,,,,,,fixed,,"41""x36""x36""","{""Color"":""MA"",""Frame Type"":""Cast Aluminum Knock-Down"",""Qty/Carton"":""1"",""Shipping Dimension"":""0""}","[""Signature"",""Stocking""]",false,true,false,true,false,,0,0,true,2026-05-30 03:14:44.09435+00,2026-06-09 22:52:37.515+00,[],[],[],[],[],"[{""url"":""https://641bdd57-e650-4f10-a19f-628c07eb50b7-00-1e7i1aja8wnz9.worf.replit.dev/api/storage/objects/products/summerset/RPBTWFR36.jpg"",""alt_text"":""36\"" Round Pedestal Bar Table Signature With Footrest"",""is_primary"":true,""display_order"":0,""image_kind"":""gallery"",""variant_id"":null},{""url"":""https://641bdd57-e650-4f10-a19f-628c07eb50b7-00-1e7i1aja8wnz9.worf.replit.dev/api/storage/objects/products/summerset/RPBTWFR36_1.jpg"",""alt_text"":""36\"" Round Pedestal Bar Table Signature With Footrest"",""is_primary"":false,""display_order"":1,""image_kind"":""gallery"",""variant_id"":null}]",[]
Summerset,summerset,2802,RPBTWFR42,"42"" Round Pedestal Bar Table Signature With Footrest",42-round-pedestal-bar-table-signature-with-footrest-sm,"Description 42"" ROUND PEDESTAL BAR TABLE SIGNATURE WITH FOOTREST Dimensions & Weight Product Dimension 41""x42""x42"" Shipping Dimension 0 Net Weight lbs Gross Weight lbs QTY/CTN 1 Specifications Color MA Frame Type Cast Aluminum Knock-Down Matching Cover M929; Cover table top only Warranty Frames: 10 years; California's Proposition 65 Warning For California Residents Additional Documents

<ul>
  <li>Color: MA</li>
  <li>Frame Type: Cast Aluminum Knock-Down</li>
  <li>Matching Cover: M929; Cover table top only</li>
  <li>Warranty: Frames: 10 years;</li>
</ul>","Description 42"" ROUND PEDESTAL BAR TABLE SIGNATURE WITH FOOTREST Dimensions & Weight Product Dimension 41""x42""x42"" Shipping Dimension 0 Net Weight lbs Gross Weight lbs QTY/CTN 1 Specifications Color MA Frame Type Cast Aluminum Knock-Down Matching Cover M929; Cover table top only Warranty Frames: 10 years; California's Proposition 65 Warning For California Residents Additional Documents",Bar,cat-bar,Aluminum,aluminum,,,,,,,fixed,,"41""x42""x42""","{""Color"":""MA"",""Frame Type"":""Cast Aluminum Knock-Down"",""Qty/Carton"":""1"",""Shipping Dimension"":""0""}","[""Ecom"",""Signature"",""Stocking""]",false,true,false,true,false,,0,0,true,2026-05-30 03:14:43.819593+00,2026-06-09 22:52:37.515+00,[],[],[],[],[],"[{""url"":""https://641bdd57-e650-4f10-a19f-628c07eb50b7-00-1e7i1aja8wnz9.worf.replit.dev/api/storage/objects/products/summerset/RPBTWFR42.jpg"",""alt_text"":""42\"" Round Pedestal Bar Table Signature With Footrest"",""is_primary"":true,""display_order"":0,""image_kind"":""gallery"",""variant_id"":null},{""url"":""https://641bdd57-e650-4f10-a19f-628c07eb50b7-00-1e7i1aja8wnz9.worf.replit.dev/api/storage/objects/products/summerset/RPBTWFR42_1.jpg"",""alt_text"":""42\"" Round Pedestal Bar Table Signature With Footrest"",""is_primary"":false,""display_order"":1,""image_kind"":""gallery"",""variant_id"":null},{""url"":""https://641bdd57-e650-4f10-a19f-628c07eb50b7-00-1e7i1aja8wnz9.worf.replit.dev/api/storage/objects/products/summerset/RPBTWFR42_2.jpg"",""alt_text"":""42\"" Round Pedestal Bar Table Signature With Footrest"",""is_primary"":false,""display_order"":2,""image_kind"":""gallery"",""variant_id"":null},{""url"":""https://641bdd57-e650-4f10-a19f-628c07eb50b7-00-1e7i1aja8wnz9.worf.replit.dev/api/storage/objects/products/summerset/RPBTWFR42_3.jpg"",""alt_text"":""42\"" Round Pedestal Bar Table Signature With Footrest"",""is_primary"":false,""display_order"":3,""image_kind"":""gallery"",""variant_id"":null}]",[]
Summerset,summerset,2806,RPCTWFR36,"36"" Round Pedestal Counter Table Signature With Footrest",36-round-pedestal-counter-table-signature-with-footrest-sm,"Description 36"" ROUND PEDESTAL COUNTER TABLE SIGNATURE WITH FOOTREST Dimensions & Weight Product Dimension 38""x36""x36"" Shipping Dimension 0 Net Weight lbs Gross Weight lbs QTY/CTN 1 Specifications Color MA Frame Type Cast Aluminum Knock-Down Matching Cover TR36; Warranty Frames: 10 years; California's Proposition 65 Warning For California Residents Additional Documents

<ul>
  <li>Color: MA</li>
  <li>Frame Type: Cast Aluminum Knock-Down</li>
  <li>Matching Cover: TR36;</li>
  <li>Warranty: Frames: 10 years;</li>
</ul>","Description 36"" ROUND PEDESTAL COUNTER TABLE SIGNATURE WITH FOOTREST Dimensions & Weight Product Dimension 38""x36""x36"" Shipping Dimension 0 Net Weight lbs Gross Weight lbs QTY/CTN 1 Specifications Color MA Frame Type Cast Aluminum Knock-Down Matching Cover TR36; Warranty Frames: 10 years; California's Proposition 65 Warning For California Residents Additional Documents",Dining,cat-dining,Aluminum,aluminum,,,,,,,fixed,,"38""x36""x36""","{""Color"":""MA"",""Frame Type"":""Cast Aluminum Knock-Down"",""Qty/Carton"":""1"",""Shipping Dimension"":""0""}","[""Signature"",""Stocking""]",false,true,false,true,false,,0,0,true,2026-05-30 03:14:45.090805+00,2026-06-09 22:52:37.617+00,[],[],[],[],[],"[{""url"":""https://641bdd57-e650-4f10-a19f-628c07eb50b7-00-1e7i1aja8wnz9.worf.replit.dev/api/storage/objects/products/summerset/RPCTWFR36.jpg"",""alt_text"":""36\"" Round Pedestal Counter Table Signature With Footrest"",""is_primary"":true,""display_order"":0,""image_kind"":""gallery"",""variant_id"":null}]",[]
Summerset,summerset,2805,RPCTWFR42,"42"" Round Pedestal Counter Table Signature With Footrest",42-round-pedestal-counter-table-signature-with-footrest-sm,"Description 42"" ROUND PEDESTAL COUNTER TABLE SIGNATURE WITH FOOTREST Dimensions & Weight Product Dimension 38""x42""x42"" Shipping Dimension 0 Net Weight lbs Gross Weight lbs QTY/CTN 1 Specifications Color MA Frame Type Cast Aluminum Knock-Down Matching Cover M929; Cover table top only Warranty Frames: 10 years; California's Proposition 65 Warning For California Residents Additional Documents

<ul>
  <li>Color: MA</li>
  <li>Frame Type: Cast Aluminum Knock-Down</li>
  <li>Matching Cover: M929; Cover table top only</li>
  <li>Warranty: Frames: 10 years;</li>
</ul>","Description 42"" ROUND PEDESTAL COUNTER TABLE SIGNATURE WITH FOOTREST Dimensions & Weight Product Dimension 38""x42""x42"" Shipping Dimension 0 Net Weight lbs Gross Weight lbs QTY/CTN 1 Specifications Color MA Frame Type Cast Aluminum Knock-Down Matching Cover M929; Cover table top only Warranty Frames: 10 years; California's Proposition 65 Warning For California Residents Additional Documents",Dining,cat-dining,Aluminum,aluminum,,,,,,,fixed,,"38""x42""x42""","{""Color"":""MA"",""Frame Type"":""Cast Aluminum Knock-Down"",""Qty/Carton"":""1"",""Shipping Dimension"":""0""}","[""Signature"",""Stocking""]",false,true,false,true,false,,0,0,true,2026-05-30 03:14:44.908119+00,2026-06-09 22:52:37.617+00,[],[],[],[],[],"[{""url"":""https://641bdd57-e650-4f10-a19f-628c07eb50b7-00-1e7i1aja8wnz9.worf.replit.dev/api/storage/objects/products/summerset/RPCTWFR42.jpg"",""alt_text"":""42\"" Round Pedestal Counter Table Signature With Footrest"",""is_primary"":true,""display_order"":0,""image_kind"":""gallery"",""variant_id"":null},{""url"":""https://641bdd57-e650-4f10-a19f-628c07eb50b7-00-1e7i1aja8wnz9.worf.replit.dev/api/storage/objects/products/summerset/RPCTWFR42_1.jpg"",""alt_text"":""42\"" Round Pedestal Counter Table Signature With Footrest"",""is_primary"":false,""display_order"":1,""image_kind"":""gallery"",""variant_id"":null},{""url"":""https://641bdd57-e650-4f10-a19f-628c07eb50b7-00-1e7i1aja8wnz9.worf.replit.dev/api/storage/objects/products/summerset/RPCTWFR42_2.jpg"",""alt_text"":""42\"" Round Pedestal Counter Table Signature With Footrest"",""is_primary"":false,""display_order"":2,""image_kind"":""gallery"",""variant_id"":null},{""url"":""https://641bdd57-e650-4f10-a19f-628c07eb50b7-00-1e7i1aja8wnz9.worf.replit.dev/api/storage/objects/products/summerset/RPCTWFR42_3.jpg"",""alt_text"":""42\"" Round Pedestal Counter Table Signature With Footrest"",""is_primary"":false,""display_order"":3,""image_kind"":""gallery"",""variant_id"":null}]",[]
Summerset,summerset,2820,RPCTWVWFR36,"36"" Round Pedestal Counter Table Weave With Footrest",36-round-pedestal-counter-table-weave-with-footrest-sm,"Description 36"" ROUND PEDESTAL COUNTER TABLE WEAVE WITH FOOTREST Dimensions & Weight Product Dimension 38""x36""x36"" Shipping Dimension 0 Net Weight lbs Gross Weight lbs QTY/CTN 1 Specifications Color MA Frame Type Cast Aluminum Knock-Down Matching Cover TR36; Warranty Frames: 10 years; California's Proposition 65 Warning For California Residents Additional Documents

<ul>
  <li>Color: MA</li>
  <li>Frame Type: Cast Aluminum Knock-Down</li>
  <li>Matching Cover: TR36;</li>
  <li>Warranty: Frames: 10 years;</li>
</ul>","Description 36"" ROUND PEDESTAL COUNTER TABLE WEAVE WITH FOOTREST Dimensions & Weight Product Dimension 38""x36""x36"" Shipping Dimension 0 Net Weight lbs Gross Weight lbs QTY/CTN 1 Specifications Color MA Frame Type Cast Aluminum Knock-Down Matching Cover TR36; Warranty Frames: 10 years; California's Proposition 65 Warning For California Residents Additional Documents",Dining,cat-dining,Aluminum,aluminum,,,,,,,fixed,,"38""x36""x36""","{""Color"":""MA"",""Frame Type"":""Cast Aluminum Knock-Down"",""Qty/Carton"":""1"",""Shipping Dimension"":""0""}","[""Stocking"",""Weave""]",false,true,false,true,false,,0,0,true,2026-05-30 03:14:54.166008+00,2026-06-09 22:52:37.617+00,[],[],[],[],[],"[{""url"":""https://641bdd57-e650-4f10-a19f-628c07eb50b7-00-1e7i1aja8wnz9.worf.replit.dev/api/storage/objects/products/summerset/RPCTWVWFR36.jpg"",""alt_text"":""36\"" Round Pedestal Counter Table Weave With Footrest"",""is_primary"":true,""display_order"":0,""image_kind"":""gallery"",""variant_id"":null},{""url"":""https://641bdd57-e650-4f10-a19f-628c07eb50b7-00-1e7i1aja8wnz9.worf.replit.dev/api/storage/objects/products/summerset/RPCTWVWFR36_1.jpg"",""alt_text"":""36\"" Round Pedestal Counter Table Weave With Footrest"",""is_primary"":false,""display_order"":1,""image_kind"":""gallery"",""variant_id"":null},{""url"":""https://641bdd57-e650-4f10-a19f-628c07eb50b7-00-1e7i1aja8wnz9.worf.replit.dev/api/storage/objects/products/summerset/RPCTWVWFR36_2.jpg"",""alt_text"":""36\"" Round Pedestal Counter Table Weave With Footrest"",""is_primary"":false,""display_order"":2,""image_kind"":""gallery"",""variant_id"":null}]",[]
Summerset,summerset,2819,RPCTWVWFR42,"42"" Round Pedestal Counter Table Weave With Footrest",42-round-pedestal-counter-table-weave-with-footrest-sm,"Description 42"" ROUND PEDESTAL COUNTER TABLE WEAVE WITH FOOTREST Dimensions & Weight Product Dimension 38""x42""x42"" Shipping Dimension 0 Net Weight lbs Gross Weight lbs QTY/CTN 1 Specifications Color MA Frame Type Cast Aluminum Knock-Down Matching Cover M929; Cover table top only Warranty Frames: 10 years; California's Proposition 65 Warning For California Residents Additional Documents

<ul>
  <li>Color: MA</li>
  <li>Frame Type: Cast Aluminum Knock-Down</li>
  <li>Matching Cover: M929; Cover table top only</li>
  <li>Warranty: Frames: 10 years;</li>
</ul>","Description 42"" ROUND PEDESTAL COUNTER TABLE WEAVE WITH FOOTREST Dimensions & Weight Product Dimension 38""x42""x42"" Shipping Dimension 0 Net Weight lbs Gross Weight lbs QTY/CTN 1 Specifications Color MA Frame Type Cast Aluminum Knock-Down Matching Cover M929; Cover table top only Warranty Frames: 10 years; California's Proposition 65 Warning For California Residents Additional Documents",Dining,cat-dining,Aluminum,aluminum,,,,,,,fixed,,"38""x42""x42""","{""Color"":""MA"",""Frame Type"":""Cast Aluminum Knock-Down"",""Qty/Carton"":""1"",""Shipping Dimension"":""0""}","[""Ecom"",""Stocking"",""Weave""]",false,true,false,true,false,,0,0,true,2026-05-30 03:14:53.65615+00,2026-06-09 22:52:37.617+00,[],[],[],[],[],"[{""url"":""https://641bdd57-e650-4f10-a19f-628c07eb50b7-00-1e7i1aja8wnz9.worf.replit.dev/api/storage/objects/products/summerset/RPCTWVWFR42.jpg"",""alt_text"":""42\"" Round Pedestal Counter Table Weave With Footrest"",""is_primary"":true,""display_order"":0,""image_kind"":""gallery"",""variant_id"":null},{""url"":""https://641bdd57-e650-4f10-a19f-628c07eb50b7-00-1e7i1aja8wnz9.worf.replit.dev/api/storage/objects/products/summerset/RPCTWVWFR42_1.jpg"",""alt_text"":""42\"" Round Pedestal Counter Table Weave With Footrest"",""is_primary"":false,""display_order"":1,""image_kind"":""gallery"",""variant_id"":null},{""url"":""https://641bdd57-e650-4f10-a19f-628c07eb50b7-00-1e7i1aja8wnz9.worf.replit.dev/api/storage/objects/products/summerset/RPCTWVWFR42_2.jpg"",""alt_text"":""42\"" Round Pedestal Counter Table Weave With Footrest"",""is_primary"":false,""display_order"":2,""image_kind"":""gallery"",""variant_id"":null}]",[]
Summerset,summerset,2831,SAACB,Sahara Armless Counter Barstool,sahara-armless-counter-barstool-sm,"Description Sahara Armless Counter Barstool Dimensions & Weight Product Dimension 47.8''x27''x22.8'' Arm Height Seat Height 26"" Shipping Dimension 37'' x24'' x26'' Net Weight 36.3 lbs Gross Weight 44 lbs QTY/CTN 2 Specifications Color Black Frame Type Cast Aluminum Knock-Down Cushion Purchase Separately Matching Cover C11; Warranty Frames: 10 years; Cushion 5 years California's Proposition 65 Warning For California Residents Additional Documents

<ul>
  <li>Color: Black</li>
  <li>Frame Type: Cast Aluminum Knock-Down</li>
  <li>Matching Cover: C11;</li>
  <li>Warranty: Frames: 10 years; Cushion 5 years</li>
</ul>","Description Sahara Armless Counter Barstool Dimensions & Weight Product Dimension 47.8''x27''x22.8'' Arm Height Seat Height 26"" Shipping Dimension 37'' x24'' x26'' Net Weight 36.3 lbs Gross Weight 44 lbs QTY/CTN 2 Specifications Color Black Frame Type Cast Aluminum Knock-Down Cushion Purchase Separately Matching Cover C11; Warranty Frames: 10 years; Cushion 5 years California's Proposition 65 Warning For California Residents Additional Documents",Bar,cat-bar,Aluminum,aluminum,,,,,,,fixed,,47.8''x27''x22.8'',"{""Color"":""Black"",""Cushion"":""Purchase Separately"",""Frame Type"":""Cast Aluminum Knock-Down"",""Net Weight"":""36.3 lbs"",""Qty/Carton"":""2"",""Gross Weight"":""44 lbs"",""Shipping Dimension"":""37''""}","[""2_pack"",""Bar"",""Sahara""]",false,true,false,true,false,,0,0,true,2026-05-30 03:15:00.482711+00,2026-06-09 22:52:37.515+00,[],[],[],[],[],"[{""url"":""https://641bdd57-e650-4f10-a19f-628c07eb50b7-00-1e7i1aja8wnz9.worf.replit.dev/api/storage/objects/products/summerset/SAACB.jpg"",""alt_text"":""Sahara Armless Counter Barstool"",""is_primary"":true,""display_order"":0,""image_kind"":""gallery"",""variant_id"":null},{""url"":""https://641bdd57-e650-4f10-a19f-628c07eb50b7-00-1e7i1aja8wnz9.worf.replit.dev/api/storage/objects/products/summerset/SAACB_1.jpg"",""alt_text"":""Sahara Armless Counter Barstool"",""is_primary"":false,""display_order"":1,""image_kind"":""gallery"",""variant_id"":null}]",[]
Summerset,summerset,2830,SACB,Sahara Counter Barstool,sahara-counter-barstool-sm,"Description SAHARA COUNTER BARSTOOL Dimensions & Weight Product Dimension 47.8''x27''x24.2'' Arm Height 36"" Seat Height 26"" Shipping Dimension 37'' x26'' x28'' Net Weight 50.6 lbs Gross Weight 66 lbs QTY/CTN 2 Specifications Color Black Frame Type Cast Aluminum Knock-Down Cushion Purchase Separately Matching Cover C11; Warranty Frames: 10 years; Cushion 5 years California's Proposition 65 Warning For California Residents Additional Documents

<ul>
  <li>Color: Black</li>
  <li>Frame Type: Cast Aluminum Knock-Down</li>
  <li>Matching Cover: C11;</li>
  <li>Warranty: Frames: 10 years; Cushion 5 years</li>
</ul>","Description SAHARA COUNTER BARSTOOL Dimensions & Weight Product Dimension 47.8''x27''x24.2'' Arm Height 36"" Seat Height 26"" Shipping Dimension 37'' x26'' x28'' Net Weight 50.6 lbs Gross Weight 66 lbs QTY/CTN 2 Specifications Color Black Frame Type Cast Aluminum Knock-Down Cushion Purchase Separately Matching Cover C11; Warranty Frames: 10 years; Cushion 5 years California's Proposition 65 Warning For California Residents Additional Documents",Bar,cat-bar,Aluminum,aluminum,,,,,,,fixed,,47.8''x27''x24.2'',"{""Color"":""Black"",""Cushion"":""Purchase Separately"",""Frame Type"":""Cast Aluminum Knock-Down"",""Net Weight"":""50.6 lbs"",""Qty/Carton"":""2"",""Gross Weight"":""66 lbs"",""Shipping Dimension"":""37''""}","[""2_pack"",""Bar"",""Sahara"",""Stocking""]",false,true,false,true,false,,0,0,true,2026-05-30 03:15:00.137889+00,2026-06-09 22:52:37.515+00,[],[],[],[],[],"[{""url"":""https://641bdd57-e650-4f10-a19f-628c07eb50b7-00-1e7i1aja8wnz9.worf.replit.dev/api/storage/objects/products/summerset/SACB.jpg"",""alt_text"":""Sahara Counter Barstool"",""is_primary"":true,""display_order"":0,""image_kind"":""gallery"",""variant_id"":null},{""url"":""https://641bdd57-e650-4f10-a19f-628c07eb50b7-00-1e7i1aja8wnz9.worf.replit.dev/api/storage/objects/products/summerset/SACB_1.jpg"",""alt_text"":""Sahara Counter Barstool"",""is_primary"":false,""display_order"":1,""image_kind"":""gallery"",""variant_id"":null}]",[]
Summerset,summerset,2688,SPADC,Armless Dining Chair (Classic) w/ Sunbrella Cushion (Container Order Only),armless-dining-chair-classic-w-sunbrella-cushion-container-order-only-sm,"Description Include Linen Sesame Sunbrella cushions as shown. This product is for Container Direct order only. Please check our Container Direct Order Guidelines for ordering instruction. However, if this product is Not showing ""out of stock"", it means we still have some leftover quantity in our California warehouse. In which case, you can order up to the available quantity shown. In addition, these leftover items are discounted 20% to their regular prices. Dimensions & Weight Product Dimension","Description Include Linen Sesame Sunbrella cushions as shown. This product is for Container Direct order only. Please check our Container Direct Order Guidelines for ordering instruction. However, if this product is Not showing ""out of stock"", it means we still have some leftover quantity in our California warehouse. In which case, you can order up to the available quantity shown. In addition, these leftover items are discounted 20% to their regular prices. Dimensions & Weight Product Dimension",Replacement Parts,cat-replacement-parts,,,,,,,,,fixed,,"25.5"" x 20.5"" x 36""","{""Color"":""Black"",""Cushion"":""s as shown. This product is for Container Direct order only."",""Frame Type"":""Cast Aluminum Fully Welded"",""Net Weight"":""69 lbs"",""Qty/Carton"":""4"",""Gross Weight"":""71 lbs"",""Shipping Dimension"":""34\"" x 23\"" x 43.5\""""}","[""4_pack"",""Dining""]",false,true,false,true,false,,0,0,true,2026-05-30 03:13:59.789047+00,2026-06-09 22:52:36.83+00,[],[],[],[],[],"[{""url"":""https://641bdd57-e650-4f10-a19f-628c07eb50b7-00-1e7i1aja8wnz9.worf.replit.dev/api/storage/objects/products/summerset/SPADC.jpg"",""alt_text"":""Armless Dining Chair (Classic) w/ Sunbrella Cushion (Container Order Only)"",""is_primary"":true,""display_order"":0,""image_kind"":""gallery"",""variant_id"":null},{""url"":""https://641bdd57-e650-4f10-a19f-628c07eb50b7-00-1e7i1aja8wnz9.worf.replit.dev/api/storage/objects/products/summerset/SPADC_1.jpg"",""alt_text"":""Armless Dining Chair (Classic) w/ Sunbrella Cushion (Container Order Only)"",""is_primary"":false,""display_order"":1,""image_kind"":""gallery"",""variant_id"":null},{""url"":""https://641bdd57-e650-4f10-a19f-628c07eb50b7-00-1e7i1aja8wnz9.worf.replit.dev/api/storage/objects/products/summerset/SPADC_2.jpg"",""alt_text"":""Armless Dining Chair (Classic) w/ Sunbrella Cushion (Container Order Only)"",""is_primary"":false,""display_order"":2,""image_kind"":""gallery"",""variant_id"":null},{""url"":""https://641bdd57-e650-4f10-a19f-628c07eb50b7-00-1e7i1aja8wnz9.worf.replit.dev/api/storage/objects/products/summerset/SPADC_3.jpg"",""alt_text"":""Armless Dining Chair (Classic) w/ Sunbrella Cushion (Container Order Only)"",""is_primary"":false,""display_order"":3,""image_kind"":""gallery"",""variant_id"":null},{""url"":""https://641bdd57-e650-4f10-a19f-628c07eb50b7-00-1e7i1aja8wnz9.worf.replit.dev/api/storage/objects/products/summerset/SPADC_4.jpg"",""alt_text"":""Armless Dining Chair (Classic) w/ Sunbrella Cushion (Container Order Only)"",""is_primary"":false,""display_order"":4,""image_kind"":""gallery"",""variant_id"":null}]",[]
Summerset,summerset,2872,SQAT21,"21"" Square Accent Table Signature",21-square-accent-table-signature-sm,"Description 21"" SQUARE ACCENT TABLE SIGNATURE Dimensions & Weight Product Dimension 21.3''x21.1''x21.1'' Shipping Dimension 22'' x3'' x22'' Net Weight 9.9 lbs Gross Weight 13.2 lbs QTY/CTN 1 Specifications Color MA Frame Type Cast Aluminum Knock-Down Matching Cover TA24; Warranty Frames: 10 years California's Proposition 65 Warning For California Residents Additional Documents

<ul>
  <li>Color: MA</li>
  <li>Frame Type: Cast Aluminum Knock-Down</li>
  <li>Matching Cover: TA24;</li>
  <li>Warranty: Frames: 10 years</li>
</ul>","Description 21"" SQUARE ACCENT TABLE SIGNATURE Dimensions & Weight Product Dimension 21.3''x21.1''x21.1'' Shipping Dimension 22'' x3'' x22'' Net Weight 9.9 lbs Gross Weight 13.2 lbs QTY/CTN 1 Specifications Color MA Frame Type Cast Aluminum Knock-Down Matching Cover TA24; Warranty Frames: 10 years California's Proposition 65 Warning For California Residents Additional Documents",Accent Pieces,cat-accent-pieces,Aluminum,aluminum,,,,,,,fixed,,21.3''x21.1''x21.1'',"{""Color"":""MA"",""Frame Type"":""Cast Aluminum Knock-Down"",""Net Weight"":""9.9 lbs"",""Qty/Carton"":""1"",""Gross Weight"":""13.2 lbs"",""Shipping Dimension"":""22''""}","[""Ecom"",""Signature"",""Stocking""]",false,true,false,true,false,,0,0,true,2026-05-30 03:15:30.141204+00,2026-06-09 22:52:37.641+00,[],[],[],[],[],"[{""url"":""https://641bdd57-e650-4f10-a19f-628c07eb50b7-00-1e7i1aja8wnz9.worf.replit.dev/api/storage/objects/products/summerset/SQAT21.jpg"",""alt_text"":""21\"" Square Accent Table Signature"",""is_primary"":true,""display_order"":0,""image_kind"":""gallery"",""variant_id"":null},{""url"":""https://641bdd57-e650-4f10-a19f-628c07eb50b7-00-1e7i1aja8wnz9.worf.replit.dev/api/storage/objects/products/summerset/SQAT21_1.jpg"",""alt_text"":""21\"" Square Accent Table Signature"",""is_primary"":false,""display_order"":1,""image_kind"":""gallery"",""variant_id"":null}]",[]
Summerset,summerset,2873,SQATDR24,"24"" Square Accent Table Designer",24-square-accent-table-designer-sm,"Description 24"" SQUARE ACCENT TABLE DESIGNER Dimensions & Weight Product Dimension 21.1''x24''x24'' Shipping Dimension 26'' x4'' x26'' Net Weight 16.5 lbs Gross Weight 22 lbs QTY/CTN 1 Specifications Color MA Frame Type Cast Aluminum Knock-Down Matching Cover TA24; Table only Warranty Frames: 10 years California's Proposition 65 Warning For California Residents Additional Documents

<ul>
  <li>Color: MA</li>
  <li>Frame Type: Cast Aluminum Knock-Down</li>
  <li>Matching Cover: TA24; Table only</li>
  <li>Warranty: Frames: 10 years</li>
</ul>","Description 24"" SQUARE ACCENT TABLE DESIGNER Dimensions & Weight Product Dimension 21.1''x24''x24'' Shipping Dimension 26'' x4'' x26'' Net Weight 16.5 lbs Gross Weight 22 lbs QTY/CTN 1 Specifications Color MA Frame Type Cast Aluminum Knock-Down Matching Cover TA24; Table only Warranty Frames: 10 years California's Proposition 65 Warning For California Residents Additional Documents",Accent Pieces,cat-accent-pieces,Aluminum,aluminum,,,,,,,fixed,,21.1''x24''x24'',"{""Color"":""MA"",""Frame Type"":""Cast Aluminum Knock-Down"",""Net Weight"":""16.5 lbs"",""Qty/Carton"":""1"",""Gross Weight"":""22 lbs"",""Shipping Dimension"":""26''""}","[""Designer"",""Stocking""]",false,true,false,true,false,,0,0,true,2026-05-30 03:15:30.351064+00,2026-06-09 22:52:37.641+00,[],[],[],[],[],"[{""url"":""https://641bdd57-e650-4f10-a19f-628c07eb50b7-00-1e7i1aja8wnz9.worf.replit.dev/api/storage/objects/products/summerset/SQATDR24.jpg"",""alt_text"":""24\"" Square Accent Table Designer"",""is_primary"":true,""display_order"":0,""image_kind"":""gallery"",""variant_id"":null}]",[]
Summerset,summerset,2615,SQATER24,"24"" Square Accent Table Aeros",24-square-accent-table-aeros-sm,"Description 24"" Square Accent Table Aeros Dimensions & Weight Product Dimension 24""x24""x21"" Shipping Dimension 26""x23.3""x12.5"" Net Weight 18 lbs Gross Weight 29 lbs QTY/CTN 1 Specifications Color Light Grey/Dark Grey Frame Type Cast Aluminum Knock-Down Matching Cover TA24 Warranty Frames: 10 years; California's Proposition 65 Warning For California Residents Additional Documents

<ul>
  <li>Color: Light Grey/Dark Grey</li>
  <li>Frame Type: Cast Aluminum Knock-Down</li>
  <li>Matching Cover: TA24</li>
  <li>Warranty: Frames: 10 years;</li>
</ul>","Description 24"" Square Accent Table Aeros Dimensions & Weight Product Dimension 24""x24""x21"" Shipping Dimension 26""x23.3""x12.5"" Net Weight 18 lbs Gross Weight 29 lbs QTY/CTN 1 Specifications Color Light Grey/Dark Grey Frame Type Cast Aluminum Knock-Down Matching Cover TA24 Warranty Frames: 10 years; California's Proposition 65 Warning For California Residents Additional Documents",Accent Pieces,cat-accent-pieces,Aluminum,aluminum,,,,,,,fixed,,"24""x24""x21""","{""Color"":""Light Grey/Dark Grey"",""Frame Type"":""Cast Aluminum Knock-Down"",""Net Weight"":""18 lbs"",""Qty/Carton"":""1"",""Gross Weight"":""29 lbs"",""Shipping Dimension"":""26\""x23.3\""x12.5\""""}","[""Aeros""]",false,true,false,true,false,,0,0,true,2026-05-30 03:13:29.318996+00,2026-06-09 22:52:37.641+00,[],[],[],[],[],"[{""url"":""https://641bdd57-e650-4f10-a19f-628c07eb50b7-00-1e7i1aja8wnz9.worf.replit.dev/api/storage/objects/products/summerset/SQATER24.jpg"",""alt_text"":""24\"" Square Accent Table Aeros"",""is_primary"":true,""display_order"":0,""image_kind"":""gallery"",""variant_id"":null}]",[]
Summerset,summerset,2577,SQATER24 - B,"24"" Square Accent Table Aeros - Bronze",24-square-accent-table-aeros-bronze-sm,"Description 24"" Square Accent Table Aeros Dimensions & Weight Product Dimension 24""x24""x21"" Shipping Dimension 26""x23.3""x12.5"" Net Weight 18 lbs Gross Weight 29 lbs QTY/CTN 1 Specifications Color Light Grey/Dark Grey Frame Type Cast Aluminum Knock-Down Matching Cover TA24 Warranty Frames: 10 years; California's Proposition 65 Warning For California Residents Additional Documents

<ul>
  <li>Color: Light Grey/Dark Grey</li>
  <li>Frame Type: Cast Aluminum Knock-Down</li>
  <li>Matching Cover: TA24</li>
  <li>Warranty: Frames: 10 years;</li>
</ul>","Description 24"" Square Accent Table Aeros Dimensions & Weight Product Dimension 24""x24""x21"" Shipping Dimension 26""x23.3""x12.5"" Net Weight 18 lbs Gross Weight 29 lbs QTY/CTN 1 Specifications Color Light Grey/Dark Grey Frame Type Cast Aluminum Knock-Down Matching Cover TA24 Warranty Frames: 10 years; California's Proposition 65 Warning For California Residents Additional Documents",Accent Pieces,cat-accent-pieces,Aluminum,aluminum,,,,,,,fixed,,"24""x24""x21""","{""Color"":""Light Grey/Dark Grey"",""Frame Type"":""Cast Aluminum Knock-Down"",""Net Weight"":""18 lbs"",""Qty/Carton"":""1"",""Gross Weight"":""29 lbs"",""Shipping Dimension"":""26\""x23.3\""x12.5\""""}","[""Aeros""]",false,true,false,true,false,,0,0,true,2026-05-30 03:13:23.117359+00,2026-06-09 22:52:37.641+00,[],[],[],[],[],"[{""url"":""https://641bdd57-e650-4f10-a19f-628c07eb50b7-00-1e7i1aja8wnz9.worf.replit.dev/api/storage/objects/products/summerset/SQATER24_-_B.jpg"",""alt_text"":""24\"" Square Accent Table Aeros - Bronze"",""is_primary"":true,""display_order"":0,""image_kind"":""gallery"",""variant_id"":null}]",[]
Summerset,summerset,2846,SQATJL25,"25"" Square Accent Table JoLee",25-square-accent-table-jolee-sm,"Description Accent Table Jolee Dimensions & Weight Product Dimension 21.3""x25""x25"" Shipping Dimension 27""x4.5""x27.5"" Net Weight 16.5 lbs Gross Weight 19.8 lbs QTY/CTN 1 Specifications Color BG Frame Type Aluminum Knock-Down Warranty Frames: 10 years; California's Proposition 65 Warning For California Residents Additional Documents

<ul>
  <li>Color: BG</li>
  <li>Frame Type: Aluminum Knock-Down</li>
  <li>Warranty: Frames: 10 years;</li>
</ul>","Description Accent Table Jolee Dimensions & Weight Product Dimension 21.3""x25""x25"" Shipping Dimension 27""x4.5""x27.5"" Net Weight 16.5 lbs Gross Weight 19.8 lbs QTY/CTN 1 Specifications Color BG Frame Type Aluminum Knock-Down Warranty Frames: 10 years; California's Proposition 65 Warning For California Residents Additional Documents",Accent Pieces,cat-accent-pieces,Aluminum,aluminum,,,,,,,fixed,,"21.3""x25""x25""","{""Color"":""BG"",""Frame Type"":""Aluminum Knock-Down"",""Net Weight"":""16.5 lbs"",""Qty/Carton"":""1"",""Gross Weight"":""19.8 lbs"",""Shipping Dimension"":""27\""x4.5\""x27.5\""""}","[""JoLee"",""Stocking""]",false,true,false,true,false,,0,0,true,2026-05-30 03:15:07.597338+00,2026-06-09 22:52:37.641+00,[],[],[],[],[],"[{""url"":""https://641bdd57-e650-4f10-a19f-628c07eb50b7-00-1e7i1aja8wnz9.worf.replit.dev/api/storage/objects/products/summerset/SQATJL25.jpg"",""alt_text"":""25\"" Square Accent Table JoLee"",""is_primary"":true,""display_order"":0,""image_kind"":""gallery"",""variant_id"":null}]",[]
Summerset,summerset,2766,SQATJLW25,"25"" Square Accent Table JoLee White",25-square-accent-table-jolee-white-sm,"Description 25"" Square Accent Table JoLee White Dimensions & Weight Product Dimension 21.3""x25""x25"" Shipping Dimension 27""x4.5""x27.5"" Net Weight 16.5 lbs Gross Weight 19.8 lbs QTY/CTN 1 Specifications Color White Wash Frame Type Aluminum Knock-Down Warranty Frames: 10 years; California's Proposition 65 Warning For California Residents Additional Documents

<ul>
  <li>Color: White Wash</li>
  <li>Frame Type: Aluminum Knock-Down</li>
  <li>Warranty: Frames: 10 years;</li>
</ul>","Description 25"" Square Accent Table JoLee White Dimensions & Weight Product Dimension 21.3""x25""x25"" Shipping Dimension 27""x4.5""x27.5"" Net Weight 16.5 lbs Gross Weight 19.8 lbs QTY/CTN 1 Specifications Color White Wash Frame Type Aluminum Knock-Down Warranty Frames: 10 years; California's Proposition 65 Warning For California Residents Additional Documents",Accent Pieces,cat-accent-pieces,Aluminum,aluminum,,,,,,,fixed,,"21.3""x25""x25""","{""Color"":""White Wash"",""Frame Type"":""Aluminum Knock-Down"",""Net Weight"":""16.5 lbs"",""Qty/Carton"":""1"",""Gross Weight"":""19.8 lbs"",""Shipping Dimension"":""27\""x4.5\""x27.5\""""}","[""Deep Seat"",""Jolee White"",""Stocking""]",false,true,false,true,false,,0,0,true,2026-05-30 03:14:23.889163+00,2026-06-09 22:52:37.641+00,[],[],[],[],[],"[{""url"":""https://641bdd57-e650-4f10-a19f-628c07eb50b7-00-1e7i1aja8wnz9.worf.replit.dev/api/storage/objects/products/summerset/SQATJLW25.jpg"",""alt_text"":""25\"" Square Accent Table JoLee White"",""is_primary"":true,""display_order"":0,""image_kind"":""gallery"",""variant_id"":null},{""url"":""https://641bdd57-e650-4f10-a19f-628c07eb50b7-00-1e7i1aja8wnz9.worf.replit.dev/api/storage/objects/products/summerset/SQATJLW25_1.jpg"",""alt_text"":""25\"" Square Accent Table JoLee White"",""is_primary"":false,""display_order"":1,""image_kind"":""gallery"",""variant_id"":null}]",[]
Summerset,summerset,2597,SQATLF21,La Flamme Accent Table,la-flamme-accent-table-sm,"Complete your outdoor seating arrangement with the La Flamme Accent Table by Summerset Casual . Designed to pair seamlessly with the La Flamme collection, this table features elegant lace-inspired detailing that adds a refined touch to any setting. Its sturdy, weather-resistant construction ensures long-lasting beauty and performance, while the compact size makes it perfect for holding drinks, snacks, or décor. Whether used between chairs or as a stylish side piece, the La Flamme Accent Table en","Complete your outdoor seating arrangement with the La Flamme Accent Table by Summerset Casual . Designed to pair seamlessly with the La Flamme collection, this table features elegant lace-inspired detailing that adds a refined touch to any setting. Its sturdy, weather-resistant construction ensures long-lasting beauty and performance, while the compact size makes it perfect for holding drinks, snacks, or décor. Whether used between chairs or as a stylish side piece, the La Flamme Accent Table en",Accent Pieces,cat-accent-pieces,,,,,,,,,fixed,,21.1''x20.9''x20.9'',"{""Color"":""MA"",""Frame Type"":""Cast Aluminum Knock-Down"",""Net Weight"":""11 lbs"",""Qty/Carton"":""1"",""Gross Weight"":""14.96 lbs"",""Shipping Dimension"":""22''""}","[""Accent Table"",""Summerset Casual""]",false,true,false,true,false,,0,0,true,2026-05-30 03:13:25.450334+00,2026-06-09 22:52:37.641+00,[],[],[],[],[],"[{""url"":""https://641bdd57-e650-4f10-a19f-628c07eb50b7-00-1e7i1aja8wnz9.worf.replit.dev/api/storage/objects/products/summerset/SQATLF21.jpg"",""alt_text"":""La Flamme Accent Table"",""is_primary"":true,""display_order"":0,""image_kind"":""gallery"",""variant_id"":null}]",[]
Summerset,summerset,2660,SQATWSATD,Athena Dark Square Accent Table With Storage,athena-dark-square-accent-table-with-storage-sm,"Description Athena Dark Square Accent Table with Storage Dimensions & Weight Product Dimension 18.1''x24.4''x24.4'' Arm Height 0 Seat Height 0 Shipping Dimension 19'' x25'' x25'' Net Weight 15.84 lbs Gross Weight 25.3 lbs QTY/CTN 1 Specifications Color Dark Grey Frame Type Wicker/Aluminum Frame Fully Welded Cushion Purchase Separately Matching Cover TA24; Warranty Frames: 10 years; Cushion 5 years California's Proposition 65 Warning For California Residents Additional Documents

<ul>
  <li>Color: Dark Grey</li>
  <li>Frame Type: Wicker/Aluminum Frame Fully Welded</li>
  <li>Matching Cover: TA24;</li>
  <li>Warranty: Frames: 10 years; Cushion 5 years</li>
</ul>",Description Athena Dark Square Accent Table with Storage Dimensions & Weight Product Dimension 18.1''x24.4''x24.4'' Arm Height 0 Seat Height 0 Shipping Dimension 19'' x25'' x25'' Net Weight 15.84 lbs Gross Weight 25.3 lbs QTY/CTN 1 Specifications Color Dark Grey Frame Type Wicker/Aluminum Frame Fully Welded Cushion Purchase Separately Matching Cover TA24; Warranty Frames: 10 years; Cushion 5 years California's Proposition 65 Warning For California Residents Additional Documents,Accent Pieces,cat-accent-pieces,Wicker,wicker,,,,,,,fixed,,18.1''x24.4''x24.4'',"{""Color"":""Dark Grey"",""Cushion"":""Purchase Separately"",""Frame Type"":""Wicker/Aluminum Frame Fully Welded"",""Net Weight"":""15.84 lbs"",""Qty/Carton"":""1"",""Gross Weight"":""25.3 lbs"",""Shipping Dimension"":""19''""}","[""Athena Dark"",""Stocking""]",false,true,false,true,false,,0,0,true,2026-05-30 03:13:40.970952+00,2026-06-09 22:52:37.641+00,[],[],[],[],[],"[{""url"":""https://641bdd57-e650-4f10-a19f-628c07eb50b7-00-1e7i1aja8wnz9.worf.replit.dev/api/storage/objects/products/summerset/SQATWSATD.jpg"",""alt_text"":""Athena Dark Square Accent Table With Storage"",""is_primary"":true,""display_order"":0,""image_kind"":""gallery"",""variant_id"":null},{""url"":""https://641bdd57-e650-4f10-a19f-628c07eb50b7-00-1e7i1aja8wnz9.worf.replit.dev/api/storage/objects/products/summerset/SQATWSATD_1.jpg"",""alt_text"":""Athena Dark Square Accent Table With Storage"",""is_primary"":false,""display_order"":1,""image_kind"":""gallery"",""variant_id"":null},{""url"":""https://641bdd57-e650-4f10-a19f-628c07eb50b7-00-1e7i1aja8wnz9.worf.replit.dev/api/storage/objects/products/summerset/SQATWSATD_2.jpg"",""alt_text"":""Athena Dark Square Accent Table With Storage"",""is_primary"":false,""display_order"":2,""image_kind"":""gallery"",""variant_id"":null}]",[]
Summerset,summerset,2871,SQATWV21,"21"" Square Accent Table Weave",21-square-accent-table-weave-sm,"Description 21"" SQUARE ACCENT TABLE WEAVE Dimensions & Weight Product Dimension 21.1''x20.9''x20.9'' Shipping Dimension 22'' x3'' x22'' Net Weight 11 lbs Gross Weight 14.96 lbs QTY/CTN 1 Specifications Color MA Frame Type Cast Aluminum Knock-Down Matching Cover TA24; Warranty Frames: 10 years California's Proposition 65 Warning For California Residents Additional Documents

<ul>
  <li>Color: MA</li>
  <li>Frame Type: Cast Aluminum Knock-Down</li>
  <li>Matching Cover: TA24;</li>
  <li>Warranty: Frames: 10 years</li>
</ul>","Description 21"" SQUARE ACCENT TABLE WEAVE Dimensions & Weight Product Dimension 21.1''x20.9''x20.9'' Shipping Dimension 22'' x3'' x22'' Net Weight 11 lbs Gross Weight 14.96 lbs QTY/CTN 1 Specifications Color MA Frame Type Cast Aluminum Knock-Down Matching Cover TA24; Warranty Frames: 10 years California's Proposition 65 Warning For California Residents Additional Documents",Accent Pieces,cat-accent-pieces,Aluminum,aluminum,,,,,,,fixed,,21.1''x20.9''x20.9'',"{""Color"":""MA"",""Frame Type"":""Cast Aluminum Knock-Down"",""Net Weight"":""11 lbs"",""Qty/Carton"":""1"",""Gross Weight"":""14.96 lbs"",""Shipping Dimension"":""22''""}","[""Ecom"",""Stocking"",""Weave""]",false,true,false,true,false,,0,0,true,2026-05-30 03:15:29.779387+00,2026-06-09 22:52:37.641+00,[],[],[],[],[],"[{""url"":""https://641bdd57-e650-4f10-a19f-628c07eb50b7-00-1e7i1aja8wnz9.worf.replit.dev/api/storage/objects/products/summerset/SQATWV21.jpg"",""alt_text"":""21\"" Square Accent Table Weave"",""is_primary"":true,""display_order"":0,""image_kind"":""gallery"",""variant_id"":null},{""url"":""https://641bdd57-e650-4f10-a19f-628c07eb50b7-00-1e7i1aja8wnz9.worf.replit.dev/api/storage/objects/products/summerset/SQATWV21_1.jpg"",""alt_text"":""21\"" Square Accent Table Weave"",""is_primary"":false,""display_order"":1,""image_kind"":""gallery"",""variant_id"":null},{""url"":""https://641bdd57-e650-4f10-a19f-628c07eb50b7-00-1e7i1aja8wnz9.worf.replit.dev/api/storage/objects/products/summerset/SQATWV21_2.jpg"",""alt_text"":""21\"" Square Accent Table Weave"",""is_primary"":false,""display_order"":2,""image_kind"":""gallery"",""variant_id"":null},{""url"":""https://641bdd57-e650-4f10-a19f-628c07eb50b7-00-1e7i1aja8wnz9.worf.replit.dev/api/storage/objects/products/summerset/SQATWV21_3.jpg"",""alt_text"":""21\"" Square Accent Table Weave"",""is_primary"":false,""display_order"":3,""image_kind"":""gallery"",""variant_id"":null},{""url"":""https://641bdd57-e650-4f10-a19f-628c07eb50b7-00-1e7i1aja8wnz9.worf.replit.dev/api/storage/objects/products/summerset/SQATWV21_4.jpg"",""alt_text"":""21\"" Square Accent Table Weave"",""is_primary"":false,""display_order"":4,""image_kind"":""gallery"",""variant_id"":null}]",[]
Summerset,summerset,2792,SQCTDR44,"44"" Square Counter Table Designer",44-square-counter-table-designer-sm,"Description 44"" SQUARE COUNTER TABLE DESIGNER Dimensions & Weight Product Dimension 38""x44""x44"" Shipping Dimension 46'' x3'' x46'' Net Weight 47.3 lbs Gross Weight 57.2 lbs QTY/CTN 1 Specifications Color MA Frame Type Cast Aluminum Knock-Down Matching Cover T44; Cover doesn't reach ground Warranty Frames: 10 years; California's Proposition 65 Warning For California Residents Additional Documents

<ul>
  <li>Color: MA</li>
  <li>Frame Type: Cast Aluminum Knock-Down</li>
  <li>Matching Cover: T44; Cover doesn't reach ground</li>
  <li>Warranty: Frames: 10 years;</li>
</ul>","Description 44"" SQUARE COUNTER TABLE DESIGNER Dimensions & Weight Product Dimension 38""x44""x44"" Shipping Dimension 46'' x3'' x46'' Net Weight 47.3 lbs Gross Weight 57.2 lbs QTY/CTN 1 Specifications Color MA Frame Type Cast Aluminum Knock-Down Matching Cover T44; Cover doesn't reach ground Warranty Frames: 10 years; California's Proposition 65 Warning For California Residents Additional Documents",Dining,cat-dining,Aluminum,aluminum,,,,,,,fixed,,"38""x44""x44""","{""Color"":""MA"",""Frame Type"":""Cast Aluminum Knock-Down"",""Net Weight"":""47.3 lbs"",""Qty/Carton"":""1"",""Gross Weight"":""57.2 lbs"",""Shipping Dimension"":""46''""}","[""Designer"",""Stocking""]",false,true,false,true,false,,0,0,true,2026-05-30 03:14:38.26839+00,2026-06-09 22:52:37.617+00,[],[],[],[],[],"[{""url"":""https://641bdd57-e650-4f10-a19f-628c07eb50b7-00-1e7i1aja8wnz9.worf.replit.dev/api/storage/objects/products/summerset/SQCTDR44.jpg"",""alt_text"":""44\"" Square Counter Table Designer"",""is_primary"":true,""display_order"":0,""image_kind"":""gallery"",""variant_id"":null}]",[]
Summerset,summerset,2810,SQDT64,"64"" Square Dining Table Signature",64-square-dining-table-signature-sm,"Description 64"" Square Dining Table Signature Dimensions & Weight Product Dimension 28""x64""x64"" Shipping Dimension 66'' x3'' x66'' Net Weight 94.6 lbs Gross Weight 110.44 lbs QTY/CTN 1 Specifications Color MA Frame Type Cast Aluminum Knock-Down Matching Cover TR94; with chairs Warranty Frames: 10 years; California's Proposition 65 Warning For California Residents Additional Documents

<ul>
  <li>Color: MA</li>
  <li>Frame Type: Cast Aluminum Knock-Down</li>
  <li>Matching Cover: TR94; with chairs</li>
  <li>Warranty: Frames: 10 years;</li>
</ul>","Description 64"" Square Dining Table Signature Dimensions & Weight Product Dimension 28""x64""x64"" Shipping Dimension 66'' x3'' x66'' Net Weight 94.6 lbs Gross Weight 110.44 lbs QTY/CTN 1 Specifications Color MA Frame Type Cast Aluminum Knock-Down Matching Cover TR94; with chairs Warranty Frames: 10 years; California's Proposition 65 Warning For California Residents Additional Documents",Dining,cat-dining,Aluminum,aluminum,,,,,,,fixed,,"28""x64""x64""","{""Color"":""MA"",""Frame Type"":""Cast Aluminum Knock-Down"",""Net Weight"":""94.6 lbs"",""Qty/Carton"":""1"",""Gross Weight"":""110.44 lbs"",""Shipping Dimension"":""66''""}","[""Ecom"",""Signature""]",false,true,false,true,false,,0,0,true,2026-05-30 03:14:47.706664+00,2026-06-09 22:52:37.617+00,[],[],[],[],[],"[{""url"":""https://641bdd57-e650-4f10-a19f-628c07eb50b7-00-1e7i1aja8wnz9.worf.replit.dev/api/storage/objects/products/summerset/SQDT64.jpg"",""alt_text"":""64\"" Square Dining Table Signature"",""is_primary"":true,""display_order"":0,""image_kind"":""gallery"",""variant_id"":null}]",[]
Summerset,summerset,2795,SQDTDR44,"44"" Square Dining Table Designer",44-square-dining-table-designer-sm,"Description 44"" Square Dining Table Designer Dimensions & Weight Product Dimension 28""x44""x44"" Shipping Dimension 46'' x3'' x46'' Net Weight 45.1 lbs Gross Weight 55.22 lbs QTY/CTN 1 Specifications Color MA Frame Type Cast Aluminum Knock-Down Matching Cover T44; Warranty Frames: 10 years; California's Proposition 65 Warning For California Residents Additional Documents

<ul>
  <li>Color: MA</li>
  <li>Frame Type: Cast Aluminum Knock-Down</li>
  <li>Matching Cover: T44;</li>
  <li>Warranty: Frames: 10 years;</li>
</ul>","Description 44"" Square Dining Table Designer Dimensions & Weight Product Dimension 28""x44""x44"" Shipping Dimension 46'' x3'' x46'' Net Weight 45.1 lbs Gross Weight 55.22 lbs QTY/CTN 1 Specifications Color MA Frame Type Cast Aluminum Knock-Down Matching Cover T44; Warranty Frames: 10 years; California's Proposition 65 Warning For California Residents Additional Documents",Dining,cat-dining,Aluminum,aluminum,,,,,,,fixed,,"28""x44""x44""","{""Color"":""MA"",""Frame Type"":""Cast Aluminum Knock-Down"",""Net Weight"":""45.1 lbs"",""Qty/Carton"":""1"",""Gross Weight"":""55.22 lbs"",""Shipping Dimension"":""46''""}","[""Designer""]",false,true,false,true,false,,0,0,true,2026-05-30 03:14:39.646706+00,2026-06-09 22:52:37.617+00,[],[],[],[],[],"[{""url"":""https://641bdd57-e650-4f10-a19f-628c07eb50b7-00-1e7i1aja8wnz9.worf.replit.dev/api/storage/objects/products/summerset/SQDTDR44.jpg"",""alt_text"":""44\"" Square Dining Table Designer"",""is_primary"":true,""display_order"":0,""image_kind"":""gallery"",""variant_id"":null},{""url"":""https://641bdd57-e650-4f10-a19f-628c07eb50b7-00-1e7i1aja8wnz9.worf.replit.dev/api/storage/objects/products/summerset/SQDTDR44_1.jpg"",""alt_text"":""44\"" Square Dining Table Designer"",""is_primary"":false,""display_order"":1,""image_kind"":""gallery"",""variant_id"":null}]",[]
Summerset,summerset,2794,SQDTDR64,"64"" Square Dining Table Designer",64-square-dining-table-designer-sm,"Description 64"" Square Dining Table Designer Dimensions & Weight Product Dimension 28""x64""x64"" Shipping Dimension 66'' x4'' x66'' Net Weight 86.9 lbs Gross Weight 99 lbs QTY/CTN 1 Specifications Color MA Frame Type Cast Aluminum Knock-Down Matching Cover TR94; with chairs Warranty Frames: 10 years; California's Proposition 65 Warning For California Residents Additional Documents

<ul>
  <li>Color: MA</li>
  <li>Frame Type: Cast Aluminum Knock-Down</li>
  <li>Matching Cover: TR94; with chairs</li>
  <li>Warranty: Frames: 10 years;</li>
</ul>","Description 64"" Square Dining Table Designer Dimensions & Weight Product Dimension 28""x64""x64"" Shipping Dimension 66'' x4'' x66'' Net Weight 86.9 lbs Gross Weight 99 lbs QTY/CTN 1 Specifications Color MA Frame Type Cast Aluminum Knock-Down Matching Cover TR94; with chairs Warranty Frames: 10 years; California's Proposition 65 Warning For California Residents Additional Documents",Dining,cat-dining,Aluminum,aluminum,,,,,,,fixed,,"28""x64""x64""","{""Color"":""MA"",""Frame Type"":""Cast Aluminum Knock-Down"",""Net Weight"":""86.9 lbs"",""Qty/Carton"":""1"",""Gross Weight"":""99 lbs"",""Shipping Dimension"":""66''""}","[""Designer""]",false,true,false,true,false,,0,0,true,2026-05-30 03:14:39.306237+00,2026-06-09 22:52:37.617+00,[],[],[],[],[],"[{""url"":""https://641bdd57-e650-4f10-a19f-628c07eb50b7-00-1e7i1aja8wnz9.worf.replit.dev/api/storage/objects/products/summerset/SQDTDR64.jpg"",""alt_text"":""64\"" Square Dining Table Designer"",""is_primary"":true,""display_order"":0,""image_kind"":""gallery"",""variant_id"":null},{""url"":""https://641bdd57-e650-4f10-a19f-628c07eb50b7-00-1e7i1aja8wnz9.worf.replit.dev/api/storage/objects/products/summerset/SQDTDR64_1.jpg"",""alt_text"":""64\"" Square Dining Table Designer"",""is_primary"":false,""display_order"":1,""image_kind"":""gallery"",""variant_id"":null}]",[]
Summerset,summerset,2817,SQDTWV36,"36"" Square Dining Table Weave",36-square-dining-table-weave-sm,"Description 36"" SQUARE DINING TABLE Weave Dimensions & Weight Product Dimension 36""x36""x29"" Shipping Dimension 39""x3""x38"" Net Weight 35 lbs Gross Weight 41 lbs QTY/CTN 1 Specifications Color MA Frame Type Cast Aluminum Knock-Down Matching Cover TR36; Cover doesn't reach ground Warranty Frames: 10 years; California's Proposition 65 Warning For California Residents Additional Documents

<ul>
  <li>Color: MA</li>
  <li>Frame Type: Cast Aluminum Knock-Down</li>
  <li>Matching Cover: TR36; Cover doesn't reach ground</li>
  <li>Warranty: Frames: 10 years;</li>
</ul>","Description 36"" SQUARE DINING TABLE Weave Dimensions & Weight Product Dimension 36""x36""x29"" Shipping Dimension 39""x3""x38"" Net Weight 35 lbs Gross Weight 41 lbs QTY/CTN 1 Specifications Color MA Frame Type Cast Aluminum Knock-Down Matching Cover TR36; Cover doesn't reach ground Warranty Frames: 10 years; California's Proposition 65 Warning For California Residents Additional Documents",Dining,cat-dining,Aluminum,aluminum,,,,,,,fixed,,"36""x36""x29""","{""Color"":""MA"",""Frame Type"":""Cast Aluminum Knock-Down"",""Net Weight"":""35 lbs"",""Qty/Carton"":""1"",""Gross Weight"":""41 lbs"",""Shipping Dimension"":""39\""x3\""x38\""""}","[""Stocking"",""Weave""]",false,true,false,true,false,,0,0,true,2026-05-30 03:14:52.821834+00,2026-06-09 22:52:37.617+00,[],[],[],[],[],"[{""url"":""https://641bdd57-e650-4f10-a19f-628c07eb50b7-00-1e7i1aja8wnz9.worf.replit.dev/api/storage/objects/products/summerset/SQDTWV36.jpg"",""alt_text"":""36\"" Square Dining Table Weave"",""is_primary"":true,""display_order"":0,""image_kind"":""gallery"",""variant_id"":null},{""url"":""https://641bdd57-e650-4f10-a19f-628c07eb50b7-00-1e7i1aja8wnz9.worf.replit.dev/api/storage/objects/products/summerset/SQDTWV36_1.jpg"",""alt_text"":""36\"" Square Dining Table Weave"",""is_primary"":false,""display_order"":1,""image_kind"":""gallery"",""variant_id"":null}]",[]
Summerset,summerset,2870,TTCAT,Aztec Curved Circular Accent Table With Storage,aztec-curved-circular-accent-table-with-storage-sm,"Description AZTEC CURVED CIRCULAR ACCENT TABLE Dimensions & Weight Product Dimension 25.5""x22""x31"" Shipping Dimension 26'' x28'' x31'' Net Weight 13.2 lbs Gross Weight 17.6 lbs QTY/CTN 1 Specifications Color CR Frame Type Wicker on Aluminum Frame Matching Cover E302; Warranty Frames: 10 years; Wicker: 5 years California's Proposition 65 Warning For California Residents Additional Documents ??

<ul>
  <li>Color: CR</li>
  <li>Frame Type: Wicker on Aluminum Frame</li>
  <li>Matching Cover: E302;</li>
  <li>Warranty: Frames: 10 years; Wicker: 5 years</li>
</ul>","Description AZTEC CURVED CIRCULAR ACCENT TABLE Dimensions & Weight Product Dimension 25.5""x22""x31"" Shipping Dimension 26'' x28'' x31'' Net Weight 13.2 lbs Gross Weight 17.6 lbs QTY/CTN 1 Specifications Color CR Frame Type Wicker on Aluminum Frame Matching Cover E302; Warranty Frames: 10 years; Wicker: 5 years California's Proposition 65 Warning For California Residents Additional Documents ??",Accent Pieces,cat-accent-pieces,Wicker,wicker,,,,,,,fixed,,"25.5""x22""x31""","{""Color"":""CR"",""Frame Type"":""Wicker on Aluminum Frame"",""Net Weight"":""13.2 lbs"",""Qty/Carton"":""1"",""Gross Weight"":""17.6 lbs"",""Shipping Dimension"":""26''""}","[""Aztec"",""Stocking""]",false,true,false,true,false,,0,0,true,2026-05-30 03:15:15.034492+00,2026-06-09 22:52:37.641+00,[],[],[],[],[],"[{""url"":""https://641bdd57-e650-4f10-a19f-628c07eb50b7-00-1e7i1aja8wnz9.worf.replit.dev/api/storage/objects/products/summerset/TTCAT.jpg"",""alt_text"":""Aztec Curved Circular Accent Table With Storage"",""is_primary"":true,""display_order"":0,""image_kind"":""gallery"",""variant_id"":null},{""url"":""https://641bdd57-e650-4f10-a19f-628c07eb50b7-00-1e7i1aja8wnz9.worf.replit.dev/api/storage/objects/products/summerset/TTCAT_1.jpg"",""alt_text"":""Aztec Curved Circular Accent Table With Storage"",""is_primary"":false,""display_order"":1,""image_kind"":""gallery"",""variant_id"":null},{""url"":""https://641bdd57-e650-4f10-a19f-628c07eb50b7-00-1e7i1aja8wnz9.worf.replit.dev/api/storage/objects/products/summerset/TTCAT_2.jpg"",""alt_text"":""Aztec Curved Circular Accent Table With Storage"",""is_primary"":false,""display_order"":2,""image_kind"":""gallery"",""variant_id"":null},{""url"":""https://641bdd57-e650-4f10-a19f-628c07eb50b7-00-1e7i1aja8wnz9.worf.replit.dev/api/storage/objects/products/summerset/TTCAT_3.jpg"",""alt_text"":""Aztec Curved Circular Accent Table With Storage"",""is_primary"":false,""display_order"":3,""image_kind"":""gallery"",""variant_id"":null}]",[]
Summerset,summerset,2696,TTDSCS,Aztec Curved Circular Sofa,aztec-curved-circular-sofa-sm,"Description Aztec Curved Circular Sofa (Frame only) Dimensions & Weight Product Dimension 34""x84""x30"" Arm Height 0 Seat Height 13"" Shipping Dimension 43'' x49'' x83'' Net Weight 94.7978 lbs Gross Weight 152.1174 lbs QTY/CTN 2 Specifications Color Chocolate Rosewood Frame Type Wicker/Aluminum Frame Fully Welded Cushion Purchase Separately Matching Cover C302; Warranty Frames: 10 years; Wicker: 5 years; Cushion 5 years California's Proposition 65 Warning For California Residents Additional Documen

<ul>
  <li>Color: Chocolate Rosewood</li>
  <li>Frame Type: Wicker/Aluminum Frame Fully Welded</li>
  <li>Matching Cover: C302;</li>
  <li>Warranty: Frames: 10 years; Wicker: 5 years; Cushion 5 years</li>
</ul>","Description Aztec Curved Circular Sofa (Frame only) Dimensions & Weight Product Dimension 34""x84""x30"" Arm Height 0 Seat Height 13"" Shipping Dimension 43'' x49'' x83'' Net Weight 94.7978 lbs Gross Weight 152.1174 lbs QTY/CTN 2 Specifications Color Chocolate Rosewood Frame Type Wicker/Aluminum Frame Fully Welded Cushion Purchase Separately Matching Cover C302; Warranty Frames: 10 years; Wicker: 5 years; Cushion 5 years California's Proposition 65 Warning For California Residents Additional Documen",Deep Seating,cat-deep-seating,Wicker,wicker,,,,,,,fixed,,"34""x84""x30""","{""Color"":""Chocolate Rosewood"",""Cushion"":""Purchase Separately"",""Frame Type"":""Wicker/Aluminum Frame Fully Welded"",""Net Weight"":""94.7978 lbs"",""Qty/Carton"":""2"",""Gross Weight"":""152.1174 lbs"",""Shipping Dimension"":""43''""}","[""2_pack"",""Aztec"",""Deep Seat"",""Stocking""]",false,true,false,true,false,,0,0,true,2026-05-30 03:14:04.400691+00,2026-06-09 22:52:37.631+00,[],[],[],[],[],"[{""url"":""https://641bdd57-e650-4f10-a19f-628c07eb50b7-00-1e7i1aja8wnz9.worf.replit.dev/api/storage/objects/products/summerset/TTDSCS.jpg"",""alt_text"":""Aztec Curved Circular Sofa"",""is_primary"":true,""display_order"":0,""image_kind"":""gallery"",""variant_id"":null},{""url"":""https://641bdd57-e650-4f10-a19f-628c07eb50b7-00-1e7i1aja8wnz9.worf.replit.dev/api/storage/objects/products/summerset/TTDSCS_1.jpg"",""alt_text"":""Aztec Curved Circular Sofa"",""is_primary"":false,""display_order"":1,""image_kind"":""gallery"",""variant_id"":null},{""url"":""https://641bdd57-e650-4f10-a19f-628c07eb50b7-00-1e7i1aja8wnz9.worf.replit.dev/api/storage/objects/products/summerset/TTDSCS_2.jpg"",""alt_text"":""Aztec Curved Circular Sofa"",""is_primary"":false,""display_order"":2,""image_kind"":""gallery"",""variant_id"":null},{""url"":""https://641bdd57-e650-4f10-a19f-628c07eb50b7-00-1e7i1aja8wnz9.worf.replit.dev/api/storage/objects/products/summerset/TTDSCS_3.jpg"",""alt_text"":""Aztec Curved Circular Sofa"",""is_primary"":false,""display_order"":3,""image_kind"":""gallery"",""variant_id"":null}]",[]